index,item_id,code,name,desc,i0,i1,i2,i3,i4,i5,i6,i7,i8,i9,i10,i11,i12
0,110001,blade_A0001,スティンガー,カッター型のブレード,2,4,8,2,1,0,0,0,102,20001,0,1,522222
1,119001,blade_A0001,限界突破スティンガー,幻の改造スティンガー。潜在能力を無理に引き出している為、4年生以上でないと扱えない。,2,4,8,2,1,0,0,0,102,20001,0,1,522222
2,119009,blade_A0001,スティンガー,カッター型のブレード,2,4,8,2,1,0,0,0,102,20001,0,1,522222
3,110002,blade_A0002,バロソード,長さを測るのに便利な機能を持つブレード,2,4,8,2,1,0,0,0,104,20002,0,1,522222
4,912001,blade_A0003,めがとんはんまー,スロット1,2,4,8,2,1,1,0,0,101,20004,10,1,10005
5,912002,blade_A0003,めがとんはんまー,スロット2,2,4,8,2,1,2,0,0,101,20004,20,2,10005
6,912003,blade_A0003,めがとんはんまー,スロット3,2,4,8,2,1,3,0,0,101,20004,30,3,10005
7,912004,blade_A0003,めがとんはんまー,スロット4,2,4,8,2,1,4,0,0,101,20004,40,4,10005
8,912005,blade_A0003,めがとんはんまー,スロット5,2,4,8,2,1,5,0,0,101,20004,50,5,10005
9,110003,blade_A0003,めがとんはんまー,やや小型だが威力充分のハンマー。インパクトの瞬間に質量が打点に集中する構造のため、片手で扱える重さだが大きなダメージを与えられる,2,4,8,2,1,0,0,0,101,20004,0,1,522222
10,119006,blade_A0003,イベントめがとんはんまー,やや小型だが威力充分のハンマー。インパクトの瞬間に質量が打点に集中する構造のため、片手で扱える重さだが大きなダメージを与えられる,2,5,8,2,1,0,0,0,101,20004,0,1,522222
11,110004,blade_A0004,レイピア＝ヴァイン,長く尖った剣身を持つブレード。剣身とガード部分にツタが巻き付いている,2,4,8,2,1,0,0,0,104,20006,0,1,522222
12,110005,blade_A0005,リングダガー,こぶし大のリングが剣頭に付いているためリングダガーと呼ばれるようになった。リングのため隠しにくく、短剣としてはあまり役に立たない,2,4,8,2,1,0,0,0,0,0,0,1,522222
13,110006,blade_A0006,木刀,不良モードの必需品。釘バットとともに二大不良武器と呼ばれる。実用性よりも、見た目の怖さが効果的,2,4,8,2,1,0,0,0,104,20008,0,1,522222
14,110007,blade_A0007,釘バット,木刀とともに二大不良武器で、不良モードの必需品。凶悪な形をしていて、使う方もたまに怖くなることがある,2,4,8,2,1,0,0,0,101,20009,0,1,522222
15,110008,blade_A0008,フライPANG☆,とても大きなフライパン。元々、ダチョウの卵を焼くために作られたというウワサがある,2,4,8,2,1,0,0,0,101,20030,0,1,522222
16,110009,blade_A0009,イブニングスター,一日のうち、夕方に一番強くなると言ううわさがある武器。実際に使ってみると、うわさにはあまり信憑性がないように感じる,2,4,8,2,1,0,0,0,101,20011,0,1,522222
17,110010,blade_A0010,包丁,りんごを剥いたり刺身を作る時に使われる。モンスターを料理するために作られた武器と言う者もいるが、今までモンスター料理は出たことがない,2,4,8,2,1,0,0,0,0,0,0,1,522222
18,110011,blade_A0011,ソニックブレード,チェーンソーの原理で高速回転する刃が付いたブレード,2,4,8,2,1,0,0,0,104,20015,0,1,522222
19,119002,blade_A0011,トニックブレード,ソニックブレードの偽物。豪快なバーテンダーがカクテルを混ぜるのに使っていたという。出力が弱い為、1年生でも扱うことができる。,2,4,8,2,1,0,0,0,104,20015,0,1,522222
20,110012,blade_A0012,マジカルストンパー,玩具のような外見だが、実はかなりの威力を誇る。油断して殴られた相手はそのダメージにビックリ！,2,4,8,2,1,0,0,0,101,20032,0,1,522222
21,119022,blade_A0012,飛頭蛮はんまー,昼間は人間だが、夜は首が胴体から飛び立つという妖怪「飛頭蛮」を捕獲した武器。スキル使用時に飛び立ってしまわないよう注意しよう！,2,4,8,2,1,0,0,0,101,20032,0,1,522222
22,110013,blade_A0013,ジャガーノートハンマー,無骨で凶悪に重いハンマー。見ているだけでもダメージを受けるような気がするほどだ。この武器を持った相手と決闘するのは絶対に避けよう,2,4,8,2,1,0,0,0,102,20018,0,1,522222
23,119004,blade_A0013,お試しハンマー,ジャガーノートハンマーにそっくりだが、本物よりも軽い金属で出来ているため、2年生でも扱うことができる。,2,4,8,2,1,0,0,0,102,20018,0,1,522222
24,110014,blade_A0014,アサシンサンダー,暗殺者が愛用する武器。柄のゴム部分を除いてブレード全体に電気が流れていて、触れるだけで致命的なダメージを受ける,2,4,8,2,1,0,0,0,0,0,0,1,522222
25,110015,blade_A0015,サンダーセイバー,柄の充電池から流れるエネルギーを集束させた刀身を持つ光線剣。振り回す度に聞こえる音がかっこいい,2,4,8,2,1,0,0,0,104,20021,0,1,522222
26,119011,blade_A0015,サンダーセイバー,柄の充電池から流れるエネルギーを集束させた刀身を持つ光線剣。振り回す度に聞こえる音がかっこいい,2,4,8,2,1,0,0,0,104,20021,0,1,522222
27,110016,blade_A0016,カタナ,日本古来のブレードで、サムライの象徴。刃が非常に鋭いので、取り扱いには注意が必要,2,4,8,2,1,0,0,0,104,20023,0,1,522222
28,110017,blade_A0017,アスラブレード,鬼神が封じ込められているというブレード。鬼神にも勝る度胸がある者だけが使うことが出来る。使いこなせれば、その威力は恐るべきものだという…,2,4,8,2,1,0,0,0,0,0,0,1,522222
29,110018,blade_A0018,教頭スレイヤー,極秘で6年生にだけ受け継がれ続ける、伝説のブレード。このブレードを手にした者は、教頭にさえ勝てる力を持つようになるそうだ,2,4,8,2,1,0,0,0,102,20036,0,1,522222
30,110019,blade_A0019,スクリュードライバー,ねじのような形のプラスドライバー,2,4,8,2,1,0,0,0,104,20016,0,1,522222
31,119003,blade_A0019,ペーパードライバー,ペーパークラフトで出来ているスクリュードライバー。当然ながら本物より弱い。無事故を続けるとゴールドになるかも？,2,4,8,2,1,0,0,0,104,20016,0,1,522222
32,119010,blade_A0019,ペーパードライバー,ペーパークラフトで出来ているスクリュードライバー。当然ながら本物より弱い。無事故を続けるとゴールドになるかも？,2,4,8,2,1,0,0,0,104,20016,0,1,522222
33,110020,blade_A0020,ヴァーミリオンエッジ,真紅の宝石がガード部分に付いているブレード。宝石が光を発する時、より強くなるという,2,4,8,2,1,0,0,0,102,20034,0,1,522222
34,110021,blade_A0021,ブリンガー,大きい鎌のような形のブレード,2,4,8,2,1,0,0,0,102,20028,0,1,522222
35,119005,blade_A0021,プリンガー,ブリンガーの偽物。3年生でも装備できるが攻撃力は低い。お菓子を作る時、かき混ぜ器として使うと意外と便利？,2,4,8,2,1,0,0,0,102,20028,0,1,522222
36,119021,blade_A0021,鎌鼬,妖怪「鎌鼬」が化けたブレード。鎌鼬は、一体目が人を倒し、二体目が傷をつけ、三体目が、その傷を治すといわれている。,2,4,8,2,1,0,0,0,102,20028,0,1,522222
37,110022,blade_A0022,シーウィード,海の妖精が使うという金色の粉で作られたブレード,2,4,8,2,1,0,0,0,102,20029,0,1,522222
38,110023,blade_A0023,ライトブレイカー,蛍光灯をベースとして作られたブレード。簡単には割れないように強化されているので安心して戦える,2,4,8,2,1,0,0,0,102,20033,0,1,522222
39,110024,blade_A0024,スティンガーブレイズ,スティンガーをベースに、より高性能に改良されたブレード,2,4,8,2,1,0,0,0,102,20035,0,1,522222
40,911001,blade_A1001,スティンガー・ANNA,スロット1,2,4,8,2,1,1,0,0,102,20001,10,1,11005
41,911002,blade_A1001,スティンガー・ANNA,スロット2,2,4,8,2,1,2,0,0,102,20001,20,2,11005
42,911003,blade_A1001,スティンガー・ANNA,スロット3,2,4,8,2,1,3,0,0,102,20001,30,3,11005
43,911004,blade_A1001,スティンガー・ANNA,スロット4,2,4,8,2,1,4,0,0,102,20001,40,4,11005
44,911005,blade_A1001,スティンガー・ANNA,スロット5,2,4,8,2,1,5,0,0,102,20001,50,5,11005
45,111001,blade_A1001,スティンガー・ANNA,可愛らしいピンク色で、SDアンナのイラスト入りのスティンガー。いつでもどこでもアンナと一緒！,2,4,8,2,1,0,0,0,102,20001,0,1,522222
46,111002,blade_A1002,バロソードＭ,"計測道具として、プロも納得の精度を誇るバロソード。その長さは、1秒の1/299,792,458に光が真空中を伝わる距離と、正確に一致するらしい",2,4,8,2,1,0,0,0,104,20002,0,1,522222
47,119008,blade_A1002,블러디 바로 소드 YT,거리를 재는데 탁월한 기능을 가지고 있는 블레이드. 주로 초급학년들에게 적당하다.<br>이것은 요구르팅 1주년 기념 선물이라고 한다.,2,4,8,2,1,0,0,0,104,20002,0,1,522222
48,119013,blade_A1002,バロソードＭ,"計測道具として、プロも納得の精度を誇るバロソード。その長さは、1秒の1/299,792,458に光が真空中を伝わる距離と、正確に一致するらしい",2,4,8,2,1,0,0,0,104,20002,0,1,522222
49,111004,blade_A1004,レイピア＝ローズ,長く尖った剣身を持つブレード。鋭い棘を持つ薔薇のように、その剣身は艶やかに紅く染まっている,2,4,8,2,1,0,0,0,104,20006,0,1,522222
50,119014,blade_A1004,レイピア＝ローズ,長く尖った剣身を持つブレード。鋭い棘を持つ薔薇のように、その剣身は艶やかに紅く染まっている,2,4,8,2,1,0,0,0,104,20006,0,1,522222
51,119019,blade_A1004,レイピア＝ヴァンパイア,不老不死のヴァンパイアが乙女の血を浴びるために使った凶器だという。元の持ち主の魂が宿っているのか、巻きついたツタは獲物を求めて蠢いている。,2,4,8,2,1,0,0,0,104,20006,0,1,522222
52,910001,blade_A1006,赤檀木刀,スロット1,2,4,8,2,1,1,0,0,104,20008,10,1,10005
53,910002,blade_A1006,赤檀木刀,スロット2,2,4,8,2,1,2,0,0,104,20008,20,2,10005
54,910003,blade_A1006,赤檀木刀,スロット3,2,4,8,2,1,3,0,0,104,20008,30,3,10005
55,910004,blade_A1006,赤檀木刀,スロット4,2,4,8,2,1,4,0,0,104,20008,40,4,10005
56,910005,blade_A1006,赤檀木刀,スロット5,2,4,8,2,1,5,0,0,104,20008,50,5,10005
57,111006,blade_A1006,赤檀木刀,幻の木材として古くから伝わる赤檀で作られた木刀。普通の木刀とは違った「風格」があるので、番長を名乗るなら絶対オススメの一本！,2,4,8,2,1,0,0,0,104,20008,0,1,522222
58,119007,blade_A1006,실전 목도 YT,불량 모드의 필수품. 못박힌 배트와 함께 2대 불량 무기라 불리운다. 일반 목도보다는 실전용이라 할 수 있다.<br>이것은 요구르팅 1주년 기념 선물이라고 한다.,2,4,8,2,1,0,0,0,104,20008,0,1,522222
59,119012,blade_A1006,赤檀木刀,幻の木材として古くから伝わる赤檀で作られた木刀。普通の木刀とは違った「風格」があるので、番長を名乗るなら絶対オススメの一本！,2,4,8,2,1,0,0,0,104,20008,0,1,522222
60,119018,blade_A1006,妖樹木刀,妖怪「人面樹」が材料の木刀。呪われており、使い続けると持ち主を人面樹に変えてしまうという。気にならない人は、圧倒的な呪いのパワーを堪能しよう。,2,4,8,2,1,0,0,0,104,20008,0,1,522222
61,111011,blade_A1011,ソニックブレード・親方,材木の伐採場や建築現場の作業者から絶大な支持を得ている、切断用機械。武器としても、通常のソニックブレードと同等の威力を誇る,2,4,8,2,1,0,0,0,104,20015,0,1,522222
62,119015,blade_A1011,ソニックブレード・親方,材木の伐採場や建築現場の作業者から絶大な支持を得ている、切断用機械。武器としても、通常のソニックブレードと同等の威力を誇る,2,4,8,2,1,0,0,0,104,20015,0,1,522222
63,111013,blade_A1013,ギガンティックハンマー,ジャガーノートハンマーを持った相手と決闘するために作られた武器。この武器を手にした日から、ジャガーノートハンマーの使い手と戦わなければならない宿命を持つようになる,2,4,8,2,1,0,0,0,102,20018,0,1,522222
64,119017,blade_A1013,ギガンティックハンマー,ジャガーノートハンマーを持った相手と決闘するために作られた武器。この武器を手にした日から、ジャガーノートハンマーの使い手と戦わなければならない宿命を持つようになる,2,4,8,2,1,0,0,0,102,20018,0,1,522222
65,111015,blade_A1015,ダークセイバー,サンダーセイバーの使い手が強い意志で悪の道を選んだ時、その刀身は闇の色に染まりダークセイバーへと変化するというが、電池を交換すると普通のサンダーセイバーに戻るという噂もある,2,4,8,2,1,0,0,0,104,20021,0,1,522222
66,119020,blade_A1015,雷獣針,落雷と共に現れるといわれる妖怪「雷獣」の雷を受けて強力になったダークセイバー。スキル使用時は、落雷注意を呼びかけよう。,2,4,8,2,1,0,0,0,104,20021,0,1,522222
67,111016,blade_A1016,カタナ・無銘,日本古来のブレード。サムライの象徴として美術品のように扱われた時代のものではなく、戦国時代の名も無き兵が使っていた無銘の業物。使い込まれて刀身の色が朱に染まっている,2,4,8,2,1,0,0,0,104,20023,0,1,522222
68,119016,blade_A1016,カタナ・無銘,日本古来のブレード。サムライの象徴として美術品のように扱われた時代のものではなく、戦国時代の名も無き兵が使っていた無銘の業物。使い込まれて刀身の色が朱に染まっている,2,4,8,2,1,0,0,0,104,20023,0,1,522222
69,111019,blade_A1019,クロスヘッドドライバー,先端の十字型の部分が特殊合金製になっているスクリュードライバー。ネジ穴が潰れてしまったネジも締めたり緩めたり出来るように作られている,2,4,8,2,1,0,0,0,104,20016,0,1,522222
70,111021,blade_A1021,パニッシャー,ブリンガーの原型となった武器。元来モンスター退治用ではなく、罪人の処刑のために使われていたという,2,4,8,2,1,0,0,0,102,20028,0,1,522222
71,111022,blade_A1022,ディープシーウィード,深い海の底に住む妖精が作ったというブレード。きらめくような青い刀身をしているが、これを作った妖精自身は光の差さない海底にいるため、決してそれを知ることはない,2,4,8,2,1,0,0,0,102,20029,0,1,522222
72,120001,glorb_A0001,有備無患,堅い金属製のグローブ。固い地面や壁に打ちつけると火花を散らし、炎の拳となる,3,4,8,1,2,0,0,0,302,40001,0,1,522222
73,120002,glorb_A0002,浩然之気,手甲のレンズが青く輝くグローブ。輝く気の弾を飛ばす必殺技が使える,3,4,8,1,2,0,0,0,302,40002,0,1,522222
74,129001,glorb_A0002,超・浩然之気,"浩然之気の出力が限界を超えた物。その光は神仙の如き輝きを放つが、素材への負担も大きい。4年生以上しか装備できない。
",3,4,8,1,2,0,0,0,302,40002,0,1,522222
75,129009,glorb_A0002,浩然之気,手甲のレンズが青く輝くグローブ。輝く気の弾を飛ばす必殺技が使える,3,4,8,1,2,0,0,0,302,40030,0,1,522222
76,120003,glorb_A0003,ザリンゴビフィスト,何度も修繕された、つぎはぎだらけのグローブ。ハングリー精神が込められている,3,4,8,1,2,0,0,0,302,40003,0,1,522222
77,120004,glorb_A0004,竹馬故友クロー,青竹のような感じのグローブ,3,4,8,1,2,0,0,0,0,40003,0,1,522222
78,120005,glorb_A0005,レインボーフィスト,技を放つ度に、虹色の軌跡が描かれることからレインボーフィストと呼ばれるようになった。必殺技を使う度に虹が現れるので、学園祭の時よく使われる,3,4,8,1,2,0,0,0,302,40006,0,1,522222
79,129004,glorb_A0005,レインポーフィスト,レインボーフィストの偽物。使っているとすぐ壊れるが、威力が弱い分、低学年でも使用可能。,3,4,8,1,2,0,0,0,302,40006,0,1,522222
80,120006,glorb_A0006,マキシマガントレット,かなり重いグローブだが、使いこなせれば凄まじい威力を発揮する,3,4,8,1,2,0,0,0,304,40032,0,1,522222
81,120007,glorb_A0007,ギャンブルハンド,手の甲にスペードのエースが彫刻されているグローブ。必殺技を使うとカードが現れる,3,4,8,1,2,0,0,0,301,40009,0,1,522222
82,120008,glorb_A0008,バトルクロー,古代、主に大規模な戦闘で使われたという伝説があるグローブ。現在はモンスター退治用に改造されているが、その異様な迫力は健在,3,4,8,1,2,0,0,0,303,40010,0,1,522222
83,129006,glorb_A0008,イベントバトルクロー,古代、主に大規模な戦闘で使われたという伝説があるグローブ。現在はモンスター退治用に改造されているが、その異様な迫力は健在,3,5,8,1,2,0,0,0,303,40010,0,1,522222
84,120009,glorb_A0009,天方地軸,こんな奇天烈なデザインのグローブを使う者の気が知れない。しかしこのグローブを使った生徒たちは、みんな口をそろえて誉めまくる,3,4,8,1,2,0,0,0,302,40011,0,1,522222
85,120010,glorb_A0010,ブレードハンド,グローブというよりはブレードに近い武器。両腕に装着すると、まるで二刀流で戦っている気分。速攻戦に適している,3,4,8,1,2,0,0,0,303,40012,0,1,522222
86,120011,glorb_A0011,バイティングギア,怪獣が口を開けているようなデザインのグローブ。手先に生えた鋭い角が、この武器の威力を物語っている,3,4,8,1,2,0,0,0,303,40013,0,1,522222
87,129022,glorb_A0011,オーガトゥースギア,妖怪「鬼」が使用者を襲うために化けたグローブ。戦い続けて鬼の食欲を満たしてやれば食われずに済む。鬼が一口で物を食らう勢いを例えて「鬼一口」という。,3,4,8,1,2,0,0,0,303,40013,0,1,522222
88,120012,glorb_A0012,ギガンティックギア,最も重いグローブ。古代の巨人族が使ったというグローブを、生徒用に改造した武器だ。使いこなすのは難しいが、一旦慣れればもう怖いものなしだ,0,4,0,0,0,0,0,0,0,0,0,1,522222
89,120013,glorb_A0013,フェニックスナックル,不死鳥の羽毛で作ったというグローブ,3,4,8,1,2,0,0,0,302,40016,0,1,522222
90,129011,glorb_A0013,フェニックスナックル,不死鳥の羽毛で作ったというグローブ,3,4,8,1,2,0,0,0,302,40016,0,1,522222
91,120014,glorb_A0014,快刀乱麻,速度において最高の武器。ただ速度を重視するあまり、威力がそれほどない,3,4,8,1,2,0,0,0,302,40018,0,1,522222
92,129005,glorb_A0014,怪盗乱麻,どこからともなく現れ、レアアイテムを盗むという怪盗が、犯行現場に本物とすりかえて残していった偽物。3年生でも装備できる。,3,4,8,1,2,0,0,0,302,40018,0,1,522222
93,120015,glorb_A0015,ヴァイパーナックル,蛇の皮で作った後、その表面に蛇毒を塗って完成させたグローブ。打撃を受けた相手は必ずひどい中毒状態に陥るため、現在は販売も使用も禁止されている,3,4,8,1,2,0,0,0,301,40021,0,1,522222
94,129002,glorb_A0015,バイパーナックル,ヴァイパーナックルの未完成品。毒の塗布が完全でないため 1年生でも扱うことが出来る。,3,4,8,1,2,0,0,0,301,40021,0,1,522222
95,120016,glorb_A0016,イーグルクロー,鷹のカギ爪に似せて作られたグローブ。打撃よりも、引き裂くような攻撃向きにデザインされている,3,4,8,1,2,0,0,0,303,40023,0,1,522222
96,120017,glorb_A0017,タウロスギア,山をも砕くという伝説のグローブ。無骨で豪快な形を見ていると、不可能ではないような気がしてくる,3,4,8,1,2,0,0,0,304,40033,0,1,522222
97,120018,glorb_A0018,アルティメットギア,言葉とおり究極のグローブ。グローブ自らが自分の使い手を決めるという,3,4,8,1,2,0,0,0,304,40034,0,1,522222
98,120019,glorb_A0019,フェノメーターギア,手の甲に計器盤がついたこのグローブは、探査用に製作された,3,4,8,1,2,0,0,0,301,40014,0,1,522222
99,120020,glorb_A0020,デュアルガントレット,大きなボーリング玉を手にはめたような外見は、見るからに驚異的だ,0,4,0,0,0,0,0,0,0,0,0,1,522222
100,120021,glorb_A0021,ジョーのバンテージ,伝説の格闘王ジョーが拳に巻いていたという包帯,3,4,8,1,2,0,0,0,301,40028,0,1,522222
101,129003,glorb_A0021,練習用バンテージ,長さ2.5m以下のバンテージ。しっかり拳を守って修練に励もう。 1年生でも着用可能。,3,4,8,1,2,0,0,0,301,40028,0,1,522222
102,129010,glorb_A0021,ジョーのバンテージ,伝説の格闘王ジョーが拳に巻いていたという包帯,3,4,8,1,2,0,0,0,301,40028,0,1,522222
103,129019,glorb_A0021,一反木綿バンテージ,付喪神の一種で、布が妖怪になった「一反木綿」がバンテージと化したもの。一反＝約11メートルで、通常のバンテージより長いため上級生向けである。,3,4,8,1,2,0,0,0,301,40028,0,1,522222
104,120022,glorb_A0022,ライアットギア,怒りや悲しみなどの「負の感情」を力に変えるというグローブ。戦った後はさわやかな気持ちになれるらしい,3,4,8,1,2,0,0,0,304,40031,0,1,522222
105,121001,glorb_A1001,無備有患,「有備無患」の初期バージョン。名前に反し、関係者の不注意で欠陥があるまま販売され、後に回収された。そのため皮肉を込めて「備え無ければ患有り」と呼ばれている,3,4,8,1,2,0,0,0,302,40001,0,1,522222
106,129007,glorb_A1001,무비유환 글로브 YT,단단한 금속 재질의 글로브.<br>이것은 요구르팅 1주년 기념 선물이라고 한다.,3,4,8,1,2,0,0,0,302,40001,0,1,522222
107,129012,glorb_A1001,有備無患,堅い金属製のグローブ。固い地面や壁に打ちつけると火花を散らし、炎の拳となる,3,4,8,1,2,0,0,0,302,40001,0,1,522222
108,129018,glorb_A1001,大蝦蟇グローブ,人や動物を誘う気を放って獲物を呼び寄せるという、妖怪「大蝦蟇」の皮が材料のグローブ。べとべとする上、人を誘い出す気を発している厄介な代物。,3,4,8,1,2,0,0,0,302,40001,0,1,522222
109,121002,glorb_A1002,浩然之心,手甲のレンズが青く輝くグローブ。天地神明に恥じることのない心の持ち主だけが、その真の能力を発揮できるといわれている,3,4,8,1,2,0,0,0,302,40002,0,1,522222
110,121003,glorb_A1003,窮極ザリンゴビフィスト,持ち主を窮地に追い込むというグローブ。生きて勝利をつかむか栄養失調で倒れるか、まさに背水の陣。心を鍛えるのに最高,3,4,8,1,2,0,0,0,302,40003,0,1,522222
111,129008,glorb_A1003,The 자린고비 피스트 YT,빼빼 마른 글로브.<br>이것은 요구르팅 1주년 기념 선물이라고 한다.,3,4,8,1,2,0,0,0,302,40003,0,1,522222
112,129013,glorb_A1003,窮極ザリンゴビフィスト,持ち主を窮地に追い込むというグローブ。生きて勝利をつかむか栄養失調で倒れるか、まさに背水の陣。心を鍛えるのに最高,3,4,8,1,2,0,0,0,302,40003,0,1,522222
113,121005,glorb_A1005,バイオレットフィスト,レインボーフィストの改良版。技を放つ度に描かれる虹の紫色が、さらに美しく発色されるようになったという。使い手は、なぜかよく日焼けしていることが多い,3,4,8,1,2,0,0,0,302,40006,0,1,522222
114,129017,glorb_A1005,バイオレットフィスト,レインボーフィストの改良版。技を放つ度に描かれる虹の紫色が、さらに美しく発色されるようになったという。使い手は、なぜかよく日焼けしていることが多い,3,4,8,1,2,0,0,0,302,40006,0,1,522222
115,129020,glorb_A1005,八咫烏,神の使いともいわれる、三本の足を持つ妖怪「八咫烏」の翼を使用したグローブ。正確な道筋を指して羽ばたくため方向音痴の人でも安心。,3,4,8,1,2,0,0,0,302,40006,0,1,522222
116,121007,glorb_A1007,ブラックジャック,ここ一番の勝負の際、最高のカードか最悪のカードを50%ずつの確率で引き当てるというこのグローブは、多くのギャンブラーの憧れであり、同時に恐れられている,3,4,8,1,2,0,0,0,301,40009,0,1,522222
117,129014,glorb_A1007,ブラックジャック,ここ一番の勝負の際、最高のカードか最悪のカードを50%ずつの確率で引き当てるというこのグローブは、多くのギャンブラーの憧れであり、同時に恐れられている,3,4,8,1,2,0,0,0,301,40009,0,1,522222
118,921001,glorb_A1009,天真爛漫,スロット1,3,4,8,1,2,1,0,0,302,40011,10,1,21005
119,921002,glorb_A1009,天真爛漫,スロット2,3,4,8,1,2,2,0,0,302,40011,20,2,21005
120,921003,glorb_A1009,天真爛漫,スロット3,3,4,8,1,2,3,0,0,302,40011,30,3,21005
121,921004,glorb_A1009,天真爛漫,スロット4,3,4,8,1,2,4,0,0,302,40011,40,4,21005
122,921005,glorb_A1009,天真爛漫,スロット5,3,4,8,1,2,5,0,0,302,40011,50,5,21005
123,121009,glorb_A1009,天真爛漫,芸術を紙一重上回っているデザインのグローブ。見慣れると意外とカワイイと評判。子供かチンパンジーが気の向くままに描いた絵がデザインされているという噂がある,3,4,8,1,2,0,0,0,302,40011,0,1,522222
124,129021,glorb_A1009,妖画百景,妖怪画家が着色したことで妖気を放つようになったグローブ。見つめ続けると100体の妖怪が浮かんで見える3Dアート仕様。1時間おきに15分の休憩が必要？,3,4,8,1,2,0,0,0,302,40011,0,1,522222
125,121013,glorb_A1013,ヘヴンリーフェニックス,千回の死と再生を繰り返し、天界へと昇華した不死鳥が最後に残していった羽毛で作ったというグローブ,3,4,8,1,2,0,0,0,302,40016,0,1,522222
126,121014,glorb_A1014,怪力乱神,「技の快刀乱麻、力の怪力乱神」と並び称される。悪の組織が「快刀乱麻」を模して作った武器だが、清く正しく強い心の持ち主が使えば真の力を発揮すると言われる,3,4,8,1,2,0,0,0,302,40018,0,1,522222
127,121015,glorb_A1015,ヴェノムナックル,蛇の皮で作った後、その表面に特殊調合の蛇毒を塗って完成させたグローブ。打撃を受けた相手は激しい中毒状態に陥り苦しみ続ける。長時間装備していると、使用者自身も…,3,4,8,1,2,0,0,0,301,40021,0,1,522222
128,129015,glorb_A1015,ヴェノムナックル,蛇の皮で作った後、その表面に特殊調合の蛇毒を塗って完成させたグローブ。打撃を受けた相手は激しい中毒状態に陥り苦しみ続ける。長時間装備していると、使用者自身も…,3,4,8,1,2,0,0,0,301,40021,0,1,522222
129,121019,glorb_A1019,フェノメーター・プロト,探査用に製作されたフェノメーターギアのプロトタイプ。量産されたフェノメーターギアには無い機能があるが、戦闘用の性能は既に完成されている,3,4,8,1,2,0,0,0,301,40014,0,1,522222
130,129016,glorb_A1019,フェノメーター・プロト,探査用に製作されたフェノメーターギアのプロトタイプ。量産されたフェノメーターギアには無い機能があるが、戦闘用の性能は既に完成されている,3,4,8,1,2,0,0,0,301,40014,0,1,522222
131,920001,glorb_A1021,ジョーのバンテージ血涙,スロット1,3,4,8,1,2,1,0,0,301,40028,10,1,20005
132,920002,glorb_A1021,ジョーのバンテージ血涙,スロット2,3,4,8,1,2,2,0,0,301,40028,20,2,20005
133,920003,glorb_A1021,ジョーのバンテージ血涙,スロット3,3,4,8,1,2,3,0,0,301,40028,30,3,20005
134,920004,glorb_A1021,ジョーのバンテージ血涙,スロット4,3,4,8,1,2,4,0,0,301,40028,40,4,20005
135,920005,glorb_A1021,ジョーのバンテージ血涙,スロット5,3,4,8,1,2,5,0,0,301,40028,50,5,20005
136,121021,glorb_A1021,ジョーのバンテージ血涙,伝説の格闘王ジョーが拳に巻いていたという使い古しの包帯。ジョーの流した血と汗と涙が染み込んでいる,3,4,8,1,2,0,0,0,301,40028,0,1,522222
137,130001,mura_A0001,ドローン,金管楽器の形をしたミューラ,4,4,1,2,3,0,0,0,501,60001,0,1,522222
138,130002,mura_A0002,シャーマンボンゴ,外側が大きくなった形で、尖った羽毛が突き出ている,4,4,1,2,3,0,0,0,505,60003,0,1,522222
139,139002,mura_A0002,ジャーマンボンゴ,シャーマンボンゴのあからさまな偽物だが、1年生でも装備可能なため、偽物なりに意外と役に立つ。,4,4,1,2,3,0,0,0,505,60003,0,1,522222
140,130003,mura_A0003,トランパワー,四方がぼろぼろに壊れているトランペットのイメージ,4,4,1,2,3,0,0,0,0,0,0,1,522222
141,130004,mura_A0004,The DJ,ターンテーブルのついた、巨大な虹色のアフロヅラ,4,4,1,2,3,0,0,0,505,60006,0,1,522222
142,139003,mura_A0004,The DJ βedit,低学年でも使えるようにと開発された入門用アフロヅラ。ターンテーブル以外にも、最新4chミキサーなどを搭載。1年生でも装備可能。,4,4,1,2,3,0,0,0,505,60006,0,1,522222
143,139010,mura_A0004,The DJ,ターンテーブルのついた、巨大な虹色のアフロヅラ,4,4,1,2,3,0,0,0,505,60006,0,1,522222
144,130005,mura_A0005,フラッフィ,銀色がかった色で長く伸びた形のミューラ。その音があまりにも美しいため、周りの人々も仕事の手を止めて音楽に聞き惚れると言う,4,4,1,2,3,0,0,0,501,60029,0,1,522222
145,139004,mura_A0005,フラッヒィ,どう聞いても空気が抜けているような劣化フラッフィ。2年生以上が装備できるよう調整されている。,4,4,1,2,3,0,0,0,501,60029,0,1,522222
146,130006,mura_A0006,パンフルート,使い方が簡単で、軽いため、多くの人々が愛用するミューラ。リコリング専用音楽大会もたまに開かれたりする,4,4,1,2,3,0,0,0,501,60030,0,1,522222
147,130007,mura_A0007,シンバリン,非常にうるさい音を出すミューラ。しかし他のミューラと一緒に使うと美しい音色となる。合奏をする時によく使われる,4,4,1,2,3,0,0,0,501,60031,0,1,522222
148,130008,mura_A0008,バイオリーノ,静かな単音から激情的な和音まで奏でられるミューラ。さまざまな音を同時に出せるが、使いこなすには地道な練習の積み重ねが必要,4,4,1,2,3,0,0,0,501,60032,0,1,522222
149,130009,mura_A0009,ピアニオ,鍵盤のように見え、押すと実際に音が出るミューラ。古くからあるが未だに構造上不明な部分があり、学者たちの関心を集めている,4,4,1,2,3,0,0,0,501,60011,0,1,522222
150,139006,mura_A0009,イベントピアニオ,鍵盤のように見え、押すと実際に音が出るミューラ。古くからあるが未だに構造上不明な部分があり、学者たちの関心を集めている,4,5,1,2,3,0,0,0,501,60011,0,1,522222
151,139021,mura_A0009,ピアニオ・LVB,音楽室に潜む某作曲家の楽器。夜になると勝手にピアニオの鍵盤を叩き作曲や演奏を始める。その結果不幸な目にあったとしても「運命」として受け入れよう。,4,4,1,2,3,0,0,0,501,60011,0,1,522222
152,931001,mura_A0010,ボサノブンブン,スロット1,4,4,1,2,3,1,0,0,502,60012,10,1,31005
153,931002,mura_A0010,ボサノブンブン,スロット2,4,4,1,2,3,2,0,0,502,60012,20,2,31005
154,931003,mura_A0010,ボサノブンブン,スロット3,4,4,1,2,3,3,0,0,502,60012,30,3,31005
155,931004,mura_A0010,ボサノブンブン,スロット4,4,4,1,2,3,4,0,0,502,60012,40,4,31005
156,931005,mura_A0010,ボサノブンブン,スロット5,4,4,1,2,3,5,0,0,502,60012,50,5,31005
157,130010,mura_A0010,ボサノブンブン,音よりも、その動きが軽快で楽しげなミューラ。頭を振る度、その派手な姿が周囲の目を奪う,4,4,1,2,3,0,0,0,502,60012,0,1,522222
158,130011,mura_A0011,クラリネット,薄茶色のクラリネットの軽快な音色を聞くと、自然に楽しくなってくる。シンバリンとともに合奏によく使われるミューラ,4,4,1,2,3,0,0,0,501,60013,0,1,522222
159,139001,mura_A0011,バスクラリネット,低音域が得意なクラリネット。4年生以上しか装備できない。,4,4,1,2,3,0,0,0,501,60013,0,1,522222
160,139009,mura_A0011,クラリネット,薄茶色のクラリネットの軽快な音色を聞くと、自然に楽しくなってくる。シンバリンとともに合奏によく使われるミューラ,4,4,1,2,3,0,0,0,501,60013,0,1,522222
161,932001,mura_A0012,ウギウギ,スロット1,4,4,1,2,3,1,0,0,506,60020,10,1,30005
162,932002,mura_A0012,ウギウギ,スロット2,4,4,1,2,3,2,0,0,506,60020,20,2,30005
163,932003,mura_A0012,ウギウギ,スロット3,4,4,1,2,3,3,0,0,506,60020,30,3,30005
164,932004,mura_A0012,ウギウギ,スロット4,4,4,1,2,3,4,0,0,506,60020,40,4,30005
165,932005,mura_A0012,ウギウギ,スロット5,4,4,1,2,3,5,0,0,506,60020,50,5,30005
166,130012,mura_A0012,ウギウギ,昔有名だったミュージシャンが、自ら作成して演奏に使っていたというミューラ。ミュージシャン自身を表現しているといわれているが、彼の音楽センスの事なのか、彼の顔の事なのかは不明,4,4,1,2,3,0,0,0,506,60020,0,1,522222
167,130013,mura_A0013,スクラッチミキサー,最初に聞くと背中に怖気が走るが、聞き続けるといつのまにかハマってしまう,0,4,0,0,0,0,0,0,0,0,0,1,522222
168,130014,mura_A0014,MCマクスター,伝説の MC、MCマクスターが使ったミューラの普及型。MCマクスターへの郷愁にひたることが出来て、世間では爆発的な反応が見られる,0,4,0,0,0,0,0,0,0,0,0,1,522222
169,130015,mura_A0015,ジグザグタップ,このミューラ一つで様々な音色を出せるため、前衛芸術を志す生徒たちが好んで使う,0,4,0,0,0,0,0,0,0,0,0,1,522222
170,130016,mura_A0016,マグネディオ,アンテナがあちこちに生えたこのミューラを着けた生徒たちに囲まれていると、いつの間にか別の惑星に迷い込んだ気がしてくる。独特の形と同じく、使い方も独特だ,0,4,0,0,0,0,0,0,0,0,0,1,522222
171,130017,mura_A0017,エンジェリックボイス,空へと帰った天使が地上に残して行ったといわれる、翼の形をしたミューラ。高学年用,4,4,1,2,3,0,0,0,501,60024,0,1,522222
172,130018,mura_A0018,メタルバロック,ダンスや音楽よりも、戦いに使われるようにデザインされたミューラ。ぴかぴか輝くこの金属製ミューラを見ていると、誰もが恐れを抱く,0,4,0,0,0,0,0,0,0,0,0,1,522222
173,130019,mura_A0019,タムタムマフラー,寒い時にぴったりのこのミューラは、冬にはファッション用アイテムとしてもよく使われる,4,4,1,2,3,0,0,0,505,60014,0,1,522222
174,139005,mura_A0019,お試しマフラー,タムタムマフラーの試供品で、3年生以上で装備可能。,4,4,1,2,3,0,0,0,505,60014,0,1,522222
175,130020,mura_A0020,どぶロック,その威力は誰もが認めるミューラだが、使い続けるとアルコール中毒になるかもしれないので要注意。お酒は20歳になってから！,4,4,1,2,3,0,0,0,506,60015,0,1,522222
176,139022,mura_A0020,追儺・神便鬼毒酒,妖怪「酒天童子」を打ち倒す鍵となった強力な神酒。鬼には毒に、人間には薬になる酒。酔えば酔うほど強くなるとしても、お酒は20歳になってから！,4,4,1,2,3,0,0,0,506,60015,0,1,522222
177,130021,mura_A0021,ウタンカ,顔が彫刻されている大きな円形イヤリング,4,4,1,2,3,0,0,0,504,60027,0,1,522222
178,130022,mura_A0022,タブカイ,骸骨の形をしたイヤリング,4,4,1,2,3,0,0,0,505,60028,0,1,522222
179,139011,mura_A0022,タブカイ,骸骨の形をしたイヤリング,4,4,1,2,3,0,0,0,505,60028,0,1,522222
180,130023,mura_A0023,ピンクサーペント,可愛いピンクのヘビの形をしたミューラ,4,4,1,2,3,0,0,0,503,60033,0,1,522222
181,130024,mura_A0024,블랙 카마엘,"거대한 날개 장식이 섹시한 느낌을 풍기는, 성인 취향의 뮤라.",4,4,1,2,3,0,0,0,503,60034,0,1,522222
182,130025,mura_A0025,ドローン・ANNA,2006年の「春の総選挙！」で<br>1位になったアンナを記念して、ドローンをベースにして作られたオリジナルミューラ。名前も公募で決められた、アンナとみんなの友情の証！,4,4,1,2,3,0,0,0,501,60001,0,1,522222
183,131001,mura_A1001,クラシックドローン,初期のドローン。時代と共に改良が加えられた現在のドローンとはまた違った趣がある、歴史を感じさせる一品,4,4,1,2,3,0,0,0,501,60001,0,1,522222
184,139008,mura_A1001,브로운 YT,금관 악기 형상의 뮤라.<br>이것은 요구르팅 1주년 기념 선물이라고 한다.,4,4,1,2,3,0,0,0,501,60001,0,1,522222
185,139013,mura_A1001,クラシックドローン,初期のドローン。時代と共に改良が加えられた現在のドローンとはまた違った趣がある、歴史を感じさせる一品,4,4,1,2,3,0,0,0,501,60001,0,1,522222
186,139018,mura_A1001,クラシックドローン・WAM,音楽室に潜む某作曲家の楽器。使い手にはその作曲家の力が宿り、記憶力が良くなるという。テストの時に非常に役に立つかも？,4,4,1,2,3,0,0,0,501,60001,0,1,522222
187,131002,mura_A1002,ミスティックボンゴ,先祖代々受け継がれる、由緒正しい特別製のシャーマンボンゴ。門外不出の秘祭の時にだけ使われるもので、民俗学的価値が高い,4,4,1,2,3,0,0,0,505,60003,0,1,522222
188,139015,mura_A1002,ミスティックボンゴ,先祖代々受け継がれる、由緒正しい特別製のシャーマンボンゴ。門外不出の秘祭の時にだけ使われるもので、民俗学的価値が高い,4,4,1,2,3,0,0,0,505,60003,0,1,522222
189,933001,mura_A1004,The DJ SNF,スロット1,4,4,1,2,3,1,0,0,505,60006,10,1,31005
190,933002,mura_A1004,The DJ SNF,スロット2,4,4,1,2,3,2,0,0,505,60006,20,2,31005
191,933003,mura_A1004,The DJ SNF,スロット3,4,4,1,2,3,3,0,0,505,60006,30,3,31005
192,933004,mura_A1004,The DJ SNF,スロット4,4,4,1,2,3,4,0,0,505,60006,40,4,31005
193,933005,mura_A1004,The DJ SNF,スロット5,4,4,1,2,3,5,0,0,505,60006,50,5,31005
194,131004,mura_A1004,The DJ SNF,土曜日の夜に最も光り輝くと言われる、巨大な縞模様のアフロヅラ,4,4,1,2,3,0,0,0,505,60006,0,1,522222
195,131005,mura_A1005,アルトフラッフィ,美しい低音を奏でる、金色のフラッフィ。フラッフィとの二重奏をしていると、森の動物達が集まってきて聞き惚れるという,4,4,1,2,3,0,0,0,501,60029,0,1,522222
196,139017,mura_A1005,アルトフラッフィ,美しい低音を奏でる、金色のフラッフィ。フラッフィとの二重奏をしていると、森の動物達が集まってきて聞き惚れるという,4,4,1,2,3,0,0,0,501,60029,0,1,522222
197,131006,mura_A1006,パンフルート・ソプラノ,使い方が簡単で、軽いため、多くの人々に愛用されているパンフルートの一種。高い音が出るようにチューンされている,4,4,1,2,3,0,0,0,501,60030,0,1,522222
198,139007,mura_A1006,골든 팬 플룻 YT,사용법이 간편하고 무게가 가벼워 많은 사람들이 애용하는 황금빛 뮤라. 때문에 리코링 전용 음악 대회도 간간히 열리기도 한다.<br>이것은 요구르팅 1주년 기념 선물이라고 한다.,4,4,1,2,3,0,0,0,501,60030,0,1,522222
199,139012,mura_A1006,パンフルート・ソプラノ,使い方が簡単で、軽いため、多くの人々に愛用されているパンフルートの一種。高い音が出るようにチューンされている,4,4,1,2,3,0,0,0,501,60030,0,1,522222
200,131007,mura_A1007,クラッシュシンバリン,シンバリン奏者からは「打楽器の王者」と呼ばれているミューラ。あまりにやかましいので、コンサートホール以外での使用は制限されているらしい,4,4,1,2,3,0,0,0,501,60031,0,1,522222
201,139014,mura_A1007,クラッシュシンバリン,シンバリン奏者からは「打楽器の王者」と呼ばれているミューラ。あまりにやかましいので、コンサートホール以外での使用は制限されているらしい,4,4,1,2,3,0,0,0,501,60031,0,1,522222
202,139019,mura_A1007,クライシンバリン,妖怪「子泣き爺」の鳴き声と同等の音量を放つシンバリン。赤子と同然に優しく扱うのがコツ。子泣き爺が泣くと、地震が起こるといわれている。,4,4,1,2,3,0,0,0,501,60009,0,1,522222
203,131008,mura_A1008,アマティバイオリーノ,一流の職人が製作した一流のバイオリーノ。現在出回っているバイオリーノはこれを元に作られたとも言われている,4,4,1,2,3,0,0,0,501,60032,0,1,522222
204,139016,mura_A1008,アマティバイオリーノ,一流の職人が製作した一流のバイオリーノ。現在出回っているバイオリーノはこれを元に作られたとも言われている,4,4,1,2,3,0,0,0,501,60032,0,1,522222
205,930001,mura_A1011,クリスタルクラリネット,スロット1,4,4,1,2,3,1,0,0,501,60013,10,1,30005
206,930002,mura_A1011,クリスタルクラリネット,スロット2,4,4,1,2,3,2,0,0,501,60013,20,2,30005
207,930003,mura_A1011,クリスタルクラリネット,スロット3,4,4,1,2,3,3,0,0,501,60013,30,3,30005
208,930004,mura_A1011,クリスタルクラリネット,スロット4,4,4,1,2,3,4,0,0,501,60013,40,4,30005
209,930005,mura_A1011,クリスタルクラリネット,スロット5,4,4,1,2,3,5,0,0,501,60013,50,5,30005
210,131011,mura_A1011,クリスタルクラリネット,埋め込まれた水晶の分子構造が音を増幅し、より澄んだ音が出るように改良されたクラリネット,4,4,1,2,3,0,0,0,501,60013,0,1,522222
211,131017,mura_A1017,ルシフェリックボイス,人間に嫉妬して神を裏切ったため、地獄へ落とされた天使が地上に残して行ったといわれる、黒い翼の形をしたミューラ,4,4,1,2,3,0,0,0,501,60024,0,1,522222
212,131019,mura_A1019,トムトムマフラー,今年の冬はこれで決まり！　最新ファッションで差を付けよう！,4,4,1,2,3,0,0,0,505,60014,0,1,522222
213,131022,mura_A1022,エスニックタブカイ,中南米の古代遺跡で発見されたというタブカイ。当時の技術力では作成は不可能と思われ、考古学会で物議を醸している,4,4,1,2,3,0,0,0,505,60028,0,1,522222
214,139020,mura_A1022,がしゃどくろ,妖怪「がしゃどくろ」が宿っているミューラ。夜な夜な音をたててうるさい。がしゃどくろは、死者たちの怨念が妖怪化したものといわれている。,4,4,1,2,3,0,0,0,505,60028,0,1,522222
215,140001,spirit_A0001,アクアマリン,水の精霊を召喚するスピリット,5,4,4,2,4,0,0,0,701,80001,0,1,522222
216,140002,spirit_A0002,サラマンダー,中央に刻まれた花火の模様は、このかばんで召喚する火の精霊・サラマンダーを示す紋章だ,5,4,4,2,4,0,0,0,701,80002,0,1,522222
217,140003,spirit_A0003,コブラバッグ,ただの古びた壺に見えるが、中から２匹のコブラが飛び出して、凄まじい攻撃をする,5,4,4,2,4,0,0,0,701,80003,0,1,522222
218,149001,spirit_A0003,つちのこバッグ,幻の蛇が潜んでいるというバッグ。うっかりフタを開けるとすごいジャンプ力で逃げてしまうため、4年生以上でなければ装備できない。,5,4,4,2,4,0,0,0,701,80003,0,1,522222
219,149009,spirit_A0003,コブラバッグ,ただの古びた壺に見えるが、中から２匹のコブラが飛び出して、凄まじい攻撃をする,5,4,4,2,4,0,0,0,701,80003,0,1,522222
220,140004,spirit_A0004,アンダーテイカー,棺桶の形をしたスピリット。骸骨精霊たちが宿っている,5,4,4,2,4,0,0,0,701,80004,0,1,522222
221,149011,spirit_A0004,アンダーテイカー,棺桶の形をしたスピリット。骸骨精霊たちが宿っている,5,4,4,2,4,0,0,0,701,80004,0,1,522222
222,140005,spirit_A0005,ヴェスパ,小さな木の精霊たちが入ったバッグ。そのため、バッグ自体から葉っぱが生えている,5,4,4,2,4,0,0,0,702,80006,0,1,522222
223,140006,spirit_A0006,ヴァンパイアトランク,並んで生えている牙が不気味なので、あまり使われることのないスピリット,5,4,4,2,4,0,0,0,701,80007,0,1,522222
224,149005,spirit_A0006,アンパイヤトランク,吸血鬼と間違えられたかわいそうな審判が封印されたトランク。3年生でも扱える。,5,4,4,2,4,0,0,0,701,80007,0,1,522222
225,140007,spirit_A0007,ライフガード,元々は古代の吸血鬼と戦うために作られたスピリットだったが、現在は主に病院での治療に使われている。赤い十字マークが印象的,0,4,0,0,0,0,0,0,0,0,0,1,522222
226,140008,spirit_A0008,ボンバーウィング,羽の付いた爆弾。装備していると危険人物扱いされるが、多数のモンスターを退治する時には有効,5,4,4,2,4,0,0,0,702,80009,0,1,522222
227,140009,spirit_A0009,ヘルハウンド,棺桶型のスピリット。古の時代に戦場を駆けた、獰猛な闘犬が閉じ込められているといわれている,5,4,4,2,4,0,0,0,701,80010,0,1,522222
228,140010,spirit_A0010,夜叉提灯,背中に背負う東洋風の照明器具。大昔、世界を荒らした２人の夜叉が封印されたという伝説がある,5,4,4,2,4,0,0,0,702,80011,0,1,522222
229,149002,spirit_A0010,大威徳夜叉明王提灯,冥界の王さえ倒す、死をも超越した夜叉が封印されているという提灯。発する気があまりに大きいため、5年生以上でないと扱えない。,5,4,4,2,4,0,0,0,702,80011,0,1,522222
230,149003,spirit_A0010,あかちょうちん,おでん屋の屋台によくぶらさがっている提灯。中に封印されている夜叉が飲んだくれていて、威力が弱いため 1年生でも扱える。,5,4,4,2,4,0,0,0,702,80011,0,1,522222
231,149010,spirit_A0010,夜叉提灯,背中に背負う東洋風の照明器具。大昔、世界を荒らした２人の夜叉が封印されたという伝説がある,5,4,4,2,4,0,0,0,702,80011,0,1,522222
232,140011,spirit_A0011,氷マント,攻撃を受けた相手はもちろん、使う本人も寒い,0,4,0,0,0,0,0,0,0,0,0,1,522222
233,140012,spirit_A0012,ガリ勉かばん,突き出た本と裂け目のせいで中身が簡単に想像出来るスピリット。ヨーグルティング模範生の必需品に含まれるアイテム,5,4,4,2,4,0,0,0,702,80013,0,1,522222
234,140013,spirit_A0013,ヴァルキリーウィング,必殺技を使用すると、神話の女戦士が現れて槍を投げる。真の能力を解放すれば空を飛べるという噂があるが、まだ誰も飛んだことはない,5,4,4,2,4,0,0,0,701,80014,0,1,522222
235,140014,spirit_A0014,セラフィムホルン,天使セラフィムを召喚する角笛形のスピリット。鎖で封印されているような外見で、中に何が封印されているのかとても気になる,5,4,4,2,4,0,0,0,701,80015,0,1,522222
236,149006,spirit_A0014,イベントセラフィムホルン,天使セラフィムを召喚する角笛形のスピリット。鎖で封印されているような外見で、中に何が封印されているのかとても気になる,5,5,4,2,4,0,0,0,701,80015,0,1,522222
237,149021,spirit_A0014,ケサラムホルン,妖怪「ケサランパサラン」を飼育できる角笛型のスピリット。餌になるおしろいは別売りなので注意が必要。うまく増やして幸せになろう。,5,4,4,2,4,0,0,0,701,80015,0,1,522222
238,140015,spirit_A0015,ブルーホープ,深い青色をした大きな宝石が真ん中にはめられたスピリット,5,4,4,2,4,0,0,0,701,80017,0,1,522222
239,140016,spirit_A0016,アパッチ,大地と共に生きた部族の呪術師が作ったといわれるスピリット。羽毛で編まれた封印が施されていて、中に何が入っているのかとても気になる,5,4,4,2,4,0,0,0,703,80019,0,1,522222
240,140017,spirit_A0017,メフィスト,EVP現象の原因を調査しに行った遠征隊が出くわしたという大悪魔の名前の付いたスピリット,0,4,0,0,0,0,0,0,0,0,0,1,522222
241,140018,spirit_A0018,ナイトメア,悪夢を実体化させるといわれている、恐ろしいスピリット,5,4,4,2,4,0,0,0,701,80029,0,1,522222
242,149022,spirit_A0018,牛頭鬼,牛の頭と人の身体を持ち、亡者を責め苛む獄卒鬼「牛頭鬼」の頭をスピリット化したもの。常に聞こえる咀嚼音と口臭がとても気になるが、威力は抜群！,5,4,4,2,4,0,0,0,701,80029,0,1,522222
243,140019,spirit_A0019,タートルプレート,亀の甲羅のようなこのスピリットは、攻撃より防御に重点を置いて製作された,5,4,4,2,4,0,0,0,702,80030,0,1,522222
244,140020,spirit_A0020,エクソトパーズ,悪霊を退治する時使われる武器だ,5,4,4,2,4,0,0,0,701,80027,0,1,522222
245,149004,spirit_A0020,エクソとバース,謎の兄弟職人エクソとバースが作ったという、エクソトパーズの模造品。意外と丁寧な造りで、2年生でも扱える。,5,4,4,2,4,0,0,0,701,80027,0,1,522222
246,140021,spirit_A0021,ジェノサイド,巨大な円盤型の刃を持つ、凶悪なスピリット,5,4,4,2,4,0,0,0,703,80025,0,1,522222
247,140022,spirit_A0022,エリートかばん,エリートが使うかばん。よく整頓されていて、いかにも優等生っぽい,0,4,0,0,0,0,0,0,0,0,0,1,522222
248,140023,spirit_A0023,프레이야의 날개,설명 추가,5,4,4,2,4,0,0,0,703,80031,0,1,522222
249,141001,spirit_A1001,アクアマリン・Ｃ,水の精霊を召喚するスピリット。水分中にビタミンCが配合されていて、肌の張りを保つ効果もあるらしい,5,4,4,2,4,0,0,0,701,80001,0,1,522222
250,149007,spirit_A1001,이온마린 YT,물의 정령을 소환할 수 있는 스피릿.<br>이것은 요구르팅 1주년 기념 선물이라고 한다.,5,4,4,2,4,0,0,0,701,80001,0,1,522222
251,149012,spirit_A1001,アクアマリン・Ｃ,水の精霊を召喚するスピリット。水分中にビタミンCが配合されていて、肌の張りを保つ効果もあるらしい,5,4,4,2,4,0,0,0,701,80001,0,1,522222
252,149018,spirit_A1001,アクアマリン・ＫＰ,水辺に生息し、道行く人々を水中に引きずり込むという妖怪「河童」を封印したスピリット。中にきゅうりを放り込むと威力が倍増するかも？,5,4,4,2,4,0,0,0,701,80001,0,1,522222
253,141002,spirit_A1002,シーサラマンダー,充分な酸素の供給により中の炎が完全燃焼しているため、高温で青く光るサラマンダー。水に入れても大丈夫らしい,5,4,4,2,4,0,0,0,701,80002,0,1,522222
254,149008,spirit_A1002,빙염의 살라만더 YT,아담하게 생긴 푸른 가방 가운데에 새겨진 불꽃 문양은 이 가방에서 불러낼 수 있는 스피릿인 살라만더를 가리키는 표식이다.<br>이것은 요구르팅 1주년 기념 선물이라고 한다.,5,4,4,2,4,0,0,0,701,80002,0,1,522222
255,149013,spirit_A1002,シーサラマンダー,充分な酸素の供給により中の炎が完全燃焼しているため、高温で青く光るサラマンダー。水に入れても大丈夫らしい,5,4,4,2,4,0,0,0,701,80002,0,1,522222
256,141003,spirit_A1003,キングコブラバッグ,ただの古びた壺に見えるが、中には毒蛇の王者キングコブラが入っていて、凄まじい攻撃をする,5,4,4,2,4,0,0,0,701,80003,0,1,522222
257,940001,spirit_A1004,グレイブディッガー,スロット1,5,4,4,2,4,1,0,0,701,80004,10,1,41005
258,940002,spirit_A1004,グレイブディッガー,スロット2,5,4,4,2,4,2,0,0,701,80004,20,2,41005
259,940003,spirit_A1004,グレイブディッガー,スロット3,5,4,4,2,4,3,0,0,701,80004,30,3,41005
260,940004,spirit_A1004,グレイブディッガー,スロット4,5,4,4,2,4,4,0,0,701,80004,40,4,41005
261,940005,spirit_A1004,グレイブディッガー,スロット5,5,4,4,2,4,5,0,0,701,80004,50,5,41005
262,141004,spirit_A1004,グレイブディッガー,棺桶の形をしたスピリット。まだ生きている内に埋葬された者の怨霊が宿っているという。長い間使い続けると…,5,4,4,2,4,0,0,0,701,80004,0,1,522222
263,141005,spirit_A1005,ヴェスパオータム,小さな木の精霊たちが入ったバッグ。紅葉の季節に作られたため、バッグから生えた葉っぱもきれいに色付いている,5,4,4,2,4,0,0,0,702,80006,0,1,522222
264,149014,spirit_A1005,ヴェスパオータム,小さな木の精霊たちが入ったバッグ。紅葉の季節に作られたため、バッグから生えた葉っぱもきれいに色付いている,5,4,4,2,4,0,0,0,702,80006,0,1,522222
265,141006,spirit_A1006,ガーゴイルトランク,建物の門番として作られた魔物が封印されているスピリット,5,4,4,2,4,0,0,0,701,80007,0,1,522222
266,141008,spirit_A1008,ボンバーウィング改,軽量化に成功した、ボンバーウィングの改良版。しかも威力はこれまで通り,5,4,4,2,4,0,0,0,702,80009,0,1,522222
267,149016,spirit_A1008,ボンバーウィング改,軽量化に成功した、ボンバーウィングの改良版。しかも威力はこれまで通り,5,4,4,2,4,0,0,0,702,80009,0,1,522222
268,149020,spirit_A1008,ボンバーウィング怪,葬式や墓場に現れて死体の肢体を奪うという妖怪「火車」を核に、いくつものエアロパーツがドッキング！　迎え火攻撃に幽霊もイチコロ！？,5,4,4,2,4,0,0,0,702,80009,0,1,522222
269,941001,spirit_A1010,夜叉行灯,スロット1,5,4,4,2,4,1,0,0,702,80011,10,1,40005
270,941002,spirit_A1010,夜叉行灯,スロット2,5,4,4,2,4,2,0,0,702,80011,20,2,40005
271,941003,spirit_A1010,夜叉行灯,スロット3,5,4,4,2,4,3,0,0,702,80011,30,3,40005
272,941004,spirit_A1010,夜叉行灯,スロット4,5,4,4,2,4,4,0,0,702,80011,40,4,40005
273,941005,spirit_A1010,夜叉行灯,スロット5,5,4,4,2,4,5,0,0,702,80011,50,5,40005
274,141010,spirit_A1010,夜叉行灯,仏教の守護神となった夜叉を召喚できる、東洋風の照明器具。行灯は「あんどん」と読む,5,4,4,2,4,0,0,0,702,80011,0,1,522222
275,149019,spirit_A1010,青行灯,百物語の最後になると登場するという「鬼女」が封印された青白い行灯。夏を涼しく過ごすための必須アイテムになること間違いなし!?,5,4,4,2,4,0,0,0,702,80011,0,1,522222
276,141013,spirit_A1013,ブラッディヴァルキリー,英雄の魂を狩り集めるヴァルキリーが使っていたというスピリット。その翼は死んでいった英雄達の血で染まっている,5,4,4,2,4,0,0,0,701,80014,0,1,522222
277,141019,spirit_A1019,タートルプレート・開運,世にも珍しい黄金の亀は、金運や長寿をもたらす兆しと考えられてきた。生物学的には「アルビノ」と呼ばれる白色変異個体だと思われる,5,4,4,2,4,0,0,0,702,80030,0,1,522222
278,149015,spirit_A1019,タートルプレート・開運,世にも珍しい黄金の亀は、金運や長寿をもたらす兆しと考えられてきた。生物学的には「アルビノ」と呼ばれる白色変異個体だと思われる,5,4,4,2,4,0,0,0,702,80030,0,1,522222
279,141020,spirit_A1020,エクソジェイド,悪霊退治に使われるスピリット。魔除けの力を持つ翡翠（ひすい）が散りばめられている,5,4,4,2,4,0,0,0,701,80027,0,1,522222
280,149017,spirit_A1020,エクソジェイド,悪霊退治に使われるスピリット。魔除けの力を持つ翡翠（ひすい）が散りばめられている,5,4,4,2,4,0,0,0,701,80027,0,1,522222
281,951111,upper_M9022,男映画制服上着,スロット1<br>(交換不可),6,5,64,1,0,1,1,0,0,0,10,1,511111
282,951112,upper_M9022,男映画制服上着,スロット2<br>(交換不可),6,5,64,1,0,2,1,0,0,0,20,2,511111
283,951113,upper_M9022,男映画制服上着,スロット3<br>(交換不可),6,5,64,1,0,3,1,0,0,0,30,3,511111
284,951114,upper_M9022,男映画制服上着,スロット4<br>(交換不可),6,5,64,1,0,4,1,0,0,0,40,4,511111
285,951115,upper_M9022,男映画制服上着,スロット5<br>(交換不可),6,5,64,1,0,5,1,0,0,0,50,5,511111
286,951211,lower_M9022,男映画制服ボトム,スロット1<br>(交換不可),6,5,128,1,0,1,1,0,0,0,10,1,511111
287,951212,lower_M9022,男映画制服ボトム,スロット2<br>(交換不可),6,5,128,1,0,2,1,0,0,0,20,2,511111
288,951213,lower_M9022,男映画制服ボトム,スロット3<br>(交換不可),6,5,128,1,0,3,1,0,0,0,30,3,511111
289,951214,lower_M9022,男映画制服ボトム,スロット4<br>(交換不可),6,5,128,1,0,4,1,0,0,0,40,4,511111
290,951215,lower_M9022,男映画制服ボトム,スロット5<br>(交換不可),6,5,128,1,0,5,1,0,0,0,50,5,511111
291,951311,foot_M9022,男映画制服履き物,スロット1<br>(交換不可),6,5,256,1,0,1,1,0,0,0,10,1,511111
292,951312,foot_M9022,男映画制服履き物,スロット2<br>(交換不可),6,5,256,1,0,2,1,0,0,0,20,2,511111
293,951313,foot_M9022,男映画制服履き物,スロット3<br>(交換不可),6,5,256,1,0,3,1,0,0,0,30,3,511111
294,951314,foot_M9022,男映画制服履き物,スロット4<br>(交換不可),6,5,256,1,0,4,1,0,0,0,40,4,511111
295,951315,foot_M9022,男映画制服履き物,スロット5<br>(交換不可),6,5,256,1,0,5,1,0,0,0,50,5,511111
296,952111,upper_F9022,女映画制服上着,スロット1<br>(交換不可),6,5,64,1,0,1,2,0,0,0,10,1,511111
297,952112,upper_F9022,女映画制服上着,スロット2<br>(交換不可),6,5,64,1,0,2,2,0,0,0,20,2,511111
298,952113,upper_F9022,女映画制服上着,スロット3<br>(交換不可),6,5,64,1,0,3,2,0,0,0,30,3,511111
299,952114,upper_F9022,女映画制服上着,スロット4<br>(交換不可),6,5,64,1,0,4,2,0,0,0,40,4,511111
300,952115,upper_F9022,女映画制服上着,スロット5<br>(交換不可),6,5,64,1,0,5,2,0,0,0,50,5,511111
301,952211,lower_F9022,女映画制服ボトム,スロット1<br>(交換不可),6,5,128,1,0,1,2,0,0,0,10,1,511111
302,952212,lower_F9022,女映画制服ボトム,スロット2<br>(交換不可),6,5,128,1,0,2,2,0,0,0,20,2,511111
303,952213,lower_F9022,女映画制服ボトム,スロット3<br>(交換不可),6,5,128,1,0,3,2,0,0,0,30,3,511111
304,952214,lower_F9022,女映画制服ボトム,スロット4<br>(交換不可),6,5,128,1,0,4,2,0,0,0,40,4,511111
305,952215,lower_F9022,女映画制服ボトム,スロット5<br>(交換不可),6,5,128,1,0,5,2,0,0,0,50,5,511111
306,952311,foot_F9022,女映画制服履き物,スロット1<br>(交換不可),6,5,256,1,0,1,2,0,0,0,10,1,511111
307,952312,foot_F9022,女映画制服履き物,スロット2<br>(交換不可),6,5,256,1,0,2,2,0,0,0,20,2,511111
308,952313,foot_F9022,女映画制服履き物,スロット3<br>(交換不可),6,5,256,1,0,3,2,0,0,0,30,3,511111
309,952314,foot_F9022,女映画制服履き物,スロット4<br>(交換不可),6,5,256,1,0,4,2,0,0,0,40,4,511111
310,952315,foot_F9022,女映画制服履き物,スロット5<br>(交換不可),6,5,256,1,0,5,2,0,0,0,50,5,511111
311,951121,upper_M9022,男映画制服上着,スロット1<br>(交換不可),6,5,64,1,0,1,1,0,0,0,10,1,522222
312,951122,upper_M9022,男映画制服上着,スロット2<br>(交換不可),6,5,64,1,0,2,1,0,0,0,20,2,522222
313,951123,upper_M9022,男映画制服上着,スロット3<br>(交換不可),6,5,64,1,0,3,1,0,0,0,30,3,522222
314,951124,upper_M9022,男映画制服上着,スロット4<br>(交換不可),6,5,64,1,0,4,1,0,0,0,40,4,522222
315,951125,upper_M9022,男映画制服上着,スロット5<br>(交換不可),6,5,64,1,0,5,1,0,0,0,50,5,522222
316,951221,lower_M9022,男映画制服ボトム,スロット1<br>(交換不可),6,5,128,1,0,1,1,0,0,0,10,1,522222
317,951222,lower_M9022,男映画制服ボトム,スロット2<br>(交換不可),6,5,128,1,0,2,1,0,0,0,20,2,522222
318,951223,lower_M9022,男映画制服ボトム,スロット3<br>(交換不可),6,5,128,1,0,3,1,0,0,0,30,3,522222
319,951224,lower_M9022,男映画制服ボトム,スロット4<br>(交換不可),6,5,128,1,0,4,1,0,0,0,40,4,522222
320,951225,lower_M9022,男映画制服ボトム,スロット5<br>(交換不可),6,5,128,1,0,5,1,0,0,0,50,5,522222
321,951321,foot_M9022,男映画制服履き物,スロット1<br>(交換不可),6,5,256,1,0,1,1,0,0,0,10,1,522222
322,951322,foot_M9022,男映画制服履き物,スロット2<br>(交換不可),6,5,256,1,0,2,1,0,0,0,20,2,522222
323,951323,foot_M9022,男映画制服履き物,スロット3<br>(交換不可),6,5,256,1,0,3,1,0,0,0,30,3,522222
324,951324,foot_M9022,男映画制服履き物,スロット4<br>(交換不可),6,5,256,1,0,4,1,0,0,0,40,4,522222
325,951325,foot_M9022,男映画制服履き物,スロット5<br>(交換不可),6,5,256,1,0,5,1,0,0,0,50,5,522222
326,952121,upper_F9022,女映画制服上着,スロット1<br>(交換不可),6,5,64,1,0,1,2,0,0,0,10,1,522222
327,952122,upper_F9022,女映画制服上着,スロット2<br>(交換不可),6,5,64,1,0,2,2,0,0,0,20,2,522222
328,952123,upper_F9022,女映画制服上着,スロット3<br>(交換不可),6,5,64,1,0,3,2,0,0,0,30,3,522222
329,952124,upper_F9022,女映画制服上着,スロット4<br>(交換不可),6,5,64,1,0,4,2,0,0,0,40,4,522222
330,952125,upper_F9022,女映画制服上着,スロット5<br>(交換不可),6,5,64,1,0,5,2,0,0,0,50,5,522222
331,952221,lower_F9022,女映画制服ボトム,スロット1<br>(交換不可),6,5,128,1,0,1,2,0,0,0,10,1,522222
332,952222,lower_F9022,女映画制服ボトム,スロット2<br>(交換不可),6,5,128,1,0,2,2,0,0,0,20,2,522222
333,952223,lower_F9022,女映画制服ボトム,スロット3<br>(交換不可),6,5,128,1,0,3,2,0,0,0,30,3,522222
334,952224,lower_F9022,女映画制服ボトム,スロット4<br>(交換不可),6,5,128,1,0,4,2,0,0,0,40,4,522222
335,952225,lower_F9022,女映画制服ボトム,スロット5<br>(交換不可),6,5,128,1,0,5,2,0,0,0,50,5,522222
336,952321,foot_F9022,女映画制服履き物,スロット1<br>(交換不可),6,5,256,1,0,1,2,0,0,0,10,1,522222
337,952322,foot_F9022,女映画制服履き物,スロット2<br>(交換不可),6,5,256,1,0,2,2,0,0,0,20,2,522222
338,952323,foot_F9022,女映画制服履き物,スロット3<br>(交換不可),6,5,256,1,0,3,2,0,0,0,30,3,522222
339,952324,foot_F9022,女映画制服履き物,スロット4<br>(交換不可),6,5,256,1,0,4,2,0,0,0,40,4,522222
340,952325,foot_F9022,女映画制服履き物,スロット5<br>(交換不可),6,5,256,1,0,5,2,0,0,0,50,5,522222
341,951131,upper_M9022,男映画制服上着,スロット1<br>(交換不可),6,5,64,1,0,1,1,0,0,0,10,1,533333
342,951132,upper_M9022,男映画制服上着,スロット2<br>(交換不可),6,5,64,1,0,2,1,0,0,0,20,2,533333
343,951133,upper_M9022,男映画制服上着,スロット3<br>(交換不可),6,5,64,1,0,3,1,0,0,0,30,3,533333
344,951134,upper_M9022,男映画制服上着,スロット4<br>(交換不可),6,5,64,1,0,4,1,0,0,0,40,4,533333
345,951135,upper_M9022,男映画制服上着,スロット5<br>(交換不可),6,5,64,1,0,5,1,0,0,0,50,5,533333
346,951231,lower_M9022,男映画制服ボトム,スロット1<br>(交換不可),6,5,128,1,0,1,1,0,0,0,10,1,533333
347,951232,lower_M9022,男映画制服ボトム,スロット2<br>(交換不可),6,5,128,1,0,2,1,0,0,0,20,2,533333
348,951233,lower_M9022,男映画制服ボトム,スロット3<br>(交換不可),6,5,128,1,0,3,1,0,0,0,30,3,533333
349,951234,lower_M9022,男映画制服ボトム,スロット4<br>(交換不可),6,5,128,1,0,4,1,0,0,0,40,4,533333
350,951235,lower_M9022,男映画制服ボトム,スロット5<br>(交換不可),6,5,128,1,0,5,1,0,0,0,50,5,533333
351,951331,foot_M9022,男映画制服履き物,スロット1<br>(交換不可),6,5,256,1,0,1,1,0,0,0,10,1,533333
352,951332,foot_M9022,男映画制服履き物,スロット2<br>(交換不可),6,5,256,1,0,2,1,0,0,0,20,2,533333
353,951333,foot_M9022,男映画制服履き物,スロット3<br>(交換不可),6,5,256,1,0,3,1,0,0,0,30,3,533333
354,951334,foot_M9022,男映画制服履き物,スロット4<br>(交換不可),6,5,256,1,0,4,1,0,0,0,40,4,533333
355,951335,foot_M9022,男映画制服履き物,スロット5<br>(交換不可),6,5,256,1,0,5,1,0,0,0,50,5,533333
356,952131,upper_F9022,女映画制服上着,スロット1<br>(交換不可),6,5,64,1,0,1,2,0,0,0,10,1,533333
357,952132,upper_F9022,女映画制服上着,スロット2<br>(交換不可),6,5,64,1,0,2,2,0,0,0,20,2,533333
358,952133,upper_F9022,女映画制服上着,スロット3<br>(交換不可),6,5,64,1,0,3,2,0,0,0,30,3,533333
359,952134,upper_F9022,女映画制服上着,スロット4<br>(交換不可),6,5,64,1,0,4,2,0,0,0,40,4,533333
360,952135,upper_F9022,女映画制服上着,スロット5<br>(交換不可),6,5,64,1,0,5,2,0,0,0,50,5,533333
361,952231,lower_F9022,女映画制服ボトム,スロット1<br>(交換不可),6,5,128,1,0,1,2,0,0,0,10,1,533333
362,952232,lower_F9022,女映画制服ボトム,スロット2<br>(交換不可),6,5,128,1,0,2,2,0,0,0,20,2,533333
363,952233,lower_F9022,女映画制服ボトム,スロット3<br>(交換不可),6,5,128,1,0,3,2,0,0,0,30,3,533333
364,952234,lower_F9022,女映画制服ボトム,スロット4<br>(交換不可),6,5,128,1,0,4,2,0,0,0,40,4,533333
365,952235,lower_F9022,女映画制服ボトム,スロット5<br>(交換不可),6,5,128,1,0,5,2,0,0,0,50,5,533333
366,952331,foot_F9022,女映画制服履き物,スロット1<br>(交換不可),6,5,256,1,0,1,2,0,0,0,10,1,533333
367,952332,foot_F9022,女映画制服履き物,スロット2<br>(交換不可),6,5,256,1,0,2,2,0,0,0,20,2,533333
368,952333,foot_F9022,女映画制服履き物,スロット3<br>(交換不可),6,5,256,1,0,3,2,0,0,0,30,3,533333
369,952334,foot_F9022,女映画制服履き物,スロット4<br>(交換不可),6,5,256,1,0,4,2,0,0,0,40,4,533333
370,952335,foot_F9022,女映画制服履き物,スロット5<br>(交換不可),6,5,256,1,0,5,2,0,0,0,50,5,533333
371,951011,special_M9017,レインボー水着,スロット1,6,4,192,1,0,1,1,0,0,0,10,1,511111
372,951012,special_M9017,レインボー水着,スロット2,6,4,192,1,0,2,1,0,0,0,20,2,511111
373,951013,special_M9017,レインボー水着,スロット3,6,4,192,1,0,3,1,0,0,0,30,3,511111
374,951014,special_M9017,レインボー水着,スロット4,6,4,192,1,0,4,1,0,0,0,40,4,511111
375,951015,special_M9017,レインボー水着,スロット5,6,4,192,1,0,5,1,0,0,0,50,5,511111
376,952011,special_F9017,白スクール水着,スロット1,6,4,192,1,0,1,2,0,0,0,10,1,511111
377,952012,special_F9017,白スクール水着,スロット2,6,4,192,1,0,2,2,0,0,0,20,2,511111
378,952013,special_F9017,白スクール水着,スロット3,6,4,192,1,0,3,2,0,0,0,30,3,511111
379,952014,special_F9017,白スクール水着,スロット4,6,4,192,1,0,4,2,0,0,0,40,4,511111
380,952015,special_F9017,白スクール水着,スロット5,6,4,192,1,0,5,2,0,0,0,50,5,511111
381,951021,special_M9017,レインボー水着,スロット1,6,4,192,1,0,1,1,0,0,0,10,1,522222
382,951022,special_M9017,レインボー水着,スロット2,6,4,192,1,0,2,1,0,0,0,20,2,522222
383,951023,special_M9017,レインボー水着,スロット3,6,4,192,1,0,3,1,0,0,0,30,3,522222
384,951024,special_M9017,レインボー水着,スロット4,6,4,192,1,0,4,1,0,0,0,40,4,522222
385,951025,special_M9017,レインボー水着,スロット5,6,4,192,1,0,5,1,0,0,0,50,5,522222
386,952021,special_F9017,白スクール水着,スロット1,6,4,192,1,0,1,2,0,0,0,10,1,522222
387,952022,special_F9017,白スクール水着,スロット2,6,4,192,1,0,2,2,0,0,0,20,2,522222
388,952023,special_F9017,白スクール水着,スロット3,6,4,192,1,0,3,2,0,0,0,30,3,522222
389,952024,special_F9017,白スクール水着,スロット4,6,4,192,1,0,4,2,0,0,0,40,4,522222
390,952025,special_F9017,白スクール水着,スロット5,6,4,192,1,0,5,2,0,0,0,50,5,522222
391,951031,special_M9017,レインボー水着,スロット1,6,4,192,1,0,1,1,0,0,0,10,1,533333
392,951032,special_M9017,レインボー水着,スロット2,6,4,192,1,0,2,1,0,0,0,20,2,533333
393,951033,special_M9017,レインボー水着,スロット3,6,4,192,1,0,3,1,0,0,0,30,3,533333
394,951034,special_M9017,レインボー水着,スロット4,6,4,192,1,0,4,1,0,0,0,40,4,533333
395,951035,special_M9017,レインボー水着,スロット5,6,4,192,1,0,5,1,0,0,0,50,5,533333
396,952031,special_F9017,白スクール水着,スロット1,6,4,192,1,0,1,2,0,0,0,10,1,533333
397,952032,special_F9017,白スクール水着,スロット2,6,4,192,1,0,2,2,0,0,0,20,2,533333
398,952033,special_F9017,白スクール水着,スロット3,6,4,192,1,0,3,2,0,0,0,30,3,533333
399,952034,special_F9017,白スクール水着,スロット4,6,4,192,1,0,4,2,0,0,0,40,4,533333
400,952035,special_F9017,白スクール水着,スロット5,6,4,192,1,0,5,2,0,0,0,50,5,533333
401,951435,cap_M9027,スクールハット・パープル,スロット5<br>(交換不可),6,5,1,2,0,5,1,0,0,0,50,5,533333
402,952435,cap_F9027,スクールハット・パープル,スロット5<br>(交換不可),6,5,1,2,0,5,2,0,0,0,50,5,533333
403,150001,upper_M0002,冬服上着,エスティバー学園の冬用制服。男子生徒用<br>(交換/販売不可),6,7,64,1,0,0,1,1,0,0,0,1,522222
404,150002,lower_M0002,冬服ズボン,エスティバー学園の冬用制服。男子生徒用<br>(交換/販売不可),6,7,128,1,0,0,1,1,0,0,0,1,522222
405,150003,foot_M0002,冬用学生靴,エスティバー学園の冬用学生靴。男子生徒用<br>(交換/販売不可),6,7,256,1,0,0,1,1,0,0,0,1,522222
406,150004,upper_F0002,冬服上着,エスティバー学園の冬用制服。女生徒用<br>(交換/販売不可),6,7,64,1,0,0,2,1,0,0,0,1,522222
407,150005,lower_F0002,冬服スカート,エスティバー学園の冬用制服。女生徒用<br>(交換/販売不可),6,7,128,1,0,0,2,1,0,0,0,1,522222
408,150006,foot_F0002,冬用ブーツ,エスティバー学園の冬用学生靴。女生徒用<br>(交換/販売不可),6,7,256,1,0,0,2,1,0,0,0,1,522222
409,150007,upper_M0001,夏服上着,エスティバー学園の夏用制服。男子生徒用<br>(交換/販売不可),6,7,64,1,0,0,1,1,0,0,0,1,522222
410,150008,lower_M0001,夏服ズボン,エスティバー学園の夏用制服。男子生徒用<br>(交換/販売不可),6,7,128,1,0,0,1,1,0,0,0,1,522222
411,150009,foot_M0001,夏用学生靴,エスティバー学園の夏用学生靴。男子生徒用<br>(交換/販売不可),6,7,256,1,0,0,1,1,0,0,0,1,522222
412,150010,upper_F0001,夏服上着,エスティバー学園の夏用制服。女生徒用<br>(交換/販売不可),6,7,64,1,0,0,2,1,0,0,0,1,522222
413,150011,lower_F0001,夏服スカート,エスティバー学園の夏用制服。女生徒用<br>(交換/販売不可),6,7,128,1,0,0,2,1,0,0,0,1,522222
414,150012,foot_F0001,夏用学生靴,エスティバー学園の夏用学生靴。女生徒用<br>(交換/販売不可),6,7,256,1,0,0,2,1,0,0,0,1,522222
415,150013,special_F0004,看護服,エスティバー学園看護部の制服。女生徒用,6,4,192,1,0,0,2,1,0,0,0,1,522222
416,150014,cap_F0004,看護帽子,エスティバー学園看護部の帽子。女生徒用,6,4,1,2,0,0,2,1,0,0,0,0,522222
417,150015,hand_F0004,看護手袋,エスティバー学園看護部の手袋。女生徒用,6,4,8,1,0,0,2,1,0,0,0,0,522222
418,150016,foot_F0004,看護靴,エスティバー学園看護部の靴。女生徒用,6,4,256,1,0,0,2,1,0,0,0,1,522222
419,150017,back_F0004,救急かばん,エスティバー学園看護部のかばん。女生徒用,6,4,4,2,0,0,2,1,0,0,0,0,522222
420,150018,upper_M0004,看護服上着,エスティバー学園看護部の制服。男子生徒用,6,4,64,1,0,0,1,1,0,0,0,1,522222
421,150019,lower_M0004,看護服ズボン,エスティバー学園看護部の制服。男子生徒用,6,4,128,1,0,0,1,1,0,0,0,1,522222
422,150020,hand_M0004,看護手袋,エスティバー学園看護部の手袋。男子生徒用,6,4,8,1,0,0,1,1,0,0,0,0,522222
423,150021,foot_M0004,看護靴,エスティバー学園看護部の靴。男子生徒用,6,4,256,1,0,0,1,1,0,0,0,1,522222
424,150022,back_M0004,救急かばん,エスティバー学園看護部のかばん。男子生徒用,8,4,4,2,0,0,1,1,0,0,0,0,522222
425,150023,upper_F0003,手芸上着,エスティバー学園手芸部の上着。女生徒用,6,4,64,1,0,0,2,1,0,0,0,1,522222
426,150024,lower_F0003,手芸スカート,エスティバー学園手芸部のスカート。女生徒用,6,4,128,1,0,0,2,1,0,0,0,1,522222
427,150025,foot_F0003,手芸靴,エスティバー学園手芸部の靴。女生徒用,6,4,256,1,0,0,2,1,0,0,0,1,522222
428,150026,,手芸帽子,エスティバー学園手芸部の帽子。女生徒用,6,4,1,2,0,0,2,1,0,0,0,0,522222
429,150027,upper_M0003,手芸上着,エスティバー学園手芸部の上着。男子生徒用,6,4,64,1,0,0,1,1,0,0,0,1,522222
430,150028,lower_M0003,手芸ズボン,エスティバー学園手芸部のズボン。男子生徒用,6,4,128,1,0,0,1,1,0,0,0,1,522222
431,150029,foot_M0003,手芸靴,エスティバー学園手芸部の靴。男子生徒用,6,4,256,1,0,0,1,1,0,0,0,1,522222
432,150030,special_M0005,実験用白衣,エスティバー学園科学部の制服。男子生徒用,6,4,192,1,0,0,1,1,0,0,0,1,522222
433,150031,foot_M0005,実験靴,エスティバー学園科学部の靴。危険な薬品やガラスの破片が落ちても安心。男子生徒用,6,4,256,1,0,0,1,1,0,0,0,1,522222
434,150032,special_F0005,実験用白衣,エスティバー学園科学部の制服。女生徒用,6,4,192,1,0,0,2,1,0,0,0,1,522222
435,150033,foot_F0005,実験靴,エスティバー学園科学部の靴。危険な薬品やガラスの破片が落ちても安心。女生徒用,6,4,256,1,0,0,2,1,0,0,0,1,522222
436,150034,cap_M0004,看護めがね,看護士が好んで使う、格好よく見える眼鏡。エスティバー学園の男子生徒用,6,4,1,2,0,0,1,1,0,0,0,0,522222
437,150035,etc_be050035,ステファノのハンカチ,執事ステファノのハンカチ。こんなものを集める人がいるのか？,7,4,0,0,0,0,0,0,0,0,0,0,522222
438,150036,etc_be050036,ページのハンカチ,図書館司書ページのハンカチ。ページに見付からないように気を付けよう。,7,4,0,0,0,0,0,0,0,0,0,0,522222
439,150037,etc_be050037,変熊のハンカチ,変熊のハンカチ。趣味が悪い。,7,4,0,0,0,0,0,0,0,0,0,0,522222
440,150038,etc_be050038,ビアンカのハンカチ,コレクターの間では超レアアイテムと呼ばれる、ビアンカ先生のレースのハンカチ。入手は困難。,7,4,0,0,0,0,0,0,0,0,0,0,522222
441,150039,special_F0007,飼育服,エスティバー学園飼育部の制服。女生徒用,6,4,192,1,0,0,2,1,0,0,0,1,522222
442,150040,foot_F0007,飼育靴,エスティバー学園飼育部の靴。女生徒用,6,4,256,1,0,0,2,1,0,0,0,1,522222
443,150041,cap_F0007,ネコミミ,エスティバー学園飼育部の帽子。着用すると動物の気持ちがわかる気がしてくる。女生徒用,6,4,1,2,0,0,2,1,0,0,0,0,522222
444,150042,special_M0007,飼育服,エスティバー学園飼育部の制服。男子生徒用,6,4,192,1,0,0,1,1,0,0,0,1,522222
445,150043,foot_M0007,飼育靴,エスティバー学園飼育部の靴。男子生徒用,6,4,256,1,0,0,1,1,0,0,0,1,522222
446,150044,cap_M0007,イヌミミ,エスティバー学園飼育部の帽子。着用すると動物の気持ちがわかる気がしてくる。男子生徒用,6,4,1,2,0,0,1,1,0,0,0,0,522222
447,150045,upper_F0008,サファリシャツ,エスティバー学園探険部の制服。女生徒用,6,4,64,1,0,0,2,1,0,0,0,1,522222
448,150046,lower_F0008,サファリズボン,エスティバー学園探険部の制服。女生徒用,6,4,128,1,0,0,2,1,0,0,0,1,522222
449,150047,foot_F0008,サファリシューズ,エスティバー学園探険部の靴。女生徒用,6,4,256,1,0,0,2,1,0,0,0,1,522222
450,150048,cap_F0008,サファリハット,エスティバー学園探険部の帽子。女生徒用,6,4,1,2,0,0,2,1,0,0,0,0,522222
451,150049,upper_M0008,サファリシャツ,エスティバー学園探険部の上着。男子生徒用,6,4,64,1,0,0,1,1,0,0,0,1,522222
452,150050,lower_M0008,サファリズボン,エスティバー学園探険部のズボン。男子生徒用,6,4,128,1,0,0,1,1,0,0,0,1,522222
453,150051,foot_M0008,サファリシューズ,エスティバー学園探険部の靴。男子生徒用,6,4,256,1,0,0,1,1,0,0,0,1,522222
454,150052,cap_M0008,サファリハット,エスティバー学園探険部の帽子。男子生徒用,6,4,1,2,0,0,1,1,0,0,0,0,522222
455,150053,etc_be050053,発汗！　ナマニエル夫人,ナマニエル夫人が超ホットなサウナでエロエロなポーズを取っている写真集。見るだけで熱くなってくる。,9,4,0,0,0,0,0,0,0,0,0,0,522222
456,150054,etc_be050054,表紙だけエッチな本,表紙だけエッチな本。中身は複雑で難解な英語の論文。最近は幼稚園児でもこんな手ではだまされない。,9,4,0,0,0,0,0,0,0,0,0,0,522222
457,150055,special_M0006,ウェイター服,エスティバー学園の購買アルバイト制服。男子生徒用,6,4,192,1,0,0,1,1,0,0,0,1,522222
458,150056,foot_M0006,ウェイターシューズ,エスティバー学園の購買アルバイト制服に似合う、男性用の靴,6,4,256,1,0,0,1,1,0,0,0,1,522222
459,150057,special_F0006,ウェイトレス服,エスティバー学園の購買アルバイト制服。女生徒用,6,4,192,1,0,0,2,1,0,0,0,1,522222
460,150058,foot_F0006,ウェイトレスシューズ,エスティバー学園の購買アルバイト制服に似合う、可愛い女性用シューズ,6,4,256,1,0,0,2,1,0,0,0,1,522222
461,150059,cap_F0006,ヘアバンド,働く時、髪をしっかり押さえてくれる可愛いヘアバンド。エスティバー学園の女生徒用,6,4,1,2,0,0,2,1,0,0,0,0,522222
462,150060,upper_M1002,冬服上着,宵月学院の冬用制服。男子生徒用<br>(交換/販売不可),6,7,64,1,0,0,1,2,0,0,0,1,522222
463,150061,lower_M1002,冬服ズボン,宵月学院の冬用制服。男子生徒用<br>(交換/販売不可),6,7,128,1,0,0,1,2,0,0,0,1,522222
464,150062,foot_M1002,冬用学生靴,宵月学院の冬用学生靴。男子生徒用<br>(交換/販売不可),6,7,256,1,0,0,1,2,0,0,0,1,522222
465,150063,upper_F1002,冬服上着,宵月学院の冬用制服。女生徒用<br>(交換/販売不可),6,7,64,1,0,0,2,2,0,0,0,1,522222
466,150064,lower_F1002,冬服スカート,宵月学院の冬用制服。女生徒用<br>(交換/販売不可),6,7,128,1,0,0,2,2,0,0,0,1,522222
467,150065,foot_F1002,冬用学生靴,宵月学院の冬用学生靴。女生徒用<br>(交換/販売不可),6,7,256,1,0,0,2,2,0,0,0,1,522222
468,150066,upper_M1001,夏服上着,宵月学院の夏用制服。男子生徒用<br>(交換/販売不可),6,7,64,1,0,0,1,2,0,0,0,1,522222
469,150067,lower_M1001,夏服ズボン,宵月学院の夏用制服。男子生徒用<br>(交換/販売不可),6,7,128,1,0,0,1,2,0,0,0,1,522222
470,150068,foot_M1001,夏用学生靴,宵月学院の夏用学生靴。男子生徒用<br>(交換/販売不可),6,7,256,1,0,0,1,2,0,0,0,1,522222
471,150069,special_F1001,夏服,宵月学院の夏用制服。女生徒用<br>(交換/販売不可),6,7,192,1,0,0,2,2,0,0,0,1,522222
472,150070,foot_F1001,夏用学生靴,宵月学院の夏用学生靴。女生徒用<br>(交換/販売不可),6,7,256,1,0,0,2,2,0,0,0,1,522222
473,150071,cap_F1004,看護帽,宵月学院看護部の帽子。女生徒用,6,4,1,2,0,0,2,2,0,0,0,0,522222
474,150072,hand_F1004,看護手袋,宵月学院看護部の手袋。女生徒用,6,4,8,1,0,0,2,2,0,0,0,0,522222
475,150073,special_F1004,看護服,宵月学院看護部の制服。女生徒用,6,4,192,1,0,0,2,2,0,0,0,1,522222
476,150074,foot_F1004,看護靴,宵月学院看護部の靴。女生徒用,6,4,256,1,0,0,2,2,0,0,0,1,522222
477,150075,cap_M1004,看護帽,宵月学院看護部の帽子。男子生徒用,6,4,1,2,0,0,1,2,0,0,0,0,522222
478,150076,hand_M1004,看護手袋,宵月学院看護部の手袋。男子生徒用,6,4,8,1,0,0,1,2,0,0,0,0,522222
479,150077,special_M1004,看護服,宵月学院看護部の制服。男子生徒用,6,4,192,1,0,0,1,2,0,0,0,1,522222
480,150078,foot_M1004,看護靴,宵月学院看護部の靴。男子生徒用,6,4,256,1,0,0,1,2,0,0,0,1,522222
481,150079,cap_F1007,キツネ帽,宵月学院飼育部の帽子。着用すると動物の気持ちがわかるような気がする。女生徒用,6,4,1,2,0,0,2,2,0,0,0,0,522222
482,150080,special_F1007,飼育服,宵月学院飼育部の制服。女生徒用,6,4,192,1,0,0,2,2,0,0,0,1,522222
483,150081,foot_F1007,飼育靴,宵月学院飼育部の靴。女生徒用,6,4,256,1,0,0,2,2,0,0,0,1,522222
484,150082,cap_M1007,クマ帽,宵月学院飼育部の帽子。着用すると動物の気持ちがわかるような気がする。男子生徒用,6,4,1,2,0,0,1,2,0,0,0,0,522222
485,150083,special_M1007,飼育服,宵月学院飼育部の制服。男子生徒用,6,4,192,1,0,0,1,2,0,0,0,1,522222
486,150084,foot_M1007,飼育靴,宵月学院飼育部の靴。男子生徒用,6,4,256,1,0,0,1,2,0,0,0,1,522222
487,150085,cap_F1005,実験マスク,宵月学院科学部のマスク。女生徒用,6,4,1,2,0,0,2,2,0,0,0,0,522222
488,150086,hand_M1005,実験手袋,宵月学院科学部の手袋。男子生徒用,6,4,8,1,0,0,1,2,0,0,0,0,522222
489,150087,special_F1005,実験用白衣,宵月学院科学部の制服。女生徒用,6,4,192,1,0,0,2,2,0,0,0,1,522222
490,150088,foot_F1005,実験靴,宵月学院科学部の靴。女生徒用,6,4,256,1,0,0,2,2,0,0,0,1,522222
491,150089,cap_M1005,実験マスク,宵月学院科学部のマスク。男子生徒用,6,4,1,2,0,0,1,2,0,0,0,0,522222
492,150090,special_M1005,実験用白衣,宵月学院科学部の制服。男子生徒用,6,4,192,1,0,0,1,2,0,0,0,1,522222
493,150091,foot_M1005,実験靴,宵月学院科学部の靴。男子生徒用,6,4,256,1,0,0,1,2,0,0,0,1,522222
494,150092,special_M9001,サンタ学生服,クリスマスシーズン用にデザインされた衣装。クリスマスシーズンのみ、制服として認められる,6,4,192,1,0,0,1,0,0,0,0,1,522222
495,150093,cap_M9001,サンタ帽,サンタ衣装のポイント。見た目以上に保温効果がある,6,4,1,2,0,0,1,0,0,0,0,0,522222
496,150094,foot_M9001,サンタブーツ,雪で滑らないように設計されている,6,4,256,1,0,0,1,0,0,0,0,1,522222
497,150095,special_F9001,サンタ学生服,クリスマスシーズン用にデザインされた衣装。クリスマスシーズンのみ、制服として認められる,6,4,192,1,0,0,2,0,0,0,0,1,522222
498,150096,cap_F9001,サンタ帽,サンタ衣装のポイント。見た目以上に保温効果がある,6,4,1,2,0,0,2,0,0,0,0,0,522222
499,150097,foot_F9001,サンタブーツ,雪で滑らないように設計されている,6,4,256,1,0,0,2,0,0,0,0,1,522222
500,150098,hand_M9001,サンタ手袋,白と赤が映えて印象的な手袋。手のひら側は柔らかい皮で出来ていて、高級感がある,6,4,8,1,0,0,1,0,0,0,0,0,522222
501,150099,hand_F9001,サンタ手袋,白と赤が映えて印象的な手袋。手のひら側は柔らかい皮で出来ていて、高級感がある,6,4,8,1,0,0,2,0,0,0,0,0,522222
502,150100,hand_F1005,実験手袋,宵月学院科学部の手袋。女生徒用,6,4,8,1,0,0,2,2,0,0,0,0,522222
503,150101,upper_M0009,バスケ部ユニフォーム,エスティバー学園バスケットボール部のユニフォーム。男子生徒用,6,4,64,1,0,0,1,1,0,0,0,1,522222
504,150102,lower_M0009,バスケ部ショートパンツ,エスティバー学園バスケットボール部のユニフォーム。男子生徒用,6,4,128,1,0,0,1,1,0,0,0,1,522222
505,150103,foot_M0009,バスケットシューズ,エスティバー学園バスケットボール部のシューズ。男子生徒用,6,4,256,1,0,0,1,1,0,0,0,1,522222
506,150104,upper_F0009,バスケ部ユニフォーム,エスティバー学園バスケットボール部のユニフォーム。女生徒用,6,4,64,1,0,0,2,1,0,0,0,1,522222
507,150105,lower_F0009,バスケ部ショートパンツ,エスティバー学園バスケットボール部のユニフォーム。女生徒用,6,4,128,1,0,0,2,1,0,0,0,1,522222
508,150106,foot_F0009,バスケットシューズ,エスティバー学園バスケットボール部のシューズ。女生徒用,6,4,256,1,0,0,2,1,0,0,0,1,522222
509,150107,special_M0010,コート,エスティバー学園の冬用コート。男子生徒用,6,4,192,1,0,0,1,1,0,0,0,1,522222
510,150108,special_F0010,コート,エスティバー学園の冬用コート。女生徒用,6,4,192,1,0,0,2,1,0,0,0,1,522222
511,150109,upper_M0011,体操着,エスティバー学園の体操着。男子生徒用,6,4,64,1,0,0,1,1,0,0,0,1,522222
512,150110,lower_M0011,短パン,エスティバー学園の体操着。男子生徒用,6,4,128,1,0,0,1,1,0,0,0,1,522222
513,150111,upper_F0011,体操着,エスティバー学園の体操着。女生徒用,6,4,64,1,0,0,2,1,0,0,0,1,522222
514,150112,lower_F0011,短パン,エスティバー学園の体操着。女生徒用,6,4,128,1,0,0,2,1,0,0,0,1,522222
515,150113,upper_M0012,トレーニングウェア,エスティバー学園の冬用トレーニングウェア。男子生徒用,6,4,64,1,0,0,1,1,0,0,0,1,522222
516,150114,lower_M0012,トレパン,エスティバー学園の冬用トレーニングウェア。男子生徒用,6,4,128,1,0,0,1,1,0,0,0,1,522222
517,150115,upper_F0012,トレーニングウェア,エスティバー学園の冬用トレーニングウェア。女生徒用,6,4,64,1,0,0,2,1,0,0,0,1,522222
518,150116,lower_F0012,トレパン,エスティバー学園の冬用トレーニングウェア。女生徒用,6,4,128,1,0,0,2,1,0,0,0,1,522222
519,150117,upper_M0013,カーディガン,エスティバー学園のカーディガン。男子生徒用,6,4,64,1,0,0,1,1,0,0,0,1,522222
520,150118,upper_F0013,カーディガン,エスティバー学園のカーディガン。女生徒用,6,4,64,1,0,0,2,1,0,0,0,1,522222
521,150119,upper_M0014,生徒会服,エスティバー学園生徒会の専用制服。男子生徒用,6,4,64,1,0,0,1,1,0,0,0,1,522222
522,150120,lower_M0014,生徒会ズボン,エスティバー学園生徒会の専用制服。男子生徒用,6,4,128,1,0,0,1,1,0,0,0,1,522222
523,150121,foot_M0014,生徒会靴,エスティバー学園生徒会の専用靴。男子生徒用,6,4,256,1,0,0,1,1,0,0,0,1,522222
524,150122,special_F0014,生徒会服,エスティバー学園生徒会の専用制服。女生徒用,6,4,192,1,0,0,2,1,0,0,0,1,522222
525,150123,lower_F0014,生徒会制服スカート,エスティバー学園生徒会の専用制服。女生徒用,6,4,128,1,0,0,2,1,0,0,0,1,522222
526,150124,foot_F0014,生徒会靴,エスティバー学園生徒会の専用靴。女生徒用,6,4,256,1,0,0,2,1,0,0,0,1,522222
527,150125,special_M0015,水着,エスティバー学園水泳部のユニフォーム。男子生徒用,6,4,192,1,0,0,1,1,0,0,0,1,522222
528,150126,special_F0015,スクール水着,エスティバー学園水泳部のユニフォーム。女生徒用,6,4,192,1,0,0,2,1,0,0,0,1,522222
529,150127,upper_M0016,夏服上着,エスティバー学園の夏用制服のバリエーション。男子生徒用,6,4,64,1,0,0,1,1,0,0,0,1,522222
530,150128,lower_M0016,夏服ズボン,エスティバー学園の夏用制服のバリエーション。男子生徒用,6,4,128,1,0,0,1,1,0,0,0,1,522222
531,150129,upper_M0017,冬服上着,エスティバー学園の冬用制服のバリエーション。男子生徒用,6,4,64,1,0,0,1,1,0,0,0,1,522222
532,150130,upper_F0016,夏服上着,エスティバー学園の夏用制服のバリエーション。女生徒用,6,4,64,1,0,0,2,1,0,0,0,1,522222
533,150131,lower_F0016,夏服ショートパンツ,エスティバー学園の夏用制服のバリエーション。女生徒用,6,4,128,1,0,0,2,1,0,0,0,1,522222
534,150132,special_F0017,冬服,エスティバー学園の冬用制服のバリエーション。女生徒用,6,4,192,1,0,0,2,1,0,0,0,1,522222
535,150133,upper_M0026,ギャンブラージャケット,エスティバー学園ギャンブル部の制服。男子生徒用,6,4,64,1,0,0,1,1,0,0,0,1,522222
536,150134,lower_M0026,ギャンブラーズボン,エスティバー学園ギャンブル部の制服。男子生徒用,6,4,128,1,0,0,1,1,0,0,0,1,522222
537,150135,foot_M0026,ギャンブラーシューズ,エスティバー学園ギャンブル部の靴。男子生徒用,6,4,256,1,0,0,1,1,0,0,0,1,522222
538,150136,upper_F0026,ギャンブラージャケット,エスティバー学園ギャンブル部の制服。女生徒用,6,4,64,1,0,0,2,1,0,0,0,1,522222
539,150137,lower_F0026,ギャンブラースカート,エスティバー学園ギャンブル部の制服。女生徒用,6,4,128,1,0,0,2,1,0,0,0,1,522222
540,150138,foot_F0026,ギャンブラーシューズ,エスティバー学園ギャンブル部の靴。女生徒用,6,4,256,1,0,0,2,1,0,0,0,1,522222
541,150139,upper_M0019,格闘服・上,エスティバー学園格闘部の制服。男子生徒用,6,4,64,1,0,0,1,1,0,0,0,1,522222
542,150140,lower_M0019,格闘服・下,エスティバー学園格闘部の制服。男子生徒用,6,4,128,1,0,0,1,1,0,0,0,1,522222
543,150141,hand_M0019,ナックルガード,エスティバー学園格闘部の手袋。緩衝材が拳を守っているので、殴る方も殴られる方も安心。男子生徒用,6,4,8,1,0,0,1,1,0,0,0,0,522222
544,150142,cap_M0019,根性ハチマキ,エスティバー学園格闘部の頭保護具。男子生徒用,6,4,1,2,0,0,1,1,0,0,0,0,522222
545,150143,foot_M0019,ビルドアップシューズ,エスティバー学園格闘部の靴。体を鍛えるためのウェイト付き。男子生徒用,6,4,256,1,0,0,1,1,0,0,0,1,522222
546,150144,upper_F0019,格闘服・上,エスティバー学園格闘部の制服。女生徒用,6,4,64,1,0,0,2,1,0,0,0,1,522222
547,150145,lower_F0019,格闘服・下,エスティバー学園格闘部の制服。女生徒用,6,4,128,1,0,0,2,1,0,0,0,1,522222
548,150146,hand_F0019,ナックルガード,エスティバー学園格闘部の手袋。緩衝材が拳を守っているので、殴る方も殴られる方も安心。女生徒用,6,4,8,1,0,0,2,1,0,0,0,0,522222
549,150147,cap_F0019,根性ハチマキ,エスティバー学園格闘部の頭保護具。女生徒用,6,4,1,2,0,0,2,1,0,0,0,0,522222
550,150148,foot_F0019,ビルドアップシューズ,エスティバー学園格闘部の靴。体を鍛えるためのウェイト付き。女生徒用,6,4,256,1,0,0,2,1,0,0,0,1,522222
551,150149,upper_M0023,料理服・上,エスティバー学園料理部の制服。男子生徒用,6,4,64,1,0,0,1,1,0,0,0,1,522222
552,150150,lower_M0023,料理服・下,エスティバー学園料理部の制服。男子生徒用,6,4,128,1,0,0,1,1,0,0,0,1,522222
553,150151,cap_M0023,料理帽,エスティバー学園料理部の帽子。男子生徒用,6,4,1,2,0,0,1,1,0,0,0,0,522222
554,150152,foot_M0023,料理靴,エスティバー学園料理部の靴。男子生徒用,6,4,256,1,0,0,1,1,0,0,0,1,522222
555,150153,upper_F0023,料理服,エスティバー学園料理部の制服。女生徒用,6,4,64,1,0,0,2,1,0,0,0,1,522222
556,150154,lower_F0023,エプロンスカート,エスティバー学園料理部の制服。女生徒用,6,4,128,1,0,0,2,1,0,0,0,1,522222
557,150155,cap_F0023,料理帽,エスティバー学園料理部の帽子。女生徒用,6,4,1,2,0,0,2,1,0,0,0,0,522222
558,150156,foot_F0023,料理靴,エスティバー学園料理部の靴。女生徒用,6,4,256,1,0,0,2,1,0,0,0,1,522222
559,150157,upper_M0025,応援服上着,エスティバー学園応援部の制服。男子生徒用,6,4,64,1,0,0,1,1,0,0,0,1,522222
560,150158,lower_M0025,応援服ズボン,エスティバー学園応援部の制服。男子生徒用,6,4,128,1,0,0,1,1,0,0,0,1,522222
561,150159,hand_M0025,応援手袋,エスティバー学園応援部の手袋。男子生徒用,6,4,8,1,0,0,1,1,0,0,0,0,522222
562,150160,foot_M0025,応援靴,エスティバー学園応援部の靴。男子生徒用,6,4,256,1,0,0,1,1,0,0,0,1,522222
563,150161,tool_M0025,応援小道具,エスティバー学園応援部の応援小道具。男子生徒用,6,4,16,2,0,0,1,1,0,0,0,0,522222
564,150162,upper_F0025,チアユニフォーム,エスティバー学園応援部の制服。女生徒用,6,4,64,1,0,0,2,1,0,0,0,1,522222
565,150163,lower_F0025,チアスカート,エスティバー学園応援部の制服。女生徒用,6,4,128,1,0,0,2,1,0,0,0,1,522222
566,150164,lower_F0021,チアリーダー手袋,エスティバー学園応援部の手袋。女生徒用,6,4,8,1,0,0,2,1,0,0,0,0,522222
567,150165,foot_F0025,チアシューズ,エスティバー学園応援部の靴。女生徒用,6,4,256,1,0,0,2,1,0,0,0,1,522222
568,150166,tool_F0025,チア小道具,エスティバー学園応援部の応援小道具。女生徒用,6,4,16,2,0,0,2,1,0,0,0,0,522222
569,150167,upper_M0024,ジェントルマンスーツ,エスティバー学園ティータイム部の制服。男子生徒用,6,4,64,1,0,0,1,1,0,0,0,1,522222
570,150168,lower_M0024,ジェントルマンズボン,エスティバー学園ティータイム部の制服。男子生徒用,6,4,128,1,0,0,1,1,0,0,0,1,522222
571,150169,cap_M0024,シルクハット,エスティバー学園ティータイム部の帽子。男子生徒用,6,4,1,2,0,0,1,1,0,0,0,0,522222
572,150170,foot_M0024,ジェントルマンシューズ,エスティバー学園ティータイム部の靴。男子生徒用,6,4,256,1,0,0,1,1,0,0,0,1,522222
573,150171,special_F0024,マドモワゼルドレス,エスティバー学園ティータイム部の制服。女生徒用,6,4,192,1,0,0,2,1,0,0,0,1,522222
574,150172,cap_F0024,マドモワゼルハット,エスティバー学園ティータイム部の帽子。女生徒用,6,4,1,2,0,0,2,1,0,0,0,0,522222
575,150173,foot_F0024,マドモワゼルシューズ,エスティバー学園ティータイム部の靴。女生徒用,6,4,256,1,0,0,2,1,0,0,0,1,522222
576,150174,tool_F0024,優雅な扇,エスティバー学園ティータイム部の扇。女性専用小道具,6,4,16,2,0,0,2,1,0,0,0,0,522222
577,150175,special_M1006,購買アルバイト服,宵月学院の購買アルバイトの制服。男子生徒用,6,4,192,1,0,0,1,2,0,0,0,1,522222
578,150176,foot_M1006,購買アルバイト靴,宵月学院の購買アルバイト用靴。男子生徒用,6,4,256,1,0,0,1,2,0,0,0,1,522222
579,150177,cap_M1006,購買アルバイトハチマキ,宵月学院の購買アルバイト用ハチマキ。男子生徒用,6,4,1,2,0,0,1,2,0,0,0,0,522222
580,150178,special_F1006,購買アルバイト服,宵月学院の購買アルバイトの制服。女生徒用,6,4,192,1,0,0,2,2,0,0,0,1,522222
581,150179,foot_F1006,購買アルバイト靴,宵月学院の購買アルバイト用靴。女生徒用,6,4,256,1,0,0,2,2,0,0,0,1,522222
582,150180,cap_F1006,購買アルバイト頭巾,宵月学院の購買アルバイト用頭巾。女生徒用,6,4,1,2,0,0,2,2,0,0,0,0,522222
583,150181,special_M1015,スイムウェア,宵月学院水泳部のユニフォーム。男子生徒用,6,4,192,1,0,0,1,2,0,0,0,1,522222
584,150182,special_F1015,競泳水着,宵月学院水泳部のユニフォーム。女生徒用,6,4,192,1,0,0,2,2,0,0,0,1,522222
585,150183,upper_M1016,夏服上着,宵月学院の夏用制服のバリエーション。男子生徒用,6,4,64,1,0,0,1,2,0,0,0,1,522222
586,150184,lower_M1016,夏服ズボン,宵月学院の夏用制服のバリエーション。男子生徒用,6,4,128,1,0,0,1,2,0,0,0,1,522222
587,150185,upper_M1017,冬服上着,宵月学院の冬用制服のバリエーション。男子生徒用,6,4,64,1,0,0,1,2,0,0,0,1,522222
588,150186,upper_F1016,夏服上着,宵月学院の夏用制服のバリエーション。女生徒用,6,4,64,1,0,0,2,2,0,0,0,1,522222
589,150187,lower_F1016,夏服スカート,宵月学院の夏用制服のバリエーション。女生徒用,6,4,128,1,0,0,2,2,0,0,0,1,522222
590,150188,lower_F1017,冬服スカート,宵月学院の冬用制服のバリエーション。女生徒用,6,4,128,1,0,0,2,2,0,0,0,1,522222
591,150189,upper_M1018,サッカーユニフォーム･上,宵月学院サッカー部のユニフォーム。男子生徒用,6,4,64,1,0,0,1,2,0,0,0,1,522222
592,150190,lower_M1018,サッカーユニフォーム・下,宵月学院サッカー部のユニフォーム。男子生徒用,6,4,128,1,0,0,1,2,0,0,0,1,522222
593,150191,foot_M1018,サッカーシューズ,宵月学院サッカー部のシューズ。男子生徒用,6,4,256,1,0,0,1,2,0,0,0,1,522222
594,150192,upper_F1018,サッカーユニフォーム･上,宵月学院サッカー部のユニフォーム。女生徒用,6,4,64,1,0,0,2,2,0,0,0,1,522222
595,150193,lower_F1018,サッカーユニフォーム・下,宵月学院サッカー部のユニフォーム。女生徒用,6,4,128,1,0,0,2,2,0,0,0,1,522222
596,150194,foot_F1018,サッカーシューズ,宵月学院サッカー部のシューズ。女生徒用,6,4,256,1,0,0,2,2,0,0,0,1,522222
597,150195,special_M1019,忍装束,宵月学院忍者部の装束。男子生徒用,6,4,192,1,0,0,1,2,0,0,0,1,522222
598,150196,foot_M1019,忍脚絆,宵月学院忍者部の脚絆（きゃはん）。修行次第で、音を立てずに歩くことが出来る。男子生徒用,6,4,256,1,0,0,1,2,0,0,0,1,522222
599,150197,hand_M1019,忍手甲,宵月学院忍者部の手袋。男子生徒用,6,4,8,1,0,0,1,2,0,0,0,0,522222
600,150198,cap_M1019,忍面頬,宵月学院忍者部の面頬（めんほお）。男子生徒用,6,4,1,2,0,0,1,2,0,0,0,0,522222
601,150199,special_F1019,忍装束,宵月学院忍者部の装束。女生徒用,6,4,192,1,0,0,2,2,0,0,0,1,522222
602,150200,foot_F1019,忍脚絆,宵月学院忍者部の脚絆（きゃはん）。修行次第で、音を立てずに歩くことが出来る。女生徒用,6,4,256,1,0,0,2,2,0,0,0,1,522222
603,150201,hand_F1019,忍手甲,宵月学院忍者部の手袋。女生徒用,6,4,8,1,0,0,2,2,0,0,0,0,522222
604,150202,cap_F1019,忍頭巾,宵月学院忍者部の帽子。女生徒用,6,4,1,2,0,0,2,2,0,0,0,0,522222
605,150203,special_M1020,ラッチュー着ぐるみ,宵月学院着ぐるみ部の制服。男子生徒用,6,4,192,1,0,0,1,2,0,0,0,1,522222
606,150204,foot_M1020,ラッチュー靴,宵月学院着ぐるみ部の靴。男子生徒用,6,4,256,1,0,0,1,2,0,0,0,1,522222
607,150205,hand_M1020,ラッチュー手袋,宵月学院着ぐるみ部の手袋。男子生徒用,6,4,8,1,0,0,1,2,0,0,0,0,522222
608,150206,cap_M1020,ラッチュー帽子,宵月学院着ぐるみ部の帽子。男子生徒用,6,4,1,2,0,0,1,2,0,0,0,0,522222
609,150207,special_F1020,ゲトー着ぐるみ,宵月学院着ぐるみ部の制服。女生徒用,6,4,192,1,0,0,2,2,0,0,0,1,522222
610,150208,foot_F1020,ゲトー靴,宵月学院着ぐるみ部の靴。女生徒用,6,4,256,1,0,0,2,2,0,0,0,1,522222
611,150209,hand_F1020,ゲトー手袋,宵月学院着ぐるみ部の手袋。女生徒用,6,4,8,1,0,0,2,2,0,0,0,0,522222
612,150210,cap_F1020,ゲトー帽子,宵月学院着ぐるみ部の帽子。女生徒用,6,4,1,2,0,0,2,2,0,0,0,0,522222
613,150211,special_M1027,剣道着,宵月学院剣道部の防具。男子生徒用,6,4,192,1,0,0,1,2,0,0,0,1,522222
614,150212,hand_M1027,籠手,宵月学院剣道部の腕用防具。男子生徒用,6,4,8,1,0,0,1,2,0,0,0,0,522222
615,150213,foot_M1027,紐足袋,宵月学院剣道部の足袋。男子生徒用,6,4,256,1,0,0,1,2,0,0,0,1,522222
616,150214,special_F1027,剣道着,宵月学院剣道部の防具。女生徒用,6,4,192,1,0,0,2,2,0,0,0,1,522222
617,150215,hand_F1027,籠手,宵月学院剣道部の腕用防具。女生徒用,6,4,8,1,0,0,2,2,0,0,0,0,522222
618,150216,foot_F1027,紐足袋,宵月学院剣道部の足袋。女生徒用,6,4,256,1,0,0,2,2,0,0,0,1,522222
619,150217,upper_M1024,飲茶服,宵月学院飲茶部の制服。男子生徒用,6,4,64,1,0,0,1,2,0,0,0,1,522222
620,150218,lower_M1024,飲茶ズボン,宵月学院飲茶部のズボン。男子生徒用,6,4,128,1,0,0,1,2,0,0,0,1,522222
621,150219,cap_M1024,飲茶帽,宵月学院飲茶部の帽子。男子生徒用,6,4,1,2,0,0,1,2,0,0,0,0,522222
622,150220,foot_M1024,飲茶靴,宵月学院飲茶部の靴。男子生徒用,6,4,256,1,0,0,1,2,0,0,0,1,522222
623,150221,special_F1024,飲茶ドレス,宵月学院飲茶部の制服。女生徒用,6,4,192,1,0,0,2,2,0,0,0,1,522222
624,150222,cap_F1024,飲茶シニョン,宵月学院飲茶部の髪留め。女生徒用,6,4,1,2,0,0,2,2,0,0,0,0,522222
625,150223,foot_F1024,飲茶靴,宵月学院飲茶部の靴。女生徒用,6,4,256,1,0,0,2,2,0,0,0,1,522222
626,150224,special_M1023,料理服,宵月学院料理部の制服。男子生徒用,6,4,192,1,0,0,1,2,0,0,0,1,522222
627,150225,cap_M1023,料理帽,宵月学院料理部の帽子。男子生徒用,6,4,1,2,0,0,1,2,0,0,0,0,522222
628,150226,foot_M1023,料理サンダル,宵月学院料理部のサンダル。男子生徒用,6,4,256,1,0,0,1,2,0,0,0,1,522222
629,150227,special_F1023,料理服,宵月学院料理部の制服。女生徒用,6,4,192,1,0,0,2,2,0,0,0,1,522222
630,150228,cap_F1023,料理帽,宵月学院料理部の帽子。女生徒用,6,4,1,2,0,0,2,2,0,0,0,0,522222
631,150229,foot_F1023,料理スリッパ,宵月学院料理部のスリッパ。女生徒用,6,4,256,1,0,0,2,2,0,0,0,1,522222
632,150230,special_M1025,応援服,宵月学院応援部の制服。男子生徒用,6,4,192,1,0,0,1,2,0,0,0,1,522222
633,150231,lower_M1025,応援服ズボン,宵月学院応援部の制服。男子生徒用,6,4,128,1,0,0,1,2,0,0,0,1,522222
634,150232,cap_M1025,必勝ハチマキ,宵月学院応援部のハチマキ。男子生徒用,6,4,1,2,0,0,1,2,0,0,0,0,522222
635,150233,foot_M1025,応援靴,宵月学院応援部の靴。男子生徒用,6,4,256,1,0,0,1,2,0,0,0,1,522222
636,150234,tool_M1025,応援小道具,宵月学院応援部の応援小道具。男子生徒用,6,4,16,2,0,0,1,2,0,0,0,0,522222
637,150235,special_F1025,チアユニフォーム,宵月学院応援部の制服。女生徒用,6,4,192,1,0,0,2,2,0,0,0,1,522222
638,150236,hand_F1025,チアリーダー手袋,宵月学院応援部の手袋。女生徒用,6,4,8,1,0,0,2,2,0,0,0,0,522222
639,150237,foot_F1025,チアシューズ,宵月学院応援部の靴。女生徒用,6,4,256,1,0,0,2,2,0,0,0,1,522222
640,150238,tool_F1025,チアグッズ,宵月学院応援部の応援小道具。女生徒用,6,4,16,2,0,0,2,2,0,0,0,0,522222
641,150239,special_M1003,手芸服,宵月学院手芸部の衣装。男子生徒用,6,4,192,1,0,0,1,2,0,0,0,1,522222
642,150240,foot_M1003,手芸靴,宵月学院手芸部の靴。男子生徒用,6,4,256,1,0,0,1,2,0,0,0,1,522222
643,150241,special_F1003,手芸服,宵月学院手芸部の衣装。女生徒用,6,4,192,1,0,0,2,2,0,0,0,1,522222
644,150242,cap_F1003,手芸帽子,宵月学院手芸部の帽子。女生徒用,6,4,1,2,0,0,2,2,0,0,0,0,522222
645,150243,foot_F1003,手芸靴,宵月学院手芸部の靴。女生徒用,6,4,256,1,0,0,2,2,0,0,0,1,522222
646,150244,special_M0021,アトリエエプロン,エスティバー学園美術部の制服。男子生徒用<br>(2006年12月中に消滅します。詳しい日程は、ヨーグルティング公式サイトをご確認下さい),6,5,192,1,0,0,1,1,0,0,0,1,522222
647,150245,special_F0021,アトリエエプロン,エスティバー学園美術部の制服。女生徒用<br>(2006年12月中に消滅します。詳しい日程は、ヨーグルティング公式サイトをご確認下さい),6,5,192,1,0,0,2,1,0,0,0,1,522222
648,150246,upper_M1009,バスケ部ユニフォーム,宵月学院バスケットボール部のユニフォーム。男子生徒用,6,4,64,1,0,0,1,2,0,0,0,1,522222
649,150247,lower_M1009,バスケ部ショートパンツ,宵月学院バスケットボール部のユニフォーム。男子生徒用,6,4,128,1,0,0,1,2,0,0,0,1,522222
650,150248,foot_M1009,バスケットシューズ,宵月学院バスケットボール部のシューズ。男子生徒用,6,4,256,1,0,0,1,2,0,0,0,1,522222
651,150249,upper_F1009,バスケ部ユニフォーム,宵月学院バスケットボール部のユニフォーム。女生徒用,6,4,64,1,0,0,2,2,0,0,0,1,522222
652,150250,lower_F1009,バスケ部ショートパンツ,宵月学院バスケットボール部のユニフォーム。女生徒用,6,4,128,1,0,0,2,2,0,0,0,1,522222
653,150251,foot_F1009,バスケットシューズ,宵月学院バスケットボール部のシューズ。女生徒用,6,4,256,1,0,0,2,2,0,0,0,1,522222
654,150252,upper_M1021,アトリエ服,宵月学院美術部の制服。男子生徒用,6,4,64,1,0,0,1,2,0,0,0,1,522222
655,150253,cap_M1021,ベレー帽,宵月学院美術部の帽子。男子生徒用,6,4,1,2,0,0,1,2,0,0,0,0,522222
656,150254,upper_F1021,アトリエ服,宵月学院美術部の制服。女生徒用,6,4,64,1,0,0,2,2,0,0,0,1,522222
657,150255,cap_F1021,ベレー帽,宵月学院美術部の帽子。女生徒用,6,4,1,2,0,0,2,2,0,0,0,0,522222
658,150256,special_M1010,コート,宵月学院の冬服コート。男子生徒用,6,4,192,1,0,0,1,2,0,0,0,1,522222
659,150257,special_F1010,コート,宵月学院の冬服コート。女生徒用,6,4,192,1,0,0,2,2,0,0,0,1,522222
660,150258,upper_M1011,トレーニングウェア・上,宵月学院の夏用トレーニングウェア。男子生徒用,6,4,64,1,0,0,1,2,0,0,0,1,522222
661,150259,lower_M1011,トレーニングウェア・下,宵月学院の夏用トレーニングウェア。男子生徒用,6,4,128,1,0,0,1,2,0,0,0,1,522222
662,150260,upper_F1012,スウェットスーツ,宵月学院の冬用トレーニングウェア。女生徒用,6,4,64,1,0,0,2,2,0,0,0,1,522222
663,150261,lower_F1012,スパッツ,宵月学院の冬用トレーニングウェア。女生徒用,6,4,128,1,0,0,2,2,0,0,0,1,522222
664,150262,upper_M1012,トレーニングウェア・上,宵月学院の冬用トレーニングウェア。男子生徒用,6,4,64,1,0,0,1,2,0,0,0,1,522222
665,150263,lower_M1012,トレーニングウェア・下,宵月学院の冬用トレーニングウェア。男子生徒用,6,4,128,1,0,0,1,2,0,0,0,1,522222
666,150264,special_F1011,スウェットスーツ,宵月学院の夏用トレーニングウェア。女生徒用,6,4,192,1,0,0,2,2,0,0,0,1,522222
667,150265,upper_M1013,ニット,宵月学院のニット。男子生徒用,6,4,64,1,0,0,1,2,0,0,0,1,522222
668,150266,upper_F1013,ニット,宵月学院のニット。女生徒用,6,4,64,1,0,0,2,2,0,0,0,1,522222
669,150267,upper_M1014,生徒会服,宵月学院生徒会の専用制服。男子生徒用,6,4,64,1,0,0,1,2,0,0,0,1,522222
670,150268,lower_M1014,生徒会ズボン,宵月学院生徒会の専用制服。男子生徒用,6,4,128,1,0,0,1,2,0,0,0,1,522222
671,150269,foot_M1014,生徒会靴,宵月学院生徒会の専用靴。男子生徒用,6,4,256,1,0,0,1,2,0,0,0,1,522222
672,150270,upper_F1014,生徒会服,宵月学院生徒会の専用制服。女生徒用,6,4,64,1,0,0,2,2,0,0,0,1,522222
673,150271,lower_F1014,生徒会スカート,宵月学院生徒会の専用制服。女生徒用,6,4,128,1,0,0,2,2,0,0,0,1,522222
674,150272,foot_F1014,生徒会靴,宵月学院生徒会の専用靴。女生徒用,6,4,256,1,0,0,2,2,0,0,0,1,522222
675,150273,hand_F0023,鍋つかみ,エスティバー学園料理部の手袋。女生徒用,6,4,8,1,0,0,2,1,0,0,0,0,522222
676,150274,upper_M0018,アメフト部ユニフォーム・上,エスティバー学園アメフト部のユニフォーム。男子生徒用,6,4,64,1,0,0,1,1,0,0,0,1,522222
677,150275,lower_M0018,アメフト部ユニフォーム・下,エスティバー学園アメフト部のユニフォーム。男子生徒用,6,4,128,1,0,0,1,1,0,0,0,1,522222
678,150276,foot_M0018,アメフトシューズ,エスティバー学園アメフト部のシューズ。男子生徒用,6,4,256,1,0,0,1,1,0,0,0,1,522222
679,150277,cap_M0018,アメフトヘルメット,エスティバー学園アメフト部のヘルメット。男子生徒用,6,4,1,2,0,0,1,1,0,0,0,0,522222
680,150278,upper_F0018,アメフト部ユニフォーム・上,エスティバー学園アメフト部のユニフォーム。女生徒用,6,4,64,1,0,0,2,1,0,0,0,1,522222
681,150279,lower_F0018,アメフト部ユニフォーム・下,エスティバー学園アメフト部のユニフォーム。女生徒用,6,4,128,1,0,0,2,1,0,0,0,1,522222
682,150280,foot_F0018,アメフトシューズ,エスティバー学園アメフト部のシューズ。女生徒用,6,4,256,1,0,0,2,1,0,0,0,1,522222
683,150281,cap_F0018,アメフトヘルメット,エスティバー学園アメフト部のヘルメット。女生徒用,6,4,1,2,0,0,2,1,0,0,0,0,522222
684,150282,upper_M0022,ロボティックジャケット,エスティバー学園ロボット研究部の制服。男子生徒用,6,4,64,1,0,0,1,1,0,0,0,1,522222
685,150283,lower_M0022,ロボティックパンツ,エスティバー学園ロボット研究部のズボン。男子生徒用,6,4,128,1,0,0,1,1,0,0,0,1,522222
686,150284,foot_M0022,ロボティックブーツ,エスティバー学園ロボット研究部の靴。男子生徒用,6,4,256,1,0,0,1,1,0,0,0,1,522222
687,150285,hand_M0022,ロボティックハンド,エスティバー学園ロボット研究部の手袋。男子生徒用,6,4,8,1,0,0,1,1,0,0,0,0,522222
688,150286,special_F0022,ロボティックスーツ,エスティバー学園ロボット研究部の制服。女生徒用,6,4,192,1,0,0,2,1,0,0,0,1,522222
689,150287,foot_F0022,ロボティックブーツ,エスティバー学園ロボット研究部の靴。女生徒用,6,4,256,1,0,0,2,1,0,0,0,1,522222
690,150288,hand_F0022,ロボティックハンド,エスティバー学園ロボット研究部の手袋。女生徒用,6,4,8,1,0,0,2,1,0,0,0,0,522222
691,150289,upper_M1026,テコンドー服・上,宵月学院テコンドー部のユニフォーム。男子生徒用<br>(2006年12月中に消滅します。詳しい日程は、ヨーグルティング公式サイトをご確認下さい),6,5,64,1,0,0,1,2,0,0,0,1,522222
692,150290,lower_M1026,テコンドー服・下,宵月学院テコンドー部のユニフォーム。男子生徒用<br>(2006年12月中に消滅します。詳しい日程は、ヨーグルティング公式サイトをご確認下さい),6,5,128,1,0,0,1,2,0,0,0,1,522222
693,150291,foot_M1026,足首テーピング,宵月学院テコンドー部の足保護具。男子生徒用<br>(2006年12月中に消滅します。詳しい日程は、ヨーグルティング公式サイトをご確認下さい),6,5,256,1,0,0,1,2,0,0,0,1,522222
694,150292,hand_M1026,手首テーピング,宵月学院テコンドー部の手首保護具。男子生徒用<br>(2006年12月中に消滅します。詳しい日程は、ヨーグルティング公式サイトをご確認下さい),6,5,8,1,0,0,1,2,0,0,0,0,522222
695,150293,cap_M1026,テコンドーヘッドギア,宵月学院テコンドー部の頭保護具。男子生徒用<br>(2006年12月中に消滅します。詳しい日程は、ヨーグルティング公式サイトをご確認下さい),6,5,1,2,0,0,1,2,0,0,0,0,522222
696,150294,upper_F1026,テコンドー服・上,宵月学院テコンドー部のユニフォーム。女生徒用<br>(2006年12月中に消滅します。詳しい日程は、ヨーグルティング公式サイトをご確認下さい),6,5,64,1,0,0,2,2,0,0,0,1,522222
697,150295,lower_F1026,テコンドー服・下,宵月学院テコンドー部のユニフォーム。女生徒用<br>(2006年12月中に消滅します。詳しい日程は、ヨーグルティング公式サイトをご確認下さい),6,5,128,1,0,0,2,2,0,0,0,1,522222
698,150296,foot_F1026,足首テーピング,宵月学院テコンドー部の足保護具。女生徒用<br>(2006年12月中に消滅します。詳しい日程は、ヨーグルティング公式サイトをご確認下さい),6,5,256,1,0,0,2,2,0,0,0,1,522222
699,150297,hand_F1026,手首テーピング,宵月学院テコンドー部の手首保護具。女生徒用<br>(2006年12月中に消滅します。詳しい日程は、ヨーグルティング公式サイトをご確認下さい),6,5,8,1,0,0,2,2,0,0,0,0,522222
700,150298,cap_F1026,テコンドーヘッドギア,宵月学院テコンドー部の頭保護具。女生徒用<br>(2006年12月中に消滅します。詳しい日程は、ヨーグルティング公式サイトをご確認下さい),6,5,1,2,0,0,2,2,0,0,0,0,522222
701,150299,upper_M1029,スペランカーシャツ,宵月学院考古学研究部の制服。男子生徒用,6,4,64,1,0,0,1,2,0,0,0,1,522222
702,150300,lower_M1029,スペランカーズボン,宵月学院考古学研究部のズボン。男子生徒用,6,4,128,1,0,0,1,2,0,0,0,1,522222
703,150301,foot_M1029,スペランカーブーツ,宵月学院考古学研究部の靴。男子生徒用,6,4,256,1,0,0,1,2,0,0,0,1,522222
704,150302,hand_M1029,スペランカーグローブ,宵月学院考古学研究部の手袋。男子生徒用,6,4,8,1,0,0,1,2,0,0,0,0,522222
705,150303,cap_M1029,スペランカーハット,宵月学院考古学研究部の帽子。男子生徒用,6,4,1,2,0,0,1,2,0,0,0,0,522222
706,150304,back_M1029,スペランカーポーチ,宵月学院考古学研究部のかばん。男子生徒用,6,4,4,2,0,0,1,2,0,0,0,0,522222
707,150305,upper_F1029,スペランカーシャツ,宵月学院考古学研究部の制服上着。女生徒用,6,4,64,1,0,0,2,2,0,0,0,1,522222
708,150306,lower_F1029,スペランカースカート,宵月学院考古学研究部のスカート。女生徒用,6,4,128,1,0,0,2,2,0,0,0,1,522222
709,150307,foot_F1029,スペランカーブーツ,宵月学院考古学研究部の靴。女生徒用,6,4,256,1,0,0,2,2,0,0,0,1,522222
710,150308,hand_F1029,スペランカーグローブ,宵月学院考古学研究部の手袋。女生徒用,6,4,8,1,0,0,2,2,0,0,0,0,522222
711,150309,cap_F1029,スペランカーハット,宵月学院考古学研究部の帽子。女生徒用,6,4,1,2,0,0,2,2,0,0,0,0,522222
712,150310,back_F1029,スペランカーポーチ,宵月学院考古学研究部のかばん。女生徒用,6,4,4,2,0,0,2,2,0,0,0,0,522222
713,150311,upper_M0034,コーラススーツ,エスティバー学園コーラス部のスーツ。男子生徒用,6,4,64,1,0,0,1,1,0,0,0,1,522222
714,150312,lower_M0034,コーラスズボン,エスティバー学園コーラス部のズボン。男子生徒用,6,4,128,1,0,0,1,1,0,0,0,1,522222
715,150313,foot_M0034,コーラスシューズ,エスティバー学園コーラス部の靴。男子生徒用,6,4,256,1,0,0,1,1,0,0,0,1,522222
716,150314,upper_F0034,コーラスドレス,エスティバー学園コーラス部のドレス。女生徒用,6,4,64,1,0,0,2,1,0,0,0,1,522222
717,150315,lower_F0034,コーラススカート,エスティバー学園コーラス部のスカート。女生徒用,6,4,128,1,0,0,2,1,0,0,0,1,522222
718,150316,foot_F0034,コーラスシューズ,エスティバー学園コーラス部の靴。女生徒用,6,4,256,1,0,0,2,1,0,0,0,1,522222
719,150317,upper_M1034,コーラスローブ,宵月学院コーラス部のローブ。男子生徒用,6,4,64,1,0,0,1,2,0,0,0,1,522222
720,150318,lower_M1034,コーラスズボン,宵月学院コーラス部のズボン。男子生徒用,6,4,128,1,0,0,1,2,0,0,0,1,522222
721,150319,foot_M1034,コーラスシューズ,宵月学院コーラス部の靴。男子生徒用,6,4,256,1,0,0,1,2,0,0,0,1,522222
722,150320,upper_F1034,コーラスローブ,宵月学院コーラス部のローブ。女生徒用,6,4,64,1,0,0,2,2,0,0,0,1,522222
723,150321,lower_F1034,コーラススカート,宵月学院コーラス部のスカート。女生徒用,6,4,128,1,0,0,2,2,0,0,0,1,522222
724,150322,foot_F1034,コーラスシューズ,宵月学院コーラス部の靴。女生徒用,6,4,256,1,0,0,2,2,0,0,0,1,522222
725,159001,upper_M9002,ファンタシャツ,ファンタシャツ。男子生徒用,6,4,64,1,0,0,1,0,0,0,0,1,522222
726,159002,lower_M9002,ファンタズボン,ファンタズボン。男子生徒用,6,4,128,1,0,0,1,0,0,0,0,1,522222
727,159003,foot_M9002,ファンタシューズ,ファンタシューズ。男子生徒用,6,4,256,1,0,0,1,0,0,0,0,1,522222
728,159004,upper_F9002,ファンタシャツ,ファンタシャツ。女生徒用,6,4,64,1,0,0,2,0,0,0,0,1,522222
729,159005,lower_F9002,ファンタスカート,ファンタスカート。女生徒用,6,4,128,1,0,0,2,0,0,0,0,1,522222
730,159006,foot_F9002,ファンタシューズ,ファンタシューズ。女生徒用,6,4,256,1,0,0,2,0,0,0,0,1,522222
731,159007,cap_M9002,ファンタハット,ファンタハット。男子生徒用,6,4,1,2,0,0,1,0,0,0,0,0,522222
732,159008,cap_F9002,ファンタハット,ファンタハット。女生徒用,6,4,1,2,0,0,2,0,0,0,0,0,522222
733,159901,special_GMM0001,風紀委員制服,りりしい男性風紀委員のためのオーダーメイド衣装。着る人に快適さとカリスマを付与する<br>(交換/販売不可),12,7,192,1,0,0,1,0,0,0,0,1,522222
734,159902,foot_GMM0001,風紀委員靴,新素材 Ntixumを使った高弾力高剛性の楽な靴<br>(交換/販売不可),13,7,256,1,0,0,1,0,0,0,0,1,522222
735,159903,special_GMF0001,風紀委員制服,美しい女性風紀委員のためのオーダーメイド衣装。着る人に快適さとカリスマを付与する<br>(交換/販売不可),12,7,192,1,0,0,2,0,0,0,0,1,522222
736,159904,foot_GMF0001,風紀委員靴,新素材 Ntixumを使った高弾力高剛性の楽な靴<br>(交換/販売不可),13,7,256,1,0,0,2,0,0,0,0,1,522222
737,159905,cap_GMA0001,風紀委員帽子,緑と黒色がよく調和した風車のマークが刻まれている<br>(交換/販売不可),6,7,1,2,0,0,0,0,0,0,0,0,522222
738,159906,special_M9004,学級委員制服,～学級委員心得３ヶ条～<br>1.挨拶をしよう。<br>2.初心忘れるべからず。<br>3.「自分らしさ」を忘れない。<br>(交換/販売不可),12,7,448,1,0,0,1,0,0,0,0,-2146826246,522222
739,159907,special_F9004,学級委員制服,～学級委員心得３ヶ条～<br>1.挨拶をしよう。<br>2.初心忘れるべからず。<br>3.「自分らしさ」を忘れない。<br>(交換/販売不可),12,7,448,1,0,0,2,0,0,0,0,-2146826246,522222
740,151282,upper_M0022,ロボティックジャケット,エスティバー学園ロボット研究部の制服。男子生徒用<br>(交換/販売不可),6,7,64,1,0,0,1,1,0,0,0,1,522222
741,151283,lower_M0022,ロボティックパンツ,エスティバー学園ロボット研究部のズボン。男子生徒用<br>(交換/販売不可),6,7,128,1,0,0,1,1,0,0,0,1,522222
742,151284,foot_M0022,ロボティックブーツ,エスティバー学園ロボット研究部の靴。男子生徒用<br>(交換/販売不可),6,7,256,1,0,0,1,1,0,0,0,1,522222
743,151285,hand_M0022,ロボティックハンド,エスティバー学園ロボット研究部の手袋。男子生徒用<br>(交換/販売不可),6,7,8,1,0,0,1,1,0,0,0,0,522222
744,151286,special_F0022,ロボティックスーツ,エスティバー学園ロボット研究部の制服。女生徒用<br>(交換/販売不可),6,7,192,1,0,0,2,1,0,0,0,1,522222
745,151287,foot_F0022,ロボティックブーツ,エスティバー学園ロボット研究部の靴。女生徒用<br>(交換/販売不可),6,7,256,1,0,0,2,1,0,0,0,1,522222
746,151288,hand_F0022,ロボティックハンド,エスティバー学園ロボット研究部の手袋。女生徒用<br>(交換/販売不可),6,7,8,1,0,0,2,1,0,0,0,0,522222
747,151299,upper_M1029,スペランカーシャツ,宵月学院考古学研究部の制服。男子生徒用<br>(交換/販売不可),6,7,64,1,0,0,1,2,0,0,0,1,522222
748,151300,lower_M1029,スペランカーズボン,宵月学院考古学研究部のズボン。男子生徒用<br>(交換/販売不可),6,7,128,1,0,0,1,2,0,0,0,1,522222
749,151301,foot_M1029,スペランカーブーツ,宵月学院考古学研究部の靴。男子生徒用<br>(交換/販売不可),6,7,256,1,0,0,1,2,0,0,0,1,522222
750,151302,hand_M1029,スペランカーグローブ,宵月学院考古学研究部の手袋。男子生徒用<br>(交換/販売不可),6,7,8,1,0,0,1,2,0,0,0,0,522222
751,151303,cap_M1029,スペランカーハット,宵月学院考古学研究部の帽子。男子生徒用<br>(交換/販売不可),6,7,1,2,0,0,1,2,0,0,0,0,522222
752,151304,back_M1029,スペランカーポーチ,宵月学院考古学研究部のかばん。男子生徒用<br>(交換/販売不可),6,7,4,2,0,0,1,2,0,0,0,0,522222
753,151305,upper_F1029,スペランカーシャツ,宵月学院考古学研究部の制服上着。女生徒用<br>(交換/販売不可),6,7,64,1,0,0,2,2,0,0,0,1,522222
754,151306,lower_F1029,スペランカースカート,宵月学院考古学研究部のスカート。女生徒用<br>(交換/販売不可),6,7,128,1,0,0,2,2,0,0,0,1,522222
755,151307,foot_F1029,スペランカーブーツ,宵月学院考古学研究部の靴。女生徒用<br>(交換/販売不可),6,7,256,1,0,0,2,2,0,0,0,1,522222
756,151308,hand_F1029,スペランカーグローブ,宵月学院考古学研究部の手袋。女生徒用<br>(交換/販売不可),6,7,8,1,0,0,2,2,0,0,0,0,522222
757,151309,cap_F1029,スペランカーハット,宵月学院考古学研究部の帽子。女生徒用<br>(交換/販売不可),6,7,1,2,0,0,2,2,0,0,0,0,522222
758,151310,back_F1029,スペランカーポーチ,宵月学院考古学研究部のかばん。女生徒用<br>(交換/販売不可),6,7,4,2,0,0,2,2,0,0,0,0,522222
759,151217,upper_M1024,飲茶服,宵月学院飲茶部の制服。男子生徒用<br>(交換/販売不可),6,7,64,1,0,0,1,2,0,0,0,1,522222
760,151218,lower_M1024,飲茶ズボン,宵月学院飲茶部のズボン。男子生徒用<br>(交換/販売不可),6,7,128,1,0,0,1,2,0,0,0,1,522222
761,151219,cap_M1024,飲茶帽,宵月学院飲茶部の帽子。男子生徒用<br>(交換/販売不可),6,7,1,2,0,0,1,2,0,0,0,0,522222
762,151220,foot_M1024,飲茶靴,宵月学院飲茶部の靴。男子生徒用<br>(交換/販売不可),6,7,256,1,0,0,1,2,0,0,0,1,522222
763,151221,special_F1024,飲茶ドレス,宵月学院飲茶部の制服。女生徒用<br>(交換/販売不可),6,7,192,1,0,0,2,2,0,0,0,1,522222
764,151222,cap_F1024,飲茶シニョン,宵月学院飲茶部の髪留め。女生徒用<br>(交換/販売不可),6,7,1,2,0,0,2,2,0,0,0,0,522222
765,151223,foot_F1024,飲茶靴,宵月学院飲茶部の靴。女生徒用<br>(交換/販売不可),6,7,256,1,0,0,2,2,0,0,0,1,522222
766,151167,upper_M0024,ジェントルマンスーツ,エスティバー学園ティータイム部の制服。男子生徒用<br>(交換/販売不可),6,7,64,1,0,0,1,1,0,0,0,1,522222
767,151168,lower_M0024,ジェントルマンズボン,エスティバー学園ティータイム部の制服。男子生徒用<br>(交換/販売不可),6,7,128,1,0,0,1,1,0,0,0,1,522222
768,151169,cap_M0024,シルクハット,エスティバー学園ティータイム部の帽子。男子生徒用<br>(交換/販売不可),6,7,1,2,0,0,1,1,0,0,0,0,522222
769,151170,foot_M0024,ジェントルマンシューズ,エスティバー学園ティータイム部の靴。男子生徒用<br>(交換/販売不可),6,7,256,1,0,0,1,1,0,0,0,1,522222
770,151171,special_F0024,マドモワゼルドレス,エスティバー学園ティータイム部の制服。女生徒用<br>(交換/販売不可),6,7,192,1,0,0,2,1,0,0,0,1,522222
771,151172,cap_F0024,マドモワゼルハット,エスティバー学園ティータイム部の帽子。女生徒用<br>(交換/販売不可),6,7,1,2,0,0,2,1,0,0,0,0,522222
772,151173,foot_F0024,マドモワゼルシューズ,エスティバー学園ティータイム部の靴。女生徒用<br>(交換/販売不可),6,7,256,1,0,0,2,1,0,0,0,1,522222
773,151174,upper_M0034,コーラススーツ,エスティバー学園コーラス部のスーツ。男子生徒用<br>(交換/販売不可),6,7,64,1,0,0,1,1,0,0,0,1,522222
774,151175,lower_M0034,コーラスズボン,エスティバー学園コーラス部のズボン。男子生徒用<br>(交換/販売不可),6,7,128,1,0,0,1,1,0,0,0,1,522222
775,151176,foot_M0034,コーラスシューズ,エスティバー学園コーラス部の靴。男子生徒用<br>(交換/販売不可),6,7,256,1,0,0,1,1,0,0,0,1,522222
776,151177,upper_F0034,コーラスドレス,エスティバー学園コーラス部のドレス。女生徒用<br>(交換/販売不可),6,7,64,1,0,0,2,1,0,0,0,1,522222
777,151178,lower_F0034,コーラススカート,エスティバー学園コーラス部のスカート。女生徒用<br>(交換/販売不可),6,7,128,1,0,0,2,1,0,0,0,1,522222
778,151179,foot_F0034,コーラスシューズ,エスティバー学園コーラス部の靴。女生徒用<br>(交換/販売不可),6,7,256,1,0,0,2,1,0,0,0,1,522222
779,151180,upper_M1034,コーラスローブ,宵月学院コーラス部のローブ。男子生徒用<br>(交換/販売不可),6,7,64,1,0,0,1,2,0,0,0,1,522222
780,151181,lower_M1034,コーラスズボン,宵月学院コーラス部のズボン。男子生徒用<br>(交換/販売不可),6,7,128,1,0,0,1,2,0,0,0,1,522222
781,151182,foot_M1034,コーラスシューズ,宵月学院コーラス部の靴。男子生徒用<br>(交換/販売不可),6,7,256,1,0,0,1,2,0,0,0,1,522222
782,151183,upper_F1034,コーラスローブ,宵月学院コーラス部のローブ。女生徒用<br>(交換/販売不可),6,7,64,1,0,0,2,2,0,0,0,1,522222
783,151184,lower_F1034,コーラススカート,宵月学院コーラス部のスカート。女生徒用<br>(交換/販売不可),6,7,128,1,0,0,2,2,0,0,0,1,522222
784,151185,foot_F1034,コーラスシューズ,宵月学院コーラス部の靴。女生徒用<br>(交換/販売不可),6,7,256,1,0,0,2,2,0,0,0,1,522222
785,151186,upper_M0026,ギャンブラージャケット,エスティバー学園ギャンブル部の制服。男子生徒用,6,4,64,1,0,0,1,1,0,0,0,1,522222
786,151187,lower_M0026,ギャンブラーズボン,エスティバー学園ギャンブル部の制服。男子生徒用,6,4,128,1,0,0,1,1,0,0,0,1,522222
787,151188,foot_M0026,ギャンブラーシューズ,エスティバー学園ギャンブル部の靴。男子生徒用,6,4,256,1,0,0,1,1,0,0,0,1,522222
788,151189,upper_F0026,ギャンブラージャケット,エスティバー学園ギャンブル部の制服。女生徒用,6,4,64,1,0,0,2,1,0,0,0,1,522222
789,151190,lower_F0026,ギャンブラースカート,エスティバー学園ギャンブル部の制服。女生徒用,6,4,128,1,0,0,2,1,0,0,0,1,522222
790,151191,foot_F0026,ギャンブラーシューズ,エスティバー学園ギャンブル部の靴。女生徒用,6,4,256,1,0,0,2,1,0,0,0,1,522222
791,151192,special_M1019,忍装束,宵月学院忍者部の装束。男子生徒用,6,4,192,1,0,0,1,2,0,0,0,1,522222
792,151193,foot_M1019,忍脚絆,宵月学院忍者部の脚絆（きゃはん）。修行次第で、音を立てずに歩くことが出来る。男子生徒用,6,4,256,1,0,0,1,2,0,0,0,1,522222
793,151194,hand_M1019,忍手甲,宵月学院忍者部の手袋。男子生徒用,6,4,8,1,0,0,1,2,0,0,0,0,522222
794,151195,cap_M1019,忍面頬,宵月学院忍者部の面頬（めんほお）。男子生徒用,6,4,1,2,0,0,1,2,0,0,0,0,522222
795,151196,special_F1019,忍装束,宵月学院忍者部の装束。女生徒用,6,4,192,1,0,0,2,2,0,0,0,1,522222
796,151197,foot_F1019,忍脚絆,宵月学院忍者部の脚絆（きゃはん）。修行次第で、音を立てずに歩くことが出来る。女生徒用,6,4,256,1,0,0,2,2,0,0,0,1,522222
797,151198,hand_F1019,忍手甲,宵月学院忍者部の手袋。女生徒用,6,4,8,1,0,0,2,2,0,0,0,0,522222
798,151199,upper_M0016,夏服上着,エスティバー学園の夏用制服のバリエーション。男子生徒用,6,4,64,1,0,0,1,1,0,0,0,1,522222
799,151200,lower_M0016,夏服ズボン,エスティバー学園の夏用制服のバリエーション。男子生徒用,6,4,128,1,0,0,1,1,0,0,0,1,522222
800,151201,upper_F0016,夏服上着,エスティバー学園の夏用制服のバリエーション。女生徒用,6,4,64,1,0,0,2,1,0,0,0,1,522222
801,151202,lower_F0016,夏服ショートパンツ,エスティバー学園の夏用制服のバリエーション。女生徒用,6,4,128,1,0,0,2,1,0,0,0,1,522222
802,151203,upper_M1016,夏服上着,宵月学院の夏用制服のバリエーション。男子生徒用,6,4,64,1,0,0,1,2,0,0,0,1,522222
803,151204,lower_M1016,夏服ズボン,宵月学院の夏用制服のバリエーション。男子生徒用,6,4,128,1,0,0,1,2,0,0,0,1,522222
804,151205,upper_F1016,夏服上着,宵月学院の夏用制服のバリエーション。女生徒用,6,4,64,1,0,0,2,2,0,0,0,1,522222
805,151206,lower_F1016,夏服スカート,宵月学院の夏用制服のバリエーション。女生徒用,6,4,128,1,0,0,2,2,0,0,0,1,522222
806,159009,cap_M9008,サッカー応援ハチマキ,みんなでワールドカップを応援しよう！　男子生徒用<br>(交換不可),6,5,1,2,0,0,1,0,0,0,0,0,522222
807,159010,upper_M9008,サッカー応援タンクトップ,みんなでワールドカップを応援しよう！　男子生徒用<br>(交換不可),6,5,64,1,0,0,1,0,0,0,0,1,522222
808,159011,lower_M9008,サッカー応援ズボン,みんなでワールドカップを応援しよう！　男子生徒用<br>(交換不可),6,5,128,1,0,0,1,0,0,0,0,1,522222
809,159012,foot_M9008,サッカー応援シューズ,みんなでワールドカップを応援しよう！　男子生徒用<br>(交換不可),6,5,256,1,0,0,1,0,0,0,0,1,522222
810,159013,cap_F9008,サッカー応援ハチマキ,みんなでワールドカップを応援しよう！　女生徒用<br>(交換不可),6,5,1,2,0,0,2,0,0,0,0,0,522222
811,159014,upper_F9008,サッカー応援ベアトップ,みんなでワールドカップを応援しよう！　女生徒用<br>(交換不可),6,5,64,1,0,0,2,0,0,0,0,1,522222
812,159015,lower_F9008,サッカー応援ズボン,みんなでワールドカップを応援しよう！　女生徒用<br>(交換不可),6,5,128,1,0,0,2,0,0,0,0,1,522222
813,159016,foot_F9008,サッカー応援ブーツ,みんなでワールドカップを応援しよう！　女生徒用<br>(交換不可),6,5,256,1,0,0,2,0,0,0,0,1,522222
814,159017,cap_M9009,サッカー応援ハチマキ,みんなで日本代表を応援しよう！　男子生徒用<br>(交換不可),6,5,1,2,0,0,1,0,0,0,0,0,522222
815,159018,upper_M9009,サッカー応援タンクトップ,みんなで日本代表を応援しよう！　男子生徒用<br>(交換不可),6,5,64,1,0,0,1,0,0,0,0,1,522222
816,159019,lower_M9009,サッカー応援ズボン,みんなで日本代表を応援しよう！　男子生徒用<br>(交換不可),6,5,128,1,0,0,1,0,0,0,0,1,522222
817,159020,foot_M9009,サッカー応援シューズ,みんなで日本代表を応援しよう！　男子生徒用<br>(交換不可),6,5,256,1,0,0,1,0,0,0,0,1,522222
818,159021,cap_F9009,サッカー応援ハチマキ,みんなで日本代表を応援しよう！　女生徒用<br>(交換不可),6,5,1,2,0,0,2,0,0,0,0,0,522222
819,159022,upper_F9009,サッカー応援ベアトップ,みんなで日本代表を応援しよう！　女生徒用<br>(交換不可),6,5,64,1,0,0,2,0,0,0,0,1,522222
820,159023,lower_F9009,サッカー応援ズボン,みんなで日本代表を応援しよう！　女生徒用<br>(交換不可),6,5,128,1,0,0,2,0,0,0,0,1,522222
821,159024,foot_F9009,サッカー応援ブーツ,みんなで日本代表を応援しよう！　女生徒用<br>(交換不可),6,5,256,1,0,0,2,0,0,0,0,1,522222
822,159025,cap_M9010,サッカー応援ハチマキ,みんなでワールドカップを応援しよう！　男子生徒用<br>(交換不可),6,5,1,2,0,0,1,0,0,0,0,0,522222
823,159026,upper_M9010,サッカー応援タンクトップ,みんなでワールドカップを応援しよう！　男子生徒用<br>(交換不可),6,5,64,1,0,0,1,0,0,0,0,1,522222
824,159027,lower_M9010,サッカー応援ズボン,みんなでワールドカップを応援しよう！　男子生徒用<br>(交換不可),6,5,128,1,0,0,1,0,0,0,0,1,522222
825,159028,foot_M9010,サッカー応援シューズ,みんなでワールドカップを応援しよう！　男子生徒用<br>(交換不可),6,5,256,1,0,0,1,0,0,0,0,1,522222
826,159029,cap_F9010,サッカー応援ハチマキ,みんなでワールドカップを応援しよう！　女生徒用<br>(交換不可),6,5,1,2,0,0,2,0,0,0,0,0,522222
827,159030,upper_F9010,サッカー応援ベアトップ,みんなでワールドカップを応援しよう！　女生徒用<br>(交換不可),6,5,64,1,0,0,2,0,0,0,0,1,522222
828,159031,lower_F9010,サッカー応援ズボン,みんなでワールドカップを応援しよう！　女生徒用<br>(交換不可),6,5,128,1,0,0,2,0,0,0,0,1,522222
829,159032,foot_F9010,サッカー応援ブーツ,みんなでワールドカップを応援しよう！　女生徒用<br>(交換不可),6,5,256,1,0,0,2,0,0,0,0,1,522222
830,159033,upper_M9011,サッカーユニフォーム,ワールドカップを記念する限定ユニフォーム。気分は日本代表！　男子生徒用<br>(交換不可),6,5,64,1,0,0,1,0,0,0,0,1,522222
831,159034,lower_M9011,サッカーショートパンツ,ワールドカップを記念する限定ユニフォーム。気分は日本代表！　男子生徒用<br>(交換不可),6,5,128,1,0,0,1,0,0,0,0,1,522222
832,159035,foot_M9011,サッカーシューズ,ワールドカップを記念する限定ユニフォーム。気分は日本代表！　男子生徒用<br>(交換不可),6,5,256,1,0,0,1,0,0,0,0,1,522222
833,159036,upper_F9011,サッカーユニフォーム,ワールドカップを記念する限定ユニフォーム。気分は日本代表！　女生徒用<br>(交換不可),6,5,64,1,0,0,2,0,0,0,0,1,522222
834,159037,lower_F9011,サッカーショートパンツ,ワールドカップを記念する限定ユニフォーム。気分は日本代表！　女生徒用<br>(交換不可),6,5,128,1,0,0,2,0,0,0,0,1,522222
835,159038,foot_F9011,サッカーシューズ,ワールドカップを記念する限定ユニフォーム。気分は日本代表！　女生徒用<br>(交換不可),6,5,256,1,0,0,2,0,0,0,0,1,522222
836,159039,upper_M9012,サッカーユニフォーム,サッカー選手用のユニフォーム。気分は日本代表！　男子生徒用<br>(交換不可),6,5,64,1,0,0,1,0,0,0,0,1,522222
837,159040,lower_M9012,サッカーショートパンツ,サッカー選手用のユニフォーム。気分は日本代表！　男子生徒用<br>(交換不可),6,5,128,1,0,0,1,0,0,0,0,1,522222
838,159041,foot_M9012,サッカーシューズ,サッカー選手用のユニフォーム。気分は日本代表！　男子生徒用<br>(交換不可),6,5,256,1,0,0,1,0,0,0,0,1,522222
839,159042,upper_F9012,サッカーユニフォーム,サッカー選手用のユニフォーム。気分は日本代表！　女生徒用<br>(交換不可),6,5,64,1,0,0,2,0,0,0,0,1,522222
840,159043,lower_F9012,サッカーショートパンツ,サッカー選手用のユニフォーム。気分は日本代表！　女生徒用<br>(交換不可),6,5,128,1,0,0,2,0,0,0,0,1,522222
841,159044,foot_F9012,サッカーシューズ,サッカー選手用のユニフォーム。気分は日本代表！　女生徒用<br>(交換不可),6,5,256,1,0,0,2,0,0,0,0,1,522222
842,159045,upper_M9013,サッカーユニフォーム,ワールドカップを記念する限定ユニフォーム。気分は日本代表！　男子生徒用<br>(交換不可),6,5,64,1,0,0,1,0,0,0,0,1,522222
843,159046,lower_M9013,サッカーショートパンツ,ワールドカップを記念する限定ユニフォーム。気分は日本代表！　男子生徒用<br>(交換不可),6,5,128,1,0,0,1,0,0,0,0,1,522222
844,159047,foot_M9013,サッカーシューズ,ワールドカップを記念する限定ユニフォーム。気分は日本代表！　男子生徒用<br>(交換不可),6,5,256,1,0,0,1,0,0,0,0,1,522222
845,159048,upper_F9013,サッカーユニフォーム,ワールドカップを記念する限定ユニフォーム。気分は日本代表！　女生徒用<br>(交換不可),6,5,64,1,0,0,2,0,0,0,0,1,522222
846,159049,lower_F9013,サッカーショートパンツ,ワールドカップを記念する限定ユニフォーム。気分は日本代表！　女生徒用<br>(交換不可),6,5,128,1,0,0,2,0,0,0,0,1,522222
847,159050,foot_F9013,サッカーシューズ,ワールドカップを記念する限定ユニフォーム。気分は日本代表！　女生徒用<br>(交換不可),6,5,256,1,0,0,2,0,0,0,0,1,522222
848,159051,cap_M9014,かぶりもの M,自分の顔を完全に隠せる、巨大なかぶりもの。クールなイメージで売ってるキミも、これさえあれば大声で応援できるぞ！　男性専用<br>(交換不可),6,5,1,2,0,0,1,0,0,0,0,0,522222
849,159052,cap_M9015,かぶりもの A,自分の顔を完全に隠せる、巨大なかぶりもの。クールなイメージで売ってるキミも、これさえあれば大声で応援できるぞ！　男性専用<br>(交換不可),6,5,1,2,0,0,1,0,0,0,0,0,522222
850,159053,cap_M9016,かぶりもの H,自分の顔を完全に隠せる、巨大なかぶりもの。クールなイメージで売ってるキミも、これさえあれば大声で応援できるぞ！　男性専用<br>(交換不可),6,5,1,2,0,0,1,0,0,0,0,0,522222
851,159054,cap_F9014,かぶりもの M,自分の顔を完全に隠せる、巨大なかぶりもの。おしとやかなイメージで売ってるキミも、これさえあれば大声で応援できるぞ！　女性専用<br>(交換不可),6,5,1,2,0,0,2,0,0,0,0,0,522222
852,159055,cap_F9015,かぶりもの A,自分の顔を完全に隠せる、巨大なかぶりもの。おしとやかなイメージで売ってるキミも、これさえあれば大声で応援できるぞ！　女性専用<br>(交換不可),6,5,1,2,0,0,2,0,0,0,0,0,522222
853,159056,cap_F9016,かぶりもの H,自分の顔を完全に隠せる、巨大なかぶりもの。おしとやかなイメージで売ってるキミも、これさえあれば大声で応援できるぞ！　女性専用<br>(交換不可),6,5,1,2,0,0,2,0,0,0,0,0,522222
854,159057,special_M9017,レインボー水着,ド派手な極彩色の水着。<br>熱い視線から冷たい視線まで、注目を集めることまちがいなし！,6,4,192,1,0,0,1,0,0,0,0,1,522222
855,159058,special_F9017,白スクール水着,純白のスクール水着。<br>清楚なイメージで、男の子たちの熱い視線を独り占め！,6,4,192,1,0,0,2,0,0,0,0,1,522222
856,159059,special_M9018,サイバースーツ,近未来SFのようなスタイルのボディースーツ。いつかこれが普段着になる時代が来る？　男子生徒用<br>(2006年12月中に消滅します。詳しい日程は、ヨーグルティング公式サイトをご確認下さい),6,5,192,1,0,0,1,0,0,0,0,1,522222
857,159060,hand_M9018,サイバーグローブ,近未来SFのようなスタイルの手袋。いつかこれが普段着になる時代が来る？　男子生徒用<br>(2006年12月中に消滅します。詳しい日程は、ヨーグルティング公式サイトをご確認下さい),6,5,8,1,0,0,1,0,0,0,0,0,522222
858,159061,foot_M9018,サイバーブーツ,近未来SFのようなスタイルのブーツ。いつかこれが普段着になる時代が来る？　男子生徒用<br>(2006年12月中に消滅します。詳しい日程は、ヨーグルティング公式サイトをご確認下さい),6,5,256,1,0,0,1,0,0,0,0,1,522222
859,159062,cap_M9018,サイバーヘッド,近未来SFのようなスタイルのヘッドバンド。いつかこれが普段着になる時代が来る？　男子生徒用<br>(2006年12月中に消滅します。詳しい日程は、ヨーグルティング公式サイトをご確認下さい),6,5,1,2,0,0,1,0,0,0,0,0,522222
860,159063,special_F9018,サイバースーツ,近未来SFのようなスタイルのボディースーツ。いつかこれが普段着になる時代が来る？　女生徒用<br>(2006年12月中に消滅します。詳しい日程は、ヨーグルティング公式サイトをご確認下さい),6,5,192,1,0,0,2,0,0,0,0,1,522222
861,159064,hand_F9018,サイバーグローブ,近未来SFのようなスタイルの手袋。いつかこれが普段着になる時代が来る？　女生徒用<br>(2006年12月中に消滅します。詳しい日程は、ヨーグルティング公式サイトをご確認下さい),6,5,8,1,0,0,2,0,0,0,0,0,522222
862,159065,foot_F9018,サイバーブーツ,近未来SFのようなスタイルのブーツ。いつかこれが普段着になる時代が来る？　女生徒用<br>(2006年12月中に消滅します。詳しい日程は、ヨーグルティング公式サイトをご確認下さい),6,5,256,1,0,0,2,0,0,0,0,1,522222
863,159066,cap_F9018,サイバーヘッド,近未来SFのようなスタイルのヘッドバンド。いつかこれが普段着になる時代が来る？　女生徒用<br>(2006年12月中に消滅します。詳しい日程は、ヨーグルティング公式サイトをご確認下さい),6,5,1,2,0,0,2,0,0,0,0,0,522222
864,159067,upper_M9022,男映画制服上着,"この世界には存在しない制服。""愛するから、大丈夫なの…""で出現した制服上着。<br>(交換不可)",6,5,64,1,0,0,1,0,0,0,0,1,522222
865,159068,lower_M9022,男映画制服ボトム,"この世界には存在しない制服。""愛するから、大丈夫なの…""で出現した制服ボトム。<br>(交換不可)",6,5,128,1,0,0,1,0,0,0,0,1,522222
866,159069,foot_M9022,男映画制服履き物,"この世界には存在しない制服。""愛するから、大丈夫なの…""で出現した制服履き物。<br>(交換不可)",6,5,256,1,0,0,1,0,0,0,0,1,522222
867,159070,upper_F9022,女映画制服上着,"この世界には存在しない制服。""愛するから、大丈夫なの…""で出現した制服上着。<br>(交換不可)",6,5,64,1,0,0,2,0,0,0,0,1,522222
868,159071,lower_F9022,女映画制服ボトム,"この世界には存在しない制服。""愛するから、大丈夫なの…""で出現した制服ボトム。<br>(交換不可)",6,5,128,1,0,0,2,0,0,0,0,1,522222
869,159072,foot_F9022,女映画制服履き物,"この世界には存在しない制服。""愛するから、大丈夫なの…""で出現した制服履き物。<br>(交換不可)",6,5,256,1,0,0,2,0,0,0,0,1,522222
870,159073,upper_M9019,アロハシャツ・オレンジ,オレンジ色の涼しげなアロハシャツ。男子生徒用<br>(交換不可),6,5,64,1,0,0,1,0,0,0,0,1,522222
871,159074,lower_M9019,クロップパンツ・ブルー,青い膝下丈のクロップパンツ。男子生徒用<br>(交換不可),6,5,128,1,0,0,1,0,0,0,0,1,522222
872,159075,foot_M9019,ビーチサンダル・ブラウン,茶色のベルトのビーチサンダル。男子生徒用<br>(交換不可),6,5,256,1,0,0,1,0,0,0,0,1,522222
873,159076,cap_M9019,サングラス・オレンジ,オレンジ色のレンズのサングラス。男子生徒用<br>(交換不可),6,5,1,2,0,0,1,0,0,0,0,0,522222
874,159077,upper_M9020,アロハシャツ・レッド,赤い涼しげなアロハシャツ。男子生徒用<br>(交換不可),6,5,64,1,0,0,1,0,0,0,0,1,522222
875,159078,lower_M9020,クロップパンツ・グリーン,緑色の膝下丈のクロップパンツ。男子生徒用<br>(交換不可),6,5,128,1,0,0,1,0,0,0,0,1,522222
876,159079,foot_M9020,ビーチサンダル・ブルー,青いベルトのビーチサンダル。男子生徒用<br>(交換不可),6,5,256,1,0,0,1,0,0,0,0,1,522222
877,159080,cap_M9020,サングラス・ブルー,青いレンズのサングラス。男子生徒用<br>(交換不可),6,5,1,2,0,0,1,0,0,0,0,0,522222
878,159081,upper_M9021,アロハシャツ・ブルー,青い涼しげなアロハシャツ。男子生徒用<br>(交換不可),6,5,64,1,0,0,1,0,0,0,0,1,522222
879,159082,lower_M9021,クロップパンツ・グレイ,灰色の膝下丈のクロップパンツ。男子生徒用<br>(交換不可),6,5,128,1,0,0,1,0,0,0,0,1,522222
880,159083,foot_M9021,ビーチサンダル・レッドブラウン,赤褐色のベルトのビーチサンダル。男子生徒用<br>(交換不可),6,5,256,1,0,0,1,0,0,0,0,1,522222
881,159084,cap_M9021,サングラス・レッド,赤いレンズのサングラス。男子生徒用<br>(交換不可),6,5,1,2,0,0,1,0,0,0,0,0,522222
882,159085,upper_F9019,ブラウス・オレンジ,オレンジ色の袖なしブラウス。女生徒用<br>(交換不可),6,5,64,1,0,0,2,0,0,0,0,1,522222
883,159086,lower_F9019,パレオ・ブルー,青いパレオ。女生徒用<br>(交換不可),6,5,128,1,0,0,2,0,0,0,0,1,522222
884,159087,foot_F9019,サンダル・ブルー,青いサンダル。女生徒用<br>(交換不可),6,5,256,1,0,0,2,0,0,0,0,1,522222
885,159088,cap_F9019,麦藁帽・イエロー,黄色の麦藁帽。女生徒用<br>(交換不可),6,5,1,2,0,0,2,0,0,0,0,0,522222
886,159089,upper_F9020,ブラウス・レッド,赤い袖なしブラウス。女生徒用<br>(交換不可),6,5,64,1,0,0,2,0,0,0,0,1,522222
887,159090,lower_F9020,パレオ・レッド,赤いパレオ。女生徒用<br>(交換不可),6,5,128,1,0,0,2,0,0,0,0,1,522222
888,159091,foot_F9020,サンダル・ピンク,ピンクのサンダル。女生徒用<br>(交換不可),6,5,256,1,0,0,2,0,0,0,0,1,522222
889,159092,cap_F9020,麦藁帽・ピンク,ピンクの麦藁帽。女生徒用<br>(交換不可),6,5,1,2,0,0,2,0,0,0,0,0,522222
890,159093,upper_F9021,ブラウス・ブルー,青い袖なしブラウス。女生徒用<br>(交換不可),6,5,64,1,0,0,2,0,0,0,0,1,522222
891,159094,lower_F9021,パレオ・ホワイト,真っ白なパレオ。女生徒用<br>(交換不可),6,5,128,1,0,0,2,0,0,0,0,1,522222
892,159095,foot_F9021,サンダル・アクア,水色のサンダル。女生徒用<br>(交換不可),6,5,256,1,0,0,2,0,0,0,0,1,522222
893,159096,cap_F9021,麦藁帽・パステルピンク,薄いピンクの麦藁帽。女生徒用<br>(交換不可),6,5,1,2,0,0,2,0,0,0,0,0,522222
894,159097,upper_M9027,スクールジャケット・パープル,紫色のジャケット。商店街連合が試作した、新しいデザインの制服「クラシック制服」の一部。生徒の評判がよければ、正式採用されるかもしれない。男子生徒用,6,5,64,1,0,0,1,0,0,0,0,1,522222
895,159098,lower_M9027,スクールズボン・パープル,紫色のズボン。商店街連合が試作した、新しいデザインの制服「クラシック制服」の一部。生徒の評判がよければ、正式採用されるかもしれない。男子生徒用,6,5,128,1,0,0,1,0,0,0,0,1,522222
896,159099,foot_M9027,スクールシューズ・ホワイト,白いシューズ。商店街連合が試作した、新しいデザインの制服「クラシック制服」の一部。生徒の評判がよければ、正式採用されるかもしれない。男子生徒用,6,5,256,1,0,0,1,0,0,0,0,1,522222
897,159100,cap_M9027,スクールハット・？？？,？？？色の帽子。商店街連合が試作した、新しいデザインの制服「クラシック制服」の一部。生徒の評判がよければ、正式採用されるかもしれない。男子生徒用,6,5,1,2,0,0,1,0,0,0,0,0,522222
898,159101,upper_F9027,スクールジャケット・パープル,紫色のジャケット。商店街連合が試作した、新しいデザインの制服「クラシック制服」の一部。生徒の評判がよければ、正式採用されるかもしれない。女生徒用,6,5,64,1,0,0,2,0,0,0,0,1,522222
899,159102,lower_F9027,スクールスカート・オレンジ,オレンジ色のスカート。商店街連合が試作した、新しいデザインの制服「クラシック制服」の一部。生徒の評判がよければ、正式採用されるかもしれない。女生徒用,6,5,128,1,0,0,2,0,0,0,0,1,522222
900,159103,foot_F9027,スクールシューズ・パープル,紫色のシューズ。商店街連合が試作した、新しいデザインの制服「クラシック制服」の一部。生徒の評判がよければ、正式採用されるかもしれない。女生徒用,6,5,256,1,0,0,2,0,0,0,0,1,522222
901,159104,cap_F9027,スクールハット・パープル,紫色の帽子。商店街連合が試作した、新しいデザインの制服「クラシック制服」の一部。生徒の評判がよければ、正式採用されるかもしれない。女生徒用,6,5,1,2,0,0,2,0,0,0,0,0,522222
902,159105,upper_M9028,スクールジャケット・ピンク,ピンクのジャケット。商店街連合が試作した、新しいデザインの制服「モダン制服」の一部。生徒の評判がよければ、正式採用されるかもしれない。男子生徒用,6,5,64,1,0,0,1,0,0,0,0,1,522222
903,159106,lower_M9028,スクールズボン・オレンジ,オレンジ色のズボン。商店街連合が試作した、新しいデザインの制服「モダン制服」の一部。生徒の評判がよければ、正式採用されるかもしれない。男子生徒用,6,5,128,1,0,0,1,0,0,0,0,1,522222
904,159107,foot_M9028,スクールシューズ・オレンジ,オレンジ色のシューズ。商店街連合が試作した、新しいデザインの制服「モダン制服」の一部。生徒の評判がよければ、正式採用されるかもしれない。男子生徒用,6,5,256,1,0,0,1,0,0,0,0,1,522222
905,159108,cap_M9028,スクールハット・？？？,？？？色の帽子。商店街連合が試作した、新しいデザインの制服「モダン制服」の一部。生徒の評判がよければ、正式採用されるかもしれない。男子生徒用,6,5,1,2,0,0,1,0,0,0,0,0,522222
906,159109,upper_F9028,スクールジャケット・ピンク,ピンクのジャケット。商店街連合が試作した、新しいデザインの制服「モダン制服」の一部。生徒の評判がよければ、正式採用されるかもしれない。女生徒用,6,5,64,1,0,0,2,0,0,0,0,1,522222
907,159110,lower_F9028,スクールスカート・パープル,紫色のスカート。商店街連合が試作した、新しいデザインの制服「モダン制服」の一部。生徒の評判がよければ、正式採用されるかもしれない。女生徒用,6,5,128,1,0,0,2,0,0,0,0,1,522222
908,159111,foot_F9028,スクールシューズ・ピンク,ピンクのシューズ。商店街連合が試作した、新しいデザインの制服「モダン制服」の一部。生徒の評判がよければ、正式採用されるかもしれない。女生徒用,6,5,256,1,0,0,2,0,0,0,0,1,522222
909,159112,cap_F9028,スクールハット・ピンク,ピンクの帽子。商店街連合が試作した、新しいデザインの制服「モダン制服」の一部。生徒の評判がよければ、正式採用されるかもしれない。女生徒用,6,5,1,2,0,0,2,0,0,0,0,0,522222
910,159113,special_M9023,ピンク猫着ぐるみ,例のあの猫（販売不可）　男子生徒用,6,5,192,1,0,0,1,0,0,0,0,1,522222
911,159114,foot_M9023,ピンク猫靴,例のあの猫（販売不可）　男子生徒用,6,5,256,1,0,0,1,0,0,0,0,1,522222
912,159115,hand_M9023,ピンク猫手袋,例のあの猫（販売不可）　男子生徒用,6,5,8,1,0,0,1,0,0,0,0,0,522222
913,159116,cap_M9023,ピンク猫かぶりもの,例のあの猫（販売不可）　男子生徒用,6,5,1,2,0,0,1,0,0,0,0,0,522222
914,159117,special_F9023,ピンク猫着ぐるみ,例のあの猫（販売不可）　女生徒用,6,5,192,1,0,0,2,0,0,0,0,1,522222
915,159118,foot_F9023,ピンク猫靴,例のあの猫（販売不可）　女生徒用,6,5,256,1,0,0,2,0,0,0,0,1,522222
916,159119,hand_F9023,ピンク猫手袋,例のあの猫（販売不可）　女生徒用,6,5,8,1,0,0,2,0,0,0,0,0,522222
917,159120,cap_F9023,ピンク猫かぶりもの,例のあの猫（販売不可）　女生徒用,6,5,1,2,0,0,2,0,0,0,0,0,522222
918,159121,special_M9024,まだら猫着ぐるみ,例のあの猫（販売不可）　男子生徒用,6,5,192,1,0,0,1,0,0,0,0,1,522222
919,159122,foot_M9024,まだら猫靴,例のあの猫（販売不可）　男子生徒用,6,5,256,1,0,0,1,0,0,0,0,1,522222
920,159123,hand_M9024,まだら猫手袋,例のあの猫（販売不可）　男子生徒用,6,5,8,1,0,0,1,0,0,0,0,0,522222
921,159124,cap_M9024,まだら猫かぶりもの,例のあの猫（販売不可）　男子生徒用,6,5,1,2,0,0,1,0,0,0,0,0,522222
922,159125,special_F9024,まだら猫着ぐるみ,例のあの猫（販売不可）　女生徒用,6,5,192,1,0,0,2,0,0,0,0,1,522222
923,159126,foot_F9024,まだら猫靴,例のあの猫（販売不可）　女生徒用,6,5,256,1,0,0,2,0,0,0,0,1,522222
924,159127,hand_F9024,まだら猫手袋,例のあの猫（販売不可）　女生徒用,6,5,8,1,0,0,2,0,0,0,0,0,522222
925,159128,cap_F9024,まだら猫かぶりもの,例のあの猫（販売不可）　女生徒用,6,5,1,2,0,0,2,0,0,0,0,0,522222
926,159129,special_M9025,青猫着ぐるみ,青い猫の着ぐるみ。これを着て猫になりきろう、にゃお～ん！　男子生徒用<br>(交換不可),6,5,192,1,0,0,1,0,0,0,0,1,522222
927,159130,foot_M9025,青猫靴,青い猫の靴。これを着て猫になりきろう、にゃお～ん！　男子生徒用<br>(交換不可),6,5,256,1,0,0,1,0,0,0,0,1,522222
928,159131,hand_M9025,青猫手袋,青い猫の手袋。これを着て猫になりきろう、にゃお～ん！　男子生徒用<br>(交換不可),6,5,8,1,0,0,1,0,0,0,0,0,522222
929,159132,cap_M9025,青猫かぶりもの,青い猫のかぶりもの。これを着て猫になりきろう、にゃお～ん！　男子生徒用<br>(交換不可),6,5,1,2,0,0,1,0,0,0,0,0,522222
930,159133,special_F9025,青猫着ぐるみ,青い猫の着ぐるみ。これを着て猫になりきろう、にゃお～ん！　女生徒用<br>(交換不可),6,5,192,1,0,0,2,0,0,0,0,1,522222
931,159134,foot_F9025,青猫靴,青い猫の靴。これを着て猫になりきろう、にゃお～ん！　女生徒用<br>(交換不可),6,5,256,1,0,0,2,0,0,0,0,1,522222
932,159135,hand_F9025,青猫手袋,青い猫の手袋。これを着て猫になりきろう、にゃお～ん！　女生徒用<br>(交換不可),6,5,8,1,0,0,2,0,0,0,0,0,522222
933,159136,cap_F9025,青猫かぶりもの,青い猫のかぶりもの。これを着て猫になりきろう、にゃお～ん！　女生徒用<br>(交換不可),6,5,1,2,0,0,2,0,0,0,0,0,522222
934,159137,special_M9026,黒猫着ぐるみ,黒い猫の着ぐるみ。これを着て猫になりきろう、にゃお～ん！　男子生徒用<br>(交換不可),6,5,192,1,0,0,1,0,0,0,0,1,522222
935,159138,foot_M9026,黒猫靴,黒い猫の靴。これを着て猫になりきろう、にゃお～ん！　男子生徒用<br>(交換不可),6,5,256,1,0,0,1,0,0,0,0,1,522222
936,159139,hand_M9026,黒猫手袋,黒い猫の手袋。これを着て猫になりきろう、にゃお～ん！　男子生徒用<br>(交換不可),6,5,8,1,0,0,1,0,0,0,0,0,522222
937,159140,cap_M9026,黒猫かぶりもの,黒い猫のかぶりもの。これを着て猫になりきろう、にゃお～ん！　男子生徒用<br>(交換不可),6,5,1,2,0,0,1,0,0,0,0,0,522222
938,159141,special_F9026,黒猫着ぐるみ,黒い猫の着ぐるみ。これを着て猫になりきろう、にゃお～ん！　女生徒用<br>(交換不可),6,5,192,1,0,0,2,0,0,0,0,1,522222
939,159142,foot_F9026,黒猫靴,黒い猫の靴。これを着て猫になりきろう、にゃお～ん！　女生徒用<br>(交換不可),6,5,256,1,0,0,2,0,0,0,0,1,522222
940,159143,hand_F9026,黒猫手袋,黒い猫の手袋。これを着て猫になりきろう、にゃお～ん！　女生徒用<br>(交換不可),6,5,8,1,0,0,2,0,0,0,0,0,522222
941,159144,cap_F9026,黒猫かぶりもの,黒い猫のかぶりもの。これを着て猫になりきろう、にゃお～ん！　女生徒用<br>(交換不可),6,5,1,2,0,0,2,0,0,0,0,0,522222
942,159145,special_M9005,韓国伝統衣装,韓国でお祝いの日に着る伝統衣装風スタイル。男子生徒用,6,5,192,1,0,0,1,0,0,0,0,1,522222
943,159146,foot_M9005,韓国伝統履き物,韓国の伝統衣装風スタイルの履物。男子生徒用,6,5,256,1,0,0,1,0,0,0,0,1,522222
944,159147,special_F9005,韓国伝統衣装,韓国でお祝いの日に着る伝統衣装風スタイル。女生徒用,6,5,192,1,0,0,2,0,0,0,0,1,522222
945,159148,foot_F9005,韓国伝統履き物,韓国の伝統衣装風スタイルの履物。女生徒用,6,5,256,1,0,0,2,0,0,0,0,1,522222
946,159149,special_M9006,紋付袴,日本の伝統的正装風スタイル。お正月はこれで決まり！　男子生徒用,6,5,192,1,0,0,1,0,0,0,0,1,522222
947,159150,foot_M9006,雪駄,日本の伝統的正装風スタイルの履物。お正月はこれで決まり！　男子生徒用,6,5,256,1,0,0,1,0,0,0,0,1,522222
948,159151,special_F9006,着物,日本の伝統的正装風スタイル。お正月はこれで決まり！　女生徒用,6,5,192,1,0,0,2,0,0,0,0,1,522222
949,159152,foot_F9006,雪駄,日本の伝統的正装風スタイルの履物。お正月はこれで決まり！　女生徒用,6,5,256,1,0,0,2,0,0,0,0,1,522222
950,159153,special_M9007,タイ伝統衣装,タイの伝統衣装風スタイル。気分は南国！　男子生徒用,6,5,192,1,0,0,1,0,0,0,0,1,522222
951,159154,foot_M9007,タイ伝統履き物,タイの伝統衣装風スタイルの履物。気分は南国！　男子生徒用,6,5,256,1,0,0,1,0,0,0,0,1,522222
952,159155,special_F9007,タイ伝統衣装,タイの伝統衣装風スタイル。気分は南国！　女生徒用,6,5,192,1,0,0,2,0,0,0,0,1,522222
953,159156,foot_F9007,タイ伝統履き物,タイの伝統衣装風スタイルの履物。気分は南国！　女生徒用,6,5,256,1,0,0,2,0,0,0,0,1,522222
954,159157,special_M9029,紋付袴,日本の伝統的正装風スタイル。お正月はこれで決まり！　男子生徒用,6,5,192,1,0,0,1,0,0,0,0,1,522222
955,159158,foot_M9029,雪駄,日本の伝統的正装風スタイルの履物。お正月はこれで決まり！　男子生徒用,6,5,256,1,0,0,1,0,0,0,0,1,522222
956,159159,special_F9029,着物,日本の伝統的正装風スタイル。お正月はこれで決まり！　女生徒用,6,5,192,1,0,0,2,0,0,0,0,1,522222
957,159160,foot_F9029,雪駄,日本の伝統的正装風スタイルの履物。お正月はこれで決まり！　女生徒用,6,5,256,1,0,0,2,0,0,0,0,1,522222
958,159161,special_M9030,キラ☆フワ☆クマさんスーツ,制服デザインコンテスト雑誌部門の最優秀作品。イラストレーター・濱元隆輔氏がデザインした、男子生徒用「キラ☆フワ☆クマさんライフ」制服のスーツ,6,4,192,1,0,0,1,0,0,0,0,1,522222
959,159162,foot_M9030,キラ☆フワ☆クマさんフット,制服デザインコンテスト雑誌部門の最優秀作品。イラストレーター・濱元隆輔氏がデザインした、男子生徒用「キラ☆フワ☆クマさんライフ」制服の靴,6,4,256,1,0,0,1,0,0,0,0,1,522222
960,159163,hand_M9030,キラ☆フワ☆クマさんグローブ,制服デザインコンテスト雑誌部門の最優秀作品。イラストレーター・濱元隆輔氏がデザインした、男子生徒用「キラ☆フワ☆クマさんライフ」制服の手袋,6,4,8,1,0,0,1,0,0,0,0,0,522222
961,159164,cap_M9030,キラ☆フワ☆クマさんフード,制服デザインコンテスト雑誌部門の最優秀作品。イラストレーター・濱元隆輔氏がデザインした、男子生徒用「キラ☆フワ☆クマさんライフ」制服の帽子,6,4,1,2,0,0,1,0,0,0,0,0,522222
962,159165,special_F9030,キラ☆フワ☆クマさんドレス,制服デザインコンテスト雑誌部門の最優秀作品。イラストレーター・濱元隆輔氏がデザインした、女生徒用「キラ☆フワ☆クマさんライフ」制服のドレス,6,4,192,1,0,0,2,0,0,0,0,1,522222
963,159166,foot_F9030,キラ☆フワ☆クマさんブーツ,制服デザインコンテスト雑誌部門の最優秀作品。イラストレーター・濱元隆輔氏がデザインした、女生徒用「キラ☆フワ☆クマさんライフ」制服のブーツ,6,4,256,1,0,0,2,0,0,0,0,1,522222
964,159167,hand_F9030,キラ☆フワ☆クマさんグローブ,制服デザインコンテスト雑誌部門の最優秀作品。イラストレーター・濱元隆輔氏がデザインした、女生徒用「キラ☆フワ☆クマさんライフ」制服の手袋,6,4,8,1,0,0,2,0,0,0,0,0,522222
965,159168,cap_F9030,キラ☆フワ☆クマさんイヤー,制服デザインコンテスト雑誌部門の最優秀作品。イラストレーター・濱元隆輔氏がデザインした、女生徒用「キラ☆フワ☆クマさんライフ」制服のヘアバンド,6,4,1,2,0,0,2,0,0,0,0,0,522222
966,159169,special_M9031,イブニングスカイローブ,制服デザインコンテスト一般部門の最優秀作品。ペンネーム・遠野四季さんがデザインした、男子生徒用「天文学部」のローブ,6,4,192,1,0,0,1,0,0,0,0,1,522222
967,159170,foot_M9031,トゥインクルブーツ,制服デザインコンテスト一般部門の最優秀作品。ペンネーム・遠野四季さんがデザインした、男子生徒用「天文学部」のブーツ,6,4,256,1,0,0,1,0,0,0,0,1,522222
968,159171,hand_M9031,ウラヌスグローブ,制服デザインコンテスト一般部門の最優秀作品。ペンネーム・遠野四季さんがデザインした、男子生徒用「天文学部」の手袋,6,4,8,1,0,0,1,0,0,0,0,0,522222
969,159172,cap_M9031,クレセントムーンハット,制服デザインコンテスト一般部門の最優秀作品。ペンネーム・遠野四季さんがデザインした、男子生徒用「天文学部」の帽子,6,4,1,2,0,0,1,0,0,0,0,0,522222
970,159173,special_F9031,モーニングスカイローブ,制服デザインコンテスト一般部門の最優秀作品。ペンネーム・遠野四季さんがデザインした、女生徒用「天文学部」のローブ,6,4,192,1,0,0,2,0,0,0,0,1,522222
971,159174,foot_F9031,トゥインクルブーツ,制服デザインコンテスト一般部門の最優秀作品。ペンネーム・遠野四季さんがデザインした、女生徒用「天文学部」のブーツ,6,4,256,1,0,0,2,0,0,0,0,1,522222
972,159175,hand_F9031,マーズグローブ,制服デザインコンテスト一般部門の最優秀作品。ペンネーム・遠野四季さんがデザインした、女生徒用「天文学部」の手袋,6,4,8,1,0,0,2,0,0,0,0,0,522222
973,159176,cap_F9031,サンライズハット,制服デザインコンテスト一般部門の最優秀作品。ペンネーム・遠野四季さんがデザインした、女生徒用「天文学部」の帽子,6,4,1,2,0,0,2,0,0,0,0,0,522222
974,159177,special_M9032,吹奏楽団服,制服デザインコンテスト学生部門の最優秀作品。<br>ペンネーム・コテラさんがデザインした、男子生徒用「吹奏楽部」の制服,6,4,192,1,0,0,1,0,0,0,0,1,522222
975,159178,foot_M9032,吹奏楽団靴,制服デザインコンテスト学生部門の最優秀作品。<br>ペンネーム・コテラさんがデザインした、男子生徒用「吹奏楽部」の靴,6,4,256,1,0,0,1,0,0,0,0,1,522222
976,159179,cap_M9032,吹奏楽団帽,制服デザインコンテスト学生部門の最優秀作品。<br>ペンネーム・コテラさんがデザインした、男子生徒用「吹奏楽部」の帽子,6,4,1,2,0,0,1,0,0,0,0,0,522222
977,159180,special_F9032,吹奏楽団服,制服デザインコンテスト学生部門の最優秀作品。<br>ペンネーム・コテラさんがデザインした、女生徒用「吹奏楽部」の制服,6,4,192,1,0,0,2,0,0,0,0,1,522222
978,159181,foot_F9032,吹奏楽団靴,制服デザインコンテスト学生部門の最優秀作品。<br>ペンネーム・コテラさんがデザインした、女生徒用「吹奏楽部」の靴,6,4,256,1,0,0,2,0,0,0,0,1,522222
979,159182,cap_F9032,吹奏楽団帽,制服デザインコンテスト学生部門の最優秀作品。<br>ペンネーム・コテラさんがデザインした、女生徒用「吹奏楽部」の帽子,6,4,1,2,0,0,2,0,0,0,0,0,522222
980,10005,blade_A0005,リングダガー,こぶし大のリングが剣頭に付いているためリングダガーと呼ばれるようになった。リングのため隠しにくく、短剣としてはあまり役に立たない,2,4,16,2,1,6,0,0,0,0,0,0,0
981,10010,blade_A0010,包丁,りんごを剥いたり刺身を作る時に使われる。モンスターを料理するために作られた武器と言う者もいるが、今までモンスター料理は出たことがない,2,4,16,2,1,6,0,0,0,0,0,0,0
982,10014,blade_A0014,アサシンサンダー,暗殺者が愛用する武器。柄のゴム部分を除いてブレード全体に電気が流れていて、触れるだけで致命的なダメージを受ける,2,4,16,2,1,6,0,0,0,0,0,0,0
983,10017,blade_A0017,アスラブレード,鬼神が封じ込められているというブレード。鬼神にも勝る度胸がある者だけが使うことが出来る。使いこなせるなら、その威力は恐るべきもの……,2,4,16,2,1,6,0,0,0,0,0,0,0
984,10009,blade_A0009,イブニングスター,一日のうち、夕方に一番強くなると言ううわさがある武器。実際に使ってみると、うわさにはあまり信憑性がないように感じる,2,4,16,2,1,6,0,0,101,20011,0,0,0
985,10007,blade_A0007,釘バット,木刀とともに二大不良武器で、不良モードの必需品。凶悪な形をしていて、使う方もたまに怖くなることがある,2,4,16,2,1,6,0,0,101,20009,0,0,0
986,19001,blade_A0001,限界突破スティンガー,幻の改造スティンガー。潜在能力を無理に引き出している為、4年生以上でないと扱えない。<br>2006年5月11日(木)定期メンテナンス時に消滅する。,2,4,16,2,1,4,0,0,102,20001,0,0,0
987,19002,blade_A0011,トニックブレード,ソニックブレードの偽物。豪快なバーテンダーがカクテルを混ぜるのに使っていたという。出力が弱い為、1年生でも扱うことができる。<br>2006年5月11日(木)定期メンテナンス時に消滅する。,2,4,16,2,1,1,0,0,104,20014,0,0,0
988,19003,blade_A0019,ペーパードライバー,ペーパークラフトで出来ているスクリュードライバー。当然ながら本物より弱い。無事故を続けるとゴールドになるかも？<br>2006年5月11日(木)定期メンテナンス時に消滅する。,2,4,16,2,1,1,0,0,104,20016,0,0,0
989,19004,blade_A0013,お試しハンマー,ジャガーノートハンマーにそっくりだが、本物よりも軽い金属で出来ているため、2年生でも扱うことができる。<br>2006年5月11日(木)定期メンテナンス時に消滅する。,2,4,16,2,1,2,0,0,102,20018,0,0,0
990,19005,blade_A0021,プリンガー,ブリンガーの偽物。3年生でも装備できるが攻撃力は低い。お菓子を作る時、かき混ぜ器として使うと意外と便利？<br>2006年5月11日(木)定期メンテナンス時に消滅する。,2,4,16,2,1,3,0,0,102,20028,0,0,0
991,19006,blade_A0003,イベントめがとんはんまー,やや小型だが威力充分のハンマー。インパクトの瞬間に質量が打点に集中する構造のため、片手で扱える重さだが大きなダメージを与えられる,2,5,16,2,1,4,0,0,101,20003,0,0,0
992,19007,blade_A1006,실전 목도 YT,불량 모드의 필수품. 못박힌 배트와 함께 2대 불량 무기라 불리운다. 일반 목도보다는 실전용이라 할 수 있다.<br>이것은 요구르팅 1주년 기념 선물이라고 한다.,2,4,16,2,1,1,0,0,104,20008,0,0,0
993,19008,blade_A1002,블러디 바로 소드 YT,거리를 재는데 탁월한 기능을 가지고 있는 블레이드. 주로 초급학년들에게 적당하다.<br>이것은 요구르팅 1주년 기념 선물이라고 한다.,2,4,16,2,1,1,0,0,104,20002,0,0,0
994,19009,blade_A0001,スティンガー,カッター型のブレード,2,4,16,2,1,1,0,0,102,20001,0,0,0
995,19010,blade_A0019,スクリュードライバー,ねじのような形のプラスドライバー,2,4,16,2,1,2,0,0,104,20016,0,0,0
996,19011,blade_A0015,サンダーセイバー,柄の充電池から流れるエネルギーを集束させた刀身を持つ光線剣。振り回す度に聞こえる音がかっこいい,2,4,16,2,1,3,0,0,104,20021,0,0,0
997,19012,blade_A1006,赤檀木刀,幻の木材として古くから伝わる赤檀で作られた木刀。普通の木刀とは違った「風格」があるので、番長を名乗るなら絶対オススメの一本！,2,4,16,2,1,1,0,0,104,20008,0,0,0
998,19013,blade_A1002,バロソードＭ,"計測道具として、プロも納得の精度を誇るバロソード。その長さは、1秒の1/299,792,458に光が真空中を伝わる距離と、正確に一致するらしい",2,4,16,2,1,1,0,0,104,20002,0,0,0
999,19014,blade_A1004,レイピア＝ローズ,長く尖った剣身を持つブレード。鋭い棘を持つ薔薇のように、その剣身は艶やかに紅く染まっている,2,4,16,2,1,2,0,0,104,20005,0,0,0
1000,19015,blade_A1011,ソニックブレード・親方,材木の伐採場や建築現場の作業者から絶大な支持を得ている、切断用機械。武器としても、通常のソニックブレードと同等の威力を誇る,2,4,16,2,1,2,0,0,104,20014,0,0,0
1001,19016,blade_A1016,カタナ・無銘,日本古来のブレード。サムライの象徴として美術品のように扱われた時代のものではなく、戦国時代の名も無き兵が使っていた無銘の業物。使い込まれて刀身の色が朱に染まっている,2,4,16,2,1,3,0,0,104,20022,0,0,0
1002,19017,blade_A1013,ギガンティックハンマー,ジャガーノートハンマーを持った相手と決闘するために作られた武器。この武器を手にした日から、ジャガーノートハンマーの使い手と戦わなければならない宿命を持つようになる,2,4,16,2,1,3,0,0,102,20018,0,0,0
1003,19018,blade_A1006,妖樹木刀,妖怪「人面樹」が材料の木刀。呪われており、使い続けると持ち主を人面樹に変えてしまうという。気にならない人は、圧倒的な呪いのパワーを堪能しよう。(2006年8月17日に交換不可能になり、8月24日に消滅します),2,5,16,2,1,4,0,0,104,20008,0,0,0
1004,19019,blade_A1004,レイピア＝ヴァンパイア,不老不死のヴァンパイアが乙女の血を浴びるために使った凶器だという。元の持ち主の魂が宿っているのか、巻きついたツタは獲物を求めて蠢いている。(2006年8月17日に交換不可能になり、8月24日に消滅します),2,5,16,2,1,2,0,0,104,20005,0,0,0
1005,19020,blade_A1015,雷獣針,落雷と共に現れるといわれる妖怪「雷獣」の雷を受けて強力になったダークセイバー。スキル使用時は、落雷注意を呼びかけよう。(2006年8月17日に交換不可能になり、8月24日に消滅します),2,5,16,2,1,5,0,0,104,20021,0,0,0
1006,19021,blade_A0021,鎌鼬,妖怪「鎌鼬」が化けたブレード。鎌鼬は、一体目が人を倒し、二体目が傷をつけ、三体目が、その傷を治すといわれている。(2006年8月17日に交換不可能になり、8月24日に消滅します),2,5,16,2,1,1,0,0,102,20028,0,0,0
1007,19022,blade_A0012,飛頭蛮はんまー,昼間は人間だが、夜は首が胴体から飛び立つという妖怪「飛頭蛮」を捕獲した武器。スキル使用時に飛び立ってしまわないよう注意しよう！(2006年8月17日に交換不可能になり、8月24日に消滅します),2,5,16,2,1,3,0,0,101,20032,0,0,0
1008,10006,blade_A0006,木刀,不良モードの必需品。釘バットとともに二大不良武器と呼ばれる。実用性よりも、見た目の怖さが効果的,2,4,16,2,1,1,0,0,104,20008,0,0,0
1009,11006,blade_A1006,赤檀木刀,幻の木材として古くから伝わる赤檀で作られた木刀。普通の木刀とは違った「風格」があるので、番長を名乗るなら絶対オススメの一本！,2,4,16,2,1,1,0,0,104,20008,0,0,0
1010,10002,blade_A0002,バロソード,長さを測るのに便利な機能を持つブレード。１年生に最適,2,4,16,2,1,1,0,0,104,20002,0,0,0
1011,11002,blade_A1002,バロソードＭ,"計測道具として、プロも納得の精度を誇るバロソード。その長さは、1秒の1/299,792,458に光が真空中を伝わる距離と、正確に一致するらしい",2,4,16,2,1,1,0,0,104,20002,0,0,0
1012,10001,blade_A0001,スティンガー,カッター型のブレード,2,4,16,2,1,1,0,0,102,20001,0,0,0
1013,11001,blade_A1001,スティンガー・ANNA,可愛らしいピンク色で、SDアンナのイラスト入りのスティンガー。いつでもどこでもアンナと一緒！,2,4,16,2,1,1,0,0,102,20001,0,0,0
1014,10004,blade_A0004,レイピア＝ヴァイン,長く尖った剣身を持つブレード。剣身とガード部分にツタが巻き付いている,2,4,16,2,1,2,0,0,104,20005,0,0,0
1015,11004,blade_A1004,レイピア＝ローズ,長く尖った剣身を持つブレード。鋭い棘を持つ薔薇のように、その剣身は艶やかに紅く染まっている,2,4,16,2,1,2,0,0,104,20005,0,0,0
1016,10011,blade_A0011,ソニックブレード,チェーンソーの原理で高速回転する刃が付いたブレード,2,4,16,2,1,2,0,0,104,20014,0,0,0
1017,11011,blade_A1011,ソニックブレード・親方,材木の伐採場や建築現場の作業者から絶大な支持を得ている、切断用機械。武器としても、通常のソニックブレードと同等の威力を誇る,2,4,16,2,1,2,0,0,104,20014,0,0,0
1018,10019,blade_A0019,スクリュードライバー,ねじのような形のプラスドライバー,2,4,16,2,1,2,0,0,104,20016,0,0,0
1019,11019,blade_A1019,クロスヘッドドライバー,先端の十字型の部分が特殊合金製になっているスクリュードライバー。ネジ穴が潰れてしまったネジも締めたり緩めたり出来るように作られている,2,4,16,2,1,2,0,0,104,20016,0,0,0
1020,10016,blade_A0016,カタナ,日本古来のブレードで、サムライの象徴。刃が鋭いので、低学年は使用禁止にされている,2,4,16,2,1,3,0,0,104,20022,0,0,0
1021,11016,blade_A1016,カタナ・無銘,日本古来のブレード。サムライの象徴として美術品のように扱われた時代のものではなく、戦国時代の名も無き兵が使っていた無銘の業物。使い込まれて刀身の色が朱に染まっている,2,4,16,2,1,3,0,0,104,20022,0,0,0
1022,10013,blade_A0013,ジャガーノートハンマー,無骨で凶悪に重いハンマー。見ているだけでもダメージを受けるような気がするほどだ。この武器を持った相手と決闘するのは絶対に避けよう,2,4,16,2,1,3,0,0,102,20018,0,0,0
1023,11013,blade_A1013,ギガンティックハンマー,ジャガーノートハンマーを持った相手と決闘するために作られた武器。この武器を手にした日から、ジャガーノートハンマーの使い手と戦わなければならない宿命を持つようになる,2,4,16,2,1,3,0,0,102,20018,0,0,0
1024,10015,blade_A0015,サンダーセイバー,柄の充電池から流れるエネルギーを集束させた刀身を持つ光線剣。振り回す度に聞こえる音がかっこいい,2,4,16,2,1,3,0,0,104,20021,0,0,0
1025,11015,blade_A1015,ダークセイバー,サンダーセイバーの使い手が強い意志で悪の道を選んだ時、その刀身は闇の色に染まりダークセイバーへと変化するというが、電池を交換すると普通のサンダーセイバーに戻るという噂もある,2,4,16,2,1,3,0,0,104,20021,0,0,0
1026,10021,blade_A0021,ブリンガー,大きい鎌のような形のブレード,2,4,16,2,1,4,0,0,102,20028,0,0,0
1027,11021,blade_A1021,パニッシャー,ブリンガーの原型となった武器。元来モンスター退治用ではなく、罪人の処刑のために使われていたという,2,4,16,2,1,4,0,0,102,20028,0,0,0
1028,10022,blade_A0022,シーウィード,海の妖精が使うという金色の粉で作られたブレード,2,4,16,2,1,4,0,0,102,20029,0,0,0
1029,11022,blade_A1022,ディープシーウィード,深い海の底に住む妖精が作ったというブレード。きらめくような青い刀身をしているが、これを作った妖精自身は光の差さない海底にいるため、決してそれを知ることはない,2,4,16,2,1,4,0,0,102,20029,0,0,0
1030,10003,blade_A0003,めがとんはんまー,やや小型だが威力充分のハンマー。インパクトの瞬間に質量が打点に集中する構造のため、片手で扱える重さだが大きなダメージを与えられる,2,4,16,2,1,4,0,0,101,20003,0,0,0
1031,10008,blade_A0008,フライPANG☆,とても大きなフライパン。元々、ダチョウの卵を焼くために作られたというウワサがある,2,4,16,2,1,5,0,0,101,20030,0,0,0
1032,10012,blade_A0012,マジカルストンパー,玩具のような外見だが、実はかなりの威力を誇る。油断して殴られた相手はそのダメージにビックリ！,2,4,16,2,1,5,0,0,101,20032,0,0,0
1033,10023,blade_A0023,ライトブレイカー,蛍光灯をベースとして作られたブレード。簡単には割れないように強化されているので安心して戦える,2,4,16,2,1,5,0,0,102,20033,0,0,0
1034,10020,blade_A0020,ヴァーミリオンエッジ,剣身よりも大きい、赤いダイヤモンドがガード部分に付いているこのブレードは、宝石が光を発する時、より強くなるという,2,4,16,2,1,6,0,0,102,0,0,0,0
1035,10024,blade_A0024,スティンガーFE,スティンガーの最終進化形態,2,4,16,2,1,6,0,0,102,0,0,0,0
1036,10018,blade_A0018,教頭スレイヤー,極秘で6年生にだけ受け継がれ続ける、伝説のブレード。このブレードを手にした者は、教頭にさえ勝てる力を持つようになるそうだ,2,4,16,2,1,6,0,0,102,0,0,0,0
1037,20004,glorb_A0004,竹馬故友クロー,青竹のような感じのグローブ,3,4,8,1,2,0,0,0,0,40003,0,0,0
1038,20012,glorb_A0012,ギガンティックギア,最も重いグローブ。古代の巨人族が使ったというグローブを、生徒用に改造した武器だ。使いこなすのは難しいが、一旦慣れればもう怖いものなしだ,0,4,0,0,0,0,0,0,0,0,0,0,0
1039,20020,glorb_A0020,デュアルガントレット,大きなボーリング玉を手にはめたような外見は、見るからに驚異的だ,0,4,0,0,0,0,0,0,0,0,0,0,0
1040,29001,glorb_A0002,超・浩然之気,"浩然之気の出力が限界を超えた物。その光は神仙の如き輝きを放つが、素材への負担も大きい。4年生以上しか装備できない。
<br>2006年5月11日(木)定期メンテナンス時に消滅する。",3,4,8,1,2,4,0,0,302,40030,0,0,0
1041,29002,glorb_A0015,バイパーナックル,ヴァイパーナックルの未完成品。毒の塗布が完全でないため 1年生でも扱うことが出来る。<br>2006年5月11日(木)定期メンテナンス時に消滅する。,3,4,8,1,2,1,0,0,301,40020,0,0,0
1042,29003,glorb_A0021,練習用バンテージ,長さ2.5m以下のバンテージ。しっかり拳を守って修練に励もう。 1年生でも着用可能。<br>2006年5月11日(木)定期メンテナンス時に消滅する。,3,4,8,1,2,1,0,0,301,40028,0,0,0
1043,29004,glorb_A0005,レインポーフィスト,レインボーフィストの偽物。使っているとすぐ壊れるが、威力が弱い分、低学年でも使用可能。<br>2006年5月11日(木)定期メンテナンス時に消滅する。,3,4,8,1,2,2,0,0,302,40006,0,0,0
1044,29005,glorb_A0014,怪盗乱麻,どこからともなく現れ、レアアイテムを盗むという怪盗が、犯行現場に本物とすりかえて残していった偽物。3年生でも装備できる。<br>2006年5月11日(木)定期メンテナンス時に消滅する。,3,4,8,1,2,3,0,0,302,40017,0,0,0
1045,29006,glorb_A0008,イベントバトルクロー,古代、主に大規模な戦闘で使われたという伝説があるグローブ。現在はモンスター退治用に改造されているが、その異様な迫力は健在,3,5,8,1,2,4,0,0,303,40010,0,0,0
1046,29007,glorb_A1001,무비유환 글로브 YT,단단한 금속 재질의 글로브.<br>이것은 요구르팅 1주년 기념 선물이라고 한다.,3,4,8,1,2,1,0,0,302,40001,0,0,0
1047,29008,glorb_A1003,The 자린고비 피스트 YT,빼빼 마른 글로브.<br>이것은 요구르팅 1주년 기념 선물이라고 한다.,3,4,8,1,2,1,0,0,302,40003,0,0,0
1048,29009,glorb_A0002,浩然之気,手甲のレンズが青く輝くグローブ。輝く気の弾を飛ばすスキル攻撃が出来る,3,4,8,1,2,1,0,0,302,40030,0,0,0
1049,29010,glorb_A0021,ジョーのバンテージ,伝説の格闘王ジョーが拳に巻いていたという包帯,3,4,8,1,2,2,0,0,301,40028,0,0,0
1050,29011,glorb_A0013,フェニックスナックル,不死鳥の羽毛で作ったというグローブ,3,4,8,1,2,3,0,0,302,40016,0,0,0
1051,29012,glorb_A1001,有備無患,堅い金属製のグローブ。固い地面や壁に打ちつけると火花を散らし、炎の拳となる,3,4,8,1,2,1,0,0,302,40001,0,0,0
1052,29013,glorb_A1003,窮極ザリンゴビフィスト,持ち主を窮地に追い込むというグローブ。生きて勝利をつかむか栄養失調で倒れるか、まさに背水の陣。心を鍛えるのに最高,3,4,8,1,2,1,0,0,302,40003,0,0,0
1053,29014,glorb_A1007,ブラックジャック,ここ一番の勝負の際、最高のカードか最悪のカードを50%ずつの確率で引き当てるというこのグローブは、多くのギャンブラーの憧れであり、同時に恐れられている,3,4,8,1,2,2,0,0,301,40008,0,0,0
1054,29015,glorb_A1015,ヴェノムナックル,蛇の皮で作った後、その表面に特殊調合の蛇毒を塗って完成させたグローブ。打撃を受けた相手は必ずひどい中毒状態に陥るため、現在は販売も使用も禁止されている。長時間装備していると、毒が使用者自身を…,3,4,8,1,2,2,0,0,301,40020,0,0,0
1055,29016,glorb_A1019,フェノメーター・プロト,探査用に製作されたフェノメーターギアのプロトタイプ。量産されたフェノメーターギアには無い機能があるが、戦闘用の性能は既に完成されている,3,4,8,1,2,3,0,0,301,40014,0,0,0
1056,29017,glorb_A1005,バイオレットフィスト,レインボーフィストの改良版。技を放つ度に描かれる虹の紫色が、さらに美しく発色されるようになったという。使い手は、なぜかよく日焼けしていることが多い,3,4,8,1,2,3,0,0,302,40006,0,0,0
1057,29018,glorb_A1001,大蝦蟇グローブ,人や動物を誘う気を放って獲物を呼び寄せるという、妖怪「大蝦蟇」の皮が材料のグローブ。べとべとする上、人を誘い出す気を発している厄介な代物。(2006年8月17日に交換不可能になり、8月24日に消滅します),3,5,8,1,2,3,0,0,302,40001,0,0,0
1058,29019,glorb_A0021,一反木綿バンテージ,付喪神の一種で、布が妖怪になった「一反木綿」がバンテージと化したもの。一反＝約11メートルで、通常のバンテージより長いため上級生向けである。(2006年8月17日に交換不可能になり、8月24日に消滅します),3,5,8,1,2,1,0,0,301,40028,0,0,0
1059,29020,glorb_A1005,八咫烏,神の使いともいわれる、三本の足を持つ妖怪「八咫烏」の翼を使用したグローブ。正確な道筋を指して羽ばたくため方向音痴の人でも安心。(2006年8月17日に交換不可能になり、8月24日に消滅します),3,5,8,1,2,5,0,0,302,40006,0,0,0
1060,29021,glorb_A1009,妖画百景,妖怪画家が着色したことで妖気を放つようになったグローブ。見つめ続けると100体の妖怪が浮かんで見える3Dアート仕様。1時間おきに15分の休憩が必要？(2006年8月17日に交換不可能になり、8月24日に消滅します),3,5,8,1,2,2,0,0,302,40011,0,0,0
1061,29022,glorb_A0011,オーガトゥースギア,妖怪「鬼」が使用者を襲うために化けたグローブ。戦い続けて鬼の食欲を満たしてやれば食われずに済む。鬼が一口で物を食らう勢いを例えて「鬼一口」という。(2006年8月17日に交換不可能になり、8月24日に消滅します),3,5,8,1,2,4,0,0,303,40013,0,0,0
1062,20001,glorb_A0001,有備無患,堅い金属製のグローブ。固い地面や壁に打ちつけると火花を散らし、炎の拳となる,3,4,8,1,2,1,0,0,302,40001,0,0,0
1063,21001,glorb_A1001,無備有患,入門用グローブとしてベストセラー商品になった「有備無患」の初期バージョン。名前に反し、関係者の不注意で欠陥があるまま販売され、後に回収された。そのため皮肉を込めて「備え無ければ患有り」と呼ばれている,3,4,8,1,2,1,0,0,302,40001,0,0,0
1064,20003,glorb_A0003,ザリンゴビフィスト,何度も修繕された、つぎはぎだらけのグローブ。ハングリー精神が込められている,3,4,8,1,2,1,0,0,302,40003,0,0,0
1065,21003,glorb_A1003,窮極ザリンゴビフィスト,持ち主を窮地に追い込むというグローブ。生きて勝利をつかむか栄養失調で倒れるか、まさに背水の陣。心を鍛えるのに最高,3,4,8,1,2,1,0,0,302,40003,0,0,0
1066,20002,glorb_A0002,浩然之気,手甲のレンズが青く輝くグローブ。輝く気の弾を飛ばすスキル攻撃が出来る,3,4,8,1,2,1,0,0,302,40030,0,0,0
1067,21002,glorb_A1002,浩然之心,手甲のレンズが青く輝くグローブ。天地神明に恥じることのない心の持ち主だけが、その真の能力を発揮できるといわれている,3,4,8,1,2,1,0,0,302,40030,0,0,0
1068,20007,glorb_A0007,ギャンブルハンド,手の甲にスペードのエースが彫刻されているグローブ。スキル攻撃の時にはカードが現れる,3,4,8,1,2,2,0,0,301,40008,0,0,0
1069,21007,glorb_A1007,ブラックジャック,ここ一番の勝負の際、最高のカードか最悪のカードを50%ずつの確率で引き当てるというこのグローブは、多くのギャンブラーの憧れであり、同時に恐れられている,3,4,8,1,2,2,0,0,301,40008,0,0,0
1070,20015,glorb_A0015,ヴァイパーナックル,蛇の皮で作った後、その表面に蛇毒を塗って完成させたグローブ。打撃を受けた相手は必ずひどい中毒状態に陥るため、現在は販売も使用も禁止されている。不良生徒たちの秘密武器として使われている,3,4,8,1,2,2,0,0,301,40020,0,0,0
1071,21015,glorb_A1015,ヴェノムナックル,蛇の皮で作った後、その表面に特殊調合の蛇毒を塗って完成させたグローブ。打撃を受けた相手は必ずひどい中毒状態に陥るため、現在は販売も使用も禁止されている。長時間装備していると、毒が使用者自身を…,3,4,8,1,2,2,0,0,301,40020,0,0,0
1072,20021,glorb_A0021,ジョーのバンテージ,伝説の格闘王ジョーが拳に巻いていたという包帯,3,4,8,1,2,2,0,0,301,40028,0,0,0
1073,21021,glorb_A1021,ジョーのバンテージ血涙,伝説の格闘王ジョーが拳に巻いていたという使い古しの包帯。ジョーの流した血と汗と涙が染み込んでいる,3,4,8,1,2,2,0,0,301,40028,0,0,0
1074,20019,glorb_A0019,フェノメーターギア,手の甲に計器盤がついたこのグローブは、探査用に製作された,3,4,8,1,2,3,0,0,301,40014,0,0,0
1075,21019,glorb_A1019,フェノメーター・プロト,探査用に製作されたフェノメーターギアのプロトタイプ。量産されたフェノメーターギアには無い機能があるが、戦闘用の性能は既に完成されている,3,4,8,1,2,3,0,0,301,40014,0,0,0
1076,20005,glorb_A0005,レインボーフィスト,技を放つ度に、虹色の軌跡が描かれることからレインボーフィストと呼ばれるようになった。スキル攻撃を使う度に虹が現れるので、学園祭の時よく使われる,3,4,8,1,2,3,0,0,302,40006,0,0,0
1077,21005,glorb_A1005,バイオレットフィスト,レインボーフィストの改良版。技を放つ度に描かれる虹の紫色が、さらに美しく発色されるようになったという。使い手は、なぜかよく日焼けしていることが多い,3,4,8,1,2,3,0,0,302,40006,0,0,0
1078,20013,glorb_A0013,フェニックスナックル,不死鳥の羽毛で作ったというグローブ,3,4,8,1,2,3,0,0,302,40016,0,0,0
1079,21013,glorb_A1013,ヘヴンリーフェニックス,千回の死と再生を繰り返し、天界へと昇華した不死鳥が最後に残していった羽毛で作ったというグローブ,3,4,8,1,2,3,0,0,302,40016,0,0,0
1080,20014,glorb_A0014,快刀乱麻,速度において最高の武器。ただ速度を重視するあまり、威力がそれほどない,3,4,8,1,2,4,0,0,302,40017,0,0,0
1081,21014,glorb_A1014,怪力乱神,「技の快刀乱麻、力の怪力乱神」と並び称される。悪の組織が「快刀乱麻」を模して作った武器だが、清く正しく強い心の持ち主が使えば真の力を発揮すると言われる,3,4,8,1,2,4,0,0,302,40017,0,0,0
1082,20009,glorb_A0009,天方地軸,こんな奇天烈なデザインのグローブを使う者の気が知れない。しかしこのグローブを使った生徒たちは、みんな口をそろえて誉めまくる,3,4,8,1,2,4,0,0,302,40011,0,0,0
1083,21009,glorb_A1009,天真爛漫,芸術を紙一重上回っているデザインのグローブ。見慣れると意外とカワイイと評判。子供かチンパンジーが気の向くままに描いた絵がデザインされているという噂がある,3,4,8,1,2,4,0,0,302,40011,0,0,0
1084,20008,glorb_A0008,バトルクロー,古代、主に大規模な戦闘で使われたという伝説があるグローブ。現在はモンスター退治用に改造されているが、その異様な迫力は健在,3,4,8,1,2,4,0,0,303,40010,0,0,0
1085,20010,glorb_A0010,ブレードハンド,グローブというよりはブレードに近い武器。両腕に装着すると、まるで二刀流で戦っている気分。速攻戦に適している,3,4,8,1,2,5,0,0,303,40012,0,0,0
1086,20016,glorb_A0016,イーグルクロー,鷹のカギ爪に似せて作られたグローブ。打撃よりも、引き裂くような攻撃向きにデザインされている,3,4,8,1,2,5,0,0,303,40023,0,0,0
1087,20011,glorb_A0011,バイティングギア,怪獣が口を開けているようなデザインのグローブ。手先に生えた鋭い角が、この武器の威力を物語っている,3,4,8,1,2,5,0,0,303,40013,0,0,0
1088,20022,glorb_A0022,ライアットギア,怒りや悲しみなどの「負の感情」を力に変えるというグローブ。戦った後はさわやかな気持ちになれるらしい,3,4,8,1,2,5,0,0,304,40031,0,0,0
1089,20006,glorb_A0006,マキシマガントレット,かなり重いグローブで、攻撃の動きは遅くなるが威力は大きい,3,4,8,1,2,6,0,0,304,0,0,0,0
1090,20017,glorb_A0017,風飛音散,山をも崩すという伝説のグローブ。ばか正直で頼もしいその外見が、うわさに信憑性を与えている,3,4,8,1,2,6,0,0,304,0,0,0,0
1091,20018,glorb_A0018,アルティメットギア,言葉とおり究極のグローブ。グローブ自らが自分の使い手を決めるという,3,4,8,1,2,6,0,0,304,0,0,0,0
1092,30003,mura_A0003,トランパワー,四方がぼろぼろに壊れているトランペットのイメージ,4,4,1,2,3,0,0,0,0,0,0,0,0
1093,30013,mura_A0013,スクラッチミキサー,最初に聞くと背中に怖気が走るが、聞き続けるといつのまにかハマってしまう,0,4,0,0,0,0,0,0,0,0,0,0,0
1094,30014,mura_A0014,MCマクスター,伝説の MC、MCマクスターが使ったミューラの普及型。MCマクスターへの郷愁にひたることが出来て、世間では爆発的な反応が見られる,0,4,0,0,0,0,0,0,0,0,0,0,0
1095,30015,mura_A0015,ジグザグタップ,このミューラ一つで様々な音色を出せるため、前衛芸術を志す生徒たちが好んで使う,0,4,0,0,0,0,0,0,0,0,0,0,0
1096,30016,mura_A0016,マグネディオ,アンテナがあちこちに生えたこのミューラを着けた生徒たちに囲まれていると、いつの間にか別の惑星に迷い込んだ気がしてくる。独特の形と同じく、使い方も独特だ,0,4,0,0,0,0,0,0,0,0,0,0,0
1097,30018,mura_A0018,メタルバロック,ダンスや音楽よりも、戦いに使われるようにデザインされたミューラ。ぴかぴか輝くこの金属製ミューラを見ていると、誰もが恐れを抱く,0,4,0,0,0,0,0,0,0,0,0,0,0
1098,39001,mura_A0011,バスクラリネット,低音域が得意なクラリネット。4年生以上しか装備できない。<br>2006年5月11日(木)定期メンテナンス時に消滅する。,4,4,1,2,3,4,0,0,501,60013,0,0,0
1099,39002,mura_A0002,ジャーマンボンゴ,シャーマンボンゴのあからさまな偽物だが、1年生でも装備可能なため、偽物なりに意外と役に立つ。<br>2006年5月11日(木)定期メンテナンス時に消滅する。,4,4,1,2,3,1,0,0,505,60002,0,0,0
1100,39003,mura_A0004,The DJ βedit,低学年でも使えるようにと開発された入門用アフロヅラ。ターンテーブル以外にも、最新4chミキサーなどを搭載。1年生でも装備可能。<br>2006年5月11日(木)定期メンテナンス時に消滅する。,4,4,1,2,3,1,0,0,505,60006,0,0,0
1101,39004,mura_A0005,フラッヒィ,どう聞いても空気が抜けているような劣化フラッフィ。2年生以上が装備できるよう調整されている。<br>2006年5月11日(木)定期メンテナンス時に消滅する。,4,4,1,2,3,2,0,0,501,60029,0,0,0
1102,39005,mura_A0019,お試しマフラー,タムタムマフラーの試供品で、3年生以上で装備可能。<br>2006年5月11日(木)定期メンテナンス時に消滅する。,4,4,1,2,3,3,0,0,505,60014,0,0,0
1103,39006,mura_A0009,イベントピアニオ,鍵盤のように見え、押すと実際に音が出るミューラ。古くからあるが未だ孫㢰៭믠໫毼䷎ꦭ勻があり、学者たちの関心を集めている,4,5,1,2,3,4,0,0,501,60011,0,0,0
1104,39007,mura_A1006,골든 팬 플룻 YT,사용법이 간편하고 무게가 가벼워 많은 사람들이 애용하는 황금빛 뮤라. 때문에 리코링 전용 음악 대회도 간간히 열리기도 한다.<br>이것은 요구르팅 1주년 기념 선물이라고 한다.,4,4,1,2,3,1,0,0,501,60030,0,0,0
1105,39008,mura_A1001,브로운 YT,금관 악기 형상의 뮤라.<br>이것은 요구르팅 1주년 기념 선물이라고 한다.,4,4,1,2,3,1,0,0,501,60001,0,0,0
1106,39009,mura_A0011,クラリネット,薄茶色のクラリネットの軽快な音色を聞くと、自然に楽しくなってくる。シンバリンとともに合奏によく使われるミューラ,4,4,1,2,3,1,0,0,501,60013,0,0,0
1107,39010,mura_A0004,The DJ,ターンテーブルのついた、巨大な虹色のアフロヅラ,4,4,1,2,3,2,0,0,505,60006,0,0,0
1108,39011,mura_A0022,タブカイ,骸骨の形をしたイヤリング,4,4,1,2,3,3,0,0,505,60028,0,0,0
1109,39012,mura_A1006,パンフルート・ソプラノ,使い方が簡単で、軽いため、多くの人々に愛用されているパンフルートの一種。高い音が出るようにチューンされている,4,4,1,2,3,1,0,0,501,60030,0,0,0
1110,39013,mura_A1001,クラシックドローン,初期のドローン。時代と共に改良が加えられた現在のドローンとはまた違った趣がある、歴史を感じさせる一品,4,4,1,2,3,1,0,0,501,60001,0,0,0
1111,39014,mura_A1007,クラッシュシンバリン,シンバリン奏者からは「打楽器の王者」と呼ばれているミューラ。あまりにやかましいので、コンサートホール以外での使用は制限されているらしい,4,4,1,2,3,2,0,0,501,60009,0,0,0
1112,39015,mura_A1002,ミスティックボンゴ,先祖代々受け継がれる、由緒正しい特別製のシャーマンボンゴ。門外不出の秘祭の時にだけ使われるもので、民俗学的価値が高い,4,4,1,2,3,2,0,0,505,60002,0,0,0
1113,39016,mura_A1008,アマティバイオリーノ,一流の職人が製作した一流のバイオリーノ。現在出回っているバイオリーノはこれを元に作られたとも言われている,4,4,1,2,3,3,0,0,501,60032,0,0,0
1114,39017,mura_A1005,アルトフラッフィ,美しい低音を奏でる、金色のフラッフィ。フラッフィとの二重奏をしていると、森の動物達が集まってきて聞き惚れるという,4,4,1,2,3,3,0,0,501,60029,0,0,0
1115,39018,mura_A1001,クラシックドローン・WAM,音楽室に潜む某作曲家の楽器。使い手にはその作曲家の力が宿り、記憶力が良くなるという。テストの時に非常に役に立つかも？(2006年8月17日に交換不可能になり、8月24日に消滅します),4,5,1,2,3,2,0,0,501,60001,0,0,0
1116,39019,mura_A1007,クライシンバリン,妖怪「子泣き爺」の鳴き声と同等の音量を放つシンバリン。赤子と同然に優しく扱うのがコツ。子泣き爺が泣くと、地震が起こるといわれている。(2006年8月17日に交換不可能になり、8月24日に消滅します),4,5,1,2,3,5,0,0,501,60009,0,0,0
1117,39020,mura_A1022,がしゃどくろ,妖怪「がしゃどくろ」が宿っているミューラ。夜な夜な音をたててうるさい。がしゃどくろは、死者たちの怨念が妖怪化したものといわれている。(2006年8月17日に交換不可能になり、8月24日に消滅します),4,5,1,2,3,4,0,0,505,60028,0,0,0
1118,39021,mura_A0009,ピアニオ・LVB,音楽室に潜む某作曲家の楽器。夜になると勝手にピアニオの鍵盤を叩き作曲や演奏を始める。その結果不幸な目にあったとしても「運命」として受け入れよう。(2006年8月17日に交換不可能になり、8月24日に消滅します),4,5,1,2,3,1,0,0,501,60011,0,0,0
1119,39022,mura_A0020,追儺・神便鬼毒酒,妖怪「酒天童子」を打ち倒す鍵となった強力な神酒。鬼には毒に、人間には薬になる酒。酔えば酔うほど強くなるとしても、お酒は20歳になってから！(2006年8月17日に交換不可能になり、8月24日に消滅します),4,5,1,2,3,3,0,0,506,60015,0,0,0
1120,30006,mura_A0006,パンフルート,使い方が簡単で、軽いため、多くの人々が愛用するミューラ。リコリング専用音楽大会もたまに開かれたりする,4,4,1,2,3,1,0,0,501,60030,0,0,0
1121,31006,mura_A1006,パンフルート・ソプラノ,使い方が簡単で、軽いため、多くの人々に愛用されているパンフルートの一種。高い音が出るようにチューンされている,4,4,1,2,3,1,0,0,501,60030,0,0,0
1122,30001,mura_A0001,ドローン,金管楽器の形をしたミューラ,4,4,1,2,3,1,0,0,501,60001,0,0,0
1123,31001,mura_A1001,クラシックドローン,初期のドローン。時代と共に改良が加えられた現在のドローンとはまた違った趣がある、歴史を感じさせる一品,4,4,1,2,3,1,0,0,501,60001,0,0,0
1124,30011,mura_A0011,クラリネット,薄茶色のクラリネットの軽快な音色を聞くと、自然に楽しくなってくる。シンバリンとともに合奏によく使われるミューラ,4,4,1,2,3,1,0,0,501,60013,0,0,0
1125,31011,mura_A1011,クリスタルクラリネット,埋め込まれた水晶の分子構造が音を増幅し、より澄んだ音が出るように改良されたクラリネット,4,4,1,2,3,1,0,0,501,60013,0,0,0
1126,30007,mura_A0007,シンバリン,非常にうるさい音を出すミューラ。しかし他のミューラと一緒に使うと美しい音色となる。合奏をする時によく使われる,4,4,1,2,3,2,0,0,501,60009,0,0,0
1127,31007,mura_A1007,クラッシュシンバリン,シンバリン奏者からは「打楽器の王者」と呼ばれているミューラ。あまりにやかましいので、コンサートホール以外での使用は制限されているらしい,4,4,1,2,3,2,0,0,501,60009,0,0,0
1128,30002,mura_A0002,シャーマンボンゴ,外側が大きくなった形で、尖った羽毛が突き出ている,4,4,1,2,3,2,0,0,505,60002,0,0,0
1129,31002,mura_A1002,ミスティックボンゴ,先祖代々受け継がれる、由緒正しい特別製のシャーマンボンゴ。門外不出の秘祭の時にだけ使われるもので、民俗学的価値が高い,4,4,1,2,3,2,0,0,505,60002,0,0,0
1130,30004,mura_A0004,The DJ,ターンテーブルのついた、巨大な虹色のアフロヅラ,4,4,1,2,3,2,0,0,505,60006,0,0,0
1131,31004,mura_A1004,The DJ SNF,土曜日の夜に最も光り輝くと言われる、巨大な縞模様のアフロヅラ,4,4,1,2,3,2,0,0,505,60006,0,0,0
1132,30008,mura_A0008,バイオリーノ,静かな単音から激情的な和音まで奏でられるミューラ。さまざまな音を同時に出せるので、低学年用だが使い方は難しい。スキルを使用すると、自分を中心に一定範囲内の仲間を回復する,4,4,1,2,3,3,0,0,501,60032,0,0,0
1133,31008,mura_A1008,アマティバイオリーノ,一流の職人が製作した一流のバイオリーノ。現在出回っているバイオリーノはこれを元に作られたとも言われている,4,4,1,2,3,3,0,0,501,60032,0,0,0
1134,30005,mura_A0005,フラッフィ,銀色がかった色で長く伸びた形のミューラ。その音があまりにも美しいため、周りの人々も仕事の手を止めて音楽に聞き惚れると言う,4,4,1,2,3,3,0,0,501,60029,0,0,0
1135,31005,mura_A1005,アルトフラッフィ,美しい低音を奏でる、金色のフラッフィ。フラッフィとの二重奏をしていると、森の動物達が集まってきて聞き惚れるという,4,4,1,2,3,3,0,0,501,60029,0,0,0
1136,30022,mura_A0022,タブカイ,骸骨の形をしたイヤリング,4,4,1,2,3,3,0,0,505,60028,0,0,0
1137,31022,mura_A1022,エスニックタブカイ,中南米の古代遺跡で発見されたというタブカイ。当時の技術力では作成は不可能と思われ、考古学会で物議を醸している,4,4,1,2,3,3,0,0,505,60028,0,0,0
1138,30019,mura_A0019,タムタムマフラー,寒い時にぴったりのこのミューラは、冬にはファッション用アイテムとしてもよく使われる,4,4,1,2,3,4,0,0,505,60014,0,0,0
1139,31019,mura_A1019,トムトムマフラー,今年の冬はこれで決まり！　最新ファッションで差を付けよう！,4,4,1,2,3,4,0,0,505,60014,0,0,0
1140,30017,mura_A0017,エンジェリックボイス,空へと帰った天使が地上に残して行ったといわれる、翼の形をしたミューラ。高学年用,4,4,1,2,3,4,0,0,501,60024,0,0,0
1141,31017,mura_A1017,ルシフェリックボイス,人間に嫉妬して神を裏切ったため、地獄へ落とされた天使が地上に残して行ったといわれる、黒い翼の形をしたミューラ,4,4,1,2,3,4,0,0,501,60024,0,0,0
1142,30009,mura_A0009,ピアニオ,鍵盤のように見え、押すと実際に音が出るミューラ。古くからあるが未だに構造上不明な部分があり、学者たちの関心を集めている,4,4,1,2,3,4,0,0,501,60011,0,0,0
1143,30020,mura_A0020,どぶロック,その威力は誰もが認めるミューラだが、使い続けるとアルコール中毒になるかもしれないので要注意。お酒は20歳になってから！,4,4,1,2,3,5,0,0,506,60015,0,0,0
1144,30010,mura_A0010,ボサノブンブン,音よりも、その動きが軽快で楽しげなミューラ。頭を振る度、その派手な姿が周囲の目を奪う,4,4,1,2,3,5,0,0,502,60012,0,0,0
1145,30012,mura_A0012,ウギウギ,昔有名だったミュージシャンが、自ら作成して演奏に使っていたというミューラ。ミュージシャン自身を表現しているといわれているが、彼の音楽センスの事なのか、彼の顔の事なのかは不明,4,4,1,2,3,5,0,0,506,60020,0,0,0
1146,30021,mura_A0021,ウタンカ,顔が彫刻されている大きな円形イヤリング,4,4,1,2,3,6,0,0,504,0,0,0,0
1147,30023,mura_A0023,ピンクサーペント,귀여운 핑크빛 뱀의 형상을 한 뮤라.,4,4,1,2,3,6,0,0,503,0,0,0,0
1148,30024,mura_A0024,블랙 카마엘,"거대한 날개 장식이 섹시한 느낌을 풍기는, 성인 취향의 뮤라.",4,4,1,2,3,6,0,0,503,0,0,0,0
1149,30025,mura_A0025,ドローン・ANNA,2006年の「春の総選挙！」で<br>1位になったアンナを記念して、ドローンをベースにして作られたオリジナルミューラ。名前も公募で決められた、アンナとみんなの友情の証！,4,4,1,2,3,1,0,0,501,60001,0,0,0
1150,40007,spirit_A0007,ライフガード,元々は古代の吸血鬼と戦うために作られたスピリットだったが、現在は主に病院での治療に使われている。赤い十字マークが印象的,0,4,0,0,0,0,0,0,0,0,0,0,0
1151,40011,spirit_A0011,氷マント,攻撃を受けた相手はもちろん、使う本人も寒い,0,4,0,0,0,0,0,0,0,0,0,0,0
1152,40017,spirit_A0017,メフィスト,EVP現象の原因を調査しに行った遠征隊が出くわしたという大悪魔の名前の付いたスピリット,0,4,0,0,0,0,0,0,0,0,0,0,0
1153,40022,spirit_A0022,エリートかばん,エリートが使うかばん。よく整頓されていて、いかにも優等生っぽい,0,4,0,0,0,0,0,0,0,0,0,0,0
1154,40012,spirit_A0012,ガリ勉かばん,突き出た本と裂け目のせいで中身が簡単に想像出来るスピリット。ヨーグルティング模範生の必需品に含まれるアイテム,5,4,4,2,4,5,0,0,702,80013,0,0,0
1155,49001,spirit_A0003,つちのこバッグ,幻の蛇が潜んでいるというバッグ。うっかりフタを開けるとすごいジャンプ力で逃げてしまうため、4年生以上でなければ装備できない。<br>2006年5月11日(木)定期メンテナンス時に消滅する。,5,4,4,2,4,4,0,0,701,80003,0,0,0
1156,49002,spirit_A0010,大威徳夜叉明王提灯,冥界の王さえ倒す、死をも超越した夜叉が封印されているという提灯。発する気があまりに大きいため、5年生以上でないと扱えない。<br>2006年5月11日(木)定期メンテナンス時に消滅する。,5,4,4,2,4,5,0,0,702,80011,0,0,0
1157,49003,spirit_A0010,あかちょうちん,おでん屋の屋台によくぶらさがっている提灯。中に封印されている夜叉が飲んだくれていて、威力が弱いため 1年生でも扱える。<br>2006年5月11日(木)定期メンテナンス時に消滅する。,5,4,4,2,4,1,0,0,702,80011,0,0,0
1158,49004,spirit_A0020,エクソとバース,謎の兄弟職人エクソとバースが作ったという、エクソトパーズの模造品。意外と丁寧な造りで、2年生でも扱える。<br>2006年5月11日(木)定期メンテナンス時に消滅する。,5,4,4,2,4,2,0,0,701,80027,0,0,0
1159,49005,spirit_A0006,アンパイヤトランク,吸血鬼と間違えられたかわいそうな審判が封印されたトランク。3年生でも扱える。<br>2006年5月11日(木)定期メンテナンス時に消滅する。,5,4,4,2,4,3,0,0,701,80007,0,0,0
1160,49006,spirit_A0014,イベントセラフィムホルン,天使セラフィムを召喚する角笛形のスピリット。鎖で封印されているような外見で、中に何が封印されているのかとても気になる,5,5,4,2,4,4,0,0,701,80015,0,0,0
1161,49007,spirit_A1001,이온마린 YT,물의 정령을 소환할 수 있는 스피릿.<br>이것은 요구르팅 1주년 기념 선물이라고 한다.,5,4,4,2,4,1,0,0,701,80001,0,0,0
1162,49008,spirit_A1002,빙염의 살라만더 YT,아담하게 생긴 푸른 가방 가운데에 새겨진 불꽃 문양은 이 가방에서 불러낼 수 있는 스피릿인 살라만더를 가리키는 표식이다.<br>이것은 요구르팅 1주년 기념 선물이라고 한다.,5,4,4,2,4,1,0,0,701,80002,0,0,0
1163,49009,spirit_A0003,コブラバッグ,ただの古びた壺に見えるが、中から２匹のコブラが飛び出して、凄まじい攻撃をする,5,4,4,2,4,1,0,0,701,80003,0,0,0
1164,49010,spirit_A0010,夜叉提灯,背中に背負う東洋風の照明器具。大昔、世界を荒らした２人の夜叉が封印されたという伝説がある,5,4,4,2,4,2,0,0,702,80011,0,0,0
1165,49011,spirit_A0004,アンダーテイカー,棺桶の形をしたスピリット。骸骨精霊たちが宿っている,5,4,4,2,4,3,0,0,701,80004,0,0,0
1166,49012,spirit_A1001,アクアマリン・Ｃ,水の精霊を召喚するスピリット。水分中にビタミンCが配合されていて、肌の張りを保つ効果もあるらしい,5,4,4,2,4,1,0,0,701,80001,0,0,0
1167,49013,spirit_A1002,シーサラマンダー,充分な酸素の供給により中の炎が完全燃焼しているため、高温で青く光るサラマンダー。水に入れても大丈夫らしい,5,4,4,2,4,1,0,0,701,80002,0,0,0
1168,49014,spirit_A1005,ヴェスパオータム,小さな木の精霊たちが入ったバッグ。紅葉の季節に作られたため、バッグから生えた葉っぱもきれいに色付いている,5,4,4,2,4,2,0,0,702,80006,0,0,0
1169,49015,spirit_A1019,タートルプレート・開運,世にも珍しい黄金の亀は、金運や長寿をもたらす兆しと考えられてきた。生物学的には「アルビノ」と呼ばれる白色変異個体だと思われる,5,4,4,2,4,2,0,0,702,80028,0,0,0
1170,49016,spirit_A1008,ボンバーウィング改,軽量化に成功した、ボンバーウィングの改良版。しかも威力はこれまで通り,5,4,4,2,4,3,0,0,702,80009,0,0,0
1171,49017,spirit_A1020,エクソジェイド,悪霊退治に使われるスピリット。魔除けの力を持つ翡翠（ひすい）が散りばめられている,5,4,4,2,4,3,0,0,701,80027,0,0,0
1172,49018,spirit_A1001,アクアマリン・ＫＰ,水辺に生息し、道行く人々を水中に引きずり込むという妖怪「河童」を封印したスピリット。中にきゅうりを放り込むと威力が倍増するかも？(2006年8月17日に交換不可能になり、8月24日に消滅します),5,5,4,2,4,5,0,0,701,80001,0,0,0
1173,49019,spirit_A1010,青行灯,百物語の最後になると登場するという「鬼女」が封印された青白い行灯。夏を涼しく過ごすための必須アイテムになること間違いなし!?(2006年8月17日に交換不可能になり、8月24日に消滅します),5,5,4,2,4,1,0,0,702,80011,0,0,0
1174,49020,spirit_A1008,ボンバーウィング怪,葬式や墓場に現れて死体の肢体を奪うという妖怪「火車」を核に、いくつものエアロパーツがドッキング！　迎え火攻撃に幽霊もイチコロ！？(2006年8月17日に交換不可能になり、8月24日に消滅します),5,5,4,2,4,2,0,0,702,80009,0,0,0
1175,49021,spirit_A0014,ケサラムホルン,妖怪「ケサランパサラン」を飼育できる角笛型のスピリット。餌になるおしろいは別売りなので注意が必要。うまく増やして幸せになろう。(2006年8月17日に交換不可能になり、8月24日に消滅します),5,5,4,2,4,3,0,0,701,80015,0,0,0
1176,49022,spirit_A0018,牛頭鬼,牛の頭と人の身体を持ち、亡者を責め苛む獄卒鬼「牛頭鬼」の頭をスピリット化したもの。常に聞こえる咀嚼音と口臭がとても気になるが、威力は抜群！(2006年8月17日に交換不可能になり、8月24日に消滅します),5,5,4,2,4,4,0,0,701,80029,0,0,0
1177,40001,spirit_A0001,アクアマリン,水の精霊を召喚するスピリット,5,4,4,2,4,1,0,0,701,80001,0,0,0
1178,41001,spirit_A1001,アクアマリン・Ｃ,水の精霊を召喚するスピリット。水分中にビタミンCが配合されていて、肌の張りを保つ効果もあるらしい,5,4,4,2,4,1,0,0,701,80001,0,0,0
1179,40002,spirit_A0002,サラマンダー,中央に刻まれた花火の模様は、このかばんで召喚する火の精霊・サラマンダーを示す紋章だ,5,4,4,2,4,1,0,0,701,80002,0,0,0
1180,41002,spirit_A1002,シーサラマンダー,充分な酸素の供給により中の炎が完全燃焼しているため、高温で青く光るサラマンダー。水に入れても大丈夫らしい,5,4,4,2,4,1,0,0,701,80002,0,0,0
1181,40003,spirit_A0003,コブラバッグ,ただの古びた壺に見えるが、中から２匹のコブラが飛び出して、凄まじい攻撃をする,5,4,4,2,4,1,0,0,701,80003,0,0,0
1182,41003,spirit_A1003,キングコブラバッグ,ただの古びた壺に見えるが、中には毒蛇の王者キングコブラが入っていて、凄まじい攻撃をする,5,4,4,2,4,1,0,0,701,80003,0,0,0
1183,40005,spirit_A0005,ヴェスパ,小さな木の精霊たちが入ったバッグ。そのため、バッグ自体から葉っぱが生えている,5,4,4,2,4,2,0,0,702,80006,0,0,0
1184,41005,spirit_A1005,ヴェスパオータム,小さな木の精霊たちが入ったバッグ。紅葉の季節に作られたため、バッグから生えた葉っぱもきれいに色付いている,5,4,4,2,4,2,0,0,702,80006,0,0,0
1185,40019,spirit_A0019,タートルプレート,亀の甲羅のようなこのスピリットは、攻撃より防御に重点を置いて製作された,5,4,4,2,4,2,0,0,702,80028,0,0,0
1186,41019,spirit_A1019,タートルプレート・開運,世にも珍しい黄金の亀は、金運や長寿をもたらす兆しと考えられてきた。生物学的には「アルビノ」と呼ばれる白色変異個体だと思われる,5,4,4,2,4,2,0,0,702,80028,0,0,0
1187,40010,spirit_A0010,夜叉提灯,背中に背負う東洋風の照明器具。大昔、世界を荒らした２人の夜叉が封印されたという伝説がある,5,4,4,2,4,2,0,0,702,80011,0,0,0
1188,41010,spirit_A1010,夜叉行灯,仏教の守護神となった夜叉を召喚できる、東洋風の照明器具。行灯は「あんどん」と読む,5,4,4,2,4,2,0,0,702,80011,0,0,0
1189,40008,spirit_A0008,ボンバーウィング,羽の付いた爆弾。装備していると危険人物扱いされるが、多数のモンスターを退治する時には有効,5,4,4,2,4,3,0,0,702,80009,0,0,0
1190,41008,spirit_A1008,ボンバーウィング改,軽量化に成功した、ボンバーウィングの改良版。しかも威力はこれまで通り,5,4,4,2,4,3,0,0,702,80009,0,0,0
1191,40020,spirit_A0020,エクソトパーズ,悪霊を退治する時使われる武器だ,5,4,4,2,4,3,0,0,701,80027,0,0,0
1192,41020,spirit_A1020,エクソジェイド,悪霊退治に使われるスピリット。魔除けの力を持つ翡翠（ひすい）が散りばめられている,5,4,4,2,4,3,0,0,701,80027,0,0,0
1193,40004,spirit_A0004,アンダーテイカー,棺桶の形をしたスピリット。骸骨精霊たちが宿っている,5,4,4,2,4,3,0,0,701,80004,0,0,0
1194,41004,spirit_A1004,グレイブディッガー,棺桶の形をしたスピリット。まだ生きている内に埋葬された者の怨霊が宿っているという。長い間使い続けると…,5,4,4,2,4,3,0,0,701,80004,0,0,0
1195,40006,spirit_A0006,ヴァンパイアトランク,並んで生えている牙が不気味なので、あまり使われることのないスピリット,5,4,4,2,4,4,0,0,701,80007,0,0,0
1196,41006,spirit_A1006,ガーゴイルトランク,建物の門番として作られた魔物が封印されているスピリット,5,4,4,2,4,4,0,0,701,80007,0,0,0
1197,40013,spirit_A0013,ヴァルキリーウィング,スキルを使用すると、神話の女戦士が現れて槍を投げる。真の能力を解放すれば空を飛べるという噂があるが、まだ誰も飛んだことはない,5,4,4,2,4,4,0,0,701,80014,0,0,0
1198,41013,spirit_A1013,ブラッディヴァルキリー,英雄の魂を狩り集めるヴァルキリーが使っていたというスピリット。その翼は死んでいった英雄達の血で染まっている,5,4,4,2,4,4,0,0,701,80014,0,0,0
1199,40014,spirit_A0014,セラフィムホルン,天使セラフィムを召喚する角笛形のスピリット。鎖で封印されているような外見で、中に何が封印されているのかとても気になる,5,4,4,2,4,4,0,0,701,80015,0,0,0
1200,40015,spirit_A0015,ブルーホープ,深い青色をした大きな宝石が真ん中にはめられたスピリット,5,4,4,2,4,5,0,0,701,80017,0,0,0
1201,40018,spirit_A0018,ナイトメア,悪夢を実体化させるといわれている、恐ろしいスピリット,5,4,4,2,4,5,0,0,701,80029,0,0,0
1202,40009,spirit_A0009,ヘルハウンド,棺桶型のスピリット。古の時代に戦場を駆けた、獰猛な闘犬が閉じ込められているといわれている,5,4,4,2,4,5,0,0,701,80010,0,0,0
1203,40016,spirit_A0016,アパッチ,古代インディアンの呪術の力が込められてるといわれるスピリット。羽毛で編まれて封印された外見は、実際に何かが入っているように錯覚させる,5,4,4,2,4,6,0,0,703,80027,0,0,0
1204,40021,spirit_A0021,ジェノサイド,円盤型の刃が両方に付いている凶悪なスピリット,5,4,4,2,4,6,0,0,703,0,0,0,0
1205,40023,spirit_A002,프레이야의 날개,설명 추가,5,4,4,2,4,6,0,0,703,0,0,0,0
1206,50001,upper_M0002,冬服上着,エスティバー学園の冬用制服。男子生徒用,6,7,64,1,0,0,1,1,0,0,0,0,0
1207,50002,lower_M0002,冬服ズボン,エスティバー学園の冬用制服。男子生徒用,6,7,128,1,0,0,1,1,0,0,0,0,0
1208,50003,foot_M0002,冬用学生靴,エスティバー学園の冬用学生靴。男子生徒用,6,7,256,1,0,0,1,1,0,0,0,0,0
1209,50004,upper_F0002,冬服上着,エスティバー学園の冬用制服。女生徒用,6,7,64,1,0,0,2,1,0,0,0,0,0
1210,50005,lower_F0002,冬服スカート,エスティバー学園の冬用制服。女生徒用,6,7,128,1,0,0,2,1,0,0,0,0,0
1211,50006,foot_F0002,冬用ブーツ,エスティバー学園の冬用学生靴。女生徒用,6,7,256,1,0,0,2,1,0,0,0,0,0
1212,50007,upper_M0001,夏服上着,エスティバー学園の夏用制服。男子生徒用,6,7,64,1,0,0,1,1,0,0,0,0,0
1213,50008,lower_M0001,夏服ズボン,エスティバー学園の夏用制服。男子生徒用,6,7,128,1,0,0,1,1,0,0,0,0,0
1214,50009,foot_M0001,夏用学生靴,エスティバー学園の夏用学生靴。男子生徒用,6,7,256,1,0,0,1,1,0,0,0,0,0
1215,50010,upper_F0001,夏服上着,エスティバー学園の夏用制服。女生徒用,6,7,64,1,0,0,2,1,0,0,0,0,0
1216,50011,lower_F0001,夏服スカート,エスティバー学園の夏用制服。女生徒用,6,7,128,1,0,0,2,1,0,0,0,0,0
1217,50012,foot_F0001,夏用学生靴,エスティバー学園の夏用学生靴。女生徒用,6,7,256,1,0,0,2,1,0,0,0,0,0
1218,50013,special_F0004,看護服,エスティバー学園看護部の制服。女生徒用,6,4,192,1,0,0,2,1,0,0,0,0,0
1219,50014,cap_F0004,看護帽子,エスティバー学園看護部の帽子。女生徒用,6,4,1,2,0,0,2,1,0,0,0,0,0
1220,50015,hand_F0004,看護手袋,エスティバー学園看護部の手袋。女生徒用,6,4,8,1,0,0,2,1,0,0,0,0,0
1221,50016,foot_F0004,看護靴,エスティバー学園看護部の靴。女生徒用,6,4,256,1,0,0,2,1,0,0,0,0,0
1222,50017,back_F0004,救急かばん,エスティバー学園看護部のかばん。女生徒用,6,4,4,2,0,0,2,1,0,0,0,0,0
1223,50018,upper_M0004,看護服上着,エスティバー学園看護部の制服。男子生徒用,6,4,64,1,0,0,1,1,0,0,0,0,0
1224,50019,lower_M0004,看護服ズボン,エスティバー学園看護部の制服。男子生徒用,6,4,128,1,0,0,1,1,0,0,0,0,0
1225,50020,hand_M0004,看護手袋,エスティバー学園看護部の手袋。男子生徒用,6,4,8,1,0,0,1,1,0,0,0,0,0
1226,50021,foot_M0004,看護靴,エスティバー学園看護部の靴。男子生徒用,6,4,256,1,0,0,1,1,0,0,0,0,0
1227,50022,back_M0004,救急かばん,エスティバー学園看護部のかばん。男子生徒用,8,4,4,2,0,0,1,1,0,0,0,0,0
1228,50023,upper_F0003,手芸上着,エスティバー学園手芸部の上着。女生徒用,6,4,64,1,0,0,2,1,0,0,0,0,0
1229,50024,lower_F0003,手芸スカート,エスティバー学園手芸部のスカート。女生徒用,6,4,128,1,0,0,2,1,0,0,0,0,0
1230,50025,foot_F0003,手芸靴,エスティバー学園手芸部の靴。女生徒用,6,4,256,1,0,0,2,1,0,0,0,0,0
1231,50026,,手芸帽子,エスティバー学園手芸部の帽子。女生徒用,6,4,1,2,0,0,2,1,0,0,0,0,0
1232,50027,upper_M0003,手芸上着,エスティバー学園手芸部の上着。男子生徒用,6,4,64,1,0,0,1,1,0,0,0,0,0
1233,50028,lower_M0003,手芸ズボン,エスティバー学園手芸部のズボン。男子生徒用,6,4,128,1,0,0,1,1,0,0,0,0,0
1234,50029,foot_M0003,手芸靴,エスティバー学園手芸部の靴。男子生徒用,6,4,256,1,0,0,1,1,0,0,0,0,0
1235,50030,special_M0005,実験用白衣,エスティバー学園科学部の制服。男子生徒用,6,4,192,1,0,0,1,1,0,0,0,0,0
1236,50031,foot_M0005,実験靴,エスティバー学園科学部の靴。危険な薬品やガラスの破片が落ちても安心。男子生徒用,6,4,256,1,0,0,1,1,0,0,0,0,0
1237,50032,special_F0005,実験用白衣,エスティバー学園科学部の制服。女生徒用,6,4,192,1,0,0,2,1,0,0,0,0,0
1238,50033,foot_F0005,実験靴,エスティバー学園科学部の靴。危険な薬品やガラスの破片が落ちても安心。女生徒用,6,4,256,1,0,0,2,1,0,0,0,0,0
1239,50034,cap_M0004,看護めがね,看護士が好んで使う、格好よく見える眼鏡。エスティバー学園の男子生徒用,6,4,1,2,0,0,1,1,0,0,0,0,0
1240,50035,etc_be050035,ステファノのハンカチ,執事ステファノのハンカチ。こんなものを集める人がいるのか？,7,4,0,0,0,0,0,0,0,0,0,0,0
1241,50036,etc_be050036,ページのハンカチ,図書館司書ページのハンカチ。ページに見付からないように気を付けよう。,7,4,0,0,0,0,0,0,0,0,0,0,0
1242,50037,etc_be050037,変熊のハンカチ,変熊のハンカチ。趣味が悪い。,7,4,0,0,0,0,0,0,0,0,0,0,0
1243,50038,etc_be050038,ビアンカのハンカチ,コレクターの間では超レアアイテムと呼ばれる、ビアンカ先生のレースのハンカチ。入手は困難。,7,4,0,0,0,0,0,0,0,0,0,0,0
1244,50039,special_F0007,飼育服,エスティバー学園飼育部の制服。女生徒用,6,4,192,1,0,0,2,1,0,0,0,0,0
1245,50040,foot_F0007,飼育靴,エスティバー学園飼育部の靴。女生徒用,6,4,256,1,0,0,2,1,0,0,0,0,0
1246,50041,cap_F0007,ネコミミ,エスティバー学園飼育部の帽子。着用すると動物の気持ちがわかる気がしてくる。女生徒用,6,4,1,2,0,0,2,1,0,0,0,0,0
1247,50042,special_M0007,飼育服,エスティバー学園飼育部の制服。男子生徒用,6,4,192,1,0,0,1,1,0,0,0,0,0
1248,50043,foot_M0007,飼育靴,エスティバー学園飼育部の靴。男子生徒用,6,4,256,1,0,0,1,1,0,0,0,0,0
1249,50044,cap_M0007,イヌミミ,エスティバー学園飼育部の帽子。着用すると動物の気持ちがわかる気がしてくる。男子生徒用,6,4,1,2,0,0,1,1,0,0,0,0,0
1250,50045,upper_F0008,サファリシャツ,エスティバー学園探険部の制服。女生徒用,6,4,64,1,0,0,2,1,0,0,0,0,0
1251,50046,lower_F0008,サファリズボン,エスティバー学園探険部の制服。女生徒用,6,4,128,1,0,0,2,1,0,0,0,0,0
1252,50047,foot_F0008,サファリシューズ,エスティバー学園探険部の靴。女生徒用,6,4,256,1,0,0,2,1,0,0,0,0,0
1253,50048,cap_F0008,サファリハット,エスティバー学園探険部の帽子。女生徒用,6,4,1,2,0,0,2,1,0,0,0,0,0
1254,50049,upper_M0008,サファリシャツ,エスティバー学園探険部の上着。男子生徒用,6,4,64,1,0,0,1,1,0,0,0,0,0
1255,50050,lower_M0008,サファリズボン,エスティバー学園探険部のズボン。男子生徒用,6,4,128,1,0,0,1,1,0,0,0,0,0
1256,50051,foot_M0008,サファリシューズ,エスティバー学園探険部の靴。男子生徒用,6,4,256,1,0,0,1,1,0,0,0,0,0
1257,50052,cap_M0008,サファリハット,エスティバー学園探険部の帽子。男子生徒用,6,4,1,2,0,0,1,1,0,0,0,0,0
1258,50053,etc_be050053,発汗！　ナマニエル夫人,ナマニエル夫人が超ホットなサウナでエロエロなポーズを取っている写真集。見るだけで熱くなってくる。,9,4,0,0,0,0,0,0,0,0,0,0,0
1259,50054,etc_be050054,表紙だけエッチな本,表紙だけエッチな本。中身は複雑で難解な英語の論文。最近は幼稚園児でもこんな手ではだまされない。,9,4,0,0,0,0,0,0,0,0,0,0,0
1260,50055,special_M0006,ウェイター服,エスティバー学園の購買アルバイト制服。男子生徒用,6,4,192,1,0,0,1,1,0,0,0,0,0
1261,50056,foot_M0006,ウェイターシューズ,エスティバー学園の購買アルバイト制服に似合う、男性用の靴,6,4,256,1,0,0,1,1,0,0,0,0,0
1262,50057,special_F0006,ウェイトレス服,エスティバー学園の購買アルバイト制服。女生徒用,6,4,192,1,0,0,2,1,0,0,0,0,0
1263,50058,foot_F0006,ウェイトレスシューズ,エスティバー学園の購買アルバイト制服に似合う、可愛い女性用シューズ,6,4,256,1,0,0,2,1,0,0,0,0,0
1264,50059,cap_F0006,ヘアバンド,働く時、髪をしっかり押さえてくれる可愛いヘアバンド。エスティバー学園の女生徒用,6,4,1,2,0,0,2,1,0,0,0,0,0
1265,50060,upper_M1002,冬服上着,宵月学院の冬用制服。男子生徒用,6,7,64,1,0,0,1,2,0,0,0,0,0
1266,50061,lower_M1002,冬服ズボン,宵月学院の冬用制服。男子生徒用,6,7,128,1,0,0,1,2,0,0,0,0,0
1267,50062,foot_M1002,冬用学生靴,宵月学院の冬用学生靴。男子生徒用,6,7,256,1,0,0,1,2,0,0,0,0,0
1268,50063,upper_F1002,冬服上着,宵月学院の冬用制服。女生徒用,6,7,64,1,0,0,2,2,0,0,0,0,0
1269,50064,lower_F1002,冬服スカート,宵月学院の冬用制服。女生徒用,6,7,128,1,0,0,2,2,0,0,0,0,0
1270,50065,foot_F1002,冬用学生靴,宵月学院の冬用学生靴。女生徒用,6,7,256,1,0,0,2,2,0,0,0,0,0
1271,50066,upper_M1001,夏服上着,宵月学院の夏用制服。男子生徒用,6,7,64,1,0,0,1,2,0,0,0,0,0
1272,50067,lower_M1001,夏服ズボン,宵月学院の夏用制服。男子生徒用,6,7,128,1,0,0,1,2,0,0,0,0,0
1273,50068,foot_M1001,夏用学生靴,宵月学院の夏用学生靴。男子生徒用,6,7,256,1,0,0,1,2,0,0,0,0,0
1274,50069,special_F1001,夏服,宵月学院の夏用制服。女生徒用,6,7,192,1,0,0,2,2,0,0,0,0,0
1275,50070,foot_F1001,夏用学生靴,宵月学院の夏用学生靴。女生徒用,6,7,256,1,0,0,2,2,0,0,0,0,0
1276,50071,cap_F1004,看護帽,宵月学院看護部の帽子。女生徒用,6,4,1,2,0,0,2,2,0,0,0,0,0
1277,50072,hand_F1004,看護手袋,宵月学院看護部の手袋。女生徒用,6,4,8,1,0,0,2,2,0,0,0,0,0
1278,50073,special_F1004,看護服,宵月学院看護部の制服。女生徒用,6,4,192,1,0,0,2,2,0,0,0,0,0
1279,50074,foot_F1004,看護靴,宵月学院看護部の靴。女生徒用,6,4,256,1,0,0,2,2,0,0,0,0,0
1280,50075,cap_M1004,看護帽,宵月学院看護部の帽子。男子生徒用,6,4,1,2,0,0,1,2,0,0,0,0,0
1281,50076,hand_M1004,看護手袋,宵月学院看護部の手袋。男子生徒用,6,4,8,1,0,0,1,2,0,0,0,0,0
1282,50077,special_M1004,看護服,宵月学院看護部の制服。男子生徒用,6,4,192,1,0,0,1,2,0,0,0,0,0
1283,50078,foot_M1004,看護靴,宵月学院看護部の靴。男子生徒用,6,4,256,1,0,0,1,2,0,0,0,0,0
1284,50079,cap_F1007,キツネ帽,宵月学院飼育部の帽子。着用すると動物の気持ちがわかるような気がする。女生徒用,6,4,1,2,0,0,2,2,0,0,0,0,0
1285,50080,special_F1007,飼育服,宵月学院飼育部の制服。女生徒用,6,4,192,1,0,0,2,2,0,0,0,0,0
1286,50081,foot_F1007,飼育靴,宵月学院飼育部の靴。女生徒用,6,4,256,1,0,0,2,2,0,0,0,0,0
1287,50082,cap_M1007,クマ帽,宵月学院飼育部の帽子。着用すると動物の気持ちがわかるような気がする。男子生徒用,6,4,1,2,0,0,1,2,0,0,0,0,0
1288,50083,special_M1007,飼育服,宵月学院飼育部の制服。男子生徒用,6,4,192,1,0,0,1,2,0,0,0,0,0
1289,50084,foot_M1007,飼育靴,宵月学院飼育部の靴。男子生徒用,6,4,256,1,0,0,1,2,0,0,0,0,0
1290,50085,cap_F1005,実験マスク,宵月学院科学部のマスク。女生徒用,6,4,1,2,0,0,2,2,0,0,0,0,0
1291,50086,hand_M1005,実験手袋,宵月学院科学部の手袋。男子生徒用,6,4,8,1,0,0,1,2,0,0,0,0,0
1292,50087,special_F1005,実験用白衣,宵月学院科学部の制服。女生徒用,6,4,192,1,0,0,2,2,0,0,0,0,0
1293,50088,foot_F1005,実験靴,宵月学院科学部の靴。女生徒用,6,4,256,1,0,0,2,2,0,0,0,0,0
1294,50089,cap_M1005,実験マスク,宵月学院科学部のマスク。男子生徒用,6,4,1,2,0,0,1,2,0,0,0,0,0
1295,50090,special_M1005,実験用白衣,宵月学院科学部の制服。男子生徒用,6,4,192,1,0,0,1,2,0,0,0,0,0
1296,50091,foot_M1005,実験靴,宵月学院科学部の靴。男子生徒用,6,4,256,1,0,0,1,2,0,0,0,0,0
1297,50092,special_M9001,サンタ学生服,クリスマスシーズン用にデザインされた衣装。クリスマスシーズンのみ、制服として認められる,6,4,192,1,0,0,1,0,0,0,0,0,0
1298,50093,cap_M9001,サンタ帽,サンタ衣装のポイント。見た目以上に保温効果がある,6,4,1,2,0,0,1,0,0,0,0,0,0
1299,50094,foot_M9001,サンタブーツ,雪で滑らないように設計されている,6,4,256,1,0,0,1,0,0,0,0,0,0
1300,50095,special_F9001,サンタ学生服,クリスマスシーズン用にデザインされた衣装。クリスマスシーズンのみ、制服として認められる,6,4,192,1,0,0,2,0,0,0,0,0,0
1301,50096,cap_F9001,サンタ帽,サンタ衣装のポイント。見た目以上に保温効果がある,6,4,1,2,0,0,2,0,0,0,0,0,0
1302,50097,foot_F9001,サンタブーツ,雪で滑らないように設計されている,6,4,256,1,0,0,2,0,0,0,0,0,0
1303,50098,hand_M9001,サンタ手袋,白と赤が映えて印象的な手袋。手のひら側は柔らかい皮で出来ていて、高級感がある,6,4,8,1,0,0,1,0,0,0,0,0,0
1304,50099,hand_F9001,サンタ手袋,白と赤が映えて印象的な手袋。手のひら側は柔らかい皮で出来ていて、高級感がある,6,4,8,1,0,0,2,0,0,0,0,0,0
1305,50100,hand_F1005,実験手袋,宵月学院科学部の手袋。女生徒用,6,4,8,1,0,0,2,2,0,0,0,0,0
1306,50101,upper_M0009,バスケ部ユニフォーム,エスティバー学園バスケットボール部のユニフォーム。男子生徒用,6,4,64,1,0,0,1,1,0,0,0,0,0
1307,50102,lower_M0009,バスケ部ショートパンツ,エスティバー学園バスケットボール部のユニフォーム。男子生徒用,6,4,128,1,0,0,1,1,0,0,0,0,0
1308,50103,foot_M0009,バスケットシューズ,エスティバー学園バスケットボール部のシューズ。男子生徒用,6,4,256,1,0,0,1,1,0,0,0,0,0
1309,50104,upper_F0009,バスケ部ユニフォーム,エスティバー学園バスケットボール部のユニフォーム。女生徒用,6,4,64,1,0,0,2,1,0,0,0,0,0
1310,50105,lower_F0009,バスケ部ショートパンツ,エスティバー学園バスケットボール部のユニフォーム。女生徒用,6,4,128,1,0,0,2,1,0,0,0,0,0
1311,50106,foot_F0009,バスケットシューズ,エスティバー学園バスケットボール部のシューズ。女生徒用,6,4,256,1,0,0,2,1,0,0,0,0,0
1312,50107,special_M0010,コート,エスティバー学園の冬用コート。男子生徒用,6,4,192,1,0,0,1,1,0,0,0,0,0
1313,50108,special_F0010,コート,エスティバー学園の冬用コート。女生徒用,6,4,192,1,0,0,2,1,0,0,0,0,0
1314,50109,upper_M0011,体操着,エスティバー学園の体操着。男子生徒用,6,4,64,1,0,0,1,1,0,0,0,0,0
1315,50110,lower_M0011,短パン,エスティバー学園の体操着。男子生徒用,6,4,128,1,0,0,1,1,0,0,0,0,0
1316,50111,upper_F0011,体操着,エスティバー学園の体操着。女生徒用,6,4,64,1,0,0,2,1,0,0,0,0,0
1317,50112,lower_F0011,短パン,エスティバー学園の体操着。女生徒用,6,4,128,1,0,0,2,1,0,0,0,0,0
1318,50113,upper_M0012,トレーニングウェア,エスティバー学園の冬用トレーニングウェア。男子生徒用,6,4,64,1,0,0,1,1,0,0,0,0,0
1319,50114,lower_M0012,トレパン,エスティバー学園の冬用トレーニングウェア。男子生徒用,6,4,128,1,0,0,1,1,0,0,0,0,0
1320,50115,upper_F0012,トレーニングウェア,エスティバー学園の冬用トレーニングウェア。女生徒用,6,4,64,1,0,0,2,1,0,0,0,0,0
1321,50116,lower_F0012,トレパン,エスティバー学園の冬用トレーニングウェア。女生徒用,6,4,128,1,0,0,2,1,0,0,0,0,0
1322,50117,upper_M0013,カーディガン,エスティバー学園のカーディガン。男子生徒用,6,4,64,1,0,0,1,1,0,0,0,0,0
1323,50118,upper_F0013,カーディガン,エスティバー学園のカーディガン。女生徒用,6,4,64,1,0,0,2,1,0,0,0,0,0
1324,50119,upper_M0014,生徒会服,エスティバー学園生徒会の専用制服。男子生徒用,6,4,64,1,0,0,1,1,0,0,0,0,0
1325,50120,lower_M0014,生徒会ズボン,エスティバー学園生徒会の専用制服。男子生徒用,6,4,128,1,0,0,1,1,0,0,0,0,0
1326,50121,foot_M0014,生徒会靴,エスティバー学園生徒会の専用靴。男子生徒用,6,4,256,1,0,0,1,1,0,0,0,0,0
1327,50122,special_F0014,生徒会服,エスティバー学園生徒会の専用制服。女生徒用,6,4,192,1,0,0,2,1,0,0,0,0,0
1328,50123,lower_F0014,生徒会制服スカート,エスティバー学園生徒会の専用制服。女生徒用,6,4,128,1,0,0,2,1,0,0,0,0,0
1329,50124,foot_F0014,生徒会靴,エスティバー学園生徒会の専用靴。女生徒用,6,4,256,1,0,0,2,1,0,0,0,0,0
1330,50125,special_M0015,水着,エスティバー学園水泳部のユニフォーム。男子生徒用,6,4,192,1,0,0,1,1,0,0,0,0,0
1331,50126,special_F0015,スクール水着,エスティバー学園水泳部のユニフォーム。女生徒用,6,4,192,1,0,0,2,1,0,0,0,0,0
1332,50127,upper_M0016,夏服上着,エスティバー学園の夏用制服のバリエーション。男子生徒用,6,4,64,1,0,0,1,1,0,0,0,0,0
1333,50128,lower_M0016,夏服ズボン,エスティバー学園の夏用制服のバリエーション。男子生徒用,6,4,128,1,0,0,1,1,0,0,0,0,0
1334,50129,upper_M0017,冬服上着,エスティバー学園の冬用制服のバリエーション。男子生徒用,6,4,64,1,0,0,1,1,0,0,0,0,0
1335,50130,upper_F0016,夏服上着,エスティバー学園の夏用制服のバリエーション。女生徒用,6,4,64,1,0,0,2,1,0,0,0,0,0
1336,50131,lower_F0016,夏服ショートパンツ,エスティバー学園の夏用制服のバリエーション。女生徒用,6,4,128,1,0,0,2,1,0,0,0,0,0
1337,50132,special_F0017,冬服,エスティバー学園の冬用制服のバリエーション。女生徒用,6,4,192,1,0,0,2,1,0,0,0,0,0
1338,50133,upper_M0026,ギャンブラージャケット,エスティバー学園ギャンブル部の制服。男子生徒用,6,4,64,1,0,0,1,1,0,0,0,0,0
1339,50134,lower_M0026,ギャンブラーズボン,エスティバー学園ギャンブル部の制服。男子生徒用,6,4,128,1,0,0,1,1,0,0,0,0,0
1340,50135,foot_M0026,ギャンブラーシューズ,エスティバー学園ギャンブル部の靴。男子生徒用,6,4,256,1,0,0,1,1,0,0,0,0,0
1341,50136,upper_F0026,ギャンブラージャケット,エスティバー学園ギャンブル部の制服。女生徒用,6,4,64,1,0,0,2,1,0,0,0,0,0
1342,50137,lower_F0026,ギャンブラースカート,エスティバー学園ギャンブル部の制服。女生徒用,6,4,128,1,0,0,2,1,0,0,0,0,0
1343,50138,foot_F0026,ギャンブラーシューズ,エスティバー学園ギャンブル部の靴。女生徒用,6,4,256,1,0,0,2,1,0,0,0,0,0
1344,50139,upper_M0019,格闘服・上,エスティバー学園格闘部の制服。男子生徒用,6,4,64,1,0,0,1,1,0,0,0,0,0
1345,50140,lower_M0019,格闘服・下,エスティバー学園格闘部の制服。男子生徒用,6,4,128,1,0,0,1,1,0,0,0,0,0
1346,50141,hand_M0019,ナックルガード,エスティバー学園格闘部の手袋。緩衝材が拳を守っているので、殴る方も殴られる方も安心。男子生徒用,6,4,8,1,0,0,1,1,0,0,0,0,0
1347,50142,cap_M0019,根性ハチマキ,エスティバー学園格闘部の頭保護具。男子生徒用,6,4,1,2,0,0,1,1,0,0,0,0,0
1348,50143,foot_M0019,ビルドアップシューズ,エスティバー学園格闘部の靴。体を鍛えるためのウェイト付き。男子生徒用,6,4,256,1,0,0,1,1,0,0,0,0,0
1349,50144,upper_F0019,格闘服・上,エスティバー学園格闘部の制服。女生徒用,6,4,64,1,0,0,2,1,0,0,0,0,0
1350,50145,lower_F0019,格闘服・下,エスティバー学園格闘部の制服。女生徒用,6,4,128,1,0,0,2,1,0,0,0,0,0
1351,50146,hand_F0019,ナックルガード,エスティバー学園格闘部の手袋。緩衝材が拳を守っているので、殴る方も殴られる方も安心。女生徒用,6,4,8,1,0,0,2,1,0,0,0,0,0
1352,50147,cap_F0019,根性ハチマキ,エスティバー学園格闘部の頭保護具。女生徒用,6,4,1,2,0,0,2,1,0,0,0,0,0
1353,50148,foot_F0019,ビルドアップシューズ,エスティバー学園格闘部の靴。体を鍛えるためのウェイト付き。女生徒用,6,4,256,1,0,0,2,1,0,0,0,0,0
1354,50149,upper_M0023,料理服・上,エスティバー学園料理部の制服。男子生徒用,6,4,64,1,0,0,1,1,0,0,0,0,0
1355,50150,lower_M0023,料理服・下,エスティバー学園料理部の制服。男子生徒用,6,4,128,1,0,0,1,1,0,0,0,0,0
1356,50151,cap_M0023,料理帽,エスティバー学園料理部の帽子。男子生徒用,6,4,1,2,0,0,1,1,0,0,0,0,0
1357,50152,foot_M0023,料理靴,エスティバー学園料理部の靴。男子生徒用,6,4,256,1,0,0,1,1,0,0,0,0,0
1358,50153,upper_F0023,料理服,エスティバー学園料理部の制服。女生徒用,6,4,64,1,0,0,2,1,0,0,0,0,0
1359,50154,lower_F0023,エプロンスカート,エスティバー学園料理部の制服。女生徒用,6,4,128,1,0,0,2,1,0,0,0,0,0
1360,50155,cap_F0023,料理帽,エスティバー学園料理部の帽子。女生徒用,6,4,1,2,0,0,2,1,0,0,0,0,0
1361,50156,foot_F0023,料理靴,エスティバー学園料理部の靴。女生徒用,6,4,256,1,0,0,2,1,0,0,0,0,0
1362,50157,upper_M0025,応援服上着,エスティバー学園応援部の制服。男子生徒用,6,4,64,1,0,0,1,1,0,0,0,0,0
1363,50158,lower_M0025,応援服ズボン,エスティバー学園応援部の制服。男子生徒用,6,4,128,1,0,0,1,1,0,0,0,0,0
1364,50159,hand_M0025,応援手袋,エスティバー学園応援部の手袋。男子生徒用,6,4,8,1,0,0,1,1,0,0,0,0,0
1365,50160,foot_M0025,応援靴,エスティバー学園応援部の靴。男子生徒用,6,4,256,1,0,0,1,1,0,0,0,0,0
1366,50161,tool_M0025,応援小道具,エスティバー学園応援部の応援小道具。男子生徒用,6,4,16,2,0,0,1,1,0,0,0,0,0
1367,50162,upper_F0025,チアユニフォーム,エスティバー学園応援部の制服。女生徒用,6,4,64,1,0,0,2,1,0,0,0,0,0
1368,50163,lower_F0025,チアスカート,エスティバー学園応援部の制服。女生徒用,6,4,128,1,0,0,2,1,0,0,0,0,0
1369,50164,lower_F0021,チアリーダー手袋,エスティバー学園応援部の手袋。女生徒用,6,4,8,1,0,0,2,1,0,0,0,0,0
1370,50165,foot_F0025,チアシューズ,エスティバー学園応援部の靴。女生徒用,6,4,256,1,0,0,2,1,0,0,0,0,0
1371,50166,tool_F0025,チア小道具,エスティバー学園応援部の応援小道具。女生徒用,6,4,16,2,0,0,2,1,0,0,0,0,0
1372,50167,upper_M0024,ジェントルマンスーツ,エスティバー学園ティータイム部の制服。男子生徒用,6,4,64,1,0,0,1,1,0,0,0,0,0
1373,50168,lower_M0024,ジェントルマンズボン,エスティバー学園ティータイム部の制服。男子生徒用,6,4,128,1,0,0,1,1,0,0,0,0,0
1374,50169,cap_M0024,シルクハット,エスティバー学園ティータイム部の帽子。男子生徒用,6,4,1,2,0,0,1,1,0,0,0,0,0
1375,50170,foot_M0024,ジェントルマンシューズ,エスティバー学園ティータイム部の靴。男子生徒用,6,4,256,1,0,0,1,1,0,0,0,0,0
1376,50171,special_F0024,マドモワゼルドレス,エスティバー学園ティータイム部の制服。女生徒用,6,4,192,1,0,0,2,1,0,0,0,0,0
1377,50172,cap_F0024,マドモワゼルハット,エスティバー学園ティータイム部の帽子。女生徒用,6,4,1,2,0,0,2,1,0,0,0,0,0
1378,50173,foot_F0024,マドモワゼルシューズ,エスティバー学園ティータイム部の靴。女生徒用,6,4,256,1,0,0,2,1,0,0,0,0,0
1379,50174,tool_F0024,優雅な扇,エスティバー学園ティータイム部の扇。女性専用小道具,6,4,16,2,0,0,2,1,0,0,0,0,0
1380,50175,special_M1006,購買アルバイト服,宵月学院の購買アルバイトの制服。男子生徒用,6,4,192,1,0,0,1,2,0,0,0,0,0
1381,50176,foot_M1006,購買アルバイト靴,宵月学院の購買アルバイト用靴。男子生徒用,6,4,256,1,0,0,1,2,0,0,0,0,0
1382,50177,cap_M1006,購買アルバイトハチマキ,宵月学院の購買アルバイト用ハチマキ。男子生徒用,6,4,1,2,0,0,1,2,0,0,0,0,0
1383,50178,special_F1006,購買アルバイト服,宵月学院の購買アルバイトの制服。女生徒用,6,4,192,1,0,0,2,2,0,0,0,0,0
1384,50179,foot_F1006,購買アルバイト靴,宵月学院の購買アルバイト用靴。女生徒用,6,4,256,1,0,0,2,2,0,0,0,0,0
1385,50180,cap_F1006,購買アルバイト頭巾,宵月学院の購買アルバイト用頭巾。女生徒用,6,4,1,2,0,0,2,2,0,0,0,0,0
1386,50181,special_M1015,スイムウェア,宵月学院水泳部のユニフォーム。男子生徒用,6,4,192,1,0,0,1,2,0,0,0,0,0
1387,50182,special_F1015,競泳水着,宵月学院水泳部のユニフォーム。女生徒用,6,4,192,1,0,0,2,2,0,0,0,0,0
1388,50183,upper_M1016,夏服上着,宵月学院の夏用制服のバリエーション。男子生徒用,6,4,64,1,0,0,1,2,0,0,0,0,0
1389,50184,lower_M1016,夏服ズボン,宵月学院の夏用制服のバリエーション。男子生徒用,6,4,128,1,0,0,1,2,0,0,0,0,0
1390,50185,upper_M1017,冬服上着,宵月学院の冬用制服のバリエーション。男子生徒用,6,4,64,1,0,0,1,2,0,0,0,0,0
1391,50186,upper_F1016,夏服上着,宵月学院の夏用制服のバリエーション。女生徒用,6,4,64,1,0,0,2,2,0,0,0,0,0
1392,50187,lower_F1016,夏服スカート,宵月学院の夏用制服のバリエーション。女生徒用,6,4,128,1,0,0,2,2,0,0,0,0,0
1393,50188,lower_F1017,冬服スカート,宵月学院の冬用制服のバリエーション。女生徒用,6,4,128,1,0,0,2,2,0,0,0,0,0
1394,50189,upper_M1018,サッカーユニフォーム･上,宵月学院サッカー部のユニフォーム。男子生徒用,6,4,64,1,0,0,1,2,0,0,0,0,0
1395,50190,lower_M1018,サッカーユニフォーム・下,宵月学院サッカー部のユニフォーム。男子生徒用,6,4,128,1,0,0,1,2,0,0,0,0,0
1396,50191,foot_M1018,サッカーシューズ,宵月学院サッカー部のシューズ。男子生徒用,6,4,256,1,0,0,1,2,0,0,0,0,0
1397,50192,upper_F1018,サッカーユニフォーム･上,宵月学院サッカー部のユニフォーム。女生徒用,6,4,64,1,0,0,2,2,0,0,0,0,0
1398,50193,lower_F1018,サッカーユニフォーム・下,宵月学院サッカー部のユニフォーム。女生徒用,6,4,128,1,0,0,2,2,0,0,0,0,0
1399,50194,foot_F1018,サッカーシューズ,宵月学院サッカー部のシューズ。女生徒用,6,4,256,1,0,0,2,2,0,0,0,0,0
1400,50195,special_M1019,忍装束,宵月学院忍者部の装束。男子生徒用,6,4,192,1,0,0,1,2,0,0,0,0,0
1401,50196,foot_M1019,忍脚絆,宵月学院忍者部の脚絆（きゃはん）。修行次第で、音を立てずに歩くことが出来る。男子生徒用,6,4,256,1,0,0,1,2,0,0,0,0,0
1402,50197,hand_M1019,忍手甲,宵月学院忍者部の手袋。男子生徒用,6,4,8,1,0,0,1,2,0,0,0,0,0
1403,50198,cap_M1019,忍面頬,宵月学院忍者部の面頬（めんほお）。男子生徒用,6,4,1,2,0,0,1,2,0,0,0,0,0
1404,50199,special_F1019,忍装束,宵月学院忍者部の装束。女生徒用,6,4,192,1,0,0,2,2,0,0,0,0,0
1405,50200,foot_F1019,忍脚絆,宵月学院忍者部の脚絆（きゃはん）。修行次第で、音を立てずに歩くことが出来る。女生徒用,6,4,256,1,0,0,2,2,0,0,0,0,0
1406,50201,hand_F1019,忍手甲,宵月学院忍者部の手袋。女生徒用,6,4,8,1,0,0,2,2,0,0,0,0,0
1407,50202,cap_F1019,忍頭巾,宵月学院忍者部の帽子。女生徒用,6,4,1,2,0,0,2,2,0,0,0,0,0
1408,50203,special_M1020,ラッチュー着ぐるみ,宵月学院着ぐるみ部の制服。男子生徒用,6,4,192,1,0,0,1,2,0,0,0,0,0
1409,50204,foot_M1020,ラッチュー靴,宵月学院着ぐるみ部の靴。男子生徒用,6,4,256,1,0,0,1,2,0,0,0,0,0
1410,50205,hand_M1020,ラッチュー手袋,宵月学院着ぐるみ部の手袋。男子生徒用,6,4,8,1,0,0,1,2,0,0,0,0,0
1411,50206,cap_M1020,ラッチュー帽子,宵月学院着ぐるみ部の帽子。男子生徒用,6,4,1,2,0,0,1,2,0,0,0,0,0
1412,50207,special_F1020,ゲトー着ぐるみ,宵月学院着ぐるみ部の制服。女生徒用,6,4,192,1,0,0,2,2,0,0,0,0,0
1413,50208,foot_F1020,ゲトー靴,宵月学院着ぐるみ部の靴。女生徒用,6,4,256,1,0,0,2,2,0,0,0,0,0
1414,50209,hand_F1020,ゲトー手袋,宵月学院着ぐるみ部の手袋。女生徒用,6,4,8,1,0,0,2,2,0,0,0,0,0
1415,50210,cap_F1020,ゲトー帽子,宵月学院着ぐるみ部の帽子。女生徒用,6,4,1,2,0,0,2,2,0,0,0,0,0
1416,50211,special_M1027,剣道着,宵月学院剣道部の防具。男子生徒用,6,4,192,1,0,0,1,2,0,0,0,0,0
1417,50212,hand_M1027,籠手,宵月学院剣道部の腕用防具。男子生徒用,6,4,8,1,0,0,1,2,0,0,0,0,0
1418,50213,foot_M1027,紐足袋,宵月学院剣道部の足袋。男子生徒用,6,4,256,1,0,0,1,2,0,0,0,0,0
1419,50214,special_F1027,剣道着,宵月学院剣道部の防具。女生徒用,6,4,192,1,0,0,2,2,0,0,0,0,0
1420,50215,hand_F1027,籠手,宵月学院剣道部の腕用防具。女生徒用,6,4,8,1,0,0,2,2,0,0,0,0,0
1421,50216,foot_F1027,紐足袋,宵月学院剣道部の足袋。女生徒用,6,4,256,1,0,0,2,2,0,0,0,0,0
1422,50217,upper_M1024,飲茶服,宵月学院飲茶部の制服。男子生徒用,6,4,64,1,0,0,1,2,0,0,0,0,0
1423,50218,lower_M1024,飲茶ズボン,宵月学院飲茶部のズボン。男子生徒用,6,4,128,1,0,0,1,2,0,0,0,0,0
1424,50219,cap_M1024,飲茶帽,宵月学院飲茶部の帽子。男子生徒用,6,4,1,2,0,0,1,2,0,0,0,0,0
1425,50220,foot_M1024,飲茶靴,宵月学院飲茶部の靴。男子生徒用,6,4,256,1,0,0,1,2,0,0,0,0,0
1426,50221,special_F1024,飲茶ドレス,宵月学院飲茶部の制服。女生徒用,6,4,192,1,0,0,2,2,0,0,0,0,0
1427,50222,cap_F1024,飲茶シニョン,宵月学院飲茶部の髪留め。女生徒用,6,4,1,2,0,0,2,2,0,0,0,0,0
1428,50223,foot_F1024,飲茶靴,宵月学院飲茶部の靴。女生徒用,6,4,256,1,0,0,2,2,0,0,0,0,0
1429,50224,special_M1023,料理服,宵月学院料理部の制服。男子生徒用,6,4,192,1,0,0,1,2,0,0,0,0,0
1430,50225,cap_M1023,料理帽,宵月学院料理部の帽子。男子生徒用,6,4,1,2,0,0,1,2,0,0,0,0,0
1431,50226,foot_M1023,料理サンダル,宵月学院料理部のサンダル。男子生徒用,6,4,256,1,0,0,1,2,0,0,0,0,0
1432,50227,special_F1023,料理服,宵月学院料理部の制服。女生徒用,6,4,192,1,0,0,2,2,0,0,0,0,0
1433,50228,cap_F1023,料理帽,宵月学院料理部の帽子。女生徒用,6,4,1,2,0,0,2,2,0,0,0,0,0
1434,50229,foot_F1023,料理スリッパ,宵月学院料理部のスリッパ。女生徒用,6,4,256,1,0,0,2,2,0,0,0,0,0
1435,50230,special_M1025,応援服,宵月学院応援部の制服。男子生徒用,6,4,192,1,0,0,1,2,0,0,0,0,0
1436,50231,lower_M1025,応援服ズボン,宵月学院応援部の制服。男子生徒用,6,4,128,1,0,0,1,2,0,0,0,0,0
1437,50232,cap_M1025,必勝ハチマキ,宵月学院応援部のハチマキ。男子生徒用,6,4,1,2,0,0,1,2,0,0,0,0,0
1438,50233,foot_M1025,応援靴,宵月学院応援部の靴。男子生徒用,6,4,256,1,0,0,1,2,0,0,0,0,0
1439,50234,tool_M1025,応援小道具,宵月学院応援部の応援小道具。男子生徒用,6,4,16,2,0,0,1,2,0,0,0,0,0
1440,50235,special_F1025,チアユニフォーム,宵月学院応援部の制服。女生徒用,6,4,192,1,0,0,2,2,0,0,0,0,0
1441,50236,hand_F1025,チアリーダー手袋,宵月学院応援部の手袋。女生徒用,6,4,8,1,0,0,2,2,0,0,0,0,0
1442,50237,foot_F1025,チアシューズ,宵月学院応援部の靴。女生徒用,6,4,256,1,0,0,2,2,0,0,0,0,0
1443,50238,tool_F1025,チアグッズ,宵月学院応援部の応援小道具。女生徒用,6,4,16,2,0,0,2,2,0,0,0,0,0
1444,50239,special_M1003,手芸服,宵月学院手芸部の衣装。男子生徒用,6,4,192,1,0,0,1,2,0,0,0,0,0
1445,50240,foot_M1003,手芸靴,宵月学院手芸部の靴。男子生徒用,6,4,256,1,0,0,1,2,0,0,0,0,0
1446,50241,special_F1003,手芸服,宵月学院手芸部の衣装。女生徒用,6,4,192,1,0,0,2,2,0,0,0,0,0
1447,50242,cap_F1003,手芸帽子,宵月学院手芸部の帽子。女生徒用,6,4,1,2,0,0,2,2,0,0,0,0,0
1448,50243,foot_F1003,手芸靴,宵月学院手芸部の靴。女生徒用,6,4,256,1,0,0,2,2,0,0,0,0,0
1449,50244,special_M0021,アトリエエプロン,エスティバー学園美術部の制服。男子生徒用,6,4,192,1,0,0,1,1,0,0,0,0,0
1450,50245,special_F0021,アトリエエプロン,エスティバー学園美術部の制服。女生徒用,6,4,192,1,0,0,2,1,0,0,0,0,0
1451,50246,upper_M1009,バスケ部ユニフォーム,宵月学院バスケットボール部のユニフォーム。男子生徒用,6,4,64,1,0,0,1,2,0,0,0,0,0
1452,50247,lower_M1009,バスケ部ショートパンツ,宵月学院バスケットボール部のユニフォーム。男子生徒用,6,4,128,1,0,0,1,2,0,0,0,0,0
1453,50248,foot_M1009,バスケットシューズ,宵月学院バスケットボール部のシューズ。男子生徒用,6,4,256,1,0,0,1,2,0,0,0,0,0
1454,50249,upper_F1009,バスケ部ユニフォーム,宵月学院バスケットボール部のユニフォーム。女生徒用,6,4,64,1,0,0,2,2,0,0,0,0,0
1455,50250,lower_F1009,バスケ部ショートパンツ,宵月学院バスケットボール部のユニフォーム。女生徒用,6,4,128,1,0,0,2,2,0,0,0,0,0
1456,50251,foot_F1009,バスケットシューズ,宵月学院バスケットボール部のシューズ。女生徒用,6,4,256,1,0,0,2,2,0,0,0,0,0
1457,50252,upper_M1021,アトリエ服,宵月学院美術部の制服。男子生徒用,6,4,64,1,0,0,1,2,0,0,0,0,0
1458,50253,cap_M1021,ベレー帽,宵月学院美術部の帽子。男子生徒用,6,4,1,2,0,0,1,2,0,0,0,0,0
1459,50254,upper_F1021,アトリエ服,宵月学院美術部の制服。女生徒用,6,4,64,1,0,0,2,2,0,0,0,0,0
1460,50255,cap_F1021,ベレー帽,宵月学院美術部の帽子。女生徒用,6,4,1,2,0,0,2,2,0,0,0,0,0
1461,50256,special_M1010,コート,宵月学院の冬服コート。男子生徒用,6,4,192,1,0,0,1,2,0,0,0,0,0
1462,50257,special_F1010,コート,宵月学院の冬服コート。女生徒用,6,4,192,1,0,0,2,2,0,0,0,0,0
1463,50258,upper_M1011,トレーニングウェア・上,宵月学院の夏用トレーニングウェア。男子生徒用,6,4,64,1,0,0,1,2,0,0,0,0,0
1464,50259,lower_M1011,トレーニングウェア・下,宵月学院の夏用トレーニングウェア。男子生徒用,6,4,128,1,0,0,1,2,0,0,0,0,0
1465,50260,upper_F1012,スウェットスーツ,宵月学院の冬用トレーニングウェア。女生徒用,6,4,64,1,0,0,2,2,0,0,0,0,0
1466,50261,lower_F1012,スパッツ,宵月学院の冬用トレーニングウェア。女生徒用,6,4,128,1,0,0,2,2,0,0,0,0,0
1467,50262,upper_M1012,トレーニングウェア・上,宵月学院の冬用トレーニングウェア。男子生徒用,6,4,64,1,0,0,1,2,0,0,0,0,0
1468,50263,lower_M1012,トレーニングウェア・下,宵月学院の冬用トレーニングウェア。男子生徒用,6,4,128,1,0,0,1,2,0,0,0,0,0
1469,50264,special_F1011,スウェットスーツ,宵月学院の夏用トレーニングウェア。女生徒用,6,4,192,1,0,0,2,2,0,0,0,0,0
1470,50265,upper_M1013,ニット,宵月学院のニット。男子生徒用,6,4,64,1,0,0,1,2,0,0,0,0,0
1471,50266,upper_F1013,ニット,宵月学院のニット。女生徒用,6,4,64,1,0,0,2,2,0,0,0,0,0
1472,50267,upper_M1014,生徒会服,宵月学院生徒会の専用制服。男子生徒用,6,4,64,1,0,0,1,2,0,0,0,0,0
1473,50268,lower_M1014,生徒会ズボン,宵月学院生徒会の専用制服。男子生徒用,6,4,128,1,0,0,1,2,0,0,0,0,0
1474,50269,foot_M1014,生徒会靴,宵月学院生徒会の専用靴。男子生徒用,6,4,256,1,0,0,1,2,0,0,0,0,0
1475,50270,upper_F1014,生徒会服,宵月学院生徒会の専用制服。女生徒用,6,4,64,1,0,0,2,2,0,0,0,0,0
1476,50271,lower_F1014,生徒会スカート,宵月学院生徒会の専用制服。女生徒用,6,4,128,1,0,0,2,2,0,0,0,0,0
1477,50272,foot_F1014,生徒会靴,宵月学院生徒会の専用靴。女生徒用,6,4,256,1,0,0,2,2,0,0,0,0,0
1478,50273,hand_F0023,鍋つかみ,エスティバー学園料理部の手袋。女生徒用,6,4,8,1,0,0,2,1,0,0,0,0,0
1479,50274,upper_M0018,アメフト部ユニフォーム・上,エスティバー学園アメフト部のユニフォーム。男子生徒用,6,4,64,1,0,0,1,1,0,0,0,0,0
1480,50275,lower_M0018,アメフト部ユニフォーム・下,エスティバー学園アメフト部のユニフォーム。男子生徒用,6,4,128,1,0,0,1,1,0,0,0,0,0
1481,50276,foot_M0018,アメフトシューズ,エスティバー学園アメフト部のシューズ。男子生徒用,6,4,256,1,0,0,1,1,0,0,0,0,0
1482,50277,cap_M0018,アメフトヘルメット,エスティバー学園アメフト部のヘルメット。男子生徒用,6,4,1,2,0,0,1,1,0,0,0,0,0
1483,50278,upper_F0018,アメフト部ユニフォーム・上,エスティバー学園アメフト部のユニフォーム。女生徒用,6,4,64,1,0,0,2,1,0,0,0,0,0
1484,50279,lower_F0018,アメフト部ユニフォーム・下,エスティバー学園アメフト部のユニフォーム。女生徒用,6,4,128,1,0,0,2,1,0,0,0,0,0
1485,50280,foot_F0018,アメフトシューズ,エスティバー学園アメフト部のシューズ。女生徒用,6,4,256,1,0,0,2,1,0,0,0,0,0
1486,50281,cap_F0018,アメフトヘルメット,エスティバー学園アメフト部のヘルメット。女生徒用,6,4,1,2,0,0,2,1,0,0,0,0,0
1487,50282,upper_M0022,ロボティックジャケット,エスティバー学園ロボット研究部の制服。男子生徒用,6,4,64,1,0,0,1,1,0,0,0,0,0
1488,50283,lower_M0022,ロボティックパンツ,エスティバー学園ロボット研究部のズボン。男子生徒用,6,4,128,1,0,0,1,1,0,0,0,0,0
1489,50284,foot_M0022,ロボティックブーツ,エスティバー学園ロボット研究部の靴。男子生徒用,6,4,256,1,0,0,1,1,0,0,0,0,0
1490,50285,hand_M0022,ロボティックハンド,エスティバー学園ロボット研究部の手袋。男子生徒用,6,4,8,1,0,0,1,1,0,0,0,0,0
1491,50286,special_F0022,ロボティックスーツ,エスティバー学園ロボット研究部の制服。女生徒用,6,4,192,1,0,0,2,1,0,0,0,0,0
1492,50287,foot_F0022,ロボティックブーツ,エスティバー学園ロボット研究部の靴。女生徒用,6,4,256,1,0,0,2,1,0,0,0,0,0
1493,50288,hand_F0022,ロボティックハンド,エスティバー学園ロボット研究部の手袋。女生徒用,6,4,8,1,0,0,2,1,0,0,0,0,0
1494,50289,upper_M1026,テコンドー服・上,宵月学院テコンドー部のユニフォーム。男子生徒用,6,4,64,1,0,0,1,2,0,0,0,0,0
1495,50290,lower_M1026,テコンドー服・下,宵月学院テコンドー部のユニフォーム。男子生徒用,6,4,128,1,0,0,1,2,0,0,0,0,0
1496,50291,foot_M1026,足首テーピング,宵月学院テコンドー部の足保護具。男子生徒用,6,4,256,1,0,0,1,2,0,0,0,0,0
1497,50292,hand_M1026,手首テーピング,宵月学院テコンドー部の手首保護具。男子生徒用,6,4,8,1,0,0,1,2,0,0,0,0,0
1498,50293,cap_M1026,テコンドーヘッドギア,宵月学院テコンドー部の頭保護具。男子生徒用,6,4,1,2,0,0,1,2,0,0,0,0,0
1499,50294,upper_F1026,テコンドー服・上,宵月学院テコンドー部のユニフォーム。女生徒用,6,4,64,1,0,0,2,2,0,0,0,0,0
1500,50295,lower_F1026,テコンドー服・下,宵月学院テコンドー部のユニフォーム。女生徒用,6,4,128,1,0,0,2,2,0,0,0,0,0
1501,50296,foot_F1026,足首テーピング,宵月学院テコンドー部の足保護具。女生徒用,6,4,256,1,0,0,2,2,0,0,0,0,0
1502,50297,hand_F1026,手首テーピング,宵月学院テコンドー部の手首保護具。女生徒用,6,4,8,1,0,0,2,2,0,0,0,0,0
1503,50298,cap_F1026,テコンドーヘッドギア,宵月学院テコンドー部の頭保護具。女生徒用,6,4,1,2,0,0,2,2,0,0,0,0,0
1504,50299,upper_M1029,スペランカーシャツ,宵月学院考古学研究部の制服。男子生徒用,6,4,64,1,0,0,1,2,0,0,0,0,0
1505,50300,lower_M1029,スペランカーズボン,宵月学院考古学研究部のズボン。男子生徒用,6,4,128,1,0,0,1,2,0,0,0,0,0
1506,50301,foot_M1029,スペランカーブーツ,宵月学院考古学研究部の靴。男子生徒用,6,4,256,1,0,0,1,2,0,0,0,0,0
1507,50302,hand_M1029,スペランカーグローブ,宵月学院考古学研究部の手袋。男子生徒用,6,4,8,1,0,0,1,2,0,0,0,0,0
1508,50303,cap_M1029,スペランカーハット,宵月学院考古学研究部の帽子。男子生徒用,6,4,1,2,0,0,1,2,0,0,0,0,0
1509,50304,back_M1029,スペランカーポーチ,宵月学院考古学研究部のかばん。男子生徒用,6,4,4,2,0,0,1,2,0,0,0,0,0
1510,50305,upper_F1029,スペランカーシャツ,宵月学院考古学研究部の制服上着。女生徒用,6,4,64,1,0,0,2,2,0,0,0,0,0
1511,50306,lower_F1029,スペランカースカート,宵月学院考古学研究部のスカート。女生徒用,6,4,128,1,0,0,2,2,0,0,0,0,0
1512,50307,foot_F1029,スペランカーブーツ,宵月学院考古学研究部の靴。女生徒用,6,4,256,1,0,0,2,2,0,0,0,0,0
1513,50308,hand_F1029,スペランカーグローブ,宵月学院考古学研究部の手袋。女生徒用,6,4,8,1,0,0,2,2,0,0,0,0,0
1514,50309,cap_F1029,スペランカーハット,宵月学院考古学研究部の帽子。女生徒用,6,4,1,2,0,0,2,2,0,0,0,0,0
1515,50310,back_F1029,スペランカーポーチ,宵月学院考古学研究部のかばん。女生徒用,6,4,4,2,0,0,2,2,0,0,0,0,0
1516,50311,upper_M0034,コーラススーツ,エスティバー学園コーラス部のスーツ。男子生徒用,6,4,64,1,0,0,1,1,0,0,0,0,0
1517,50312,lower_M0034,コーラスズボン,エスティバー学園コーラス部のズボン。男子生徒用,6,4,128,1,0,0,1,1,0,0,0,0,0
1518,50313,foot_M0034,コーラスシューズ,エスティバー学園コーラス部の靴。男子生徒用,6,4,256,1,0,0,1,1,0,0,0,0,0
1519,50314,upper_F0034,コーラスドレス,エスティバー学園コーラス部のドレス。女生徒用,6,4,64,1,0,0,2,1,0,0,0,0,0
1520,50315,lower_F0034,コーラススカート,エスティバー学園コーラス部のスカート。女生徒用,6,4,128,1,0,0,2,1,0,0,0,0,0
1521,50316,foot_F0034,コーラスシューズ,エスティバー学園コーラス部の靴。女生徒用,6,4,256,1,0,0,2,1,0,0,0,0,0
1522,50317,upper_M1034,コーラスローブ,宵月学院コーラス部のローブ。男子生徒用,6,4,64,1,0,0,1,2,0,0,0,0,0
1523,50318,lower_M1034,コーラスズボン,宵月学院コーラス部のズボン。男子生徒用,6,4,128,1,0,0,1,2,0,0,0,0,0
1524,50319,foot_M1034,コーラスシューズ,宵月学院コーラス部の靴。男子生徒用,6,4,256,1,0,0,1,2,0,0,0,0,0
1525,50320,upper_F1034,コーラスローブ,宵月学院コーラス部のローブ。女生徒用,6,4,64,1,0,0,2,2,0,0,0,0,0
1526,50321,lower_F1034,コーラススカート,宵月学院コーラス部のスカート。女生徒用,6,4,128,1,0,0,2,2,0,0,0,0,0
1527,50322,foot_F1034,コーラスシューズ,宵月学院コーラス部の靴。女生徒用,6,4,256,1,0,0,2,2,0,0,0,0,0
1528,59001,upper_M9002,ファンタシャツ,ファンタシャツ。男子生徒用,6,4,64,1,0,0,1,0,0,0,0,0,0
1529,59002,lower_M9002,ファンタズボン,ファンタズボン。男子生徒用,6,4,128,1,0,0,1,0,0,0,0,0,0
1530,59003,foot_M9002,ファンタシューズ,ファンタシューズ。男子生徒用,6,4,256,1,0,0,1,0,0,0,0,0,0
1531,59004,upper_F9002,ファンタシャツ,ファンタシャツ。女生徒用,6,4,64,1,0,0,2,0,0,0,0,0,0
1532,59005,lower_F9002,ファンタスカート,ファンタスカート。女生徒用,6,4,128,1,0,0,2,0,0,0,0,0,0
1533,59006,foot_F9002,ファンタシューズ,ファンタシューズ。女生徒用,6,4,256,1,0,0,2,0,0,0,0,0,0
1534,59007,cap_M9002,ファンタハット,ファンタハット。男子生徒用,6,4,1,2,0,0,1,0,0,0,0,0,0
1535,59008,cap_F9002,ファンタハット,ファンタハット。女生徒用,6,4,1,2,0,0,2,0,0,0,0,0,0
1536,59901,special_GMM0001,風紀委員制服,りりしい男性風紀委員のためのオーダーメイド衣装。着る人に快適さとカリスマを付与する,12,7,196,1,0,0,1,0,0,0,0,0,0
1537,59902,foot_GMM0001,風紀委員靴,新素材 Ntixumを使った高弾力高剛性の楽な靴,13,7,256,1,0,0,1,0,0,0,0,0,0
1538,59903,special_GMF0001,風紀委員制服,美しい女性風紀委員のためのオーダーメイド衣装。着る人に快適さとカリスマを付与する,12,7,196,1,0,0,2,0,0,0,0,0,0
1539,59904,foot_GMF0001,風紀委員靴,新素材 Ntixumを使った高弾力高剛性の楽な靴,13,7,256,1,0,0,2,0,0,0,0,0,0
1540,59905,cap_GMA0001,風紀委員帽子,緑と黒色がよく調和した風車のマークが刻まれている,6,7,1,2,0,0,0,0,0,0,0,0,0
1541,59906,special_M9004,学級委員制服,～学級委員心得３ヶ条～<br>1.挨拶をしよう。<br>2.初心忘れるべからず。<br>3.「自分らしさ」を忘れない。,12,7,448,1,0,0,1,0,0,0,0,0,0
1542,59907,special_F9004,学級委員制服,～学級委員心得３ヶ条～<br>1.挨拶をしよう。<br>2.初心忘れるべからず。<br>3.「自分らしさ」を忘れない。,12,7,448,1,0,0,2,0,0,0,0,0,0
1543,51282,upper_M0022,ロボティックジャケット,エスティバー学園ロボット研究部の制服。男子生徒用,6,7,64,1,0,0,1,1,0,0,0,0,0
1544,51283,lower_M0022,ロボティックパンツ,エスティバー学園ロボット研究部のズボン。男子生徒用,6,7,128,1,0,0,1,1,0,0,0,0,0
1545,51284,foot_M0022,ロボティックブーツ,エスティバー学園ロボット研究部の靴。男子生徒用,6,7,256,1,0,0,1,1,0,0,0,0,0
1546,51285,hand_M0022,ロボティックハンド,エスティバー学園ロボット研究部の手袋。男子生徒用,6,7,8,1,0,0,1,1,0,0,0,0,0
1547,51286,special_F0022,ロボティックスーツ,エスティバー学園ロボット研究部の制服。女生徒用,6,7,192,1,0,0,2,1,0,0,0,0,0
1548,51287,foot_F0022,ロボティックブーツ,エスティバー学園ロボット研究部の靴。女生徒用,6,7,256,1,0,0,2,1,0,0,0,0,0
1549,51288,hand_F0022,ロボティックハンド,エスティバー学園ロボット研究部の手袋。女生徒用,6,7,8,1,0,0,2,1,0,0,0,0,0
1550,51299,upper_M1029,スペランカーシャツ,宵月学院考古学研究部の制服。男子生徒用,6,7,64,1,0,0,1,2,0,0,0,0,0
1551,51300,lower_M1029,スペランカーズボン,宵月学院考古学研究部のズボン。男子生徒用,6,7,128,1,0,0,1,2,0,0,0,0,0
1552,51301,foot_M1029,スペランカーブーツ,宵月学院考古学研究部の靴。男子生徒用,6,7,256,1,0,0,1,2,0,0,0,0,0
1553,51302,hand_M1029,スペランカーグローブ,宵月学院考古学研究部の手袋。男子生徒用,6,7,8,1,0,0,1,2,0,0,0,0,0
1554,51303,cap_M1029,スペランカーハット,宵月学院考古学研究部の帽子。男子生徒用,6,7,1,2,0,0,1,2,0,0,0,0,0
1555,51304,back_M1029,スペランカーポーチ,宵月学院考古学研究部のかばん。男子生徒用,6,7,4,2,0,0,1,2,0,0,0,0,0
1556,51305,upper_F1029,スペランカーシャツ,宵月学院考古学研究部の制服上着。女生徒用,6,7,64,1,0,0,2,2,0,0,0,0,0
1557,51306,lower_F1029,スペランカースカート,宵月学院考古学研究部のスカート。女生徒用,6,7,128,1,0,0,2,2,0,0,0,0,0
1558,51307,foot_F1029,スペランカーブーツ,宵月学院考古学研究部の靴。女生徒用,6,7,256,1,0,0,2,2,0,0,0,0,0
1559,51308,hand_F1029,スペランカーグローブ,宵月学院考古学研究部の手袋。女生徒用,6,7,8,1,0,0,2,2,0,0,0,0,0
1560,51309,cap_F1029,スペランカーハット,宵月学院考古学研究部の帽子。女生徒用,6,7,1,2,0,0,2,2,0,0,0,0,0
1561,51310,back_F1029,スペランカーポーチ,宵月学院考古学研究部のかばん。女生徒用,6,7,4,2,0,0,2,2,0,0,0,0,0
1562,51217,upper_M1024,飲茶服,宵月学院飲茶部の制服。男子生徒用,6,7,64,1,0,0,1,2,0,0,0,0,0
1563,51218,lower_M1024,飲茶ズボン,宵月学院飲茶部のズボン。男子生徒用,6,7,128,1,0,0,1,2,0,0,0,0,0
1564,51219,cap_M1024,飲茶帽,宵月学院飲茶部の帽子。男子生徒用,6,7,1,2,0,0,1,2,0,0,0,0,0
1565,51220,foot_M1024,飲茶靴,宵月学院飲茶部の靴。男子生徒用,6,7,256,1,0,0,1,2,0,0,0,0,0
1566,51221,special_F1024,飲茶ドレス,宵月学院飲茶部の制服。女生徒用,6,7,192,1,0,0,2,2,0,0,0,0,0
1567,51222,cap_F1024,飲茶シニョン,宵月学院飲茶部の髪留め。女生徒用,6,7,1,2,0,0,2,2,0,0,0,0,0
1568,51223,foot_F1024,飲茶靴,宵月学院飲茶部の靴。女生徒用,6,7,256,1,0,0,2,2,0,0,0,0,0
1569,51167,upper_M0024,ジェントルマンスーツ,エスティバー学園ティータイム部の制服。男子生徒用,6,7,64,1,0,0,1,1,0,0,0,0,0
1570,51168,lower_M0024,ジェントルマンズボン,エスティバー学園ティータイム部の制服。男子生徒用,6,7,128,1,0,0,1,1,0,0,0,0,0
1571,51169,cap_M0024,シルクハット,エスティバー学園ティータイム部の帽子。男子生徒用,6,7,1,2,0,0,1,1,0,0,0,0,0
1572,51170,foot_M0024,ジェントルマンシューズ,エスティバー学園ティータイム部の靴。男子生徒用,6,7,256,1,0,0,1,1,0,0,0,0,0
1573,51171,special_F0024,マドモワゼルドレス,エスティバー学園ティータイム部の制服。女生徒用,6,7,192,1,0,0,2,1,0,0,0,0,0
1574,51172,cap_F0024,マドモワゼルハット,エスティバー学園ティータイム部の帽子。女生徒用,6,7,1,2,0,0,2,1,0,0,0,0,0
1575,51173,foot_F0024,マドモワゼルシューズ,エスティバー学園ティータイム部の靴。女生徒用,6,7,256,1,0,0,2,1,0,0,0,0,0
1576,51174,upper_M0034,コーラススーツ,エスティバー学園コーラス部のスーツ。男子生徒用,6,7,64,1,0,0,1,1,0,0,0,0,0
1577,51175,lower_M0034,コーラスズボン,エスティバー学園コーラス部のズボン。男子生徒用,6,7,128,1,0,0,1,1,0,0,0,0,0
1578,51176,foot_M0034,コーラスシューズ,エスティバー学園コーラス部の靴。男子生徒用,6,7,256,1,0,0,1,1,0,0,0,0,0
1579,51177,upper_F0034,コーラスドレス,エスティバー学園コーラス部のドレス。女生徒用,6,7,64,1,0,0,2,1,0,0,0,0,0
1580,51178,lower_F0034,コーラススカート,エスティバー学園コーラス部のスカート。女生徒用,6,7,128,1,0,0,2,1,0,0,0,0,0
1581,51179,foot_F0034,コーラスシューズ,エスティバー学園コーラス部の靴。女生徒用,6,7,256,1,0,0,2,1,0,0,0,0,0
1582,51180,upper_M1034,コーラスローブ,宵月学院コーラス部のローブ。男子生徒用,6,7,64,1,0,0,1,2,0,0,0,0,0
1583,51181,lower_M1034,コーラスズボン,宵月学院コーラス部のズボン。男子生徒用,6,7,128,1,0,0,1,2,0,0,0,0,0
1584,51182,foot_M1034,コーラスシューズ,宵月学院コーラス部の靴。男子生徒用,6,7,256,1,0,0,1,2,0,0,0,0,0
1585,51183,upper_F1034,コーラスローブ,宵月学院コーラス部のローブ。女生徒用,6,7,64,1,0,0,2,2,0,0,0,0,0
1586,51184,lower_F1034,コーラススカート,宵月学院コーラス部のスカート。女生徒用,6,7,128,1,0,0,2,2,0,0,0,0,0
1587,51185,foot_F1034,コーラスシューズ,宵月学院コーラス部の靴。女生徒用,6,7,256,1,0,0,2,2,0,0,0,0,0
1588,51186,upper_M0026,ギャンブラージャケット,エスティバー学園ギャンブル部の制服。男子生徒用<br>(2006年8月17日に交換不可能になり、8月24日に消滅します),6,5,64,1,0,0,1,1,0,0,0,0,0
1589,51187,lower_M0026,ギャンブラーズボン,エスティバー学園ギャンブル部の制服。男子生徒用<br>(2006年8月17日に交換不可能になり、8月24日に消滅します),6,5,128,1,0,0,1,1,0,0,0,0,0
1590,51188,foot_M0026,ギャンブラーシューズ,エスティバー学園ギャンブル部の靴。男子生徒用<br>(2006年8月17日に交換不可能になり、8月24日に消滅します),6,5,256,1,0,0,1,1,0,0,0,0,0
1591,51189,upper_F0026,ギャンブラージャケット,エスティバー学園ギャンブル部の制服。女生徒用<br>(2006年8月17日に交換不可能になり、8月24日に消滅します),6,5,64,1,0,0,2,1,0,0,0,0,0
1592,51190,lower_F0026,ギャンブラースカート,エスティバー学園ギャンブル部の制服。女生徒用<br>(2006年8月17日に交換不可能になり、8月24日に消滅します),6,5,128,1,0,0,2,1,0,0,0,0,0
1593,51191,foot_F0026,ギャンブラーシューズ,エスティバー学園ギャンブル部の靴。女生徒用<br>(2006年8月17日に交換不可能になり、8月24日に消滅します),6,5,256,1,0,0,2,1,0,0,0,0,0
1594,51192,special_M1019,忍装束,宵月学院忍者部の装束。男子生徒用<br>(2006年8月17日に交換不可能になり、8月24日に消滅します),6,5,192,1,0,0,1,2,0,0,0,0,0
1595,51193,foot_M1019,忍脚絆,宵月学院忍者部の脚絆（きゃはん）。修行次第で、音を立てずに歩くことが出来る。男子生徒用<br>(2006年8月17日に交換不可能になり、8月24日に消滅します),6,5,256,1,0,0,1,2,0,0,0,0,0
1596,51194,hand_M1019,忍手甲,宵月学院忍者部の手袋。男子生徒用<br>(2006年8月17日に交換不可能になり、8月24日に消滅します),6,5,8,1,0,0,1,2,0,0,0,0,0
1597,51195,cap_M1019,忍面頬,宵月学院忍者部の面頬（めんほお）。男子生徒用<br>(2006年8月17日に交換不可能になり、8月24日に消滅します),6,5,1,2,0,0,1,2,0,0,0,0,0
1598,51196,special_F1019,忍装束,宵月学院忍者部の装束。女生徒用<br>(2006年8月17日に交換不可能になり、8月24日に消滅します),6,5,192,1,0,0,2,2,0,0,0,0,0
1599,51197,foot_F1019,忍脚絆,宵月学院忍者部の脚絆（きゃはん）。修行次第で、音を立てずに歩くことが出来る。女生徒用<br>(2006年8月17日に交換不可能になり、8月24日に消滅します),6,5,256,1,0,0,2,2,0,0,0,0,0
1600,51198,hand_F1019,忍手甲,宵月学院忍者部の手袋。女生徒用<br>(2006年8月17日に交換不可能になり、8月24日に消滅します),6,5,8,1,0,0,2,2,0,0,0,0,0
1601,51199,upper_M0016,하복 상의,에스티바 학원의 남학생 여름용 교복<br>동호회 여러분께 선물로 드립니다~,6,5,64,1,0,0,1,1,0,0,0,0,0
1602,51200,lower_M0016,하복 하의,에스티바 학원의 남학생 여름용 교복<br>동호회 여러분께 선물로 드립니다~,6,5,128,1,0,0,1,1,0,0,0,0,0
1603,51201,upper_F0016,하복 상의,에스티바 학원의 여학생 여름용 교복<br>동호회 여러분께 선물로 드립니다~,6,5,64,1,0,0,2,1,0,0,0,0,0
1604,51202,lower_F0016,하복 하의,에스티바 학원의 여학생 여름용 교복<br>동호회 여러분께 선물로 드립니다~,6,5,128,1,0,0,2,1,0,0,0,0,0
1605,51203,upper_M1016,하복 상의,소월학원의 남학생 여름용 교복 <br>동호회 여러분께 선물로 드립니다~,6,5,64,1,0,0,1,2,0,0,0,0,0
1606,51204,lower_M1016,하복 하의,소월학원의 남학생 여름용 교복<br>동호회 여러분께 선물로 드립니다~,6,5,128,1,0,0,1,2,0,0,0,0,0
1607,51205,upper_F1016,하복 상의,소월학원의 여학생 여름용 교복<br>동호회 여러분께 선물로 드립니다~,6,5,64,1,0,0,2,2,0,0,0,0,0
1608,51206,lower_F1016,하복 하의,소월학원의 여학생 여름용 교복<br>동호회 여러분께 선물로 드립니다~,6,5,128,1,0,0,2,2,0,0,0,0,0
1609,59009,cap_M9008,サッカー応援ハチマキ,みんなでワールドカップを応援しよう！　男子生徒用,6,5,1,2,0,0,1,0,0,0,0,0,0
1610,59010,upper_M9008,サッカー応援タンクトップ,みんなでワールドカップを応援しよう！　男子生徒用,6,5,64,1,0,0,1,0,0,0,0,0,0
1611,59011,lower_M9008,サッカー応援ズボン,みんなでワールドカップを応援しよう！　男子生徒用,6,5,128,1,0,0,1,0,0,0,0,0,0
1612,59012,foot_M9008,サッカー応援シューズ,みんなでワールドカップを応援しよう！　男子生徒用,6,5,256,1,0,0,1,0,0,0,0,0,0
1613,59013,cap_F9008,サッカー応援ハチマキ,みんなでワールドカップを応援しよう！　女生徒用,6,5,1,2,0,0,2,0,0,0,0,0,0
1614,59014,upper_F9008,サッカー応援ベアトップ,みんなでワールドカップを応援しよう！　女生徒用,6,5,64,1,0,0,2,0,0,0,0,0,0
1615,59015,lower_F9008,サッカー応援ズボン,みんなでワールドカップを応援しよう！　女生徒用,6,5,128,1,0,0,2,0,0,0,0,0,0
1616,59016,foot_F9008,サッカー応援ブーツ,みんなでワールドカップを応援しよう！　女生徒用,6,5,256,1,0,0,2,0,0,0,0,0,0
1617,59017,cap_M9009,サッカー応援ハチマキ,みんなで日本代表を応援しよう！　男子生徒用,6,7,1,2,0,0,1,0,0,0,0,0,0
1618,59018,upper_M9009,サッカー応援タンクトップ,みんなで日本代表を応援しよう！　男子生徒用,6,7,64,1,0,0,1,0,0,0,0,0,0
1619,59019,lower_M9009,サッカー応援ズボン,みんなで日本代表を応援しよう！　男子生徒用,6,7,128,1,0,0,1,0,0,0,0,0,0
1620,59020,foot_M9009,サッカー応援シューズ,みんなで日本代表を応援しよう！　男子生徒用,6,7,256,1,0,0,1,0,0,0,0,0,0
1621,59021,cap_F9009,サッカー応援ハチマキ,みんなで日本代表を応援しよう！　女生徒用,6,7,1,2,0,0,2,0,0,0,0,0,0
1622,59022,upper_F9009,サッカー応援ベアトップ,みんなで日本代表を応援しよう！　女生徒用,6,7,64,1,0,0,2,0,0,0,0,0,0
1623,59023,lower_F9009,サッカー応援ズボン,みんなで日本代表を応援しよう！　女生徒用,6,7,128,1,0,0,2,0,0,0,0,0,0
1624,59024,foot_F9009,サッカー応援ブーツ,みんなで日本代表を応援しよう！　女生徒用,6,7,256,1,0,0,2,0,0,0,0,0,0
1625,59025,cap_M9010,サッカー応援ハチマキ,みんなでワールドカップを応援しよう！　男子生徒用,6,5,1,2,0,0,1,0,0,0,0,0,0
1626,59026,upper_M9010,サッカー応援タンクトップ,みんなでワールドカップを応援しよう！　男子生徒用,6,5,64,1,0,0,1,0,0,0,0,0,0
1627,59027,lower_M9010,サッカー応援ズボン,みんなでワールドカップを応援しよう！　男子生徒用,6,5,128,1,0,0,1,0,0,0,0,0,0
1628,59028,foot_M9010,サッカー応援シューズ,みんなでワールドカップを応援しよう！　男子生徒用,6,5,256,1,0,0,1,0,0,0,0,0,0
1629,59029,cap_F9010,サッカー応援ハチマキ,みんなでワールドカップを応援しよう！　女生徒用,6,5,1,2,0,0,2,0,0,0,0,0,0
1630,59030,upper_F9010,サッカー応援ベアトップ,みんなでワールドカップを応援しよう！　女生徒用,6,5,64,1,0,0,2,0,0,0,0,0,0
1631,59031,lower_F9010,サッカー応援ズボン,みんなでワールドカップを応援しよう！　女生徒用,6,5,128,1,0,0,2,0,0,0,0,0,0
1632,59032,foot_F9010,サッカー応援ブーツ,みんなでワールドカップを応援しよう！　女生徒用,6,5,256,1,0,0,2,0,0,0,0,0,0
1633,59033,upper_M9011,サッカーユニフォーム,ワールドカップを記念する限定ユニフォーム。気分は日本代表！　男子生徒用,6,5,64,1,0,0,1,0,0,0,0,0,0
1634,59034,lower_M9011,サッカーショートパンツ,ワールドカップを記念する限定ユニフォーム。気分は日本代表！　男子生徒用,6,5,128,1,0,0,1,0,0,0,0,0,0
1635,59035,foot_M9011,サッカーシューズ,ワールドカップを記念する限定ユニフォーム。気分は日本代表！　男子生徒用,6,5,256,1,0,0,1,0,0,0,0,0,0
1636,59036,upper_F9011,サッカーユニフォーム,ワールドカップを記念する限定ユニフォーム。気分は日本代表！　女生徒用,6,5,64,1,0,0,2,0,0,0,0,0,0
1637,59037,lower_F9011,サッカーショートパンツ,ワールドカップを記念する限定ユニフォーム。気分は日本代表！　女生徒用,6,5,128,1,0,0,2,0,0,0,0,0,0
1638,59038,foot_F9011,サッカーシューズ,ワールドカップを記念する限定ユニフォーム。気分は日本代表！　女生徒用,6,5,256,1,0,0,2,0,0,0,0,0,0
1639,59039,upper_M9012,サッカーユニフォーム,サッカー選手用のユニフォーム。気分は日本代表！　男子生徒用,6,7,64,1,0,0,1,0,0,0,0,0,0
1640,59040,lower_M9012,サッカーショートパンツ,サッカー選手用のユニフォーム。気分は日本代表！　男子生徒用,6,7,128,1,0,0,1,0,0,0,0,0,0
1641,59041,foot_M9012,サッカーシューズ,サッカー選手用のユニフォーム。気分は日本代表！　男子生徒用,6,7,256,1,0,0,1,0,0,0,0,0,0
1642,59042,upper_F9012,サッカーユニフォーム,サッカー選手用のユニフォーム。気分は日本代表！　女生徒用,6,7,64,1,0,0,2,0,0,0,0,0,0
1643,59043,lower_F9012,サッカーショートパンツ,サッカー選手用のユニフォーム。気分は日本代表！　女生徒用,6,7,128,1,0,0,2,0,0,0,0,0,0
1644,59044,foot_F9012,サッカーシューズ,サッカー選手用のユニフォーム。気分は日本代表！　女生徒用,6,7,256,1,0,0,2,0,0,0,0,0,0
1645,59045,upper_M9013,サッカーユニフォーム,ワールドカップを記念する限定ユニフォーム。気分は日本代表！　男子生徒用,6,5,64,1,0,0,1,0,0,0,0,0,0
1646,59046,lower_M9013,サッカーショートパンツ,ワールドカップを記念する限定ユニフォーム。気分は日本代表！　男子生徒用,6,5,128,1,0,0,1,0,0,0,0,0,0
1647,59047,foot_M9013,サッカーシューズ,ワールドカップを記念する限定ユニフォーム。気分は日本代表！　男子生徒用,6,5,256,1,0,0,1,0,0,0,0,0,0
1648,59048,upper_F9013,サッカーユニフォーム,ワールドカップを記念する限定ユニフォーム。気分は日本代表！　女生徒用,6,5,64,1,0,0,2,0,0,0,0,0,0
1649,59049,lower_F9013,サッカーショートパンツ,ワールドカップを記念する限定ユニフォーム。気分は日本代表！　女生徒用,6,5,128,1,0,0,2,0,0,0,0,0,0
1650,59050,foot_F9013,サッカーシューズ,ワールドカップを記念する限定ユニフォーム。気分は日本代表！　女生徒用,6,5,256,1,0,0,2,0,0,0,0,0,0
1651,59051,cap_M9014,かぶりもの M,自分の顔を完全に隠せる、巨大なかぶりもの。クールなイメージで売ってるキミも、これさえあれば大声で応援できるぞ！　男性専用,6,5,1,2,0,0,1,0,0,0,0,0,0
1652,59052,cap_M9015,かぶりもの A,自分の顔を完全に隠せる、巨大なかぶりもの。クールなイメージで売ってるキミも、これさえあれば大声で応援できるぞ！　男性専用,6,5,1,2,0,0,1,0,0,0,0,0,0
1653,59053,cap_M9016,かぶりもの H,自分の顔を完全に隠せる、巨大なかぶりもの。クールなイメージで売ってるキミも、これさえあれば大声で応援できるぞ！　男性専用,6,5,1,2,0,0,1,0,0,0,0,0,0
1654,59054,cap_F9014,かぶりもの M,自分の顔を完全に隠せる、巨大なかぶりもの。おしとやかなイメージで売ってるキミも、これさえあれば大声で応援できるぞ！　女性専用,6,5,1,2,0,0,2,0,0,0,0,0,0
1655,59055,cap_F9015,かぶりもの A,自分の顔を完全に隠せる、巨大なかぶりもの。おしとやかなイメージで売ってるキミも、これさえあれば大声で応援できるぞ！　女性専用,6,5,1,2,0,0,2,0,0,0,0,0,0
1656,59056,cap_F9016,かぶりもの H,自分の顔を完全に隠せる、巨大なかぶりもの。おしとやかなイメージで売ってるキミも、これさえあれば大声で応援できるぞ！　女性専用,6,5,1,2,0,0,2,0,0,0,0,0,0
1657,59057,special_M9017,レインボー水着,ド派手な極彩色の水着。<br>熱い視線から冷たい視線まで、注目を集めることまちがいなし！,6,4,192,1,0,0,1,0,0,0,0,0,0
1658,59058,special_F9017,白スクール水着,純白のスクール水着。<br>清楚なイメージで、男の子たちの熱い視線を独り占め！,6,4,192,1,0,0,2,0,0,0,0,0,0
1659,59059,special_M9018,サイバースーツ,近未来SFのようなスタイルの衣装。いつかこれが普段着になる時代が来る？　男子生徒用,6,5,192,1,0,0,1,0,0,0,0,0,0
1660,59060,hand_M9018,サイバーグローブ,近未来SFのようなスタイルの衣装。いつかこれが普段着になる時代が来る？　男子生徒用,6,5,8,1,0,0,1,0,0,0,0,0,0
1661,59061,foot_M9018,サイバーブーツ,近未来SFのようなスタイルの衣装。いつかこれが普段着になる時代が来る？　男子生徒用,6,5,256,1,0,0,1,0,0,0,0,0,0
1662,59062,cap_M9018,サイバーヘッド,近未来SFのようなスタイルの衣装。いつかこれが普段着になる時代が来る？　男子生徒用,6,5,1,2,0,0,1,0,0,0,0,0,0
1663,59063,special_F9018,サイバースーツ,近未来SFのようなスタイルの衣装。いつかこれが普段着になる時代が来る？　女生徒用,6,5,192,1,0,0,2,0,0,0,0,0,0
1664,59064,hand_F9018,サイバーグローブ,近未来SFのようなスタイルの衣装。いつかこれが普段着になる時代が来る？　女生徒用,6,5,8,1,0,0,2,0,0,0,0,0,0
1665,59065,foot_F9018,サイバーブーツ,近未来SFのようなスタイルの衣装。いつかこれが普段着になる時代が来る？　女生徒用,6,5,256,1,0,0,2,0,0,0,0,0,0
1666,59066,cap_F9018,サイバーヘッド,近未来SFのようなスタイルの衣装。いつかこれが普段着になる時代が来る？　女生徒用,6,5,1,2,0,0,2,0,0,0,0,0,0
1667,59067,upper_M9022,男映画制服相議,"この世界には存在しない制服。""愛するから、大丈夫なの…""で出現した制服相議。",6,5,64,1,0,0,1,0,0,0,0,0,0
1668,59068,lower_M9022,男映画制服ボトム,"この世界には存在しない制服。""愛するから、大丈夫なの…""で出現した制服ボトム。",6,5,128,1,0,0,1,0,0,0,0,0,0
1669,59069,foot_M9022,男映画制服履き物,"この世界には存在しない制服。""愛するから、大丈夫なの…""で出現した制服履き物。",6,5,256,1,0,0,1,0,0,0,0,0,0
1670,59070,upper_F9022,女映画制服相議,"この世界には存在しない制服。""愛するから、大丈夫なの…""で出現した制服相議。",6,5,64,1,0,0,2,0,0,0,0,0,0
1671,59071,lower_F9022,女映画制服ボトム,"この世界には存在しない制服。""愛するから、大丈夫なの…""で出現した制服ボトム。",6,5,128,1,0,0,2,0,0,0,0,0,0
1672,59072,foot_F9022,女映画制服履き物,"この世界には存在しない制服。""愛するから、大丈夫なの…""で出現した制服履き物。",6,5,256,1,0,0,2,0,0,0,0,0,0
1673,59073,upper_M9019,アロハシャツ・オレンジ,オレンジ色の涼しげなアロハシャツ。男子生徒用,6,5,64,1,0,0,1,0,0,0,0,0,0
1674,59074,lower_M9019,クロップパンツ・ブルー,青い膝下丈のクロップパンツ。男子生徒用,6,5,128,1,0,0,1,0,0,0,0,0,0
1675,59075,foot_M9019,ビーチサンダル・ブラウン,茶色のベルトのビーチサンダル。男子生徒用,6,5,256,1,0,0,1,0,0,0,0,0,0
1676,59076,cap_M9019,サングラス・オレンジ,オレンジ色のレンズのサングラス。男子生徒用,6,5,1,2,0,0,1,0,0,0,0,0,0
1677,59077,upper_M9020,アロハシャツ・レッド,赤い涼しげなアロハシャツ。男子生徒用,6,5,64,1,0,0,1,0,0,0,0,0,0
1678,59078,lower_M9020,クロップパンツ・グリーン,緑色の膝下丈のクロップパンツ。男子生徒用,6,5,128,1,0,0,1,0,0,0,0,0,0
1679,59079,foot_M9020,ビーチサンダル・ブルー,青いベルトのビーチサンダル。男子生徒用,6,5,256,1,0,0,1,0,0,0,0,0,0
1680,59080,cap_M9020,サングラス・ブルー,青いレンズのサングラス。男子生徒用,6,5,1,2,0,0,1,0,0,0,0,0,0
1681,59081,upper_M9021,アロハシャツ・ブルー,青い涼しげなアロハシャツ。男子生徒用,6,5,64,1,0,0,1,0,0,0,0,0,0
1682,59082,lower_M9021,クロップパンツ・グレイ,灰色の膝下丈のクロップパンツ。男子生徒用,6,5,128,1,0,0,1,0,0,0,0,0,0
1683,59083,foot_M9021,ビーチサンダル・レッドブラウン,赤褐色のベルトのビーチサンダル。男子生徒用,6,5,256,1,0,0,1,0,0,0,0,0,0
1684,59084,cap_M9021,サングラス・レッド,赤いレンズのサングラス。男子生徒用,6,5,1,2,0,0,1,0,0,0,0,0,0
1685,59085,upper_F9019,ブラウス・オレンジ,オレンジ色の袖なしブラウス。女生徒用,6,5,64,1,0,0,2,0,0,0,0,0,0
1686,59086,lower_F9019,パレオ・ブルー,青いパレオ。女生徒用,6,5,128,1,0,0,2,0,0,0,0,0,0
1687,59087,foot_F9019,サンダル・ブルー,青いサンダル。女生徒用,6,5,256,1,0,0,2,0,0,0,0,0,0
1688,59088,cap_F9019,麦藁帽・イエロー,黄色の麦藁帽。女生徒用,6,5,1,2,0,0,2,0,0,0,0,0,0
1689,59089,upper_F9020,ブラウス・レッド,赤い袖なしブラウス。女生徒用,6,5,64,1,0,0,2,0,0,0,0,0,0
1690,59090,lower_F9020,パレオ・レッド,赤いパレオ。女生徒用,6,5,128,1,0,0,2,0,0,0,0,0,0
1691,59091,foot_F9020,サンダル・ピンク,ピンクのサンダル。女生徒用,6,5,256,1,0,0,2,0,0,0,0,0,0
1692,59092,cap_F9020,麦藁帽・ピンク,ピンクの麦藁帽。女生徒用,6,5,1,2,0,0,2,0,0,0,0,0,0
1693,59093,upper_F9021,ブラウス・ブルー,青い袖なしブラウス。女生徒用,6,5,64,1,0,0,2,0,0,0,0,0,0
1694,59094,lower_F9021,パレオ・ホワイト,真っ白なパレオ。女生徒用,6,5,128,1,0,0,2,0,0,0,0,0,0
1695,59095,foot_F9021,サンダル・アクア,水色のサンダル。女生徒用,6,5,256,1,0,0,2,0,0,0,0,0,0
1696,59096,cap_F9021,麦藁帽・パステルピンク,薄いピンクの麦藁帽。女生徒用,6,5,1,2,0,0,2,0,0,0,0,0,0
1697,59097,upper_M9027,スクールジャケット・パープル,紫色のジャケット。商店街連合が試作した、新しいデザインの制服の一部。生徒の評判がよければ、正式採用されるかもしれない。<br>(交換不可),6,5,64,1,0,0,1,0,0,0,0,0,0
1698,59098,lower_M9027,スクールズボン・パープル,紫色のズボン。商店街連合が試作した、新しいデザインの制服の一部。生徒の評判がよければ、正式採用されるかもしれない。<br>(交換不可),6,5,128,1,0,0,1,0,0,0,0,0,0
1699,59099,foot_M9027,スクールシューズ・ホワイト,白いシューズ。商店街連合が試作した、新しいデザインの制服の一部。生徒の評判がよければ、正式採用されるかもしれない。<br>(交換不可),6,5,256,1,0,0,1,0,0,0,0,0,0
1700,59100,cap_M9027,スクールハット・？？？,？？？色の帽子。商店街連合が試作した、新しいデザインの制服の一部。生徒の評判がよければ、正式採用されるかもしれない。<br>(交換不可),6,5,1,2,0,0,1,0,0,0,0,0,0
1701,59101,upper_F9027,スクールジャケット・パープル,紫色のジャケット。商店街連合が試作した、新しいデザインの制服の一部。生徒の評判がよければ、正式採用されるかもしれない。<br>(交換不可),6,5,64,1,0,0,2,0,0,0,0,0,0
1702,59102,lower_F9027,スクールスカート・オレンジ,オレンジ色のスカート。商店街連合が試作した、新しいデザインの制服の一部。生徒の評判がよければ、正式採用されるかもしれない。<br>(交換不可),6,5,128,1,0,0,2,0,0,0,0,0,0
1703,59103,foot_F9027,スクールシューズ・パープル,紫色のシューズ。商店街連合が試作した、新しいデザインの制服の一部。生徒の評判がよければ、正式採用されるかもしれない。<br>(交換不可),6,5,256,1,0,0,2,0,0,0,0,0,0
1704,59104,cap_F9027,スクールハット・パープル,紫色の帽子。商店街連合が試作した、新しいデザインの制服の一部。生徒の評判がよければ、正式採用されるかもしれない。<br>(交換不可),6,5,1,2,0,0,2,0,0,0,0,0,0
1705,59105,upper_M9028,スクールジャケット・ピンク,ピンクのジャケット。商店街連合が試作した、新しいデザインの制服の一部。生徒の評判がよければ、正式採用されるかもしれない。<br>(交換不可),6,5,64,1,0,0,1,0,0,0,0,0,0
1706,59106,lower_M9028,スクールズボン・オレンジ,オレンジ色のズボン。商店街連合が試作した、新しいデザインの制服の一部。生徒の評判がよければ、正式採用されるかもしれない。<br>(交換不可),6,5,128,1,0,0,1,0,0,0,0,0,0
1707,59107,foot_M9028,スクールシューズ・オレンジ,オレンジ色のシューズ。商店街連合が試作した、新しいデザインの制服の一部。生徒の評判がよければ、正式採用されるかもしれない。<br>(交換不可),6,5,256,1,0,0,1,0,0,0,0,0,0
1708,59108,cap_M9028,スクールハット・？？？,？？？色の帽子。商店街連合が試作した、新しいデザインの制服の一部。生徒の評判がよければ、正式採用されるかもしれない。<br>(交換不可),6,5,1,2,0,0,1,0,0,0,0,0,0
1709,59109,upper_F9028,スクールジャケット・ピンク,ピンクのジャケット。商店街連合が試作した、新しいデザインの制服の一部。生徒の評判がよければ、正式採用されるかもしれない。<br>(交換不可),6,5,64,1,0,0,2,0,0,0,0,0,0
1710,59110,lower_F9028,スクールスカート・パープル,紫色のスカート。商店街連合が試作した、新しいデザインの制服の一部。生徒の評判がよければ、正式採用されるかもしれない。<br>(交換不可),6,5,128,1,0,0,2,0,0,0,0,0,0
1711,59111,foot_F9028,スクールシューズ・ピンク,ピンクのシューズ。商店街連合が試作した、新しいデザインの制服の一部。生徒の評判がよければ、正式採用されるかもしれない。<br>(交換不可),6,5,256,1,0,0,2,0,0,0,0,0,0
1712,59112,cap_F9028,スクールハット・ピンク,ピンクの帽子。商店街連合が試作した、新しいデザインの制服の一部。生徒の評判がよければ、正式採用されるかもしれない。<br>(交換不可),6,5,1,2,0,0,2,0,0,0,0,0,0
