item_id,code,name,desc,extra,i0,i1,i2,i3
101100,rs_G1100,翡翠・刀源石 1-C,ほのかに輝く翡翠のかけら。ブレードに装着する。1年生用。<br>(パワーゲージ最大値 +1),ブレードを強化,7,0,5,0
101101,rs_G1100,翡翠・刀源石 1-B,キラキラ輝く翡翠のかけら。ブレードに装着する。1年生用。<br>(パワーゲージ最大値 +1),ブレードを強化,7,0,5,0
101102,rs_G1100,翡翠・刀源石 1-A,力強く輝く翡翠のかけら。ブレードに装着する。1年生用。<br>(パワーゲージ最大値 +1),ブレードを強化,7,0,5,0
101110,rs_G1101,翡翠・刀源石 2-C,ほのかに輝く翡翠。ブレードに装着する。1年生用。<br>(パワーゲージ最大値 +1),ブレードを強化,7,0,5,0
101111,rs_G1101,翡翠・刀源石 2-B,キラキラ輝く翡翠。ブレードに装着する。1年生用。<br>(パワーゲージ最大値 +1),ブレードを強化,7,0,5,0
101112,rs_G1101,翡翠・刀源石 2-A,力強く輝く翡翠。ブレードに装着する。1年生用。<br>(パワーゲージ最大値 +1),ブレードを強化,7,0,5,0
101200,rs_G2100,緑柱・刀源石 1-C,ほのかに輝くエメラルドのかけら。ブレードに装着する。2年生用。<br>(パワーゲージ最大値 +1),ブレードを強化,8,0,5,0
101201,rs_G2100,緑柱・刀源石 1-B,キラキラ輝くエメラルドのかけら。ブレードに装着する。2年生用。<br>(パワーゲージ最大値 +1),ブレードを強化,8,0,5,0
101202,rs_G2100,緑柱・刀源石 1-A,力強く輝くエメラルドのかけら。ブレードに装着する。2年生用。<br>(パワーゲージ最大値 +1),ブレードを強化,8,0,5,0
101210,rs_G2101,緑柱・刀源石 2-C,ほのかに輝くエメラルド。ブレードに装着する。2年生用。<br>(パワーゲージ最大値 +1),ブレードを強化,8,0,5,0
101211,rs_G2101,緑柱・刀源石 2-B,キラキラ輝くエメラルド。ブレードに装着する。2年生用。<br>(パワーゲージ最大値 +1),ブレードを強化,8,0,5,0
101212,rs_G2101,緑柱・刀源石 2-A,力強く輝くエメラルド。ブレードに装着する。2年生用。<br>(パワーゲージ最大値 +1),ブレードを強化,8,0,5,0
101220,rs_G2102,緑柱・刀源石 3-C,ほのかに輝く大きなエメラルド。ブレードに装着する。2年生用。<br>(パワーゲージ最大値 +1),ブレードを強化,8,0,5,0
101221,rs_G2102,緑柱・刀源石 3-B,キラキラ輝く大きなエメラルド。ブレードに装着する。2年生用。<br>(パワーゲージ最大値 +1),ブレードを強化,8,0,5,0
101222,rs_G2102,緑柱・刀源石 3-A,力強く輝く大きなエメラルド。ブレードに装着する。2年生用。<br>(パワーゲージ最大値 +1),ブレードを強化,8,0,5,0
101300,rs_G3100,珊瑚・刀源石 1-C,ほのかに輝く自然の珊瑚。ブレードに装着する。3年生用。<br>(パワーゲージ最大値 +1),ブレードを強化,9,0,5,0
101301,rs_G3100,珊瑚・刀源石 1-B,キラキラ輝く自然の珊瑚。ブレードに装着する。3年生用。<br>(パワーゲージ最大値 +1),ブレードを強化,9,0,5,0
101302,rs_G3100,珊瑚・刀源石 1-A,力強く輝く自然の珊瑚。ブレードに装着する。3年生用。<br>(パワーゲージ最大値 +1),ブレードを強化,9,0,5,0
101310,rs_G3101,珊瑚・刀源石 2-C,ほのかに輝く磨かれた珊瑚。ブレードに装着する。3年生用。<br>(パワーゲージ最大値 +1),ブレードを強化,9,0,5,0
101311,rs_G3101,珊瑚・刀源石 2-B,キラキラ輝く磨かれた珊瑚。ブレードに装着する。3年生用。<br>(パワーゲージ最大値 +1),ブレードを強化,9,0,5,0
101312,rs_G3101,珊瑚・刀源石 2-A,力強く輝く磨かれた珊瑚。ブレードに装着する。3年生用。<br>(パワーゲージ最大値 +1),ブレードを強化,9,0,5,0
101320,rs_G3102,珊瑚・刀源石 3-C,ほのかに輝く大きな珊瑚。ブレードに装着する。3年生用。<br>(パワーゲージ最大値 +1),ブレードを強化,9,0,5,0
101321,rs_G3102,珊瑚・刀源石 3-B,キラキラ輝く大きな珊瑚。ブレードに装着する。3年生用。<br>(パワーゲージ最大値 +1),ブレードを強化,9,0,5,0
101322,rs_G3102,珊瑚・刀源石 3-A,力強く輝く大きな珊瑚。ブレードに装着する。3年生用。<br>(パワーゲージ最大値 +1),ブレードを強化,9,0,5,0
101400,rs_G4100,黄玉・刀源石 1-C,ほのかに輝くトパーズのかけら。ブレードに装着する。4年生用。<br>(パワーゲージ最大値 +1),ブレードを強化,10,0,5,0
101401,rs_G4100,黄玉・刀源石 1-B,キラキラ輝くトパーズのかけら。ブレードに装着する。4年生用。<br>(パワーゲージ最大値 +1),ブレードを強化,10,0,5,0
101402,rs_G4100,黄玉・刀源石 1-A,力強く輝くトパーズのかけら。ブレードに装着する。4年生用。<br>(パワーゲージ最大値 +1),ブレードを強化,10,0,5,0
101410,rs_G4101,黄玉・刀源石 2-C,ほのかに輝く小さなトパーズ。ブレードに装着する。4年生用。<br>(パワーゲージ最大値 +1),ブレードを強化,10,0,5,0
101411,rs_G4101,黄玉・刀源石 2-B,キラキラ輝く小さなトパーズ。ブレードに装着する。4年生用。<br>(パワーゲージ最大値 +1),ブレードを強化,10,0,5,0
101412,rs_G4101,黄玉・刀源石 2-A,力強く輝く小さなトパーズ。ブレードに装着する。4年生用。<br>(パワーゲージ最大値 +1),ブレードを強化,10,0,5,0
101420,rs_G4102,黄玉・刀源石 3-C,ほのかに輝くトパーズ。ブレードに装着する。4年生用。<br>(パワーゲージ最大値 +1),ブレードを強化,10,0,5,0
101421,rs_G4102,黄玉・刀源石 3-B,キラキラ輝くトパーズ。ブレードに装着する。4年生用。<br>(パワーゲージ最大値 +1),ブレードを強化,10,0,5,0
101422,rs_G4102,黄玉・刀源石 3-A,力強く輝くトパーズ。ブレードに装着する。4年生用。<br>(パワーゲージ最大値 +1),ブレードを強化,10,0,5,0
101430,rs_G4103,黄玉・刀源石 4-C,ほのかに輝く大きなトパーズ。ブレードに装着する。4年生用。<br>(パワーゲージ最大値 +1),ブレードを強化,10,0,5,0
101431,rs_G4103,黄玉・刀源石 4-B,キラキラ輝く大きなトパーズ。ブレードに装着する。4年生用。<br>(パワーゲージ最大値 +1),ブレードを強化,10,0,5,0
101432,rs_G4103,黄玉・刀源石 4-A,力強く輝く大きなトパーズ。ブレードに装着する。4年生用。<br>(パワーゲージ最大値 +1),ブレードを強化,10,0,5,0
101500,rs_G5100,紫玉・刀源石 1-C,ほのかに輝くアメシストのかけら。ブレードに装着する。5年生用。<br>(パワーゲージ最大値 +1),ブレードを強化,11,0,5,0
101501,rs_G5100,紫玉・刀源石 1-B,キラキラ輝くアメシストのかけら。ブレードに装着する。5年生用。<br>(パワーゲージ最大値 +1),ブレードを強化,11,0,5,0
101502,rs_G5100,紫玉・刀源石 1-A,力強く輝くアメシストのかけら。ブレードに装着する。5年生用。<br>(パワーゲージ最大値 +1),ブレードを強化,11,0,5,0
101510,rs_G5101,紫玉・刀源石 2-C,ほのかに輝くアメシスト。ブレードに装着する。5年生用。<br>(パワーゲージ最大値 +1),ブレードを強化,11,0,5,0
101511,rs_G5101,紫玉・刀源石 2-B,キラキラ輝くアメシスト。ブレードに装着する。5年生用。<br>(パワーゲージ最大値 +1),ブレードを強化,11,0,5,0
101512,rs_G5101,紫玉・刀源石 2-A,力強く輝くアメシスト。ブレードに装着する。5年生用。<br>(パワーゲージ最大値 +1),ブレードを強化,11,0,5,0
101520,rs_G5102,紫玉・刀源石 3-C,ほのかに輝く大きなアメシスト。ブレードに装着する。5年生用。<br>(パワーゲージ最大値 +1),ブレードを強化,11,0,5,0
101521,rs_G5102,紫玉・刀源石 3-B,キラキラ輝く大きなアメシスト。ブレードに装着する。5年生用。<br>(パワーゲージ最大値 +1),ブレードを強化,11,0,5,0
101522,rs_G5102,紫玉・刀源石 3-A,力強く輝く大きなアメシスト。ブレードに装着する。5年生用。<br>(パワーゲージ最大値 +1),ブレードを強化,11,0,5,0
101530,rs_G5103,紅玉・刀源石 1-C,ほのかに輝くルビー。ブレードに装着する。5年生用。<br>(パワーゲージ最大値 +1),ブレードを強化,11,0,5,0
101531,rs_G5103,紅玉・刀源石 1-B,キラキラ輝くルビー。ブレードに装着する。5年生用。<br>(パワーゲージ最大値 +1),ブレードを強化,11,0,5,0
101532,rs_G5103,紅玉・刀源石 1-A,力強く輝くルビー。ブレードに装着する。5年生用。<br>(パワーゲージ最大値 +1),ブレードを強化,11,0,5,0
101540,rs_G5104,紅玉・刀源石 2-C,ほのかに輝く大きなルビー。ブレードに装着する。5年生用。<br>(パワーゲージ最大値 +1),ブレードを強化,11,0,5,0
101541,rs_G5104,紅玉・刀源石 2-B,キラキラ輝く大きなルビー。ブレードに装着する。5年生用。<br>(パワーゲージ最大値 +1),ブレードを強化,11,0,5,0
101542,rs_G5104,紅玉・刀源石 2-A,力強く輝く大きなルビー。ブレードに装着する。5年生用。<br>(パワーゲージ最大値 +1),ブレードを強化,11,0,5,0
102100,rs_G1100,翡翠・拳源石 1-C,ほのかに輝く翡翠のかけら。グローブに装着する。1年生用。<br>(パワーゲージ最大値 +1),グローブを強化,7,0,5,0
102101,rs_G1100,翡翠・拳源石 1-B,キラキラ輝く翡翠のかけら。グローブに装着する。1年生用。<br>(パワーゲージ最大値 +1),グローブを強化,7,0,5,0
102102,rs_G1100,翡翠・拳源石 1-A,力強く輝く翡翠のかけら。グローブに装着する。1年生用。<br>(パワーゲージ最大値 +1),グローブを強化,7,0,5,0
102110,rs_G1101,翡翠・拳源石 2-C,ほのかに輝く翡翠。グローブに装着する。1年生用。<br>(パワーゲージ最大値 +1),グローブを強化,7,0,5,0
102111,rs_G1101,翡翠・拳源石 2-B,キラキラ輝く翡翠。グローブに装着する。1年生用。<br>(パワーゲージ最大値 +1),グローブを強化,7,0,5,0
102112,rs_G1101,翡翠・拳源石 2-A,力強く輝く翡翠。グローブに装着する。1年生用。<br>(パワーゲージ最大値 +1),グローブを強化,7,0,5,0
102200,rs_G2100,緑柱・拳源石 1-C,ほのかに輝くエメラルドのかけら。グローブに装着する。2年生用。<br>(パワーゲージ最大値 +1),グローブを強化,8,0,5,0
102201,rs_G2100,緑柱・拳源石 1-B,キラキラ輝くエメラルドのかけら。グローブに装着する。2年生用。<br>(パワーゲージ最大値 +1),グローブを強化,8,0,5,0
102202,rs_G2100,緑柱・拳源石 1-A,力強く輝くエメラルドのかけら。グローブに装着する。2年生用。<br>(パワーゲージ最大値 +1),グローブを強化,8,0,5,0
102210,rs_G2101,緑柱・拳源石 2-C,ほのかに輝くエメラルド。グローブに装着する。2年生用。<br>(パワーゲージ最大値 +1),グローブを強化,8,0,5,0
102211,rs_G2101,緑柱・拳源石 2-B,キラキラ輝くエメラルド。グローブに装着する。2年生用。<br>(パワーゲージ最大値 +1),グローブを強化,8,0,5,0
102212,rs_G2101,緑柱・拳源石 2-A,力強く輝くエメラルド。グローブに装着する。2年生用。<br>(パワーゲージ最大値 +1),グローブを強化,8,0,5,0
102220,rs_G2102,緑柱・拳源石 3-C,ほのかに輝く大きなエメラルド。グローブに装着する。2年生用。<br>(パワーゲージ最大値 +1),グローブを強化,8,0,5,0
102221,rs_G2102,緑柱・拳源石 3-B,キラキラ輝く大きなエメラルド。グローブに装着する。2年生用。<br>(パワーゲージ最大値 +1),グローブを強化,8,0,5,0
102222,rs_G2102,緑柱・拳源石 3-A,力強く輝く大きなエメラルド。グローブに装着する。2年生用。<br>(パワーゲージ最大値 +1),グローブを強化,8,0,5,0
102300,rs_G3100,珊瑚・拳源石 1-C,ほのかに輝く自然の珊瑚。グローブに装着する。3年生用。<br>(パワーゲージ最大値 +1),グローブを強化,9,0,5,0
102301,rs_G3100,珊瑚・拳源石 1-B,キラキラ輝く自然の珊瑚。グローブに装着する。3年生用。<br>(パワーゲージ最大値 +1),グローブを強化,9,0,5,0
102302,rs_G3100,珊瑚・拳源石 1-A,力強く輝く自然の珊瑚。グローブに装着する。3年生用。<br>(パワーゲージ最大値 +1),グローブを強化,9,0,5,0
102310,rs_G3101,珊瑚・拳源石 2-C,ほのかに輝く磨かれた珊瑚。グローブに装着する。3年生用。<br>(パワーゲージ最大値 +1),グローブを強化,9,0,5,0
102311,rs_G3101,珊瑚・拳源石 2-B,キラキラ輝く磨かれた珊瑚。グローブに装着する。3年生用。<br>(パワーゲージ最大値 +1),グローブを強化,9,0,5,0
102312,rs_G3101,珊瑚・拳源石 2-A,力強く輝く磨かれた珊瑚。グローブに装着する。3年生用。<br>(パワーゲージ最大値 +1),グローブを強化,9,0,5,0
102320,rs_G3102,珊瑚・拳源石 3-C,ほのかに輝く大きな珊瑚。グローブに装着する。3年生用。<br>(パワーゲージ最大値 +1),グローブを強化,9,0,5,0
102321,rs_G3102,珊瑚・拳源石 3-B,キラキラ輝く大きな珊瑚。グローブに装着する。3年生用。<br>(パワーゲージ最大値 +1),グローブを強化,9,0,5,0
102322,rs_G3102,珊瑚・拳源石 3-A,力強く輝く大きな珊瑚。グローブに装着する。3年生用。<br>(パワーゲージ最大値 +1),グローブを強化,9,0,5,0
102400,rs_G4100,黄玉・拳源石 1-C,ほのかに輝くトパーズのかけら。グローブに装着する。4年生用。<br>(パワーゲージ最大値 +1),グローブを強化,10,0,5,0
102401,rs_G4100,黄玉・拳源石 1-B,キラキラ輝くトパーズのかけら。グローブに装着する。4年生用。<br>(パワーゲージ最大値 +1),グローブを強化,10,0,5,0
102402,rs_G4100,黄玉・拳源石 1-A,力強く輝くトパーズのかけら。グローブに装着する。4年生用。<br>(パワーゲージ最大値 +1),グローブを強化,10,0,5,0
102410,rs_G4101,黄玉・拳源石 2-C,ほのかに輝く小さなトパーズ。グローブに装着する。4年生用。<br>(パワーゲージ最大値 +1),グローブを強化,10,0,5,0
102411,rs_G4101,黄玉・拳源石 2-B,キラキラ輝く小さなトパーズ。グローブに装着する。4年生用。<br>(パワーゲージ最大値 +1),グローブを強化,10,0,5,0
102412,rs_G4101,黄玉・拳源石 2-A,力強く輝く小さなトパーズ。グローブに装着する。4年生用。<br>(パワーゲージ最大値 +1),グローブを強化,10,0,5,0
102420,rs_G4102,黄玉・拳源石 3-C,ほのかに輝くトパーズ。グローブに装着する。4年生用。<br>(パワーゲージ最大値 +1),グローブを強化,10,0,5,0
102421,rs_G4102,黄玉・拳源石 3-B,キラキラ輝くトパーズ。グローブに装着する。4年生用。<br>(パワーゲージ最大値 +1),グローブを強化,10,0,5,0
102422,rs_G4102,黄玉・拳源石 3-A,力強く輝くトパーズ。グローブに装着する。4年生用。<br>(パワーゲージ最大値 +1),グローブを強化,10,0,5,0
102430,rs_G4103,黄玉・拳源石 4-C,ほのかに輝く大きなトパーズ。グローブに装着する。4年生用。<br>(パワーゲージ最大値 +1),グローブを強化,10,0,5,0
102431,rs_G4103,黄玉・拳源石 4-B,キラキラ輝く大きなトパーズ。グローブに装着する。4年生用。<br>(パワーゲージ最大値 +1),グローブを強化,10,0,5,0
102432,rs_G4103,黄玉・拳源石 4-A,力強く輝く大きなトパーズ。グローブに装着する。4年生用。<br>(パワーゲージ最大値 +1),グローブを強化,10,0,5,0
102500,rs_G5100,紫玉・拳源石 1-C,ほのかに輝くアメシストのかけら。グローブに装着する。5年生用。<br>(パワーゲージ最大値 +1),グローブを強化,11,0,5,0
102501,rs_G5100,紫玉・拳源石 1-B,キラキラ輝くアメシストのかけら。グローブに装着する。5年生用。<br>(パワーゲージ最大値 +1),グローブを強化,11,0,5,0
102502,rs_G5100,紫玉・拳源石 1-A,力強く輝くアメシストのかけら。グローブに装着する。5年生用。<br>(パワーゲージ最大値 +1),グローブを強化,11,0,5,0
102510,rs_G5101,紫玉・拳源石 2-C,ほのかに輝くアメシスト。グローブに装着する。5年生用。<br>(パワーゲージ最大値 +1),グローブを強化,11,0,5,0
102511,rs_G5101,紫玉・拳源石 2-B,キラキラ輝くアメシスト。グローブに装着する。5年生用。<br>(パワーゲージ最大値 +1),グローブを強化,11,0,5,0
102512,rs_G5101,紫玉・拳源石 2-A,力強く輝くアメシスト。グローブに装着する。5年生用。<br>(パワーゲージ最大値 +1),グローブを強化,11,0,5,0
102520,rs_G5102,紫玉・拳源石 3-C,ほのかに輝く大きなアメシスト。グローブに装着する。5年生用。<br>(パワーゲージ最大値 +1),グローブを強化,11,0,5,0
102521,rs_G5102,紫玉・拳源石 3-B,キラキラ輝く大きなアメシスト。グローブに装着する。5年生用。<br>(パワーゲージ最大値 +1),グローブを強化,11,0,5,0
102522,rs_G5102,紫玉・拳源石 3-A,力強く輝く大きなアメシスト。グローブに装着する。5年生用。<br>(パワーゲージ最大値 +1),グローブを強化,11,0,5,0
102530,rs_G5103,紅玉・拳源石 1-C,ほのかに輝くルビー。グローブに装着する。5年生用。<br>(パワーゲージ最大値 +1),グローブを強化,11,0,5,0
102531,rs_G5103,紅玉・拳源石 1-B,キラキラ輝くルビー。グローブに装着する。5年生用。<br>(パワーゲージ最大値 +1),グローブを強化,11,0,5,0
102532,rs_G5103,紅玉・拳源石 1-A,力強く輝くルビー。グローブに装着する。5年生用。<br>(パワーゲージ最大値 +1),グローブを強化,11,0,5,0
102540,rs_G5104,紅玉・拳源石 2-C,ほのかに輝く大きなルビー。グローブに装着する。5年生用。<br>(パワーゲージ最大値 +1),グローブを強化,11,0,5,0
102541,rs_G5104,紅玉・拳源石 2-B,キラキラ輝く大きなルビー。グローブに装着する。5年生用。<br>(パワーゲージ最大値 +1),グローブを強化,11,0,5,0
102542,rs_G5104,紅玉・拳源石 2-A,力強く輝く大きなルビー。グローブに装着する。5年生用。<br>(パワーゲージ最大値 +1),グローブを強化,11,0,5,0
103100,rs_G1100,翡翠・音源石 1-C,ほのかに輝く翡翠のかけら。ミューラに装着する。1年生用。<br>(パワーゲージ最大値 +1),ミューラを強化,7,0,5,0
103101,rs_G1100,翡翠・音源石 1-B,キラキラ輝く翡翠のかけら。ミューラに装着する。1年生用。<br>(パワーゲージ最大値 +1),ミューラを強化,7,0,5,0
103102,rs_G1100,翡翠・音源石 1-A,力強く輝く翡翠のかけら。ミューラに装着する。1年生用。<br>(パワーゲージ最大値 +1),ミューラを強化,7,0,5,0
103110,rs_G1101,翡翠・音源石 2-C,ほのかに輝く翡翠。ミューラに装着する。1年生用。<br>(パワーゲージ最大値 +1),ミューラを強化,7,0,5,0
103111,rs_G1101,翡翠・音源石 2-B,キラキラ輝く翡翠。ミューラに装着する。1年生用。<br>(パワーゲージ最大値 +1),ミューラを強化,7,0,5,0
103112,rs_G1101,翡翠・音源石 2-A,力強く輝く翡翠。ミューラに装着する。1年生用。<br>(パワーゲージ最大値 +1),ミューラを強化,7,0,5,0
103200,rs_G2100,緑柱・音源石 1-C,ほのかに輝くエメラルドのかけら。ミューラに装着する。2年生用。<br>(パワーゲージ最大値 +1),ミューラを強化,8,0,5,0
103201,rs_G2100,緑柱・音源石 1-B,キラキラ輝くエメラルドのかけら。ミューラに装着する。2年生用。<br>(パワーゲージ最大値 +1),ミューラを強化,8,0,5,0
103202,rs_G2100,緑柱・音源石 1-A,力強く輝くエメラルドのかけら。ミューラに装着する。2年生用。<br>(パワーゲージ最大値 +1),ミューラを強化,8,0,5,0
103210,rs_G2101,緑柱・音源石 2-C,ほのかに輝くエメラルド。ミューラに装着する。2年生用。<br>(パワーゲージ最大値 +1),ミューラを強化,8,0,5,0
103211,rs_G2101,緑柱・音源石 2-B,キラキラ輝くエメラルド。ミューラに装着する。2年生用。<br>(パワーゲージ最大値 +1),ミューラを強化,8,0,5,0
103212,rs_G2101,緑柱・音源石 2-A,力強く輝くエメラルド。ミューラに装着する。2年生用。<br>(パワーゲージ最大値 +1),ミューラを強化,8,0,5,0
103220,rs_G2102,緑柱・音源石 3-C,ほのかに輝く大きなエメラルド。ミューラに装着する。2年生用。<br>(パワーゲージ最大値 +1),ミューラを強化,8,0,5,0
103221,rs_G2102,緑柱・音源石 3-B,キラキラ輝く大きなエメラルド。ミューラに装着する。2年生用。<br>(パワーゲージ最大値 +1),ミューラを強化,8,0,5,0
103222,rs_G2102,緑柱・音源石 3-A,力強く輝く大きなエメラルド。ミューラに装着する。2年生用。<br>(パワーゲージ最大値 +1),ミューラを強化,8,0,5,0
103300,rs_G3100,珊瑚・音源石 1-C,ほのかに輝く自然の珊瑚。ミューラに装着する。3年生用。<br>(パワーゲージ最大値 +1),ミューラを強化,9,0,5,0
103301,rs_G3100,珊瑚・音源石 1-B,キラキラ輝く自然の珊瑚。ミューラに装着する。3年生用。<br>(パワーゲージ最大値 +1),ミューラを強化,9,0,5,0
103302,rs_G3100,珊瑚・音源石 1-A,力強く輝く自然の珊瑚。ミューラに装着する。3年生用。<br>(パワーゲージ最大値 +1),ミューラを強化,9,0,5,0
103310,rs_G3101,珊瑚・音源石 2-C,ほのかに輝く磨かれた珊瑚。ミューラに装着する。3年生用。<br>(パワーゲージ最大値 +1),ミューラを強化,9,0,5,0
103311,rs_G3101,珊瑚・音源石 2-B,キラキラ輝く磨かれた珊瑚。ミューラに装着する。3年生用。<br>(パワーゲージ最大値 +1),ミューラを強化,9,0,5,0
103312,rs_G3101,珊瑚・音源石 2-A,力強く輝く磨かれた珊瑚。ミューラに装着する。3年生用。<br>(パワーゲージ最大値 +1),ミューラを強化,9,0,5,0
103320,rs_G3102,珊瑚・音源石 3-C,ほのかに輝く大きな珊瑚。ミューラに装着する。3年生用。<br>(パワーゲージ最大値 +1),ミューラを強化,9,0,5,0
103321,rs_G3102,珊瑚・音源石 3-B,キラキラ輝く大きな珊瑚。ミューラに装着する。3年生用。<br>(パワーゲージ最大値 +1),ミューラを強化,9,0,5,0
103322,rs_G3102,珊瑚・音源石 3-A,力強く輝く大きな珊瑚。ミューラに装着する。3年生用。<br>(パワーゲージ最大値 +1),ミューラを強化,9,0,5,0
103400,rs_G4100,黄玉・音源石 1-C,ほのかに輝くトパーズのかけら。ミューラに装着する。4年生用。<br>(パワーゲージ最大値 +1),ミューラを強化,10,0,5,0
103401,rs_G4100,黄玉・音源石 1-B,キラキラ輝くトパーズのかけら。ミューラに装着する。4年生用。<br>(パワーゲージ最大値 +1),ミューラを強化,10,0,5,0
103402,rs_G4100,黄玉・音源石 1-A,力強く輝くトパーズのかけら。ミューラに装着する。4年生用。<br>(パワーゲージ最大値 +1),ミューラを強化,10,0,5,0
103410,rs_G4101,黄玉・音源石 2-C,ほのかに輝く小さなトパーズ。ミューラに装着する。4年生用。<br>(パワーゲージ最大値 +1),ミューラを強化,10,0,5,0
103411,rs_G4101,黄玉・音源石 2-B,キラキラ輝く小さなトパーズ。ミューラに装着する。4年生用。<br>(パワーゲージ最大値 +1),ミューラを強化,10,0,5,0
103412,rs_G4101,黄玉・音源石 2-A,力強く輝く小さなトパーズ。ミューラに装着する。4年生用。<br>(パワーゲージ最大値 +1),ミューラを強化,10,0,5,0
103420,rs_G4102,黄玉・音源石 3-C,ほのかに輝くトパーズ。ミューラに装着する。4年生用。<br>(パワーゲージ最大値 +1),ミューラを強化,10,0,5,0
103421,rs_G4102,黄玉・音源石 3-B,キラキラ輝くトパーズ。ミューラに装着する。4年生用。<br>(パワーゲージ最大値 +1),ミューラを強化,10,0,5,0
103422,rs_G4102,黄玉・音源石 3-A,力強く輝くトパーズ。ミューラに装着する。4年生用。<br>(パワーゲージ最大値 +1),ミューラを強化,10,0,5,0
103430,rs_G4103,黄玉・音源石 4-C,ほのかに輝く大きなトパーズ。ミューラに装着する。4年生用。<br>(パワーゲージ最大値 +1),ミューラを強化,10,0,5,0
103431,rs_G4103,黄玉・音源石 4-B,キラキラ輝く大きなトパーズ。ミューラに装着する。4年生用。<br>(パワーゲージ最大値 +1),ミューラを強化,10,0,5,0
103432,rs_G4103,黄玉・音源石 4-A,力強く輝く大きなトパーズ。ミューラに装着する。4年生用。<br>(パワーゲージ最大値 +1),ミューラを強化,10,0,5,0
103500,rs_G5100,紫玉・音源石 1-C,ほのかに輝くアメシストのかけら。ミューラに装着する。5年生用。<br>(パワーゲージ最大値 +1),ミューラを強化,11,0,5,0
103501,rs_G5100,紫玉・音源石 1-B,キラキラ輝くアメシストのかけら。ミューラに装着する。5年生用。<br>(パワーゲージ最大値 +1),ミューラを強化,11,0,5,0
103502,rs_G5100,紫玉・音源石 1-A,力強く輝くアメシストのかけら。ミューラに装着する。5年生用。<br>(パワーゲージ最大値 +1),ミューラを強化,11,0,5,0
103510,rs_G5101,紫玉・音源石 2-C,ほのかに輝くアメシスト。ミューラに装着する。5年生用。<br>(パワーゲージ最大値 +1),ミューラを強化,11,0,5,0
103511,rs_G5101,紫玉・音源石 2-B,キラキラ輝くアメシスト。ミューラに装着する。5年生用。<br>(パワーゲージ最大値 +1),ミューラを強化,11,0,5,0
103512,rs_G5101,紫玉・音源石 2-A,力強く輝くアメシスト。ミューラに装着する。5年生用。<br>(パワーゲージ最大値 +1),ミューラを強化,11,0,5,0
103520,rs_G5102,紫玉・音源石 3-C,ほのかに輝く大きなアメシスト。ミューラに装着する。5年生用。<br>(パワーゲージ最大値 +1),ミューラを強化,11,0,5,0
103521,rs_G5102,紫玉・音源石 3-B,キラキラ輝く大きなアメシスト。ミューラに装着する。5年生用。<br>(パワーゲージ最大値 +1),ミューラを強化,11,0,5,0
103522,rs_G5102,紫玉・音源石 3-A,力強く輝く大きなアメシスト。ミューラに装着する。5年生用。<br>(パワーゲージ最大値 +1),ミューラを強化,11,0,5,0
103530,rs_G5103,紅玉・音源石 1-C,ほのかに輝くルビー。ミューラに装着する。5年生用。<br>(パワーゲージ最大値 +1),ミューラを強化,11,0,5,0
103531,rs_G5103,紅玉・音源石 1-B,キラキラ輝くルビー。ミューラに装着する。5年生用。<br>(パワーゲージ最大値 +1),ミューラを強化,11,0,5,0
103532,rs_G5103,紅玉・音源石 1-A,力強く輝くルビー。ミューラに装着する。5年生用。<br>(パワーゲージ最大値 +1),ミューラを強化,11,0,5,0
103540,rs_G5104,紅玉・音源石 2-C,ほのかに輝く大きなルビー。ミューラに装着する。5年生用。<br>(パワーゲージ最大値 +1),ミューラを強化,11,0,5,0
103541,rs_G5104,紅玉・音源石 2-B,キラキラ輝く大きなルビー。ミューラに装着する。5年生用。<br>(パワーゲージ最大値 +1),ミューラを強化,11,0,5,0
103542,rs_G5104,紅玉・音源石 2-A,力強く輝く大きなルビー。ミューラに装着する。5年生用。<br>(パワーゲージ最大値 +1),ミューラを強化,11,0,5,0
104100,rs_G1100,翡翠・精源石 1-C,ほのかに輝く翡翠のかけら。スピリットに装着する。1年生用。<br>(パワーゲージ最大値 +1),スピリットを強化,7,0,5,0
104101,rs_G1100,翡翠・精源石 1-B,キラキラ輝く翡翠のかけら。スピリットに装着する。1年生用。<br>(パワーゲージ最大値 +1),スピリットを強化,7,0,5,0
104102,rs_G1100,翡翠・精源石 1-A,力強く輝く翡翠のかけら。スピリットに装着する。1年生用。<br>(パワーゲージ最大値 +1),スピリットを強化,7,0,5,0
104110,rs_G1101,翡翠・精源石 2-C,ほのかに輝く翡翠。スピリットに装着する。1年生用。<br>(パワーゲージ最大値 +1),スピリットを強化,7,0,5,0
104111,rs_G1101,翡翠・精源石 2-B,キラキラ輝く翡翠。スピリットに装着する。1年生用。<br>(パワーゲージ最大値 +1),スピリットを強化,7,0,5,0
104112,rs_G1101,翡翠・精源石 2-A,力強く輝く翡翠。スピリットに装着する。1年生用。<br>(パワーゲージ最大値 +1),スピリットを強化,7,0,5,0
104200,rs_G2100,緑柱・精源石 1-C,ほのかに輝くエメラルドのかけら。スピリットに装着する。2年生用。<br>(パワーゲージ最大値 +1),スピリットを強化,8,0,5,0
104201,rs_G2100,緑柱・精源石 1-B,キラキラ輝くエメラルドのかけら。スピリットに装着する。2年生用。<br>(パワーゲージ最大値 +1),スピリットを強化,8,0,5,0
104202,rs_G2100,緑柱・精源石 1-A,力強く輝くエメラルドのかけら。スピリットに装着する。2年生用。<br>(パワーゲージ最大値 +1),スピリットを強化,8,0,5,0
104210,rs_G2101,緑柱・精源石 2-C,ほのかに輝くエメラルド。スピリットに装着する。2年生用。<br>(パワーゲージ最大値 +1),スピリットを強化,8,0,5,0
104211,rs_G2101,緑柱・精源石 2-B,キラキラ輝くエメラルド。スピリットに装着する。2年生用。<br>(パワーゲージ最大値 +1),スピリットを強化,8,0,5,0
104212,rs_G2101,緑柱・精源石 2-A,力強く輝くエメラルド。スピリットに装着する。2年生用。<br>(パワーゲージ最大値 +1),スピリットを強化,8,0,5,0
104220,rs_G2102,緑柱・精源石 3-C,ほのかに輝く大きなエメラルド。スピリットに装着する。2年生用。<br>(パワーゲージ最大値 +1),スピリットを強化,8,0,5,0
104221,rs_G2102,緑柱・精源石 3-B,キラキラ輝く大きなエメラルド。スピリットに装着する。2年生用。<br>(パワーゲージ最大値 +1),スピリットを強化,8,0,5,0
104222,rs_G2102,緑柱・精源石 3-A,力強く輝く大きなエメラルド。スピリットに装着する。2年生用。<br>(パワーゲージ最大値 +1),スピリットを強化,8,0,5,0
104300,rs_G3100,珊瑚・精源石 1-C,ほのかに輝く自然の珊瑚。スピリットに装着する。3年生用。<br>(パワーゲージ最大値 +1),スピリットを強化,9,0,5,0
104301,rs_G3100,珊瑚・精源石 1-B,キラキラ輝く自然の珊瑚。スピリットに装着する。3年生用。<br>(パワーゲージ最大値 +1),スピリットを強化,9,0,5,0
104302,rs_G3100,珊瑚・精源石 1-A,力強く輝く自然の珊瑚。スピリットに装着する。3年生用。<br>(パワーゲージ最大値 +1),スピリットを強化,9,0,5,0
104310,rs_G3101,珊瑚・精源石 2-C,ほのかに輝く磨かれた珊瑚。スピリットに装着する。3年生用。<br>(パワーゲージ最大値 +1),スピリットを強化,9,0,5,0
104311,rs_G3101,珊瑚・精源石 2-B,キラキラ輝く磨かれた珊瑚。スピリットに装着する。3年生用。<br>(パワーゲージ最大値 +1),スピリットを強化,9,0,5,0
104312,rs_G3101,珊瑚・精源石 2-A,力強く輝く磨かれた珊瑚。スピリットに装着する。3年生用。<br>(パワーゲージ最大値 +1),スピリットを強化,9,0,5,0
104320,rs_G3102,珊瑚・精源石 3-C,ほのかに輝く大きな珊瑚。スピリットに装着する。3年生用。<br>(パワーゲージ最大値 +1),スピリットを強化,9,0,5,0
104321,rs_G3102,珊瑚・精源石 3-B,キラキラ輝く大きな珊瑚。スピリットに装着する。3年生用。<br>(パワーゲージ最大値 +1),スピリットを強化,9,0,5,0
104322,rs_G3102,珊瑚・精源石 3-A,力強く輝く大きな珊瑚。スピリットに装着する。3年生用。<br>(パワーゲージ最大値 +1),スピリットを強化,9,0,5,0
104400,rs_G4100,黄玉・精源石 1-C,ほのかに輝くトパーズのかけら。スピリットに装着する。4年生用。<br>(パワーゲージ最大値 +1),スピリットを強化,10,0,5,0
104401,rs_G4100,黄玉・精源石 1-B,キラキラ輝くトパーズのかけら。スピリットに装着する。4年生用。<br>(パワーゲージ最大値 +1),スピリットを強化,10,0,5,0
104402,rs_G4100,黄玉・精源石 1-A,力強く輝くトパーズのかけら。スピリットに装着する。4年生用。<br>(パワーゲージ最大値 +1),スピリットを強化,10,0,5,0
104410,rs_G4101,黄玉・精源石 2-C,ほのかに輝く小さなトパーズ。スピリットに装着する。4年生用。<br>(パワーゲージ最大値 +1),スピリットを強化,10,0,5,0
104411,rs_G4101,黄玉・精源石 2-B,キラキラ輝く小さなトパーズ。スピリットに装着する。4年生用。<br>(パワーゲージ最大値 +1),スピリットを強化,10,0,5,0
104412,rs_G4101,黄玉・精源石 2-A,力強く輝く小さなトパーズ。スピリットに装着する。4年生用。<br>(パワーゲージ最大値 +1),スピリットを強化,10,0,5,0
104420,rs_G4102,黄玉・精源石 3-C,ほのかに輝くトパーズ。スピリットに装着する。4年生用。<br>(パワーゲージ最大値 +1),スピリットを強化,10,0,5,0
104421,rs_G4102,黄玉・精源石 3-B,キラキラ輝くトパーズ。スピリットに装着する。4年生用。<br>(パワーゲージ最大値 +1),スピリットを強化,10,0,5,0
104422,rs_G4102,黄玉・精源石 3-A,力強く輝くトパーズ。スピリットに装着する。4年生用。<br>(パワーゲージ最大値 +1),スピリットを強化,10,0,5,0
104430,rs_G4103,黄玉・精源石 4-C,ほのかに輝く大きなトパーズ。スピリットに装着する。4年生用。<br>(パワーゲージ最大値 +1),スピリットを強化,10,0,5,0
104431,rs_G4103,黄玉・精源石 4-B,キラキラ輝く大きなトパーズ。スピリットに装着する。4年生用。<br>(パワーゲージ最大値 +1),スピリットを強化,10,0,5,0
104432,rs_G4103,黄玉・精源石 4-A,力強く輝く大きなトパーズ。スピリットに装着する。4年生用。<br>(パワーゲージ最大値 +1),スピリットを強化,10,0,5,0
104500,rs_G5100,紫玉・精源石 1-C,ほのかに輝くアメシストのかけら。スピリットに装着する。5年生用。<br>(パワーゲージ最大値 +1),スピリットを強化,11,0,5,0
104501,rs_G5100,紫玉・精源石 1-B,キラキラ輝くアメシストのかけら。スピリットに装着する。5年生用。<br>(パワーゲージ最大値 +1),スピリットを強化,11,0,5,0
104502,rs_G5100,紫玉・精源石 1-A,力強く輝くアメシストのかけら。スピリットに装着する。5年生用。<br>(パワーゲージ最大値 +1),スピリットを強化,11,0,5,0
104510,rs_G5101,紫玉・精源石 2-C,ほのかに輝くアメシスト。スピリットに装着する。5年生用。<br>(パワーゲージ最大値 +1),スピリットを強化,11,0,5,0
104511,rs_G5101,紫玉・精源石 2-B,キラキラ輝くアメシスト。スピリットに装着する。5年生用。<br>(パワーゲージ最大値 +1),スピリットを強化,11,0,5,0
104512,rs_G5101,紫玉・精源石 2-A,力強く輝くアメシスト。スピリットに装着する。5年生用。<br>(パワーゲージ最大値 +1),スピリットを強化,11,0,5,0
104520,rs_G5102,紫玉・精源石 3-C,ほのかに輝く大きなアメシスト。スピリットに装着する。5年生用。<br>(パワーゲージ最大値 +1),スピリットを強化,11,0,5,0
104521,rs_G5102,紫玉・精源石 3-B,キラキラ輝く大きなアメシスト。スピリットに装着する。5年生用。<br>(パワーゲージ最大値 +1),スピリットを強化,11,0,5,0
104522,rs_G5102,紫玉・精源石 3-A,力強く輝く大きなアメシスト。スピリットに装着する。5年生用。<br>(パワーゲージ最大値 +1),スピリットを強化,11,0,5,0
104530,rs_G5103,紅玉・精源石 1-C,ほのかに輝くルビー。スピリットに装着する。5年生用。<br>(パワーゲージ最大値 +1),スピリットを強化,11,0,5,0
104531,rs_G5103,紅玉・精源石 1-B,キラキラ輝くルビー。スピリットに装着する。5年生用。<br>(パワーゲージ最大値 +1),スピリットを強化,11,0,5,0
104532,rs_G5103,紅玉・精源石 1-A,力強く輝くルビー。スピリットに装着する。5年生用。<br>(パワーゲージ最大値 +1),スピリットを強化,11,0,5,0
104540,rs_G5104,紅玉・精源石 2-C,ほのかに輝く大きなルビー。スピリットに装着する。5年生用。<br>(パワーゲージ最大値 +1),スピリットを強化,11,0,5,0
104541,rs_G5104,紅玉・精源石 2-B,キラキラ輝く大きなルビー。スピリットに装着する。5年生用。<br>(パワーゲージ最大値 +1),スピリットを強化,11,0,5,0
104542,rs_G5104,紅玉・精源石 2-A,力強く輝く大きなルビー。スピリットに装着する。5年生用。<br>(パワーゲージ最大値 +1),スピリットを強化,11,0,5,0
105100,rs_G1100,翡翠・胸衣源石 1-C,ほのかに輝く翡翠のかけら。上半身用の服に装着する。1年生用。<br>(パワーゲージ最大値 +1),上半身用の制服を強化,7,0,5,0
105101,rs_G1100,翡翠・胸衣源石 1-B,キラキラ輝く翡翠のかけら。上半身用の服に装着する。1年生用。<br>(パワーゲージ最大値 +1),上半身用の制服を強化,7,0,5,0
105102,rs_G1100,翡翠・胸衣源石 1-A,力強く輝く翡翠のかけら。上半身用の服に装着する。1年生用。<br>(パワーゲージ最大値 +1),上半身用の制服を強化,7,0,5,0
105110,rs_G1101,翡翠・胸衣源石 2-C,ほのかに輝く翡翠。上半身用の服に装着する。1年生用。<br>(パワーゲージ最大値 +1),上半身用の制服を強化,7,0,5,0
105111,rs_G1101,翡翠・胸衣源石 2-B,キラキラ輝く翡翠。上半身用の服に装着する。1年生用。<br>(パワーゲージ最大値 +1),上半身用の制服を強化,7,0,5,0
105112,rs_G1101,翡翠・胸衣源石 2-A,力強く輝く翡翠。上半身用の服に装着する。1年生用。<br>(パワーゲージ最大値 +1),上半身用の制服を強化,7,0,5,0
105200,rs_G2100,緑柱・胸衣源石 1-C,ほのかに輝くエメラルドのかけら。上半身用の服に装着する。2年生用。<br>(パワーゲージ最大値 +1),上半身用の制服を強化,8,0,5,0
105201,rs_G2100,緑柱・胸衣源石 1-B,キラキラ輝くエメラルドのかけら。上半身用の服に装着する。2年生用。<br>(パワーゲージ最大値 +1),上半身用の制服を強化,8,0,5,0
105202,rs_G2100,緑柱・胸衣源石 1-A,力強く輝くエメラルドのかけら。上半身用の服に装着する。2年生用。<br>(パワーゲージ最大値 +1),上半身用の制服を強化,8,0,5,0
105210,rs_G2101,緑柱・胸衣源石 2-C,ほのかに輝くエメラルド。上半身用の服に装着する。2年生用。<br>(パワーゲージ最大値 +1),上半身用の制服を強化,8,0,5,0
105211,rs_G2101,緑柱・胸衣源石 2-B,キラキラ輝くエメラルド。上半身用の服に装着する。2年生用。<br>(パワーゲージ最大値 +1),上半身用の制服を強化,8,0,5,0
105212,rs_G2101,緑柱・胸衣源石 2-A,力強く輝くエメラルド。上半身用の服に装着する。2年生用。<br>(パワーゲージ最大値 +1),上半身用の制服を強化,8,0,5,0
105220,rs_G2102,緑柱・胸衣源石 3-C,ほのかに輝く大きなエメラルド。上半身用の服に装着する。2年生用。<br>(パワーゲージ最大値 +1),上半身用の制服を強化,8,0,5,0
105221,rs_G2102,緑柱・胸衣源石 3-B,キラキラ輝く大きなエメラルド。上半身用の服に装着する。2年生用。<br>(パワーゲージ最大値 +1),上半身用の制服を強化,8,0,5,0
105222,rs_G2102,緑柱・胸衣源石 3-A,力強く輝く大きなエメラルド。上半身用の服に装着する。2年生用。<br>(パワーゲージ最大値 +1),上半身用の制服を強化,8,0,5,0
105300,rs_G3100,珊瑚・胸衣源石 1-C,ほのかに輝く自然の珊瑚。上半身用の服に装着する。3年生用。<br>(パワーゲージ最大値 +1),上半身用の制服を強化,9,0,5,0
105301,rs_G3100,珊瑚・胸衣源石 1-B,キラキラ輝く自然の珊瑚。上半身用の服に装着する。3年生用。<br>(パワーゲージ最大値 +1),上半身用の制服を強化,9,0,5,0
105302,rs_G3100,珊瑚・胸衣源石 1-A,力強く輝く自然の珊瑚。上半身用の服に装着する。3年生用。<br>(パワーゲージ最大値 +1),上半身用の制服を強化,9,0,5,0
105310,rs_G3101,珊瑚・胸衣源石 2-C,ほのかに輝く磨かれた珊瑚。上半身用の服に装着する。3年生用。<br>(パワーゲージ最大値 +1),上半身用の制服を強化,9,0,5,0
105311,rs_G3101,珊瑚・胸衣源石 2-B,キラキラ輝く磨かれた珊瑚。上半身用の服に装着する。3年生用。<br>(パワーゲージ最大値 +1),上半身用の制服を強化,9,0,5,0
105312,rs_G3101,珊瑚・胸衣源石 2-A,力強く輝く磨かれた珊瑚。上半身用の服に装着する。3年生用。<br>(パワーゲージ最大値 +1),上半身用の制服を強化,9,0,5,0
105320,rs_G3102,珊瑚・胸衣源石 3-C,ほのかに輝く大きな珊瑚。上半身用の服に装着する。3年生用。<br>(パワーゲージ最大値 +1),上半身用の制服を強化,9,0,5,0
105321,rs_G3102,珊瑚・胸衣源石 3-B,キラキラ輝く大きな珊瑚。上半身用の服に装着する。3年生用。<br>(パワーゲージ最大値 +1),上半身用の制服を強化,9,0,5,0
105322,rs_G3102,珊瑚・胸衣源石 3-A,力強く輝く大きな珊瑚。上半身用の服に装着する。3年生用。<br>(パワーゲージ最大値 +1),上半身用の制服を強化,9,0,5,0
105400,rs_G4100,黄玉・胸衣源石 1-C,ほのかに輝くトパーズのかけら。上半身用の服に装着する。4年生用。<br>(パワーゲージ最大値 +1),上半身用の制服を強化,10,0,5,0
105401,rs_G4100,黄玉・胸衣源石 1-B,キラキラ輝くトパーズのかけら。上半身用の服に装着する。4年生用。<br>(パワーゲージ最大値 +1),上半身用の制服を強化,10,0,5,0
105402,rs_G4100,黄玉・胸衣源石 1-A,力強く輝くトパーズのかけら。上半身用の服に装着する。4年生用。<br>(パワーゲージ最大値 +1),上半身用の制服を強化,10,0,5,0
105410,rs_G4101,黄玉・胸衣源石 2-C,ほのかに輝く小さなトパーズ。上半身用の服に装着する。4年生用。<br>(パワーゲージ最大値 +1),上半身用の制服を強化,10,0,5,0
105411,rs_G4101,黄玉・胸衣源石 2-B,キラキラ輝く小さなトパーズ。上半身用の服に装着する。4年生用。<br>(パワーゲージ最大値 +1),上半身用の制服を強化,10,0,5,0
105412,rs_G4101,黄玉・胸衣源石 2-A,力強く輝く小さなトパーズ。上半身用の服に装着する。4年生用。<br>(パワーゲージ最大値 +1),上半身用の制服を強化,10,0,5,0
105420,rs_G4102,黄玉・胸衣源石 3-C,ほのかに輝くトパーズ。上半身用の服に装着する。4年生用。<br>(パワーゲージ最大値 +1),上半身用の制服を強化,10,0,5,0
105421,rs_G4102,黄玉・胸衣源石 3-B,キラキラ輝くトパーズ。上半身用の服に装着する。4年生用。<br>(パワーゲージ最大値 +1),上半身用の制服を強化,10,0,5,0
105422,rs_G4102,黄玉・胸衣源石 3-A,力強く輝くトパーズ。上半身用の服に装着する。4年生用。<br>(パワーゲージ最大値 +1),上半身用の制服を強化,10,0,5,0
105430,rs_G4103,黄玉・胸衣源石 4-C,ほのかに輝く大きなトパーズ。上半身用の服に装着する。4年生用。<br>(パワーゲージ最大値 +1),上半身用の制服を強化,10,0,5,0
105431,rs_G4103,黄玉・胸衣源石 4-B,キラキラ輝く大きなトパーズ。上半身用の服に装着する。4年生用。<br>(パワーゲージ最大値 +1),上半身用の制服を強化,10,0,5,0
105432,rs_G4103,黄玉・胸衣源石 4-A,力強く輝く大きなトパーズ。上半身用の服に装着する。4年生用。<br>(パワーゲージ最大値 +1),上半身用の制服を強化,10,0,5,0
105500,rs_G5100,紫玉・胸衣源石 1-C,ほのかに輝くアメシストのかけら。上半身用の服に装着する。5年生用。<br>(パワーゲージ最大値 +1),上半身用の制服を強化,11,0,5,0
105501,rs_G5100,紫玉・胸衣源石 1-B,キラキラ輝くアメシストのかけら。上半身用の服に装着する。5年生用。<br>(パワーゲージ最大値 +1),上半身用の制服を強化,11,0,5,0
105502,rs_G5100,紫玉・胸衣源石 1-A,力強く輝くアメシストのかけら。上半身用の服に装着する。5年生用。<br>(パワーゲージ最大値 +1),上半身用の制服を強化,11,0,5,0
105510,rs_G5101,紫玉・胸衣源石 2-C,ほのかに輝くアメシスト。上半身用の服に装着する。5年生用。<br>(パワーゲージ最大値 +1),上半身用の制服を強化,11,0,5,0
105511,rs_G5101,紫玉・胸衣源石 2-B,キラキラ輝くアメシスト。上半身用の服に装着する。5年生用。<br>(パワーゲージ最大値 +1),上半身用の制服を強化,11,0,5,0
105512,rs_G5101,紫玉・胸衣源石 2-A,力強く輝くアメシスト。上半身用の服に装着する。5年生用。<br>(パワーゲージ最大値 +1),上半身用の制服を強化,11,0,5,0
105520,rs_G5102,紫玉・胸衣源石 3-C,ほのかに輝く大きなアメシスト。上半身用の服に装着する。5年生用。<br>(パワーゲージ最大値 +1),上半身用の制服を強化,11,0,5,0
105521,rs_G5102,紫玉・胸衣源石 3-B,キラキラ輝く大きなアメシスト。上半身用の服に装着する。5年生用。<br>(パワーゲージ最大値 +1),上半身用の制服を強化,11,0,5,0
105522,rs_G5102,紫玉・胸衣源石 3-A,力強く輝く大きなアメシスト。上半身用の服に装着する。5年生用。<br>(パワーゲージ最大値 +1),上半身用の制服を強化,11,0,5,0
105530,rs_G5103,紅玉・胸衣源石 1-C,ほのかに輝くルビー。上半身用の服に装着する。5年生用。<br>(パワーゲージ最大値 +1),上半身用の制服を強化,11,0,5,0
105531,rs_G5103,紅玉・胸衣源石 1-B,キラキラ輝くルビー。上半身用の服に装着する。5年生用。<br>(パワーゲージ最大値 +1),上半身用の制服を強化,11,0,5,0
105532,rs_G5103,紅玉・胸衣源石 1-A,力強く輝くルビー。上半身用の服に装着する。5年生用。<br>(パワーゲージ最大値 +1),上半身用の制服を強化,11,0,5,0
105540,rs_G5104,紅玉・胸衣源石 2-C,ほのかに輝く大きなルビー。上半身用の服に装着する。5年生用。<br>(パワーゲージ最大値 +1),上半身用の制服を強化,11,0,5,0
105541,rs_G5104,紅玉・胸衣源石 2-B,キラキラ輝く大きなルビー。上半身用の服に装着する。5年生用。<br>(パワーゲージ最大値 +1),上半身用の制服を強化,11,0,5,0
105542,rs_G5104,紅玉・胸衣源石 2-A,力強く輝く大きなルビー。上半身用の服に装着する。5年生用。<br>(パワーゲージ最大値 +1),上半身用の制服を強化,11,0,5,0
106100,rs_G1100,翡翠・腰衣源石 1-C,ほのかに輝く翡翠のかけら。下半身用の服に装着する。1年生用。<br>(パワーゲージ最大値 +1),下半身用の制服を強化,7,0,5,0
106101,rs_G1100,翡翠・腰衣源石 1-B,キラキラ輝く翡翠のかけら。下半身用の服に装着する。1年生用。<br>(パワーゲージ最大値 +1),下半身用の制服を強化,7,0,5,0
106102,rs_G1100,翡翠・腰衣源石 1-A,力強く輝く翡翠のかけら。下半身用の服に装着する。1年生用。<br>(パワーゲージ最大値 +1),下半身用の制服を強化,7,0,5,0
106110,rs_G1101,翡翠・腰衣源石 2-C,ほのかに輝く翡翠。下半身用の服に装着する。1年生用。<br>(パワーゲージ最大値 +1),下半身用の制服を強化,7,0,5,0
106111,rs_G1101,翡翠・腰衣源石 2-B,キラキラ輝く翡翠。下半身用の服に装着する。1年生用。<br>(パワーゲージ最大値 +1),下半身用の制服を強化,7,0,5,0
106112,rs_G1101,翡翠・腰衣源石 2-A,力強く輝く翡翠。下半身用の服に装着する。1年生用。<br>(パワーゲージ最大値 +1),下半身用の制服を強化,7,0,5,0
106200,rs_G2100,緑柱・腰衣源石 1-C,ほのかに輝くエメラルドのかけら。下半身用の服に装着する。2年生用。<br>(パワーゲージ最大値 +1),下半身用の制服を強化,8,0,5,0
106201,rs_G2100,緑柱・腰衣源石 1-B,キラキラ輝くエメラルドのかけら。下半身用の服に装着する。2年生用。<br>(パワーゲージ最大値 +1),下半身用の制服を強化,8,0,5,0
106202,rs_G2100,緑柱・腰衣源石 1-A,力強く輝くエメラルドのかけら。下半身用の服に装着する。2年生用。<br>(パワーゲージ最大値 +1),下半身用の制服を強化,8,0,5,0
106210,rs_G2101,緑柱・腰衣源石 2-C,ほのかに輝くエメラルド。下半身用の服に装着する。2年生用。<br>(パワーゲージ最大値 +1),下半身用の制服を強化,8,0,5,0
106211,rs_G2101,緑柱・腰衣源石 2-B,キラキラ輝くエメラルド。下半身用の服に装着する。2年生用。<br>(パワーゲージ最大値 +1),下半身用の制服を強化,8,0,5,0
106212,rs_G2101,緑柱・腰衣源石 2-A,力強く輝くエメラルド。下半身用の服に装着する。2年生用。<br>(パワーゲージ最大値 +1),下半身用の制服を強化,8,0,5,0
106220,rs_G2102,緑柱・腰衣源石 3-C,ほのかに輝く大きなエメラルド。下半身用の服に装着する。2年生用。<br>(パワーゲージ最大値 +1),下半身用の制服を強化,8,0,5,0
106221,rs_G2102,緑柱・腰衣源石 3-B,キラキラ輝く大きなエメラルド。下半身用の服に装着する。2年生用。<br>(パワーゲージ最大値 +1),下半身用の制服を強化,8,0,5,0
106222,rs_G2102,緑柱・腰衣源石 3-A,力強く輝く大きなエメラルド。下半身用の服に装着する。2年生用。<br>(パワーゲージ最大値 +1),下半身用の制服を強化,8,0,5,0
106300,rs_G3100,珊瑚・腰衣源石 1-C,ほのかに輝く自然の珊瑚。下半身用の服に装着する。3年生用。<br>(パワーゲージ最大値 +1),下半身用の制服を強化,9,0,5,0
106301,rs_G3100,珊瑚・腰衣源石 1-B,キラキラ輝く自然の珊瑚。下半身用の服に装着する。3年生用。<br>(パワーゲージ最大値 +1),下半身用の制服を強化,9,0,5,0
106302,rs_G3100,珊瑚・腰衣源石 1-A,力強く輝く自然の珊瑚。下半身用の服に装着する。3年生用。<br>(パワーゲージ最大値 +1),下半身用の制服を強化,9,0,5,0
106310,rs_G3101,珊瑚・腰衣源石 2-C,ほのかに輝く磨かれた珊瑚。下半身用の服に装着する。3年生用。<br>(パワーゲージ最大値 +1),下半身用の制服を強化,9,0,5,0
106311,rs_G3101,珊瑚・腰衣源石 2-B,キラキラ輝く磨かれた珊瑚。下半身用の服に装着する。3年生用。<br>(パワーゲージ最大値 +1),下半身用の制服を強化,9,0,5,0
106312,rs_G3101,珊瑚・腰衣源石 2-A,力強く輝く磨かれた珊瑚。下半身用の服に装着する。3年生用。<br>(パワーゲージ最大値 +1),下半身用の制服を強化,9,0,5,0
106320,rs_G3102,珊瑚・腰衣源石 3-C,ほのかに輝く大きな珊瑚。下半身用の服に装着する。3年生用。<br>(パワーゲージ最大値 +1),下半身用の制服を強化,9,0,5,0
106321,rs_G3102,珊瑚・腰衣源石 3-B,キラキラ輝く大きな珊瑚。下半身用の服に装着する。3年生用。<br>(パワーゲージ最大値 +1),下半身用の制服を強化,9,0,5,0
106322,rs_G3102,珊瑚・腰衣源石 3-A,力強く輝く大きな珊瑚。下半身用の服に装着する。3年生用。<br>(パワーゲージ最大値 +1),下半身用の制服を強化,9,0,5,0
106400,rs_G4100,黄玉・腰衣源石 1-C,ほのかに輝くトパーズのかけら。下半身用の服に装着する。4年生用。<br>(パワーゲージ最大値 +1),下半身用の制服を強化,10,0,5,0
106401,rs_G4100,黄玉・腰衣源石 1-B,キラキラ輝くトパーズのかけら。下半身用の服に装着する。4年生用。<br>(パワーゲージ最大値 +1),下半身用の制服を強化,10,0,5,0
106402,rs_G4100,黄玉・腰衣源石 1-A,力強く輝くトパーズのかけら。下半身用の服に装着する。4年生用。<br>(パワーゲージ最大値 +1),下半身用の制服を強化,10,0,5,0
106410,rs_G4101,黄玉・腰衣源石 2-C,ほのかに輝く小さなトパーズ。下半身用の服に装着する。4年生用。<br>(パワーゲージ最大値 +1),下半身用の制服を強化,10,0,5,0
106411,rs_G4101,黄玉・腰衣源石 2-B,キラキラ輝く小さなトパーズ。下半身用の服に装着する。4年生用。<br>(パワーゲージ最大値 +1),下半身用の制服を強化,10,0,5,0
106412,rs_G4101,黄玉・腰衣源石 2-A,力強く輝く小さなトパーズ。下半身用の服に装着する。4年生用。<br>(パワーゲージ最大値 +1),下半身用の制服を強化,10,0,5,0
106420,rs_G4102,黄玉・腰衣源石 3-C,ほのかに輝くトパーズ。下半身用の服に装着する。4年生用。<br>(パワーゲージ最大値 +1),下半身用の制服を強化,10,0,5,0
106421,rs_G4102,黄玉・腰衣源石 3-B,キラキラ輝くトパーズ。下半身用の服に装着する。4年生用。<br>(パワーゲージ最大値 +1),下半身用の制服を強化,10,0,5,0
106422,rs_G4102,黄玉・腰衣源石 3-A,力強く輝くトパーズ。下半身用の服に装着する。4年生用。<br>(パワーゲージ最大値 +1),下半身用の制服を強化,10,0,5,0
106430,rs_G4103,黄玉・腰衣源石 4-C,ほのかに輝く大きなトパーズ。下半身用の服に装着する。4年生用。<br>(パワーゲージ最大値 +1),下半身用の制服を強化,10,0,5,0
106431,rs_G4103,黄玉・腰衣源石 4-B,キラキラ輝く大きなトパーズ。下半身用の服に装着する。4年生用。<br>(パワーゲージ最大値 +1),下半身用の制服を強化,10,0,5,0
106432,rs_G4103,黄玉・腰衣源石 4-A,力強く輝く大きなトパーズ。下半身用の服に装着する。4年生用。<br>(パワーゲージ最大値 +1),下半身用の制服を強化,10,0,5,0
106500,rs_G5100,紫玉・腰衣源石 1-C,ほのかに輝くアメシストのかけら。下半身用の服に装着する。5年生用。<br>(パワーゲージ最大値 +1),下半身用の制服を強化,11,0,5,0
106501,rs_G5100,紫玉・腰衣源石 1-B,キラキラ輝くアメシストのかけら。下半身用の服に装着する。5年生用。<br>(パワーゲージ最大値 +1),下半身用の制服を強化,11,0,5,0
106502,rs_G5100,紫玉・腰衣源石 1-A,力強く輝くアメシストのかけら。下半身用の服に装着する。5年生用。<br>(パワーゲージ最大値 +1),下半身用の制服を強化,11,0,5,0
106510,rs_G5101,紫玉・腰衣源石 2-C,ほのかに輝くアメシスト。下半身用の服に装着する。5年生用。<br>(パワーゲージ最大値 +1),下半身用の制服を強化,11,0,5,0
106511,rs_G5101,紫玉・腰衣源石 2-B,キラキラ輝くアメシスト。下半身用の服に装着する。5年生用。<br>(パワーゲージ最大値 +1),下半身用の制服を強化,11,0,5,0
106512,rs_G5101,紫玉・腰衣源石 2-A,力強く輝くアメシスト。下半身用の服に装着する。5年生用。<br>(パワーゲージ最大値 +1),下半身用の制服を強化,11,0,5,0
106520,rs_G5102,紫玉・腰衣源石 3-C,ほのかに輝く大きなアメシスト。下半身用の服に装着する。5年生用。<br>(パワーゲージ最大値 +1),下半身用の制服を強化,11,0,5,0
106521,rs_G5102,紫玉・腰衣源石 3-B,キラキラ輝く大きなアメシスト。下半身用の服に装着する。5年生用。<br>(パワーゲージ最大値 +1),下半身用の制服を強化,11,0,5,0
106522,rs_G5102,紫玉・腰衣源石 3-A,力強く輝く大きなアメシスト。下半身用の服に装着する。5年生用。<br>(パワーゲージ最大値 +1),下半身用の制服を強化,11,0,5,0
106530,rs_G5103,紅玉・腰衣源石 1-C,ほのかに輝くルビー。下半身用の服に装着する。5年生用。<br>(パワーゲージ最大値 +1),下半身用の制服を強化,11,0,5,0
106531,rs_G5103,紅玉・腰衣源石 1-B,キラキラ輝くルビー。下半身用の服に装着する。5年生用。<br>(パワーゲージ最大値 +1),下半身用の制服を強化,11,0,5,0
106532,rs_G5103,紅玉・腰衣源石 1-A,力強く輝くルビー。下半身用の服に装着する。5年生用。<br>(パワーゲージ最大値 +1),下半身用の制服を強化,11,0,5,0
106540,rs_G5104,紅玉・腰衣源石 2-C,ほのかに輝く大きなルビー。下半身用の服に装着する。5年生用。<br>(パワーゲージ最大値 +1),下半身用の制服を強化,11,0,5,0
106541,rs_G5104,紅玉・腰衣源石 2-B,キラキラ輝く大きなルビー。下半身用の服に装着する。5年生用。<br>(パワーゲージ最大値 +1),下半身用の制服を強化,11,0,5,0
106542,rs_G5104,紅玉・腰衣源石 2-A,力強く輝く大きなルビー。下半身用の服に装着する。5年生用。<br>(パワーゲージ最大値 +1),下半身用の制服を強化,11,0,5,0
107100,rs_G1100,翡翠・走源石 1-C,ほのかに輝く翡翠のかけら。靴に装着する。1年生用。<br>(パワーゲージ最大値 +1),靴を強化,7,0,5,0
107101,rs_G1100,翡翠・走源石 1-B,キラキラ輝く翡翠のかけら。靴に装着する。1年生用。<br>(パワーゲージ最大値 +1),靴を強化,7,0,5,0
107102,rs_G1100,翡翠・走源石 1-A,力強く輝く翡翠のかけら。靴に装着する。1年生用。<br>(パワーゲージ最大値 +1),靴を強化,7,0,5,0
107110,rs_G1101,翡翠・走源石 2-C,ほのかに輝く翡翠。靴に装着する。1年生用。<br>(パワーゲージ最大値 +1),靴を強化,7,0,5,0
107111,rs_G1101,翡翠・走源石 2-B,キラキラ輝く翡翠。靴に装着する。1年生用。<br>(パワーゲージ最大値 +1),靴を強化,7,0,5,0
107112,rs_G1101,翡翠・走源石 2-A,力強く輝く翡翠。靴に装着する。1年生用。<br>(パワーゲージ最大値 +1),靴を強化,7,0,5,0
107200,rs_G2100,緑柱・走源石 1-C,ほのかに輝くエメラルドのかけら。靴に装着する。2年生用。<br>(パワーゲージ最大値 +1),靴を強化,8,0,5,0
107201,rs_G2100,緑柱・走源石 1-B,キラキラ輝くエメラルドのかけら。靴に装着する。2年生用。<br>(パワーゲージ最大値 +1),靴を強化,8,0,5,0
107202,rs_G2100,緑柱・走源石 1-A,力強く輝くエメラルドのかけら。靴に装着する。2年生用。<br>(パワーゲージ最大値 +1),靴を強化,8,0,5,0
107210,rs_G2101,緑柱・走源石 2-C,ほのかに輝くエメラルド。靴に装着する。2年生用。<br>(パワーゲージ最大値 +1),靴を強化,8,0,5,0
107211,rs_G2101,緑柱・走源石 2-B,キラキラ輝くエメラルド。靴に装着する。2年生用。<br>(パワーゲージ最大値 +1),靴を強化,8,0,5,0
107212,rs_G2101,緑柱・走源石 2-A,力強く輝くエメラルド。靴に装着する。2年生用。<br>(パワーゲージ最大値 +1),靴を強化,8,0,5,0
107220,rs_G2102,緑柱・走源石 3-C,ほのかに輝く大きなエメラルド。靴に装着する。2年生用。<br>(パワーゲージ最大値 +1),靴を強化,8,0,5,0
107221,rs_G2102,緑柱・走源石 3-B,キラキラ輝く大きなエメラルド。靴に装着する。2年生用。<br>(パワーゲージ最大値 +1),靴を強化,8,0,5,0
107222,rs_G2102,緑柱・走源石 3-A,力強く輝く大きなエメラルド。靴に装着する。2年生用。<br>(パワーゲージ最大値 +1),靴を強化,8,0,5,0
107300,rs_G3100,珊瑚・走源石 1-C,ほのかに輝く自然の珊瑚。靴に装着する。3年生用。<br>(パワーゲージ最大値 +1),靴を強化,9,0,5,0
107301,rs_G3100,珊瑚・走源石 1-B,キラキラ輝く自然の珊瑚。靴に装着する。3年生用。<br>(パワーゲージ最大値 +1),靴を強化,9,0,5,0
107302,rs_G3100,珊瑚・走源石 1-A,力強く輝く自然の珊瑚。靴に装着する。3年生用。<br>(パワーゲージ最大値 +1),靴を強化,9,0,5,0
107310,rs_G3101,珊瑚・走源石 2-C,ほのかに輝く磨かれた珊瑚。靴に装着する。3年生用。<br>(パワーゲージ最大値 +1),靴を強化,9,0,5,0
107311,rs_G3101,珊瑚・走源石 2-B,キラキラ輝く磨かれた珊瑚。靴に装着する。3年生用。<br>(パワーゲージ最大値 +1),靴を強化,9,0,5,0
107312,rs_G3101,珊瑚・走源石 2-A,力強く輝く磨かれた珊瑚。靴に装着する。3年生用。<br>(パワーゲージ最大値 +1),靴を強化,9,0,5,0
107320,rs_G3102,珊瑚・走源石 3-C,ほのかに輝く大きな珊瑚。靴に装着する。3年生用。<br>(パワーゲージ最大値 +1),靴を強化,9,0,5,0
107321,rs_G3102,珊瑚・走源石 3-B,キラキラ輝く大きな珊瑚。靴に装着する。3年生用。<br>(パワーゲージ最大値 +1),靴を強化,9,0,5,0
107322,rs_G3102,珊瑚・走源石 3-A,力強く輝く大きな珊瑚。靴に装着する。3年生用。<br>(パワーゲージ最大値 +1),靴を強化,9,0,5,0
107400,rs_G4100,黄玉・走源石 1-C,ほのかに輝くトパーズのかけら。靴に装着する。4年生用。<br>(パワーゲージ最大値 +1),靴を強化,10,0,5,0
107401,rs_G4100,黄玉・走源石 1-B,キラキラ輝くトパーズのかけら。靴に装着する。4年生用。<br>(パワーゲージ最大値 +1),靴を強化,10,0,5,0
107402,rs_G4100,黄玉・走源石 1-A,力強く輝くトパーズのかけら。靴に装着する。4年生用。<br>(パワーゲージ最大値 +1),靴を強化,10,0,5,0
107410,rs_G4101,黄玉・走源石 2-C,ほのかに輝く小さなトパーズ。靴に装着する。4年生用。<br>(パワーゲージ最大値 +1),靴を強化,10,0,5,0
107411,rs_G4101,黄玉・走源石 2-B,キラキラ輝く小さなトパーズ。靴に装着する。4年生用。<br>(パワーゲージ最大値 +1),靴を強化,10,0,5,0
107412,rs_G4101,黄玉・走源石 2-A,力強く輝く小さなトパーズ。靴に装着する。4年生用。<br>(パワーゲージ最大値 +1),靴を強化,10,0,5,0
107420,rs_G4102,黄玉・走源石 3-C,ほのかに輝くトパーズ。靴に装着する。4年生用。<br>(パワーゲージ最大値 +1),靴を強化,10,0,5,0
107421,rs_G4102,黄玉・走源石 3-B,キラキラ輝くトパーズ。靴に装着する。4年生用。<br>(パワーゲージ最大値 +1),靴を強化,10,0,5,0
107422,rs_G4102,黄玉・走源石 3-A,力強く輝くトパーズ。靴に装着する。4年生用。<br>(パワーゲージ最大値 +1),靴を強化,10,0,5,0
107430,rs_G4103,黄玉・走源石 4-C,ほのかに輝く大きなトパーズ。靴に装着する。4年生用。<br>(パワーゲージ最大値 +1),靴を強化,10,0,5,0
107431,rs_G4103,黄玉・走源石 4-B,キラキラ輝く大きなトパーズ。靴に装着する。4年生用。<br>(パワーゲージ最大値 +1),靴を強化,10,0,5,0
107432,rs_G4103,黄玉・走源石 4-A,力強く輝く大きなトパーズ。靴に装着する。4年生用。<br>(パワーゲージ最大値 +1),靴を強化,10,0,5,0
107500,rs_G5100,紫玉・走源石 1-C,ほのかに輝くアメシストのかけら。靴に装着する。5年生用。<br>(パワーゲージ最大値 +1),靴を強化,11,0,5,0
107501,rs_G5100,紫玉・走源石 1-B,キラキラ輝くアメシストのかけら。靴に装着する。5年生用。<br>(パワーゲージ最大値 +1),靴を強化,11,0,5,0
107502,rs_G5100,紫玉・走源石 1-A,力強く輝くアメシストのかけら。靴に装着する。5年生用。<br>(パワーゲージ最大値 +1),靴を強化,11,0,5,0
107510,rs_G5101,紫玉・走源石 2-C,ほのかに輝くアメシスト。靴に装着する。5年生用。<br>(パワーゲージ最大値 +1),靴を強化,11,0,5,0
107511,rs_G5101,紫玉・走源石 2-B,キラキラ輝くアメシスト。靴に装着する。5年生用。<br>(パワーゲージ最大値 +1),靴を強化,11,0,5,0
107512,rs_G5101,紫玉・走源石 2-A,力強く輝くアメシスト。靴に装着する。5年生用。<br>(パワーゲージ最大値 +1),靴を強化,11,0,5,0
107520,rs_G5102,紫玉・走源石 3-C,ほのかに輝く大きなアメシスト。靴に装着する。5年生用。<br>(パワーゲージ最大値 +1),靴を強化,11,0,5,0
107521,rs_G5102,紫玉・走源石 3-B,キラキラ輝く大きなアメシスト。靴に装着する。5年生用。<br>(パワーゲージ最大値 +1),靴を強化,11,0,5,0
107522,rs_G5102,紫玉・走源石 3-A,力強く輝く大きなアメシスト。靴に装着する。5年生用。<br>(パワーゲージ最大値 +1),靴を強化,11,0,5,0
107530,rs_G5103,紅玉・走源石 1-C,ほのかに輝くルビー。靴に装着する。5年生用。<br>(パワーゲージ最大値 +1),靴を強化,11,0,5,0
107531,rs_G5103,紅玉・走源石 1-B,キラキラ輝くルビー。靴に装着する。5年生用。<br>(パワーゲージ最大値 +1),靴を強化,11,0,5,0
107532,rs_G5103,紅玉・走源石 1-A,力強く輝くルビー。靴に装着する。5年生用。<br>(パワーゲージ最大値 +1),靴を強化,11,0,5,0
107540,rs_G5104,紅玉・走源石 2-C,ほのかに輝く大きなルビー。靴に装着する。5年生用。<br>(パワーゲージ最大値 +1),靴を強化,11,0,5,0
107541,rs_G5104,紅玉・走源石 2-B,キラキラ輝く大きなルビー。靴に装着する。5年生用。<br>(パワーゲージ最大値 +1),靴を強化,11,0,5,0
107542,rs_G5104,紅玉・走源石 2-A,力強く輝く大きなルビー。靴に装着する。5年生用。<br>(パワーゲージ最大値 +1),靴を強化,11,0,5,0
108100,rs_G1100,翡翠・胴衣源石 1-C,ほのかに輝く翡翠のかけら。上下一体の服に装着する。1年生用。<br>(パワーゲージ最大値 +1),上下一体の制服を強化,7,0,5,0
108101,rs_G1100,翡翠・胴衣源石 1-B,キラキラ輝く翡翠のかけら。上下一体の服に装着する。1年生用。<br>(パワーゲージ最大値 +1),上下一体の制服を強化,7,0,5,0
108102,rs_G1100,翡翠・胴衣源石 1-A,力強く輝く翡翠のかけら。上下一体の服に装着する。1年生用。<br>(パワーゲージ最大値 +1),上下一体の制服を強化,7,0,5,0
108110,rs_G1101,翡翠・胴衣源石 2-C,ほのかに輝く翡翠。上下一体の服に装着する。1年生用。<br>(パワーゲージ最大値 +1),上下一体の制服を強化,7,0,5,0
108111,rs_G1101,翡翠・胴衣源石 2-B,キラキラ輝く翡翠。上下一体の服に装着する。1年生用。<br>(パワーゲージ最大値 +1),上下一体の制服を強化,7,0,5,0
108112,rs_G1101,翡翠・胴衣源石 2-A,力強く輝く翡翠。上下一体の服に装着する。1年生用。<br>(パワーゲージ最大値 +1),上下一体の制服を強化,7,0,5,0
108200,rs_G2100,緑柱・胴衣源石 1-C,ほのかに輝くエメラルドのかけら。上下一体の服に装着する。2年生用。<br>(パワーゲージ最大値 +1),上下一体の制服を強化,8,0,5,0
108201,rs_G2100,緑柱・胴衣源石 1-B,キラキラ輝くエメラルドのかけら。上下一体の服に装着する。2年生用。<br>(パワーゲージ最大値 +1),上下一体の制服を強化,8,0,5,0
108202,rs_G2100,緑柱・胴衣源石 1-A,力強く輝くエメラルドのかけら。上下一体の服に装着する。2年生用。<br>(パワーゲージ最大値 +1),上下一体の制服を強化,8,0,5,0
108210,rs_G2101,緑柱・胴衣源石 2-C,ほのかに輝くエメラルド。上下一体の服に装着する。2年生用。<br>(パワーゲージ最大値 +1),上下一体の制服を強化,8,0,5,0
108211,rs_G2101,緑柱・胴衣源石 2-B,キラキラ輝くエメラルド。上下一体の服に装着する。2年生用。<br>(パワーゲージ最大値 +1),上下一体の制服を強化,8,0,5,0
108212,rs_G2101,緑柱・胴衣源石 2-A,力強く輝くエメラルド。上下一体の服に装着する。2年生用。<br>(パワーゲージ最大値 +1),上下一体の制服を強化,8,0,5,0
108220,rs_G2102,緑柱・胴衣源石 3-C,ほのかに輝く大きなエメラルド。上下一体の服に装着する。2年生用。<br>(パワーゲージ最大値 +1),上下一体の制服を強化,8,0,5,0
108221,rs_G2102,緑柱・胴衣源石 3-B,キラキラ輝く大きなエメラルド。上下一体の服に装着する。2年生用。<br>(パワーゲージ最大値 +1),上下一体の制服を強化,8,0,5,0
108222,rs_G2102,緑柱・胴衣源石 3-A,力強く輝く大きなエメラルド。上下一体の服に装着する。2年生用。<br>(パワーゲージ最大値 +1),上下一体の制服を強化,8,0,5,0
108300,rs_G3100,珊瑚・胴衣源石 1-C,ほのかに輝く自然の珊瑚。上下一体の服に装着する。3年生用。<br>(パワーゲージ最大値 +1),上下一体の制服を強化,9,0,5,0
108301,rs_G3100,珊瑚・胴衣源石 1-B,キラキラ輝く自然の珊瑚。上下一体の服に装着する。3年生用。<br>(パワーゲージ最大値 +1),上下一体の制服を強化,9,0,5,0
108302,rs_G3100,珊瑚・胴衣源石 1-A,力強く輝く自然の珊瑚。上下一体の服に装着する。3年生用。<br>(パワーゲージ最大値 +1),上下一体の制服を強化,9,0,5,0
108310,rs_G3101,珊瑚・胴衣源石 2-C,ほのかに輝く磨かれた珊瑚。上下一体の服に装着する。3年生用。<br>(パワーゲージ最大値 +1),上下一体の制服を強化,9,0,5,0
108311,rs_G3101,珊瑚・胴衣源石 2-B,キラキラ輝く磨かれた珊瑚。上下一体の服に装着する。3年生用。<br>(パワーゲージ最大値 +1),上下一体の制服を強化,9,0,5,0
108312,rs_G3101,珊瑚・胴衣源石 2-A,力強く輝く磨かれた珊瑚。上下一体の服に装着する。3年生用。<br>(パワーゲージ最大値 +1),上下一体の制服を強化,9,0,5,0
108320,rs_G3102,珊瑚・胴衣源石 3-C,ほのかに輝く大きな珊瑚。上下一体の服に装着する。3年生用。<br>(パワーゲージ最大値 +1),上下一体の制服を強化,9,0,5,0
108321,rs_G3102,珊瑚・胴衣源石 3-B,キラキラ輝く大きな珊瑚。上下一体の服に装着する。3年生用。<br>(パワーゲージ最大値 +1),上下一体の制服を強化,9,0,5,0
108322,rs_G3102,珊瑚・胴衣源石 3-A,力強く輝く大きな珊瑚。上下一体の服に装着する。3年生用。<br>(パワーゲージ最大値 +1),上下一体の制服を強化,9,0,5,0
108400,rs_G4100,黄玉・胴衣源石 1-C,ほのかに輝くトパーズのかけら。上下一体の服に装着する。4年生用。<br>(パワーゲージ最大値 +1),上下一体の制服を強化,10,0,5,0
108401,rs_G4100,黄玉・胴衣源石 1-B,キラキラ輝くトパーズのかけら。上下一体の服に装着する。4年生用。<br>(パワーゲージ最大値 +1),上下一体の制服を強化,10,0,5,0
108402,rs_G4100,黄玉・胴衣源石 1-A,力強く輝くトパーズのかけら。上下一体の服に装着する。4年生用。<br>(パワーゲージ最大値 +1),上下一体の制服を強化,10,0,5,0
108410,rs_G4101,黄玉・胴衣源石 2-C,ほのかに輝く小さなトパーズ。上下一体の服に装着する。4年生用。<br>(パワーゲージ最大値 +1),上下一体の制服を強化,10,0,5,0
108411,rs_G4101,黄玉・胴衣源石 2-B,キラキラ輝く小さなトパーズ。上下一体の服に装着する。4年生用。<br>(パワーゲージ最大値 +1),上下一体の制服を強化,10,0,5,0
108412,rs_G4101,黄玉・胴衣源石 2-A,力強く輝く小さなトパーズ。上下一体の服に装着する。4年生用。<br>(パワーゲージ最大値 +1),上下一体の制服を強化,10,0,5,0
108420,rs_G4102,黄玉・胴衣源石 3-C,ほのかに輝くトパーズ。上下一体の服に装着する。4年生用。<br>(パワーゲージ最大値 +1),上下一体の制服を強化,10,0,5,0
108421,rs_G4102,黄玉・胴衣源石 3-B,キラキラ輝くトパーズ。上下一体の服に装着する。4年生用。<br>(パワーゲージ最大値 +1),上下一体の制服を強化,10,0,5,0
108422,rs_G4102,黄玉・胴衣源石 3-A,力強く輝くトパーズ。上下一体の服に装着する。4年生用。<br>(パワーゲージ最大値 +1),上下一体の制服を強化,10,0,5,0
108430,rs_G4103,黄玉・胴衣源石 4-C,ほのかに輝く大きなトパーズ。上下一体の服に装着する。4年生用。<br>(パワーゲージ最大値 +1),上下一体の制服を強化,10,0,5,0
108431,rs_G4103,黄玉・胴衣源石 4-B,キラキラ輝く大きなトパーズ。上下一体の服に装着する。4年生用。<br>(パワーゲージ最大値 +1),上下一体の制服を強化,10,0,5,0
108432,rs_G4103,黄玉・胴衣源石 4-A,力強く輝く大きなトパーズ。上下一体の服に装着する。4年生用。<br>(パワーゲージ最大値 +1),上下一体の制服を強化,10,0,5,0
108500,rs_G5100,紫玉・胴衣源石 1-C,ほのかに輝くアメシストのかけら。上下一体の服に装着する。5年生用。<br>(パワーゲージ最大値 +1),上下一体の制服を強化,11,0,5,0
108501,rs_G5100,紫玉・胴衣源石 1-B,キラキラ輝くアメシストのかけら。上下一体の服に装着する。5年生用。<br>(パワーゲージ最大値 +1),上下一体の制服を強化,11,0,5,0
108502,rs_G5100,紫玉・胴衣源石 1-A,力強く輝くアメシストのかけら。上下一体の服に装着する。5年生用。<br>(パワーゲージ最大値 +1),上下一体の制服を強化,11,0,5,0
108510,rs_G5101,紫玉・胴衣源石 2-C,ほのかに輝くアメシスト。上下一体の服に装着する。5年生用。<br>(パワーゲージ最大値 +1),上下一体の制服を強化,11,0,5,0
108511,rs_G5101,紫玉・胴衣源石 2-B,キラキラ輝くアメシスト。上下一体の服に装着する。5年生用。<br>(パワーゲージ最大値 +1),上下一体の制服を強化,11,0,5,0
108512,rs_G5101,紫玉・胴衣源石 2-A,力強く輝くアメシスト。上下一体の服に装着する。5年生用。<br>(パワーゲージ最大値 +1),上下一体の制服を強化,11,0,5,0
108520,rs_G5102,紫玉・胴衣源石 3-C,ほのかに輝く大きなアメシスト。上下一体の服に装着する。5年生用。<br>(パワーゲージ最大値 +1),上下一体の制服を強化,11,0,5,0
108521,rs_G5102,紫玉・胴衣源石 3-B,キラキラ輝く大きなアメシスト。上下一体の服に装着する。5年生用。<br>(パワーゲージ最大値 +1),上下一体の制服を強化,11,0,5,0
108522,rs_G5102,紫玉・胴衣源石 3-A,力強く輝く大きなアメシスト。上下一体の服に装着する。5年生用。<br>(パワーゲージ最大値 +1),上下一体の制服を強化,11,0,5,0
108530,rs_G5103,紅玉・胴衣源石 1-C,ほのかに輝くルビー。上下一体の服に装着する。5年生用。<br>(パワーゲージ最大値 +1),上下一体の制服を強化,11,0,5,0
108531,rs_G5103,紅玉・胴衣源石 1-B,キラキラ輝くルビー。上下一体の服に装着する。5年生用。<br>(パワーゲージ最大値 +1),上下一体の制服を強化,11,0,5,0
108532,rs_G5103,紅玉・胴衣源石 1-A,力強く輝くルビー。上下一体の服に装着する。5年生用。<br>(パワーゲージ最大値 +1),上下一体の制服を強化,11,0,5,0
108540,rs_G5104,紅玉・胴衣源石 2-C,ほのかに輝く大きなルビー。上下一体の服に装着する。5年生用。<br>(パワーゲージ最大値 +1),上下一体の制服を強化,11,0,5,0
108541,rs_G5104,紅玉・胴衣源石 2-B,キラキラ輝く大きなルビー。上下一体の服に装着する。5年生用。<br>(パワーゲージ最大値 +1),上下一体の制服を強化,11,0,5,0
108542,rs_G5104,紅玉・胴衣源石 2-A,力強く輝く大きなルビー。上下一体の服に装着する。5年生用。<br>(パワーゲージ最大値 +1),上下一体の制服を強化,11,0,5,0
91100,etc_cs030068,源石CS091100,テスト用源石,装備アイテム強化,7,0,5,0
91110,etc_cs030068,源石CS091110,テスト用源石,装備アイテム強化,8,0,5,0
91120,etc_cs030068,源石CS091120,テスト用源石,装備アイテム強化,9,0,5,0
91130,etc_cs030068,源石CS091130,テスト用源石,装備アイテム強化,10,0,5,0
91200,etc_cs030068,源石CS091200,テスト用源石,装備アイテム強化,7,0,5,0
91210,etc_cs030068,源石CS091210,テスト用源石,装備アイテム強化,8,0,5,0
91220,etc_cs030068,源石CS091220,テスト用源石,装備アイテム強化,9,0,5,0
91230,etc_cs030068,源石CS091230,テスト用源石,装備アイテム強化,10,0,5,0
91300,etc_cs030068,源石CS091300,テスト用源石,装備アイテム強化,7,0,5,0
91310,etc_cs030068,源石CS091310,テスト用源石,装備アイテム強化,8,0,5,0
91320,etc_cs030068,源石CS091320,テスト用源石,装備アイテム強化,9,0,5,0
91330,etc_cs030068,源石CS091330,テスト用源石,装備アイテム強化,10,0,5,0
91400,etc_cs030068,源石CS091400,テスト用源石,装備アイテム強化,7,0,5,0
91410,etc_cs030068,源石CS091410,テスト用源石,装備アイテム強化,8,0,5,0
91420,etc_cs030068,源石CS091420,テスト用源石,装備アイテム強化,9,0,5,0
91430,etc_cs030068,源石CS091430,テスト用源石,装備アイテム強化,10,0,5,0
91500,etc_cs030068,源石CS091500,テスト用源石,装備アイテム強化,7,0,5,0
91510,etc_cs030068,源石CS091510,テスト用源石,装備アイテム強化,8,0,5,0
91520,etc_cs030068,源石CS091520,テスト用源石,装備アイテム強化,9,0,5,0
91530,etc_cs030068,源石CS091530,テスト用源石,装備アイテム強化,10,0,5,0
91501,etc_cs030068,源石CS091501,テスト用源石,装備アイテム強化,7,0,5,0
91502,etc_cs030068,源石CS091502,テスト用源石,装備アイテム強化,7,0,5,0
91503,etc_cs030068,源石CS091503,テスト用源石,装備アイテム強化,7,0,5,0
91504,etc_cs030068,源石CS091504,テスト用源石,装備アイテム強化,7,0,5,0
91505,etc_cs030068,源石CS091505,テスト用源石,装備アイテム強化,7,0,5,0
91506,etc_cs030068,源石CS091506,テスト用源石,装備アイテム強化,7,0,5,0
92100,etc_cs030068,源石CS092100,テスト用源石,装備アイテム強化,7,0,5,0
92110,etc_cs030068,源石CS092110,テスト用源石,装備アイテム強化,8,0,5,0
92120,etc_cs030068,源石CS092120,テスト用源石,装備アイテム強化,9,0,5,0
92130,etc_cs030068,源石CS092130,テスト用源石,装備アイテム強化,10,0,5,0
92200,etc_cs030068,源石CS092200,テスト用源石,装備アイテム強化,7,0,5,0
92210,etc_cs030068,源石CS092210,テスト用源石,装備アイテム強化,8,0,5,0
92220,etc_cs030068,源石CS092220,テスト用源石,装備アイテム強化,9,0,5,0
92230,etc_cs030068,源石CS092230,テスト用源石,装備アイテム強化,10,0,5,0
92300,etc_cs030068,源石CS092300,テスト用源石,装備アイテム強化,7,0,5,0
92310,etc_cs030068,源石CS092310,テスト用源石,装備アイテム強化,8,0,5,0
92320,etc_cs030068,源石CS092320,テスト用源石,装備アイテム強化,9,0,5,0
92330,etc_cs030068,源石CS092330,テスト用源石,装備アイテム強化,10,0,5,0
92400,etc_cs030068,源石CS092400,テスト用源石,装備アイテム強化,7,0,5,0
92410,etc_cs030068,源石CS092410,テスト用源石,装備アイテム強化,8,0,5,0
92420,etc_cs030068,源石CS092420,テスト用源石,装備アイテム強化,9,0,5,0
92430,etc_cs030068,源石CS092430,テスト用源石,装備アイテム強化,10,0,5,0
92500,etc_cs030068,源石CS092500,テスト用源石,装備アイテム強化,7,0,5,0
92510,etc_cs030068,源石CS092510,テスト用源石,装備アイテム強化,8,0,5,0
92520,etc_cs030068,源石CS092520,テスト用源石,装備アイテム強化,9,0,5,0
92530,etc_cs030068,源石CS092530,テスト用源石,装備アイテム強化,10,0,5,0
93100,etc_cs030068,源石CS093100,テスト用源石,装備アイテム強化,7,0,5,0
93110,etc_cs030068,源石CS093110,テスト用源石,装備アイテム強化,8,0,5,0
93120,etc_cs030068,源石CS093120,テスト用源石,装備アイテム強化,9,0,5,0
93130,etc_cs030068,源石CS093130,テスト用源石,装備アイテム強化,10,0,5,0
93200,etc_cs030068,源石CS093200,テスト用源石,装備アイテム強化,7,0,5,0
93210,etc_cs030068,源石CS093210,テスト用源石,装備アイテム強化,8,0,5,0
93220,etc_cs030068,源石CS093220,テスト用源石,装備アイテム強化,9,0,5,0
93230,etc_cs030068,源石CS093230,テスト用源石,装備アイテム強化,10,0,5,0
93300,etc_cs030068,源石CS093300,テスト用源石,装備アイテム強化,7,0,5,0
93310,etc_cs030068,源石CS093310,テスト用源石,装備アイテム強化,8,0,5,0
93320,etc_cs030068,源石CS093320,テスト用源石,装備アイテム強化,9,0,5,0
93330,etc_cs030068,源石CS093330,テスト用源石,装備アイテム強化,10,0,5,0
93400,etc_cs030068,源石CS093400,テスト用源石,装備アイテム強化,7,0,5,0
93410,etc_cs030068,源石CS093410,テスト用源石,装備アイテム強化,8,0,5,0
93420,etc_cs030068,源石CS093420,テスト用源石,装備アイテム強化,9,0,5,0
93430,etc_cs030068,源石CS093430,テスト用源石,装備アイテム強化,10,0,5,0
93500,etc_cs030068,源石CS093500,テスト用源石,装備アイテム強化,7,0,5,0
93510,etc_cs030068,源石CS093510,テスト用源石,装備アイテム強化,8,0,5,0
93520,etc_cs030068,源石CS093520,テスト用源石,装備アイテム強化,9,0,5,0
93530,etc_cs030068,源石CS093530,テスト用源石,装備アイテム強化,10,0,5,0
94100,etc_cs030068,源石CS094100,テスト用源石,装備アイテム強化,7,0,5,0
94110,etc_cs030068,源石CS094110,テスト用源石,装備アイテム強化,8,0,5,0
94120,etc_cs030068,源石CS094120,テスト用源石,装備アイテム強化,9,0,5,0
94130,etc_cs030068,源石CS094130,テスト用源石,装備アイテム強化,10,0,5,0
94200,etc_cs030068,源石CS094200,テスト用源石,装備アイテム強化,7,0,5,0
94210,etc_cs030068,源石CS094210,テスト用源石,装備アイテム強化,8,0,5,0
94220,etc_cs030068,源石CS094220,テスト用源石,装備アイテム強化,9,0,5,0
94230,etc_cs030068,源石CS094230,テスト用源石,装備アイテム強化,10,0,5,0
94300,etc_cs030068,源石CS094300,テスト用源石,装備アイテム強化,7,0,5,0
94310,etc_cs030068,源石CS094310,テスト用源石,装備アイテム強化,8,0,5,0
94320,etc_cs030068,源石CS094320,テスト用源石,装備アイテム強化,9,0,5,0
94330,etc_cs030068,源石CS094330,テスト用源石,装備アイテム強化,10,0,5,0
94400,etc_cs030068,源石CS094400,テスト用源石,装備アイテム強化,7,0,5,0
94410,etc_cs030068,源石CS094410,テスト用源石,装備アイテム強化,8,0,5,0
94420,etc_cs030068,源石CS094420,テスト用源石,装備アイテム強化,9,0,5,0
94430,etc_cs030068,源石CS094430,テスト用源石,装備アイテム強化,10,0,5,0
94500,etc_cs030068,源石CS094500,テスト用源石,装備アイテム強化,7,0,5,0
94510,etc_cs030068,源石CS094510,テスト用源石,装備アイテム強化,8,0,5,0
94520,etc_cs030068,源石CS094520,テスト用源石,装備アイテム強化,9,0,5,0
94530,etc_cs030068,源石CS094530,テスト用源石,装備アイテム強化,10,0,5,0
95100,etc_cs030068,源石CS095100,テスト用源石,装備アイテム強化,7,0,5,0
95110,etc_cs030068,源石CS095110,テスト用源石,装備アイテム強化,8,0,5,0
95120,etc_cs030068,源石CS095120,テスト用源石,装備アイテム強化,9,0,5,0
95130,etc_cs030068,源石CS095130,テスト用源石,装備アイテム強化,10,0,5,0
95200,etc_cs030068,源石CS095200,テスト用源石,装備アイテム強化,7,0,5,0
95210,etc_cs030068,源石CS095210,テスト用源石,装備アイテム強化,8,0,5,0
95220,etc_cs030068,源石CS095220,テスト用源石,装備アイテム強化,9,0,5,0
95230,etc_cs030068,源石CS095230,テスト用源石,装備アイテム強化,10,0,5,0
95300,etc_cs030068,源石CS095300,テスト用源石,装備アイテム強化,7,0,5,0
95310,etc_cs030068,源石CS095310,テスト用源石,装備アイテム強化,8,0,5,0
95320,etc_cs030068,源石CS095320,テスト用源石,装備アイテム強化,9,0,5,0
95330,etc_cs030068,源石CS095330,テスト用源石,装備アイテム強化,10,0,5,0
95400,etc_cs030068,源石CS095400,テスト用源石,装備アイテム強化,7,0,5,0
95410,etc_cs030068,源石CS095410,テスト用源石,装備アイテム強化,8,0,5,0
95420,etc_cs030068,源石CS095420,テスト用源石,装備アイテム強化,9,0,5,0
95430,etc_cs030068,源石CS095430,テスト用源石,装備アイテム強化,10,0,5,0
95500,etc_cs030068,源石CS095500,テスト用源石,装備アイテム強化,7,0,5,0
95510,etc_cs030068,源石CS095510,テスト用源石,装備アイテム強化,8,0,5,0
95520,etc_cs030068,源石CS095520,テスト用源石,装備アイテム強化,9,0,5,0
95530,etc_cs030068,源石CS095530,テスト用源石,装備アイテム強化,10,0,5,0
96100,etc_cs030068,源石CS096100,テスト用源石,装備アイテム強化,7,0,5,0
96110,etc_cs030068,源石CS096110,テスト用源石,装備アイテム強化,8,0,5,0
96120,etc_cs030068,源石CS096120,テスト用源石,装備アイテム強化,9,0,5,0
96130,etc_cs030068,源石CS096130,テスト用源石,装備アイテム強化,10,0,5,0
96200,etc_cs030068,源石CS096200,テスト用源石,装備アイテム強化,7,0,5,0
96210,etc_cs030068,源石CS096210,テスト用源石,装備アイテム強化,8,0,5,0
96220,etc_cs030068,源石CS096220,テスト用源石,装備アイテム強化,9,0,5,0
96230,etc_cs030068,源石CS096230,テスト用源石,装備アイテム強化,10,0,5,0
96300,etc_cs030068,源石CS096300,テスト用源石,装備アイテム強化,7,0,5,0
96310,etc_cs030068,源石CS096310,テスト用源石,装備アイテム強化,8,0,5,0
96320,etc_cs030068,源石CS096320,テスト用源石,装備アイテム強化,9,0,5,0
96330,etc_cs030068,源石CS096330,テスト用源石,装備アイテム強化,10,0,5,0
96400,etc_cs030068,源石CS096400,テスト用源石,装備アイテム強化,7,0,5,0
96410,etc_cs030068,源石CS096410,テスト用源石,装備アイテム強化,8,0,5,0
96420,etc_cs030068,源石CS096420,テスト用源石,装備アイテム強化,9,0,5,0
96430,etc_cs030068,源石CS096430,テスト用源石,装備アイテム強化,10,0,5,0
96500,etc_cs030068,源石CS096500,テスト用源石,装備アイテム強化,7,0,5,0
96510,etc_cs030068,源石CS096510,テスト用源石,装備アイテム強化,8,0,5,0
96520,etc_cs030068,源石CS096520,テスト用源石,装備アイテム強化,9,0,5,0
96530,etc_cs030068,源石CS096530,テスト用源石,装備アイテム強化,10,0,5,0
97100,etc_cs030068,源石CS097100,テスト用源石,装備アイテム強化,7,0,5,0
97110,etc_cs030068,源石CS097110,テスト用源石,装備アイテム強化,8,0,5,0
97120,etc_cs030068,源石CS097120,テスト用源石,装備アイテム強化,9,0,5,0
97130,etc_cs030068,源石CS097130,テスト用源石,装備アイテム強化,10,0,5,0
97200,etc_cs030068,源石CS097200,テスト用源石,装備アイテム強化,7,0,5,0
97210,etc_cs030068,源石CS097210,テスト用源石,装備アイテム強化,8,0,5,0
97220,etc_cs030068,源石CS097220,テスト用源石,装備アイテム強化,9,0,5,0
97230,etc_cs030068,源石CS097230,テスト用源石,装備アイテム強化,10,0,5,0
97300,etc_cs030068,源石CS097300,テスト用源石,装備アイテム強化,7,0,5,0
97310,etc_cs030068,源石CS097310,テスト用源石,装備アイテム強化,8,0,5,0
97320,etc_cs030068,源石CS097320,テスト用源石,装備アイテム強化,9,0,5,0
97330,etc_cs030068,源石CS097330,テスト用源石,装備アイテム強化,10,0,5,0
97400,etc_cs030068,源石CS097400,テスト用源石,装備アイテム強化,7,0,5,0
97410,etc_cs030068,源石CS097410,テスト用源石,装備アイテム強化,8,0,5,0
97420,etc_cs030068,源石CS097420,テスト用源石,装備アイテム強化,9,0,5,0
97430,etc_cs030068,源石CS097430,テスト用源石,装備アイテム強化,10,0,5,0
97500,etc_cs030068,源石CS097500,テスト用源石,装備アイテム強化,7,0,5,0
97510,etc_cs030068,源石CS097510,テスト用源石,装備アイテム強化,8,0,5,0
97520,etc_cs030068,源石CS097520,テスト用源石,装備アイテム強化,9,0,5,0
97530,etc_cs030068,源石CS097530,テスト用源石,装備アイテム強化,10,0,5,0
98100,etc_cs030068,源石CS098100,テスト用源石,装備アイテム強化,7,0,5,0
98110,etc_cs030068,源石CS098110,テスト用源石,装備アイテム強化,8,0,5,0
98120,etc_cs030068,源石CS098120,テスト用源石,装備アイテム強化,9,0,5,0
98130,etc_cs030068,源石CS098130,テスト用源石,装備アイテム強化,10,0,5,0
98200,etc_cs030068,源石CS098200,テスト用源石,装備アイテム強化,7,0,5,0
98210,etc_cs030068,源石CS098210,テスト用源石,装備アイテム強化,8,0,5,0
98220,etc_cs030068,源石CS098220,テスト用源石,装備アイテム強化,9,0,5,0
98230,etc_cs030068,源石CS098230,テスト用源石,装備アイテム強化,10,0,5,0
98300,etc_cs030068,源石CS098300,テスト用源石,装備アイテム強化,7,0,5,0
98310,etc_cs030068,源石CS098310,テスト用源石,装備アイテム強化,8,0,5,0
98320,etc_cs030068,源石CS098320,テスト用源石,装備アイテム強化,9,0,5,0
98330,etc_cs030068,源石CS098330,テスト用源石,装備アイテム強化,10,0,5,0
98400,etc_cs030068,源石CS098400,テスト用源石,装備アイテム強化,7,0,5,0
98410,etc_cs030068,源石CS098410,テスト用源石,装備アイテム強化,8,0,5,0
98420,etc_cs030068,源石CS098420,テスト用源石,装備アイテム強化,9,0,5,0
98430,etc_cs030068,源石CS098430,テスト用源石,装備アイテム強化,10,0,5,0
98500,etc_cs030068,源石CS098500,テスト用源石,装備アイテム強化,7,0,5,0
98510,etc_cs030068,源石CS098510,テスト用源石,装備アイテム強化,8,0,5,0
98520,etc_cs030068,源石CS098520,テスト用源石,装備アイテム強化,9,0,5,0
98530,etc_cs030068,源石CS098530,テスト用源石,装備アイテム強化,10,0,5,0
99100,etc_cs030068,源石CS099100,テスト用源石,装備アイテム強化,7,0,5,0
99110,etc_cs030068,源石CS099110,テスト用源石,装備アイテム強化,8,0,5,0
99120,etc_cs030068,源石CS099120,テスト用源石,装備アイテム強化,9,0,5,0
99130,etc_cs030068,源石CS099130,テスト用源石,装備アイテム強化,10,0,5,0
99200,etc_cs030068,源石CS099200,テスト用源石,装備アイテム強化,7,0,5,0
99210,etc_cs030068,源石CS099210,テスト用源石,装備アイテム強化,8,0,5,0
99220,etc_cs030068,源石CS099220,テスト用源石,装備アイテム強化,9,0,5,0
99230,etc_cs030068,源石CS099230,テスト用源石,装備アイテム強化,10,0,5,0
99300,etc_cs030068,源石CS099300,テスト用源石,装備アイテム強化,7,0,5,0
99310,etc_cs030068,源石CS099310,テスト用源石,装備アイテム強化,8,0,5,0
99320,etc_cs030068,源石CS099320,テスト用源石,装備アイテム強化,9,0,5,0
99330,etc_cs030068,源石CS099330,テスト用源石,装備アイテム強化,10,0,5,0
99400,etc_cs030068,源石CS099400,テスト用源石,装備アイテム強化,7,0,5,0
99410,etc_cs030068,源石CS099410,テスト用源石,装備アイテム強化,8,0,5,0
99420,etc_cs030068,源石CS099420,テスト用源石,装備アイテム強化,9,0,5,0
99430,etc_cs030068,源石CS099430,テスト用源石,装備アイテム強化,10,0,5,0
99500,etc_cs030068,源石CS099500,テスト用源石,装備アイテム強化,7,0,5,0
99510,etc_cs030068,源石CS099510,テスト用源石,装備アイテム強化,8,0,5,0
99520,etc_cs030068,源石CS099520,テスト用源石,装備アイテム強化,9,0,5,0
99530,etc_cs030068,源石CS099530,テスト用源石,装備アイテム強化,10,0,5,0
99501,etc_cs030068,源石CS099501,テスト用源石,装備アイテム強化,7,0,5,0
99502,etc_cs030068,源石CS099502,テスト用源石,装備アイテム強化,7,0,5,0
99503,etc_cs030068,源石CS099503,テスト用源石,装備アイテム強化,7,0,5,0
99504,etc_cs030068,源石CS099504,テスト用源石,装備アイテム強化,7,0,5,0
99505,etc_cs030068,源石CS099505,テスト用源石,装備アイテム強化,7,0,5,0
99506,etc_cs030068,源石CS099506,テスト用源石,装備アイテム強化,7,0,5,0
71100,reinforce_1001,刀源石 1年 1次 C-,ブレードに装着する源石。1年生用 ランク 1、グレード C-。<br>(パワーゲージ最大値 +1),装備アイテム強化,7,0,5,0
71101,reinforce_1001,刀源石 1年 1次 C,ブレードに装着する源石。1年生用 ランク 1、グレード C。<br>(パワーゲージ最大値 +1),装備アイテム強化,7,0,5,0
71102,reinforce_1001,刀源石 1年 1次 C+,ブレードに装着する源石。1年生用 ランク 1、グレード C+。<br>(パワーゲージ最大値 +1),装備アイテム強化,7,0,5,0
71103,reinforce_1001,刀源石 1年 1次 B-,ブレードに装着する源石。1年生用 ランク 1、グレード B-。<br>(パワーゲージ最大値 +1),装備アイテム強化,7,0,5,0
71104,reinforce_1001,刀源石 1年 1次 B,ブレードに装着する源石。1年生用 ランク 1、グレード B。<br>(パワーゲージ最大値 +1),装備アイテム強化,7,0,5,0
71105,reinforce_1001,刀源石 1年 1次 B+,ブレードに装着する源石。1年生用 ランク 1、グレード B+。<br>(パワーゲージ最大値 +1),装備アイテム強化,7,0,5,0
71106,reinforce_1001,刀源石 1年 1次 A-,ブレードに装着する源石。1年生用 ランク 1、グレード A-。<br>(パワーゲージ最大値 +1),装備アイテム強化,7,0,5,0
71107,reinforce_1001,刀源石 1年 1次 A,ブレードに装着する源石。1年生用 ランク 1、グレード A。<br>(パワーゲージ最大値 +1),装備アイテム強化,7,0,5,0
71108,reinforce_1001,刀源石 1年 1次 A+,ブレードに装着する源石。1年生用 ランク 1、グレード A+。<br>(パワーゲージ最大値 +1),装備アイテム強化,7,0,5,0
71109,reinforce_1001,刀源石 1年 1次 S,ブレードに装着する源石。1年生用 ランク 1、グレード S。<br>(パワーゲージ最大値 +1),装備アイテム強化,7,0,5,0
71110,reinforce_1001,刀源石 1年 1次 SS,ブレードに装着する源石。1年生用 ランク 1、グレード SS。<br>(パワーゲージ最大値 +1),装備アイテム強化,7,0,5,0
71111,reinforce_1001,刀源石 1年 2次 C-,ブレードに装着する源石。1年生用 ランク 2、グレード C-。<br>(パワーゲージ最大値 +1),装備アイテム強化,7,0,5,0
71112,reinforce_1001,刀源石 1年 2次 C,ブレードに装着する源石。1年生用 ランク 2、グレード C。<br>(パワーゲージ最大値 +1),装備アイテム強化,7,0,5,0
71113,reinforce_1001,刀源石 1年 2次 C+,ブレードに装着する源石。1年生用 ランク 2、グレード C+。<br>(パワーゲージ最大値 +1),装備アイテム強化,7,0,5,0
71114,reinforce_1001,刀源石 1年 2次 B-,ブレードに装着する源石。1年生用 ランク 2、グレード B-。<br>(パワーゲージ最大値 +1),装備アイテム強化,7,0,5,0
71115,reinforce_1001,刀源石 1年 2次 B,ブレードに装着する源石。1年生用 ランク 2、グレード B。<br>(パワーゲージ最大値 +1),装備アイテム強化,7,0,5,0
71116,reinforce_1001,刀源石 1年 2次 B+,ブレードに装着する源石。1年生用 ランク 2、グレード B+。<br>(パワーゲージ最大値 +1),装備アイテム強化,7,0,5,0
71117,reinforce_1001,刀源石 1年 2次 A-,ブレードに装着する源石。1年生用 ランク 2、グレード A-。<br>(パワーゲージ最大値 +1),装備アイテム強化,7,0,5,0
71118,reinforce_1001,刀源石 1年 2次 A,ブレードに装着する源石。1年生用 ランク 2、グレード A。<br>(パワーゲージ最大値 +1),装備アイテム強化,7,0,5,0
71119,reinforce_1001,刀源石 1年 2次 A+,ブレードに装着する源石。1年生用 ランク 2、グレード A+。<br>(パワーゲージ最大値 +1),装備アイテム強化,7,0,5,0
71120,reinforce_1001,刀源石 1年 2次 S,ブレードに装着する源石。1年生用 ランク 2、グレード S。<br>(パワーゲージ最大値 +1),装備アイテム強化,7,0,5,0
71121,reinforce_1001,刀源石 1年 2次 SS,ブレードに装着する源石。1年生用 ランク 2、グレード SS。<br>(パワーゲージ最大値 +1),装備アイテム強化,7,0,5,0
71122,reinforce_1001,刀源石 1年 3次 C-,ブレードに装着する源石。1年生用 ランク 3、グレード C-。<br>(パワーゲージ最大値 +1),装備アイテム強化,7,0,5,0
71123,reinforce_1001,刀源石 1年 3次 C,ブレードに装着する源石。1年生用 ランク 3、グレード C。<br>(パワーゲージ最大値 +1),装備アイテム強化,7,0,5,0
71124,reinforce_1001,刀源石 1年 3次 C+,ブレードに装着する源石。1年生用 ランク 3、グレード C+。<br>(パワーゲージ最大値 +1),装備アイテム強化,7,0,5,0
71125,reinforce_1001,刀源石 1年 3次 B-,ブレードに装着する源石。1年生用 ランク 3、グレード B-。<br>(パワーゲージ最大値 +1),装備アイテム強化,7,0,5,0
71126,reinforce_1001,刀源石 1年 3次 B,ブレードに装着する源石。1年生用 ランク 3、グレード B。<br>(パワーゲージ最大値 +1),装備アイテム強化,7,0,5,0
71127,reinforce_1001,刀源石 1年 3次 B+,ブレードに装着する源石。1年生用 ランク 3、グレード B+。<br>(パワーゲージ最大値 +1),装備アイテム強化,7,0,5,0
71128,reinforce_1001,刀源石 1年 3次 A-,ブレードに装着する源石。1年生用 ランク 3、グレード A-。<br>(パワーゲージ最大値 +1),装備アイテム強化,7,0,5,0
71129,reinforce_1001,刀源石 1年 3次 A,ブレードに装着する源石。1年生用 ランク 3、グレード A。<br>(パワーゲージ最大値 +1),装備アイテム強化,7,0,5,0
71130,reinforce_1001,刀源石 1年 3次 A+,ブレードに装着する源石。1年生用 ランク 3、グレード A+。<br>(パワーゲージ最大値 +1),装備アイテム強化,7,0,5,0
71131,reinforce_1001,刀源石 1年 3次 S,ブレードに装着する源石。1年生用 ランク 3、グレード S。<br>(パワーゲージ最大値 +1),装備アイテム強化,7,0,5,0
71132,reinforce_1001,刀源石 1年 3次 SS,ブレードに装着する源石。1年生用 ランク 3、グレード SS。<br>(パワーゲージ最大値 +1),装備アイテム強化,7,0,5,0
71133,reinforce_1001,刀源石 1年 4次 C-,ブレードに装着する源石。1年生用 ランク 4、グレード C-。<br>(パワーゲージ最大値 +1),装備アイテム強化,7,0,5,0
71134,reinforce_1001,刀源石 1年 4次 C,ブレードに装着する源石。1年生用 ランク 4、グレード C。<br>(パワーゲージ最大値 +1),装備アイテム強化,7,0,5,0
71135,reinforce_1001,刀源石 1年 4次 C+,ブレードに装着する源石。1年生用 ランク 4、グレード C+。<br>(パワーゲージ最大値 +1),装備アイテム強化,7,0,5,0
71136,reinforce_1001,刀源石 1年 4次 B-,ブレードに装着する源石。1年生用 ランク 4、グレード B-。<br>(パワーゲージ最大値 +1),装備アイテム強化,7,0,5,0
71137,reinforce_1001,刀源石 1年 4次 B,ブレードに装着する源石。1年生用 ランク 4、グレード B。<br>(パワーゲージ最大値 +1),装備アイテム強化,7,0,5,0
71138,reinforce_1001,刀源石 1年 4次 B+,ブレードに装着する源石。1年生用 ランク 4、グレード B+。<br>(パワーゲージ最大値 +1),装備アイテム強化,7,0,5,0
71139,reinforce_1001,刀源石 1年 4次 A-,ブレードに装着する源石。1年生用 ランク 4、グレード A-。<br>(パワーゲージ最大値 +1),装備アイテム強化,7,0,5,0
71140,reinforce_1001,刀源石 1年 4次 A,ブレードに装着する源石。1年生用 ランク 4、グレード A。<br>(パワーゲージ最大値 +1),装備アイテム強化,7,0,5,0
71141,reinforce_1001,刀源石 1年 4次 A+,ブレードに装着する源石。1年生用 ランク 4、グレード A+。<br>(パワーゲージ最大値 +1),装備アイテム強化,7,0,5,0
71142,reinforce_1001,刀源石 1年 4次 S,ブレードに装着する源石。1年生用 ランク 4、グレード S。<br>(パワーゲージ最大値 +1),装備アイテム強化,7,0,5,0
71143,reinforce_1001,刀源石 1年 4次 SS,ブレードに装着する源石。1年生用 ランク 4、グレード SS。<br>(パワーゲージ最大値 +1),装備アイテム強化,7,0,5,0
71144,reinforce_1001,刀源石 2年 1次 C-,ブレードに装着する源石。2年生用 ランク 1、グレード C-。<br>(パワーゲージ最大値 +1),装備アイテム強化,8,0,5,0
71145,reinforce_1001,刀源石 2年 1次 C,ブレードに装着する源石。2年生用 ランク 1、グレード C。<br>(パワーゲージ最大値 +1),装備アイテム強化,8,0,5,0
71146,reinforce_1001,刀源石 2年 1次 C+,ブレードに装着する源石。2年生用 ランク 1、グレード C+。<br>(パワーゲージ最大値 +1),装備アイテム強化,8,0,5,0
71147,reinforce_1001,刀源石 2年 1次 B-,ブレードに装着する源石。2年生用 ランク 1、グレード B-。<br>(パワーゲージ最大値 +1),装備アイテム強化,8,0,5,0
71148,reinforce_1001,刀源石 2年 1次 B,ブレードに装着する源石。2年生用 ランク 1、グレード B。<br>(パワーゲージ最大値 +1),装備アイテム強化,8,0,5,0
71149,reinforce_1001,刀源石 2年 1次 B+,ブレードに装着する源石。2年生用 ランク 1、グレード B+。<br>(パワーゲージ最大値 +1),装備アイテム強化,8,0,5,0
71150,reinforce_1001,刀源石 2年 1次 A-,ブレードに装着する源石。2年生用 ランク 1、グレード A-。<br>(パワーゲージ最大値 +1),装備アイテム強化,8,0,5,0
71151,reinforce_1001,刀源石 2年 1次 A,ブレードに装着する源石。2年生用 ランク 1、グレード A。<br>(パワーゲージ最大値 +1),装備アイテム強化,8,0,5,0
71152,reinforce_1001,刀源石 2年 1次 A+,ブレードに装着する源石。2年生用 ランク 1、グレード A+。<br>(パワーゲージ最大値 +1),装備アイテム強化,8,0,5,0
71153,reinforce_1001,刀源石 2年 1次 S,ブレードに装着する源石。2年生用 ランク 1、グレード S。<br>(パワーゲージ最大値 +1),装備アイテム強化,8,0,5,0
71154,reinforce_1001,刀源石 2年 1次 SS,ブレードに装着する源石。2年生用 ランク 1、グレード SS。<br>(パワーゲージ最大値 +1),装備アイテム強化,8,0,5,0
71155,reinforce_1001,刀源石 2年 2次 C-,ブレードに装着する源石。2年生用 ランク 2、グレード C-。<br>(パワーゲージ最大値 +1),装備アイテム強化,8,0,5,0
71156,reinforce_1001,刀源石 2年 2次 C,ブレードに装着する源石。2年生用 ランク 2、グレード C。<br>(パワーゲージ最大値 +1),装備アイテム強化,8,0,5,0
71157,reinforce_1001,刀源石 2年 2次 C+,ブレードに装着する源石。2年生用 ランク 2、グレード C+。<br>(パワーゲージ最大値 +1),装備アイテム強化,8,0,5,0
71158,reinforce_1001,刀源石 2年 2次 B-,ブレードに装着する源石。2年生用 ランク 2、グレード B-。<br>(パワーゲージ最大値 +1),装備アイテム強化,8,0,5,0
71159,reinforce_1001,刀源石 2年 2次 B,ブレードに装着する源石。2年生用 ランク 2、グレード B。<br>(パワーゲージ最大値 +1),装備アイテム強化,8,0,5,0
71160,reinforce_1001,刀源石 2年 2次 B+,ブレードに装着する源石。2年生用 ランク 2、グレード B+。<br>(パワーゲージ最大値 +1),装備アイテム強化,8,0,5,0
71161,reinforce_1001,刀源石 2年 2次 A-,ブレードに装着する源石。2年生用 ランク 2、グレード A-。<br>(パワーゲージ最大値 +1),装備アイテム強化,8,0,5,0
71162,reinforce_1001,刀源石 2年 2次 A,ブレードに装着する源石。2年生用 ランク 2、グレード A。<br>(パワーゲージ最大値 +1),装備アイテム強化,8,0,5,0
71163,reinforce_1001,刀源石 2年 2次 A+,ブレードに装着する源石。2年生用 ランク 2、グレード A+。<br>(パワーゲージ最大値 +1),装備アイテム強化,8,0,5,0
71164,reinforce_1001,刀源石 2年 2次 S,ブレードに装着する源石。2年生用 ランク 2、グレード S。<br>(パワーゲージ最大値 +1),装備アイテム強化,8,0,5,0
71165,reinforce_1001,刀源石 2年 2次 SS,ブレードに装着する源石。2年生用 ランク 2、グレード SS。<br>(パワーゲージ最大値 +1),装備アイテム強化,8,0,5,0
71166,reinforce_1001,刀源石 2年 3次 C-,ブレードに装着する源石。2年生用 ランク 3、グレード C-。<br>(パワーゲージ最大値 +1),装備アイテム強化,8,0,5,0
71167,reinforce_1001,刀源石 2年 3次 C,ブレードに装着する源石。2年生用 ランク 3、グレード C。<br>(パワーゲージ最大値 +1),装備アイテム強化,8,0,5,0
71168,reinforce_1001,刀源石 2年 3次 C+,ブレードに装着する源石。2年生用 ランク 3、グレード C+。<br>(パワーゲージ最大値 +1),装備アイテム強化,8,0,5,0
71169,reinforce_1001,刀源石 2年 3次 B-,ブレードに装着する源石。2年生用 ランク 3、グレード B-。<br>(パワーゲージ最大値 +1),装備アイテム強化,8,0,5,0
71170,reinforce_1001,刀源石 2年 3次 B,ブレードに装着する源石。2年生用 ランク 3、グレード B。<br>(パワーゲージ最大値 +1),装備アイテム強化,8,0,5,0
71171,reinforce_1001,刀源石 2年 3次 B+,ブレードに装着する源石。2年生用 ランク 3、グレード B+。<br>(パワーゲージ最大値 +1),装備アイテム強化,8,0,5,0
71172,reinforce_1001,刀源石 2年 3次 A-,ブレードに装着する源石。2年生用 ランク 3、グレード A-。<br>(パワーゲージ最大値 +1),装備アイテム強化,8,0,5,0
71173,reinforce_1001,刀源石 2年 3次 A,ブレードに装着する源石。2年生用 ランク 3、グレード A。<br>(パワーゲージ最大値 +1),装備アイテム強化,8,0,5,0
71174,reinforce_1001,刀源石 2年 3次 A+,ブレードに装着する源石。2年生用 ランク 3、グレード A+。<br>(パワーゲージ最大値 +1),装備アイテム強化,8,0,5,0
71175,reinforce_1001,刀源石 2年 3次 S,ブレードに装着する源石。2年生用 ランク 3、グレード S。<br>(パワーゲージ最大値 +1),装備アイテム強化,8,0,5,0
71176,reinforce_1001,刀源石 2年 3次 SS,ブレードに装着する源石。2年生用 ランク 3、グレード SS。<br>(パワーゲージ最大値 +1),装備アイテム強化,8,0,5,0
71177,reinforce_1001,刀源石 2年 4次 C-,ブレードに装着する源石。2年生用 ランク 4、グレード C-。<br>(パワーゲージ最大値 +1),装備アイテム強化,8,0,5,0
71178,reinforce_1001,刀源石 2年 4次 C,ブレードに装着する源石。2年生用 ランク 4、グレード C。<br>(パワーゲージ最大値 +1),装備アイテム強化,8,0,5,0
71179,reinforce_1001,刀源石 2年 4次 C+,ブレードに装着する源石。2年生用 ランク 4、グレード C+。<br>(パワーゲージ最大値 +1),装備アイテム強化,8,0,5,0
71180,reinforce_1001,刀源石 2年 4次 B-,ブレードに装着する源石。2年生用 ランク 4、グレード B-。<br>(パワーゲージ最大値 +1),装備アイテム強化,8,0,5,0
71181,reinforce_1001,刀源石 2年 4次 B,ブレードに装着する源石。2年生用 ランク 4、グレード B。<br>(パワーゲージ最大値 +1),装備アイテム強化,8,0,5,0
71182,reinforce_1001,刀源石 2年 4次 B+,ブレードに装着する源石。2年生用 ランク 4、グレード B+。<br>(パワーゲージ最大値 +1),装備アイテム強化,8,0,5,0
71183,reinforce_1001,刀源石 2年 4次 A-,ブレードに装着する源石。2年生用 ランク 4、グレード A-。<br>(パワーゲージ最大値 +1),装備アイテム強化,8,0,5,0
71184,reinforce_1001,刀源石 2年 4次 A,ブレードに装着する源石。2年生用 ランク 4、グレード A。<br>(パワーゲージ最大値 +1),装備アイテム強化,8,0,5,0
71185,reinforce_1001,刀源石 2年 4次 A+,ブレードに装着する源石。2年生用 ランク 4、グレード A+。<br>(パワーゲージ最大値 +1),装備アイテム強化,8,0,5,0
71186,reinforce_1001,刀源石 2年 4次 S,ブレードに装着する源石。2年生用 ランク 4、グレード S。<br>(パワーゲージ最大値 +1),装備アイテム強化,8,0,5,0
71187,reinforce_1001,刀源石 2年 4次 SS,ブレードに装着する源石。2年生用 ランク 4、グレード SS。<br>(パワーゲージ最大値 +1),装備アイテム強化,8,0,5,0
71188,reinforce_1001,刀源石 3年 1次 C-,ブレードに装着する源石。3年生用 ランク 1、グレード C-。<br>(パワーゲージ最大値 +1),装備アイテム強化,9,0,5,0
71189,reinforce_1001,刀源石 3年 1次 C,ブレードに装着する源石。3年生用 ランク 1、グレード C。<br>(パワーゲージ最大値 +1),装備アイテム強化,9,0,5,0
71190,reinforce_1001,刀源石 3年 1次 C+,ブレードに装着する源石。3年生用 ランク 1、グレード C+。<br>(パワーゲージ最大値 +1),装備アイテム強化,9,0,5,0
71191,reinforce_1001,刀源石 3年 1次 B-,ブレードに装着する源石。3年生用 ランク 1、グレード B-。<br>(パワーゲージ最大値 +1),装備アイテム強化,9,0,5,0
71192,reinforce_1001,刀源石 3年 1次 B,ブレードに装着する源石。3年生用 ランク 1、グレード B。<br>(パワーゲージ最大値 +1),装備アイテム強化,9,0,5,0
71193,reinforce_1001,刀源石 3年 1次 B+,ブレードに装着する源石。3年生用 ランク 1、グレード B+。<br>(パワーゲージ最大値 +1),装備アイテム強化,9,0,5,0
71194,reinforce_1001,刀源石 3年 1次 A-,ブレードに装着する源石。3年生用 ランク 1、グレード A-。<br>(パワーゲージ最大値 +1),装備アイテム強化,9,0,5,0
71195,reinforce_1001,刀源石 3年 1次 A,ブレードに装着する源石。3年生用 ランク 1、グレード A。<br>(パワーゲージ最大値 +1),装備アイテム強化,9,0,5,0
71196,reinforce_1001,刀源石 3年 1次 A+,ブレードに装着する源石。3年生用 ランク 1、グレード A+。<br>(パワーゲージ最大値 +1),装備アイテム強化,9,0,5,0
71197,reinforce_1001,刀源石 3年 1次 S,ブレードに装着する源石。3年生用 ランク 1、グレード S。<br>(パワーゲージ最大値 +1),装備アイテム強化,9,0,5,0
71198,reinforce_1001,刀源石 3年 1次 SS,ブレードに装着する源石。3年生用 ランク 1、グレード SS。<br>(パワーゲージ最大値 +1),装備アイテム強化,9,0,5,0
71199,reinforce_1001,刀源石 3年 2次 C-,ブレードに装着する源石。3年生用 ランク 2、グレード C-。<br>(パワーゲージ最大値 +1),装備アイテム強化,9,0,5,0
71200,reinforce_1001,刀源石 3年 2次 C,ブレードに装着する源石。3年生用 ランク 2、グレード C。<br>(パワーゲージ最大値 +1),装備アイテム強化,9,0,5,0
71201,reinforce_1001,刀源石 3年 2次 C+,ブレードに装着する源石。3年生用 ランク 2、グレード C+。<br>(パワーゲージ最大値 +1),装備アイテム強化,9,0,5,0
71202,reinforce_1001,刀源石 3年 2次 B-,ブレードに装着する源石。3年生用 ランク 2、グレード B-。<br>(パワーゲージ最大値 +1),装備アイテム強化,9,0,5,0
71203,reinforce_1001,刀源石 3年 2次 B,ブレードに装着する源石。3年生用 ランク 2、グレード B。<br>(パワーゲージ最大値 +1),装備アイテム強化,9,0,5,0
71204,reinforce_1001,刀源石 3年 2次 B+,ブレードに装着する源石。3年生用 ランク 2、グレード B+。<br>(パワーゲージ最大値 +1),装備アイテム強化,9,0,5,0
71205,reinforce_1001,刀源石 3年 2次 A-,ブレードに装着する源石。3年生用 ランク 2、グレード A-。<br>(パワーゲージ最大値 +1),装備アイテム強化,9,0,5,0
71206,reinforce_1001,刀源石 3年 2次 A,ブレードに装着する源石。3年生用 ランク 2、グレード A。<br>(パワーゲージ最大値 +1),装備アイテム強化,9,0,5,0
71207,reinforce_1001,刀源石 3年 2次 A+,ブレードに装着する源石。3年生用 ランク 2、グレード A+。<br>(パワーゲージ最大値 +1),装備アイテム強化,9,0,5,0
71208,reinforce_1001,刀源石 3年 2次 S,ブレードに装着する源石。3年生用 ランク 2、グレード S。<br>(パワーゲージ最大値 +1),装備アイテム強化,9,0,5,0
71209,reinforce_1001,刀源石 3年 2次 SS,ブレードに装着する源石。3年生用 ランク 2、グレード SS。<br>(パワーゲージ最大値 +1),装備アイテム強化,9,0,5,0
71210,reinforce_1001,刀源石 3年 3次 C-,ブレードに装着する源石。3年生用 ランク 3、グレード C-。<br>(パワーゲージ最大値 +1),装備アイテム強化,9,0,5,0
71211,reinforce_1001,刀源石 3年 3次 C,ブレードに装着する源石。3年生用 ランク 3、グレード C。<br>(パワーゲージ最大値 +1),装備アイテム強化,9,0,5,0
71212,reinforce_1001,刀源石 3年 3次 C+,ブレードに装着する源石。3年生用 ランク 3、グレード C+。<br>(パワーゲージ最大値 +1),装備アイテム強化,9,0,5,0
71213,reinforce_1001,刀源石 3年 3次 B-,ブレードに装着する源石。3年生用 ランク 3、グレード B-。<br>(パワーゲージ最大値 +1),装備アイテム強化,9,0,5,0
71214,reinforce_1001,刀源石 3年 3次 B,ブレードに装着する源石。3年生用 ランク 3、グレード B。<br>(パワーゲージ最大値 +1),装備アイテム強化,9,0,5,0
71215,reinforce_1001,刀源石 3年 3次 B+,ブレードに装着する源石。3年生用 ランク 3、グレード B+。<br>(パワーゲージ最大値 +1),装備アイテム強化,9,0,5,0
71216,reinforce_1001,刀源石 3年 3次 A-,ブレードに装着する源石。3年生用 ランク 3、グレード A-。<br>(パワーゲージ最大値 +1),装備アイテム強化,9,0,5,0
71217,reinforce_1001,刀源石 3年 3次 A,ブレードに装着する源石。3年生用 ランク 3、グレード A。<br>(パワーゲージ最大値 +1),装備アイテム強化,9,0,5,0
71218,reinforce_1001,刀源石 3年 3次 A+,ブレードに装着する源石。3年生用 ランク 3、グレード A+。<br>(パワーゲージ最大値 +1),装備アイテム強化,9,0,5,0
71219,reinforce_1001,刀源石 3年 3次 S,ブレードに装着する源石。3年生用 ランク 3、グレード S。<br>(パワーゲージ最大値 +1),装備アイテム強化,9,0,5,0
71220,reinforce_1001,刀源石 3年 3次 SS,ブレードに装着する源石。3年生用 ランク 3、グレード SS。<br>(パワーゲージ最大値 +1),装備アイテム強化,9,0,5,0
71221,reinforce_1001,刀源石 3年 4次 C-,ブレードに装着する源石。3年生用 ランク 4、グレード C-。<br>(パワーゲージ最大値 +1),装備アイテム強化,9,0,5,0
71222,reinforce_1001,刀源石 3年 4次 C,ブレードに装着する源石。3年生用 ランク 4、グレード C。<br>(パワーゲージ最大値 +1),装備アイテム強化,9,0,5,0
71223,reinforce_1001,刀源石 3年 4次 C+,ブレードに装着する源石。3年生用 ランク 4、グレード C+。<br>(パワーゲージ最大値 +1),装備アイテム強化,9,0,5,0
71224,reinforce_1001,刀源石 3年 4次 B-,ブレードに装着する源石。3年生用 ランク 4、グレード B-。<br>(パワーゲージ最大値 +1),装備アイテム強化,9,0,5,0
71225,reinforce_1001,刀源石 3年 4次 B,ブレードに装着する源石。3年生用 ランク 4、グレード B。<br>(パワーゲージ最大値 +1),装備アイテム強化,9,0,5,0
71226,reinforce_1001,刀源石 3年 4次 B+,ブレードに装着する源石。3年生用 ランク 4、グレード B+。<br>(パワーゲージ最大値 +1),装備アイテム強化,9,0,5,0
71227,reinforce_1001,刀源石 3年 4次 A-,ブレードに装着する源石。3年生用 ランク 4、グレード A-。<br>(パワーゲージ最大値 +1),装備アイテム強化,9,0,5,0
71228,reinforce_1001,刀源石 3年 4次 A,ブレードに装着する源石。3年生用 ランク 4、グレード A。<br>(パワーゲージ最大値 +1),装備アイテム強化,9,0,5,0
71229,reinforce_1001,刀源石 3年 4次 A+,ブレードに装着する源石。3年生用 ランク 4、グレード A+。<br>(パワーゲージ最大値 +1),装備アイテム強化,9,0,5,0
71230,reinforce_1001,刀源石 3年 4次 S,ブレードに装着する源石。3年生用 ランク 4、グレード S。<br>(パワーゲージ最大値 +1),装備アイテム強化,9,0,5,0
71231,reinforce_1001,刀源石 3年 4次 SS,ブレードに装着する源石。3年生用 ランク 4、グレード SS。<br>(パワーゲージ最大値 +1),装備アイテム強化,9,0,5,0
71232,reinforce_1001,刀源石 4年 1次 C-,ブレードに装着する源石。4年生用 ランク 1、グレード C-。<br>(パワーゲージ最大値 +1),装備アイテム強化,10,0,5,0
71233,reinforce_1001,刀源石 4年 1次 C,ブレードに装着する源石。4年生用 ランク 1、グレード C。<br>(パワーゲージ最大値 +1),装備アイテム強化,10,0,5,0
71234,reinforce_1001,刀源石 4年 1次 C+,ブレードに装着する源石。4年生用 ランク 1、グレード C+。<br>(パワーゲージ最大値 +1),装備アイテム強化,10,0,5,0
71235,reinforce_1001,刀源石 4年 1次 B-,ブレードに装着する源石。4年生用 ランク 1、グレード B-。<br>(パワーゲージ最大値 +1),装備アイテム強化,10,0,5,0
71236,reinforce_1001,刀源石 4年 1次 B,ブレードに装着する源石。4年生用 ランク 1、グレード B。<br>(パワーゲージ最大値 +1),装備アイテム強化,10,0,5,0
71237,reinforce_1001,刀源石 4年 1次 B+,ブレードに装着する源石。4年生用 ランク 1、グレード B+。<br>(パワーゲージ最大値 +1),装備アイテム強化,10,0,5,0
71238,reinforce_1001,刀源石 4年 1次 A-,ブレードに装着する源石。4年生用 ランク 1、グレード A-。<br>(パワーゲージ最大値 +1),装備アイテム強化,10,0,5,0
71239,reinforce_1001,刀源石 4年 1次 A,ブレードに装着する源石。4年生用 ランク 1、グレード A。<br>(パワーゲージ最大値 +1),装備アイテム強化,10,0,5,0
71240,reinforce_1001,刀源石 4年 1次 A+,ブレードに装着する源石。4年生用 ランク 1、グレード A+。<br>(パワーゲージ最大値 +1),装備アイテム強化,10,0,5,0
71241,reinforce_1001,刀源石 4年 1次 S,ブレードに装着する源石。4年生用 ランク 1、グレード S。<br>(パワーゲージ最大値 +1),装備アイテム強化,10,0,5,0
71242,reinforce_1001,刀源石 4年 1次 SS,ブレードに装着する源石。4年生用 ランク 1、グレード SS。<br>(パワーゲージ最大値 +1),装備アイテム強化,10,0,5,0
71243,reinforce_1001,刀源石 4年 2次 C-,ブレードに装着する源石。4年生用 ランク 2、グレード C-。<br>(パワーゲージ最大値 +1),装備アイテム強化,10,0,5,0
71244,reinforce_1001,刀源石 4年 2次 C,ブレードに装着する源石。4年生用 ランク 2、グレード C。<br>(パワーゲージ最大値 +1),装備アイテム強化,10,0,5,0
71245,reinforce_1001,刀源石 4年 2次 C+,ブレードに装着する源石。4年生用 ランク 2、グレード C+。<br>(パワーゲージ最大値 +1),装備アイテム強化,10,0,5,0
71246,reinforce_1001,刀源石 4年 2次 B-,ブレードに装着する源石。4年生用 ランク 2、グレード B-。<br>(パワーゲージ最大値 +1),装備アイテム強化,10,0,5,0
71247,reinforce_1001,刀源石 4年 2次 B,ブレードに装着する源石。4年生用 ランク 2、グレード B。<br>(パワーゲージ最大値 +1),装備アイテム強化,10,0,5,0
71248,reinforce_1001,刀源石 4年 2次 B+,ブレードに装着する源石。4年生用 ランク 2、グレード B+。<br>(パワーゲージ最大値 +1),装備アイテム強化,10,0,5,0
71249,reinforce_1001,刀源石 4年 2次 A-,ブレードに装着する源石。4年生用 ランク 2、グレード A-。<br>(パワーゲージ最大値 +1),装備アイテム強化,10,0,5,0
71250,reinforce_1001,刀源石 4年 2次 A,ブレードに装着する源石。4年生用 ランク 2、グレード A。<br>(パワーゲージ最大値 +1),装備アイテム強化,10,0,5,0
71251,reinforce_1001,刀源石 4年 2次 A+,ブレードに装着する源石。4年生用 ランク 2、グレード A+。<br>(パワーゲージ最大値 +1),装備アイテム強化,10,0,5,0
71252,reinforce_1001,刀源石 4年 2次 S,ブレードに装着する源石。4年生用 ランク 2、グレード S。<br>(パワーゲージ最大値 +1),装備アイテム強化,10,0,5,0
71253,reinforce_1001,刀源石 4年 2次 SS,ブレードに装着する源石。4年生用 ランク 2、グレード SS。<br>(パワーゲージ最大値 +1),装備アイテム強化,10,0,5,0
71254,reinforce_1001,刀源石 4年 3次 C-,ブレードに装着する源石。4年生用 ランク 3、グレード C-。<br>(パワーゲージ最大値 +1),装備アイテム強化,10,0,5,0
71255,reinforce_1001,刀源石 4年 3次 C,ブレードに装着する源石。4年生用 ランク 3、グレード C。<br>(パワーゲージ最大値 +1),装備アイテム強化,10,0,5,0
71256,reinforce_1001,刀源石 4年 3次 C+,ブレードに装着する源石。4年生用 ランク 3、グレード C+。<br>(パワーゲージ最大値 +1),装備アイテム強化,10,0,5,0
71257,reinforce_1001,刀源石 4年 3次 B-,ブレードに装着する源石。4年生用 ランク 3、グレード B-。<br>(パワーゲージ最大値 +1),装備アイテム強化,10,0,5,0
71258,reinforce_1001,刀源石 4年 3次 B,ブレードに装着する源石。4年生用 ランク 3、グレード B。<br>(パワーゲージ最大値 +1),装備アイテム強化,10,0,5,0
71259,reinforce_1001,刀源石 4年 3次 B+,ブレードに装着する源石。4年生用 ランク 3、グレード B+。<br>(パワーゲージ最大値 +1),装備アイテム強化,10,0,5,0
71260,reinforce_1001,刀源石 4年 3次 A-,ブレードに装着する源石。4年生用 ランク 3、グレード A-。<br>(パワーゲージ最大値 +1),装備アイテム強化,10,0,5,0
71261,reinforce_1001,刀源石 4年 3次 A,ブレードに装着する源石。4年生用 ランク 3、グレード A。<br>(パワーゲージ最大値 +1),装備アイテム強化,10,0,5,0
71262,reinforce_1001,刀源石 4年 3次 A+,ブレードに装着する源石。4年生用 ランク 3、グレード A+。<br>(パワーゲージ最大値 +1),装備アイテム強化,10,0,5,0
71263,reinforce_1001,刀源石 4年 3次 S,ブレードに装着する源石。4年生用 ランク 3、グレード S。<br>(パワーゲージ最大値 +1),装備アイテム強化,10,0,5,0
71264,reinforce_1001,刀源石 4年 3次 SS,ブレードに装着する源石。4年生用 ランク 3、グレード SS。<br>(パワーゲージ最大値 +1),装備アイテム強化,10,0,5,0
71265,reinforce_1001,刀源石 4年 4次 C-,ブレードに装着する源石。4年生用 ランク 4、グレード C-。<br>(パワーゲージ最大値 +1),装備アイテム強化,10,0,5,0
71266,reinforce_1001,刀源石 4年 4次 C,ブレードに装着する源石。4年生用 ランク 4、グレード C。<br>(パワーゲージ最大値 +1),装備アイテム強化,10,0,5,0
71267,reinforce_1001,刀源石 4年 4次 C+,ブレードに装着する源石。4年生用 ランク 4、グレード C+。<br>(パワーゲージ最大値 +1),装備アイテム強化,10,0,5,0
71268,reinforce_1001,刀源石 4年 4次 B-,ブレードに装着する源石。4年生用 ランク 4、グレード B-。<br>(パワーゲージ最大値 +1),装備アイテム強化,10,0,5,0
71269,reinforce_1001,刀源石 4年 4次 B,ブレードに装着する源石。4年生用 ランク 4、グレード B。<br>(パワーゲージ最大値 +1),装備アイテム強化,10,0,5,0
71270,reinforce_1001,刀源石 4年 4次 B+,ブレードに装着する源石。4年生用 ランク 4、グレード B+。<br>(パワーゲージ最大値 +1),装備アイテム強化,10,0,5,0
71271,reinforce_1001,刀源石 4年 4次 A-,ブレードに装着する源石。4年生用 ランク 4、グレード A-。<br>(パワーゲージ最大値 +1),装備アイテム強化,10,0,5,0
71272,reinforce_1001,刀源石 4年 4次 A,ブレードに装着する源石。4年生用 ランク 4、グレード A。<br>(パワーゲージ最大値 +1),装備アイテム強化,10,0,5,0
71273,reinforce_1001,刀源石 4年 4次 A+,ブレードに装着する源石。4年生用 ランク 4、グレード A+。<br>(パワーゲージ最大値 +1),装備アイテム強化,10,0,5,0
71274,reinforce_1001,刀源石 4年 4次 S,ブレードに装着する源石。4年生用 ランク 4、グレード S。<br>(パワーゲージ最大値 +1),装備アイテム強化,10,0,5,0
71275,reinforce_1001,刀源石 4年 4次 SS,ブレードに装着する源石。4年生用 ランク 4、グレード SS。<br>(パワーゲージ最大値 +1),装備アイテム強化,10,0,5,0
71276,reinforce_1001,刀源石 4年 5次 C-,ブレードに装着する源石。4年生用 ランク 5、グレード C-。<br>(パワーゲージ最大値 +1),装備アイテム強化,10,0,5,0
71277,reinforce_1001,刀源石 4年 5次 C,ブレードに装着する源石。4年生用 ランク 5、グレード C。<br>(パワーゲージ最大値 +1),装備アイテム強化,10,0,5,0
71278,reinforce_1001,刀源石 4年 5次 C+,ブレードに装着する源石。4年生用 ランク 5、グレード C+。<br>(パワーゲージ最大値 +1),装備アイテム強化,10,0,5,0
71279,reinforce_1001,刀源石 4年 5次 B-,ブレードに装着する源石。4年生用 ランク 5、グレード B-。<br>(パワーゲージ最大値 +1),装備アイテム強化,10,0,5,0
71280,reinforce_1001,刀源石 4年 5次 B,ブレードに装着する源石。4年生用 ランク 5、グレード B。<br>(パワーゲージ最大値 +1),装備アイテム強化,10,0,5,0
71281,reinforce_1001,刀源石 4年 5次 B+,ブレードに装着する源石。4年生用 ランク 5、グレード B+。<br>(パワーゲージ最大値 +1),装備アイテム強化,10,0,5,0
71282,reinforce_1001,刀源石 4年 5次 A-,ブレードに装着する源石。4年生用 ランク 5、グレード A-。<br>(パワーゲージ最大値 +1),装備アイテム強化,10,0,5,0
71283,reinforce_1001,刀源石 4年 5次 A,ブレードに装着する源石。4年生用 ランク 5、グレード A。<br>(パワーゲージ最大値 +1),装備アイテム強化,10,0,5,0
71284,reinforce_1001,刀源石 4年 5次 A+,ブレードに装着する源石。4年生用 ランク 5、グレード A+。<br>(パワーゲージ最大値 +1),装備アイテム強化,10,0,5,0
71285,reinforce_1001,刀源石 4年 5次 S,ブレードに装着する源石。4年生用 ランク 5、グレード S。<br>(パワーゲージ最大値 +1),装備アイテム強化,10,0,5,0
71286,reinforce_1001,刀源石 4年 5次 SS,ブレードに装着する源石。4年生用 ランク 5、グレード SS。<br>(パワーゲージ最大値 +1),装備アイテム強化,10,0,5,0
71287,reinforce_1001,刀源石 5年 1次 C-,ブレードに装着する源石。5年生用 ランク 1、グレード C-。<br>(パワーゲージ最大値 +1),装備アイテム強化,11,0,5,0
71288,reinforce_1001,刀源石 5年 1次 C,ブレードに装着する源石。5年生用 ランク 1、グレード C。<br>(パワーゲージ最大値 +1),装備アイテム強化,11,0,5,0
71289,reinforce_1001,刀源石 5年 1次 C+,ブレードに装着する源石。5年生用 ランク 1、グレード C+。<br>(パワーゲージ最大値 +1),装備アイテム強化,11,0,5,0
71290,reinforce_1001,刀源石 5年 1次 B-,ブレードに装着する源石。5年生用 ランク 1、グレード B-。<br>(パワーゲージ最大値 +1),装備アイテム強化,11,0,5,0
71291,reinforce_1001,刀源石 5年 1次 B,ブレードに装着する源石。5年生用 ランク 1、グレード B。<br>(パワーゲージ最大値 +1),装備アイテム強化,11,0,5,0
71292,reinforce_1001,刀源石 5年 1次 B+,ブレードに装着する源石。5年生用 ランク 1、グレード B+。<br>(パワーゲージ最大値 +1),装備アイテム強化,11,0,5,0
71293,reinforce_1001,刀源石 5年 1次 A-,ブレードに装着する源石。5年生用 ランク 1、グレード A-。<br>(パワーゲージ最大値 +1),装備アイテム強化,11,0,5,0
71294,reinforce_1001,刀源石 5年 1次 A,ブレードに装着する源石。5年生用 ランク 1、グレード A。<br>(パワーゲージ最大値 +1),装備アイテム強化,11,0,5,0
71295,reinforce_1001,刀源石 5年 1次 A+,ブレードに装着する源石。5年生用 ランク 1、グレード A+。<br>(パワーゲージ最大値 +1),装備アイテム強化,11,0,5,0
71296,reinforce_1001,刀源石 5年 1次 S,ブレードに装着する源石。5年生用 ランク 1、グレード S。<br>(パワーゲージ最大値 +1),装備アイテム強化,11,0,5,0
71297,reinforce_1001,刀源石 5年 1次 SS,ブレードに装着する源石。5年生用 ランク 1、グレード SS。<br>(パワーゲージ最大値 +1),装備アイテム強化,11,0,5,0
71298,reinforce_1001,刀源石 5年 2次 C-,ブレードに装着する源石。5年生用 ランク 2、グレード C-。<br>(パワーゲージ最大値 +1),装備アイテム強化,11,0,5,0
71299,reinforce_1001,刀源石 5年 2次 C,ブレードに装着する源石。5年生用 ランク 2、グレード C。<br>(パワーゲージ最大値 +1),装備アイテム強化,11,0,5,0
71300,reinforce_1001,刀源石 5年 2次 C+,ブレードに装着する源石。5年生用 ランク 2、グレード C+。<br>(パワーゲージ最大値 +1),装備アイテム強化,11,0,5,0
71301,reinforce_1001,刀源石 5年 2次 B-,ブレードに装着する源石。5年生用 ランク 2、グレード B-。<br>(パワーゲージ最大値 +1),装備アイテム強化,11,0,5,0
71302,reinforce_1001,刀源石 5年 2次 B,ブレードに装着する源石。5年生用 ランク 2、グレード B。<br>(パワーゲージ最大値 +1),装備アイテム強化,11,0,5,0
71303,reinforce_1001,刀源石 5年 2次 B+,ブレードに装着する源石。5年生用 ランク 2、グレード B+。<br>(パワーゲージ最大値 +1),装備アイテム強化,11,0,5,0
71304,reinforce_1001,刀源石 5年 2次 A-,ブレードに装着する源石。5年生用 ランク 2、グレード A-。<br>(パワーゲージ最大値 +1),装備アイテム強化,11,0,5,0
71305,reinforce_1001,刀源石 5年 2次 A,ブレードに装着する源石。5年生用 ランク 2、グレード A。<br>(パワーゲージ最大値 +1),装備アイテム強化,11,0,5,0
71306,reinforce_1001,刀源石 5年 2次 A+,ブレードに装着する源石。5年生用 ランク 2、グレード A+。<br>(パワーゲージ最大値 +1),装備アイテム強化,11,0,5,0
71307,reinforce_1001,刀源石 5年 2次 S,ブレードに装着する源石。5年生用 ランク 2、グレード S。<br>(パワーゲージ最大値 +1),装備アイテム強化,11,0,5,0
71308,reinforce_1001,刀源石 5年 2次 SS,ブレードに装着する源石。5年生用 ランク 2、グレード SS。<br>(パワーゲージ最大値 +1),装備アイテム強化,11,0,5,0
71309,reinforce_1001,刀源石 5年 3次 C-,ブレードに装着する源石。5年生用 ランク 3、グレード C-。<br>(パワーゲージ最大値 +1),装備アイテム強化,11,0,5,0
71310,reinforce_1001,刀源石 5年 3次 C,ブレードに装着する源石。5年生用 ランク 3、グレード C。<br>(パワーゲージ最大値 +1),装備アイテム強化,11,0,5,0
71311,reinforce_1001,刀源石 5年 3次 C+,ブレードに装着する源石。5年生用 ランク 3、グレード C+。<br>(パワーゲージ最大値 +1),装備アイテム強化,11,0,5,0
71312,reinforce_1001,刀源石 5年 3次 B-,ブレードに装着する源石。5年生用 ランク 3、グレード B-。<br>(パワーゲージ最大値 +1),装備アイテム強化,11,0,5,0
71313,reinforce_1001,刀源石 5年 3次 B,ブレードに装着する源石。5年生用 ランク 3、グレード B。<br>(パワーゲージ最大値 +1),装備アイテム強化,11,0,5,0
71314,reinforce_1001,刀源石 5年 3次 B+,ブレードに装着する源石。5年生用 ランク 3、グレード B+。<br>(パワーゲージ最大値 +1),装備アイテム強化,11,0,5,0
71315,reinforce_1001,刀源石 5年 3次 A-,ブレードに装着する源石。5年生用 ランク 3、グレード A-。<br>(パワーゲージ最大値 +1),装備アイテム強化,11,0,5,0
71316,reinforce_1001,刀源石 5年 3次 A,ブレードに装着する源石。5年生用 ランク 3、グレード A。<br>(パワーゲージ最大値 +1),装備アイテム強化,11,0,5,0
71317,reinforce_1001,刀源石 5年 3次 A+,ブレードに装着する源石。5年生用 ランク 3、グレード A+。<br>(パワーゲージ最大値 +1),装備アイテム強化,11,0,5,0
71318,reinforce_1001,刀源石 5年 3次 S,ブレードに装着する源石。5年生用 ランク 3、グレード S。<br>(パワーゲージ最大値 +1),装備アイテム強化,11,0,5,0
71319,reinforce_1001,刀源石 5年 3次 SS,ブレードに装着する源石。5年生用 ランク 3、グレード SS。<br>(パワーゲージ最大値 +1),装備アイテム強化,11,0,5,0
71320,reinforce_1001,刀源石 5年 4次 C-,ブレードに装着する源石。5年生用 ランク 4、グレード C-。<br>(パワーゲージ最大値 +1),装備アイテム強化,11,0,5,0
71321,reinforce_1001,刀源石 5年 4次 C,ブレードに装着する源石。5年生用 ランク 4、グレード C。<br>(パワーゲージ最大値 +1),装備アイテム強化,11,0,5,0
71322,reinforce_1001,刀源石 5年 4次 C+,ブレードに装着する源石。5年生用 ランク 4、グレード C+。<br>(パワーゲージ最大値 +1),装備アイテム強化,11,0,5,0
71323,reinforce_1001,刀源石 5年 4次 B-,ブレードに装着する源石。5年生用 ランク 4、グレード B-。<br>(パワーゲージ最大値 +1),装備アイテム強化,11,0,5,0
71324,reinforce_1001,刀源石 5年 4次 B,ブレードに装着する源石。5年生用 ランク 4、グレード B。<br>(パワーゲージ最大値 +1),装備アイテム強化,11,0,5,0
71325,reinforce_1001,刀源石 5年 4次 B+,ブレードに装着する源石。5年生用 ランク 4、グレード B+。<br>(パワーゲージ最大値 +1),装備アイテム強化,11,0,5,0
71326,reinforce_1001,刀源石 5年 4次 A-,ブレードに装着する源石。5年生用 ランク 4、グレード A-。<br>(パワーゲージ最大値 +1),装備アイテム強化,11,0,5,0
71327,reinforce_1001,刀源石 5年 4次 A,ブレードに装着する源石。5年生用 ランク 4、グレード A。<br>(パワーゲージ最大値 +1),装備アイテム強化,11,0,5,0
71328,reinforce_1001,刀源石 5年 4次 A+,ブレードに装着する源石。5年生用 ランク 4、グレード A+。<br>(パワーゲージ最大値 +1),装備アイテム強化,11,0,5,0
71329,reinforce_1001,刀源石 5年 4次 S,ブレードに装着する源石。5年生用 ランク 4、グレード S。<br>(パワーゲージ最大値 +1),装備アイテム強化,11,0,5,0
71330,reinforce_1001,刀源石 5年 4次 SS,ブレードに装着する源石。5年生用 ランク 4、グレード SS。<br>(パワーゲージ最大値 +1),装備アイテム強化,11,0,5,0
71331,reinforce_1001,刀源石 5年 5次 C-,ブレードに装着する源石。5年生用 ランク 5、グレード C-。<br>(パワーゲージ最大値 +1),装備アイテム強化,11,0,5,0
71332,reinforce_1001,刀源石 5年 5次 C,ブレードに装着する源石。5年生用 ランク 5、グレード C。<br>(パワーゲージ最大値 +1),装備アイテム強化,11,0,5,0
71333,reinforce_1001,刀源石 5年 5次 C+,ブレードに装着する源石。5年生用 ランク 5、グレード C+。<br>(パワーゲージ最大値 +1),装備アイテム強化,11,0,5,0
71334,reinforce_1001,刀源石 5年 5次 B-,ブレードに装着する源石。5年生用 ランク 5、グレード B-。<br>(パワーゲージ最大値 +1),装備アイテム強化,11,0,5,0
71335,reinforce_1001,刀源石 5年 5次 B,ブレードに装着する源石。5年生用 ランク 5、グレード B。<br>(パワーゲージ最大値 +1),装備アイテム強化,11,0,5,0
71336,reinforce_1001,刀源石 5年 5次 B+,ブレードに装着する源石。5年生用 ランク 5、グレード B+。<br>(パワーゲージ最大値 +1),装備アイテム強化,11,0,5,0
71337,reinforce_1001,刀源石 5年 5次 A-,ブレードに装着する源石。5年生用 ランク 5、グレード A-。<br>(パワーゲージ最大値 +1),装備アイテム強化,11,0,5,0
71338,reinforce_1001,刀源石 5年 5次 A,ブレードに装着する源石。5年生用 ランク 5、グレード A。<br>(パワーゲージ最大値 +1),装備アイテム強化,11,0,5,0
71339,reinforce_1001,刀源石 5年 5次 A+,ブレードに装着する源石。5年生用 ランク 5、グレード A+。<br>(パワーゲージ最大値 +1),装備アイテム強化,11,0,5,0
71340,reinforce_1001,刀源石 5年 5次 S,ブレードに装着する源石。5年生用 ランク 5、グレード S。<br>(パワーゲージ最大値 +1),装備アイテム強化,11,0,5,0
71341,reinforce_1001,刀源石 5年 5次 SS,ブレードに装着する源石。5年生用 ランク 5、グレード SS。<br>(パワーゲージ最大値 +1),装備アイテム強化,11,0,5,0
71342,reinforce_1001,刀源石 5年 6次 C-,ブレードに装着する源石。5年生用 ランク 6、グレード C-。<br>(パワーゲージ最大値 +1),装備アイテム強化,11,0,5,0
71343,reinforce_1001,刀源石 5年 6次 C,ブレードに装着する源石。5年生用 ランク 6、グレード C。<br>(パワーゲージ最大値 +1),装備アイテム強化,11,0,5,0
71344,reinforce_1001,刀源石 5年 6次 C+,ブレードに装着する源石。5年生用 ランク 6、グレード C+。<br>(パワーゲージ最大値 +1),装備アイテム強化,11,0,5,0
71345,reinforce_1001,刀源石 5年 6次 B-,ブレードに装着する源石。5年生用 ランク 6、グレード B-。<br>(パワーゲージ最大値 +1),装備アイテム強化,11,0,5,0
71346,reinforce_1001,刀源石 5年 6次 B,ブレードに装着する源石。5年生用 ランク 6、グレード B。<br>(パワーゲージ最大値 +1),装備アイテム強化,11,0,5,0
71347,reinforce_1001,刀源石 5年 6次 B+,ブレードに装着する源石。5年生用 ランク 6、グレード B+。<br>(パワーゲージ最大値 +1),装備アイテム強化,11,0,5,0
71348,reinforce_1001,刀源石 5年 6次 A-,ブレードに装着する源石。5年生用 ランク 6、グレード A-。<br>(パワーゲージ最大値 +1),装備アイテム強化,11,0,5,0
71349,reinforce_1001,刀源石 5年 6次 A,ブレードに装着する源石。5年生用 ランク 6、グレード A。<br>(パワーゲージ最大値 +1),装備アイテム強化,11,0,5,0
71350,reinforce_1001,刀源石 5年 6次 A+,ブレードに装着する源石。5年生用 ランク 6、グレード A+。<br>(パワーゲージ最大値 +1),装備アイテム強化,11,0,5,0
71351,reinforce_1001,刀源石 5年 6次 S,ブレードに装着する源石。5年生用 ランク 6、グレード S。<br>(パワーゲージ最大値 +1),装備アイテム強化,11,0,5,0
71352,reinforce_1001,刀源石 5年 6次 SS,ブレードに装着する源石。5年生用 ランク 6、グレード SS。<br>(パワーゲージ最大値 +1),装備アイテム強化,11,0,5,0
71353,reinforce_1001,刀源石 5年 7次 C-,ブレードに装着する源石。5年生用 ランク 7、グレード C-。<br>(パワーゲージ最大値 +1),装備アイテム強化,11,0,5,0
71354,reinforce_1001,刀源石 5年 7次 C,ブレードに装着する源石。5年生用 ランク 7、グレード C。<br>(パワーゲージ最大値 +1),装備アイテム強化,11,0,5,0
71355,reinforce_1001,刀源石 5年 7次 C+,ブレードに装着する源石。5年生用 ランク 7、グレード C+。<br>(パワーゲージ最大値 +1),装備アイテム強化,11,0,5,0
71356,reinforce_1001,刀源石 5年 7次 B-,ブレードに装着する源石。5年生用 ランク 7、グレード B-。<br>(パワーゲージ最大値 +1),装備アイテム強化,11,0,5,0
71357,reinforce_1001,刀源石 5年 7次 B,ブレードに装着する源石。5年生用 ランク 7、グレード B。<br>(パワーゲージ最大値 +1),装備アイテム強化,11,0,5,0
71358,reinforce_1001,刀源石 5年 7次 B+,ブレードに装着する源石。5年生用 ランク 7、グレード B+。<br>(パワーゲージ最大値 +1),装備アイテム強化,11,0,5,0
71359,reinforce_1001,刀源石 5年 7次 A-,ブレードに装着する源石。5年生用 ランク 7、グレード A-。<br>(パワーゲージ最大値 +1),装備アイテム強化,11,0,5,0
71360,reinforce_1001,刀源石 5年 7次 A,ブレードに装着する源石。5年生用 ランク 7、グレード A。<br>(パワーゲージ最大値 +1),装備アイテム強化,11,0,5,0
71361,reinforce_1001,刀源石 5年 7次 A+,ブレードに装着する源石。5年生用 ランク 7、グレード A+。<br>(パワーゲージ最大値 +1),装備アイテム強化,11,0,5,0
71362,reinforce_1001,刀源石 5年 7次 S,ブレードに装着する源石。5年生用 ランク 7、グレード S。<br>(パワーゲージ最大値 +1),装備アイテム強化,11,0,5,0
71363,reinforce_1001,刀源石 5年 7次 SS,ブレードに装着する源石。5年生用 ランク 7、グレード SS。<br>(パワーゲージ最大値 +1),装備アイテム強化,11,0,5,0
71364,reinforce_1001,刀源石 5年 8次 C-,ブレードに装着する源石。5年生用 ランク 8、グレード C-。<br>(パワーゲージ最大値 +1),装備アイテム強化,11,0,5,0
71365,reinforce_1001,刀源石 5年 8次 C,ブレードに装着する源石。5年生用 ランク 8、グレード C。<br>(パワーゲージ最大値 +1),装備アイテム強化,11,0,5,0
71366,reinforce_1001,刀源石 5年 8次 C+,ブレードに装着する源石。5年生用 ランク 8、グレード C+。<br>(パワーゲージ最大値 +1),装備アイテム強化,11,0,5,0
71367,reinforce_1001,刀源石 5年 8次 B-,ブレードに装着する源石。5年生用 ランク 8、グレード B-。<br>(パワーゲージ最大値 +1),装備アイテム強化,11,0,5,0
71368,reinforce_1001,刀源石 5年 8次 B,ブレードに装着する源石。5年生用 ランク 8、グレード B。<br>(パワーゲージ最大値 +1),装備アイテム強化,11,0,5,0
71369,reinforce_1001,刀源石 5年 8次 B+,ブレードに装着する源石。5年生用 ランク 8、グレード B+。<br>(パワーゲージ最大値 +1),装備アイテム強化,11,0,5,0
71370,reinforce_1001,刀源石 5年 8次 A-,ブレードに装着する源石。5年生用 ランク 8、グレード A-。<br>(パワーゲージ最大値 +1),装備アイテム強化,11,0,5,0
71371,reinforce_1001,刀源石 5年 8次 A,ブレードに装着する源石。5年生用 ランク 8、グレード A。<br>(パワーゲージ最大値 +1),装備アイテム強化,11,0,5,0
71372,reinforce_1001,刀源石 5年 8次 A+,ブレードに装着する源石。5年生用 ランク 8、グレード A+。<br>(パワーゲージ最大値 +1),装備アイテム強化,11,0,5,0
71373,reinforce_1001,刀源石 5年 8次 S,ブレードに装着する源石。5年生用 ランク 8、グレード S。<br>(パワーゲージ最大値 +1),装備アイテム強化,11,0,5,0
71374,reinforce_1001,刀源石 5年 8次 SS,ブレードに装着する源石。5年生用 ランク 8、グレード SS。<br>(パワーゲージ最大値 +1),装備アイテム強化,11,0,5,0
71375,reinforce_1001,刀源石 6年 1次 C-,ブレードに装着する源石。6年生用 ランク 1、グレード C-。<br>(パワーゲージ最大値 +1),装備アイテム強化,11,0,5,0
71376,reinforce_1001,刀源石 6年 1次 C,ブレードに装着する源石。6年生用 ランク 1、グレード C。<br>(パワーゲージ最大値 +1),装備アイテム強化,11,0,5,0
71377,reinforce_1001,刀源石 6年 1次 C+,ブレードに装着する源石。6年生用 ランク 1、グレード C+。<br>(パワーゲージ最大値 +1),装備アイテム強化,11,0,5,0
71378,reinforce_1001,刀源石 6年 1次 B-,ブレードに装着する源石。6年生用 ランク 1、グレード B-。<br>(パワーゲージ最大値 +1),装備アイテム強化,11,0,5,0
71379,reinforce_1001,刀源石 6年 1次 B,ブレードに装着する源石。6年生用 ランク 1、グレード B。<br>(パワーゲージ最大値 +1),装備アイテム強化,11,0,5,0
71380,reinforce_1001,刀源石 6年 1次 B+,ブレードに装着する源石。6年生用 ランク 1、グレード B+。<br>(パワーゲージ最大値 +1),装備アイテム強化,11,0,5,0
71381,reinforce_1001,刀源石 6年 1次 A-,ブレードに装着する源石。6年生用 ランク 1、グレード A-。<br>(パワーゲージ最大値 +1),装備アイテム強化,11,0,5,0
71382,reinforce_1001,刀源石 6年 1次 A,ブレードに装着する源石。6年生用 ランク 1、グレード A。<br>(パワーゲージ最大値 +1),装備アイテム強化,11,0,5,0
71383,reinforce_1001,刀源石 6年 1次 A+,ブレードに装着する源石。6年生用 ランク 1、グレード A+。<br>(パワーゲージ最大値 +1),装備アイテム強化,11,0,5,0
71384,reinforce_1001,刀源石 6年 1次 S,ブレードに装着する源石。6年生用 ランク 1、グレード S。<br>(パワーゲージ最大値 +1),装備アイテム強化,11,0,5,0
71385,reinforce_1001,刀源石 6年 1次 SS,ブレードに装着する源石。6年生用 ランク 1、グレード SS。<br>(パワーゲージ最大値 +1),装備アイテム強化,11,0,5,0
71386,reinforce_1001,刀源石 6年 2次 C-,ブレードに装着する源石。6年生用 ランク 2、グレード C-。<br>(パワーゲージ最大値 +1),装備アイテム強化,11,0,5,0
71387,reinforce_1001,刀源石 6年 2次 C,ブレードに装着する源石。6年生用 ランク 2、グレード C。<br>(パワーゲージ最大値 +1),装備アイテム強化,11,0,5,0
71388,reinforce_1001,刀源石 6年 2次 C+,ブレードに装着する源石。6年生用 ランク 2、グレード C+。<br>(パワーゲージ最大値 +1),装備アイテム強化,11,0,5,0
71389,reinforce_1001,刀源石 6年 2次 B-,ブレードに装着する源石。6年生用 ランク 2、グレード B-。<br>(パワーゲージ最大値 +1),装備アイテム強化,11,0,5,0
71390,reinforce_1001,刀源石 6年 2次 B,ブレードに装着する源石。6年生用 ランク 2、グレード B。<br>(パワーゲージ最大値 +1),装備アイテム強化,11,0,5,0
71391,reinforce_1001,刀源石 6年 2次 B+,ブレードに装着する源石。6年生用 ランク 2、グレード B+。<br>(パワーゲージ最大値 +1),装備アイテム強化,11,0,5,0
71392,reinforce_1001,刀源石 6年 2次 A-,ブレードに装着する源石。6年生用 ランク 2、グレード A-。<br>(パワーゲージ最大値 +1),装備アイテム強化,11,0,5,0
71393,reinforce_1001,刀源石 6年 2次 A,ブレードに装着する源石。6年生用 ランク 2、グレード A。<br>(パワーゲージ最大値 +1),装備アイテム強化,11,0,5,0
71394,reinforce_1001,刀源石 6年 2次 A+,ブレードに装着する源石。6年生用 ランク 2、グレード A+。<br>(パワーゲージ最大値 +1),装備アイテム強化,11,0,5,0
71395,reinforce_1001,刀源石 6年 2次 S,ブレードに装着する源石。6年生用 ランク 2、グレード S。<br>(パワーゲージ最大値 +1),装備アイテム強化,11,0,5,0
71396,reinforce_1001,刀源石 6年 2次 SS,ブレードに装着する源石。6年生用 ランク 2、グレード SS。<br>(パワーゲージ最大値 +1),装備アイテム強化,11,0,5,0
71397,reinforce_1001,刀源石 6年 3次 C-,ブレードに装着する源石。6年生用 ランク 3、グレード C-。<br>(パワーゲージ最大値 +1),装備アイテム強化,11,0,5,0
71398,reinforce_1001,刀源石 6年 3次 C,ブレードに装着する源石。6年生用 ランク 3、グレード C。<br>(パワーゲージ最大値 +1),装備アイテム強化,11,0,5,0
71399,reinforce_1001,刀源石 6年 3次 C+,ブレードに装着する源石。6年生用 ランク 3、グレード C+。<br>(パワーゲージ最大値 +1),装備アイテム強化,11,0,5,0
71400,reinforce_1001,刀源石 6年 3次 B-,ブレードに装着する源石。6年生用 ランク 3、グレード B-。<br>(パワーゲージ最大値 +1),装備アイテム強化,11,0,5,0
71401,reinforce_1001,刀源石 6年 3次 B,ブレードに装着する源石。6年生用 ランク 3、グレード B。<br>(パワーゲージ最大値 +1),装備アイテム強化,11,0,5,0
71402,reinforce_1001,刀源石 6年 3次 B+,ブレードに装着する源石。6年生用 ランク 3、グレード B+。<br>(パワーゲージ最大値 +1),装備アイテム強化,11,0,5,0
71403,reinforce_1001,刀源石 6年 3次 A-,ブレードに装着する源石。6年生用 ランク 3、グレード A-。<br>(パワーゲージ最大値 +1),装備アイテム強化,11,0,5,0
71404,reinforce_1001,刀源石 6年 3次 A,ブレードに装着する源石。6年生用 ランク 3、グレード A。<br>(パワーゲージ最大値 +1),装備アイテム強化,11,0,5,0
71405,reinforce_1001,刀源石 6年 3次 A+,ブレードに装着する源石。6年生用 ランク 3、グレード A+。<br>(パワーゲージ最大値 +1),装備アイテム強化,11,0,5,0
71406,reinforce_1001,刀源石 6年 3次 S,ブレードに装着する源石。6年生用 ランク 3、グレード S。<br>(パワーゲージ最大値 +1),装備アイテム強化,11,0,5,0
71407,reinforce_1001,刀源石 6年 3次 SS,ブレードに装着する源石。6年生用 ランク 3、グレード SS。<br>(パワーゲージ最大値 +1),装備アイテム強化,11,0,5,0
71408,reinforce_1001,刀源石 6年 4次 C-,ブレードに装着する源石。6年生用 ランク 4、グレード C-。<br>(パワーゲージ最大値 +1),装備アイテム強化,11,0,5,0
71409,reinforce_1001,刀源石 6年 4次 C,ブレードに装着する源石。6年生用 ランク 4、グレード C。<br>(パワーゲージ最大値 +1),装備アイテム強化,11,0,5,0
71410,reinforce_1001,刀源石 6年 4次 C+,ブレードに装着する源石。6年生用 ランク 4、グレード C+。<br>(パワーゲージ最大値 +1),装備アイテム強化,11,0,5,0
71411,reinforce_1001,刀源石 6年 4次 B-,ブレードに装着する源石。6年生用 ランク 4、グレード B-。<br>(パワーゲージ最大値 +1),装備アイテム強化,11,0,5,0
71412,reinforce_1001,刀源石 6年 4次 B,ブレードに装着する源石。6年生用 ランク 4、グレード B。<br>(パワーゲージ最大値 +1),装備アイテム強化,11,0,5,0
71413,reinforce_1001,刀源石 6年 4次 B+,ブレードに装着する源石。6年生用 ランク 4、グレード B+。<br>(パワーゲージ最大値 +1),装備アイテム強化,11,0,5,0
71414,reinforce_1001,刀源石 6年 4次 A-,ブレードに装着する源石。6年生用 ランク 4、グレード A-。<br>(パワーゲージ最大値 +1),装備アイテム強化,11,0,5,0
71415,reinforce_1001,刀源石 6年 4次 A,ブレードに装着する源石。6年生用 ランク 4、グレード A。<br>(パワーゲージ最大値 +1),装備アイテム強化,11,0,5,0
71416,reinforce_1001,刀源石 6年 4次 A+,ブレードに装着する源石。6年生用 ランク 4、グレード A+。<br>(パワーゲージ最大値 +1),装備アイテム強化,11,0,5,0
71417,reinforce_1001,刀源石 6年 4次 S,ブレードに装着する源石。6年生用 ランク 4、グレード S。<br>(パワーゲージ最大値 +1),装備アイテム強化,11,0,5,0
71418,reinforce_1001,刀源石 6年 4次 SS,ブレードに装着する源石。6年生用 ランク 4、グレード SS。<br>(パワーゲージ最大値 +1),装備アイテム強化,11,0,5,0
71419,reinforce_1001,刀源石 6年 5次 C-,ブレードに装着する源石。6年生用 ランク 5、グレード C-。<br>(パワーゲージ最大値 +1),装備アイテム強化,11,0,5,0
71420,reinforce_1001,刀源石 6年 5次 C,ブレードに装着する源石。6年生用 ランク 5、グレード C。<br>(パワーゲージ最大値 +1),装備アイテム強化,11,0,5,0
71421,reinforce_1001,刀源石 6年 5次 C+,ブレードに装着する源石。6年生用 ランク 5、グレード C+。<br>(パワーゲージ最大値 +1),装備アイテム強化,11,0,5,0
71422,reinforce_1001,刀源石 6年 5次 B-,ブレードに装着する源石。6年生用 ランク 5、グレード B-。<br>(パワーゲージ最大値 +1),装備アイテム強化,11,0,5,0
71423,reinforce_1001,刀源石 6年 5次 B,ブレードに装着する源石。6年生用 ランク 5、グレード B。<br>(パワーゲージ最大値 +1),装備アイテム強化,11,0,5,0
71424,reinforce_1001,刀源石 6年 5次 B+,ブレードに装着する源石。6年生用 ランク 5、グレード B+。<br>(パワーゲージ最大値 +1),装備アイテム強化,11,0,5,0
71425,reinforce_1001,刀源石 6年 5次 A-,ブレードに装着する源石。6年生用 ランク 5、グレード A-。<br>(パワーゲージ最大値 +1),装備アイテム強化,11,0,5,0
71426,reinforce_1001,刀源石 6年 5次 A,ブレードに装着する源石。6年生用 ランク 5、グレード A。<br>(パワーゲージ最大値 +1),装備アイテム強化,11,0,5,0
72100,reinforce_2001,拳源石 1年 1次 C-,グローブに装着する源石。1年生用 ランク 1、グレード C-。<br>(パワーゲージ最大値 +1),装備アイテム強化,7,0,5,0
72101,reinforce_2001,拳源石 1年 1次 C,グローブに装着する源石。1年生用 ランク 1、グレード C。<br>(パワーゲージ最大値 +1),装備アイテム強化,7,0,5,0
72102,reinforce_2001,拳源石 1年 1次 C+,グローブに装着する源石。1年生用 ランク 1、グレード C+。<br>(パワーゲージ最大値 +1),装備アイテム強化,7,0,5,0
72103,reinforce_2001,拳源石 1年 1次 B-,グローブに装着する源石。1年生用 ランク 1、グレード B-。<br>(パワーゲージ最大値 +1),装備アイテム強化,7,0,5,0
72104,reinforce_2001,拳源石 1年 1次 B,グローブに装着する源石。1年生用 ランク 1、グレード B。<br>(パワーゲージ最大値 +1),装備アイテム強化,7,0,5,0
72105,reinforce_2001,拳源石 1年 1次 B+,グローブに装着する源石。1年生用 ランク 1、グレード B+。<br>(パワーゲージ最大値 +1),装備アイテム強化,7,0,5,0
72106,reinforce_2001,拳源石 1年 1次 A-,グローブに装着する源石。1年生用 ランク 1、グレード A-。<br>(パワーゲージ最大値 +1),装備アイテム強化,7,0,5,0
72107,reinforce_2001,拳源石 1年 1次 A,グローブに装着する源石。1年生用 ランク 1、グレード A。<br>(パワーゲージ最大値 +1),装備アイテム強化,7,0,5,0
72108,reinforce_2001,拳源石 1年 1次 A+,グローブに装着する源石。1年生用 ランク 1、グレード A+。<br>(パワーゲージ最大値 +1),装備アイテム強化,7,0,5,0
72109,reinforce_2001,拳源石 1年 1次 S,グローブに装着する源石。1年生用 ランク 1、グレード S。<br>(パワーゲージ最大値 +1),装備アイテム強化,7,0,5,0
72110,reinforce_2001,拳源石 1年 1次 SS,グローブに装着する源石。1年生用 ランク 1、グレード SS。<br>(パワーゲージ最大値 +1),装備アイテム強化,7,0,5,0
72111,reinforce_2001,拳源石 1年 2次 C-,グローブに装着する源石。1年生用 ランク 2、グレード C-。<br>(パワーゲージ最大値 +1),装備アイテム強化,7,0,5,0
72112,reinforce_2001,拳源石 1年 2次 C,グローブに装着する源石。1年生用 ランク 2、グレード C。<br>(パワーゲージ最大値 +1),装備アイテム強化,7,0,5,0
72113,reinforce_2001,拳源石 1年 2次 C+,グローブに装着する源石。1年生用 ランク 2、グレード C+。<br>(パワーゲージ最大値 +1),装備アイテム強化,7,0,5,0
72114,reinforce_2001,拳源石 1年 2次 B-,グローブに装着する源石。1年生用 ランク 2、グレード B-。<br>(パワーゲージ最大値 +1),装備アイテム強化,7,0,5,0
72115,reinforce_2001,拳源石 1年 2次 B,グローブに装着する源石。1年生用 ランク 2、グレード B。<br>(パワーゲージ最大値 +1),装備アイテム強化,7,0,5,0
72116,reinforce_2001,拳源石 1年 2次 B+,グローブに装着する源石。1年生用 ランク 2、グレード B+。<br>(パワーゲージ最大値 +1),装備アイテム強化,7,0,5,0
72117,reinforce_2001,拳源石 1年 2次 A-,グローブに装着する源石。1年生用 ランク 2、グレード A-。<br>(パワーゲージ最大値 +1),装備アイテム強化,7,0,5,0
72118,reinforce_2001,拳源石 1年 2次 A,グローブに装着する源石。1年生用 ランク 2、グレード A。<br>(パワーゲージ最大値 +1),装備アイテム強化,7,0,5,0
72119,reinforce_2001,拳源石 1年 2次 A+,グローブに装着する源石。1年生用 ランク 2、グレード A+。<br>(パワーゲージ最大値 +1),装備アイテム強化,7,0,5,0
72120,reinforce_2001,拳源石 1年 2次 S,グローブに装着する源石。1年生用 ランク 2、グレード S。<br>(パワーゲージ最大値 +1),装備アイテム強化,7,0,5,0
72121,reinforce_2001,拳源石 1年 2次 SS,グローブに装着する源石。1年生用 ランク 2、グレード SS。<br>(パワーゲージ最大値 +1),装備アイテム強化,7,0,5,0
72122,reinforce_2001,拳源石 1年 3次 C-,グローブに装着する源石。1年生用 ランク 3、グレード C-。<br>(パワーゲージ最大値 +1),装備アイテム強化,7,0,5,0
72123,reinforce_2001,拳源石 1年 3次 C,グローブに装着する源石。1年生用 ランク 3、グレード C。<br>(パワーゲージ最大値 +1),装備アイテム強化,7,0,5,0
72124,reinforce_2001,拳源石 1年 3次 C+,グローブに装着する源石。1年生用 ランク 3、グレード C+。<br>(パワーゲージ最大値 +1),装備アイテム強化,7,0,5,0
72125,reinforce_2001,拳源石 1年 3次 B-,グローブに装着する源石。1年生用 ランク 3、グレード B-。<br>(パワーゲージ最大値 +1),装備アイテム強化,7,0,5,0
72126,reinforce_2001,拳源石 1年 3次 B,グローブに装着する源石。1年生用 ランク 3、グレード B。<br>(パワーゲージ最大値 +1),装備アイテム強化,7,0,5,0
72127,reinforce_2001,拳源石 1年 3次 B+,グローブに装着する源石。1年生用 ランク 3、グレード B+。<br>(パワーゲージ最大値 +1),装備アイテム強化,7,0,5,0
72128,reinforce_2001,拳源石 1年 3次 A-,グローブに装着する源石。1年生用 ランク 3、グレード A-。<br>(パワーゲージ最大値 +1),装備アイテム強化,7,0,5,0
72129,reinforce_2001,拳源石 1年 3次 A,グローブに装着する源石。1年生用 ランク 3、グレード A。<br>(パワーゲージ最大値 +1),装備アイテム強化,7,0,5,0
72130,reinforce_2001,拳源石 1年 3次 A+,グローブに装着する源石。1年生用 ランク 3、グレード A+。<br>(パワーゲージ最大値 +1),装備アイテム強化,7,0,5,0
72131,reinforce_2001,拳源石 1年 3次 S,グローブに装着する源石。1年生用 ランク 3、グレード S。<br>(パワーゲージ最大値 +1),装備アイテム強化,7,0,5,0
72132,reinforce_2001,拳源石 1年 3次 SS,グローブに装着する源石。1年生用 ランク 3、グレード SS。<br>(パワーゲージ最大値 +1),装備アイテム強化,7,0,5,0
72133,reinforce_2001,拳源石 1年 4次 C-,グローブに装着する源石。1年生用 ランク 4、グレード C-。<br>(パワーゲージ最大値 +1),装備アイテム強化,7,0,5,0
72134,reinforce_2001,拳源石 1年 4次 C,グローブに装着する源石。1年生用 ランク 4、グレード C。<br>(パワーゲージ最大値 +1),装備アイテム強化,7,0,5,0
72135,reinforce_2001,拳源石 1年 4次 C+,グローブに装着する源石。1年生用 ランク 4、グレード C+。<br>(パワーゲージ最大値 +1),装備アイテム強化,7,0,5,0
72136,reinforce_2001,拳源石 1年 4次 B-,グローブに装着する源石。1年生用 ランク 4、グレード B-。<br>(パワーゲージ最大値 +1),装備アイテム強化,7,0,5,0
72137,reinforce_2001,拳源石 1年 4次 B,グローブに装着する源石。1年生用 ランク 4、グレード B。<br>(パワーゲージ最大値 +1),装備アイテム強化,7,0,5,0
72138,reinforce_2001,拳源石 1年 4次 B+,グローブに装着する源石。1年生用 ランク 4、グレード B+。<br>(パワーゲージ最大値 +1),装備アイテム強化,7,0,5,0
72139,reinforce_2001,拳源石 1年 4次 A-,グローブに装着する源石。1年生用 ランク 4、グレード A-。<br>(パワーゲージ最大値 +1),装備アイテム強化,7,0,5,0
72140,reinforce_2001,拳源石 1年 4次 A,グローブに装着する源石。1年生用 ランク 4、グレード A。<br>(パワーゲージ最大値 +1),装備アイテム強化,7,0,5,0
72141,reinforce_2001,拳源石 1年 4次 A+,グローブに装着する源石。1年生用 ランク 4、グレード A+。<br>(パワーゲージ最大値 +1),装備アイテム強化,7,0,5,0
72142,reinforce_2001,拳源石 1年 4次 S,グローブに装着する源石。1年生用 ランク 4、グレード S。<br>(パワーゲージ最大値 +1),装備アイテム強化,7,0,5,0
72143,reinforce_2001,拳源石 1年 4次 SS,グローブに装着する源石。1年生用 ランク 4、グレード SS。<br>(パワーゲージ最大値 +1),装備アイテム強化,7,0,5,0
72144,reinforce_2001,拳源石 2年 1次 C-,グローブに装着する源石。2年生用 ランク 1、グレード C-。<br>(パワーゲージ最大値 +1),装備アイテム強化,8,0,5,0
72145,reinforce_2001,拳源石 2年 1次 C,グローブに装着する源石。2年生用 ランク 1、グレード C。<br>(パワーゲージ最大値 +1),装備アイテム強化,8,0,5,0
72146,reinforce_2001,拳源石 2年 1次 C+,グローブに装着する源石。2年生用 ランク 1、グレード C+。<br>(パワーゲージ最大値 +1),装備アイテム強化,8,0,5,0
72147,reinforce_2001,拳源石 2年 1次 B-,グローブに装着する源石。2年生用 ランク 1、グレード B-。<br>(パワーゲージ最大値 +1),装備アイテム強化,8,0,5,0
72148,reinforce_2001,拳源石 2年 1次 B,グローブに装着する源石。2年生用 ランク 1、グレード B。<br>(パワーゲージ最大値 +1),装備アイテム強化,8,0,5,0
72149,reinforce_2001,拳源石 2年 1次 B+,グローブに装着する源石。2年生用 ランク 1、グレード B+。<br>(パワーゲージ最大値 +1),装備アイテム強化,8,0,5,0
72150,reinforce_2001,拳源石 2年 1次 A-,グローブに装着する源石。2年生用 ランク 1、グレード A-。<br>(パワーゲージ最大値 +1),装備アイテム強化,8,0,5,0
72151,reinforce_2001,拳源石 2年 1次 A,グローブに装着する源石。2年生用 ランク 1、グレード A。<br>(パワーゲージ最大値 +1),装備アイテム強化,8,0,5,0
72152,reinforce_2001,拳源石 2年 1次 A+,グローブに装着する源石。2年生用 ランク 1、グレード A+。<br>(パワーゲージ最大値 +1),装備アイテム強化,8,0,5,0
72153,reinforce_2001,拳源石 2年 1次 S,グローブに装着する源石。2年生用 ランク 1、グレード S。<br>(パワーゲージ最大値 +1),装備アイテム強化,8,0,5,0
72154,reinforce_2001,拳源石 2年 1次 SS,グローブに装着する源石。2年生用 ランク 1、グレード SS。<br>(パワーゲージ最大値 +1),装備アイテム強化,8,0,5,0
72155,reinforce_2001,拳源石 2年 2次 C-,グローブに装着する源石。2年生用 ランク 2、グレード C-。<br>(パワーゲージ最大値 +1),装備アイテム強化,8,0,5,0
72156,reinforce_2001,拳源石 2年 2次 C,グローブに装着する源石。2年生用 ランク 2、グレード C。<br>(パワーゲージ最大値 +1),装備アイテム強化,8,0,5,0
72157,reinforce_2001,拳源石 2年 2次 C+,グローブに装着する源石。2年生用 ランク 2、グレード C+。<br>(パワーゲージ最大値 +1),装備アイテム強化,8,0,5,0
72158,reinforce_2001,拳源石 2年 2次 B-,グローブに装着する源石。2年生用 ランク 2、グレード B-。<br>(パワーゲージ最大値 +1),装備アイテム強化,8,0,5,0
72159,reinforce_2001,拳源石 2年 2次 B,グローブに装着する源石。2年生用 ランク 2、グレード B。<br>(パワーゲージ最大値 +1),装備アイテム強化,8,0,5,0
72160,reinforce_2001,拳源石 2年 2次 B+,グローブに装着する源石。2年生用 ランク 2、グレード B+。<br>(パワーゲージ最大値 +1),装備アイテム強化,8,0,5,0
72161,reinforce_2001,拳源石 2年 2次 A-,グローブに装着する源石。2年生用 ランク 2、グレード A-。<br>(パワーゲージ最大値 +1),装備アイテム強化,8,0,5,0
72162,reinforce_2001,拳源石 2年 2次 A,グローブに装着する源石。2年生用 ランク 2、グレード A。<br>(パワーゲージ最大値 +1),装備アイテム強化,8,0,5,0
72163,reinforce_2001,拳源石 2年 2次 A+,グローブに装着する源石。2年生用 ランク 2、グレード A+。<br>(パワーゲージ最大値 +1),装備アイテム強化,8,0,5,0
72164,reinforce_2001,拳源石 2年 2次 S,グローブに装着する源石。2年生用 ランク 2、グレード S。<br>(パワーゲージ最大値 +1),装備アイテム強化,8,0,5,0
72165,reinforce_2001,拳源石 2年 2次 SS,グローブに装着する源石。2年生用 ランク 2、グレード SS。<br>(パワーゲージ最大値 +1),装備アイテム強化,8,0,5,0
72166,reinforce_2001,拳源石 2年 3次 C-,グローブに装着する源石。2年生用 ランク 3、グレード C-。<br>(パワーゲージ最大値 +1),装備アイテム強化,8,0,5,0
72167,reinforce_2001,拳源石 2年 3次 C,グローブに装着する源石。2年生用 ランク 3、グレード C。<br>(パワーゲージ最大値 +1),装備アイテム強化,8,0,5,0
72168,reinforce_2001,拳源石 2年 3次 C+,グローブに装着する源石。2年生用 ランク 3、グレード C+。<br>(パワーゲージ最大値 +1),装備アイテム強化,8,0,5,0
72169,reinforce_2001,拳源石 2年 3次 B-,グローブに装着する源石。2年生用 ランク 3、グレード B-。<br>(パワーゲージ最大値 +1),装備アイテム強化,8,0,5,0
72170,reinforce_2001,拳源石 2年 3次 B,グローブに装着する源石。2年生用 ランク 3、グレード B。<br>(パワーゲージ最大値 +1),装備アイテム強化,8,0,5,0
72171,reinforce_2001,拳源石 2年 3次 B+,グローブに装着する源石。2年生用 ランク 3、グレード B+。<br>(パワーゲージ最大値 +1),装備アイテム強化,8,0,5,0
72172,reinforce_2001,拳源石 2年 3次 A-,グローブに装着する源石。2年生用 ランク 3、グレード A-。<br>(パワーゲージ最大値 +1),装備アイテム強化,8,0,5,0
72173,reinforce_2001,拳源石 2年 3次 A,グローブに装着する源石。2年生用 ランク 3、グレード A。<br>(パワーゲージ最大値 +1),装備アイテム強化,8,0,5,0
72174,reinforce_2001,拳源石 2年 3次 A+,グローブに装着する源石。2年生用 ランク 3、グレード A+。<br>(パワーゲージ最大値 +1),装備アイテム強化,8,0,5,0
72175,reinforce_2001,拳源石 2年 3次 S,グローブに装着する源石。2年生用 ランク 3、グレード S。<br>(パワーゲージ最大値 +1),装備アイテム強化,8,0,5,0
72176,reinforce_2001,拳源石 2年 3次 SS,グローブに装着する源石。2年生用 ランク 3、グレード SS。<br>(パワーゲージ最大値 +1),装備アイテム強化,8,0,5,0
72177,reinforce_2001,拳源石 2年 4次 C-,グローブに装着する源石。2年生用 ランク 4、グレード C-。<br>(パワーゲージ最大値 +1),装備アイテム強化,8,0,5,0
72178,reinforce_2001,拳源石 2年 4次 C,グローブに装着する源石。2年生用 ランク 4、グレード C。<br>(パワーゲージ最大値 +1),装備アイテム強化,8,0,5,0
72179,reinforce_2001,拳源石 2年 4次 C+,グローブに装着する源石。2年生用 ランク 4、グレード C+。<br>(パワーゲージ最大値 +1),装備アイテム強化,8,0,5,0
72180,reinforce_2001,拳源石 2年 4次 B-,グローブに装着する源石。2年生用 ランク 4、グレード B-。<br>(パワーゲージ最大値 +1),装備アイテム強化,8,0,5,0
72181,reinforce_2001,拳源石 2年 4次 B,グローブに装着する源石。2年生用 ランク 4、グレード B。<br>(パワーゲージ最大値 +1),装備アイテム強化,8,0,5,0
72182,reinforce_2001,拳源石 2年 4次 B+,グローブに装着する源石。2年生用 ランク 4、グレード B+。<br>(パワーゲージ最大値 +1),装備アイテム強化,8,0,5,0
72183,reinforce_2001,拳源石 2年 4次 A-,グローブに装着する源石。2年生用 ランク 4、グレード A-。<br>(パワーゲージ最大値 +1),装備アイテム強化,8,0,5,0
72184,reinforce_2001,拳源石 2年 4次 A,グローブに装着する源石。2年生用 ランク 4、グレード A。<br>(パワーゲージ最大値 +1),装備アイテム強化,8,0,5,0
72185,reinforce_2001,拳源石 2年 4次 A+,グローブに装着する源石。2年生用 ランク 4、グレード A+。<br>(パワーゲージ最大値 +1),装備アイテム強化,8,0,5,0
72186,reinforce_2001,拳源石 2年 4次 S,グローブに装着する源石。2年生用 ランク 4、グレード S。<br>(パワーゲージ最大値 +1),装備アイテム強化,8,0,5,0
72187,reinforce_2001,拳源石 2年 4次 SS,グローブに装着する源石。2年生用 ランク 4、グレード SS。<br>(パワーゲージ最大値 +1),装備アイテム強化,8,0,5,0
72188,reinforce_2001,拳源石 3年 1次 C-,グローブに装着する源石。3年生用 ランク 1、グレード C-。<br>(パワーゲージ最大値 +1),装備アイテム強化,9,0,5,0
72189,reinforce_2001,拳源石 3年 1次 C,グローブに装着する源石。3年生用 ランク 1、グレード C。<br>(パワーゲージ最大値 +1),装備アイテム強化,9,0,5,0
72190,reinforce_2001,拳源石 3年 1次 C+,グローブに装着する源石。3年生用 ランク 1、グレード C+。<br>(パワーゲージ最大値 +1),装備アイテム強化,9,0,5,0
72191,reinforce_2001,拳源石 3年 1次 B-,グローブに装着する源石。3年生用 ランク 1、グレード B-。<br>(パワーゲージ最大値 +1),装備アイテム強化,9,0,5,0
72192,reinforce_2001,拳源石 3年 1次 B,グローブに装着する源石。3年生用 ランク 1、グレード B。<br>(パワーゲージ最大値 +1),装備アイテム強化,9,0,5,0
72193,reinforce_2001,拳源石 3年 1次 B+,グローブに装着する源石。3年生用 ランク 1、グレード B+。<br>(パワーゲージ最大値 +1),装備アイテム強化,9,0,5,0
72194,reinforce_2001,拳源石 3年 1次 A-,グローブに装着する源石。3年生用 ランク 1、グレード A-。<br>(パワーゲージ最大値 +1),装備アイテム強化,9,0,5,0
72195,reinforce_2001,拳源石 3年 1次 A,グローブに装着する源石。3年生用 ランク 1、グレード A。<br>(パワーゲージ最大値 +1),装備アイテム強化,9,0,5,0
72196,reinforce_2001,拳源石 3年 1次 A+,グローブに装着する源石。3年生用 ランク 1、グレード A+。<br>(パワーゲージ最大値 +1),装備アイテム強化,9,0,5,0
72197,reinforce_2001,拳源石 3年 1次 S,グローブに装着する源石。3年生用 ランク 1、グレード S。<br>(パワーゲージ最大値 +1),装備アイテム強化,9,0,5,0
72198,reinforce_2001,拳源石 3年 1次 SS,グローブに装着する源石。3年生用 ランク 1、グレード SS。<br>(パワーゲージ最大値 +1),装備アイテム強化,9,0,5,0
72199,reinforce_2001,拳源石 3年 2次 C-,グローブに装着する源石。3年生用 ランク 2、グレード C-。<br>(パワーゲージ最大値 +1),装備アイテム強化,9,0,5,0
72200,reinforce_2001,拳源石 3年 2次 C,グローブに装着する源石。3年生用 ランク 2、グレード C。<br>(パワーゲージ最大値 +1),装備アイテム強化,9,0,5,0
72201,reinforce_2001,拳源石 3年 2次 C+,グローブに装着する源石。3年生用 ランク 2、グレード C+。<br>(パワーゲージ最大値 +1),装備アイテム強化,9,0,5,0
72202,reinforce_2001,拳源石 3年 2次 B-,グローブに装着する源石。3年生用 ランク 2、グレード B-。<br>(パワーゲージ最大値 +1),装備アイテム強化,9,0,5,0
72203,reinforce_2001,拳源石 3年 2次 B,グローブに装着する源石。3年生用 ランク 2、グレード B。<br>(パワーゲージ最大値 +1),装備アイテム強化,9,0,5,0
72204,reinforce_2001,拳源石 3年 2次 B+,グローブに装着する源石。3年生用 ランク 2、グレード B+。<br>(パワーゲージ最大値 +1),装備アイテム強化,9,0,5,0
72205,reinforce_2001,拳源石 3年 2次 A-,グローブに装着する源石。3年生用 ランク 2、グレード A-。<br>(パワーゲージ最大値 +1),装備アイテム強化,9,0,5,0
72206,reinforce_2001,拳源石 3年 2次 A,グローブに装着する源石。3年生用 ランク 2、グレード A。<br>(パワーゲージ最大値 +1),装備アイテム強化,9,0,5,0
72207,reinforce_2001,拳源石 3年 2次 A+,グローブに装着する源石。3年生用 ランク 2、グレード A+。<br>(パワーゲージ最大値 +1),装備アイテム強化,9,0,5,0
72208,reinforce_2001,拳源石 3年 2次 S,グローブに装着する源石。3年生用 ランク 2、グレード S。<br>(パワーゲージ最大値 +1),装備アイテム強化,9,0,5,0
72209,reinforce_2001,拳源石 3年 2次 SS,グローブに装着する源石。3年生用 ランク 2、グレード SS。<br>(パワーゲージ最大値 +1),装備アイテム強化,9,0,5,0
72210,reinforce_2001,拳源石 3年 3次 C-,グローブに装着する源石。3年生用 ランク 3、グレード C-。<br>(パワーゲージ最大値 +1),装備アイテム強化,9,0,5,0
72211,reinforce_2001,拳源石 3年 3次 C,グローブに装着する源石。3年生用 ランク 3、グレード C。<br>(パワーゲージ最大値 +1),装備アイテム強化,9,0,5,0
72212,reinforce_2001,拳源石 3年 3次 C+,グローブに装着する源石。3年生用 ランク 3、グレード C+。<br>(パワーゲージ最大値 +1),装備アイテム強化,9,0,5,0
72213,reinforce_2001,拳源石 3年 3次 B-,グローブに装着する源石。3年生用 ランク 3、グレード B-。<br>(パワーゲージ最大値 +1),装備アイテム強化,9,0,5,0
72214,reinforce_2001,拳源石 3年 3次 B,グローブに装着する源石。3年生用 ランク 3、グレード B。<br>(パワーゲージ最大値 +1),装備アイテム強化,9,0,5,0
72215,reinforce_2001,拳源石 3年 3次 B+,グローブに装着する源石。3年生用 ランク 3、グレード B+。<br>(パワーゲージ最大値 +1),装備アイテム強化,9,0,5,0
72216,reinforce_2001,拳源石 3年 3次 A-,グローブに装着する源石。3年生用 ランク 3、グレード A-。<br>(パワーゲージ最大値 +1),装備アイテム強化,9,0,5,0
72217,reinforce_2001,拳源石 3年 3次 A,グローブに装着する源石。3年生用 ランク 3、グレード A。<br>(パワーゲージ最大値 +1),装備アイテム強化,9,0,5,0
72218,reinforce_2001,拳源石 3年 3次 A+,グローブに装着する源石。3年生用 ランク 3、グレード A+。<br>(パワーゲージ最大値 +1),装備アイテム強化,9,0,5,0
72219,reinforce_2001,拳源石 3年 3次 S,グローブに装着する源石。3年生用 ランク 3、グレード S。<br>(パワーゲージ最大値 +1),装備アイテム強化,9,0,5,0
72220,reinforce_2001,拳源石 3年 3次 SS,グローブに装着する源石。3年生用 ランク 3、グレード SS。<br>(パワーゲージ最大値 +1),装備アイテム強化,9,0,5,0
72221,reinforce_2001,拳源石 3年 4次 C-,グローブに装着する源石。3年生用 ランク 4、グレード C-。<br>(パワーゲージ最大値 +1),装備アイテム強化,9,0,5,0
72222,reinforce_2001,拳源石 3年 4次 C,グローブに装着する源石。3年生用 ランク 4、グレード C。<br>(パワーゲージ最大値 +1),装備アイテム強化,9,0,5,0
72223,reinforce_2001,拳源石 3年 4次 C+,グローブに装着する源石。3年生用 ランク 4、グレード C+。<br>(パワーゲージ最大値 +1),装備アイテム強化,9,0,5,0
72224,reinforce_2001,拳源石 3年 4次 B-,グローブに装着する源石。3年生用 ランク 4、グレード B-。<br>(パワーゲージ最大値 +1),装備アイテム強化,9,0,5,0
72225,reinforce_2001,拳源石 3年 4次 B,グローブに装着する源石。3年生用 ランク 4、グレード B。<br>(パワーゲージ最大値 +1),装備アイテム強化,9,0,5,0
72226,reinforce_2001,拳源石 3年 4次 B+,グローブに装着する源石。3年生用 ランク 4、グレード B+。<br>(パワーゲージ最大値 +1),装備アイテム強化,9,0,5,0
72227,reinforce_2001,拳源石 3年 4次 A-,グローブに装着する源石。3年生用 ランク 4、グレード A-。<br>(パワーゲージ最大値 +1),装備アイテム強化,9,0,5,0
72228,reinforce_2001,拳源石 3年 4次 A,グローブに装着する源石。3年生用 ランク 4、グレード A。<br>(パワーゲージ最大値 +1),装備アイテム強化,9,0,5,0
72229,reinforce_2001,拳源石 3年 4次 A+,グローブに装着する源石。3年生用 ランク 4、グレード A+。<br>(パワーゲージ最大値 +1),装備アイテム強化,9,0,5,0
72230,reinforce_2001,拳源石 3年 4次 S,グローブに装着する源石。3年生用 ランク 4、グレード S。<br>(パワーゲージ最大値 +1),装備アイテム強化,9,0,5,0
72231,reinforce_2001,拳源石 3年 4次 SS,グローブに装着する源石。3年生用 ランク 4、グレード SS。<br>(パワーゲージ最大値 +1),装備アイテム強化,9,0,5,0
72232,reinforce_2001,拳源石 4年 1次 C-,グローブに装着する源石。4年生用 ランク 1、グレード C-。<br>(パワーゲージ最大値 +1),装備アイテム強化,10,0,5,0
72233,reinforce_2001,拳源石 4年 1次 C,グローブに装着する源石。4年生用 ランク 1、グレード C。<br>(パワーゲージ最大値 +1),装備アイテム強化,10,0,5,0
72234,reinforce_2001,拳源石 4年 1次 C+,グローブに装着する源石。4年生用 ランク 1、グレード C+。<br>(パワーゲージ最大値 +1),装備アイテム強化,10,0,5,0
72235,reinforce_2001,拳源石 4年 1次 B-,グローブに装着する源石。4年生用 ランク 1、グレード B-。<br>(パワーゲージ最大値 +1),装備アイテム強化,10,0,5,0
72236,reinforce_2001,拳源石 4年 1次 B,グローブに装着する源石。4年生用 ランク 1、グレード B。<br>(パワーゲージ最大値 +1),装備アイテム強化,10,0,5,0
72237,reinforce_2001,拳源石 4年 1次 B+,グローブに装着する源石。4年生用 ランク 1、グレード B+。<br>(パワーゲージ最大値 +1),装備アイテム強化,10,0,5,0
72238,reinforce_2001,拳源石 4年 1次 A-,グローブに装着する源石。4年生用 ランク 1、グレード A-。<br>(パワーゲージ最大値 +1),装備アイテム強化,10,0,5,0
72239,reinforce_2001,拳源石 4年 1次 A,グローブに装着する源石。4年生用 ランク 1、グレード A。<br>(パワーゲージ最大値 +1),装備アイテム強化,10,0,5,0
72240,reinforce_2001,拳源石 4年 1次 A+,グローブに装着する源石。4年生用 ランク 1、グレード A+。<br>(パワーゲージ最大値 +1),装備アイテム強化,10,0,5,0
72241,reinforce_2001,拳源石 4年 1次 S,グローブに装着する源石。4年生用 ランク 1、グレード S。<br>(パワーゲージ最大値 +1),装備アイテム強化,10,0,5,0
72242,reinforce_2001,拳源石 4年 1次 SS,グローブに装着する源石。4年生用 ランク 1、グレード SS。<br>(パワーゲージ最大値 +1),装備アイテム強化,10,0,5,0
72243,reinforce_2001,拳源石 4年 2次 C-,グローブに装着する源石。4年生用 ランク 2、グレード C-。<br>(パワーゲージ最大値 +1),装備アイテム強化,10,0,5,0
72244,reinforce_2001,拳源石 4年 2次 C,グローブに装着する源石。4年生用 ランク 2、グレード C。<br>(パワーゲージ最大値 +1),装備アイテム強化,10,0,5,0
72245,reinforce_2001,拳源石 4年 2次 C+,グローブに装着する源石。4年生用 ランク 2、グレード C+。<br>(パワーゲージ最大値 +1),装備アイテム強化,10,0,5,0
72246,reinforce_2001,拳源石 4年 2次 B-,グローブに装着する源石。4年生用 ランク 2、グレード B-。<br>(パワーゲージ最大値 +1),装備アイテム強化,10,0,5,0
72247,reinforce_2001,拳源石 4年 2次 B,グローブに装着する源石。4年生用 ランク 2、グレード B。<br>(パワーゲージ最大値 +1),装備アイテム強化,10,0,5,0
72248,reinforce_2001,拳源石 4年 2次 B+,グローブに装着する源石。4年生用 ランク 2、グレード B+。<br>(パワーゲージ最大値 +1),装備アイテム強化,10,0,5,0
72249,reinforce_2001,拳源石 4年 2次 A-,グローブに装着する源石。4年生用 ランク 2、グレード A-。<br>(パワーゲージ最大値 +1),装備アイテム強化,10,0,5,0
72250,reinforce_2001,拳源石 4年 2次 A,グローブに装着する源石。4年生用 ランク 2、グレード A。<br>(パワーゲージ最大値 +1),装備アイテム強化,10,0,5,0
72251,reinforce_2001,拳源石 4年 2次 A+,グローブに装着する源石。4年生用 ランク 2、グレード A+。<br>(パワーゲージ最大値 +1),装備アイテム強化,10,0,5,0
72252,reinforce_2001,拳源石 4年 2次 S,グローブに装着する源石。4年生用 ランク 2、グレード S。<br>(パワーゲージ最大値 +1),装備アイテム強化,10,0,5,0
72253,reinforce_2001,拳源石 4年 2次 SS,グローブに装着する源石。4年生用 ランク 2、グレード SS。<br>(パワーゲージ最大値 +1),装備アイテム強化,10,0,5,0
72254,reinforce_2001,拳源石 4年 3次 C-,グローブに装着する源石。4年生用 ランク 3、グレード C-。<br>(パワーゲージ最大値 +1),装備アイテム強化,10,0,5,0
72255,reinforce_2001,拳源石 4年 3次 C,グローブに装着する源石。4年生用 ランク 3、グレード C。<br>(パワーゲージ最大値 +1),装備アイテム強化,10,0,5,0
72256,reinforce_2001,拳源石 4年 3次 C+,グローブに装着する源石。4年生用 ランク 3、桙푮箅ꢖᡛྦⷁ埠<br>(パワーゲージ最大値 +1),装備アイテム強化,10,0,5,0
72257,reinforce_2001,拳源石 4年 3次 B-,グローブに装着する源石。4年生用 ランク 3、グレード B-。<br>(パワーゲージ最大値 +1),装備アイテム強化,10,0,5,0
72258,reinforce_2001,拳源石 4年 3次 B,グローブに装着する源石。4年生用 ランク 3、グレード B。<br>(パワーゲージ最大値 +1),装備アイテム強化,10,0,5,0
72259,reinforce_2001,拳源石 4年 3次 B+,グローブに装着する源石。4年生用 ランク 3、グレード B+。<br>(パワーゲージ最大値 +1),装備アイテム強化,10,0,5,0
72260,reinforce_2001,拳源石 4年 3次 A-,グローブに装着する源石。4年生用 ランク 3、グレード A-。<br>(パワーゲージ最大値 +1),装備アイテム強化,10,0,5,0
72261,reinforce_2001,拳源石 4年 3次 A,グローブに装着する源石。4年生用 ランク 3、グレード A。<br>(パワーゲージ最大値 +1),装備アイテム強化,10,0,5,0
72262,reinforce_2001,拳源石 4年 3次 A+,グローブに装着する源石。4年生用 ランク 3、グレード A+。<br>(パワーゲージ最大値 +1),装備アイテム強化,10,0,5,0
72263,reinforce_2001,拳源石 4年 3次 S,グローブに装着する源石。4年生用 ランク 3、グレード S。<br>(パワーゲージ最大値 +1),装備アイテム強化,10,0,5,0
72264,reinforce_2001,拳源石 4年 3次 SS,グローブに装着する源石。4年生用 ランク 3、グレード SS。<br>(パワーゲージ最大値 +1),装備アイテム強化,10,0,5,0
72265,reinforce_2001,拳源石 4年 4次 C-,グローブに装着する源石。4年生用 ランク 4、グレード C-。<br>(パワーゲージ最大値 +1),装備アイテム強化,10,0,5,0
72266,reinforce_2001,拳源石 4年 4次 C,グローブに装着する源石。4年生用 ランク 4、グレード C。<br>(パワーゲージ最大値 +1),装備アイテム強化,10,0,5,0
72267,reinforce_2001,拳源石 4年 4次 C+,グローブに装着する源石。4年生用 ランク 4、グレード C+。<br>(パワーゲージ最大値 +1),装備アイテム強化,10,0,5,0
72268,reinforce_2001,拳源石 4年 4次 B-,グローブに装着する源石。4年生用 ランク 4、グレード B-。<br>(パワーゲージ最大値 +1),装備アイテム強化,10,0,5,0
72269,reinforce_2001,拳源石 4年 4次 B,グローブに装着する源石。4年生用 ランク 4、グレード B。<br>(パワーゲージ最大値 +1),装備アイテム強化,10,0,5,0
72270,reinforce_2001,拳源石 4年 4次 B+,グローブに装着する源石。4年生用 ランク 4、グレード B+。<br>(パワーゲージ最大値 +1),装備アイテム強化,10,0,5,0
72271,reinforce_2001,拳源石 4年 4次 A-,グローブに装着する源石。4年生用 ランク 4、グレード A-。<br>(パワーゲージ最大値 +1),装備アイテム強化,10,0,5,0
72272,reinforce_2001,拳源石 4年 4次 A,グローブに装着する源石。4年生用 ランク 4、グレード A。<br>(パワーゲージ最大値 +1),装備アイテム強化,10,0,5,0
72273,reinforce_2001,拳源石 4年 4次 A+,グローブに装着する源石。4年生用 ランク 4、グレード A+。<br>(パワーゲージ最大値 +1),装備アイテム強化,10,0,5,0
72274,reinforce_2001,拳源石 4年 4次 S,グローブに装着する源石。4年生用 ランク 4、グレード S。<br>(パワーゲージ最大値 +1),装備アイテム強化,10,0,5,0
72275,reinforce_2001,拳源石 4年 4次 SS,グローブに装着する源石。4年生用 ランク 4、グレード SS。<br>(パワーゲージ最大値 +1),装備アイテム強化,10,0,5,0
72276,reinforce_2001,拳源石 4年 5次 C-,グローブに装着する源石。4年生用 ランク 5、グレード C-。<br>(パワーゲージ最大値 +1),装備アイテム強化,10,0,5,0
72277,reinforce_2001,拳源石 4年 5次 C,グローブに装着する源石。4年生用 ランク 5、グレード C。<br>(パワーゲージ最大値 +1),装備アイテム強化,10,0,5,0
72278,reinforce_2001,拳源石 4年 5次 C+,グローブに装着する源石。4年生用 ランク 5、グレード C+。<br>(パワーゲージ最大値 +1),装備アイテム強化,10,0,5,0
72279,reinforce_2001,拳源石 4年 5次 B-,グローブに装着する源石。4年生用 ランク 5、グレード B-。<br>(パワーゲージ最大値 +1),装備アイテム強化,10,0,5,0
72280,reinforce_2001,拳源石 4年 5次 B,グローブに装着する源石。4年生用 ランク 5、グレード B。<br>(パワーゲージ最大値 +1),装備アイテム強化,10,0,5,0
72281,reinforce_2001,拳源石 4年 5次 B+,グローブに装着する源石。4年生用 ランク 5、グレード B+。<br>(パワーゲージ最大値 +1),装備アイテム強化,10,0,5,0
72282,reinforce_2001,拳源石 4年 5次 A-,グローブに装着する源石。4年生用 ランク 5、グレード A-。<br>(パワーゲージ最大値 +1),装備アイテム強化,10,0,5,0
72283,reinforce_2001,拳源石 4年 5次 A,グローブに装着する源石。4年生用 ランク 5、グレード A。<br>(パワーゲージ最大値 +1),装備アイテム強化,10,0,5,0
72284,reinforce_2001,拳源石 4年 5次 A+,グローブに装着する源石。4年生用 ランク 5、グレード A+。<br>(パワーゲージ最大値 +1),装備アイテム強化,10,0,5,0
72285,reinforce_2001,拳源石 4年 5次 S,グローブに装着する源石。4年生用 ランク 5、グレード S。<br>(パワーゲージ最大値 +1),装備アイテム強化,10,0,5,0
72286,reinforce_2001,拳源石 4年 5次 SS,グローブに装着する源石。4年生用 ランク 5、グレード SS。<br>(パワーゲージ最大値 +1),装備アイテム強化,10,0,5,0
72287,reinforce_2001,拳源石 5年 1次 C-,グローブに装着する源石。5年生用 ランク 1、グレード C-。<br>(パワーゲージ最大値 +1),装備アイテム強化,11,0,5,0
72288,reinforce_2001,拳源石 5年 1次 C,グローブに装着する源石。5年生用 ランク 1、グレード C。<br>(パワーゲージ最大値 +1),装備アイテム強化,11,0,5,0
72289,reinforce_2001,拳源石 5年 1次 C+,グローブに装着する源石。5年生用 ランク 1、グレード C+。<br>(パワーゲージ最大値 +1),装備アイテム強化,11,0,5,0
72290,reinforce_2001,拳源石 5年 1次 B-,グローブに装着する源石。5年生用 ランク 1、グレード B-。<br>(パワーゲージ最大値 +1),装備アイテム強化,11,0,5,0
72291,reinforce_2001,拳源石 5年 1次 B,グローブに装着する源石。5年生用 ランク 1、グレード B。<br>(パワーゲージ最大値 +1),装備アイテム強化,11,0,5,0
72292,reinforce_2001,拳源石 5年 1次 B+,グローブに装着する源石。5年生用 ランク 1、グレード B+。<br>(パワーゲージ最大値 +1),装備アイテム強化,11,0,5,0
72293,reinforce_2001,拳源石 5年 1次 A-,グローブに装着する源石。5年生用 ランク 1、グレード A-。<br>(パワーゲージ最大値 +1),装備アイテム強化,11,0,5,0
72294,reinforce_2001,拳源石 5年 1次 A,グローブに装着する源石。5年生用 ランク 1、グレード A。<br>(パワーゲージ最大値 +1),装備アイテム強化,11,0,5,0
72295,reinforce_2001,拳源石 5年 1次 A+,グローブに装着する源石。5年生用 ランク 1、グレード A+。<br>(パワーゲージ最大値 +1),装備アイテム強化,11,0,5,0
72296,reinforce_2001,拳源石 5年 1次 S,グローブに装着する源石。5年生用 ランク 1、グレード S。<br>(パワーゲージ最大値 +1),装備アイテム強化,11,0,5,0
72297,reinforce_2001,拳源石 5年 1次 SS,グローブに装着する源石。5年生用 ランク 1、グレード SS。<br>(パワーゲージ最大値 +1),装備アイテム強化,11,0,5,0
72298,reinforce_2001,拳源石 5年 2次 C-,グローブに装着する源石。5年生用 ランク 2、グレード C-。<br>(パワーゲージ最大値 +1),装備アイテム強化,11,0,5,0
72299,reinforce_2001,拳源石 5年 2次 C,グローブに装着する源石。5年生用 ランク 2、グレード C。<br>(パワーゲージ最大値 +1),装備アイテム強化,11,0,5,0
72300,reinforce_2001,拳源石 5年 2次 C+,グローブに装着する源石。5年生用 ランク 2、グレード C+。<br>(パワーゲージ最大値 +1),装備アイテム強化,11,0,5,0
72301,reinforce_2001,拳源石 5年 2次 B-,グローブに装着する源石。5年生用 ランク 2、グレード B-。<br>(パワーゲージ最大値 +1),装備アイテム強化,11,0,5,0
72302,reinforce_2001,拳源石 5年 2次 B,グローブに装着する源石。5年生用 ランク 2、グレード B。<br>(パワーゲージ最大値 +1),装備アイテム強化,11,0,5,0
72303,reinforce_2001,拳源石 5年 2次 B+,グローブに装着する源石。5年生用 ランク 2、グレード B+。<br>(パワーゲージ最大値 +1),装備アイテム強化,11,0,5,0
72304,reinforce_2001,拳源石 5年 2次 A-,グローブに装着する源石。5年生用 ランク 2、グレード A-。<br>(パワーゲージ最大値 +1),装備アイテム強化,11,0,5,0
72305,reinforce_2001,拳源石 5年 2次 A,グローブに装着する源石。5年生用 ランク 2、グレード A。<br>(パワーゲージ最大値 +1),装備アイテム強化,11,0,5,0
72306,reinforce_2001,拳源石 5年 2次 A+,グローブに装着する源石。5年生用 ランク 2、グレード A+。<br>(パワーゲージ最大値 +1),装備アイテム強化,11,0,5,0
72307,reinforce_2001,拳源石 5年 2次 S,グローブに装着する源石。5年生用 ランク 2、グレード S。<br>(パワーゲージ最大値 +1),装備アイテム強化,11,0,5,0
72308,reinforce_2001,拳源石 5年 2次 SS,グローブに装着する源石。5年生用 ランク 2、グレード SS。<br>(パワーゲージ最大値 +1),装備アイテム強化,11,0,5,0
72309,reinforce_2001,拳源石 5年 3次 C-,グローブに装着する源石。5年生用 ランク 3、グレード C-。<br>(パワーゲージ最大値 +1),装備アイテム強化,11,0,5,0
72310,reinforce_2001,拳源石 5年 3次 C,グローブに装着する源石。5年生用 ランク 3、グレード C。<br>(パワーゲージ最大値 +1),装備アイテム強化,11,0,5,0
72311,reinforce_2001,拳源石 5年 3次 C+,グローブに装着する源石。5年生用 ランク 3、グレード C+。<br>(パワーゲージ最大値 +1),装備アイテム強化,11,0,5,0
72312,reinforce_2001,拳源石 5年 3次 B-,グローブに装着する源石。5年生用 ランク 3、グレード B-。<br>(パワーゲージ最大値 +1),装備アイテム強化,11,0,5,0
72313,reinforce_2001,拳源石 5年 3次 B,グローブに装着する源石。5年生用 ランク 3、グレード B。<br>(パワーゲージ最大値 +1),装備アイテム強化,11,0,5,0
72314,reinforce_2001,拳源石 5年 3次 B+,グローブに装着する源石。5年生用 ランク 3、グレード B+。<br>(パワーゲージ最大値 +1),装備アイテム強化,11,0,5,0
72315,reinforce_2001,拳源石 5年 3次 A-,グローブに装着する源石。5年生用 ランク 3、グレード A-。<br>(パワーゲージ最大値 +1),装備アイテム強化,11,0,5,0
72316,reinforce_2001,拳源石 5年 3次 A,グローブに装着する源石。5年生用 ランク 3、グレード A。<br>(パワーゲージ最大値 +1),装備アイテム強化,11,0,5,0
72317,reinforce_2001,拳源石 5年 3次 A+,グローブに装着する源石。5年生用 ランク 3、グレード A+。<br>(パワーゲージ最大値 +1),装備アイテム強化,11,0,5,0
72318,reinforce_2001,拳源石 5年 3次 S,グローブに装着する源石。5年生用 ランク 3、グレード S。<br>(パワーゲージ最大値 +1),装備アイテム強化,11,0,5,0
72319,reinforce_2001,拳源石 5年 3次 SS,グローブに装着する源石。5年生用 ランク 3、グレード SS。<br>(パワーゲージ最大値 +1),装備アイテム強化,11,0,5,0
72320,reinforce_2001,拳源石 5年 4次 C-,グローブに装着する源石。5年生用 ランク 4、グレード C-。<br>(パワーゲージ最大値 +1),装備アイテム強化,11,0,5,0
72321,reinforce_2001,拳源石 5年 4次 C,グローブに装着する源石。5年生用 ランク 4、グレード C。<br>(パワーゲージ最大値 +1),装備アイテム強化,11,0,5,0
72322,reinforce_2001,拳源石 5年 4次 C+,グローブに装着する源石。5年生用 ランク 4、グレード C+。<br>(パワーゲージ最大値 +1),装備アイテム強化,11,0,5,0
72323,reinforce_2001,拳源石 5年 4次 B-,グローブに装着する源石。5年生用 ランク 4、グレード B-。<br>(パワーゲージ最大値 +1),装備アイテム強化,11,0,5,0
72324,reinforce_2001,拳源石 5年 4次 B,グローブに装着する源石。5年生用 ランク 4、グレード B。<br>(パワーゲージ最大値 +1),装備アイテム強化,11,0,5,0
72325,reinforce_2001,拳源石 5年 4次 B+,グローブに装着する源石。5年生用 ランク 4、グレード B+。<br>(パワーゲージ最大値 +1),装備アイテム強化,11,0,5,0
72326,reinforce_2001,拳源石 5年 4次 A-,グローブに装着する源石。5年生用 ランク 4、グレード A-。<br>(パワーゲージ最大値 +1),装備アイテム強化,11,0,5,0
72327,reinforce_2001,拳源石 5年 4次 A,グローブに装着する源石。5年生用 ランク 4、グレード A。<br>(パワーゲージ最大値 +1),装備アイテム強化,11,0,5,0
72328,reinforce_2001,拳源石 5年 4次 A+,グローブに装着する源石。5年生用 ランク 4、グレード A+。<br>(パワーゲージ最大値 +1),装備アイテム強化,11,0,5,0
72329,reinforce_2001,拳源石 5年 4次 S,グローブに装着する源石。5年生用 ランク 4、グレード S。<br>(パワーゲージ最大値 +1),装備アイテム強化,11,0,5,0
72330,reinforce_2001,拳源石 5年 4次 SS,グローブに装着する源石。5年生用 ランク 4、グレード SS。<br>(パワーゲージ最大値 +1),装備アイテム強化,11,0,5,0
72331,reinforce_2001,拳源石 5年 5次 C-,グローブに装着する源石。5年生用 ランク 5、グレード C-。<br>(パワーゲージ最大値 +1),装備アイテム強化,11,0,5,0
72332,reinforce_2001,拳源石 5年 5次 C,グローブに装着する源石。5年生用 ランク 5、グレード C。<br>(パワーゲージ最大値 +1),装備アイテム強化,11,0,5,0
72333,reinforce_2001,拳源石 5年 5次 C+,グローブに装着する源石。5年生用 ランク 5、グレード C+。<br>(パワーゲージ最大値 +1),装備アイテム強化,11,0,5,0
72334,reinforce_2001,拳源石 5年 5次 B-,グローブに装着する源石。5年生用 ランク 5、グレード B-。<br>(パワーゲージ最大値 +1),装備アイテム強化,11,0,5,0
72335,reinforce_2001,拳源石 5年 5次 B,グローブに装着する源石。5年生用 ランク 5、グレード B。<br>(パワーゲージ最大値 +1),装備アイテム強化,11,0,5,0
72336,reinforce_2001,拳源石 5年 5次 B+,グローブに装着する源石。5年生用 ランク 5、グレード B+。<br>(パワーゲージ最大値 +1),装備アイテム強化,11,0,5,0
72337,reinforce_2001,拳源石 5年 5次 A-,グローブに装着する源石。5年生用 ランク 5、グレード A-。<br>(パワーゲージ最大値 +1),装備アイテム強化,11,0,5,0
72338,reinforce_2001,拳源石 5年 5次 A,グローブに装着する源石。5年生用 ランク 5、グレード A。<br>(パワーゲージ最大値 +1),装備アイテム強化,11,0,5,0
72339,reinforce_2001,拳源石 5年 5次 A+,グローブに装着する源石。5年生用 ランク 5、グレード A+。<br>(パワーゲージ最大値 +1),装備アイテム強化,11,0,5,0
72340,reinforce_2001,拳源石 5年 5次 S,グローブに装着する源石。5年生用 ランク 5、グレード S。<br>(パワーゲージ最大値 +1),装備アイテム強化,11,0,5,0
72341,reinforce_2001,拳源石 5年 5次 SS,グローブに装着する源石。5年生用 ランク 5、グレード SS。<br>(パワーゲージ最大値 +1),装備アイテム強化,11,0,5,0
72342,reinforce_2001,拳源石 5年 6次 C-,グローブに装着する源石。5年生用 ランク 6、グレード C-。<br>(パワーゲージ最大値 +1),装備アイテム強化,11,0,5,0
72343,reinforce_2001,拳源石 5年 6次 C,グローブに装着する源石。5年生用 ランク 6、グレード C。<br>(パワーゲージ最大値 +1),装備アイテム強化,11,0,5,0
72344,reinforce_2001,拳源石 5年 6次 C+,グローブに装着する源石。5年生用 ランク 6、グレード C+。<br>(パワーゲージ最大値 +1),装備アイテム強化,11,0,5,0
72345,reinforce_2001,拳源石 5年 6次 B-,グローブに装着する源石。5年生用 ランク 6、グレード B-。<br>(パワーゲージ最大値 +1),装備アイテム強化,11,0,5,0
72346,reinforce_2001,拳源石 5年 6次 B,グローブに装着する源石。5年生用 ランク 6、グレード B。<br>(パワーゲージ最大値 +1),装備アイテム強化,11,0,5,0
72347,reinforce_2001,拳源石 5年 6次 B+,グローブに装着する源石。5年生用 ランク 6、グレード B+。<br>(パワーゲージ最大値 +1),装備アイテム強化,11,0,5,0
72348,reinforce_2001,拳源石 5年 6次 A-,グローブに装着する源石。5年生用 ランク 6、グレード A-。<br>(パワーゲージ最大値 +1),装備アイテム強化,11,0,5,0
72349,reinforce_2001,拳源石 5年 6次 A,グローブに装着する源石。5年生用 ランク 6、グレード A。<br>(パワーゲージ最大値 +1),装備アイテム強化,11,0,5,0
72350,reinforce_2001,拳源石 5年 6次 A+,グローブに装着する源石。5年生用 ランク 6、グレード A+。<br>(パワーゲージ最大値 +1),装備アイテム強化,11,0,5,0
72351,reinforce_2001,拳源石 5年 6次 S,グローブに装着する源石。5年生用 ランク 6、グレード S。<br>(パワーゲージ最大値 +1),装備アイテム強化,11,0,5,0
72352,reinforce_2001,拳源石 5年 6次 SS,グローブに装着する源石。5年生用 ランク 6、グレード SS。<br>(パワーゲージ最大値 +1),装備アイテム強化,11,0,5,0
72353,reinforce_2001,拳源石 5年 7次 C-,グローブに装着する源石。5年生用 ランク 7、グレード C-。<br>(パワーゲージ最大値 +1),装備アイテム強化,11,0,5,0
72354,reinforce_2001,拳源石 5年 7次 C,グローブに装着する源石。5年生用 ランク 7、グレード C。<br>(パワーゲージ最大値 +1),装備アイテム強化,11,0,5,0
72355,reinforce_2001,拳源石 5年 7次 C+,グローブに装着する源石。5年生用 ランク 7、グレード C+。<br>(パワーゲージ最大値 +1),装備アイテム強化,11,0,5,0
72356,reinforce_2001,拳源石 5年 7次 B-,グローブに装着する源石。5年生用 ランク 7、グレード B-。<br>(パワーゲージ最大値 +1),装備アイテム強化,11,0,5,0
72357,reinforce_2001,拳源石 5年 7次 B,グローブに装着する源石。5年生用 ランク 7、グレード B。<br>(パワーゲージ最大値 +1),装備アイテム強化,11,0,5,0
72358,reinforce_2001,拳源石 5年 7次 B+,グローブに装着する源石。5年生用 ランク 7、グレード B+。<br>(パワーゲージ最大値 +1),装備アイテム強化,11,0,5,0
72359,reinforce_2001,拳源石 5年 7次 A-,グローブに装着する源石。5年生用 ランク 7、グレード A-。<br>(パワーゲージ最大値 +1),装備アイテム強化,11,0,5,0
72360,reinforce_2001,拳源石 5年 7次 A,グローブに装着する源石。5年生用 ランク 7、グレード A。<br>(パワーゲージ最大値 +1),装備アイテム強化,11,0,5,0
72361,reinforce_2001,拳源石 5年 7次 A+,グローブに装着する源石。5年生用 ランク 7、グレード A+。<br>(パワーゲージ最大値 +1),装備アイテム強化,11,0,5,0
72362,reinforce_2001,拳源石 5年 7次 S,グローブに装着する源石。5年生用 ランク 7、グレード S。<br>(パワーゲージ最大値 +1),装備アイテム強化,11,0,5,0
72363,reinforce_2001,拳源石 5年 7次 SS,グローブに装着する源石。5年生用 ランク 7、グレード SS。<br>(パワーゲージ最大値 +1),装備アイテム強化,11,0,5,0
72364,reinforce_2001,拳源石 5年 8次 C-,グローブに装着する源石。5年生用 ランク 8、グレード C-。<br>(パワーゲージ最大値 +1),装備アイテム強化,11,0,5,0
72365,reinforce_2001,拳源石 5年 8次 C,グローブに装着する源石。5年生用 ランク 8、グレード C。<br>(パワーゲージ最大値 +1),装備アイテム強化,11,0,5,0
72366,reinforce_2001,拳源石 5年 8次 C+,グローブに装着する源石。5年生用 ランク 8、グレード C+。<br>(パワーゲージ最大値 +1),装備アイテム強化,11,0,5,0
72367,reinforce_2001,拳源石 5年 8次 B-,グローブに装着する源石。5年生用 ランク 8、グレード B-。<br>(パワーゲージ最大値 +1),装備アイテム強化,11,0,5,0
72368,reinforce_2001,拳源石 5年 8次 B,グローブに装着する源石。5年生用 ランク 8、グレード B。<br>(パワーゲージ最大値 +1),装備アイテム強化,11,0,5,0
72369,reinforce_2001,拳源石 5年 8次 B+,グローブに装着する源石。5年生用 ランク 8、グレード B+。<br>(パワーゲージ最大値 +1),装備アイテム強化,11,0,5,0
72370,reinforce_2001,拳源石 5年 8次 A-,グローブに装着する源石。5年生用 ランク 8、グレード A-。<br>(パワーゲージ最大値 +1),装備アイテム強化,11,0,5,0
72371,reinforce_2001,拳源石 5年 8次 A,グローブに装着する源石。5年生用 ランク 8、グレード A。<br>(パワーゲージ最大値 +1),装備アイテム強化,11,0,5,0
72372,reinforce_2001,拳源石 5年 8次 A+,グローブに装着する源石。5年生用 ランク 8、グレード A+。<br>(パワーゲージ最大値 +1),装備アイテム強化,11,0,5,0
72373,reinforce_2001,拳源石 5年 8次 S,グローブに装着する源石。5年生用 ランク 8、グレード S。<br>(パワーゲージ最大値 +1),装備アイテム強化,11,0,5,0
72374,reinforce_2001,拳源石 5年 8次 SS,グローブに装着する源石。5年生用 ランク 8、グレード SS。<br>(パワーゲージ最大値 +1),装備アイテム強化,11,0,5,0
72375,reinforce_2001,拳源石 6年 1次 C-,グローブに装着する源石。6年生用 ランク 1、グレード C-。<br>(パワーゲージ最大値 +1),装備アイテム強化,11,0,5,0
72376,reinforce_2001,拳源石 6年 1次 C,グローブに装着する源石。6年生用 ランク 1、グレード C。<br>(パワーゲージ最大値 +1),装備アイテム強化,11,0,5,0
72377,reinforce_2001,拳源石 6年 1次 C+,グローブに装着する源石。6年生用 ランク 1、グレード C+。<br>(パワーゲージ最大値 +1),装備アイテム強化,11,0,5,0
72378,reinforce_2001,拳源石 6年 1次 B-,グローブに装着する源石。6年生用 ランク 1、グレード B-。<br>(パワーゲージ最大値 +1),装備アイテム強化,11,0,5,0
72379,reinforce_2001,拳源石 6年 1次 B,グローブに装着する源石。6年生用 ランク 1、グレード B。<br>(パワーゲージ最大値 +1),装備アイテム強化,11,0,5,0
72380,reinforce_2001,拳源石 6年 1次 B+,グローブに装着する源石。6年生用 ランク 1、グレード B+。<br>(パワーゲージ最大値 +1),装備アイテム強化,11,0,5,0
72381,reinforce_2001,拳源石 6年 1次 A-,グローブに装着する源石。6年生用 ランク 1、グレード A-。<br>(パワーゲージ最大値 +1),装備アイテム強化,11,0,5,0
72382,reinforce_2001,拳源石 6年 1次 A,グローブに装着する源石。6年生用 ランク 1、グレード A。<br>(パワーゲージ最大値 +1),装備アイテム強化,11,0,5,0
72383,reinforce_2001,拳源石 6年 1次 A+,グローブに装着する源石。6年生用 ランク 1、グレード A+。<br>(パワーゲージ最大値 +1),装備アイテム強化,11,0,5,0
72384,reinforce_2001,拳源石 6年 1次 S,グローブに装着する源石。6年生用 ランク 1、グレード S。<br>(パワーゲージ最大値 +1),装備アイテム強化,11,0,5,0
72385,reinforce_2001,拳源石 6年 1次 SS,グローブに装着する源石。6年生用 ランク 1、グレード SS。<br>(パワーゲージ最大値 +1),装備アイテム強化,11,0,5,0
72386,reinforce_2001,拳源石 6年 2次 C-,グローブに装着する源石。6年生用 ランク 2、グレード C-。<br>(パワーゲージ最大値 +1),装備アイテム強化,11,0,5,0
72387,reinforce_2001,拳源石 6年 2次 C,グローブに装着する源石。6年生用 ランク 2、グレード C。<br>(パワーゲージ最大値 +1),装備アイテム強化,11,0,5,0
72388,reinforce_2001,拳源石 6年 2次 C+,グローブに装着する源石。6年生用 ランク 2、グレード C+。<br>(パワーゲージ最大値 +1),装備アイテム強化,11,0,5,0
72389,reinforce_2001,拳源石 6年 2次 B-,グローブに装着する源石。6年生用 ランク 2、グレード B-。<br>(パワーゲージ最大値 +1),装備アイテム強化,11,0,5,0
72390,reinforce_2001,拳源石 6年 2次 B,グローブに装着する源石。6年生用 ランク 2、グレード B。<br>(パワーゲージ最大値 +1),装備アイテム強化,11,0,5,0
72391,reinforce_2001,拳源石 6年 2次 B+,グローブに装着する源石。6年生用 ランク 2、グレード B+。<br>(パワーゲージ最大値 +1),装備アイテム強化,11,0,5,0
72392,reinforce_2001,拳源石 6年 2次 A-,グローブに装着する源石。6年生用 ランク 2、グレード A-。<br>(パワーゲージ最大値 +1),装備アイテム強化,11,0,5,0
72393,reinforce_2001,拳源石 6年 2次 A,グローブに装着する源石。6年生用 ランク 2、グレード A。<br>(パワーゲージ最大値 +1),装備アイテム強化,11,0,5,0
72394,reinforce_2001,拳源石 6年 2次 A+,グローブに装着する源石。6年生用 ランク 2、グレード A+。<br>(パワーゲージ最大値 +1),装備アイテム強化,11,0,5,0
72395,reinforce_2001,拳源石 6年 2次 S,グローブに装着する源石。6年生用 ランク 2、グレード S。<br>(パワーゲージ最大値 +1),装備アイテム強化,11,0,5,0
72396,reinforce_2001,拳源石 6年 2次 SS,グローブに装着する源石。6年生用 ランク 2、グレード SS。<br>(パワーゲージ最大値 +1),装備アイテム強化,11,0,5,0
72397,reinforce_2001,拳源石 6年 3次 C-,グローブに装着する源石。6年生用 ランク 3、グレード C-。<br>(パワーゲージ最大値 +1),装備アイテム強化,11,0,5,0
72398,reinforce_2001,拳源石 6年 3次 C,グローブに装着する源石。6年生用 ランク 3、グレード C。<br>(パワーゲージ最大値 +1),装備アイテム強化,11,0,5,0
72399,reinforce_2001,拳源石 6年 3次 C+,グローブに装着する源石。6年生用 ランク 3、グレード C+。<br>(パワーゲージ最大値 +1),装備アイテム強化,11,0,5,0
72400,reinforce_2001,拳源石 6年 3次 B-,グローブに装着する源石。6年生用 ランク 3、グレード B-。<br>(パワーゲージ最大値 +1),装備アイテム強化,11,0,5,0
72401,reinforce_2001,拳源石 6年 3次 B,グローブに装着する源石。6年生用 ランク 3、グレード B。<br>(パワーゲージ最大値 +1),装備アイテム強化,11,0,5,0
72402,reinforce_2001,拳源石 6年 3次 B+,グローブに装着する源石。6年生用 ランク 3、グレード B+。<br>(パワーゲージ最大値 +1),装備アイテム強化,11,0,5,0
72403,reinforce_2001,拳源石 6年 3次 A-,グローブに装着する源石。6年生用 ランク 3、グレード A-。<br>(パワーゲージ最大値 +1),装備アイテム強化,11,0,5,0
72404,reinforce_2001,拳源石 6年 3次 A,グローブに装着する源石。6年生用 ランク 3、グレード A。<br>(パワーゲージ最大値 +1),装備アイテム強化,11,0,5,0
72405,reinforce_2001,拳源石 6年 3次 A+,グローブに装着する源石。6年生用 ランク 3、グレード A+。<br>(パワーゲージ最大値 +1),装備アイテム強化,11,0,5,0
72406,reinforce_2001,拳源石 6年 3次 S,グローブに装着する源石。6年生用 ランク 3、グレード S。<br>(パワーゲージ最大値 +1),装備アイテム強化,11,0,5,0
72407,reinforce_2001,拳源石 6年 3次 SS,グローブに装着する源石。6年生用 ランク 3、グレード SS。<br>(パワーゲージ最大値 +1),装備アイテム強化,11,0,5,0
72408,reinforce_2001,拳源石 6年 4次 C-,グローブに装着する源石。6年生用 ランク 4、グレード C-。<br>(パワーゲージ最大値 +1),装備アイテム強化,11,0,5,0
72409,reinforce_2001,拳源石 6年 4次 C,グローブに装着する源石。6年生用 ランク 4、グレード C。<br>(パワーゲージ最大値 +1),装備アイテム強化,11,0,5,0
72410,reinforce_2001,拳源石 6年 4次 C+,グローブに装着する源石。6年生用 ランク 4、グレード C+。<br>(パワーゲージ最大値 +1),装備アイテム強化,11,0,5,0
72411,reinforce_2001,拳源石 6年 4次 B-,グローブに装着する源石。6年生用 ランク 4、グレード B-。<br>(パワーゲージ最大値 +1),装備アイテム強化,11,0,5,0
72412,reinforce_2001,拳源石 6年 4次 B,グローブに装着する源石。6年生用 ランク 4、グレード B。<br>(パワーゲージ最大値 +1),装備アイテム強化,11,0,5,0
72413,reinforce_2001,拳源石 6年 4次 B+,グローブに装着する源石。6年生用 ランク 4、グレード B+。<br>(パワーゲージ最大値 +1),装備アイテム強化,11,0,5,0
72414,reinforce_2001,拳源石 6年 4次 A-,グローブに装着する源石。6年生用 ランク 4、グレード A-。<br>(パワーゲージ最大値 +1),装備アイテム強化,11,0,5,0
72415,reinforce_2001,拳源石 6年 4次 A,グローブに装着する源石。6年生用 ランク 4、グレード A。<br>(パワーゲージ最大値 +1),装備アイテム強化,11,0,5,0
72416,reinforce_2001,拳源石 6年 4次 A+,グローブに装着する源石。6年生用 ランク 4、グレード A+。<br>(パワーゲージ最大値 +1),装備アイテム強化,11,0,5,0
72417,reinforce_2001,拳源石 6年 4次 S,グローブに装着する源石。6年生用 ランク 4、グレード S。<br>(パワーゲージ最大値 +1),装備アイテム強化,11,0,5,0
72418,reinforce_2001,拳源石 6年 4次 SS,グローブに装着する源石。6年生用 ランク 4、グレード SS。<br>(パワーゲージ最大値 +1),装備アイテム強化,11,0,5,0
72419,reinforce_2001,拳源石 6年 5次 C-,グローブに装着する源石。6年生用 ランク 5、グレード C-。<br>(パワーゲージ最大値 +1),装備アイテム強化,11,0,5,0
72420,reinforce_2001,拳源石 6年 5次 C,グローブに装着する源石。6年生用 ランク 5、グレード C。<br>(パワーゲージ最大値 +1),装備アイテム強化,11,0,5,0
72421,reinforce_2001,拳源石 6年 5次 C+,グローブに装着する源石。6年生用 ランク 5、グレード C+。<br>(パワーゲージ最大値 +1),装備アイテム強化,11,0,5,0
72422,reinforce_2001,拳源石 6年 5次 B-,グローブに装着する源石。6年生用 ランク 5、グレード B-。<br>(パワーゲージ最大値 +1),装備アイテム強化,11,0,5,0
72423,reinforce_2001,拳源石 6年 5次 B,グローブに装着する源石。6年生用 ランク 5、グレード B。<br>(パワーゲージ最大値 +1),装備アイテム強化,11,0,5,0
72424,reinforce_2001,拳源石 6年 5次 B+,グローブに装着する源石。6年生用 ランク 5、グレード B+。<br>(パワーゲージ最大値 +1),装備アイテム強化,11,0,5,0
72425,reinforce_2001,拳源石 6年 5次 A-,グローブに装着する源石。6年生用 ランク 5、グレード A-。<br>(パワーゲージ最大値 +1),装備アイテム強化,11,0,5,0
72426,reinforce_2001,拳源石 6年 5次 A,グローブに装着する源石。6年生用 ランク 5、グレード A。<br>(パワーゲージ最大値 +1),装備アイテム強化,11,0,5,0
73100,reinforce_3001,音源石 1年 1次 C-,ミューラに装着する源石。1年生用 ランク 1、グレード C-。<br>(パワーゲージ最大値 +1),装備アイテム強化,7,0,5,0
73101,reinforce_3001,音源石 1年 1次 C,ミューラに装着する源石。1年生用 ランク 1、グレード C。<br>(パワーゲージ最大値 +1),装備アイテム強化,7,0,5,0
73102,reinforce_3001,音源石 1年 1次 C+,ミューラに装着する源石。1年生用 ランク 1、グレード C+。<br>(パワーゲージ最大値 +1),装備アイテム強化,7,0,5,0
73103,reinforce_3001,音源石 1年 1次 B-,ミューラに装着する源石。1年生用 ランク 1、グレード B-。<br>(パワーゲージ最大値 +1),装備アイテム強化,7,0,5,0
73104,reinforce_3001,音源石 1年 1次 B,ミューラに装着する源石。1年生用 ランク 1、グレード B。<br>(パワーゲージ最大値 +1),装備アイテム強化,7,0,5,0
73105,reinforce_3001,音源石 1年 1次 B+,ミューラに装着する源石。1年生用 ランク 1、グレード B+。<br>(パワーゲージ最大値 +1),装備アイテム強化,7,0,5,0
73106,reinforce_3001,音源石 1年 1次 A-,ミューラに装着する源石。1年生用 ランク 1、グレード A-。<br>(パワーゲージ最大値 +1),装備アイテム強化,7,0,5,0
73107,reinforce_3001,音源石 1年 1次 A,ミューラに装着する源石。1年生用 ランク 1、グレード A。<br>(パワーゲージ最大値 +1),装備アイテム強化,7,0,5,0
73108,reinforce_3001,音源石 1年 1次 A+,ミューラに装着する源石。1年生用 ランク 1、グレード A+。<br>(パワーゲージ最大値 +1),装備アイテム強化,7,0,5,0
73109,reinforce_3001,音源石 1年 1次 S,ミューラに装着する源石。1年生用 ランク 1、グレード S。<br>(パワーゲージ最大値 +1),装備アイテム強化,7,0,5,0
73110,reinforce_3001,音源石 1年 1次 SS,ミューラに装着する源石。1年生用 ランク 1、グレード SS。<br>(パワーゲージ最大値 +1),装備アイテム強化,7,0,5,0
73111,reinforce_3001,音源石 1年 2次 C-,ミューラに装着する源石。1年生用 ランク 2、グレード C-。<br>(パワーゲージ最大値 +1),装備アイテム強化,7,0,5,0
73112,reinforce_3001,音源石 1年 2次 C,ミューラに装着する源石。1年生用 ランク 2、グレード C。<br>(パワーゲージ最大値 +1),装備アイテム強化,7,0,5,0
73113,reinforce_3001,音源石 1年 2次 C+,ミューラに装着する源石。1年生用 ランク 2、グレード C+。<br>(パワーゲージ最大値 +1),装備アイテム強化,7,0,5,0
73114,reinforce_3001,音源石 1年 2次 B-,ミューラに装着する源石。1年生用 ランク 2、グレード B-。<br>(パワーゲージ最大値 +1),装備アイテム強化,7,0,5,0
73115,reinforce_3001,音源石 1年 2次 B,ミューラに装着する源石。1年生用 ランク 2、グレード B。<br>(パワーゲージ最大値 +1),装備アイテム強化,7,0,5,0
73116,reinforce_3001,音源石 1年 2次 B+,ミューラに装着する源石。1年生用 ランク 2、グレード B+。<br>(パワーゲージ最大値 +1),装備アイテム強化,7,0,5,0
73117,reinforce_3001,音源石 1年 2次 A-,ミューラに装着する源石。1年生用 ランク 2、グレード A-。<br>(パワーゲージ最大値 +1),装備アイテム強化,7,0,5,0
73118,reinforce_3001,音源石 1年 2次 A,ミューラに装着する源石。1年生用 ランク 2、グレード A。<br>(パワーゲージ最大値 +1),装備アイテム強化,7,0,5,0
73119,reinforce_3001,音源石 1年 2次 A+,ミューラに装着する源石。1年生用 ランク 2、グレード A+。<br>(パワーゲージ最大値 +1),装備アイテム強化,7,0,5,0
73120,reinforce_3001,音源石 1年 2次 S,ミューラに装着する源石。1年生用 ランク 2、グレード S。<br>(パワーゲージ最大値 +1),装備アイテム強化,7,0,5,0
73121,reinforce_3001,音源石 1年 2次 SS,ミューラに装着する源石。1年生用 ランク 2、グレード SS。<br>(パワーゲージ最大値 +1),装備アイテム強化,7,0,5,0
73122,reinforce_3001,音源石 1年 3次 C-,ミューラに装着する源石。1年生用 ランク 3、グレード C-。<br>(パワーゲージ最大値 +1),装備アイテム強化,7,0,5,0
73123,reinforce_3001,音源石 1年 3次 C,ミューラに装着する源石。1年生用 ランク 3、グレード C。<br>(パワーゲージ最大値 +1),装備アイテム強化,7,0,5,0
73124,reinforce_3001,音源石 1年 3次 C+,ミューラに装着する源石。1年生用 ランク 3、グレード C+。<br>(パワーゲージ最大値 +1),装備アイテム強化,7,0,5,0
73125,reinforce_3001,音源石 1年 3次 B-,ミューラに装着する源石。1年生用 ランク 3、グレード B-。<br>(パワーゲージ最大値 +1),装備アイテム強化,7,0,5,0
73126,reinforce_3001,音源石 1年 3次 B,ミューラに装着する源石。1年生用 ランク 3、グレード B。<br>(パワーゲージ最大値 +1),装備アイテム強化,7,0,5,0
73127,reinforce_3001,音源石 1年 3次 B+,ミューラに装着する源石。1年生用 ランク 3、グレード B+。<br>(パワーゲージ最大値 +1),装備アイテム強化,7,0,5,0
73128,reinforce_3001,音源石 1年 3次 A-,ミューラに装着する源石。1年生用 ランク 3、グレード A-。<br>(パワーゲージ最大値 +1),装備アイテム強化,7,0,5,0
73129,reinforce_3001,音源石 1年 3次 A,ミューラに装着する源石。1年生用 ランク 3、グレード A。<br>(パワーゲージ最大値 +1),装備アイテム強化,7,0,5,0
73130,reinforce_3001,音源石 1年 3次 A+,ミューラに装着する源石。1年生用 ランク 3、グレード A+。<br>(パワーゲージ最大値 +1),装備アイテム強化,7,0,5,0
73131,reinforce_3001,音源石 1年 3次 S,ミューラに装着する源石。1年生用 ランク 3、グレード S。<br>(パワーゲージ最大値 +1),装備アイテム強化,7,0,5,0
73132,reinforce_3001,音源石 1年 3次 SS,ミューラに装着する源石。1年生用 ランク 3、グレード SS。<br>(パワーゲージ最大値 +1),装備アイテム強化,7,0,5,0
73133,reinforce_3001,音源石 1年 4次 C-,ミューラに装着する源石。1年生用 ランク 4、グレード C-。<br>(パワーゲージ最大値 +1),装備アイテム強化,7,0,5,0
73134,reinforce_3001,音源石 1年 4次 C,ミューラに装着する源石。1年生用 ランク 4、グレード C。<br>(パワーゲージ最大値 +1),装備アイテム強化,7,0,5,0
73135,reinforce_3001,音源石 1年 4次 C+,ミューラに装着する源石。1年生用 ランク 4、グレード C+。<br>(パワーゲージ最大値 +1),装備アイテム強化,7,0,5,0
73136,reinforce_3001,音源石 1年 4次 B-,ミューラに装着する源石。1年生用 ランク 4、グレード B-。<br>(パワーゲージ最大値 +1),装備アイテム強化,7,0,5,0
73137,reinforce_3001,音源石 1年 4次 B,ミューラに装着する源石。1年生用 ランク 4、グレード B。<br>(パワーゲージ最大値 +1),装備アイテム強化,7,0,5,0
73138,reinforce_3001,音源石 1年 4次 B+,ミューラに装着する源石。1年生用 ランク 4、グレード B+。<br>(パワーゲージ最大値 +1),装備アイテム強化,7,0,5,0
73139,reinforce_3001,音源石 1年 4次 A-,ミューラに装着する源石。1年生用 ランク 4、グレード A-。<br>(パワーゲージ最大値 +1),装備アイテム強化,7,0,5,0
73140,reinforce_3001,音源石 1年 4次 A,ミューラに装着する源石。1年生用 ランク 4、グレード A。<br>(パワーゲージ最大値 +1),装備アイテム強化,7,0,5,0
73141,reinforce_3001,音源石 1年 4次 A+,ミューラに装着する源石。1年生用 ランク 4、グレード A+。<br>(パワーゲージ最大値 +1),装備アイテム強化,7,0,5,0
73142,reinforce_3001,音源石 1年 4次 S,ミューラに装着する源石。1年生用 ランク 4、グレード S。<br>(パワーゲージ最大値 +1),装備アイテム強化,7,0,5,0
73143,reinforce_3001,音源石 1年 4次 SS,ミューラに装着する源石。1年生用 ランク 4、グレード SS。<br>(パワーゲージ最大値 +1),装備アイテム強化,7,0,5,0
73144,reinforce_3001,音源石 2年 1次 C-,ミューラに装着する源石。2年生用 ランク 1、グレード C-。<br>(パワーゲージ最大値 +1),装備アイテム強化,8,0,5,0
73145,reinforce_3001,音源石 2年 1次 C,ミューラに装着する源石。2年生用 ランク 1、グレード C。<br>(パワーゲージ最大値 +1),装備アイテム強化,8,0,5,0
73146,reinforce_3001,音源石 2年 1次 C+,ミューラに装着する源石。2年生用 ランク 1、グレード C+。<br>(パワーゲージ最大値 +1),装備アイテム強化,8,0,5,0
73147,reinforce_3001,音源石 2年 1次 B-,ミューラに装着する源石。2年生用 ランク 1、グレード B-。<br>(パワーゲージ最大値 +1),装備アイテム強化,8,0,5,0
73148,reinforce_3001,音源石 2年 1次 B,ミューラに装着する源石。2年生用 ランク 1、グレード B。<br>(パワーゲージ最大値 +1),装備アイテム強化,8,0,5,0
73149,reinforce_3001,音源石 2年 1次 B+,ミューラに装着する源石。2年生用 ランク 1、グレード B+。<br>(パワーゲージ最大値 +1),装備アイテム強化,8,0,5,0
73150,reinforce_3001,音源石 2年 1次 A-,ミューラに装着する源石。2年生用 ランク 1、グレード A-。<br>(パワーゲージ最大値 +1),装備アイテム強化,8,0,5,0
73151,reinforce_3001,音源石 2年 1次 A,ミューラに装着する源石。2年生用 ランク 1、グレード A。<br>(パワーゲージ最大値 +1),装備アイテム強化,8,0,5,0
73152,reinforce_3001,音源石 2年 1次 A+,ミューラに装着する源石。2年生用 ランク 1、グレード A+。<br>(パワーゲージ最大値 +1),装備アイテム強化,8,0,5,0
73153,reinforce_3001,音源石 2年 1次 S,ミューラに装着する源石。2年生用 ランク 1、グレード S。<br>(パワーゲージ最大値 +1),装備アイテム強化,8,0,5,0
73154,reinforce_3001,音源石 2年 1次 SS,ミューラに装着する源石。2年生用 ランク 1、グレード SS。<br>(パワーゲージ最大値 +1),装備アイテム強化,8,0,5,0
73155,reinforce_3001,音源石 2年 2次 C-,ミューラに装着する源石。2年生用 ランク 2、グレード C-。<br>(パワーゲージ最大値 +1),装備アイテム強化,8,0,5,0
73156,reinforce_3001,音源石 2年 2次 C,ミューラに装着する源石。2年生用 ランク 2、グレード C。<br>(パワーゲージ最大値 +1),装備アイテム強化,8,0,5,0
73157,reinforce_3001,音源石 2年 2次 C+,ミューラに装着する源石。2年生用 ランク 2、グレード C+。<br>(パワーゲージ最大値 +1),装備アイテム強化,8,0,5,0
73158,reinforce_3001,音源石 2年 2次 B-,ミューラに装着する源石。2年生用 ランク 2、グレード B-。<br>(パワーゲージ最大値 +1),装備アイテム強化,8,0,5,0
73159,reinforce_3001,音源石 2年 2次 B,ミューラに装着する源石。2年生用 ランク 2、グレード B。<br>(パワーゲージ最大値 +1),装備アイテム強化,8,0,5,0
73160,reinforce_3001,音源石 2年 2次 B+,ミューラに装着する源石。2年生用 ランク 2、グレード B+。<br>(パワーゲージ最大値 +1),装備アイテム強化,8,0,5,0
73161,reinforce_3001,音源石 2年 2次 A-,ミューラに装着する源石。2年生用 ランク 2、グレード A-。<br>(パワーゲージ最大値 +1),装備アイテム強化,8,0,5,0
73162,reinforce_3001,音源石 2年 2次 A,ミューラに装着する源石。2年生用 ランク 2、グレード A。<br>(パワーゲージ最大値 +1),装備アイテム強化,8,0,5,0
73163,reinforce_3001,音源石 2年 2次 A+,ミューラに装着する源石。2年生用 ランク 2、グレード A+。<br>(パワーゲージ最大値 +1),装備アイテム強化,8,0,5,0
73164,reinforce_3001,音源石 2年 2次 S,ミューラに装着する源石。2年生用 ランク 2、グレード S。<br>(パワーゲージ最大値 +1),装備アイテム強化,8,0,5,0
73165,reinforce_3001,音源石 2年 2次 SS,ミューラに装着する源石。2年生用 ランク 2、グレード SS。<br>(パワーゲージ最大値 +1),装備アイテム強化,8,0,5,0
73166,reinforce_3001,音源石 2年 3次 C-,ミューラに装着する源石。2年生用 ランク 3、グレード C-。<br>(パワーゲージ最大値 +1),装備アイテム強化,8,0,5,0
73167,reinforce_3001,音源石 2年 3次 C,ミューラに装着する源石。2年生用 ランク 3、グレード C。<br>(パワーゲージ最大値 +1),装備アイテム強化,8,0,5,0
73168,reinforce_3001,音源石 2年 3次 C+,ミューラに装着する源石。2年生用 ランク 3、グレード C+。<br>(パワーゲージ最大値 +1),装備アイテム強化,8,0,5,0
73169,reinforce_3001,音源石 2年 3次 B-,ミューラに装着する源石。2年生用 ランク 3、グレード B-。<br>(パワーゲージ最大値 +1),装備アイテム強化,8,0,5,0
73170,reinforce_3001,音源石 2年 3次 B,ミューラに装着する源石。2年生用 ランク 3、グレード B。<br>(パワーゲージ最大値 +1),装備アイテム強化,8,0,5,0
73171,reinforce_3001,音源石 2年 3次 B+,ミューラに装着する源石。2年生用 ランク 3、グレード B+。<br>(パワーゲージ最大値 +1),装備アイテム強化,8,0,5,0
73172,reinforce_3001,音源石 2年 3次 A-,ミューラに装着する源石。2年生用 ランク 3、グレード A-。<br>(パワーゲージ最大値 +1),装備アイテム強化,8,0,5,0
73173,reinforce_3001,音源石 2年 3次 A,ミューラに装着する源石。2年生用 ランク 3、グレード A。<br>(パワーゲージ最大値 +1),装備アイテム強化,8,0,5,0
73174,reinforce_3001,音源石 2年 3次 A+,ミューラに装着する源石。2年生用 ランク 3、グレード A+。<br>(パワーゲージ最大値 +1),装備アイテム強化,8,0,5,0
73175,reinforce_3001,音源石 2年 3次 S,ミューラに装着する源石。2年生用 ランク 3、グレード S。<br>(パワーゲージ最大値 +1),装備アイテム強化,8,0,5,0
73176,reinforce_3001,音源石 2年 3次 SS,ミューラに装着する源石。2年生用 ランク 3、グレード SS。<br>(パワーゲージ最大値 +1),装備アイテム強化,8,0,5,0
73177,reinforce_3001,音源石 2年 4次 C-,ミューラに装着する源石。2年生用 ランク 4、グレード C-。<br>(パワーゲージ最大値 +1),装備アイテム強化,8,0,5,0
73178,reinforce_3001,音源石 2年 4次 C,ミューラに装着する源石。2年生用 ランク 4、グレード C。<br>(パワーゲージ最大値 +1),装備アイテム強化,8,0,5,0
73179,reinforce_3001,音源石 2年 4次 C+,ミューラに装着する源石。2年生用 ランク 4、グレード C+。<br>(パワーゲージ最大値 +1),装備アイテム強化,8,0,5,0
73180,reinforce_3001,音源石 2年 4次 B-,ミューラに装着する源石。2年生用 ランク 4、グレード B-。<br>(パワーゲージ最大値 +1),装備アイテム強化,8,0,5,0
73181,reinforce_3001,音源石 2年 4次 B,ミューラに装着する源石。2年生用 ランク 4、グレード B。<br>(パワーゲージ最大値 +1),装備アイテム強化,8,0,5,0
73182,reinforce_3001,音源石 2年 4次 B+,ミューラに装着する源石。2年生用 ランク 4、グレード B+。<br>(パワーゲージ最大値 +1),装備アイテム強化,8,0,5,0
73183,reinforce_3001,音源石 2年 4次 A-,ミューラに装着する源石。2年生用 ランク 4、グレード A-。<br>(パワーゲージ最大値 +1),装備アイテム強化,8,0,5,0
73184,reinforce_3001,音源石 2年 4次 A,ミューラに装着する源石。2年生用 ランク 4、グレード A。<br>(パワーゲージ最大値 +1),装備アイテム強化,8,0,5,0
73185,reinforce_3001,音源石 2年 4次 A+,ミューラに装着する源石。2年生用 ランク 4、グレード A+。<br>(パワーゲージ最大値 +1),装備アイテム強化,8,0,5,0
73186,reinforce_3001,音源石 2年 4次 S,ミューラに装着する源石。2年生用 ランク 4、グレード S。<br>(パワーゲージ最大値 +1),装備アイテム強化,8,0,5,0
73187,reinforce_3001,音源石 2年 4次 SS,ミューラに装着する源石。2年生用 ランク 4、グレード SS。<br>(パワーゲージ最大値 +1),装備アイテム強化,8,0,5,0
73188,reinforce_3001,音源石 3年 1次 C-,ミューラに装着する源石。3年生用 ランク 1、グレード C-。<br>(パワーゲージ最大値 +1),装備アイテム強化,9,0,5,0
73189,reinforce_3001,音源石 3年 1次 C,ミューラに装着する源石。3年生用 ランク 1、グレード C。<br>(パワーゲージ最大値 +1),装備アイテム強化,9,0,5,0
73190,reinforce_3001,音源石 3年 1次 C+,ミューラに装着する源石。3年生用 ランク 1、グレード C+。<br>(パワーゲージ最大値 +1),装備アイテム強化,9,0,5,0
73191,reinforce_3001,音源石 3年 1次 B-,ミューラに装着する源石。3年生用 ランク 1、グレード B-。<br>(パワーゲージ最大値 +1),装備アイテム強化,9,0,5,0
73192,reinforce_3001,音源石 3年 1次 B,ミューラに装着する源石。3年生用 ランク 1、グレード B。<br>(パワーゲージ最大値 +1),装備アイテム強化,9,0,5,0
73193,reinforce_3001,音源石 3年 1次 B+,ミューラに装着する源石。3年生用 ランク 1、グレード B+。<br>(パワーゲージ最大値 +1),装備アイテム強化,9,0,5,0
73194,reinforce_3001,音源石 3年 1次 A-,ミューラに装着する源石。3年生用 ランク 1、グレード A-。<br>(パワーゲージ最大値 +1),装備アイテム強化,9,0,5,0
73195,reinforce_3001,音源石 3年 1次 A,ミューラに装着する源石。3年生用 ランク 1、グレード A。<br>(パワーゲージ最大値 +1),装備アイテム強化,9,0,5,0
73196,reinforce_3001,音源石 3年 1次 A+,ミューラに装着する源石。3年生用 ランク 1、グレード A+。<br>(パワーゲージ最大値 +1),装備アイテム強化,9,0,5,0
73197,reinforce_3001,音源石 3年 1次 S,ミューラに装着する源石。3年生用 ランク 1、グレード S。<br>(パワーゲージ最大値 +1),装備アイテム強化,9,0,5,0
73198,reinforce_3001,音源石 3年 1次 SS,ミューラに装着する源石。3年生用 ランク 1、グレード SS。<br>(パワーゲージ最大値 +1),装備アイテム強化,9,0,5,0
73199,reinforce_3001,音源石 3年 2次 C-,ミューラに装着する源石。3年生用 ランク 2、グレード C-。<br>(パワーゲージ最大値 +1),装備アイテム強化,9,0,5,0
73200,reinforce_3001,音源石 3年 2次 C,ミューラに装着する源石。3年生用 ランク 2、グレード C。<br>(パワーゲージ最大値 +1),装備アイテム強化,9,0,5,0
73201,reinforce_3001,音源石 3年 2次 C+,ミューラに装着する源石。3年生用 ランク 2、グレード C+。<br>(パワーゲージ最大値 +1),装備アイテム強化,9,0,5,0
73202,reinforce_3001,音源石 3年 2次 B-,ミューラに装着する源石。3年生用 ランク 2、グレード B-。<br>(パワーゲージ最大値 +1),装備アイテム強化,9,0,5,0
73203,reinforce_3001,音源石 3年 2次 B,ミューラに装着する源石。3年生用 ランク 2、グレード B。<br>(パワーゲージ最大値 +1),装備アイテム強化,9,0,5,0
73204,reinforce_3001,音源石 3年 2次 B+,ミューラに装着する源石。3年生用 ランク 2、グレード B+。<br>(パワーゲージ最大値 +1),装備アイテム強化,9,0,5,0
73205,reinforce_3001,音源石 3年 2次 A-,ミューラに装着する源石。3年生用 ランク 2、グレード A-。<br>(パワーゲージ最大値 +1),装備アイテム強化,9,0,5,0
73206,reinforce_3001,音源石 3年 2次 A,ミューラに装着する源石。3年生用 ランク 2、グレード A。<br>(パワーゲージ最大値 +1),装備アイテム強化,9,0,5,0
73207,reinforce_3001,音源石 3年 2次 A+,ミューラに装着する源石。3年生用 ランク 2、グレード A+。<br>(パワーゲージ最大値 +1),装備アイテム強化,9,0,5,0
73208,reinforce_3001,音源石 3年 2次 S,ミューラに装着する源石。3年生用 ランク 2、グレード S。<br>(パワーゲージ最大値 +1),装備アイテム強化,9,0,5,0
73209,reinforce_3001,音源石 3年 2次 SS,ミューラに装着する源石。3年生用 ランク 2、グレード SS。<br>(パワーゲージ最大値 +1),装備アイテム強化,9,0,5,0
73210,reinforce_3001,音源石 3年 3次 C-,ミューラに装着する源石。3年生用 ランク 3、グレード C-。<br>(パワーゲージ最大値 +1),装備アイテム強化,9,0,5,0
73211,reinforce_3001,音源石 3年 3次 C,ミューラに装着する源石。3年生用 ランク 3、グレード C。<br>(パワーゲージ最大値 +1),装備アイテム強化,9,0,5,0
73212,reinforce_3001,音源石 3年 3次 C+,ミューラに装着する源石。3年生用 ランク 3、グレード C+。<br>(パワーゲージ最大値 +1),装備アイテム強化,9,0,5,0
73213,reinforce_3001,音源石 3年 3次 B-,ミューラに装着する源石。3年生用 ランク 3、グレード B-。<br>(パワーゲージ最大値 +1),装備アイテム強化,9,0,5,0
73214,reinforce_3001,音源石 3年 3次 B,ミューラに装着する源石。3年生用 ランク 3、グレード B。<br>(パワーゲージ最大値 +1),装備アイテム強化,9,0,5,0
73215,reinforce_3001,音源石 3年 3次 B+,ミューラに装着する源石。3年生用 ランク 3、グレード B+。<br>(パワーゲージ最大値 +1),装備アイテム強化,9,0,5,0
73216,reinforce_3001,音源石 3年 3次 A-,ミューラに装着する源石。3年生用 ランク 3、グレード A-。<br>(パワーゲージ最大値 +1),装備アイテム強化,9,0,5,0
73217,reinforce_3001,音源石 3年 3次 A,ミューラに装着する源石。3年生用 ランク 3、グレード A。<br>(パワーゲージ最大値 +1),装備アイテム強化,9,0,5,0
73218,reinforce_3001,音源石 3年 3次 A+,ミューラに装着する源石。3年生用 ランク 3、グレード A+。<br>(パワーゲージ最大値 +1),装備アイテム強化,9,0,5,0
73219,reinforce_3001,音源石 3年 3次 S,ミューラに装着する源石。3年生用 ランク 3、グレード S。<br>(パワーゲージ最大値 +1),装備アイテム強化,9,0,5,0
73220,reinforce_3001,音源石 3年 3次 SS,ミューラに装着する源石。3年生用 ランク 3、グレード SS。<br>(パワーゲージ最大値 +1),装備アイテム強化,9,0,5,0
73221,reinforce_3001,音源石 3年 4次 C-,ミューラに装着する源石。3年生用 ランク 4、グレード C-。<br>(パワーゲージ最大値 +1),装備アイテム強化,9,0,5,0
73222,reinforce_3001,音源石 3年 4次 C,ミューラに装着する源石。3年生用 ランク 4、グレード C。<br>(パワーゲージ最大値 +1),装備アイテム強化,9,0,5,0
73223,reinforce_3001,音源石 3年 4次 C+,ミューラに装着する源石。3年生用 ランク 4、グレード C+。<br>(パワーゲージ最大値 +1),装備アイテム強化,9,0,5,0
73224,reinforce_3001,音源石 3年 4次 B-,ミューラに装着する源石。3年生用 ランク 4、グレード B-。<br>(パワーゲージ最大値 +1),装備アイテム強化,9,0,5,0
73225,reinforce_3001,音源石 3年 4次 B,ミューラに装着する源石。3年生用 ランク 4、グレード B。<br>(パワーゲージ最大値 +1),装備アイテム強化,9,0,5,0
73226,reinforce_3001,音源石 3年 4次 B+,ミューラに装着する源石。3年生用 ランク 4、グレード B+。<br>(パワーゲージ最大値 +1),装備アイテム強化,9,0,5,0
73227,reinforce_3001,音源石 3年 4次 A-,ミューラに装着する源石。3年生用 ランク 4、グレード A-。<br>(パワーゲージ最大値 +1),装備アイテム強化,9,0,5,0
73228,reinforce_3001,音源石 3年 4次 A,ミューラに装着する源石。3年生用 ランク 4、グレード A。<br>(パワーゲージ最大値 +1),装備アイテム強化,9,0,5,0
73229,reinforce_3001,音源石 3年 4次 A+,ミューラに装着する源石。3年生用 ランク 4、グレード A+。<br>(パワーゲージ最大値 +1),装備アイテム強化,9,0,5,0
73230,reinforce_3001,音源石 3年 4次 S,ミューラに装着する源石。3年生用 ランク 4、グレード S。<br>(パワーゲージ最大値 +1),装備アイテム強化,9,0,5,0
73231,reinforce_3001,音源石 3年 4次 SS,ミューラに装着する源石。3年生用 ランク 4、グレード SS。<br>(パワーゲージ最大値 +1),装備アイテム強化,9,0,5,0
73232,reinforce_3001,音源石 4年 1次 C-,ミューラに装着する源石。4年生用 ランク 1、グレード C-。<br>(パワーゲージ最大値 +1),装備アイテム強化,10,0,5,0
73233,reinforce_3001,音源石 4年 1次 C,ミューラに装着する源石。4年生用 ランク 1、グレード C。<br>(パワーゲージ最大値 +1),装備アイテム強化,10,0,5,0
73234,reinforce_3001,音源石 4年 1次 C+,ミューラに装着する源石。4年生用 ランク 1、グレード C+。<br>(パワーゲージ最大値 +1),装備アイテム強化,10,0,5,0
73235,reinforce_3001,音源石 4年 1次 B-,ミューラに装着する源石。4年生用 ランク 1、グレード B-。<br>(パワーゲージ最大値 +1),装備アイテム強化,10,0,5,0
73236,reinforce_3001,音源石 4年 1次 B,ミューラに装着する源石。4年生用 ランク 1、グレード B。<br>(パワーゲージ最大値 +1),装備アイテム強化,10,0,5,0
73237,reinforce_3001,音源石 4年 1次 B+,ミューラに装着する源石。4年生用 ランク 1、グレード B+。<br>(パワーゲージ最大値 +1),装備アイテム強化,10,0,5,0
73238,reinforce_3001,音源石 4年 1次 A-,ミューラに装着する源石。4年生用 ランク 1、グレード A-。<br>(パワーゲージ最大値 +1),装備アイテム強化,10,0,5,0
73239,reinforce_3001,音源石 4年 1次 A,ミューラに装着する源石。4年生用 ランク 1、グレード A。<br>(パワーゲージ最大値 +1),装備アイテム強化,10,0,5,0
73240,reinforce_3001,音源石 4年 1次 A+,ミューラに装着する源石。4年生用 ランク 1、グレード A+。<br>(パワーゲージ最大値 +1),装備アイテム強化,10,0,5,0
73241,reinforce_3001,音源石 4年 1次 S,ミューラに装着する源石。4年生用 ランク 1、グレード S。<br>(パワーゲージ最大値 +1),装備アイテム強化,10,0,5,0
73242,reinforce_3001,音源石 4年 1次 SS,ミューラに装着する源石。4年生用 ランク 1、グレード SS。<br>(パワーゲージ最大値 +1),装備アイテム強化,10,0,5,0
73243,reinforce_3001,音源石 4年 2次 C-,ミューラに装着する源石。4年生用 ランク 2、グレード C-。<br>(パワーゲージ最大値 +1),装備アイテム強化,10,0,5,0
73244,reinforce_3001,音源石 4年 2次 C,ミューラに装着する源石。4年生用 ランク 2、グレード C。<br>(パワーゲージ最大値 +1),装備アイテム強化,10,0,5,0
73245,reinforce_3001,音源石 4年 2次 C+,ミューラに装着する源石。4年生用 ランク 2、グレード C+。<br>(パワーゲージ最大値 +1),装備アイテム強化,10,0,5,0
73246,reinforce_3001,音源石 4年 2次 B-,ミューラに装着する源石。4年生用 ランク 2、グレード B-。<br>(パワーゲージ最大値 +1),装備アイテム強化,10,0,5,0
73247,reinforce_3001,音源石 4年 2次 B,ミューラに装着する源石。4年生用 ランク 2、グレード B。<br>(パワーゲージ最大値 +1),装備アイテム強化,10,0,5,0
73248,reinforce_3001,音源石 4年 2次 B+,ミューラに装着する源石。4年生用 ランク 2、グレード B+。<br>(パワーゲージ最大値 +1),装備アイテム強化,10,0,5,0
73249,reinforce_3001,音源石 4年 2次 A-,ミューラに装着する源石。4年生用 ランク 2、グレード A-。<br>(パワーゲージ最大値 +1),装備アイテム強化,10,0,5,0
73250,reinforce_3001,音源石 4年 2次 A,ミューラに装着する源石。4年生用 ランク 2、グレード A。<br>(パワーゲージ最大値 +1),装備アイテム強化,10,0,5,0
73251,reinforce_3001,音源石 4年 2次 A+,ミューラに装着する源石。4年生用 ランク 2、グレード A+。<br>(パワーゲージ最大値 +1),装備アイテム強化,10,0,5,0
73252,reinforce_3001,音源石 4年 2次 S,ミューラに装着する源石。4年生用 ランク 2、グレード S。<br>(パワーゲージ最大値 +1),装備アイテム強化,10,0,5,0
73253,reinforce_3001,音源石 4年 2次 SS,ミューラに装着する源石。4年生用 ランク 2、グレード SS。<br>(パワーゲージ最大値 +1),装備アイテム強化,10,0,5,0
73254,reinforce_3001,音源石 4年 3次 C-,ミューラに装着する源石。4年生用 ランク 3、グレード C-。<br>(パワーゲージ最大値 +1),装備アイテム強化,10,0,5,0
73255,reinforce_3001,音源石 4年 3次 C,ミューラに装着する源石。4年生用 ランク 3、グレード C。<br>(パワーゲージ最大値 +1),装備アイテム強化,10,0,5,0
73256,reinforce_3001,音源石 4年 3次 C+,ミューラに装着する源石。4年生用 ランク 3、グレード C+。<br>(パワーゲージ最大値 +1),装備アイテム強化,10,0,5,0
73257,reinforce_3001,音源石 4年 3次 B-,ミューラに装着する源石。4年生用 ランク 3、グレード B-。<br>(パワーゲージ最大値 +1),装備アイテム強化,10,0,5,0
73258,reinforce_3001,音源石 4年 3次 B,ミューラに装着する源石。4年生用 ランク 3、グレード B。<br>(パワーゲージ最大値 +1),装備アイテム強化,10,0,5,0
73259,reinforce_3001,音源石 4年 3次 B+,ミューラに装着する源石。4年生用 ランク 3、グレード B+。<br>(パワーゲージ最大値 +1),装備アイテム強化,10,0,5,0
73260,reinforce_3001,音源石 4年 3次 A-,ミューラに装着する源石。4年生用 ランク 3、グレード A-。<br>(パワーゲージ最大値 +1),装備アイテム強化,10,0,5,0
73261,reinforce_3001,音源石 4年 3次 A,ミューラに装着する源石。4年生用 ランク 3、グレード A。<br>(パワーゲージ最大値 +1),装備アイテム強化,10,0,5,0
73262,reinforce_3001,音源石 4年 3次 A+,ミューラに装着する源石。4年生用 ランク 3、グレード A+。<br>(パワーゲージ最大値 +1),装備アイテム強化,10,0,5,0
73263,reinforce_3001,音源石 4年 3次 S,ミューラに装着する源石。4年生用 ランク 3、グレード S。<br>(パワーゲージ最大値 +1),装備アイテム強化,10,0,5,0
73264,reinforce_3001,音源石 4年 3次 SS,ミューラに装着する源石。4年生用 ランク 3、グレード SS。<br>(パワーゲージ最大値 +1),装備アイテム強化,10,0,5,0
73265,reinforce_3001,音源石 4年 4次 C-,ミューラに装着する源石。4年生用 ランク 4、グレード C-。<br>(パワーゲージ最大値 +1),装備アイテム強化,10,0,5,0
73266,reinforce_3001,音源石 4年 4次 C,ミューラに装着する源石。4年生用 ランク 4、グレード C。<br>(パワーゲージ最大値 +1),装備アイテム強化,10,0,5,0
73267,reinforce_3001,音源石 4年 4次 C+,ミューラに装着する源石。4年生用 ランク 4、グレード C+。<br>(パワーゲージ最大値 +1),装備アイテム強化,10,0,5,0
73268,reinforce_3001,音源石 4年 4次 B-,ミューラに装着する源石。4年生用 ランク 4、グレード B-。<br>(パワーゲージ最大値 +1),装備アイテム強化,10,0,5,0
73269,reinforce_3001,音源石 4年 4次 B,ミューラに装着する源石。4年生用 ランク 4、グレード B。<br>(パワーゲージ最大値 +1),装備アイテム強化,10,0,5,0
73270,reinforce_3001,音源石 4年 4次 B+,ミューラに装着する源石。4年生用 ランク 4、グレード B+。<br>(パワーゲージ最大値 +1),装備アイテム強化,10,0,5,0
73271,reinforce_3001,音源石 4年 4次 A-,ミューラに装着する源石。4年生用 ランク 4、グレード A-。<br>(パワーゲージ最大値 +1),装備アイテム強化,10,0,5,0
73272,reinforce_3001,音源石 4年 4次 A,ミューラに装着する源石。4年生用 ランク 4、グレード A。<br>(パワーゲージ最大値 +1),装備アイテム強化,10,0,5,0
73273,reinforce_3001,音源石 4年 4次 A+,ミューラに装着する源石。4年生用 ランク 4、グレード A+。<br>(パワーゲージ最大値 +1),装備アイテム強化,10,0,5,0
73274,reinforce_3001,音源石 4年 4次 S,ミューラに装着する源石。4年生用 ランク 4、グレード S。<br>(パワーゲージ最大値 +1),装備アイテム強化,10,0,5,0
73275,reinforce_3001,音源石 4年 4次 SS,ミューラに装着する源石。4年生用 ランク 4、グレード SS。<br>(パワーゲージ最大値 +1),装備アイテム強化,10,0,5,0
73276,reinforce_3001,音源石 4年 5次 C-,ミューラに装着する源石。4年生用 ランク 5、グレード C-。<br>(パワーゲージ最大値 +1),装備アイテム強化,10,0,5,0
73277,reinforce_3001,音源石 4年 5次 C,ミューラに装着する源石。4年生用 ランク 5、グレード C。<br>(パワーゲージ最大値 +1),装備アイテム強化,10,0,5,0
73278,reinforce_3001,音源石 4年 5次 C+,ミューラに装着する源石。4年生用 ランク 5、グレード C+。<br>(パワーゲージ最大値 +1),装備アイテム強化,10,0,5,0
73279,reinforce_3001,音源石 4年 5次 B-,ミューラに装着する源石。4年生用 ランク 5、グレード B-。<br>(パワーゲージ最大値 +1),装備アイテム強化,10,0,5,0
73280,reinforce_3001,音源石 4年 5次 B,ミューラに装着する源石。4年生用 ランク 5、グレード B。<br>(パワーゲージ最大値 +1),装備アイテム強化,10,0,5,0
73281,reinforce_3001,音源石 4年 5次 B+,ミューラに装着する源石。4年生用 ランク 5、グレード B+。<br>(パワーゲージ最大値 +1),装備アイテム強化,10,0,5,0
73282,reinforce_3001,音源石 4年 5次 A-,ミューラに装着する源石。4年生用 ランク 5、グレード A-。<br>(パワーゲージ最大値 +1),装備アイテム強化,10,0,5,0
73283,reinforce_3001,音源石 4年 5次 A,ミューラに装着する源石。4年生用 ランク 5、グレード A。<br>(パワーゲージ最大値 +1),装備アイテム強化,10,0,5,0
73284,reinforce_3001,音源石 4年 5次 A+,ミューラに装着する源石。4年生用 ランク 5、グレード A+。<br>(パワーゲージ最大値 +1),装備アイテム強化,10,0,5,0
73285,reinforce_3001,音源石 4年 5次 S,ミューラに装着する源石。4年生用 ランク 5、グレード S。<br>(パワーゲージ最大値 +1),装備アイテム強化,10,0,5,0
73286,reinforce_3001,音源石 4年 5次 SS,ミューラに装着する源石。4年生用 ランク 5、グレード SS。<br>(パワーゲージ最大値 +1),装備アイテム強化,10,0,5,0
73287,reinforce_3001,音源石 5年 1次 C-,ミューラに装着する源石。5年生用 ランク 1、グレード C-。<br>(パワーゲージ最大値 +1),装備アイテム強化,11,0,5,0
73288,reinforce_3001,音源石 5年 1次 C,ミューラに装着する源石。5年生用 ランク 1、グレード C。<br>(パワーゲージ最大値 +1),装備アイテム強化,11,0,5,0
73289,reinforce_3001,音源石 5年 1次 C+,ミューラに装着する源石。5年生用 ランク 1、グレード C+。<br>(パワーゲージ最大値 +1),装備アイテム強化,11,0,5,0
73290,reinforce_3001,音源石 5年 1次 B-,ミューラに装着する源石。5年生用 ランク 1、グレード B-。<br>(パワーゲージ最大値 +1),装備アイテム強化,11,0,5,0
73291,reinforce_3001,音源石 5年 1次 B,ミューラに装着する源石。5年生用 ランク 1、グレード B。<br>(パワーゲージ最大値 +1),装備アイテム強化,11,0,5,0
73292,reinforce_3001,音源石 5年 1次 B+,ミューラに装着する源石。5年生用 ランク 1、グレード B+。<br>(パワーゲージ最大値 +1),装備アイテム強化,11,0,5,0
73293,reinforce_3001,音源石 5年 1次 A-,ミューラに装着する源石。5年生用 ランク 1、グレード A-。<br>(パワーゲージ最大値 +1),装備アイテム強化,11,0,5,0
73294,reinforce_3001,音源石 5年 1次 A,ミューラに装着する源石。5年生用 ランク 1、グレード A。<br>(パワーゲージ最大値 +1),装備アイテム強化,11,0,5,0
73295,reinforce_3001,音源石 5年 1次 A+,ミューラに装着する源石。5年生用 ランク 1、グレード A+。<br>(パワーゲージ最大値 +1),装備アイテム強化,11,0,5,0
73296,reinforce_3001,音源石 5年 1次 S,ミューラに装着する源石。5年生用 ランク 1、グレード S。<br>(パワーゲージ最大値 +1),装備アイテム強化,11,0,5,0
73297,reinforce_3001,音源石 5年 1次 SS,ミューラに装着する源石。5年生用 ランク 1、グレード SS。<br>(パワーゲージ最大値 +1),装備アイテム強化,11,0,5,0
73298,reinforce_3001,音源石 5年 2次 C-,ミューラに装着する源石。5年生用 ランク 2、グレード C-。<br>(パワーゲージ最大値 +1),装備アイテム強化,11,0,5,0
73299,reinforce_3001,音源石 5年 2次 C,ミューラに装着する源石。5年生用 ランク 2、グレード C。<br>(パワーゲージ最大値 +1),装備アイテム強化,11,0,5,0
73300,reinforce_3001,音源石 5年 2次 C+,ミューラに装着する源石。5年生用 ランク 2、グレード C+。<br>(パワーゲージ最大値 +1),装備アイテム強化,11,0,5,0
73301,reinforce_3001,音源石 5年 2次 B-,ミューラに装着する源石。5年生用 ランク 2、グレード B-。<br>(パワーゲージ最大値 +1),装備アイテム強化,11,0,5,0
73302,reinforce_3001,音源石 5年 2次 B,ミューラに装着する源石。5年生用 ランク 2、グレード B。<br>(パワーゲージ最大値 +1),装備アイテム強化,11,0,5,0
73303,reinforce_3001,音源石 5年 2次 B+,ミューラに装着する源石。5年生用 ランク 2、グレード B+。<br>(パワーゲージ最大値 +1),装備アイテム強化,11,0,5,0
73304,reinforce_3001,音源石 5年 2次 A-,ミューラに装着する源石。5年生用 ランク 2、グレード A-。<br>(パワーゲージ最大値 +1),装備アイテム強化,11,0,5,0
73305,reinforce_3001,音源石 5年 2次 A,ミューラに装着する源石。5年生用 ランク 2、グレード A。<br>(パワーゲージ最大値 +1),装備アイテム強化,11,0,5,0
73306,reinforce_3001,音源石 5年 2次 A+,ミューラに装着する源石。5年生用 ランク 2、グレード A+。<br>(パワーゲージ最大値 +1),装備アイテム強化,11,0,5,0
73307,reinforce_3001,音源石 5年 2次 S,ミューラに装着する源石。5年生用 ランク 2、グレード S。<br>(パワーゲージ最大値 +1),装備アイテム強化,11,0,5,0
73308,reinforce_3001,音源石 5年 2次 SS,ミューラに装着する源石。5年生用 ランク 2、グレード SS。<br>(パワーゲージ最大値 +1),装備アイテム強化,11,0,5,0
73309,reinforce_3001,音源石 5年 3次 C-,ミューラに装着する源石。5年生用 ランク 3、グレード C-。<br>(パワーゲージ最大値 +1),装備アイテム強化,11,0,5,0
73310,reinforce_3001,音源石 5年 3次 C,ミューラに装着する源石。5年生用 ランク 3、グレード C。<br>(パワーゲージ最大値 +1),装備アイテム強化,11,0,5,0
73311,reinforce_3001,音源石 5年 3次 C+,ミューラに装着する源石。5年生用 ランク 3、グレード C+。<br>(パワーゲージ最大値 +1),装備アイテム強化,11,0,5,0
73312,reinforce_3001,音源石 5年 3次 B-,ミューラに装着する源石。5年生用 ランク 3、グレード B-。<br>(パワーゲージ最大値 +1),装備アイテム強化,11,0,5,0
73313,reinforce_3001,音源石 5年 3次 B,ミューラに装着する源石。5年生用 ランク 3、グレード B。<br>(パワーゲージ最大値 +1),装備アイテム強化,11,0,5,0
73314,reinforce_3001,音源石 5年 3次 B+,ミューラに装着する源石。5年生用 ランク 3、グレード B+。<br>(パワーゲージ最大値 +1),装備アイテム強化,11,0,5,0
73315,reinforce_3001,音源石 5年 3次 A-,ミューラに装着する源石。5年生用 ランク 3、グレード A-。<br>(パワーゲージ最大値 +1),装備アイテム強化,11,0,5,0
73316,reinforce_3001,音源石 5年 3次 A,ミューラに装着する源石。5年生用 ランク 3、グレード A。<br>(パワーゲージ最大値 +1),装備アイテム強化,11,0,5,0
73317,reinforce_3001,音源石 5年 3次 A+,ミューラに装着する源石。5年生用 ランク 3、グレード A+。<br>(パワーゲージ最大値 +1),装備アイテム強化,11,0,5,0
73318,reinforce_3001,音源石 5年 3次 S,ミューラに装着する源石。5年生用 ランク 3、グレード S。<br>(パワーゲージ最大値 +1),装備アイテム強化,11,0,5,0
73319,reinforce_3001,音源石 5年 3次 SS,ミューラに装着する源石。5年生用 ランク 3、グレード SS。<br>(パワーゲージ最大値 +1),装備アイテム強化,11,0,5,0
73320,reinforce_3001,音源石 5年 4次 C-,ミューラに装着する源石。5年生用 ランク 4、グレード C-。<br>(パワーゲージ最大値 +1),装備アイテム強化,11,0,5,0
73321,reinforce_3001,音源石 5年 4次 C,ミューラに装着する源石。5年生用 ランク 4、グレード C。<br>(パワーゲージ最大値 +1),装備アイテム強化,11,0,5,0
73322,reinforce_3001,音源石 5年 4次 C+,ミューラに装着する源石。5年生用 ランク 4、グレード C+。<br>(パワーゲージ最大値 +1),装備アイテム強化,11,0,5,0
73323,reinforce_3001,音源石 5年 4次 B-,ミューラに装着する源石。5年生用 ランク 4、グレード B-。<br>(パワーゲージ最大値 +1),装備アイテム強化,11,0,5,0
73324,reinforce_3001,音源石 5年 4次 B,ミューラに装着する源石。5年生用 ランク 4、グレード B。<br>(パワーゲージ最大値 +1),装備アイテム強化,11,0,5,0
73325,reinforce_3001,音源石 5年 4次 B+,ミューラに装着する源石。5年生用 ランク 4、グレード B+。<br>(パワーゲージ最大値 +1),装備アイテム強化,11,0,5,0
73326,reinforce_3001,音源石 5年 4次 A-,ミューラに装着する源石。5年生用 ランク 4、グレード A-。<br>(パワーゲージ最大値 +1),装備アイテム強化,11,0,5,0
73327,reinforce_3001,音源石 5年 4次 A,ミューラに装着する源石。5年生用 ランク 4、グレード A。<br>(パワーゲージ最大値 +1),装備アイテム強化,11,0,5,0
73328,reinforce_3001,音源石 5年 4次 A+,ミューラに装着する源石。5年生用 ランク 4、グレード A+。<br>(パワーゲージ最大値 +1),装備アイテム強化,11,0,5,0
73329,reinforce_3001,音源石 5年 4次 S,ミューラに装着する源石。5年生用 ランク 4、グレード S。<br>(パワーゲージ最大値 +1),装備アイテム強化,11,0,5,0
73330,reinforce_3001,音源石 5年 4次 SS,ミューラに装着する源石。5年生用 ランク 4、グレード SS。<br>(パワーゲージ最大値 +1),装備アイテム強化,11,0,5,0
73331,reinforce_3001,音源石 5年 5次 C-,ミューラに装着する源石。5年生用 ランク 5、グレード C-。<br>(パワーゲージ最大値 +1),装備アイテム強化,11,0,5,0
73332,reinforce_3001,音源石 5年 5次 C,ミューラに装着する源石。5年生用 ランク 5、グレード C。<br>(パワーゲージ最大値 +1),装備アイテム強化,11,0,5,0
73333,reinforce_3001,音源石 5年 5次 C+,ミューラに装着する源石。5年生用 ランク 5、グレード C+。<br>(パワーゲージ最大値 +1),装備アイテム強化,11,0,5,0
73334,reinforce_3001,音源石 5年 5次 B-,ミューラに装着する源石。5年生用 ランク 5、グレード B-。<br>(パワーゲージ最大値 +1),装備アイテム強化,11,0,5,0
73335,reinforce_3001,音源石 5年 5次 B,ミューラに装着する源石。5年生用 ランク 5、グレード B。<br>(パワーゲージ最大値 +1),装備アイテム強化,11,0,5,0
73336,reinforce_3001,音源石 5年 5次 B+,ミューラに装着する源石。5年生用 ランク 5、グレード B+。<br>(パワーゲージ最大値 +1),装備アイテム強化,11,0,5,0
73337,reinforce_3001,音源石 5年 5次 A-,ミューラに装着する源石。5年生用 ランク 5、グレード A-。<br>(パワーゲージ最大値 +1),装備アイテム強化,11,0,5,0
73338,reinforce_3001,音源石 5年 5次 A,ミューラに装着する源石。5年生用 ランク 5、グレード A。<br>(パワーゲージ最大値 +1),装備アイテム強化,11,0,5,0
73339,reinforce_3001,音源石 5年 5次 A+,ミューラに装着する源石。5年生用 ランク 5、グレード A+。<br>(パワーゲージ最大値 +1),装備アイテム強化,11,0,5,0
73340,reinforce_3001,音源石 5年 5次 S,ミューラに装着する源石。5年生用 ランク 5、グレード S。<br>(パワーゲージ最大値 +1),装備アイテム強化,11,0,5,0
73341,reinforce_3001,音源石 5年 5次 SS,ミューラに装着する源石。5年生用 ランク 5、グレード SS。<br>(パワーゲージ最大値 +1),装備アイテム強化,11,0,5,0
73342,reinforce_3001,音源石 5年 6次 C-,ミューラに装着する源石。5年生用 ランク 6、グレード C-。<br>(パワーゲージ最大値 +1),装備アイテム強化,11,0,5,0
73343,reinforce_3001,音源石 5年 6次 C,ミューラに装着する源石。5年生用 ランク 6、グレード C。<br>(パワーゲージ最大値 +1),装備アイテム強化,11,0,5,0
73344,reinforce_3001,音源石 5年 6次 C+,ミューラに装着する源石。5年生用 ランク 6、グレード C+。<br>(パワーゲージ最大値 +1),装備アイテム強化,11,0,5,0
73345,reinforce_3001,音源石 5年 6次 B-,ミューラに装着する源石。5年生用 ランク 6、グレード B-。<br>(パワーゲージ最大値 +1),装備アイテム強化,11,0,5,0
73346,reinforce_3001,音源石 5年 6次 B,ミューラに装着する源石。5年生用 ランク 6、グレード B。<br>(パワーゲージ最大値 +1),装備アイテム強化,11,0,5,0
73347,reinforce_3001,音源石 5年 6次 B+,ミューラに装着する源石。5年生用 ランク 6、グレード B+。<br>(パワーゲージ最大値 +1),装備アイテム強化,11,0,5,0
73348,reinforce_3001,音源石 5年 6次 A-,ミューラに装着する源石。5年生用 ランク 6、グレード A-。<br>(パワーゲージ最大値 +1),装備アイテム強化,11,0,5,0
73349,reinforce_3001,音源石 5年 6次 A,ミューラに装着する源石。5年生用 ランク 6、グレード A。<br>(パワーゲージ最大値 +1),装備アイテム強化,11,0,5,0
73350,reinforce_3001,音源石 5年 6次 A+,ミューラに装着する源石。5年生用 ランク 6、グレード A+。<br>(パワーゲージ最大値 +1),装備アイテム強化,11,0,5,0
73351,reinforce_3001,音源石 5年 6次 S,ミューラに装着する源石。5年生用 ランク 6、グレード S。<br>(パワーゲージ最大値 +1),装備アイテム強化,11,0,5,0
73352,reinforce_3001,音源石 5年 6次 SS,ミューラに装着する源石。5年生用 ランク 6、グレード SS。<br>(パワーゲージ最大値 +1),装備アイテム強化,11,0,5,0
73353,reinforce_3001,音源石 5年 7次 C-,ミューラに装着する源石。5年生用 ランク 7、グレード C-。<br>(パワーゲージ最大値 +1),装備アイテム強化,11,0,5,0
73354,reinforce_3001,音源石 5年 7次 C,ミューラに装着する源石。5年生用 ランク 7、グレード C。<br>(パワーゲージ最大値 +1),装備アイテム強化,11,0,5,0
73355,reinforce_3001,音源石 5年 7次 C+,ミューラに装着する源石。5年生用 ランク 7、グレード C+。<br>(パワーゲージ最大値 +1),装備アイテム強化,11,0,5,0
73356,reinforce_3001,音源石 5年 7次 B-,ミューラに装着する源石。5年生用 ランク 7、グレード B-。<br>(パワーゲージ最大値 +1),装備アイテム強化,11,0,5,0
73357,reinforce_3001,音源石 5年 7次 B,ミューラに装着する源石。5年生用 ランク 7、グレード B。<br>(パワーゲージ最大値 +1),装備アイテム強化,11,0,5,0
73358,reinforce_3001,音源石 5年 7次 B+,ミューラに装着する源石。5年生用 ランク 7、グレード B+。<br>(パワーゲージ最大値 +1),装備アイテム強化,11,0,5,0
73359,reinforce_3001,音源石 5年 7次 A-,ミューラに装着する源石。5年生用 ランク 7、グレード A-。<br>(パワーゲージ最大値 +1),装備アイテム強化,11,0,5,0
73360,reinforce_3001,音源石 5年 7次 A,ミューラに装着する源石。5年生用 ランク 7、グレード A。<br>(パワーゲージ最大値 +1),装備アイテム強化,11,0,5,0
73361,reinforce_3001,音源石 5年 7次 A+,ミューラに装着する源石。5年生用 ランク 7、グレード A+。<br>(パワーゲージ最大値 +1),装備アイテム強化,11,0,5,0
73362,reinforce_3001,音源石 5年 7次 S,ミューラに装着する源石。5年生用 ランク 7、グレード S。<br>(パワーゲージ最大値 +1),装備アイテム強化,11,0,5,0
73363,reinforce_3001,音源石 5年 7次 SS,ミューラに装着する源石。5年生用 ランク 7、グレード SS。<br>(パワーゲージ最大値 +1),装備アイテム強化,11,0,5,0
73364,reinforce_3001,音源石 5年 8次 C-,ミューラに装着する源石。5年生用 ランク 8、グレード C-。<br>(パワーゲージ最大値 +1),装備アイテム強化,11,0,5,0
73365,reinforce_3001,音源石 5年 8次 C,ミューラに装着する源石。5年生用 ランク 8、グレード C。<br>(パワーゲージ最大値 +1),装備アイテム強化,11,0,5,0
73366,reinforce_3001,音源石 5年 8次 C+,ミューラに装着する源石。5年生用 ランク 8、グレード C+。<br>(パワーゲージ最大値 +1),装備アイテム強化,11,0,5,0
73367,reinforce_3001,音源石 5年 8次 B-,ミューラに装着する源石。5年生用 ランク 8、グレード B-。<br>(パワーゲージ最大値 +1),装備アイテム強化,11,0,5,0
73368,reinforce_3001,音源石 5年 8次 B,ミューラに装着する源石。5年生用 ランク 8、グレード B。<br>(パワーゲージ最大値 +1),装備アイテム強化,11,0,5,0
73369,reinforce_3001,音源石 5年 8次 B+,ミューラに装着する源石。5年生用 ランク 8、グレード B+。<br>(パワーゲージ最大値 +1),装備アイテム強化,11,0,5,0
73370,reinforce_3001,音源石 5年 8次 A-,ミューラに装着する源石。5年生用 ランク 8、グレード A-。<br>(パワーゲージ最大値 +1),装備アイテム強化,11,0,5,0
73371,reinforce_3001,音源石 5年 8次 A,ミューラに装着する源石。5年生用 ランク 8、グレード A。<br>(パワーゲージ最大値 +1),装備アイテム強化,11,0,5,0
73372,reinforce_3001,音源石 5年 8次 A+,ミューラに装着する源石。5年生用 ランク 8、グレード A+。<br>(パワーゲージ最大値 +1),装備アイテム強化,11,0,5,0
73373,reinforce_3001,音源石 5年 8次 S,ミューラに装着する源石。5年生用 ランク 8、グレード S。<br>(パワーゲージ最大値 +1),装備アイテム強化,11,0,5,0
73374,reinforce_3001,音源石 5年 8次 SS,ミューラに装着する源石。5年生用 ランク 8、グレード SS。<br>(パワーゲージ最大値 +1),装備アイテム強化,11,0,5,0
73375,reinforce_3001,音源石 6年 1次 C-,ミューラに装着する源石。6年生用 ランク 1、グレード C-。<br>(パワーゲージ最大値 +1),装備アイテム強化,11,0,5,0
73376,reinforce_3001,音源石 6年 1次 C,ミューラに装着する源石。6年生用 ランク 1、グレード C。<br>(パワーゲージ最大値 +1),装備アイテム強化,11,0,5,0
73377,reinforce_3001,音源石 6年 1次 C+,ミューラに装着する源石。6年生用 ランク 1、グレード C+。<br>(パワーゲージ最大値 +1),装備アイテム強化,11,0,5,0
73378,reinforce_3001,音源石 6年 1次 B-,ミューラに装着する源石。6年生用 ランク 1、グレード B-。<br>(パワーゲージ最大値 +1),装備アイテム強化,11,0,5,0
73379,reinforce_3001,音源石 6年 1次 B,ミューラに装着する源石。6年生用 ランク 1、グレード B。<br>(パワーゲージ最大値 +1),装備アイテム強化,11,0,5,0
73380,reinforce_3001,音源石 6年 1次 B+,ミューラに装着する源石。6年生用 ランク 1、グレード B+。<br>(パワーゲージ最大値 +1),装備アイテム強化,11,0,5,0
73381,reinforce_3001,音源石 6年 1次 A-,ミューラに装着する源石。6年生用 ランク 1、グレード A-。<br>(パワーゲージ最大値 +1),装備アイテム強化,11,0,5,0
73382,reinforce_3001,音源石 6年 1次 A,ミューラに装着する源石。6年生用 ランク 1、グレード A。<br>(パワーゲージ最大値 +1),装備アイテム強化,11,0,5,0
73383,reinforce_3001,音源石 6年 1次 A+,ミューラに装着する源石。6年生用 ランク 1、グレード A+。<br>(パワーゲージ最大値 +1),装備アイテム強化,11,0,5,0
73384,reinforce_3001,音源石 6年 1次 S,ミューラに装着する源石。6年生用 ランク 1、グレード S。<br>(パワーゲージ最大値 +1),装備アイテム強化,11,0,5,0
73385,reinforce_3001,音源石 6年 1次 SS,ミューラに装着する源石。6年生用 ランク 1、グレード SS。<br>(パワーゲージ最大値 +1),装備アイテム強化,11,0,5,0
73386,reinforce_3001,音源石 6年 2次 C-,ミューラに装着する源石。6年生用 ランク 2、グレード C-。<br>(パワーゲージ最大値 +1),装備アイテム強化,11,0,5,0
73387,reinforce_3001,音源石 6年 2次 C,ミューラに装着する源石。6年生用 ランク 2、グレード C。<br>(パワーゲージ最大値 +1),装備アイテム強化,11,0,5,0
73388,reinforce_3001,音源石 6年 2次 C+,ミューラに装着する源石。6年生用 ランク 2、グレード C+。<br>(パワーゲージ最大値 +1),装備アイテム強化,11,0,5,0
73389,reinforce_3001,音源石 6年 2次 B-,ミューラに装着する源石。6年生用 ランク 2、グレード B-。<br>(パワーゲージ最大値 +1),装備アイテム強化,11,0,5,0
73390,reinforce_3001,音源石 6年 2次 B,ミューラに装着する源石。6年生用 ランク 2、グレード B。<br>(パワーゲージ最大値 +1),装備アイテム強化,11,0,5,0
73391,reinforce_3001,音源石 6年 2次 B+,ミューラに装着する源石。6年生用 ランク 2、グレード B+。<br>(パワーゲージ最大値 +1),装備アイテム強化,11,0,5,0
73392,reinforce_3001,音源石 6年 2次 A-,ミューラに装着する源石。6年生用 ランク 2、グレード A-。<br>(パワーゲージ最大値 +1),装備アイテム強化,11,0,5,0
73393,reinforce_3001,音源石 6年 2次 A,ミューラに装着する源石。6年生用 ランク 2、グレード A。<br>(パワーゲージ最大値 +1),装備アイテム強化,11,0,5,0
73394,reinforce_3001,音源石 6年 2次 A+,ミューラに装着する源石。6年生用 ランク 2、グレード A+。<br>(パワーゲージ最大値 +1),装備アイテム強化,11,0,5,0
73395,reinforce_3001,音源石 6年 2次 S,ミューラに装着する源石。6年生用 ランク 2、グレード S。<br>(パワーゲージ最大値 +1),装備アイテム強化,11,0,5,0
73396,reinforce_3001,音源石 6年 2次 SS,ミューラに装着する源石。6年生用 ランク 2、グレード SS。<br>(パワーゲージ最大値 +1),装備アイテム強化,11,0,5,0
73397,reinforce_3001,音源石 6年 3次 C-,ミューラに装着する源石。6年生用 ランク 3、グレード C-。<br>(パワーゲージ最大値 +1),装備アイテム強化,11,0,5,0
73398,reinforce_3001,音源石 6年 3次 C,ミューラに装着する源石。6年生用 ランク 3、グレード C。<br>(パワーゲージ最大値 +1),装備アイテム強化,11,0,5,0
73399,reinforce_3001,音源石 6年 3次 C+,ミューラに装着する源石。6年生用 ランク 3、グレード C+。<br>(パワーゲージ最大値 +1),装備アイテム強化,11,0,5,0
73400,reinforce_3001,音源石 6年 3次 B-,ミューラに装着する源石。6年生用 ランク 3、グレード B-。<br>(パワーゲージ最大値 +1),装備アイテム強化,11,0,5,0
73401,reinforce_3001,音源石 6年 3次 B,ミューラに装着する源石。6年生用 ランク 3、グレード B。<br>(パワーゲージ最大値 +1),装備アイテム強化,11,0,5,0
73402,reinforce_3001,音源石 6年 3次 B+,ミューラに装着する源石。6年生用 ランク 3、グレード B+。<br>(パワーゲージ最大値 +1),装備アイテム強化,11,0,5,0
73403,reinforce_3001,音源石 6年 3次 A-,ミューラに装着する源石。6年生用 ランク 3、グレード A-。<br>(パワーゲージ最大値 +1),装備アイテム強化,11,0,5,0
73404,reinforce_3001,音源石 6年 3次 A,ミューラに装着する源石。6年生用 ランク 3、グレード A。<br>(パワーゲージ最大値 +1),装備アイテム強化,11,0,5,0
73405,reinforce_3001,音源石 6年 3次 A+,ミューラに装着する源石。6年生用 ランク 3、グレード A+。<br>(パワーゲージ最大値 +1),装備アイテム強化,11,0,5,0
73406,reinforce_3001,音源石 6年 3次 S,ミューラに装着する源石。6年生用 ランク 3、グレード S。<br>(パワーゲージ最大値 +1),装備アイテム強化,11,0,5,0
73407,reinforce_3001,音源石 6年 3次 SS,ミューラに装着する源石。6年生用 ランク 3、グレード SS。<br>(パワーゲージ最大値 +1),装備アイテム強化,11,0,5,0
73408,reinforce_3001,音源石 6年 4次 C-,ミューラに装着する源石。6年生用 ランク 4、グレード C-。<br>(パワーゲージ最大値 +1),装備アイテム強化,11,0,5,0
73409,reinforce_3001,音源石 6年 4次 C,ミューラに装着する源石。6年生用 ランク 4、グレード C。<br>(パワーゲージ最大値 +1),装備アイテム強化,11,0,5,0
73410,reinforce_3001,音源石 6年 4次 C+,ミューラに装着する源石。6年生用 ランク 4、グレード C+。<br>(パワーゲージ最大値 +1),装備アイテム強化,11,0,5,0
73411,reinforce_3001,音源石 6年 4次 B-,ミューラに装着する源石。6年生用 ランク 4、グレード B-。<br>(パワーゲージ最大値 +1),装備アイテム強化,11,0,5,0
73412,reinforce_3001,音源石 6年 4次 B,ミューラに装着する源石。6年生用 ランク 4、グレード B。<br>(パワーゲージ最大値 +1),装備アイテム強化,11,0,5,0
73413,reinforce_3001,音源石 6年 4次 B+,ミューラに装着する源石。6年生用 ランク 4、グレード B+。<br>(パワーゲージ最大値 +1),装備アイテム強化,11,0,5,0
73414,reinforce_3001,音源石 6年 4次 A-,ミューラに装着する源石。6年生用 ランク 4、グレード A-。<br>(パワーゲージ最大値 +1),装備アイテム強化,11,0,5,0
73415,reinforce_3001,音源石 6年 4次 A,ミューラに装着する源石。6年生用 ランク 4、グレード A。<br>(パワーゲージ最大値 +1),装備アイテム強化,11,0,5,0
73416,reinforce_3001,音源石 6年 4次 A+,ミューラに装着する源石。6年生用 ランク 4、グレード A+。<br>(パワーゲージ最大値 +1),装備アイテム強化,11,0,5,0
73417,reinforce_3001,音源石 6年 4次 S,ミューラに装着する源石。6年生用 ランク 4、グレード S。<br>(パワーゲージ最大値 +1),装備アイテム強化,11,0,5,0
73418,reinforce_3001,音源石 6年 4次 SS,ミューラに装着する源石。6年生用 ランク 4、グレード SS。<br>(パワーゲージ最大値 +1),装備アイテム強化,11,0,5,0
73419,reinforce_3001,音源石 6年 5次 C-,ミューラに装着する源石。6年生用 ランク 5、グレード C-。<br>(パワーゲージ最大値 +1),装備アイテム強化,11,0,5,0
73420,reinforce_3001,音源石 6年 5次 C,ミューラに装着する源石。6年生用 ランク 5、グレード C。<br>(パワーゲージ最大値 +1),装備アイテム強化,11,0,5,0
73421,reinforce_3001,音源石 6年 5次 C+,ミューラに装着する源石。6年生用 ランク 5、グレード C+。<br>(パワーゲージ最大値 +1),装備アイテム強化,11,0,5,0
73422,reinforce_3001,音源石 6年 5次 B-,ミューラに装着する源石。6年生用 ランク 5、グレード B-。<br>(パワーゲージ最大値 +1),装備アイテム強化,11,0,5,0
73423,reinforce_3001,音源石 6年 5次 B,ミューラに装着する源石。6年生用 ランク 5、グレード B。<br>(パワーゲージ最大値 +1),装備アイテム強化,11,0,5,0
73424,reinforce_3001,音源石 6年 5次 B+,ミューラに装着する源石。6年生用 ランク 5、グレード B+。<br>(パワーゲージ最大値 +1),装備アイテム強化,11,0,5,0
73425,reinforce_3001,音源石 6年 5次 A-,ミューラに装着する源石。6年生用 ランク 5、グレード A-。<br>(パワーゲージ最大値 +1),装備アイテム強化,11,0,5,0
73426,reinforce_3001,音源石 6年 5次 A,ミューラに装着する源石。6年生用 ランク 5、グレード A。<br>(パワーゲージ最大値 +1),装備アイテム強化,11,0,5,0
74100,reinforce_4001,精源石 1年 1次 C-,スピリットに装着する源石。1年生用 ランク 1、グレード C-。<br>(パワーゲージ最大値 +1),装備アイテム強化,7,0,5,0
74101,reinforce_4001,精源石 1年 1次 C,スピリットに装着する源石。1年生用 ランク 1、グレード C。<br>(パワーゲージ最大値 +1),装備アイテム強化,7,0,5,0
74102,reinforce_4001,精源石 1年 1次 C+,スピリットに装着する源石。1年生用 ランク 1、グレード C+。<br>(パワーゲージ最大値 +1),装備アイテム強化,7,0,5,0
74103,reinforce_4001,精源石 1年 1次 B-,スピリットに装着する源石。1年生用 ランク 1、グレード B-。<br>(パワーゲージ最大値 +1),装備アイテム強化,7,0,5,0
74104,reinforce_4001,精源石 1年 1次 B,スピリットに装着する源石。1年生用 ランク 1、グレード B。<br>(パワーゲージ最大値 +1),装備アイテム強化,7,0,5,0
74105,reinforce_4001,精源石 1年 1次 B+,スピリットに装着する源石。1年生用 ランク 1、グレード B+。<br>(パワーゲージ最大値 +1),装備アイテム強化,7,0,5,0
74106,reinforce_4001,精源石 1年 1次 A-,スピリットに装着する源石。1年生用 ランク 1、グレード A-。<br>(パワーゲージ最大値 +1),装備アイテム強化,7,0,5,0
74107,reinforce_4001,精源石 1年 1次 A,スピリットに装着する源石。1年生用 ランク 1、グレード A。<br>(パワーゲージ最大値 +1),装備アイテム強化,7,0,5,0
74108,reinforce_4001,精源石 1年 1次 A+,スピリットに装着する源石。1年生用 ランク 1、グレード A+。<br>(パワーゲージ最大値 +1),装備アイテム強化,7,0,5,0
74109,reinforce_4001,精源石 1年 1次 S,スピリットに装着する源石。1年生用 ランク 1、グレード S。<br>(パワーゲージ最大値 +1),装備アイテム強化,7,0,5,0
74110,reinforce_4001,精源石 1年 1次 SS,スピリットに装着する源石。1年生用 ランク 1、グレード SS。<br>(パワーゲージ最大値 +1),装備アイテム強化,7,0,5,0
74111,reinforce_4001,精源石 1年 2次 C-,スピリットに装着する源石。1年生用 ランク 2、グレード C-。<br>(パワーゲージ最大値 +1),装備アイテム強化,7,0,5,0
74112,reinforce_4001,精源石 1年 2次 C,スピリットに装着する源石。1年生用 ランク 2、グレード C。<br>(パワーゲージ最大値 +1),装備アイテム強化,7,0,5,0
74113,reinforce_4001,精源石 1年 2次 C+,スピリットに装着する源石。1年生用 ランク 2、グレード C+。<br>(パワーゲージ最大値 +1),装備アイテム強化,7,0,5,0
74114,reinforce_4001,精源石 1年 2次 B-,スピリットに装着する源石。1年生用 ランク 2、グレード B-。<br>(パワーゲージ最大値 +1),装備アイテム強化,7,0,5,0
74115,reinforce_4001,精源石 1年 2次 B,スピリットに装着する源石。1年生用 ランク 2、グレード B。<br>(パワーゲージ最大値 +1),装備アイテム強化,7,0,5,0
74116,reinforce_4001,精源石 1年 2次 B+,スピリットに装着する源石。1年生用 ランク 2、グレード B+。<br>(パワーゲージ最大値 +1),装備アイテム強化,7,0,5,0
74117,reinforce_4001,精源石 1年 2次 A-,スピリットに装着する源石。1年生用 ランク 2、グレード A-。<br>(パワーゲージ最大値 +1),装備アイテム強化,7,0,5,0
74118,reinforce_4001,精源石 1年 2次 A,スピリットに装着する源石。1年生用 ランク 2、グレード A。<br>(パワーゲージ最大値 +1),装備アイテム強化,7,0,5,0
74119,reinforce_4001,精源石 1年 2次 A+,スピリットに装着する源石。1年生用 ランク 2、グレード A+。<br>(パワーゲージ最大値 +1),装備アイテム強化,7,0,5,0
74120,reinforce_4001,精源石 1年 2次 S,スピリットに装着する源石。1年生用 ランク 2、グレード S。<br>(パワーゲージ最大値 +1),装備アイテム強化,7,0,5,0
74121,reinforce_4001,精源石 1年 2次 SS,スピリットに装着する源石。1年生用 ランク 2、グレード SS。<br>(パワーゲージ最大値 +1),装備アイテム強化,7,0,5,0
74122,reinforce_4001,精源石 1年 3次 C-,スピリットに装着する源石。1年生用 ランク 3、グレード C-。<br>(パワーゲージ最大値 +1),装備アイテム強化,7,0,5,0
74123,reinforce_4001,精源石 1年 3次 C,スピリットに装着する源石。1年生用 ランク 3、グレード C。<br>(パワーゲージ最大値 +1),装備アイテム強化,7,0,5,0
74124,reinforce_4001,精源石 1年 3次 C+,スピリットに装着する源石。1年生用 ランク 3、グレード C+。<br>(パワーゲージ最大値 +1),装備アイテム強化,7,0,5,0
74125,reinforce_4001,精源石 1年 3次 B-,スピリットに装着する源石。1年生用 ランク 3、グレード B-。<br>(パワーゲージ最大値 +1),装備アイテム強化,7,0,5,0
74126,reinforce_4001,精源石 1年 3次 B,スピリットに装着する源石。1年生用 ランク 3、グレード B。<br>(パワーゲージ最大値 +1),装備アイテム強化,7,0,5,0
74127,reinforce_4001,精源石 1年 3次 B+,スピリットに装着する源石。1年生用 ランク 3、グレード B+。<br>(パワーゲージ最大値 +1),装備アイテム強化,7,0,5,0
74128,reinforce_4001,精源石 1年 3次 A-,スピリットに装着する源石。1年生用 ランク 3、グレード A-。<br>(パワーゲージ最大値 +1),装備アイテム強化,7,0,5,0
74129,reinforce_4001,精源石 1年 3次 A,スピリットに装着する源石。1年生用 ランク 3、グレード A。<br>(パワーゲージ最大値 +1),装備アイテム強化,7,0,5,0
74130,reinforce_4001,精源石 1年 3次 A+,スピリットに装着する源石。1年生用 ランク 3、グレード A+。<br>(パワーゲージ最大値 +1),装備アイテム強化,7,0,5,0
74131,reinforce_4001,精源石 1年 3次 S,スピリットに装着する源石。1年生用 ランク 3、グレード S。<br>(パワーゲージ最大値 +1),装備アイテム強化,7,0,5,0
74132,reinforce_4001,精源石 1年 3次 SS,スピリットに装着する源石。1年生用 ランク 3、グレード SS。<br>(パワーゲージ最大値 +1),装備アイテム強化,7,0,5,0
74133,reinforce_4001,精源石 1年 4次 C-,スピリットに装着する源石。1年生用 ランク 4、グレード C-。<br>(パワーゲージ最大値 +1),装備アイテム強化,7,0,5,0
74134,reinforce_4001,精源石 1年 4次 C,スピリットに装着する源石。1年生用 ランク 4、グレード C。<br>(パワーゲージ最大値 +1),装備アイテム強化,7,0,5,0
74135,reinforce_4001,精源石 1年 4次 C+,スピリットに装着する源石。1年生用 ランク 4、グレード C+。<br>(パワーゲージ最大値 +1),装備アイテム強化,7,0,5,0
74136,reinforce_4001,精源石 1年 4次 B-,スピリットに装着する源石。1年生用 ランク 4、グレード B-。<br>(パワーゲージ最大値 +1),装備アイテム強化,7,0,5,0
74137,reinforce_4001,精源石 1年 4次 B,スピリットに装着する源石。1年生用 ランク 4、グレード B。<br>(パワーゲージ最大値 +1),装備アイテム強化,7,0,5,0
74138,reinforce_4001,精源石 1年 4次 B+,スピリットに装着する源石。1年生用 ランク 4、グレード B+。<br>(パワーゲージ最大値 +1),装備アイテム強化,7,0,5,0
74139,reinforce_4001,精源石 1年 4次 A-,スピリットに装着する源石。1年生用 ランク 4、グレード A-。<br>(パワーゲージ最大値 +1),装備アイテム強化,7,0,5,0
74140,reinforce_4001,精源石 1年 4次 A,スピリットに装着する源石。1年生用 ランク 4、グレード A。<br>(パワーゲージ最大値 +1),装備アイテム強化,7,0,5,0
74141,reinforce_4001,精源石 1年 4次 A+,スピリットに装着する源石。1年生用 ランク 4、グレード A+。<br>(パワーゲージ最大値 +1),装備アイテム強化,7,0,5,0
74142,reinforce_4001,精源石 1年 4次 S,スピリットに装着する源石。1年生用 ランク 4、グレード S。<br>(パワーゲージ最大値 +1),装備アイテム強化,7,0,5,0
74143,reinforce_4001,精源石 1年 4次 SS,スピリットに装着する源石。1年生用 ランク 4、グレード SS。<br>(パワーゲージ最大値 +1),装備アイテム強化,7,0,5,0
74144,reinforce_4001,精源石 2年 1次 C-,スピリットに装着する源石。2年生用 ランク 1、グレード C-。<br>(パワーゲージ最大値 +1),装備アイテム強化,8,0,5,0
74145,reinforce_4001,精源石 2年 1次 C,スピリットに装着する源石。2年生用 ランク 1、グレード C。<br>(パワーゲージ最大値 +1),装備アイテム強化,8,0,5,0
74146,reinforce_4001,精源石 2年 1次 C+,スピリットに装着する源石。2年生用 ランク 1、グレード C+。<br>(パワーゲージ最大値 +1),装備アイテム強化,8,0,5,0
74147,reinforce_4001,精源石 2年 1次 B-,スピリットに装着する源石。2年生用 ランク 1、グレード B-。<br>(パワーゲージ最大値 +1),装備アイテム強化,8,0,5,0
74148,reinforce_4001,精源石 2年 1次 B,スピリットに装着する源石。2年生用 ランク 1、グレード B。<br>(パワーゲージ最大値 +1),装備アイテム強化,8,0,5,0
74149,reinforce_4001,精源石 2年 1次 B+,スピリットに装着する源石。2年生用 ランク 1、グレード B+。<br>(パワーゲージ最大値 +1),装備アイテム強化,8,0,5,0
74150,reinforce_4001,精源石 2年 1次 A-,スピリットに装着する源石。2年生用 ランク 1、グレード A-。<br>(パワーゲージ最大値 +1),装備アイテム強化,8,0,5,0
74151,reinforce_4001,精源石 2年 1次 A,スピリットに装着する源石。2年生用 ランク 1、グレード A。<br>(パワーゲージ最大値 +1),装備アイテム強化,8,0,5,0
74152,reinforce_4001,精源石 2年 1次 A+,スピリットに装着する源石。2年生用 ランク 1、グレード A+。<br>(パワーゲージ最大値 +1),装備アイテム強化,8,0,5,0
74153,reinforce_4001,精源石 2年 1次 S,スピリットに装着する源石。2年生用 ランク 1、グレード S。<br>(パワーゲージ最大値 +1),装備アイテム強化,8,0,5,0
74154,reinforce_4001,精源石 2年 1次 SS,スピリットに装着する源石。2年生用 ランク 1、グレード SS。<br>(パワーゲージ最大値 +1),装備アイテム強化,8,0,5,0
74155,reinforce_4001,精源石 2年 2次 C-,スピリットに装着する源石。2年生用 ランク 2、グレード C-。<br>(パワーゲージ最大値 +1),装備アイテム強化,8,0,5,0
74156,reinforce_4001,精源石 2年 2次 C,スピリットに装着する源石。2年生用 ランク 2、グレード C。<br>(パワーゲージ最大値 +1),装備アイテム強化,8,0,5,0
74157,reinforce_4001,精源石 2年 2次 C+,スピリットに装着する源石。2年生用 ランク 2、グレード C+。<br>(パワーゲージ最大値 +1),装備アイテム強化,8,0,5,0
74158,reinforce_4001,精源石 2年 2次 B-,スピリットに装着する源石。2年生用 ランク 2、グレード B-。<br>(パワーゲージ最大値 +1),装備アイテム強化,8,0,5,0
74159,reinforce_4001,精源石 2年 2次 B,スピリットに装着する源石。2年生用 ランク 2、グレード B。<br>(パワーゲージ最大値 +1),装備アイテム強化,8,0,5,0
74160,reinforce_4001,精源石 2年 2次 B+,スピリットに装着する源石。2年生用 ランク 2、グレード B+。<br>(パワーゲージ最大値 +1),装備アイテム強化,8,0,5,0
74161,reinforce_4001,精源石 2年 2次 A-,スピリットに装着する源石。2年生用 ランク 2、グレード A-。<br>(パワーゲージ最大値 +1),装備アイテム強化,8,0,5,0
74162,reinforce_4001,精源石 2年 2次 A,スピリットに装着する源石。2年生用 ランク 2、グレード A。<br>(パワーゲージ最大値 +1),装備アイテム強化,8,0,5,0
74163,reinforce_4001,精源石 2年 2次 A+,スピリットに装着する源石。2年生用 ランク 2、グレード A+。<br>(パワーゲージ最大値 +1),装備アイテム強化,8,0,5,0
74164,reinforce_4001,精源石 2年 2次 S,スピリットに装着する源石。2年生用 ランク 2、グレード S。<br>(パワーゲージ最大値 +1),装備アイテム強化,8,0,5,0
74165,reinforce_4001,精源石 2年 2次 SS,スピリットに装着する源石。2年生用 ランク 2、グレード SS。<br>(パワーゲージ最大値 +1),装備アイテム強化,8,0,5,0
74166,reinforce_4001,精源石 2年 3次 C-,スピリットに装着する源石。2年生用 ランク 3、グレード C-。<br>(パワーゲージ最大値 +1),装備アイテム強化,8,0,5,0
74167,reinforce_4001,精源石 2年 3次 C,スピリットに装着する源石。2年生用 ランク 3、グレード C。<br>(パワーゲージ最大値 +1),装備アイテム強化,8,0,5,0
74168,reinforce_4001,精源石 2年 3次 C+,スピリットに装着する源石。2年生用 ランク 3、グレード C+。<br>(パワーゲージ最大値 +1),装備アイテム強化,8,0,5,0
74169,reinforce_4001,精源石 2年 3次 B-,スピリットに装着する源石。2年生用 ランク 3、グレード B-。<br>(パワーゲージ最大値 +1),装備アイテム強化,8,0,5,0
74170,reinforce_4001,精源石 2年 3次 B,スピリットに装着する源石。2年生用 ランク 3、グレード B。<br>(パワーゲージ最大値 +1),装備アイテム強化,8,0,5,0
74171,reinforce_4001,精源石 2年 3次 B+,スピリットに装着する源石。2年生用 ランク 3、グレード B+。<br>(パワーゲージ最大値 +1),装備アイテム強化,8,0,5,0
74172,reinforce_4001,精源石 2年 3次 A-,スピリットに装着する源石。2年生用 ランク 3、グレード A-。<br>(パワーゲージ最大値 +1),装備アイテム強化,8,0,5,0
74173,reinforce_4001,精源石 2年 3次 A,スピリットに装着する源石。2年生用 ランク 3、グレード A。<br>(パワーゲージ最大値 +1),装備アイテム強化,8,0,5,0
74174,reinforce_4001,精源石 2年 3次 A+,スピリットに装着する源石。2年生用 ランク 3、グレード A+。<br>(パワーゲージ最大値 +1),装備アイテム強化,8,0,5,0
74175,reinforce_4001,精源石 2年 3次 S,スピリットに装着する源石。2年生用 ランク 3、グレード S。<br>(パワーゲージ最大値 +1),装備アイテム強化,8,0,5,0
74176,reinforce_4001,精源石 2年 3次 SS,スピリットに装着する源石。2年生用 ランク 3、グレード SS。<br>(パワーゲージ最大値 +1),装備アイテム強化,8,0,5,0
74177,reinforce_4001,精源石 2年 4次 C-,スピリットに装着する源石。2年生用 ランク 4、グレード C-。<br>(パワーゲージ最大値 +1),装備アイテム強化,8,0,5,0
74178,reinforce_4001,精源石 2年 4次 C,スピリットに装着する源石。2年生用 ランク 4、グレード C。<br>(パワーゲージ最大値 +1),装備アイテム強化,8,0,5,0
74179,reinforce_4001,精源石 2年 4次 C+,スピリットに装着する源石。2年生用 ランク 4、グレード C+。<br>(パワーゲージ最大値 +1),装備アイテム強化,8,0,5,0
74180,reinforce_4001,精源石 2年 4次 B-,スピリットに装着する源石。2年生用 ランク 4、グレード B-。<br>(パワーゲージ最大値 +1),装備アイテム強化,8,0,5,0
74181,reinforce_4001,精源石 2年 4次 B,スピリットに装着する源石。2年生用 ランク 4、グレード B。<br>(パワーゲージ最大値 +1),装備アイテム強化,8,0,5,0
74182,reinforce_4001,精源石 2年 4次 B+,スピリットに装着する源石。2年生用 ランク 4、グレード B+。<br>(パワーゲージ最大値 +1),装備アイテム強化,8,0,5,0
74183,reinforce_4001,精源石 2年 4次 A-,スピリットに装着する源石。2年生用 ランク 4、グレード A-。<br>(パワーゲージ最大値 +1),装備アイテム強化,8,0,5,0
74184,reinforce_4001,精源石 2年 4次 A,スピリットに装着する源石。2年生用 ランク 4、グレード A。<br>(パワーゲージ最大値 +1),装備アイテム強化,8,0,5,0
74185,reinforce_4001,精源石 2年 4次 A+,スピリットに装着する源石。2年生用 ランク 4、グレード A+。<br>(パワーゲージ最大値 +1),装備アイテム強化,8,0,5,0
74186,reinforce_4001,精源石 2年 4次 S,スピリットに装着する源石。2年生用 ランク 4、グレード S。<br>(パワーゲージ最大値 +1),装備アイテム強化,8,0,5,0
74187,reinforce_4001,精源石 2年 4次 SS,スピリットに装着する源石。2年生用 ランク 4、グレード SS。<br>(パワーゲージ最大値 +1),装備アイテム強化,8,0,5,0
74188,reinforce_4001,精源石 3年 1次 C-,スピリットに装着する源石。3年生用 ランク 1、グレード C-。<br>(パワーゲージ最大値 +1),装備アイテム強化,9,0,5,0
74189,reinforce_4001,精源石 3年 1次 C,スピリットに装着する源石。3年生用 ランク 1、グレード C。<br>(パワーゲージ最大値 +1),装備アイテム強化,9,0,5,0
74190,reinforce_4001,精源石 3年 1次 C+,スピリットに装着する源石。3年生用 ランク 1、グレード C+。<br>(パワーゲージ最大値 +1),装備アイテム強化,9,0,5,0
74191,reinforce_4001,精源石 3年 1次 B-,スピリットに装着する源石。3年生用 ランク 1、グレード B-。<br>(パワーゲージ最大値 +1),装備アイテム強化,9,0,5,0
74192,reinforce_4001,精源石 3年 1次 B,スピリットに装着する源石。3年生用 ランク 1、グレード B。<br>(パワーゲージ最大値 +1),装備アイテム強化,9,0,5,0
74193,reinforce_4001,精源石 3年 1次 B+,スピリットに装着する源石。3年生用 ランク 1、グレード B+。<br>(パワーゲージ最大値 +1),装備アイテム強化,9,0,5,0
74194,reinforce_4001,精源石 3年 1次 A-,スピリットに装着する源石。3年生用 ランク 1、グレード A-。<br>(パワーゲージ最大値 +1),装備アイテム強化,9,0,5,0
74195,reinforce_4001,精源石 3年 1次 A,スピリットに装着する源石。3年生用 ランク 1、グレード A。<br>(パワーゲージ最大値 +1),装備アイテム強化,9,0,5,0
74196,reinforce_4001,精源石 3年 1次 A+,スピリットに装着する源石。3年生用 ランク 1、グレード A+。<br>(パワーゲージ最大値 +1),装備アイテム強化,9,0,5,0
74197,reinforce_4001,精源石 3年 1次 S,スピリットに装着する源石。3年生用 ランク 1、グレード S。<br>(パワーゲージ最大値 +1),装備アイテム強化,9,0,5,0
74198,reinforce_4001,精源石 3年 1次 SS,スピリットに装着する源石。3年生用 ランク 1、グレード SS。<br>(パワーゲージ最大値 +1),装備アイテム強化,9,0,5,0
74199,reinforce_4001,精源石 3年 2次 C-,スピリットに装着する源石。3年生用 ランク 2、グレード C-。<br>(パワーゲージ最大値 +1),装備アイテム強化,9,0,5,0
74200,reinforce_4001,精源石 3年 2次 C,スピリットに装着する源石。3年生用 ランク 2、グレード C。<br>(パワーゲージ最大値 +1),装備アイテム強化,9,0,5,0
74201,reinforce_4001,精源石 3年 2次 C+,スピリットに装着する源石。3年生用 ランク 2、グレード C+。<br>(パワーゲージ最大値 +1),装備アイテム強化,9,0,5,0
74202,reinforce_4001,精源石 3年 2次 B-,スピリットに装着する源石。3年生用 ランク 2、グレード B-。<br>(パワーゲージ最大値 +1),装備アイテム強化,9,0,5,0
74203,reinforce_4001,精源石 3年 2次 B,スピリットに装着する源石。3年生用 ランク 2、グレード B。<br>(パワーゲージ最大値 +1),装備アイテム強化,9,0,5,0
74204,reinforce_4001,精源石 3年 2次 B+,スピリットに装着する源石。3年生用 ランク 2、グレード B+。<br>(パワーゲージ最大値 +1),装備アイテム強化,9,0,5,0
74205,reinforce_4001,精源石 3年 2次 A-,スピリットに装着する源石。3年生用 ランク 2、グレード A-。<br>(パワーゲージ最大値 +1),装備アイテム強化,9,0,5,0
74206,reinforce_4001,精源石 3年 2次 A,スピリットに装着する源石。3年生用 ランク 2、グレード A。<br>(パワーゲージ最大値 +1),装備アイテム強化,9,0,5,0
74207,reinforce_4001,精源石 3年 2次 A+,スピリットに装着する源石。3年生用 ランク 2、グレード A+。<br>(パワーゲージ最大値 +1),装備アイテム強化,9,0,5,0
74208,reinforce_4001,精源石 3年 2次 S,スピリットに装着する源石。3年生用 ランク 2、グレード S。<br>(パワーゲージ最大値 +1),装備アイテム強化,9,0,5,0
74209,reinforce_4001,精源石 3年 2次 SS,スピリットに装着する源石。3年生用 ランク 2、グレード SS。<br>(パワーゲージ最大値 +1),装備アイテム強化,9,0,5,0
74210,reinforce_4001,精源石 3年 3次 C-,スピリットに装着する源石。3年生用 ランク 3、グレード C-。<br>(パワーゲージ最大値 +1),装備アイテム強化,9,0,5,0
74211,reinforce_4001,精源石 3年 3次 C,スピリットに装着する源石。3年生用 ランク 3、グレード C。<br>(パワーゲージ最大値 +1),装備アイテム強化,9,0,5,0
74212,reinforce_4001,精源石 3年 3次 C+,スピリットに装着する源石。3年生用 ランク 3、グレード C+。<br>(パワーゲージ最大値 +1),装備アイテム強化,9,0,5,0
74213,reinforce_4001,精源石 3年 3次 B-,スピリットに装着する源石。3年生用 ランク 3、グレード B-。<br>(パワーゲージ最大値 +1),装備アイテム強化,9,0,5,0
74214,reinforce_4001,精源石 3年 3次 B,スピリットに装着する源石。3年生用 ランク 3、グレード B。<br>(パワーゲージ最大値 +1),装備アイテム強化,9,0,5,0
74215,reinforce_4001,精源石 3年 3次 B+,スピリットに装着する源石。3年生用 ランク 3、グレード B+。<br>(パワーゲージ最大値 +1),装備アイテム強化,9,0,5,0
74216,reinforce_4001,精源石 3年 3次 A-,スピリットに装着する源石。3年生用 ランク 3、グレード A-。<br>(パワーゲージ最大値 +1),装備アイテム強化,9,0,5,0
74217,reinforce_4001,精源石 3年 3次 A,スピリットに装着する源石。3年生用 ランク 3、グレード A。<br>(パワーゲージ最大値 +1),装備アイテム強化,9,0,5,0
74218,reinforce_4001,精源石 3年 3次 A+,スピリットに装着する源石。3年生用 ランク 3、グレード A+。<br>(パワーゲージ最大値 +1),装備アイテム強化,9,0,5,0
74219,reinforce_4001,精源石 3年 3次 S,スピリットに装着する源石。3年生用 ランク 3、グレード S。<br>(パワーゲージ最大値 +1),装備アイテム強化,9,0,5,0
74220,reinforce_4001,精源石 3年 3次 SS,スピリットに装着する源石。3年生用 ランク 3、グレード SS。<br>(パワーゲージ最大値 +1),装備アイテム強化,9,0,5,0
74221,reinforce_4001,精源石 3年 4次 C-,スピリットに装着する源石。3年生用 ランク 4、グレード C-。<br>(パワーゲージ最大値 +1),装備アイテム強化,9,0,5,0
74222,reinforce_4001,精源石 3年 4次 C,スピリットに装着する源石。3年生用 ランク 4、グレード C。<br>(パワーゲージ最大値 +1),装備アイテム強化,9,0,5,0
74223,reinforce_4001,精源石 3年 4次 C+,スピリットに装着する源石。3年生用 ランク 4、グレード C+。<br>(パワーゲージ最大値 +1),装備アイテム強化,9,0,5,0
74224,reinforce_4001,精源石 3年 4次 B-,スピリットに装着する源石。3年生用 ランク 4、グレード B-。<br>(パワーゲージ最大値 +1),装備アイテム強化,9,0,5,0
74225,reinforce_4001,精源石 3年 4次 B,スピリットに装着する源石。3年生用 ランク 4、グレード B。<br>(パワーゲージ最大値 +1),装備アイテム強化,9,0,5,0
74226,reinforce_4001,精源石 3年 4次 B+,スピリットに装着する源石。3年生用 ランク 4、グレード B+。<br>(パワーゲージ最大値 +1),装備アイテム強化,9,0,5,0
74227,reinforce_4001,精源石 3年 4次 A-,スピリットに装着する源石。3年生用 ランク 4、グレード A-。<br>(パワーゲージ最大値 +1),装備アイテム強化,9,0,5,0
74228,reinforce_4001,精源石 3年 4次 A,スピリットに装着する源石。3年生用 ランク 4、グレード A。<br>(パワーゲージ最大値 +1),装備アイテム強化,9,0,5,0
74229,reinforce_4001,精源石 3年 4次 A+,スピリットに装着する源石。3年生用 ランク 4、グレード A+。<br>(パワーゲージ最大値 +1),装備アイテム強化,9,0,5,0
74230,reinforce_4001,精源石 3年 4次 S,スピリットに装着する源石。3年生用 ランク 4、グレード S。<br>(パワーゲージ最大値 +1),装備アイテム強化,9,0,5,0
74231,reinforce_4001,精源石 3年 4次 SS,スピリットに装着する源石。3年生用 ランク 4、グレード SS。<br>(パワーゲージ最大値 +1),装備アイテム強化,9,0,5,0
74232,reinforce_4001,精源石 4年 1次 C-,スピリットに装着する源石。4年生用 ランク 1、グレード C-。<br>(パワーゲージ最大値 +1),装備アイテム強化,10,0,5,0
74233,reinforce_4001,精源石 4年 1次 C,スピリットに装着する源石。4年生用 ランク 1、グレード C。<br>(パワーゲージ最大値 +1),装備アイテム強化,10,0,5,0
74234,reinforce_4001,精源石 4年 1次 C+,スピリットに装着する源石。4年生用 ランク 1、グレード C+。<br>(パワーゲージ最大値 +1),装備アイテム強化,10,0,5,0
74235,reinforce_4001,精源石 4年 1次 B-,スピリットに装着する源石。4年生用 ランク 1、グレード B-。<br>(パワーゲージ最大値 +1),装備アイテム強化,10,0,5,0
74236,reinforce_4001,精源石 4年 1次 B,スピリットに装着する源石。4年生用 ランク 1、グレード B。<br>(パワーゲージ最大値 +1),装備アイテム強化,10,0,5,0
74237,reinforce_4001,精源石 4年 1次 B+,スピリットに装着する源石。4年生用 ランク 1、グレード B+。<br>(パワーゲージ最大値 +1),装備アイテム強化,10,0,5,0
74238,reinforce_4001,精源石 4年 1次 A-,スピリットに装着する源石。4年生用 ランク 1、グレード A-。<br>(パワーゲージ最大値 +1),装備アイテム強化,10,0,5,0
74239,reinforce_4001,精源石 4年 1次 A,スピリットに装着する源石。4年生用 ランク 1、グレード A。<br>(パワーゲージ最大値 +1),装備アイテム強化,10,0,5,0
74240,reinforce_4001,精源石 4年 1次 A+,スピリットに装着する源石。4年生用 ランク 1、グレード A+。<br>(パワーゲージ最大値 +1),装備アイテム強化,10,0,5,0
74241,reinforce_4001,精源石 4年 1次 S,スピリットに装着する源石。4年生用 ランク 1、グレード S。<br>(パワーゲージ最大値 +1),装備アイテム強化,10,0,5,0
74242,reinforce_4001,精源石 4年 1次 SS,スピリットに装着する源石。4年生用 ランク 1、グレード SS。<br>(パワーゲージ最大値 +1),装備アイテム強化,10,0,5,0
74243,reinforce_4001,精源石 4年 2次 C-,スピリットに装着する源石。4年生用 ランク 2、グレード C-。<br>(パワーゲージ最大値 +1),装備アイテム強化,10,0,5,0
74244,reinforce_4001,精源石 4年 2次 C,スピリットに装着する源石。4年生用 ランク 2、グレード C。<br>(パワーゲージ最大値 +1),装備アイテム強化,10,0,5,0
74245,reinforce_4001,精源石 4年 2次 C+,スピリットに装着する源石。4年生用 ランク 2、グレード C+。<br>(パワーゲージ最大値 +1),装備アイテム強化,10,0,5,0
74246,reinforce_4001,精源石 4年 2次 B-,スピリットに装着する源石。4年生用 ランク 2、グレード B-。<br>(パワーゲージ最大値 +1),装備アイテム強化,10,0,5,0
74247,reinforce_4001,精源石 4年 2次 B,スピリットに装着する源石。4年生用 ランク 2、グレード B。<br>(パワーゲージ最大値 +1),装備アイテム強化,10,0,5,0
74248,reinforce_4001,精源石 4年 2次 B+,スピリットに装着する源石。4年生用 ランク 2、グレード B+。<br>(パワーゲージ最大値 +1),装備アイテム強化,10,0,5,0
74249,reinforce_4001,精源石 4年 2次 A-,スピリットに装着する源石。4年生用 ランク 2、グレード A-。<br>(パワーゲージ最大値 +1),装備アイテム強化,10,0,5,0
74250,reinforce_4001,精源石 4年 2次 A,スピリットに装着する源石。4年生用 ランク 2、グレード A。<br>(パワーゲージ最大値 +1),装備アイテム強化,10,0,5,0
74251,reinforce_4001,精源石 4年 2次 A+,スピリットに装着する源石。4年生用 ランク 2、グレード A+。<br>(パワーゲージ最大値 +1),装備アイテム強化,10,0,5,0
74252,reinforce_4001,精源石 4年 2次 S,スピリットに装着する源石。4年生用 ランク 2、グレード S。<br>(パワーゲージ最大値 +1),装備アイテム強化,10,0,5,0
74253,reinforce_4001,精源石 4年 2次 SS,スピリットに装着する源石。4年生用 ランク 2、グレード SS。<br>(パワーゲージ最大値 +1),装備アイテム強化,10,0,5,0
74254,reinforce_4001,精源石 4年 3次 C-,スピリットに装着する源石。4年生用 ランク 3、グレード C-。<br>(パワーゲージ最大値 +1),装備アイテム強化,10,0,5,0
74255,reinforce_4001,精源石 4年 3次 C,スピリットに装着する源石。4年生用 ランク 3、グレード C。<br>(パワーゲージ最大値 +1),装備アイテム強化,10,0,5,0
74256,reinforce_4001,精源石 4年 3次 C+,スピリットに装着する源石。4年生用 ランク 3、グレード C+。<br>(パワーゲージ最大値 +1),装備アイテム強化,10,0,5,0
74257,reinforce_4001,精源石 4年 3次 B-,スピリットに装着する源石。4年生用 ランク 3、グレード B-。<br>(パワーゲージ最大値 +1),装備アイテム強化,10,0,5,0
74258,reinforce_4001,精源石 4年 3次 B,スピリットに装着する源石。4年生用 ランク 3、グレード B。<br>(パワーゲージ最大値 +1),装備アイテム強化,10,0,5,0
74259,reinforce_4001,精源石 4年 3次 B+,スピリットに装着する源石。4年生用 ランク 3、グレード B+。<br>(パワーゲージ最大値 +1),装備アイテム強化,10,0,5,0
74260,reinforce_4001,精源石 4年 3次 A-,スピリットに装着する源石。4年生用 ランク 3、グレード A-。<br>(パワーゲージ最大値 +1),装備アイテム強化,10,0,5,0
74261,reinforce_4001,精源石 4年 3次 A,スピリットに装着する源石。4年生用 ランク 3、グレード A。<br>(パワーゲージ最大値 +1),装備アイテム強化,10,0,5,0
74262,reinforce_4001,精源石 4年 3次 A+,スピリットに装着する源石。4年生用 ランク 3、グレード A+。<br>(パワーゲージ最大値 +1),装備アイテム強化,10,0,5,0
74263,reinforce_4001,精源石 4年 3次 S,スピリットに装着する源石。4年生用 ランク 3、グレード S。<br>(パワーゲージ最大値 +1),装備アイテム強化,10,0,5,0
74264,reinforce_4001,精源石 4年 3次 SS,スピリットに装着する源石。4年生用 ランク 3、グレード SS。<br>(パワーゲージ最大値 +1),装備アイテム強化,10,0,5,0
74265,reinforce_4001,精源石 4年 4次 C-,スピリットに装着する源石。4年生用 ランク 4、グレード C-。<br>(パワーゲージ最大値 +1),装備アイテム強化,10,0,5,0
74266,reinforce_4001,精源石 4年 4次 C,スピリットに装着する源石。4年生用 ランク 4、グレード C。<br>(パワーゲージ最大値 +1),装備アイテム強化,10,0,5,0
74267,reinforce_4001,精源石 4年 4次 C+,スピリットに装着する源石。4年生用 ランク 4、グレード C+。<br>(パワーゲージ最大値 +1),装備アイテム強化,10,0,5,0
74268,reinforce_4001,精源石 4年 4次 B-,スピリットに装着する源石。4年生用 ランク 4、グレード B-。<br>(パワーゲージ最大値 +1),装備アイテム強化,10,0,5,0
74269,reinforce_4001,精源石 4年 4次 B,スピリットに装着する源石。4年生用 ランク 4、グレード B。<br>(パワーゲージ最大値 +1),装備アイテム強化,10,0,5,0
74270,reinforce_4001,精源石 4年 4次 B+,スピリットに装着する源石。4年生用 ランク 4、グレード B+。<br>(パワーゲージ最大値 +1),装備アイテム強化,10,0,5,0
74271,reinforce_4001,精源石 4年 4次 A-,スピリットに装着する源石。4年生用 ランク 4、グレード A-。<br>(パワーゲージ最大値 +1),装備アイテム強化,10,0,5,0
74272,reinforce_4001,精源石 4年 4次 A,スピリットに装着する源石。4年生用 ランク 4、グレード A。<br>(パワーゲージ最大値 +1),装備アイテム強化,10,0,5,0
74273,reinforce_4001,精源石 4年 4次 A+,スピリットに装着する源石。4年生用 ランク 4、グレード A+。<br>(パワーゲージ最大値 +1),装備アイテム強化,10,0,5,0
74274,reinforce_4001,精源石 4年 4次 S,スピリットに装着する源石。4年生用 ランク 4、グレード S。<br>(パワーゲージ最大値 +1),装備アイテム強化,10,0,5,0
74275,reinforce_4001,精源石 4年 4次 SS,スピリットに装着する源石。4年生用 ランク 4、グレード SS。<br>(パワーゲージ最大値 +1),装備アイテム強化,10,0,5,0
74276,reinforce_4001,精源石 4年 5次 C-,スピリットに装着する源石。4年生用 ランク 5、グレード C-。<br>(パワーゲージ最大値 +1),装備アイテム強化,10,0,5,0
74277,reinforce_4001,精源石 4年 5次 C,スピリットに装着する源石。4年生用 ランク 5、グレード C。<br>(パワーゲージ最大値 +1),装備アイテム強化,10,0,5,0
74278,reinforce_4001,精源石 4年 5次 C+,スピリットに装着する源石。4年生用 ランク 5、グレード C+。<br>(パワーゲージ最大値 +1),装備アイテム強化,10,0,5,0
74279,reinforce_4001,精源石 4年 5次 B-,スピリットに装着する源石。4年生用 ランク 5、グレード B-。<br>(パワーゲージ最大値 +1),装備アイテム強化,10,0,5,0
74280,reinforce_4001,精源石 4年 5次 B,スピリットに装着する源石。4年生用 ランク 5、グレード B。<br>(パワーゲージ最大値 +1),装備アイテム強化,10,0,5,0
74281,reinforce_4001,精源石 4年 5次 B+,スピリットに装着する源石。4年生用 ランク 5、グレード B+。<br>(パワーゲージ最大値 +1),装備アイテム強化,10,0,5,0
74282,reinforce_4001,精源石 4年 5次 A-,スピリットに装着する源石。4年生用 ランク 5、グレード A-。<br>(パワーゲージ最大値 +1),装備アイテム強化,10,0,5,0
74283,reinforce_4001,精源石 4年 5次 A,スピリットに装着する源石。4年生用 ランク 5、グレード A。<br>(パワーゲージ最大値 +1),装備アイテム強化,10,0,5,0
74284,reinforce_4001,精源石 4年 5次 A+,スピリットに装着する源石。4年生用 ランク 5、グレード A+。<br>(パワーゲージ最大値 +1),装備アイテム強化,10,0,5,0
74285,reinforce_4001,精源石 4年 5次 S,スピリットに装着する源石。4年生用 ランク 5、グレード S。<br>(パワーゲージ最大値 +1),装備アイテム強化,10,0,5,0
74286,reinforce_4001,精源石 4年 5次 SS,スピリットに装着する源石。4年生用 ランク 5、グレード SS。<br>(パワーゲージ最大値 +1),装備アイテム強化,10,0,5,0
74287,reinforce_4001,精源石 5年 1次 C-,スピリットに装着する源石。5年生用 ランク 1、グレード C-。<br>(パワーゲージ最大値 +1),装備アイテム強化,11,0,5,0
74288,reinforce_4001,精源石 5年 1次 C,スピリットに装着する源石。5年生用 ランク 1、グレード C。<br>(パワーゲージ最大値 +1),装備アイテム強化,11,0,5,0
74289,reinforce_4001,精源石 5年 1次 C+,スピリットに装着する源石。5年生用 ランク 1、グレード C+。<br>(パワーゲージ最大値 +1),装備アイテム強化,11,0,5,0
74290,reinforce_4001,精源石 5年 1次 B-,スピリットに装着する源石。5年生用 ランク 1、グレード B-。<br>(パワーゲージ最大値 +1),装備アイテム強化,11,0,5,0
74291,reinforce_4001,精源石 5年 1次 B,スピリットに装着する源石。5年生用 ランク 1、グレード B。<br>(パワーゲージ最大値 +1),装備アイテム強化,11,0,5,0
74292,reinforce_4001,精源石 5年 1次 B+,スピリットに装着する源石。5年生用 ランク 1、グレード B+。<br>(パワーゲージ最大値 +1),装備アイテム強化,11,0,5,0
74293,reinforce_4001,精源石 5年 1次 A-,スピリットに装着する源石。5年生用 ランク 1、グレード A-。<br>(パワーゲージ最大値 +1),装備アイテム強化,11,0,5,0
74294,reinforce_4001,精源石 5年 1次 A,スピリットに装着する源石。5年生用 ランク 1、グレード A。<br>(パワーゲージ最大値 +1),装備アイテム強化,11,0,5,0
74295,reinforce_4001,精源石 5年 1次 A+,スピリットに装着する源石。5年生用 ランク 1、グレード A+。<br>(パワーゲージ最大値 +1),装備アイテム強化,11,0,5,0
74296,reinforce_4001,精源石 5年 1次 S,スピリットに装着する源石。5年生用 ランク 1、グレード S。<br>(パワーゲージ最大値 +1),装備アイテム強化,11,0,5,0
74297,reinforce_4001,精源石 5年 1次 SS,スピリットに装着する源石。5年生用 ランク 1、グレード SS。<br>(パワーゲージ最大値 +1),装備アイテム強化,11,0,5,0
74298,reinforce_4001,精源石 5年 2次 C-,スピリットに装着する源石。5年生用 ランク 2、グレード C-。<br>(パワーゲージ最大値 +1),装備アイテム強化,11,0,5,0
74299,reinforce_4001,精源石 5年 2次 C,スピリットに装着する源石。5年生用 ランク 2、グレード C。<br>(パワーゲージ最大値 +1),装備アイテム強化,11,0,5,0
74300,reinforce_4001,精源石 5年 2次 C+,スピリットに装着する源石。5年生用 ランク 2、グレード C+。<br>(パワーゲージ最大値 +1),装備アイテム強化,11,0,5,0
74301,reinforce_4001,精源石 5年 2次 B-,スピリットに装着する源石。5年生用 ランク 2、グレード B-。<br>(パワーゲージ最大値 +1),装備アイテム強化,11,0,5,0
74302,reinforce_4001,精源石 5年 2次 B,スピリットに装着する源石。5年生用 ランク 2、グレード B。<br>(パワーゲージ最大値 +1),装備アイテム強化,11,0,5,0
74303,reinforce_4001,精源石 5年 2次 B+,スピリットに装着する源石。5年生用 ランク 2、グレード B+。<br>(パワーゲージ最大値 +1),装備アイテム強化,11,0,5,0
74304,reinforce_4001,精源石 5年 2次 A-,スピリットに装着する源石。5年生用 ランク 2、グレード A-。<br>(パワーゲージ最大値 +1),装備アイテム強化,11,0,5,0
74305,reinforce_4001,精源石 5年 2次 A,スピリットに装着する源石。5年生用 ランク 2、グレード A。<br>(パワーゲージ最大値 +1),装備アイテム強化,11,0,5,0
74306,reinforce_4001,精源石 5年 2次 A+,スピリットに装着する源石。5年生用 ランク 2、グレード A+。<br>(パワーゲージ最大値 +1),装備アイテム強化,11,0,5,0
74307,reinforce_4001,精源石 5年 2次 S,スピリットに装着する源石。5年生用 ランク 2、グレード S。<br>(パワーゲージ最大値 +1),装備アイテム強化,11,0,5,0
74308,reinforce_4001,精源石 5年 2次 SS,スピリットに装着する源石。5年生用 ランク 2、グレード SS。<br>(パワーゲージ最大値 +1),装備アイテム強化,11,0,5,0
74309,reinforce_4001,精源石 5年 3次 C-,スピリットに装着する源石。5年生用 ランク 3、グレード C-。<br>(パワーゲージ最大値 +1),装備アイテム強化,11,0,5,0
74310,reinforce_4001,精源石 5年 3次 C,スピリットに装着する源石。5年生用 ランク 3、グレード C。<br>(パワーゲージ最大値 +1),装備アイテム強化,11,0,5,0
74311,reinforce_4001,精源石 5年 3次 C+,スピリットに装着する源石。5年生用 ランク 3、グレード C+。<br>(パワーゲージ最大値 +1),装備アイテム強化,11,0,5,0
74312,reinforce_4001,精源石 5年 3次 B-,スピリットに装着する源石。5年生用 ランク 3、グレード B-。<br>(パワーゲージ最大値 +1),装備アイテム強化,11,0,5,0
74313,reinforce_4001,精源石 5年 3次 B,スピリットに装着する源石。5年生用 ランク 3、グレード B。<br>(パワーゲージ最大値 +1),装備アイテム強化,11,0,5,0
74314,reinforce_4001,精源石 5年 3次 B+,スピリットに装着する源石。5年生用 ランク 3、グレード B+。<br>(パワーゲージ最大値 +1),装備アイテム強化,11,0,5,0
74315,reinforce_4001,精源石 5年 3次 A-,スピリットに装着する源石。5年生用 ランク 3、グレード A-。<br>(パワーゲージ最大値 +1),装備アイテム強化,11,0,5,0
74316,reinforce_4001,精源石 5年 3次 A,スピリットに装着する源石。5年生用 ランク 3、グレード A。<br>(パワーゲージ最大値 +1),装備アイテム強化,11,0,5,0
74317,reinforce_4001,精源石 5年 3次 A+,スピリットに装着する源石。5年生用 ランク 3、グレード A+。<br>(パワーゲージ最大値 +1),装備アイテム強化,11,0,5,0
74318,reinforce_4001,精源石 5年 3次 S,スピリットに装着する源石。5年生用 ランク 3、グレード S。<br>(パワーゲージ最大値 +1),装備アイテム強化,11,0,5,0
74319,reinforce_4001,精源石 5年 3次 SS,スピリットに装着する源石。5年生用 ランク 3、グレード SS。<br>(パワーゲージ最大値 +1),装備アイテム強化,11,0,5,0
74320,reinforce_4001,精源石 5年 4次 C-,スピリットに装着する源石。5年生用 ランク 4、グレード C-。<br>(パワーゲージ最大値 +1),装備アイテム強化,11,0,5,0
74321,reinforce_4001,精源石 5年 4次 C,スピリットに装着する源石。5年生用 ランク 4、グレード C。<br>(パワーゲージ最大値 +1),装備アイテム強化,11,0,5,0
74322,reinforce_4001,精源石 5年 4次 C+,スピリットに装着する源石。5年生用 ランク 4、グレード C+。<br>(パワーゲージ最大値 +1),装備アイテム強化,11,0,5,0
74323,reinforce_4001,精源石 5年 4次 B-,スピリットに装着する源石。5年生用 ランク 4、グレード B-。<br>(パワーゲージ最大値 +1),装備アイテム強化,11,0,5,0
74324,reinforce_4001,精源石 5年 4次 B,スピリットに装着する源石。5年生用 ランク 4、グレード B。<br>(パワーゲージ最大値 +1),装備アイテム強化,11,0,5,0
74325,reinforce_4001,精源石 5年 4次 B+,スピリットに装着する源石。5年生用 ランク 4、グレード B+。<br>(パワーゲージ最大値 +1),装備アイテム強化,11,0,5,0
74326,reinforce_4001,精源石 5年 4次 A-,スピリットに装着する源石。5年生用 ランク 4、グレード A-。<br>(パワーゲージ最大値 +1),装備アイテム強化,11,0,5,0
74327,reinforce_4001,精源石 5年 4次 A,スピリットに装着する源石。5年生用 ランク 4、グレード A。<br>(パワーゲージ最大値 +1),装備アイテム強化,11,0,5,0
74328,reinforce_4001,精源石 5年 4次 A+,スピリットに装着する源石。5年生用 ランク 4、グレード A+。<br>(パワーゲージ最大値 +1),装備アイテム強化,11,0,5,0
74329,reinforce_4001,精源石 5年 4次 S,スピリットに装着する源石。5年生用 ランク 4、グレード S。<br>(パワーゲージ最大値 +1),装備アイテム強化,11,0,5,0
74330,reinforce_4001,精源石 5年 4次 SS,スピリットに装着する源石。5年生用 ランク 4、グレード SS。<br>(パワーゲージ最大値 +1),装備アイテム強化,11,0,5,0
74331,reinforce_4001,精源石 5年 5次 C-,スピリットに装着する源石。5年生用 ランク 5、グレード C-。<br>(パワーゲージ最大値 +1),装備アイテム強化,11,0,5,0
74332,reinforce_4001,精源石 5年 5次 C,スピリットに装着する源石。5年生用 ランク 5、グレード C。<br>(パワーゲージ最大値 +1),装備アイテム強化,11,0,5,0
74333,reinforce_4001,精源石 5年 5次 C+,スピリットに装着する源石。5年生用 ランク 5、グレード C+。<br>(パワーゲージ最大値 +1),装備アイテム強化,11,0,5,0
74334,reinforce_4001,精源石 5年 5次 B-,スピリットに装着する源石。5年生用 ランク 5、グレード B-。<br>(パワーゲージ最大値 +1),装備アイテム強化,11,0,5,0
74335,reinforce_4001,精源石 5年 5次 B,スピリットに装着する源石。5年生用 ランク 5、グレード B。<br>(パワーゲージ最大値 +1),装備アイテム強化,11,0,5,0
74336,reinforce_4001,精源石 5年 5次 B+,スピリットに装着する源石。5年生用 ランク 5、グレード B+。<br>(パワーゲージ最大値 +1),装備アイテム強化,11,0,5,0
74337,reinforce_4001,精源石 5年 5次 A-,スピリットに装着する源石。5年生用 ランク 5、グレード A-。<br>(パワーゲージ最大値 +1),装備アイテム強化,11,0,5,0
74338,reinforce_4001,精源石 5年 5次 A,スピリットに装着する源石。5年生用 ランク 5、グレード A。<br>(パワーゲージ最大値 +1),装備アイテム強化,11,0,5,0
74339,reinforce_4001,精源石 5年 5次 A+,スピリットに装着する源石。5年生用 ランク 5、グレード A+。<br>(パワーゲージ最大値 +1),装備アイテム強化,11,0,5,0
74340,reinforce_4001,精源石 5年 5次 S,スピリットに装着する源石。5年生用 ランク 5、グレード S。<br>(パワーゲージ最大値 +1),装備アイテム強化,11,0,5,0
74341,reinforce_4001,精源石 5年 5次 SS,スピリットに装着する源石。5年生用 ランク 5、グレード SS。<br>(パワーゲージ最大値 +1),装備アイテム強化,11,0,5,0
74342,reinforce_4001,精源石 5年 6次 C-,スピリットに装着する源石。5年生用 ランク 6、グレード C-。<br>(パワーゲージ最大値 +1),装備アイテム強化,11,0,5,0
74343,reinforce_4001,精源石 5年 6次 C,スピリットに装着する源石。5年生用 ランク 6、グレード C。<br>(パワーゲージ最大値 +1),装備アイテム強化,11,0,5,0
74344,reinforce_4001,精源石 5年 6次 C+,スピリットに装着する源石。5年生用 ランク 6、グレード C+。<br>(パワーゲージ最大値 +1),装備アイテム強化,11,0,5,0
74345,reinforce_4001,精源石 5年 6次 B-,スピリットに装着する源石。5年生用 ランク 6、グレード B-。<br>(パワーゲージ最大値 +1),装備アイテム強化,11,0,5,0
74346,reinforce_4001,精源石 5年 6次 B,スピリットに装着する源石。5年生用 ランク 6、グレード B。<br>(パワーゲージ最大値 +1),装備アイテム強化,11,0,5,0
74347,reinforce_4001,精源石 5年 6次 B+,スピリットに装着する源石。5年生用 ランク 6、グレード B+。<br>(パワーゲージ最大値 +1),装備アイテム強化,11,0,5,0
74348,reinforce_4001,精源石 5年 6次 A-,スピリットに装着する源石。5年生用 ランク 6、グレード A-。<br>(パワーゲージ最大値 +1),装備アイテム強化,11,0,5,0
74349,reinforce_4001,精源石 5年 6次 A,スピリットに装着する源石。5年生用 ランク 6、グレード A。<br>(パワーゲージ最大値 +1),装備アイテム強化,11,0,5,0
74350,reinforce_4001,精源石 5年 6次 A+,スピリットに装着する源石。5年生用 ランク 6、グレード A+。<br>(パワーゲージ最大値 +1),装備アイテム強化,11,0,5,0
74351,reinforce_4001,精源石 5年 6次 S,スピリットに装着する源石。5年生用 ランク 6、グレード S。<br>(パワーゲージ最大値 +1),装備アイテム強化,11,0,5,0
74352,reinforce_4001,精源石 5年 6次 SS,スピリットに装着する源石。5年生用 ランク 6、グレード SS。<br>(パワーゲージ最大値 +1),装備アイテム強化,11,0,5,0
74353,reinforce_4001,精源石 5年 7次 C-,スピリットに装着する源石。5年生用 ランク 7、グレード C-。<br>(パワーゲージ最大値 +1),装備アイテム強化,11,0,5,0
74354,reinforce_4001,精源石 5年 7次 C,スピリットに装着する源石。5年生用 ランク 7、グレード C。<br>(パワーゲージ最大値 +1),装備アイテム強化,11,0,5,0
74355,reinforce_4001,精源石 5年 7次 C+,スピリットに装着する源石。5年生用 ランク 7、グレード C+。<br>(パワーゲージ最大値 +1),装備アイテム強化,11,0,5,0
74356,reinforce_4001,精源石 5年 7次 B-,スピリットに装着する源石。5年生用 ランク 7、グレード B-。<br>(パワーゲージ最大値 +1),装備アイテム強化,11,0,5,0
74357,reinforce_4001,精源石 5年 7次 B,スピリットに装着する源石。5年生用 ランク 7、グレード B。<br>(パワーゲージ最大値 +1),装備アイテム強化,11,0,5,0
74358,reinforce_4001,精源石 5年 7次 B+,スピリットに装着する源石。5年生用 ランク 7、グレード B+。<br>(パワーゲージ最大値 +1),装備アイテム強化,11,0,5,0
74359,reinforce_4001,精源石 5年 7次 A-,スピリットに装着する源石。5年生用 ランク 7、グレード A-。<br>(パワーゲージ最大値 +1),装備アイテム強化,11,0,5,0
74360,reinforce_4001,精源石 5年 7次 A,スピリットに装着する源石。5年生用 ランク 7、グレード A。<br>(パワーゲージ最大値 +1),装備アイテム強化,11,0,5,0
74361,reinforce_4001,精源石 5年 7次 A+,スピリットに装着する源石。5年生用 ランク 7、グレード A+。<br>(パワーゲージ最大値 +1),装備アイテム強化,11,0,5,0
74362,reinforce_4001,精源石 5年 7次 S,スピリットに装着する源石。5年生用 ランク 7、グレード S。<br>(パワーゲージ最大値 +1),装備アイテム強化,11,0,5,0
74363,reinforce_4001,精源石 5年 7次 SS,スピリットに装着する源石。5年生用 ランク 7、グレード SS。<br>(パワーゲージ最大値 +1),装備アイテム強化,11,0,5,0
74364,reinforce_4001,精源石 5年 8次 C-,スピリットに装着する源石。5年生用 ランク 8、グレード C-。<br>(パワーゲージ最大値 +1),装備アイテム強化,11,0,5,0
74365,reinforce_4001,精源石 5年 8次 C,スピリットに装着する源石。5年生用 ランク 8、グレード C。<br>(パワーゲージ最大値 +1),装備アイテム強化,11,0,5,0
74366,reinforce_4001,精源石 5年 8次 C+,スピリットに装着する源石。5年生用 ランク 8、グレード C+。<br>(パワーゲージ最大値 +1),装備アイテム強化,11,0,5,0
74367,reinforce_4001,精源石 5年 8次 B-,スピリットに装着する源石。5年生用 ランク 8、グレード B-。<br>(パワーゲージ最大値 +1),装備アイテム強化,11,0,5,0
74368,reinforce_4001,精源石 5年 8次 B,スピリットに装着する源石。5年生用 ランク 8、グレード B。<br>(パワーゲージ最大値 +1),装備アイテム強化,11,0,5,0
74369,reinforce_4001,精源石 5年 8次 B+,スピリットに装着する源石。5年生用 ランク 8、グレード B+。<br>(パワーゲージ最大値 +1),装備アイテム強化,11,0,5,0
74370,reinforce_4001,精源石 5年 8次 A-,スピリットに装着する源石。5年生用 ランク 8、グレード A-。<br>(パワーゲージ最大値 +1),装備アイテム強化,11,0,5,0
74371,reinforce_4001,精源石 5年 8次 A,スピリットに装着する源石。5年生用 ランク 8、グレード A。<br>(パワーゲージ最大値 +1),装備アイテム強化,11,0,5,0
74372,reinforce_4001,精源石 5年 8次 A+,スピリットに装着する源石。5年生用 ランク 8、グレード A+。<br>(パワーゲージ最大値 +1),装備アイテム強化,11,0,5,0
74373,reinforce_4001,精源石 5年 8次 S,スピリットに装着する源石。5年生用 ランク 8、グレード S。<br>(パワーゲージ最大値 +1),装備アイテム強化,11,0,5,0
74374,reinforce_4001,精源石 5年 8次 SS,スピリットに装着する源石。5年生用 ランク 8、グレード SS。<br>(パワーゲージ最大値 +1),装備アイテム強化,11,0,5,0
74375,reinforce_4001,精源石 6年 1次 C-,スピリットに装着する源石。6年生用 ランク 1、グレード C-。<br>(パワーゲージ最大値 +1),装備アイテム強化,11,0,5,0
74376,reinforce_4001,精源石 6年 1次 C,スピリットに装着する源石。6年生用 ランク 1、グレード C。<br>(パワーゲージ最大値 +1),装備アイテム強化,11,0,5,0
74377,reinforce_4001,精源石 6年 1次 C+,スピリットに装着する源石。6年生用 ランク 1、グレード C+。<br>(パワーゲージ最大値 +1),装備アイテム強化,11,0,5,0
74378,reinforce_4001,精源石 6年 1次 B-,スピリットに装着する源石。6年生用 ランク 1、グレード B-。<br>(パワーゲージ最大値 +1),装備アイテム強化,11,0,5,0
74379,reinforce_4001,精源石 6年 1次 B,スピリットに装着する源石。6年生用 ランク 1、グレード B。<br>(パワーゲージ最大値 +1),装備アイテム強化,11,0,5,0
74380,reinforce_4001,精源石 6年 1次 B+,スピリットに装着する源石。6年生用 ランク 1、グレード B+。<br>(パワーゲージ最大値 +1),装備アイテム強化,11,0,5,0
74381,reinforce_4001,精源石 6年 1次 A-,スピリットに装着する源石。6年生用 ランク 1、グレード A-。<br>(パワーゲージ最大値 +1),装備アイテム強化,11,0,5,0
74382,reinforce_4001,精源石 6年 1次 A,スピリットに装着する源石。6年生用 ランク 1、グレード A。<br>(パワーゲージ最大値 +1),装備アイテム強化,11,0,5,0
74383,reinforce_4001,精源石 6年 1次 A+,スピリットに装着する源石。6年生用 ランク 1、グレード A+。<br>(パワーゲージ最大値 +1),装備アイテム強化,11,0,5,0
74384,reinforce_4001,精源石 6年 1次 S,スピリットに装着する源石。6年生用 ランク 1、グレード S。<br>(パワーゲージ最大値 +1),装備アイテム強化,11,0,5,0
74385,reinforce_4001,精源石 6年 1次 SS,スピリットに装着する源石。6年生用 ランク 1、グレード SS。<br>(パワーゲージ最大値 +1),装備アイテム強化,11,0,5,0
74386,reinforce_4001,精源石 6年 2次 C-,スピリットに装着する源石。6年生用 ランク 2、グレード C-。<br>(パワーゲージ最大値 +1),装備アイテム強化,11,0,5,0
74387,reinforce_4001,精源石 6年 2次 C,スピリットに装着する源石。6年生用 ランク 2、グレード C。<br>(パワーゲージ最大値 +1),装備アイテム強化,11,0,5,0
74388,reinforce_4001,精源石 6年 2次 C+,スピリットに装着する源石。6年生用 ランク 2、グレード C+。<br>(パワーゲージ最大値 +1),装備アイテム強化,11,0,5,0
74389,reinforce_4001,精源石 6年 2次 B-,スピリットに装着する源石。6年生用 ランク 2、グレード B-。<br>(パワーゲージ最大値 +1),装備アイテム強化,11,0,5,0
74390,reinforce_4001,精源石 6年 2次 B,スピリットに装着する源石。6年生用 ランク 2、グレード B。<br>(パワーゲージ最大値 +1),装備アイテム強化,11,0,5,0
74391,reinforce_4001,精源石 6年 2次 B+,スピリットに装着する源石。6年生用 ランク 2、グレード B+。<br>(パワーゲージ最大値 +1),装備アイテム強化,11,0,5,0
74392,reinforce_4001,精源石 6年 2次 A-,スピリットに装着する源石。6年生用 ランク 2、グレード A-。<br>(パワーゲージ最大値 +1),装備アイテム強化,11,0,5,0
74393,reinforce_4001,精源石 6年 2次 A,スピリットに装着する源石。6年生用 ランク 2、グレード A。<br>(パワーゲージ最大値 +1),装備アイテム強化,11,0,5,0
74394,reinforce_4001,精源石 6年 2次 A+,スピリットに装着する源石。6年生用 ランク 2、グレード A+。<br>(パワーゲージ最大値 +1),装備アイテム強化,11,0,5,0
74395,reinforce_4001,精源石 6年 2次 S,スピリットに装着する源石。6年生用 ランク 2、グレード S。<br>(パワーゲージ最大値 +1),装備アイテム強化,11,0,5,0
74396,reinforce_4001,精源石 6年 2次 SS,スピリットに装着する源石。6年生用 ランク 2、グレード SS。<br>(パワーゲージ最大値 +1),装備アイテム強化,11,0,5,0
74397,reinforce_4001,精源石 6年 3次 C-,スピリットに装着する源石。6年生用 ランク 3、グレード C-。<br>(パワーゲージ最大値 +1),装備アイテム強化,11,0,5,0
74398,reinforce_4001,精源石 6年 3次 C,スピリットに装着する源石。6年生用 ランク 3、グレード C。<br>(パワーゲージ最大値 +1),装備アイテム強化,11,0,5,0
74399,reinforce_4001,精源石 6年 3次 C+,スピリットに装着する源石。6年生用 ランク 3、グレード C+。<br>(パワーゲージ最大値 +1),装備アイテム強化,11,0,5,0
74400,reinforce_4001,精源石 6年 3次 B-,スピリットに装着する源石。6年生用 ランク 3、グレード B-。<br>(パワーゲージ最大値 +1),装備アイテム強化,11,0,5,0
74401,reinforce_4001,精源石 6年 3次 B,スピリットに装着する源石。6年生用 ランク 3、グレード B。<br>(パワーゲージ最大値 +1),装備アイテム強化,11,0,5,0
74402,reinforce_4001,精源石 6年 3次 B+,スピリットに装着する源石。6年生用 ランク 3、グレード B+。<br>(パワーゲージ最大値 +1),装備アイテム強化,11,0,5,0
74403,reinforce_4001,精源石 6年 3次 A-,スピリットに装着する源石。6年生用 ランク 3、グレード A-。<br>(パワーゲージ最大値 +1),装備アイテム強化,11,0,5,0
74404,reinforce_4001,精源石 6年 3次 A,スピリットに装着する源石。6年生用 ランク 3、グレード A。<br>(パワーゲージ最大値 +1),装備アイテム強化,11,0,5,0
74405,reinforce_4001,精源石 6年 3次 A+,スピリットに装着する源石。6年生用 ランク 3、グレード A+。<br>(パワーゲージ最大値 +1),装備アイテム強化,11,0,5,0
74406,reinforce_4001,精源石 6年 3次 S,スピリットに装着する源石。6年生用 ランク 3、グレード S。<br>(パワーゲージ最大値 +1),装備アイテム強化,11,0,5,0
74407,reinforce_4001,精源石 6年 3次 SS,スピリットに装着する源石。6年生用 ランク 3、グレード SS。<br>(パワーゲージ最大値 +1),装備アイテム強化,11,0,5,0
74408,reinforce_4001,精源石 6年 4次 C-,スピリットに装着する源石。6年生用 ランク 4、グレード C-。<br>(パワーゲージ最大値 +1),装備アイテム強化,11,0,5,0
74409,reinforce_4001,精源石 6年 4次 C,スピリットに装着する源石。6年生用 ランク 4、グレード C。<br>(パワーゲージ最大値 +1),装備アイテム強化,11,0,5,0
74410,reinforce_4001,精源石 6年 4次 C+,スピリットに装着する源石。6年生用 ランク 4、グレード C+。<br>(パワーゲージ最大値 +1),装備アイテム強化,11,0,5,0
74411,reinforce_4001,精源石 6年 4次 B-,スピリットに装着する源石。6年生用 ランク 4、グレード B-。<br>(パワーゲージ最大値 +1),装備アイテム強化,11,0,5,0
74412,reinforce_4001,精源石 6年 4次 B,スピリットに装着する源石。6年生用 ランク 4、グレード B。<br>(パワーゲージ最大値 +1),装備アイテム強化,11,0,5,0
74413,reinforce_4001,精源石 6年 4次 B+,スピリットに装着する源石。6年生用 ランク 4、グレード B+。<br>(パワーゲージ最大値 +1),装備アイテム強化,11,0,5,0
74414,reinforce_4001,精源石 6年 4次 A-,スピリットに装着する源石。6年生用 ランク 4、グレード A-。<br>(パワーゲージ最大値 +1),装備アイテム強化,11,0,5,0
74415,reinforce_4001,精源石 6年 4次 A,スピリットに装着する源石。6年生用 ランク 4、グレード A。<br>(パワーゲージ最大値 +1),装備アイテム強化,11,0,5,0
74416,reinforce_4001,精源石 6年 4次 A+,スピリットに装着する源石。6年生用 ランク 4、グレード A+。<br>(パワーゲージ最大値 +1),装備アイテム強化,11,0,5,0
74417,reinforce_4001,精源石 6年 4次 S,スピリットに装着する源石。6年生用 ランク 4、グレード S。<br>(パワーゲージ最大値 +1),装備アイテム強化,11,0,5,0
74418,reinforce_4001,精源石 6年 4次 SS,スピリットに装着する源石。6年生用 ランク 4、グレード SS。<br>(パワーゲージ最大値 +1),装備アイテム強化,11,0,5,0
74419,reinforce_4001,精源石 6年 5次 C-,スピリットに装着する源石。6年生用 ランク 5、グレード C-。<br>(パワーゲージ最大値 +1),装備アイテム強化,11,0,5,0
74420,reinforce_4001,精源石 6年 5次 C,スピリットに装着する源石。6年生用 ランク 5、グレード C。<br>(パワーゲージ最大値 +1),装備アイテム強化,11,0,5,0
74421,reinforce_4001,精源石 6年 5次 C+,スピリットに装着する源石。6年生用 ランク 5、グレード C+。<br>(パワーゲージ最大値 +1),装備アイテム強化,11,0,5,0
74422,reinforce_4001,精源石 6年 5次 B-,スピリットに装着する源石。6年生用 ランク 5、グレード B-。<br>(パワーゲージ最大値 +1),装備アイテム強化,11,0,5,0
74423,reinforce_4001,精源石 6年 5次 B,スピリットに装着する源石。6年生用 ランク 5、グレード B。<br>(パワーゲージ最大値 +1),装備アイテム強化,11,0,5,0
74424,reinforce_4001,精源石 6年 5次 B+,スピリットに装着する源石。6年生用 ランク 5、グレード B+。<br>(パワーゲージ最大値 +1),装備アイテム強化,11,0,5,0
74425,reinforce_4001,精源石 6年 5次 A-,スピリットに装着する源石。6年生用 ランク 5、グレード A-。<br>(パワーゲージ最大値 +1),装備アイテム強化,11,0,5,0
74426,reinforce_4001,精源石 6年 5次 A,スピリットに装着する源石。6年生用 ランク 5、グレード A。<br>(パワーゲージ最大値 +1),装備アイテム強化,11,0,5,0
75100,reinforce_5001,胸衣源石 1年 1次 C-,上半身用の制服に装着する源石。1年生用 ランク 1、グレード C-,装備アイテム強化,7,0,5,0
75101,reinforce_5001,胸衣源石 1年 1次 C,上半身用の制服に装着する源石。1年生用 ランク 1、グレード C,装備アイテム強化,7,0,5,0
75102,reinforce_5001,胸衣源石 1年 1次 C+,上半身用の制服に装着する源石。1年生用 ランク 1、グレード C+,装備アイテム強化,7,0,5,0
75103,reinforce_5001,胸衣源石 1年 1次 B-,上半身用の制服に装着する源石。1年生用 ランク 1、グレード B-,装備アイテム強化,7,0,5,0
75104,reinforce_5001,胸衣源石 1年 1次 B,上半身用の制服に装着する源石。1年生用 ランク 1、グレード B,装備アイテム強化,7,0,5,0
75105,reinforce_5001,胸衣源石 1年 1次 B+,上半身用の制服に装着する源石。1年生用 ランク 1、グレード B+,装備アイテム強化,7,0,5,0
75106,reinforce_5001,胸衣源石 1年 1次 A-,上半身用の制服に装着する源石。1年生用 ランク 1、グレード A-,装備アイテム強化,7,0,5,0
75107,reinforce_5001,胸衣源石 1年 1次 A,上半身用の制服に装着する源石。1年生用 ランク 1、グレード A,装備アイテム強化,7,0,5,0
75108,reinforce_5001,胸衣源石 1年 1次 A+,上半身用の制服に装着する源石。1年生用 ランク 1、グレード A+,装備アイテム強化,7,0,5,0
75109,reinforce_5001,胸衣源石 1年 1次 S,上半身用の制服に装着する源石。1年生用 ランク 1、グレード S,装備アイテム強化,7,0,5,0
75110,reinforce_5001,胸衣源石 1年 1次 SS,上半身用の制服に装着する源石。1年生用 ランク 1、グレード SS,装備アイテム強化,7,0,5,0
75111,reinforce_5001,胸衣源石 1年 2次 C-,上半身用の制服に装着する源石。1年生用 ランク 2、グレード C-,装備アイテム強化,7,0,5,0
75112,reinforce_5001,胸衣源石 1年 2次 C,上半身用の制服に装着する源石。1年生用 ランク 2、グレード C,装備アイテム強化,7,0,5,0
75113,reinforce_5001,胸衣源石 1年 2次 C+,上半身用の制服に装着する源石。1年生用 ランク 2、グレード C+,装備アイテム強化,7,0,5,0
75114,reinforce_5001,胸衣源石 1年 2次 B-,上半身用の制服に装着する源石。1年生用 ランク 2、グレード B-,装備アイテム強化,7,0,5,0
75115,reinforce_5001,胸衣源石 1年 2次 B,上半身用の制服に装着する源石。1年生用 ランク 2、グレード B,装備アイテム強化,7,0,5,0
75116,reinforce_5001,胸衣源石 1年 2次 B+,上半身用の制服に装着する源石。1年生用 ランク 2、グレード B+,装備アイテム強化,7,0,5,0
75117,reinforce_5001,胸衣源石 1年 2次 A-,上半身用の制服に装着する源石。1年生用 ランク 2、グレード A-,装備アイテム強化,7,0,5,0
75118,reinforce_5001,胸衣源石 1年 2次 A,上半身用の制服に装着する源石。1年生用 ランク 2、グレード A,装備アイテム強化,7,0,5,0
75119,reinforce_5001,胸衣源石 1年 2次 A+,上半身用の制服に装着する源石。1年生用 ランク 2、グレード A+,装備アイテム強化,7,0,5,0
75120,reinforce_5001,胸衣源石 1年 2次 S,上半身用の制服に装着する源石。1年生用 ランク 2、グレード S,装備アイテム強化,7,0,5,0
75121,reinforce_5001,胸衣源石 1年 2次 SS,上半身用の制服に装着する源石。1年生用 ランク 2、グレード SS,装備アイテム強化,7,0,5,0
75122,reinforce_5001,胸衣源石 1年 3次 C-,上半身用の制服に装着する源石。1年生用 ランク 3、グレード C-,装備アイテム強化,7,0,5,0
75123,reinforce_5001,胸衣源石 1年 3次 C,上半身用の制服に装着する源石。1年生用 ランク 3、グレード C,装備アイテム強化,7,0,5,0
75124,reinforce_5001,胸衣源石 1年 3次 C+,上半身用の制服に装着する源石。1年生用 ランク 3、グレード C+,装備アイテム強化,7,0,5,0
75125,reinforce_5001,胸衣源石 1年 3次 B-,上半身用の制服に装着する源石。1年生用 ランク 3、グレード B-,装備アイテム強化,7,0,5,0
75126,reinforce_5001,胸衣源石 1年 3次 B,上半身用の制服に装着する源石。1年生用 ランク 3、グレード B,装備アイテム強化,7,0,5,0
75127,reinforce_5001,胸衣源石 1年 3次 B+,上半身用の制服に装着する源石。1年生用 ランク 3、グレード B+,装備アイテム強化,7,0,5,0
75128,reinforce_5001,胸衣源石 1年 3次 A-,上半身用の制服に装着する源石。1年生用 ランク 3、グレード A-,装備アイテム強化,7,0,5,0
75129,reinforce_5001,胸衣源石 1年 3次 A,上半身用の制服に装着する源石。1年生用 ランク 3、グレード A,装備アイテム強化,7,0,5,0
75130,reinforce_5001,胸衣源石 1年 3次 A+,上半身用の制服に装着する源石。1年生用 ランク 3、グレード A+,装備アイテム強化,7,0,5,0
75131,reinforce_5001,胸衣源石 1年 3次 S,上半身用の制服に装着する源石。1年生用 ランク 3、グレード S,装備アイテム強化,7,0,5,0
75132,reinforce_5001,胸衣源石 1年 3次 SS,上半身用の制服に装着する源石。1年生用 ランク 3、グレード SS,装備アイテム強化,7,0,5,0
75133,reinforce_5001,胸衣源石 1年 4次 C-,上半身用の制服に装着する源石。1年生用 ランク 4、グレード C-,装備アイテム強化,7,0,5,0
75134,reinforce_5001,胸衣源石 1年 4次 C,上半身用の制服に装着する源石。1年生用 ランク 4、グレード C,装備アイテム強化,7,0,5,0
75135,reinforce_5001,胸衣源石 1年 4次 C+,上半身用の制服に装着する源石。1年生用 ランク 4、グレード C+,装備アイテム強化,7,0,5,0
75136,reinforce_5001,胸衣源石 1年 4次 B-,上半身用の制服に装着する源石。1年生用 ランク 4、グレード B-,装備アイテム強化,7,0,5,0
75137,reinforce_5001,胸衣源石 1年 4次 B,上半身用の制服に装着する源石。1年生用 ランク 4、グレード B,装備アイテム強化,7,0,5,0
75138,reinforce_5001,胸衣源石 1年 4次 B+,上半身用の制服に装着する源石。1年生用 ランク 4、グレード B+,装備アイテム強化,7,0,5,0
75139,reinforce_5001,胸衣源石 1年 4次 A-,上半身用の制服に装着する源石。1年生用 ランク 4、グレード A-,装備アイテム強化,7,0,5,0
75140,reinforce_5001,胸衣源石 1年 4次 A,上半身用の制服に装着する源石。1年生用 ランク 4、グレード A,装備アイテム強化,7,0,5,0
75141,reinforce_5001,胸衣源石 1年 4次 A+,上半身用の制服に装着する源石。1年生用 ランク 4、グレード A+,装備アイテム強化,7,0,5,0
75142,reinforce_5001,胸衣源石 1年 4次 S,上半身用の制服に装着する源石。1年生用 ランク 4、グレード S,装備アイテム強化,7,0,5,0
75143,reinforce_5001,胸衣源石 1年 4次 SS,上半身用の制服に装着する源石。1年生用 ランク 4、グレード SS,装備アイテム強化,7,0,5,0
75144,reinforce_5001,胸衣源石 2年 1次 C-,上半身用の制服に装着する源石。2年生用 ランク 1、グレード C-,装備アイテム強化,8,0,5,0
75145,reinforce_5001,胸衣源石 2年 1次 C,上半身用の制服に装着する源石。2年生用 ランク 1、グレード C,装備アイテム強化,8,0,5,0
75146,reinforce_5001,胸衣源石 2年 1次 C+,上半身用の制服に装着する源石。2年生用 ランク 1、グレード C+,装備アイテム強化,8,0,5,0
75147,reinforce_5001,胸衣源石 2年 1次 B-,上半身用の制服に装着する源石。2年生用 ランク 1、グレード B-,装備アイテム強化,8,0,5,0
75148,reinforce_5001,胸衣源石 2年 1次 B,上半身用の制服に装着する源石。2年生用 ランク 1、グレード B,装備アイテム強化,8,0,5,0
75149,reinforce_5001,胸衣源石 2年 1次 B+,上半身用の制服に装着する源石。2年生用 ランク 1、グレード B+,装備アイテム強化,8,0,5,0
75150,reinforce_5001,胸衣源石 2年 1次 A-,上半身用の制服に装着する源石。2年生用 ランク 1、グレード A-,装備アイテム強化,8,0,5,0
75151,reinforce_5001,胸衣源石 2年 1次 A,上半身用の制服に装着する源石。2年生用 ランク 1、グレード A,装備アイテム強化,8,0,5,0
75152,reinforce_5001,胸衣源石 2年 1次 A+,上半身用の制服に装着する源石。2年生用 ランク 1、グレード A+,装備アイテム強化,8,0,5,0
75153,reinforce_5001,胸衣源石 2年 1次 S,上半身用の制服に装着する源石。2年生用 ランク 1、グレード S,装備アイテム強化,8,0,5,0
75154,reinforce_5001,胸衣源石 2年 1次 SS,上半身用の制服に装着する源石。2年生用 ランク 1、グレード SS,装備アイテム強化,8,0,5,0
75155,reinforce_5001,胸衣源石 2年 2次 C-,上半身用の制服に装着する源石。2年生用 ランク 2、グレード C-,装備アイテム強化,8,0,5,0
75156,reinforce_5001,胸衣源石 2年 2次 C,上半身用の制服に装着する源石。2年生用 ランク 2、グレード C,装備アイテム強化,8,0,5,0
75157,reinforce_5001,胸衣源石 2年 2次 C+,上半身用の制服に装着する源石。2年生用 ランク 2、グレード C+,装備アイテム強化,8,0,5,0
75158,reinforce_5001,胸衣源石 2年 2次 B-,上半身用の制服に装着する源石。2年生用 ランク 2、グレード B-,装備アイテム強化,8,0,5,0
75159,reinforce_5001,胸衣源石 2年 2次 B,上半身用の制服に装着する源石。2年生用 ランク 2、グレード B,装備アイテム強化,8,0,5,0
75160,reinforce_5001,胸衣源石 2年 2次 B+,上半身用の制服に装着する源石。2年生用 ランク 2、グレード B+,装備アイテム強化,8,0,5,0
75161,reinforce_5001,胸衣源石 2年 2次 A-,上半身用の制服に装着する源石。2年生用 ランク 2、グレード A-,装備アイテム強化,8,0,5,0
75162,reinforce_5001,胸衣源石 2年 2次 A,上半身用の制服に装着する源石。2年生用 ランク 2、グレード A,装備アイテム強化,8,0,5,0
75163,reinforce_5001,胸衣源石 2年 2次 A+,上半身用の制服に装着する源石。2年生用 ランク 2、グレード A+,装備アイテム強化,8,0,5,0
75164,reinforce_5001,胸衣源石 2年 2次 S,上半身用の制服に装着する源石。2年生用 ランク 2、グレード S,装備アイテム強化,8,0,5,0
75165,reinforce_5001,胸衣源石 2年 2次 SS,上半身用の制服に装着する源石。2年生用 ランク 2、グレード SS,装備アイテム強化,8,0,5,0
75166,reinforce_5001,胸衣源石 2年 3次 C-,上半身用の制服に装着する源石。2年生用 ランク 3、グレード C-,装備アイテム強化,8,0,5,0
75167,reinforce_5001,胸衣源石 2年 3次 C,上半身用の制服に装着する源石。2年生用 ランク 3、グレード C,装備アイテム強化,8,0,5,0
75168,reinforce_5001,胸衣源石 2年 3次 C+,上半身用の制服に装着する源石。2年生用 ランク 3、グレード C+,装備アイテム強化,8,0,5,0
75169,reinforce_5001,胸衣源石 2年 3次 B-,上半身用の制服に装着する源石。2年生用 ランク 3、グレード B-,装備アイテム強化,8,0,5,0
75170,reinforce_5001,胸衣源石 2年 3次 B,上半身用の制服に装着する源石。2年生用 ランク 3、グレード B,装備アイテム強化,8,0,5,0
75171,reinforce_5001,胸衣源石 2年 3次 B+,上半身用の制服に装着する源石。2年生用 ランク 3、グレード B+,装備アイテム強化,8,0,5,0
75172,reinforce_5001,胸衣源石 2年 3次 A-,上半身用の制服に装着する源石。2年生用 ランク 3、グレード A-,装備アイテム強化,8,0,5,0
75173,reinforce_5001,胸衣源石 2年 3次 A,上半身用の制服に装着する源石。2年生用 ランク 3、グレード A,装備アイテム強化,8,0,5,0
75174,reinforce_5001,胸衣源石 2年 3次 A+,上半身用の制服に装着する源石。2年生用 ランク 3、グレード A+,装備アイテム強化,8,0,5,0
75175,reinforce_5001,胸衣源石 2年 3次 S,上半身用の制服に装着する源石。2年生用 ランク 3、グレード S,装備アイテム強化,8,0,5,0
75176,reinforce_5001,胸衣源石 2年 3次 SS,上半身用の制服に装着する源石。2年生用 ランク 3、グレード SS,装備アイテム強化,8,0,5,0
75177,reinforce_5001,胸衣源石 2年 4次 C-,上半身用の制服に装着する源石。2年生用 ランク 4、グレード C-,装備アイテム強化,8,0,5,0
75178,reinforce_5001,胸衣源石 2年 4次 C,上半身用の制服に装着する源石。2年生用 ランク 4、グレード C,装備アイテム強化,8,0,5,0
75179,reinforce_5001,胸衣源石 2年 4次 C+,上半身用の制服に装着する源石。2年生用 ランク 4、グレード C+,装備アイテム強化,8,0,5,0
75180,reinforce_5001,胸衣源石 2年 4次 B-,上半身用の制服に装着する源石。2年生用 ランク 4、グレード B-,装備アイテム強化,8,0,5,0
75181,reinforce_5001,胸衣源石 2年 4次 B,上半身用の制服に装着する源石。2年生用 ランク 4、グレード B,装備アイテム強化,8,0,5,0
75182,reinforce_5001,胸衣源石 2年 4次 B+,上半身用の制服に装着する源石。2年生用 ランク 4、グレード B+,装備アイテム強化,8,0,5,0
75183,reinforce_5001,胸衣源石 2年 4次 A-,上半身用の制服に装着する源石。2年生用 ランク 4、グレード A-,装備アイテム強化,8,0,5,0
75184,reinforce_5001,胸衣源石 2年 4次 A,上半身用の制服に装着する源石。2年生用 ランク 4、グレード A,装備アイテム強化,8,0,5,0
75185,reinforce_5001,胸衣源石 2年 4次 A+,上半身用の制服に装着する源石。2年生用 ランク 4、グレード A+,装備アイテム強化,8,0,5,0
75186,reinforce_5001,胸衣源石 2年 4次 S,上半身用の制服に装着する源石。2年生用 ランク 4、グレード S,装備アイテム強化,8,0,5,0
75187,reinforce_5001,胸衣源石 2年 4次 SS,上半身用の制服に装着する源石。2年生用 ランク 4、グレード SS,装備アイテム強化,8,0,5,0
75188,reinforce_5001,胸衣源石 3年 1次 C-,上半身用の制服に装着する源石。3年生用 ランク 1、グレード C-,装備アイテム強化,9,0,5,0
75189,reinforce_5001,胸衣源石 3年 1次 C,上半身用の制服に装着する源石。3年生用 ランク 1、グレード C,装備アイテム強化,9,0,5,0
75190,reinforce_5001,胸衣源石 3年 1次 C+,上半身用の制服に装着する源石。3年生用 ランク 1、グレード C+,装備アイテム強化,9,0,5,0
75191,reinforce_5001,胸衣源石 3年 1次 B-,上半身用の制服に装着する源石。3年生用 ランク 1、グレード B-,装備アイテム強化,9,0,5,0
75192,reinforce_5001,胸衣源石 3年 1次 B,上半身用の制服に装着する源石。3年生用 ランク 1、グレード B,装備アイテム強化,9,0,5,0
75193,reinforce_5001,胸衣源石 3年 1次 B+,上半身用の制服に装着する源石。3年生用 ランク 1、グレード B+,装備アイテム強化,9,0,5,0
75194,reinforce_5001,胸衣源石 3年 1次 A-,上半身用の制服に装着する源石。3年生用 ランク 1、グレード A-,装備アイテム強化,9,0,5,0
75195,reinforce_5001,胸衣源石 3年 1次 A,上半身用の制服に装着する源石。3年生用 ランク 1、グレード A,装備アイテム強化,9,0,5,0
75196,reinforce_5001,胸衣源石 3年 1次 A+,上半身用の制服に装着する源石。3年生用 ランク 1、グレード A+,装備アイテム強化,9,0,5,0
75197,reinforce_5001,胸衣源石 3年 1次 S,上半身用の制服に装着する源石。3年生用 ランク 1、グレード S,装備アイテム強化,9,0,5,0
75198,reinforce_5001,胸衣源石 3年 1次 SS,上半身用の制服に装着する源石。3年生用 ランク 1、グレード SS,装備アイテム強化,9,0,5,0
75199,reinforce_5001,胸衣源石 3年 2次 C-,上半身用の制服に装着する源石。3年生用 ランク 2、グレード C-,装備アイテム強化,9,0,5,0
75200,reinforce_5001,胸衣源石 3年 2次 C,上半身用の制服に装着する源石。3年生用 ランク 2、グレード C,装備アイテム強化,9,0,5,0
75201,reinforce_5001,胸衣源石 3年 2次 C+,上半身用の制服に装着する源石。3年生用 ランク 2、グレード C+,装備アイテム強化,9,0,5,0
75202,reinforce_5001,胸衣源石 3年 2次 B-,上半身用の制服に装着する源石。3年生用 ランク 2、グレード B-,装備アイテム強化,9,0,5,0
75203,reinforce_5001,胸衣源石 3年 2次 B,上半身用の制服に装着する源石。3年生用 ランク 2、グレード B,装備アイテム強化,9,0,5,0
75204,reinforce_5001,胸衣源石 3年 2次 B+,上半身用の制服に装着する源石。3年生用 ランク 2、グレード B+,装備アイテム強化,9,0,5,0
75205,reinforce_5001,胸衣源石 3年 2次 A-,上半身用の制服に装着する源石。3年生用 ランク 2、グレード A-,装備アイテム強化,9,0,5,0
75206,reinforce_5001,胸衣源石 3年 2次 A,上半身用の制服に装着する源石。3年生用 ランク 2、グレード A,装備アイテム強化,9,0,5,0
75207,reinforce_5001,胸衣源石 3年 2次 A+,上半身用の制服に装着する源石。3年生用 ランク 2、グレード A+,装備アイテム強化,9,0,5,0
75208,reinforce_5001,胸衣源石 3年 2次 S,上半身用の制服に装着する源石。3年生用 ランク 2、グレード S,装備アイテム強化,9,0,5,0
75209,reinforce_5001,胸衣源石 3年 2次 SS,上半身用の制服に装着する源石。3年生用 ランク 2、グレード SS,装備アイテム強化,9,0,5,0
75210,reinforce_5001,胸衣源石 3年 3次 C-,上半身用の制服に装着する源石。3年生用 ランク 3、グレード C-,装備アイテム強化,9,0,5,0
75211,reinforce_5001,胸衣源石 3年 3次 C,上半身用の制服に装着する源石。3年生用 ランク 3、グレード C,装備アイテム強化,9,0,5,0
75212,reinforce_5001,胸衣源石 3年 3次 C+,上半身用の制服に装着する源石。3年生用 ランク 3、グレード C+,装備アイテム強化,9,0,5,0
75213,reinforce_5001,胸衣源石 3年 3次 B-,上半身用の制服に装着する源石。3年生用 ランク 3、グレード B-,装備アイテム強化,9,0,5,0
75214,reinforce_5001,胸衣源石 3年 3次 B,上半身用の制服に装着する源石。3年生用 ランク 3、グレード B,装備アイテム強化,9,0,5,0
75215,reinforce_5001,胸衣源石 3年 3次 B+,上半身用の制服に装着する源石。3年生用 ランク 3、グレード B+,装備アイテム強化,9,0,5,0
75216,reinforce_5001,胸衣源石 3年 3次 A-,上半身用の制服に装着する源石。3年生用 ランク 3、グレード A-,装備アイテム強化,9,0,5,0
75217,reinforce_5001,胸衣源石 3年 3次 A,上半身用の制服に装着する源石。3年生用 ランク 3、グレード A,装備アイテム強化,9,0,5,0
75218,reinforce_5001,胸衣源石 3年 3次 A+,上半身用の制服に装着する源石。3年生用 ランク 3、グレード A+,装備アイテム強化,9,0,5,0
75219,reinforce_5001,胸衣源石 3年 3次 S,上半身用の制服に装着する源石。3年生用 ランク 3、グレード S,装備アイテム強化,9,0,5,0
75220,reinforce_5001,胸衣源石 3年 3次 SS,上半身用の制服に装着する源石。3年生用 ランク 3、グレード SS,装備アイテム強化,9,0,5,0
75221,reinforce_5001,胸衣源石 3年 4次 C-,上半身用の制服に装着する源石。3年生用 ランク 4、グレード C-,装備アイテム強化,9,0,5,0
75222,reinforce_5001,胸衣源石 3年 4次 C,上半身用の制服に装着する源石。3年生用 ランク 4、グレード C,装備アイテム強化,9,0,5,0
75223,reinforce_5001,胸衣源石 3年 4次 C+,上半身用の制服に装着する源石。3年生用 ランク 4、グレード C+,装備アイテム強化,9,0,5,0
75224,reinforce_5001,胸衣源石 3年 4次 B-,上半身用の制服に装着する源石。3年生用 ランク 4、グレード B-,装備アイテム強化,9,0,5,0
75225,reinforce_5001,胸衣源石 3年 4次 B,上半身用の制服に装着する源石。3年生用 ランク 4、グレード B,装備アイテム強化,9,0,5,0
75226,reinforce_5001,胸衣源石 3年 4次 B+,上半身用の制服に装着する源石。3年生用 ランク 4、グレード B+,装備アイテム強化,9,0,5,0
75227,reinforce_5001,胸衣源石 3年 4次 A-,上半身用の制服に装着する源石。3年生用 ランク 4、グレード A-,装備アイテム強化,9,0,5,0
75228,reinforce_5001,胸衣源石 3年 4次 A,上半身用の制服に装着する源石。3年生用 ランク 4、グレード A,装備アイテム強化,9,0,5,0
75229,reinforce_5001,胸衣源石 3年 4次 A+,上半身用の制服に装着する源石。3年生用 ランク 4、グレード A+,装備アイテム強化,9,0,5,0
75230,reinforce_5001,胸衣源石 3年 4次 S,上半身用の制服に装着する源石。3年生用 ランク 4、グレード S,装備アイテム強化,9,0,5,0
75231,reinforce_5001,胸衣源石 3年 4次 SS,上半身用の制服に装着する源石。3年生用 ランク 4、グレード SS,装備アイテム強化,9,0,5,0
75232,reinforce_5001,胸衣源石 4年 1次 C-,上半身用の制服に装着する源石。4年生用 ランク 1、グレード C-,装備アイテム強化,10,0,5,0
75233,reinforce_5001,胸衣源石 4年 1次 C,上半身用の制服に装着する源石。4年生用 ランク 1、グレード C,装備アイテム強化,10,0,5,0
75234,reinforce_5001,胸衣源石 4年 1次 C+,上半身用の制服に装着する源石。4年生用 ランク 1、グレード C+,装備アイテム強化,10,0,5,0
75235,reinforce_5001,胸衣源石 4年 1次 B-,上半身用の制服に装着する源石。4年生用 ランク 1、グレード B-,装備アイテム強化,10,0,5,0
75236,reinforce_5001,胸衣源石 4年 1次 B,上半身用の制服に装着する源石。4年生用 ランク 1、グレード B,装備アイテム強化,10,0,5,0
75237,reinforce_5001,胸衣源石 4年 1次 B+,上半身用の制服に装着する源石。4年生用 ランク 1、グレード B+,装備アイテム強化,10,0,5,0
75238,reinforce_5001,胸衣源石 4年 1次 A-,上半身用の制服に装着する源石。4年生用 ランク 1、グレード A-,装備アイテム強化,10,0,5,0
75239,reinforce_5001,胸衣源石 4年 1次 A,上半身用の制服に装着する源石。4年生用 ランク 1、グレード A,装備アイテム強化,10,0,5,0
75240,reinforce_5001,胸衣源石 4年 1次 A+,上半身用の制服に装着する源石。4年生用 ランク 1、グレード A+,装備アイテム強化,10,0,5,0
75241,reinforce_5001,胸衣源石 4年 1次 S,上半身用の制服に装着する源石。4年生用 ランク 1、グレード S,装備アイテム強化,10,0,5,0
75242,reinforce_5001,胸衣源石 4年 1次 SS,上半身用の制服に装着する源石。4年生用 ランク 1、グレード SS,装備アイテム強化,10,0,5,0
75243,reinforce_5001,胸衣源石 4年 2次 C-,上半身用の制服に装着する源石。4年生用 ランク 2、グレード C-,装備アイテム強化,10,0,5,0
75244,reinforce_5001,胸衣源石 4年 2次 C,上半身用の制服に装着する源石。4年生用 ランク 2、グレード C,装備アイテム強化,10,0,5,0
75245,reinforce_5001,胸衣源石 4年 2次 C+,上半身用の制服に装着する源石。4年生用 ランク 2、グレード C+,装備アイテム強化,10,0,5,0
75246,reinforce_5001,胸衣源石 4年 2次 B-,上半身用の制服に装着する源石。4年生用 ランク 2、グレード B-,装備アイテム強化,10,0,5,0
75247,reinforce_5001,胸衣源石 4年 2次 B,上半身用の制服に装着する源石。4年生用 ランク 2、グレード B,装備アイテム強化,10,0,5,0
75248,reinforce_5001,胸衣源石 4年 2次 B+,上半身用の制服に装着する源石。4年生用 ランク 2、グレード B+,装備アイテム強化,10,0,5,0
75249,reinforce_5001,胸衣源石 4年 2次 A-,上半身用の制服に装着する源石。4年生用 ランク 2、グレード A-,装備アイテム強化,10,0,5,0
75250,reinforce_5001,胸衣源石 4年 2次 A,上半身用の制服に装着する源石。4年生用 ランク 2、グレード A,装備アイテム強化,10,0,5,0
75251,reinforce_5001,胸衣源石 4年 2次 A+,上半身用の制服に装着する源石。4年生用 ランク 2、グレード A+,装備アイテム強化,10,0,5,0
75252,reinforce_5001,胸衣源石 4年 2次 S,上半身用の制服に装着する源石。4年生用 ランク 2、グレード S,装備アイテム強化,10,0,5,0
75253,reinforce_5001,胸衣源石 4年 2次 SS,上半身用の制服に装着する源石。4年生用 ランク 2、グレード SS,装備アイテム強化,10,0,5,0
75254,reinforce_5001,胸衣源石 4年 3次 C-,上半身用の制服に装着する源石。4年生用 ランク 3、グレード C-,装備アイテム強化,10,0,5,0
75255,reinforce_5001,胸衣源石 4年 3次 C,上半身用の制服に装着する源石。4年生用 ランク 3、グレード C,装備アイテム強化,10,0,5,0
75256,reinforce_5001,胸衣源石 4年 3次 C+,上半身用の制服に装着する源石。4年生用 ランク 3、グレード C+,装備アイテム強化,10,0,5,0
75257,reinforce_5001,胸衣源石 4年 3次 B-,上半身用の制服に装着する源石。4年生用 ランク 3、グレード B-,装備アイテム強化,10,0,5,0
75259,reinforce_5001,胸衣源石 4年 3次 B+,上半身用の制服に装着する源石。4年生用 ランク 3、グレード B+,装備アイテム強化,10,0,5,0
75260,reinforce_5001,胸衣源石 4年 3次 A-,上半身用の制服に装着する源石。4年生用 ランク 3、グレード A-,装備アイテム強化,10,0,5,0
75261,reinforce_5001,胸衣源石 4年 3次 A,上半身用の制服に装着する源石。4年生用 ランク 3、グレード A,装備アイテム強化,10,0,5,0
75262,reinforce_5001,胸衣源石 4年 3次 A+,上半身用の制服に装着する源石。4年生用 ランク 3、グレード A+,装備アイテム強化,10,0,5,0
75263,reinforce_5001,胸衣源石 4年 3次 S,上半身用の制服に装着する源石。4年生用 ランク 3、グレード S,装備アイテム強化,10,0,5,0
75264,reinforce_5001,胸衣源石 4年 3次 SS,上半身用の制服に装着する源石。4年生用 ランク 3、グレード SS,装備アイテム強化,10,0,5,0
75265,reinforce_5001,胸衣源石 4年 4次 C-,上半身用の制服に装着する源石。4年生用 ランク 4、グレード C-,装備アイテム強化,10,0,5,0
75266,reinforce_5001,胸衣源石 4年 4次 C,上半身用の制服に装着する源石。4年生用 ランク 4、グレード C,装備アイテム強化,10,0,5,0
75267,reinforce_5001,胸衣源石 4年 4次 C+,上半身用の制服に装着する源石。4年生用 ランク 4、グレード C+,装備アイテム強化,10,0,5,0
75268,reinforce_5001,胸衣源石 4年 4次 B-,上半身用の制服に装着する源石。4年生用 ランク 4、グレード B-,装備アイテム強化,10,0,5,0
75269,reinforce_5001,胸衣源石 4年 4次 B,上半身用の制服に装着する源石。4年生用 ランク 4、グレード B,装備アイテム強化,10,0,5,0
75270,reinforce_5001,胸衣源石 4年 4次 B+,上半身用の制服に装着する源石。4年生用 ランク 4、グレード B+,装備アイテム強化,10,0,5,0
75271,reinforce_5001,胸衣源石 4年 4次 A-,上半身用の制服に装着する源石。4年生用 ランク 4、グレード A-,装備アイテム強化,10,0,5,0
75272,reinforce_5001,胸衣源石 4年 4次 A,上半身用の制服に装着する源石。4年生用 ランク 4、グレード A,装備アイテム強化,10,0,5,0
75273,reinforce_5001,胸衣源石 4年 4次 A+,上半身用の制服に装着する源石。4年生用 ランク 4、グレード A+,装備アイテム強化,10,0,5,0
75274,reinforce_5001,胸衣源石 4年 4次 S,上半身用の制服に装着する源石。4年生用 ランク 4、グレード S,装備アイテム強化,10,0,5,0
75275,reinforce_5001,胸衣源石 4年 4次 SS,上半身用の制服に装着する源石。4年生用 ランク 4、グレード SS,装備アイテム強化,10,0,5,0
75276,reinforce_5001,胸衣源石 4年 5次 C-,上半身用の制服に装着する源石。4年生用 ランク 5、グレード C-,装備アイテム強化,10,0,5,0
75277,reinforce_5001,胸衣源石 4年 5次 C,上半身用の制服に装着する源石。4年生用 ランク 5、グレード C,装備アイテム強化,10,0,5,0
75278,reinforce_5001,胸衣源石 4年 5次 C+,上半身用の制服に装着する源石。4年生用 ランク 5、グレード C+,装備アイテム強化,10,0,5,0
75279,reinforce_5001,胸衣源石 4年 5次 B-,上半身用の制服に装着する源石。4年生用 ランク 5、グレード B-,装備アイテム強化,10,0,5,0
75280,reinforce_5001,胸衣源石 4年 5次 B,上半身用の制服に装着する源石。4年生用 ランク 5、グレード B,装備アイテム強化,10,0,5,0
75281,reinforce_5001,胸衣源石 4年 5次 B+,上半身用の制服に装着する源石。4年生用 ランク 5、グレード B+,装備アイテム強化,10,0,5,0
75282,reinforce_5001,胸衣源石 4年 5次 A-,上半身用の制服に装着する源石。4年生用 ランク 5、グレード A-,装備アイテム強化,10,0,5,0
75283,reinforce_5001,胸衣源石 4年 5次 A,上半身用の制服に装着する源石。4年生用 ランク 5、グレード A,装備アイテム強化,10,0,5,0
75284,reinforce_5001,胸衣源石 4年 5次 A+,上半身用の制服に装着する源石。4年生用 ランク 5、グレード A+,装備アイテム強化,10,0,5,0
75285,reinforce_5001,胸衣源石 4年 5次 S,上半身用の制服に装着する源石。4年生用 ランク 5、グレード S,装備アイテム強化,10,0,5,0
75286,reinforce_5001,胸衣源石 4年 5次 SS,上半身用の制服に装着する源石。4年生用 ランク 5、グレード SS,装備アイテム強化,10,0,5,0
75287,reinforce_5001,胸衣源石 5年 1次 C-,上半身用の制服に装着する源石。5年生用 ランク 1、グレード C-,装備アイテム強化,11,0,5,0
75288,reinforce_5001,胸衣源石 5年 1次 C,上半身用の制服に装着する源石。5年生用 ランク 1、グレード C,装備アイテム強化,11,0,5,0
75289,reinforce_5001,胸衣源石 5年 1次 C+,上半身用の制服に装着する源石。5年生用 ランク 1、グレード C+,装備アイテム強化,11,0,5,0
75290,reinforce_5001,胸衣源石 5年 1次 B-,上半身用の制服に装着する源石。5年生用 ランク 1、グレード B-,装備アイテム強化,11,0,5,0
75291,reinforce_5001,胸衣源石 5年 1次 B,上半身用の制服に装着する源石。5年生用 ランク 1、グレード B,装備アイテム強化,11,0,5,0
75292,reinforce_5001,胸衣源石 5年 1次 B+,上半身用の制服に装着する源石。5年生用 ランク 1、グレード B+,装備アイテム強化,11,0,5,0
75293,reinforce_5001,胸衣源石 5年 1次 A-,上半身用の制服に装着する源石。5年生用 ランク 1、グレード A-,装備アイテム強化,11,0,5,0
75294,reinforce_5001,胸衣源石 5年 1次 A,上半身用の制服に装着する源石。5年生用 ランク 1、グレード A,装備アイテム強化,11,0,5,0
75295,reinforce_5001,胸衣源石 5年 1次 A+,上半身用の制服に装着する源石。5年生用 ランク 1、グレード A+,装備アイテム強化,11,0,5,0
75296,reinforce_5001,胸衣源石 5年 1次 S,上半身用の制服に装着する源石。5年生用 ランク 1、グレード S,装備アイテム強化,11,0,5,0
75297,reinforce_5001,胸衣源石 5年 1次 SS,上半身用の制服に装着する源石。5年生用 ランク 1、グレード SS,装備アイテム強化,11,0,5,0
75298,reinforce_5001,胸衣源石 5年 2次 C-,上半身用の制服に装着する源石。5年生用 ランク 2、グレード C-,装備アイテム強化,11,0,5,0
75299,reinforce_5001,胸衣源石 5年 2次 C,上半身用の制服に装着する源石。5年生用 ランク 2、グレード C,装備アイテム強化,11,0,5,0
75300,reinforce_5001,胸衣源石 5年 2次 C+,上半身用の制服に装着する源石。5年生用 ランク 2、グレード C+,装備アイテム強化,11,0,5,0
75301,reinforce_5001,胸衣源石 5年 2次 B-,上半身用の制服に装着する源石。5年生用 ランク 2、グレード B-,装備アイテム強化,11,0,5,0
75302,reinforce_5001,胸衣源石 5年 2次 B,上半身用の制服に装着する源石。5年生用 ランク 2、グレード B,装備アイテム強化,11,0,5,0
75303,reinforce_5001,胸衣源石 5年 2次 B+,上半身用の制服に装着する源石。5年生用 ランク 2、グレード B+,装備アイテム強化,11,0,5,0
75304,reinforce_5001,胸衣源石 5年 2次 A-,上半身用の制服に装着する源石。5年生用 ランク 2、グレード A-,装備アイテム強化,11,0,5,0
75305,reinforce_5001,胸衣源石 5年 2次 A,上半身用の制服に装着する源石。5年生用 ランク 2、グレード A,装備アイテム強化,11,0,5,0
75306,reinforce_5001,胸衣源石 5年 2次 A+,上半身用の制服に装着する源石。5年生用 ランク 2、グレード A+,装備アイテム強化,11,0,5,0
75307,reinforce_5001,胸衣源石 5年 2次 S,上半身用の制服に装着する源石。5年生用 ランク 2、グレード S,装備アイテム強化,11,0,5,0
75308,reinforce_5001,胸衣源石 5年 2次 SS,上半身用の制服に装着する源石。5年生用 ランク 2、グレード SS,装備アイテム強化,11,0,5,0
75309,reinforce_5001,胸衣源石 5年 3次 C-,上半身用の制服に装着する源石。5年生用 ランク 3、グレード C-,装備アイテム強化,11,0,5,0
75310,reinforce_5001,胸衣源石 5年 3次 C,上半身用の制服に装着する源石。5年生用 ランク 3、グレード C,装備アイテム強化,11,0,5,0
75311,reinforce_5001,胸衣源石 5年 3次 C+,上半身用の制服に装着する源石。5年生用 ランク 3、グレード C+,装備アイテム強化,11,0,5,0
75312,reinforce_5001,胸衣源石 5年 3次 B-,上半身用の制服に装着する源石。5年生用 ランク 3、グレード B-,装備アイテム強化,11,0,5,0
75313,reinforce_5001,胸衣源石 5年 3次 B,上半身用の制服に装着する源石。5年生用 ランク 3、グレード B,装備アイテム強化,11,0,5,0
75314,reinforce_5001,胸衣源石 5年 3次 B+,上半身用の制服に装着する源石。5年生用 ランク 3、グレード B+,装備アイテム強化,11,0,5,0
75315,reinforce_5001,胸衣源石 5年 3次 A-,上半身用の制服に装着する源石。5年生用 ランク 3、グレード A-,装備アイテム強化,11,0,5,0
75316,reinforce_5001,胸衣源石 5年 3次 A,上半身用の制服に装着する源石。5年生用 ランク 3、グレード A,装備アイテム強化,11,0,5,0
75317,reinforce_5001,胸衣源石 5年 3次 A+,上半身用の制服に装着する源石。5年生用 ランク 3、グレード A+,装備アイテム強化,11,0,5,0
75318,reinforce_5001,胸衣源石 5年 3次 S,上半身用の制服に装着する源石。5年生用 ランク 3、グレード S,装備アイテム強化,11,0,5,0
75319,reinforce_5001,胸衣源石 5年 3次 SS,上半身用の制服に装着する源石。5年生用 ランク 3、グレード SS,装備アイテム強化,11,0,5,0
75320,reinforce_5001,胸衣源石 5年 4次 C-,上半身用の制服に装着する源石。5年生用 ランク 4、グレード C-,装備アイテム強化,11,0,5,0
75321,reinforce_5001,胸衣源石 5年 4次 C,上半身用の制服に装着する源石。5年生用 ランク 4、グレード C,装備アイテム強化,11,0,5,0
75322,reinforce_5001,胸衣源石 5年 4次 C+,上半身用の制服に装着する源石。5年生用 ランク 4、グレード C+,装備アイテム強化,11,0,5,0
75323,reinforce_5001,胸衣源石 5年 4次 B-,上半身用の制服に装着する源石。5年生用 ランク 4、グレード B-,装備アイテム強化,11,0,5,0
75324,reinforce_5001,胸衣源石 5年 4次 B,上半身用の制服に装着する源石。5年生用 ランク 4、グレード B,装備アイテム強化,11,0,5,0
75325,reinforce_5001,胸衣源石 5年 4次 B+,上半身用の制服に装着する源石。5年生用 ランク 4、グレード B+,装備アイテム強化,11,0,5,0
75326,reinforce_5001,胸衣源石 5年 4次 A-,上半身用の制服に装着する源石。5年生用 ランク 4、グレード A-,装備アイテム強化,11,0,5,0
75327,reinforce_5001,胸衣源石 5年 4次 A,上半身用の制服に装着する源石。5年生用 ランク 4、グレード A,装備アイテム強化,11,0,5,0
75328,reinforce_5001,胸衣源石 5年 4次 A+,上半身用の制服に装着する源石。5年生用 ランク 4、グレード A+,装備アイテム強化,11,0,5,0
75329,reinforce_5001,胸衣源石 5年 4次 S,上半身用の制服に装着する源石。5年生用 ランク 4、グレード S,装備アイテム強化,11,0,5,0
75330,reinforce_5001,胸衣源石 5年 4次 SS,上半身用の制服に装着する源石。5年生用 ランク 4、グレード SS,装備アイテム強化,11,0,5,0
75331,reinforce_5001,胸衣源石 5年 5次 C-,上半身用の制服に装着する源石。5年生用 ランク 5、グレード C-,装備アイテム強化,11,0,5,0
75332,reinforce_5001,胸衣源石 5年 5次 C,上半身用の制服に装着する源石。5年生用 ランク 5、グレード C,装備アイテム強化,11,0,5,0
75333,reinforce_5001,胸衣源石 5年 5次 C+,上半身用の制服に装着する源石。5年生用 ランク 5、グレード C+,装備アイテム強化,11,0,5,0
75334,reinforce_5001,胸衣源石 5年 5次 B-,上半身用の制服に装着する源石。5年生用 ランク 5、グレード B-,装備アイテム強化,11,0,5,0
75335,reinforce_5001,胸衣源石 5年 5次 B,上半身用の制服に装着する源石。5年生用 ランク 5、グレード B,装備アイテム強化,11,0,5,0
75336,reinforce_5001,胸衣源石 5年 5次 B+,上半身用の制服に装着する源石。5年生用 ランク 5、グレード B+,装備アイテム強化,11,0,5,0
75337,reinforce_5001,胸衣源石 5年 5次 A-,上半身用の制服に装着する源石。5年生用 ランク 5、グレード A-,装備アイテム強化,11,0,5,0
75338,reinforce_5001,胸衣源石 5年 5次 A,上半身用の制服に装着する源石。5年生用 ランク 5、グレード A,装備アイテム強化,11,0,5,0
75339,reinforce_5001,胸衣源石 5年 5次 A+,上半身用の制服に装着する源石。5年生用 ランク 5、グレード A+,装備アイテム強化,11,0,5,0
75340,reinforce_5001,胸衣源石 5年 5次 S,上半身用の制服に装着する源石。5年生用 ランク 5、グレード S,装備アイテム強化,11,0,5,0
75341,reinforce_5001,胸衣源石 5年 5次 SS,上半身用の制服に装着する源石。5年生用 ランク 5、グレード SS,装備アイテム強化,11,0,5,0
75342,reinforce_5001,胸衣源石 5年 6次 C-,上半身用の制服に装着する源石。5年生用 ランク 6、グレード C-,装備アイテム強化,11,0,5,0
75343,reinforce_5001,胸衣源石 5年 6次 C,上半身用の制服に装着する源石。5年生用 ランク 6、グレード C,装備アイテム強化,11,0,5,0
75344,reinforce_5001,胸衣源石 5年 6次 C+,上半身用の制服に装着する源石。5年生用 ランク 6、グレード C+,装備アイテム強化,11,0,5,0
75345,reinforce_5001,胸衣源石 5年 6次 B-,上半身用の制服に装着する源石。5年生用 ランク 6、グレード B-,装備アイテム強化,11,0,5,0
75346,reinforce_5001,胸衣源石 5年 6次 B,上半身用の制服に装着する源石。5年生用 ランク 6、グレード B,装備アイテム強化,11,0,5,0
75347,reinforce_5001,胸衣源石 5年 6次 B+,上半身用の制服に装着する源石。5年生用 ランク 6、グレード B+,装備アイテム強化,11,0,5,0
75348,reinforce_5001,胸衣源石 5年 6次 A-,上半身用の制服に装着する源石。5年生用 ランク 6、グレード A-,装備アイテム強化,11,0,5,0
75349,reinforce_5001,胸衣源石 5年 6次 A,上半身用の制服に装着する源石。5年生用 ランク 6、グレード A,装備アイテム強化,11,0,5,0
75350,reinforce_5001,胸衣源石 5年 6次 A+,上半身用の制服に装着する源石。5年生用 ランク 6、グレード A+,装備アイテム強化,11,0,5,0
75351,reinforce_5001,胸衣源石 5年 6次 S,上半身用の制服に装着する源石。5年生用 ランク 6、グレード S,装備アイテム強化,11,0,5,0
75352,reinforce_5001,胸衣源石 5年 6次 SS,上半身用の制服に装着する源石。5年生用 ランク 6、グレード SS,装備アイテム強化,11,0,5,0
75353,reinforce_5001,胸衣源石 5年 7次 C-,上半身用の制服に装着する源石。5年生用 ランク 7、グレード C-,装備アイテム強化,11,0,5,0
75354,reinforce_5001,胸衣源石 5年 7次 C,上半身用の制服に装着する源石。5年生用 ランク 7、グレード C,装備アイテム強化,11,0,5,0
75355,reinforce_5001,胸衣源石 5年 7次 C+,上半身用の制服に装着する源石。5年生用 ランク 7、グレード C+,装備アイテム強化,11,0,5,0
75356,reinforce_5001,胸衣源石 5年 7次 B-,上半身用の制服に装着する源石。5年生用 ランク 7、グレード B-,装備アイテム強化,11,0,5,0
75357,reinforce_5001,胸衣源石 5年 7次 B,上半身用の制服に装着する源石。5年生用 ランク 7、グレード B,装備アイテム強化,11,0,5,0
75358,reinforce_5001,胸衣源石 5年 7次 B+,上半身用の制服に装着する源石。5年生用 ランク 7、グレード B+,装備アイテム強化,11,0,5,0
75359,reinforce_5001,胸衣源石 5年 7次 A-,上半身用の制服に装着する源石。5年生用 ランク 7、グレード A-,装備アイテム強化,11,0,5,0
75360,reinforce_5001,胸衣源石 5年 7次 A,上半身用の制服に装着する源石。5年生用 ランク 7、グレード A,装備アイテム強化,11,0,5,0
75361,reinforce_5001,胸衣源石 5年 7次 A+,上半身用の制服に装着する源石。5年生用 ランク 7、グレード A+,装備アイテム強化,11,0,5,0
75362,reinforce_5001,胸衣源石 5年 7次 S,上半身用の制服に装着する源石。5年生用 ランク 7、グレード S,装備アイテム強化,11,0,5,0
75363,reinforce_5001,胸衣源石 5年 7次 SS,上半身用の制服に装着する源石。5年生用 ランク 7、グレード SS,装備アイテム強化,11,0,5,0
75364,reinforce_5001,胸衣源石 5年 8次 C-,上半身用の制服に装着する源石。5年生用 ランク 8、グレード C-,装備アイテム強化,11,0,5,0
75365,reinforce_5001,胸衣源石 5年 8次 C,上半身用の制服に装着する源石。5年生用 ランク 8、グレード C,装備アイテム強化,11,0,5,0
75366,reinforce_5001,胸衣源石 5年 8次 C+,上半身用の制服に装着する源石。5年生用 ランク 8、グレード C+,装備アイテム強化,11,0,5,0
75367,reinforce_5001,胸衣源石 5年 8次 B-,上半身用の制服に装着する源石。5年生用 ランク 8、グレード B-,装備アイテム強化,11,0,5,0
75368,reinforce_5001,胸衣源石 5年 8次 B,上半身用の制服に装着する源石。5年生用 ランク 8、グレード B,装備アイテム強化,11,0,5,0
75369,reinforce_5001,胸衣源石 5年 8次 B+,上半身用の制服に装着する源石。5年生用 ランク 8、グレード B+,装備アイテム強化,11,0,5,0
75370,reinforce_5001,胸衣源石 5年 8次 A-,上半身用の制服に装着する源石。5年生用 ランク 8、グレード A-,装備アイテム強化,11,0,5,0
75371,reinforce_5001,胸衣源石 5年 8次 A,上半身用の制服に装着する源石。5年生用 ランク 8、グレード A,装備アイテム強化,11,0,5,0
75372,reinforce_5001,胸衣源石 5年 8次 A+,上半身用の制服に装着する源石。5年生用 ランク 8、グレード A+,装備アイテム強化,11,0,5,0
75373,reinforce_5001,胸衣源石 5年 8次 S,上半身用の制服に装着する源石。5年生用 ランク 8、グレード S,装備アイテム強化,11,0,5,0
75374,reinforce_5001,胸衣源石 5年 8次 SS,上半身用の制服に装着する源石。5年生用 ランク 8、グレード SS,装備アイテム強化,11,0,5,0
75375,reinforce_5001,胸衣源石 6年 1次 C-,上半身用の制服に装着する源石。6年生用 ランク 1、グレード C-,装備アイテム強化,11,0,5,0
75376,reinforce_5001,胸衣源石 6年 1次 C,上半身用の制服に装着する源石。6年生用 ランク 1、グレード C,装備アイテム強化,11,0,5,0
75377,reinforce_5001,胸衣源石 6年 1次 C+,上半身用の制服に装着する源石。6年生用 ランク 1、グレード C+,装備アイテム強化,11,0,5,0
75378,reinforce_5001,胸衣源石 6年 1次 B-,上半身用の制服に装着する源石。6年生用 ランク 1、グレード B-,装備アイテム強化,11,0,5,0
75379,reinforce_5001,胸衣源石 6年 1次 B,上半身用の制服に装着する源石。6年生用 ランク 1、グレード B,装備アイテム強化,11,0,5,0
75380,reinforce_5001,胸衣源石 6年 1次 B+,上半身用の制服に装着する源石。6年生用 ランク 1、グレード B+,装備アイテム強化,11,0,5,0
75381,reinforce_5001,胸衣源石 6年 1次 A-,上半身用の制服に装着する源石。6年生用 ランク 1、グレード A-,装備アイテム強化,11,0,5,0
75382,reinforce_5001,胸衣源石 6年 1次 A,上半身用の制服に装着する源石。6年生用 ランク 1、グレード A,装備アイテム強化,11,0,5,0
75383,reinforce_5001,胸衣源石 6年 1次 A+,上半身用の制服に装着する源石。6年生用 ランク 1、グレード A+,装備アイテム強化,11,0,5,0
75384,reinforce_5001,胸衣源石 6年 1次 S,上半身用の制服に装着する源石。6年生用 ランク 1、グレード S,装備アイテム強化,11,0,5,0
75385,reinforce_5001,胸衣源石 6年 1次 SS,上半身用の制服に装着する源石。6年生用 ランク 1、グレード SS,装備アイテム強化,11,0,5,0
75386,reinforce_5001,胸衣源石 6年 2次 C-,上半身用の制服に装着する源石。6年生用 ランク 2、グレード C-,装備アイテム強化,11,0,5,0
75387,reinforce_5001,胸衣源石 6年 2次 C,上半身用の制服に装着する源石。6年生用 ランク 2、グレード C,装備アイテム強化,11,0,5,0
75388,reinforce_5001,胸衣源石 6年 2次 C+,上半身用の制服に装着する源石。6年生用 ランク 2、グレード C+,装備アイテム強化,11,0,5,0
75389,reinforce_5001,胸衣源石 6年 2次 B-,上半身用の制服に装着する源石。6年生用 ランク 2、グレード B-,装備アイテム強化,11,0,5,0
75390,reinforce_5001,胸衣源石 6年 2次 B,上半身用の制服に装着する源石。6年生用 ランク 2、グレード B,装備アイテム強化,11,0,5,0
75391,reinforce_5001,胸衣源石 6年 2次 B+,上半身用の制服に装着する源石。6年生用 ランク 2、グレード B+,装備アイテム強化,11,0,5,0
75392,reinforce_5001,胸衣源石 6年 2次 A-,上半身用の制服に装着する源石。6年生用 ランク 2、グレード A-,装備アイテム強化,11,0,5,0
75393,reinforce_5001,胸衣源石 6年 2次 A,上半身用の制服に装着する源石。6年生用 ランク 2、グレード A,装備アイテム強化,11,0,5,0
75394,reinforce_5001,胸衣源石 6年 2次 A+,上半身用の制服に装着する源石。6年生用 ランク 2、グレード A+,装備アイテム強化,11,0,5,0
75395,reinforce_5001,胸衣源石 6年 2次 S,上半身用の制服に装着する源石。6年生用 ランク 2、グレード S,装備アイテム強化,11,0,5,0
75396,reinforce_5001,胸衣源石 6年 2次 SS,上半身用の制服に装着する源石。6年生用 ランク 2、グレード SS,装備アイテム強化,11,0,5,0
75397,reinforce_5001,胸衣源石 6年 3次 C-,上半身用の制服に装着する源石。6年生用 ランク 3、グレード C-,装備アイテム強化,11,0,5,0
75398,reinforce_5001,胸衣源石 6年 3次 C,上半身用の制服に装着する源石。6年生用 ランク 3、グレード C,装備アイテム強化,11,0,5,0
75399,reinforce_5001,胸衣源石 6年 3次 C+,上半身用の制服に装着する源石。6年生用 ランク 3、グレード C+,装備アイテム強化,11,0,5,0
75400,reinforce_5001,胸衣源石 6年 3次 B-,上半身用の制服に装着する源石。6年生用 ランク 3、グレード B-,装備アイテム強化,11,0,5,0
75401,reinforce_5001,胸衣源石 6年 3次 B,上半身用の制服に装着する源石。6年生用 ランク 3、グレード B,装備アイテム強化,11,0,5,0
75402,reinforce_5001,胸衣源石 6年 3次 B+,上半身用の制服に装着する源石。6年生用 ランク 3、グレード B+,装備アイテム強化,11,0,5,0
75403,reinforce_5001,胸衣源石 6年 3次 A-,上半身用の制服に装着する源石。6年生用 ランク 3、グレード A-,装備アイテム強化,11,0,5,0
75404,reinforce_5001,胸衣源石 6年 3次 A,上半身用の制服に装着する源石。6年生用 ランク 3、グレード A,装備アイテム強化,11,0,5,0
75405,reinforce_5001,胸衣源石 6年 3次 A+,上半身用の制服に装着する源石。6年生用 ランク 3、グレード A+,装備アイテム強化,11,0,5,0
75406,reinforce_5001,胸衣源石 6年 3次 S,上半身用の制服に装着する源石。6年生用 ランク 3、グレード S,装備アイテム強化,11,0,5,0
75407,reinforce_5001,胸衣源石 6年 3次 SS,上半身用の制服に装着する源石。6年生用 ランク 3、グレード SS,装備アイテム強化,11,0,5,0
75408,reinforce_5001,胸衣源石 6年 4次 C-,上半身用の制服に装着する源石。6年生用 ランク 4、グレード C-,装備アイテム強化,11,0,5,0
75409,reinforce_5001,胸衣源石 6年 4次 C,上半身用の制服に装着する源石。6年生用 ランク 4、グレード C,装備アイテム強化,11,0,5,0
75410,reinforce_5001,胸衣源石 6年 4次 C+,上半身用の制服に装着する源石。6年生用 ランク 4、グレード C+,装備アイテム強化,11,0,5,0
75411,reinforce_5001,胸衣源石 6年 4次 B-,上半身用の制服に装着する源石。6年生用 ランク 4、グレード B-,装備アイテム強化,11,0,5,0
75412,reinforce_5001,胸衣源石 6年 4次 B,上半身用の制服に装着する源石。6年生用 ランク 4、グレード B,装備アイテム強化,11,0,5,0
75413,reinforce_5001,胸衣源石 6年 4次 B+,上半身用の制服に装着する源石。6年生用 ランク 4、グレード B+,装備アイテム強化,11,0,5,0
75414,reinforce_5001,胸衣源石 6年 4次 A-,上半身用の制服に装着する源石。6年生用 ランク 4、グレード A-,装備アイテム強化,11,0,5,0
75415,reinforce_5001,胸衣源石 6年 4次 A,上半身用の制服に装着する源石。6年生用 ランク 4、グレード A,装備アイテム強化,11,0,5,0
75416,reinforce_5001,胸衣源石 6年 4次 A+,上半身用の制服に装着する源石。6年生用 ランク 4、グレード A+,装備アイテム強化,11,0,5,0
75417,reinforce_5001,胸衣源石 6年 4次 S,上半身用の制服に装着する源石。6年生用 ランク 4、グレード S,装備アイテム強化,11,0,5,0
75418,reinforce_5001,胸衣源石 6年 4次 SS,上半身用の制服に装着する源石。6年生用 ランク 4、グレード SS,装備アイテム強化,11,0,5,0
75419,reinforce_5001,胸衣源石 6年 5次 C-,上半身用の制服に装着する源石。6年生用 ランク 5、グレード C-,装備アイテム強化,11,0,5,0
75420,reinforce_5001,胸衣源石 6年 5次 C,上半身用の制服に装着する源石。6年生用 ランク 5、グレード C,装備アイテム強化,11,0,5,0
75421,reinforce_5001,胸衣源石 6年 5次 C+,上半身用の制服に装着する源石。6年生用 ランク 5、グレード C+,装備アイテム強化,11,0,5,0
75422,reinforce_5001,胸衣源石 6年 5次 B-,上半身用の制服に装着する源石。6年生用 ランク 5、グレード B-,装備アイテム強化,11,0,5,0
75423,reinforce_5001,胸衣源石 6年 5次 B,上半身用の制服に装着する源石。6年生用 ランク 5、グレード B,装備アイテム強化,11,0,5,0
75424,reinforce_5001,胸衣源石 6年 5次 B+,上半身用の制服に装着する源石。6年生用 ランク 5、グレード B+,装備アイテム強化,11,0,5,0
75425,reinforce_5001,胸衣源石 6年 5次 A-,上半身用の制服に装着する源石。6年生用 ランク 5、グレード A-,装備アイテム強化,11,0,5,0
75426,reinforce_5001,胸衣源石 6年 5次 A,上半身用の制服に装着する源石。6年生用 ランク 5、グレード A,装備アイテム強化,11,0,5,0
76100,reinforce_6001,腰衣源石 1年 1次 C-,下半身用の制服に装着する源石。1年生用 ランク 1、グレード C-,装備アイテム強化,7,0,5,0
76101,reinforce_6001,腰衣源石 1年 1次 C,下半身用の制服に装着する源石。1年生用 ランク 1、グレード C,装備アイテム強化,7,0,5,0
76102,reinforce_6001,腰衣源石 1年 1次 C+,下半身用の制服に装着する源石。1年生用 ランク 1、グレード C+,装備アイテム強化,7,0,5,0
76103,reinforce_6001,腰衣源石 1年 1次 B-,下半身用の制服に装着する源石。1年生用 ランク 1、グレード B-,装備アイテム強化,7,0,5,0
76104,reinforce_6001,腰衣源石 1年 1次 B,下半身用の制服に装着する源石。1年生用 ランク 1、グレード B,装備アイテム強化,7,0,5,0
76105,reinforce_6001,腰衣源石 1年 1次 B+,下半身用の制服に装着する源石。1年生用 ランク 1、グレード B+,装備アイテム強化,7,0,5,0
76106,reinforce_6001,腰衣源石 1年 1次 A-,下半身用の制服に装着する源石。1年生用 ランク 1、グレード A-,装備アイテム強化,7,0,5,0
76107,reinforce_6001,腰衣源石 1年 1次 A,下半身用の制服に装着する源石。1年生用 ランク 1、グレード A,装備アイテム強化,7,0,5,0
76108,reinforce_6001,腰衣源石 1年 1次 A+,下半身用の制服に装着する源石。1年生用 ランク 1、グレード A+,装備アイテム強化,7,0,5,0
76109,reinforce_6001,腰衣源石 1年 1次 S,下半身用の制服に装着する源石。1年生用 ランク 1、グレード S,装備アイテム強化,7,0,5,0
76110,reinforce_6001,腰衣源石 1年 1次 SS,下半身用の制服に装着する源石。1年生用 ランク 1、グレード SS,装備アイテム強化,7,0,5,0
76111,reinforce_6001,腰衣源石 1年 2次 C-,下半身用の制服に装着する源石。1年生用 ランク 2、グレード C-,装備アイテム強化,7,0,5,0
76112,reinforce_6001,腰衣源石 1年 2次 C,下半身用の制服に装着する源石。1年生用 ランク 2、グレード C,装備アイテム強化,7,0,5,0
76113,reinforce_6001,腰衣源石 1年 2次 C+,下半身用の制服に装着する源石。1年生用 ランク 2、グレード C+,装備アイテム強化,7,0,5,0
76114,reinforce_6001,腰衣源石 1年 2次 B-,下半身用の制服に装着する源石。1年生用 ランク 2、グレード B-,装備アイテム強化,7,0,5,0
76115,reinforce_6001,腰衣源石 1年 2次 B,下半身用の制服に装着する源石。1年生用 ランク 2、グレード B,装備アイテム強化,7,0,5,0
76116,reinforce_6001,腰衣源石 1年 2次 B+,下半身用の制服に装着する源石。1年生用 ランク 2、グレード B+,装備アイテム強化,7,0,5,0
76117,reinforce_6001,腰衣源石 1年 2次 A-,下半身用の制服に装着する源石。1年生用 ランク 2、グレード A-,装備アイテム強化,7,0,5,0
76118,reinforce_6001,腰衣源石 1年 2次 A,下半身用の制服に装着する源石。1年生用 ランク 2、グレード A,装備アイテム強化,7,0,5,0
76119,reinforce_6001,腰衣源石 1年 2次 A+,下半身用の制服に装着する源石。1年生用 ランク 2、グレード A+,装備アイテム強化,7,0,5,0
76120,reinforce_6001,腰衣源石 1年 2次 S,下半身用の制服に装着する源石。1年生用 ランク 2、グレード S,装備アイテム強化,7,0,5,0
76121,reinforce_6001,腰衣源石 1年 2次 SS,下半身用の制服に装着する源石。1年生用 ランク 2、グレード SS,装備アイテム強化,7,0,5,0
76122,reinforce_6001,腰衣源石 1年 3次 C-,下半身用の制服に装着する源石。1年生用 ランク 3、グレード C-,装備アイテム強化,7,0,5,0
76123,reinforce_6001,腰衣源石 1年 3次 C,下半身用の制服に装着する源石。1年生用 ランク 3、グレード C,装備アイテム強化,7,0,5,0
76124,reinforce_6001,腰衣源石 1年 3次 C+,下半身用の制服に装着する源石。1年生用 ランク 3、グレード C+,装備アイテム強化,7,0,5,0
76125,reinforce_6001,腰衣源石 1年 3次 B-,下半身用の制服に装着する源石。1年生用 ランク 3、グレード B-,装備アイテム強化,7,0,5,0
76126,reinforce_6001,腰衣源石 1年 3次 B,下半身用の制服に装着する源石。1年生用 ランク 3、グレード B,装備アイテム強化,7,0,5,0
76127,reinforce_6001,腰衣源石 1年 3次 B+,下半身用の制服に装着する源石。1年生用 ランク 3、グレード B+,装備アイテム強化,7,0,5,0
76128,reinforce_6001,腰衣源石 1年 3次 A-,下半身用の制服に装着する源石。1年生用 ランク 3、グレード A-,装備アイテム強化,7,0,5,0
76129,reinforce_6001,腰衣源石 1年 3次 A,下半身用の制服に装着する源石。1年生用 ランク 3、グレード A,装備アイテム強化,7,0,5,0
76130,reinforce_6001,腰衣源石 1年 3次 A+,下半身用の制服に装着する源石。1年生用 ランク 3、グレード A+,装備アイテム強化,7,0,5,0
76131,reinforce_6001,腰衣源石 1年 3次 S,下半身用の制服に装着する源石。1年生用 ランク 3、グレード S,装備アイテム強化,7,0,5,0
76132,reinforce_6001,腰衣源石 1年 3次 SS,下半身用の制服に装着する源石。1年生用 ランク 3、グレード SS,装備アイテム強化,7,0,5,0
76133,reinforce_6001,腰衣源石 1年 4次 C-,下半身用の制服に装着する源石。1年生用 ランク 4、グレード C-,装備アイテム強化,7,0,5,0
76134,reinforce_6001,腰衣源石 1年 4次 C,下半身用の制服に装着する源石。1年生用 ランク 4、グレード C,装備アイテム強化,7,0,5,0
76135,reinforce_6001,腰衣源石 1年 4次 C+,下半身用の制服に装着する源石。1年生用 ランク 4、グレード C+,装備アイテム強化,7,0,5,0
76136,reinforce_6001,腰衣源石 1年 4次 B-,下半身用の制服に装着する源石。1年生用 ランク 4、グレード B-,装備アイテム強化,7,0,5,0
76137,reinforce_6001,腰衣源石 1年 4次 B,下半身用の制服に装着する源石。1年生用 ランク 4、グレード B,装備アイテム強化,7,0,5,0
76138,reinforce_6001,腰衣源石 1年 4次 B+,下半身用の制服に装着する源石。1年生用 ランク 4、グレード B+,装備アイテム強化,7,0,5,0
76139,reinforce_6001,腰衣源石 1年 4次 A-,下半身用の制服に装着する源石。1年生用 ランク 4、グレード A-,装備アイテム強化,7,0,5,0
76140,reinforce_6001,腰衣源石 1年 4次 A,下半身用の制服に装着する源石。1年生用 ランク 4、グレード A,装備アイテム強化,7,0,5,0
76141,reinforce_6001,腰衣源石 1年 4次 A+,下半身用の制服に装着する源石。1年生用 ランク 4、グレード A+,装備アイテム強化,7,0,5,0
76142,reinforce_6001,腰衣源石 1年 4次 S,下半身用の制服に装着する源石。1年生用 ランク 4、グレード S,装備アイテム強化,7,0,5,0
76143,reinforce_6001,腰衣源石 1年 4次 SS,下半身用の制服に装着する源石。1年生用 ランク 4、グレード SS,装備アイテム強化,7,0,5,0
76144,reinforce_6001,腰衣源石 2年 1次 C-,下半身用の制服に装着する源石。2年生用 ランク 1、グレード C-,装備アイテム強化,8,0,5,0
76145,reinforce_6001,腰衣源石 2年 1次 C,下半身用の制服に装着する源石。2年生用 ランク 1、グレード C,装備アイテム強化,8,0,5,0
76146,reinforce_6001,腰衣源石 2年 1次 C+,下半身用の制服に装着する源石。2年生用 ランク 1、グレード C+,装備アイテム強化,8,0,5,0
76147,reinforce_6001,腰衣源石 2年 1次 B-,下半身用の制服に装着する源石。2年生用 ランク 1、グレード B-,装備アイテム強化,8,0,5,0
76148,reinforce_6001,腰衣源石 2年 1次 B,下半身用の制服に装着する源石。2年生用 ランク 1、グレード B,装備アイテム強化,8,0,5,0
76149,reinforce_6001,腰衣源石 2年 1次 B+,下半身用の制服に装着する源石。2年生用 ランク 1、グレード B+,装備アイテム強化,8,0,5,0
76150,reinforce_6001,腰衣源石 2年 1次 A-,下半身用の制服に装着する源石。2年生用 ランク 1、グレード A-,装備アイテム強化,8,0,5,0
76151,reinforce_6001,腰衣源石 2年 1次 A,下半身用の制服に装着する源石。2年生用 ランク 1、グレード A,装備アイテム強化,8,0,5,0
76152,reinforce_6001,腰衣源石 2年 1次 A+,下半身用の制服に装着する源石。2年生用 ランク 1、グレード A+,装備アイテム強化,8,0,5,0
76153,reinforce_6001,腰衣源石 2年 1次 S,下半身用の制服に装着する源石。2年生用 ランク 1、グレード S,装備アイテム強化,8,0,5,0
76154,reinforce_6001,腰衣源石 2年 1次 SS,下半身用の制服に装着する源石。2年生用 ランク 1、グレード SS,装備アイテム強化,8,0,5,0
76155,reinforce_6001,腰衣源石 2年 2次 C-,下半身用の制服に装着する源石。2年生用 ランク 2、グレード C-,装備アイテム強化,8,0,5,0
76156,reinforce_6001,腰衣源石 2年 2次 C,下半身用の制服に装着する源石。2年生用 ランク 2、グレード C,装備アイテム強化,8,0,5,0
76157,reinforce_6001,腰衣源石 2年 2次 C+,下半身用の制服に装着する源石。2年生用 ランク 2、グレード C+,装備アイテム強化,8,0,5,0
76158,reinforce_6001,腰衣源石 2年 2次 B-,下半身用の制服に装着する源石。2年生用 ランク 2、グレード B-,装備アイテム強化,8,0,5,0
76159,reinforce_6001,腰衣源石 2年 2次 B,下半身用の制服に装着する源石。2年生用 ランク 2、グレード B,装備アイテム強化,8,0,5,0
76160,reinforce_6001,腰衣源石 2年 2次 B+,下半身用の制服に装着する源石。2年生用 ランク 2、グレード B+,装備アイテム強化,8,0,5,0
76161,reinforce_6001,腰衣源石 2年 2次 A-,下半身用の制服に装着する源石。2年生用 ランク 2、グレード A-,装備アイテム強化,8,0,5,0
76162,reinforce_6001,腰衣源石 2年 2次 A,下半身用の制服に装着する源石。2年生用 ランク 2、グレード A,装備アイテム強化,8,0,5,0
76163,reinforce_6001,腰衣源石 2年 2次 A+,下半身用の制服に装着する源石。2年生用 ランク 2、グレード A+,装備アイテム強化,8,0,5,0
76164,reinforce_6001,腰衣源石 2年 2次 S,下半身用の制服に装着する源石。2年生用 ランク 2、グレード S,装備アイテム強化,8,0,5,0
76165,reinforce_6001,腰衣源石 2年 2次 SS,下半身用の制服に装着する源石。2年生用 ランク 2、グレード SS,装備アイテム強化,8,0,5,0
76166,reinforce_6001,腰衣源石 2年 3次 C-,下半身用の制服に装着する源石。2年生用 ランク 3、グレード C-,装備アイテム強化,8,0,5,0
76167,reinforce_6001,腰衣源石 2年 3次 C,下半身用の制服に装着する源石。2年生用 ランク 3、グレード C,装備アイテム強化,8,0,5,0
76168,reinforce_6001,腰衣源石 2年 3次 C+,下半身用の制服に装着する源石。2年生用 ランク 3、グレード C+,装備アイテム強化,8,0,5,0
76169,reinforce_6001,腰衣源石 2年 3次 B-,下半身用の制服に装着する源石。2年生用 ランク 3、グレード B-,装備アイテム強化,8,0,5,0
76170,reinforce_6001,腰衣源石 2年 3次 B,下半身用の制服に装着する源石。2年生用 ランク 3、グレード B,装備アイテム強化,8,0,5,0
76171,reinforce_6001,腰衣源石 2年 3次 B+,下半身用の制服に装着する源石。2年生用 ランク 3、グレード B+,装備アイテム強化,8,0,5,0
76172,reinforce_6001,腰衣源石 2年 3次 A-,下半身用の制服に装着する源石。2年生用 ランク 3、グレード A-,装備アイテム強化,8,0,5,0
76173,reinforce_6001,腰衣源石 2年 3次 A,下半身用の制服に装着する源石。2年生用 ランク 3、グレード A,装備アイテム強化,8,0,5,0
76174,reinforce_6001,腰衣源石 2年 3次 A+,下半身用の制服に装着する源石。2年生用 ランク 3、グレード A+,装備アイテム強化,8,0,5,0
76175,reinforce_6001,腰衣源石 2年 3次 S,下半身用の制服に装着する源石。2年生用 ランク 3、グレード S,装備アイテム強化,8,0,5,0
76176,reinforce_6001,腰衣源石 2年 3次 SS,下半身用の制服に装着する源石。2年生用 ランク 3、グレード SS,装備アイテム強化,8,0,5,0
76177,reinforce_6001,腰衣源石 2年 4次 C-,下半身用の制服に装着する源石。2年生用 ランク 4、グレード C-,装備アイテム強化,8,0,5,0
76178,reinforce_6001,腰衣源石 2年 4次 C,下半身用の制服に装着する源石。2年生用 ランク 4、グレード C,装備アイテム強化,8,0,5,0
76179,reinforce_6001,腰衣源石 2年 4次 C+,下半身用の制服に装着する源石。2年生用 ランク 4、グレード C+,装備アイテム強化,8,0,5,0
76180,reinforce_6001,腰衣源石 2年 4次 B-,下半身用の制服に装着する源石。2年生用 ランク 4、グレード B-,装備アイテム強化,8,0,5,0
76181,reinforce_6001,腰衣源石 2年 4次 B,下半身用の制服に装着する源石。2年生用 ランク 4、グレード B,装備アイテム強化,8,0,5,0
76182,reinforce_6001,腰衣源石 2年 4次 B+,下半身用の制服に装着する源石。2年生用 ランク 4、グレード B+,装備アイテム強化,8,0,5,0
76183,reinforce_6001,腰衣源石 2年 4次 A-,下半身用の制服に装着する源石。2年生用 ランク 4、グレード A-,装備アイテム強化,8,0,5,0
76184,reinforce_6001,腰衣源石 2年 4次 A,下半身用の制服に装着する源石。2年生用 ランク 4、グレード A,装備アイテム強化,8,0,5,0
76185,reinforce_6001,腰衣源石 2年 4次 A+,下半身用の制服に装着する源石。2年生用 ランク 4、グレード A+,装備アイテム強化,8,0,5,0
76186,reinforce_6001,腰衣源石 2年 4次 S,下半身用の制服に装着する源石。2年生用 ランク 4、グレード S,装備アイテム強化,8,0,5,0
76187,reinforce_6001,腰衣源石 2年 4次 SS,下半身用の制服に装着する源石。2年生用 ランク 4、グレード SS,装備アイテム強化,8,0,5,0
76188,reinforce_6001,腰衣源石 3年 1次 C-,下半身用の制服に装着する源石。3年生用 ランク 1、グレード C-,装備アイテム強化,9,0,5,0
76189,reinforce_6001,腰衣源石 3年 1次 C,下半身用の制服に装着する源石。3年生用 ランク 1、グレード C,装備アイテム強化,9,0,5,0
76190,reinforce_6001,腰衣源石 3年 1次 C+,下半身用の制服に装着する源石。3年生用 ランク 1、グレード C+,装備アイテム強化,9,0,5,0
76191,reinforce_6001,腰衣源石 3年 1次 B-,下半身用の制服に装着する源石。3年生用 ランク 1、グレード B-,装備アイテム強化,9,0,5,0
76192,reinforce_6001,腰衣源石 3年 1次 B,下半身用の制服に装着する源石。3年生用 ランク 1、グレード B,装備アイテム強化,9,0,5,0
76193,reinforce_6001,腰衣源石 3年 1次 B+,下半身用の制服に装着する源石。3年生用 ランク 1、グレード B+,装備アイテム強化,9,0,5,0
76194,reinforce_6001,腰衣源石 3年 1次 A-,下半身用の制服に装着する源石。3年生用 ランク 1、グレード A-,装備アイテム強化,9,0,5,0
76195,reinforce_6001,腰衣源石 3年 1次 A,下半身用の制服に装着する源石。3年生用 ランク 1、グレード A,装備アイテム強化,9,0,5,0
76196,reinforce_6001,腰衣源石 3年 1次 A+,下半身用の制服に装着する源石。3年生用 ランク 1、グレード A+,装備アイテム強化,9,0,5,0
76197,reinforce_6001,腰衣源石 3年 1次 S,下半身用の制服に装着する源石。3年生用 ランク 1、グレード S,装備アイテム強化,9,0,5,0
76198,reinforce_6001,腰衣源石 3年 1次 SS,下半身用の制服に装着する源石。3年生用 ランク 1、グレード SS,装備アイテム強化,9,0,5,0
76199,reinforce_6001,腰衣源石 3年 2次 C-,下半身用の制服に装着する源石。3年生用 ランク 2、グレード C-,装備アイテム強化,9,0,5,0
76200,reinforce_6001,腰衣源石 3年 2次 C,下半身用の制服に装着する源石。3年生用 ランク 2、グレード C,装備アイテム強化,9,0,5,0
76201,reinforce_6001,腰衣源石 3年 2次 C+,下半身用の制服に装着する源石。3年生用 ランク 2、グレード C+,装備アイテム強化,9,0,5,0
76202,reinforce_6001,腰衣源石 3年 2次 B-,下半身用の制服に装着する源石。3年生用 ランク 2、グレード B-,装備アイテム強化,9,0,5,0
76203,reinforce_6001,腰衣源石 3年 2次 B,下半身用の制服に装着する源石。3年生用 ランク 2、グレード B,装備アイテム強化,9,0,5,0
76204,reinforce_6001,腰衣源石 3年 2次 B+,下半身用の制服に装着する源石。3年生用 ランク 2、グレード B+,装備アイテム強化,9,0,5,0
76205,reinforce_6001,腰衣源石 3年 2次 A-,下半身用の制服に装着する源石。3年生用 ランク 2、グレード A-,装備アイテム強化,9,0,5,0
76206,reinforce_6001,腰衣源石 3年 2次 A,下半身用の制服に装着する源石。3年生用 ランク 2、グレード A,装備アイテム強化,9,0,5,0
76207,reinforce_6001,腰衣源石 3年 2次 A+,下半身用の制服に装着する源石。3年生用 ランク 2、グレード A+,装備アイテム強化,9,0,5,0
76208,reinforce_6001,腰衣源石 3年 2次 S,下半身用の制服に装着する源石。3年生用 ランク 2、グレード S,装備アイテム強化,9,0,5,0
76209,reinforce_6001,腰衣源石 3年 2次 SS,下半身用の制服に装着する源石。3年生用 ランク 2、グレード SS,装備アイテム強化,9,0,5,0
76210,reinforce_6001,腰衣源石 3年 3次 C-,下半身用の制服に装着する源石。3年生用 ランク 3、グレード C-,装備アイテム強化,9,0,5,0
76211,reinforce_6001,腰衣源石 3年 3次 C,下半身用の制服に装着する源石。3年生用 ランク 3、グレード C,装備アイテム強化,9,0,5,0
76212,reinforce_6001,腰衣源石 3年 3次 C+,下半身用の制服に装着する源石。3年生用 ランク 3、グレード C+,装備アイテム強化,9,0,5,0
76213,reinforce_6001,腰衣源石 3年 3次 B-,下半身用の制服に装着する源石。3年生用 ランク 3、グレード B-,装備アイテム強化,9,0,5,0
76214,reinforce_6001,腰衣源石 3年 3次 B,下半身用の制服に装着する源石。3年生用 ランク 3、グレード B,装備アイテム強化,9,0,5,0
76215,reinforce_6001,腰衣源石 3年 3次 B+,下半身用の制服に装着する源石。3年生用 ランク 3、グレード B+,装備アイテム強化,9,0,5,0
76216,reinforce_6001,腰衣源石 3年 3次 A-,下半身用の制服に装着する源石。3年生用 ランク 3、グレード A-,装備アイテム強化,9,0,5,0
76217,reinforce_6001,腰衣源石 3年 3次 A,下半身用の制服に装着する源石。3年生用 ランク 3、グレード A,装備アイテム強化,9,0,5,0
76218,reinforce_6001,腰衣源石 3年 3次 A+,下半身用の制服に装着する源石。3年生用 ランク 3、グレード A+,装備アイテム強化,9,0,5,0
76219,reinforce_6001,腰衣源石 3年 3次 S,下半身用の制服に装着する源石。3年生用 ランク 3、グレード S,装備アイテム強化,9,0,5,0
76220,reinforce_6001,腰衣源石 3年 3次 SS,下半身用の制服に装着する源石。3年生用 ランク 3、グレード SS,装備アイテム強化,9,0,5,0
76221,reinforce_6001,腰衣源石 3年 4次 C-,下半身用の制服に装着する源石。3年生用 ランク 4、グレード C-,装備アイテム強化,9,0,5,0
76222,reinforce_6001,腰衣源石 3年 4次 C,下半身用の制服に装着する源石。3年生用 ランク 4、グレード C,装備アイテム強化,9,0,5,0
76223,reinforce_6001,腰衣源石 3年 4次 C+,下半身用の制服に装着する源石。3年生用 ランク 4、グレード C+,装備アイテム強化,9,0,5,0
76224,reinforce_6001,腰衣源石 3年 4次 B-,下半身用の制服に装着する源石。3年生用 ランク 4、グレード B-,装備アイテム強化,9,0,5,0
76225,reinforce_6001,腰衣源石 3年 4次 B,下半身用の制服に装着する源石。3年生用 ランク 4、グレード B,装備アイテム強化,9,0,5,0
76226,reinforce_6001,腰衣源石 3年 4次 B+,下半身用の制服に装着する源石。3年生用 ランク 4、グレード B+,装備アイテム強化,9,0,5,0
76227,reinforce_6001,腰衣源石 3年 4次 A-,下半身用の制服に装着する源石。3年生用 ランク 4、グレード A-,装備アイテム強化,9,0,5,0
76228,reinforce_6001,腰衣源石 3年 4次 A,下半身用の制服に装着する源石。3年生用 ランク 4、グレード A,装備アイテム強化,9,0,5,0
76229,reinforce_6001,腰衣源石 3年 4次 A+,下半身用の制服に装着する源石。3年生用 ランク 4、グレード A+,装備アイテム強化,9,0,5,0
76230,reinforce_6001,腰衣源石 3年 4次 S,下半身用の制服に装着する源石。3年生用 ランク 4、グレード S,装備アイテム強化,9,0,5,0
76231,reinforce_6001,腰衣源石 3年 4次 SS,下半身用の制服に装着する源石。3年生用 ランク 4、グレード SS,装備アイテム強化,9,0,5,0
76232,reinforce_6001,腰衣源石 4年 1次 C-,下半身用の制服に装着する源石。4年生用 ランク 1、グレード C-,装備アイテム強化,10,0,5,0
76233,reinforce_6001,腰衣源石 4年 1次 C,下半身用の制服に装着する源石。4年生用 ランク 1、グレード C,装備アイテム強化,10,0,5,0
76234,reinforce_6001,腰衣源石 4年 1次 C+,下半身用の制服に装着する源石。4年生用 ランク 1、グレード C+,装備アイテム強化,10,0,5,0
76235,reinforce_6001,腰衣源石 4年 1次 B-,下半身用の制服に装着する源石。4年生用 ランク 1、グレード B-,装備アイテム強化,10,0,5,0
76236,reinforce_6001,腰衣源石 4年 1次 B,下半身用の制服に装着する源石。4年生用 ランク 1、グレード B,装備アイテム強化,10,0,5,0
76237,reinforce_6001,腰衣源石 4年 1次 B+,下半身用の制服に装着する源石。4年生用 ランク 1、グレード B+,装備アイテム強化,10,0,5,0
76238,reinforce_6001,腰衣源石 4年 1次 A-,下半身用の制服に装着する源石。4年生用 ランク 1、グレード A-,装備アイテム強化,10,0,5,0
76239,reinforce_6001,腰衣源石 4年 1次 A,下半身用の制服に装着する源石。4年生用 ランク 1、グレード A,装備アイテム強化,10,0,5,0
76240,reinforce_6001,腰衣源石 4年 1次 A+,下半身用の制服に装着する源石。4年生用 ランク 1、グレード A+,装備アイテム強化,10,0,5,0
76241,reinforce_6001,腰衣源石 4年 1次 S,下半身用の制服に装着する源石。4年生用 ランク 1、グレード S,装備アイテム強化,10,0,5,0
76242,reinforce_6001,腰衣源石 4年 1次 SS,下半身用の制服に装着する源石。4年生用 ランク 1、グレード SS,装備アイテム強化,10,0,5,0
76243,reinforce_6001,腰衣源石 4年 2次 C-,下半身用の制服に装着する源石。4年生用 ランク 2、グレード C-,装備アイテム強化,10,0,5,0
76244,reinforce_6001,腰衣源石 4年 2次 C,下半身用の制服に装着する源石。4年生用 ランク 2、グレード C,装備アイテム強化,10,0,5,0
76245,reinforce_6001,腰衣源石 4年 2次 C+,下半身用の制服に装着する源石。4年生用 ランク 2、グレード C+,装備アイテム強化,10,0,5,0
76246,reinforce_6001,腰衣源石 4年 2次 B-,下半身用の制服に装着する源石。4年生用 ランク 2、グレード B-,装備アイテム強化,10,0,5,0
76247,reinforce_6001,腰衣源石 4年 2次 B,下半身用の制服に装着する源石。4年生用 ランク 2、グレード B,装備アイテム強化,10,0,5,0
76248,reinforce_6001,腰衣源石 4年 2次 B+,下半身用の制服に装着する源石。4年生用 ランク 2、グレード B+,装備アイテム強化,10,0,5,0
76249,reinforce_6001,腰衣源石 4年 2次 A-,下半身用の制服に装着する源石。4年生用 ランク 2、グレード A-,装備アイテム強化,10,0,5,0
76250,reinforce_6001,腰衣源石 4年 2次 A,下半身用の制服に装着する源石。4年生用 ランク 2、グレード A,装備アイテム強化,10,0,5,0
76251,reinforce_6001,腰衣源石 4年 2次 A+,下半身用の制服に装着する源石。4年生用 ランク 2、グレード A+,装備アイテム強化,10,0,5,0
76252,reinforce_6001,腰衣源石 4年 2次 S,下半身用の制服に装着する源石。4年生用 ランク 2、グレード S,装備アイテム強化,10,0,5,0
76253,reinforce_6001,腰衣源石 4年 2次 SS,下半身用の制服に装着する源石。4年生用 ランク 2、グレード SS,装備アイテム強化,10,0,5,0
76254,reinforce_6001,腰衣源石 4年 3次 C-,下半身用の制服に装着する源石。4年生用 ランク 3、グレード C-,装備アイテム強化,10,0,5,0
76255,reinforce_6001,腰衣源石 4年 3次 C,下半身用の制服に装着する源石。4年生用 ランク 3、グレード C,装備アイテム強化,10,0,5,0
76256,reinforce_6001,腰衣源石 4年 3次 C+,下半身用の制服に装着する源石。4年生用 ランク 3、グレード C+,装備アイテム強化,10,0,5,0
76257,reinforce_6001,腰衣源石 4年 3次 B-,下半身用の制服に装着する源石。4年生用 ランク 3、グレード B-,装備アイテム強化,10,0,5,0
76258,reinforce_6001,腰衣源石 4年 3次 B,下半身用の制服に装着する源石。4年生用 ランク 3、グレード B,装備アイテム強化,10,0,5,0
76259,reinforce_6001,腰衣源石 4年 3次 B+,下半身用の制服に装着する源石。4年生用 ランク 3、グレード B+,装備アイテム強化,10,0,5,0
76260,reinforce_6001,腰衣源石 4年 3次 A-,下半身用の制服に装着する源石。4年生用 ランク 3、グレード A-,装備アイテム強化,10,0,5,0
76261,reinforce_6001,腰衣源石 4年 3次 A,下半身用の制服に装着する源石。4年生用 ランク 3、グレード A,装備アイテム強化,10,0,5,0
76262,reinforce_6001,腰衣源石 4年 3次 A+,下半身用の制服に装着する源石。4年生用 ランク 3、グレード A+,装備アイテム強化,10,0,5,0
76263,reinforce_6001,腰衣源石 4年 3次 S,下半身用の制服に装着する源石。4年生用 ランク 3、グレード S,装備アイテム強化,10,0,5,0
76264,reinforce_6001,腰衣源石 4年 3次 SS,下半身用の制服に装着する源石。4年生用 ランク 3、グレード SS,装備アイテム強化,10,0,5,0
76265,reinforce_6001,腰衣源石 4年 4次 C-,下半身用の制服に装着する源石。4年生用 ランク 4、グレード C-,装備アイテム強化,10,0,5,0
76266,reinforce_6001,腰衣源石 4年 4次 C,下半身用の制服に装着する源石。4年生用 ランク 4、グレード C,装備アイテム強化,10,0,5,0
76267,reinforce_6001,腰衣源石 4年 4次 C+,下半身用の制服に装着する源石。4年生用 ランク 4、グレード C+,装備アイテム強化,10,0,5,0
76268,reinforce_6001,腰衣源石 4年 4次 B-,下半身用の制服に装着する源石。4年生用 ランク 4、グレード B-,装備アイテム強化,10,0,5,0
76269,reinforce_6001,腰衣源石 4年 4次 B,下半身用の制服に装着する源石。4年生用 ランク 4、グレード B,装備アイテム強化,10,0,5,0
76270,reinforce_6001,腰衣源石 4年 4次 B+,下半身用の制服に装着する源石。4年生用 ランク 4、グレード B+,装備アイテム強化,10,0,5,0
76271,reinforce_6001,腰衣源石 4年 4次 A-,下半身用の制服に装着する源石。4年生用 ランク 4、グレード A-,装備アイテム強化,10,0,5,0
76272,reinforce_6001,腰衣源石 4年 4次 A,下半身用の制服に装着する源石。4年生用 ランク 4、グレード A,装備アイテム強化,10,0,5,0
76273,reinforce_6001,腰衣源石 4年 4次 A+,下半身用の制服に装着する源石。4年生用 ランク 4、グレード A+,装備アイテム強化,10,0,5,0
76274,reinforce_6001,腰衣源石 4年 4次 S,下半身用の制服に装着する源石。4年生用 ランク 4、グレード S,装備アイテム強化,10,0,5,0
76275,reinforce_6001,腰衣源石 4年 4次 SS,下半身用の制服に装着する源石。4年生用 ランク 4、グレード SS,装備アイテム強化,10,0,5,0
76276,reinforce_6001,腰衣源石 4年 5次 C-,下半身用の制服に装着する源石。4年生用 ランク 5、グレード C-,装備アイテム強化,10,0,5,0
76277,reinforce_6001,腰衣源石 4年 5次 C,下半身用の制服に装着する源石。4年生用 ランク 5、グレード C,装備アイテム強化,10,0,5,0
76278,reinforce_6001,腰衣源石 4年 5次 C+,下半身用の制服に装着する源石。4年生用 ランク 5、グレード C+,装備アイテム強化,10,0,5,0
76279,reinforce_6001,腰衣源石 4年 5次 B-,下半身用の制服に装着する源石。4年生用 ランク 5、グレード B-,装備アイテム強化,10,0,5,0
76280,reinforce_6001,腰衣源石 4年 5次 B,下半身用の制服に装着する源石。4年生用 ランク 5、グレード B,装備アイテム強化,10,0,5,0
76281,reinforce_6001,腰衣源石 4年 5次 B+,下半身用の制服に装着する源石。4年生用 ランク 5、グレード B+,装備アイテム強化,10,0,5,0
76282,reinforce_6001,腰衣源石 4年 5次 A-,下半身用の制服に装着する源石。4年生用 ランク 5、グレード A-,装備アイテム強化,10,0,5,0
76283,reinforce_6001,腰衣源石 4年 5次 A,下半身用の制服に装着する源石。4年生用 ランク 5、グレード A,装備アイテム強化,10,0,5,0
76284,reinforce_6001,腰衣源石 4年 5次 A+,下半身用の制服に装着する源石。4年生用 ランク 5、グレード A+,装備アイテム強化,10,0,5,0
76285,reinforce_6001,腰衣源石 4年 5次 S,下半身用の制服に装着する源石。4年生用 ランク 5、グレード S,装備アイテム強化,10,0,5,0
76286,reinforce_6001,腰衣源石 4年 5次 SS,下半身用の制服に装着する源石。4年生用 ランク 5、グレード SS,装備アイテム強化,10,0,5,0
76287,reinforce_6001,腰衣源石 5年 1次 C-,下半身用の制服に装着する源石。5年生用 ランク 1、グレード C-,装備アイテム強化,11,0,5,0
76288,reinforce_6001,腰衣源石 5年 1次 C,下半身用の制服に装着する源石。5年生用 ランク 1、グレード C,装備アイテム強化,11,0,5,0
76289,reinforce_6001,腰衣源石 5年 1次 C+,下半身用の制服に装着する源石。5年生用 ランク 1、グレード C+,装備アイテム強化,11,0,5,0
76290,reinforce_6001,腰衣源石 5年 1次 B-,下半身用の制服に装着する源石。5年生用 ランク 1、グレード B-,装備アイテム強化,11,0,5,0
76291,reinforce_6001,腰衣源石 5年 1次 B,下半身用の制服に装着する源石。5年生用 ランク 1、グレード B,装備アイテム強化,11,0,5,0
76292,reinforce_6001,腰衣源石 5年 1次 B+,下半身用の制服に装着する源石。5年生用 ランク 1、グレード B+,装備アイテム強化,11,0,5,0
76293,reinforce_6001,腰衣源石 5年 1次 A-,下半身用の制服に装着する源石。5年生用 ランク 1、グレード A-,装備アイテム強化,11,0,5,0
76294,reinforce_6001,腰衣源石 5年 1次 A,下半身用の制服に装着する源石。5年生用 ランク 1、グレード A,装備アイテム強化,11,0,5,0
76295,reinforce_6001,腰衣源石 5年 1次 A+,下半身用の制服に装着する源石。5年生用 ランク 1、グレード A+,装備アイテム強化,11,0,5,0
76296,reinforce_6001,腰衣源石 5年 1次 S,下半身用の制服に装着する源石。5年生用 ランク 1、グレード S,装備アイテム強化,11,0,5,0
76297,reinforce_6001,腰衣源石 5年 1次 SS,下半身用の制服に装着する源石。5年生用 ランク 1、グレード SS,装備アイテム強化,11,0,5,0
76298,reinforce_6001,腰衣源石 5年 2次 C-,下半身用の制服に装着する源石。5年生用 ランク 2、グレード C-,装備アイテム強化,11,0,5,0
76299,reinforce_6001,腰衣源石 5年 2次 C,下半身用の制服に装着する源石。5年生用 ランク 2、グレード C,装備アイテム強化,11,0,5,0
76300,reinforce_6001,腰衣源石 5年 2次 C+,下半身用の制服に装着する源石。5年生用 ランク 2、グレード C+,装備アイテム強化,11,0,5,0
76301,reinforce_6001,腰衣源石 5年 2次 B-,下半身用の制服に装着する源石。5年生用 ランク 2、グレード B-,装備アイテム強化,11,0,5,0
76302,reinforce_6001,腰衣源石 5年 2次 B,下半身用の制服に装着する源石。5年生用 ランク 2、グレード B,装備アイテム強化,11,0,5,0
76303,reinforce_6001,腰衣源石 5年 2次 B+,下半身用の制服に装着する源石。5年生用 ランク 2、グレード B+,装備アイテム強化,11,0,5,0
76304,reinforce_6001,腰衣源石 5年 2次 A-,下半身用の制服に装着する源石。5年生用 ランク 2、グレード A-,装備アイテム強化,11,0,5,0
76305,reinforce_6001,腰衣源石 5年 2次 A,下半身用の制服に装着する源石。5年生用 ランク 2、グレード A,装備アイテム強化,11,0,5,0
76306,reinforce_6001,腰衣源石 5年 2次 A+,下半身用の制服に装着する源石。5年生用 ランク 2、グレード A+,装備アイテム強化,11,0,5,0
76307,reinforce_6001,腰衣源石 5年 2次 S,下半身用の制服に装着する源石。5年生用 ランク 2、グレード S,装備アイテム強化,11,0,5,0
76308,reinforce_6001,腰衣源石 5年 2次 SS,下半身用の制服に装着する源石。5年生用 ランク 2、グレード SS,装備アイテム強化,11,0,5,0
76309,reinforce_6001,腰衣源石 5年 3次 C-,下半身用の制服に装着する源石。5年生用 ランク 3、グレード C-,装備アイテム強化,11,0,5,0
76310,reinforce_6001,腰衣源石 5年 3次 C,下半身用の制服に装着する源石。5年生用 ランク 3、グレード C,装備アイテム強化,11,0,5,0
76311,reinforce_6001,腰衣源石 5年 3次 C+,下半身用の制服に装着する源石。5年生用 ランク 3、グレード C+,装備アイテム強化,11,0,5,0
76312,reinforce_6001,腰衣源石 5年 3次 B-,下半身用の制服に装着する源石。5年生用 ランク 3、グレード B-,装備アイテム強化,11,0,5,0
76313,reinforce_6001,腰衣源石 5年 3次 B,下半身用の制服に装着する源石。5年生用 ランク 3、グレード B,装備アイテム強化,11,0,5,0
76314,reinforce_6001,腰衣源石 5年 3次 B+,下半身用の制服に装着する源石。5年生用 ランク 3、グレード B+,装備アイテム強化,11,0,5,0
76315,reinforce_6001,腰衣源石 5年 3次 A-,下半身用の制服に装着する源石。5年生用 ランク 3、グレード A-,装備アイテム強化,11,0,5,0
76316,reinforce_6001,腰衣源石 5年 3次 A,下半身用の制服に装着する源石。5年生用 ランク 3、グレード A,装備アイテム強化,11,0,5,0
76317,reinforce_6001,腰衣源石 5年 3次 A+,下半身用の制服に装着する源石。5年生用 ランク 3、グレード A+,装備アイテム強化,11,0,5,0
76318,reinforce_6001,腰衣源石 5年 3次 S,下半身用の制服に装着する源石。5年生用 ランク 3、グレード S,装備アイテム強化,11,0,5,0
76319,reinforce_6001,腰衣源石 5年 3次 SS,下半身用の制服に装着する源石。5年生用 ランク 3、グレード SS,装備アイテム強化,11,0,5,0
76320,reinforce_6001,腰衣源石 5年 4次 C-,下半身用の制服に装着する源石。5年生用 ランク 4、グレード C-,装備アイテム強化,11,0,5,0
76321,reinforce_6001,腰衣源石 5年 4次 C,下半身用の制服に装着する源石。5年生用 ランク 4、グレード C,装備アイテム強化,11,0,5,0
76322,reinforce_6001,腰衣源石 5年 4次 C+,下半身用の制服に装着する源石。5年生用 ランク 4、グレード C+,装備アイテム強化,11,0,5,0
76323,reinforce_6001,腰衣源石 5年 4次 B-,下半身用の制服に装着する源石。5年生用 ランク 4、グレード B-,装備アイテム強化,11,0,5,0
76324,reinforce_6001,腰衣源石 5年 4次 B,下半身用の制服に装着する源石。5年生用 ランク 4、グレード B,装備アイテム強化,11,0,5,0
76325,reinforce_6001,腰衣源石 5年 4次 B+,下半身用の制服に装着する源石。5年生用 ランク 4、グレード B+,装備アイテム強化,11,0,5,0
76326,reinforce_6001,腰衣源石 5年 4次 A-,下半身用の制服に装着する源石。5年生用 ランク 4、グレード A-,装備アイテム強化,11,0,5,0
76327,reinforce_6001,腰衣源石 5年 4次 A,下半身用の制服に装着する源石。5年生用 ランク 4、グレード A,装備アイテム強化,11,0,5,0
76328,reinforce_6001,腰衣源石 5年 4次 A+,下半身用の制服に装着する源石。5年生用 ランク 4、グレード A+,装備アイテム強化,11,0,5,0
76329,reinforce_6001,腰衣源石 5年 4次 S,下半身用の制服に装着する源石。5年生用 ランク 4、グレード S,装備アイテム強化,11,0,5,0
76330,reinforce_6001,腰衣源石 5年 4次 SS,下半身用の制服に装着する源石。5年生用 ランク 4、グレード SS,装備アイテム強化,11,0,5,0
76331,reinforce_6001,腰衣源石 5年 5次 C-,下半身用の制服に装着する源石。5年生用 ランク 5、グレード C-,装備アイテム強化,11,0,5,0
76332,reinforce_6001,腰衣源石 5年 5次 C,下半身用の制服に装着する源石。5年生用 ランク 5、グレード C,装備アイテム強化,11,0,5,0
76333,reinforce_6001,腰衣源石 5年 5次 C+,下半身用の制服に装着する源石。5年生用 ランク 5、グレード C+,装備アイテム強化,11,0,5,0
76334,reinforce_6001,腰衣源石 5年 5次 B-,下半身用の制服に装着する源石。5年生用 ランク 5、グレード B-,装備アイテム強化,11,0,5,0
76335,reinforce_6001,腰衣源石 5年 5次 B,下半身用の制服に装着する源石。5年生用 ランク 5、グレード B,装備アイテム強化,11,0,5,0
76336,reinforce_6001,腰衣源石 5年 5次 B+,下半身用の制服に装着する源石。5年生用 ランク 5、グレード B+,装備アイテム強化,11,0,5,0
76337,reinforce_6001,腰衣源石 5年 5次 A-,下半身用の制服に装着する源石。5年生用 ランク 5、グレード A-,装備アイテム強化,11,0,5,0
76338,reinforce_6001,腰衣源石 5年 5次 A,下半身用の制服に装着する源石。5年生用 ランク 5、グレード A,装備アイテム強化,11,0,5,0
76339,reinforce_6001,腰衣源石 5年 5次 A+,下半身用の制服に装着する源石。5年生用 ランク 5、グレード A+,装備アイテム強化,11,0,5,0
76340,reinforce_6001,腰衣源石 5年 5次 S,下半身用の制服に装着する源石。5年生用 ランク 5、グレード S,装備アイテム強化,11,0,5,0
76341,reinforce_6001,腰衣源石 5年 5次 SS,下半身用の制服に装着する源石。5年生用 ランク 5、グレード SS,装備アイテム強化,11,0,5,0
76342,reinforce_6001,腰衣源石 5年 6次 C-,下半身用の制服に装着する源石。5年生用 ランク 6、グレード C-,装備アイテム強化,11,0,5,0
76343,reinforce_6001,腰衣源石 5年 6次 C,下半身用の制服に装着する源石。5年生用 ランク 6、グレード C,装備アイテム強化,11,0,5,0
76344,reinforce_6001,腰衣源石 5年 6次 C+,下半身用の制服に装着する源石。5年生用 ランク 6、グレード C+,装備アイテム強化,11,0,5,0
76345,reinforce_6001,腰衣源石 5年 6次 B-,下半身用の制服に装着する源石。5年生用 ランク 6、グレード B-,装備アイテム強化,11,0,5,0
76346,reinforce_6001,腰衣源石 5年 6次 B,下半身用の制服に装着する源石。5年生用 ランク 6、グレード B,装備アイテム強化,11,0,5,0
76347,reinforce_6001,腰衣源石 5年 6次 B+,下半身用の制服に装着する源石。5年生用 ランク 6、グレード B+,装備アイテム強化,11,0,5,0
76348,reinforce_6001,腰衣源石 5年 6次 A-,下半身用の制服に装着する源石。5年生用 ランク 6、グレード A-,装備アイテム強化,11,0,5,0
76349,reinforce_6001,腰衣源石 5年 6次 A,下半身用の制服に装着する源石。5年生用 ランク 6、グレード A,装備アイテム強化,11,0,5,0
76350,reinforce_6001,腰衣源石 5年 6次 A+,下半身用の制服に装着する源石。5年生用 ランク 6、グレード A+,装備アイテム強化,11,0,5,0
76351,reinforce_6001,腰衣源石 5年 6次 S,下半身用の制服に装着する源石。5年生用 ランク 6、グレード S,装備アイテム強化,11,0,5,0
76352,reinforce_6001,腰衣源石 5年 6次 SS,下半身用の制服に装着する源石。5年生用 ランク 6、グレード SS,装備アイテム強化,11,0,5,0
76353,reinforce_6001,腰衣源石 5年 7次 C-,下半身用の制服に装着する源石。5年生用 ランク 7、グレード C-,装備アイテム強化,11,0,5,0
76354,reinforce_6001,腰衣源石 5年 7次 C,下半身用の制服に装着する源石。5年生用 ランク 7、グレード C,装備アイテム強化,11,0,5,0
76355,reinforce_6001,腰衣源石 5年 7次 C+,下半身用の制服に装着する源石。5年生用 ランク 7、グレード C+,装備アイテム強化,11,0,5,0
76356,reinforce_6001,腰衣源石 5年 7次 B-,下半身用の制服に装着する源石。5年生用 ランク 7、グレード B-,装備アイテム強化,11,0,5,0
76357,reinforce_6001,腰衣源石 5年 7次 B,下半身用の制服に装着する源石。5年生用 ランク 7、グレード B,装備アイテム強化,11,0,5,0
76358,reinforce_6001,腰衣源石 5年 7次 B+,下半身用の制服に装着する源石。5年生用 ランク 7、グレード B+,装備アイテム強化,11,0,5,0
76359,reinforce_6001,腰衣源石 5年 7次 A-,下半身用の制服に装着する源石。5年生用 ランク 7、グレード A-,装備アイテム強化,11,0,5,0
76360,reinforce_6001,腰衣源石 5年 7次 A,下半身用の制服に装着する源石。5年生用 ランク 7、グレード A,装備アイテム強化,11,0,5,0
76361,reinforce_6001,腰衣源石 5年 7次 A+,下半身用の制服に装着する源石。5年生用 ランク 7、グレード A+,装備アイテム強化,11,0,5,0
76362,reinforce_6001,腰衣源石 5年 7次 S,下半身用の制服に装着する源石。5年生用 ランク 7、グレード S,装備アイテム強化,11,0,5,0
76363,reinforce_6001,腰衣源石 5年 7次 SS,下半身用の制服に装着する源石。5年生用 ランク 7、グレード SS,装備アイテム強化,11,0,5,0
76364,reinforce_6001,腰衣源石 5年 8次 C-,下半身用の制服に装着する源石。5年生用 ランク 8、グレード C-,装備アイテム強化,11,0,5,0
76365,reinforce_6001,腰衣源石 5年 8次 C,下半身用の制服に装着する源石。5年生用 ランク 8、グレード C,装備アイテム強化,11,0,5,0
76366,reinforce_6001,腰衣源石 5年 8次 C+,下半身用の制服に装着する源石。5年生用 ランク 8、グレード C+,装備アイテム強化,11,0,5,0
76367,reinforce_6001,腰衣源石 5年 8次 B-,下半身用の制服に装着する源石。5年生用 ランク 8、グレード B-,装備アイテム強化,11,0,5,0
76368,reinforce_6001,腰衣源石 5年 8次 B,下半身用の制服に装着する源石。5年生用 ランク 8、グレード B,装備アイテム強化,11,0,5,0
76369,reinforce_6001,腰衣源石 5年 8次 B+,下半身用の制服に装着する源石。5年生用 ランク 8、グレード B+,装備アイテム強化,11,0,5,0
76370,reinforce_6001,腰衣源石 5年 8次 A-,下半身用の制服に装着する源石。5年生用 ランク 8、グレード A-,装備アイテム強化,11,0,5,0
76371,reinforce_6001,腰衣源石 5年 8次 A,下半身用の制服に装着する源石。5年生用 ランク 8、グレード A,装備アイテム強化,11,0,5,0
76372,reinforce_6001,腰衣源石 5年 8次 A+,下半身用の制服に装着する源石。5年生用 ランク 8、グレード A+,装備アイテム強化,11,0,5,0
76373,reinforce_6001,腰衣源石 5年 8次 S,下半身用の制服に装着する源石。5年生用 ランク 8、グレード S,装備アイテム強化,11,0,5,0
76374,reinforce_6001,腰衣源石 5年 8次 SS,下半身用の制服に装着する源石。5年生用 ランク 8、グレード SS,装備アイテム強化,11,0,5,0
76375,reinforce_6001,腰衣源石 6年 1次 C-,下半身用の制服に装着する源石。6年生用 ランク 1、グレード C-,装備アイテム強化,11,0,5,0
76376,reinforce_6001,腰衣源石 6年 1次 C,下半身用の制服に装着する源石。6年生用 ランク 1、グレード C,装備アイテム強化,11,0,5,0
76377,reinforce_6001,腰衣源石 6年 1次 C+,下半身用の制服に装着する源石。6年生用 ランク 1、グレード C+,装備アイテム強化,11,0,5,0
76378,reinforce_6001,腰衣源石 6年 1次 B-,下半身用の制服に装着する源石。6年生用 ランク 1、グレード B-,装備アイテム強化,11,0,5,0
76379,reinforce_6001,腰衣源石 6年 1次 B,下半身用の制服に装着する源石。6年生用 ランク 1、グレード B,装備アイテム強化,11,0,5,0
76380,reinforce_6001,腰衣源石 6年 1次 B+,下半身用の制服に装着する源石。6年生用 ランク 1、グレード B+,装備アイテム強化,11,0,5,0
76381,reinforce_6001,腰衣源石 6年 1次 A-,下半身用の制服に装着する源石。6年生用 ランク 1、グレード A-,装備アイテム強化,11,0,5,0
76382,reinforce_6001,腰衣源石 6年 1次 A,下半身用の制服に装着する源石。6年生用 ランク 1、グレード A,装備アイテム強化,11,0,5,0
76383,reinforce_6001,腰衣源石 6年 1次 A+,下半身用の制服に装着する源石。6年生用 ランク 1、グレード A+,装備アイテム強化,11,0,5,0
76384,reinforce_6001,腰衣源石 6年 1次 S,下半身用の制服に装着する源石。6年生用 ランク 1、グレード S,装備アイテム強化,11,0,5,0
76385,reinforce_6001,腰衣源石 6年 1次 SS,下半身用の制服に装着する源石。6年生用 ランク 1、グレード SS,装備アイテム強化,11,0,5,0
76386,reinforce_6001,腰衣源石 6年 2次 C-,下半身用の制服に装着する源石。6年生用 ランク 2、グレード C-,装備アイテム強化,11,0,5,0
76387,reinforce_6001,腰衣源石 6年 2次 C,下半身用の制服に装着する源石。6年生用 ランク 2、グレード C,装備アイテム強化,11,0,5,0
76388,reinforce_6001,腰衣源石 6年 2次 C+,下半身用の制服に装着する源石。6年生用 ランク 2、グレード C+,装備アイテム強化,11,0,5,0
76389,reinforce_6001,腰衣源石 6年 2次 B-,下半身用の制服に装着する源石。6年生用 ランク 2、グレード B-,装備アイテム強化,11,0,5,0
76390,reinforce_6001,腰衣源石 6年 2次 B,下半身用の制服に装着する源石。6年生用 ランク 2、グレード B,装備アイテム強化,11,0,5,0
76391,reinforce_6001,腰衣源石 6年 2次 B+,下半身用の制服に装着する源石。6年生用 ランク 2、グレード B+,装備アイテム強化,11,0,5,0
76392,reinforce_6001,腰衣源石 6年 2次 A-,下半身用の制服に装着する源石。6年生用 ランク 2、グレード A-,装備アイテム強化,11,0,5,0
76393,reinforce_6001,腰衣源石 6年 2次 A,下半身用の制服に装着する源石。6年生用 ランク 2、グレード A,装備アイテム強化,11,0,5,0
76394,reinforce_6001,腰衣源石 6年 2次 A+,下半身用の制服に装着する源石。6年生用 ランク 2、グレード A+,装備アイテム強化,11,0,5,0
76395,reinforce_6001,腰衣源石 6年 2次 S,下半身用の制服に装着する源石。6年生用 ランク 2、グレード S,装備アイテム強化,11,0,5,0
76396,reinforce_6001,腰衣源石 6年 2次 SS,下半身用の制服に装着する源石。6年生用 ランク 2、グレード SS,装備アイテム強化,11,0,5,0
76397,reinforce_6001,腰衣源石 6年 3次 C-,下半身用の制服に装着する源石。6年生用 ランク 3、グレード C-,装備アイテム強化,11,0,5,0
76398,reinforce_6001,腰衣源石 6年 3次 C,下半身用の制服に装着する源石。6年生用 ランク 3、グレード C,装備アイテム強化,11,0,5,0
76399,reinforce_6001,腰衣源石 6年 3次 C+,下半身用の制服に装着する源石。6年生用 ランク 3、グレード C+,装備アイテム強化,11,0,5,0
76400,reinforce_6001,腰衣源石 6年 3次 B-,下半身用の制服に装着する源石。6年生用 ランク 3、グレード B-,装備アイテム強化,11,0,5,0
76401,reinforce_6001,腰衣源石 6年 3次 B,下半身用の制服に装着する源石。6年生用 ランク 3、グレード B,装備アイテム強化,11,0,5,0
76402,reinforce_6001,腰衣源石 6年 3次 B+,下半身用の制服に装着する源石。6年生用 ランク 3、グレード B+,装備アイテム強化,11,0,5,0
76403,reinforce_6001,腰衣源石 6年 3次 A-,下半身用の制服に装着する源石。6年生用 ランク 3、グレード A-,装備アイテム強化,11,0,5,0
76404,reinforce_6001,腰衣源石 6年 3次 A,下半身用の制服に装着する源石。6年生用 ランク 3、グレード A,装備アイテム強化,11,0,5,0
76405,reinforce_6001,腰衣源石 6年 3次 A+,下半身用の制服に装着する源石。6年生用 ランク 3、グレード A+,装備アイテム強化,11,0,5,0
76406,reinforce_6001,腰衣源石 6年 3次 S,下半身用の制服に装着する源石。6年生用 ランク 3、グレード S,装備アイテム強化,11,0,5,0
76407,reinforce_6001,腰衣源石 6年 3次 SS,下半身用の制服に装着する源石。6年生用 ランク 3、グレード SS,装備アイテム強化,11,0,5,0
76408,reinforce_6001,腰衣源石 6年 4次 C-,下半身用の制服に装着する源石。6年生用 ランク 4、グレード C-,装備アイテム強化,11,0,5,0
76409,reinforce_6001,腰衣源石 6年 4次 C,下半身用の制服に装着する源石。6年生用 ランク 4、グレード C,装備アイテム強化,11,0,5,0
76410,reinforce_6001,腰衣源石 6年 4次 C+,下半身用の制服に装着する源石。6年生用 ランク 4、グレード C+,装備アイテム強化,11,0,5,0
76411,reinforce_6001,腰衣源石 6年 4次 B-,下半身用の制服に装着する源石。6年生用 ランク 4、グレード B-,装備アイテム強化,11,0,5,0
76412,reinforce_6001,腰衣源石 6年 4次 B,下半身用の制服に装着する源石。6年生用 ランク 4、グレード B,装備アイテム強化,11,0,5,0
76413,reinforce_6001,腰衣源石 6年 4次 B+,下半身用の制服に装着する源石。6年生用 ランク 4、グレード B+,装備アイテム強化,11,0,5,0
76414,reinforce_6001,腰衣源石 6年 4次 A-,下半身用の制服に装着する源石。6年生用 ランク 4、グレード A-,装備アイテム強化,11,0,5,0
76415,reinforce_6001,腰衣源石 6年 4次 A,下半身用の制服に装着する源石。6年生用 ランク 4、グレード A,装備アイテム強化,11,0,5,0
76416,reinforce_6001,腰衣源石 6年 4次 A+,下半身用の制服に装着する源石。6年生用 ランク 4、グレード A+,装備アイテム強化,11,0,5,0
76417,reinforce_6001,腰衣源石 6年 4次 S,下半身用の制服に装着する源石。6年生用 ランク 4、グレード S,装備アイテム強化,11,0,5,0
76418,reinforce_6001,腰衣源石 6年 4次 SS,下半身用の制服に装着する源石。6年生用 ランク 4、グレード SS,装備アイテム強化,11,0,5,0
76419,reinforce_6001,腰衣源石 6年 5次 C-,下半身用の制服に装着する源石。6年生用 ランク 5、グレード C-,装備アイテム強化,11,0,5,0
76420,reinforce_6001,腰衣源石 6年 5次 C,下半身用の制服に装着する源石。6年生用 ランク 5、グレード C,装備アイテム強化,11,0,5,0
76421,reinforce_6001,腰衣源石 6年 5次 C+,下半身用の制服に装着する源石。6年生用 ランク 5、グレード C+,装備アイテム強化,11,0,5,0
76422,reinforce_6001,腰衣源石 6年 5次 B-,下半身用の制服に装着する源石。6年生用 ランク 5、グレード B-,装備アイテム強化,11,0,5,0
76423,reinforce_6001,腰衣源石 6年 5次 B,下半身用の制服に装着する源石。6年生用 ランク 5、グレード B,装備アイテム強化,11,0,5,0
76424,reinforce_6001,腰衣源石 6年 5次 B+,下半身用の制服に装着する源石。6年生用 ランク 5、グレード B+,装備アイテム強化,11,0,5,0
76425,reinforce_6001,腰衣源石 6年 5次 A-,下半身用の制服に装着する源石。6年生用 ランク 5、グレード A-,装備アイテム強化,11,0,5,0
76426,reinforce_6001,腰衣源石 6年 5次 A,下半身用の制服に装着する源石。6年生用 ランク 5、グレード A,装備アイテム強化,11,0,5,0
77100,reinforce_7001,走源石 1年 1次 C-,靴に装着する源石。1年生用 ランク 1、グレード C-,装備アイテム強化,7,0,5,0
77101,reinforce_7001,走源石 1年 1次 C,靴に装着する源石。1年生用 ランク 1、グレード C,装備アイテム強化,7,0,5,0
77102,reinforce_7001,走源石 1年 1次 C+,靴に装着する源石。1年生用 ランク 1、グレード C+,装備アイテム強化,7,0,5,0
77103,reinforce_7001,走源石 1年 1次 B-,靴に装着する源石。1年生用 ランク 1、グレード B-,装備アイテム強化,7,0,5,0
77104,reinforce_7001,走源石 1年 1次 B,靴に装着する源石。1年生用 ランク 1、グレード B,装備アイテム強化,7,0,5,0
77105,reinforce_7001,走源石 1年 1次 B+,靴に装着する源石。1年生用 ランク 1、グレード B+,装備アイテム強化,7,0,5,0
77106,reinforce_7001,走源石 1年 1次 A-,靴に装着する源石。1年生用 ランク 1、グレード A-,装備アイテム強化,7,0,5,0
77107,reinforce_7001,走源石 1年 1次 A,靴に装着する源石。1年生用 ランク 1、グレード A,装備アイテム強化,7,0,5,0
77108,reinforce_7001,走源石 1年 1次 A+,靴に装着する源石。1年生用 ランク 1、グレード A+,装備アイテム強化,7,0,5,0
77109,reinforce_7001,走源石 1年 1次 S,靴に装着する源石。1年生用 ランク 1、グレード S,装備アイテム強化,7,0,5,0
77110,reinforce_7001,走源石 1年 1次 SS,靴に装着する源石。1年生用 ランク 1、グレード SS,装備アイテム強化,7,0,5,0
77111,reinforce_7001,走源石 1年 2次 C-,靴に装着する源石。1年生用 ランク 2、グレード C-,装備アイテム強化,7,0,5,0
77112,reinforce_7001,走源石 1年 2次 C,靴に装着する源石。1年生用 ランク 2、グレード C,装備アイテム強化,7,0,5,0
77113,reinforce_7001,走源石 1年 2次 C+,靴に装着する源石。1年生用 ランク 2、グレード C+,装備アイテム強化,7,0,5,0
77114,reinforce_7001,走源石 1年 2次 B-,靴に装着する源石。1年生用 ランク 2、グレード B-,装備アイテム強化,7,0,5,0
77115,reinforce_7001,走源石 1年 2次 B,靴に装着する源石。1年生用 ランク 2、グレード B,装備アイテム強化,7,0,5,0
77116,reinforce_7001,走源石 1年 2次 B+,靴に装着する源石。1年生用 ランク 2、グレード B+,装備アイテム強化,7,0,5,0
77117,reinforce_7001,走源石 1年 2次 A-,靴に装着する源石。1年生用 ランク 2、グレード A-,装備アイテム強化,7,0,5,0
77118,reinforce_7001,走源石 1年 2次 A,靴に装着する源石。1年生用 ランク 2、グレード A,装備アイテム強化,7,0,5,0
77119,reinforce_7001,走源石 1年 2次 A+,靴に装着する源石。1年生用 ランク 2、グレード A+,装備アイテム強化,7,0,5,0
77120,reinforce_7001,走源石 1年 2次 S,靴に装着する源石。1年生用 ランク 2、グレード S,装備アイテム強化,7,0,5,0
77121,reinforce_7001,走源石 1年 2次 SS,靴に装着する源石。1年生用 ランク 2、グレード SS,装備アイテム強化,7,0,5,0
77122,reinforce_7001,走源石 1年 3次 C-,靴に装着する源石。1年生用 ランク 3、グレード C-,装備アイテム強化,7,0,5,0
77123,reinforce_7001,走源石 1年 3次 C,靴に装着する源石。1年生用 ランク 3、グレード C,装備アイテム強化,7,0,5,0
77124,reinforce_7001,走源石 1年 3次 C+,靴に装着する源石。1年生用 ランク 3、グレード C+,装備アイテム強化,7,0,5,0
77125,reinforce_7001,走源石 1年 3次 B-,靴に装着する源石。1年生用 ランク 3、グレード B-,装備アイテム強化,7,0,5,0
77126,reinforce_7001,走源石 1年 3次 B,靴に装着する源石。1年生用 ランク 3、グレード B,装備アイテム強化,7,0,5,0
77127,reinforce_7001,走源石 1年 3次 B+,靴に装着する源石。1年生用 ランク 3、グレード B+,装備アイテム強化,7,0,5,0
77128,reinforce_7001,走源石 1年 3次 A-,靴に装着する源石。1年生用 ランク 3、グレード A-,装備アイテム強化,7,0,5,0
77129,reinforce_7001,走源石 1年 3次 A,靴に装着する源石。1年生用 ランク 3、グレード A,装備アイテム強化,7,0,5,0
77130,reinforce_7001,走源石 1年 3次 A+,靴に装着する源石。1年生用 ランク 3、グレード A+,装備アイテム強化,7,0,5,0
77131,reinforce_7001,走源石 1年 3次 S,靴に装着する源石。1年生用 ランク 3、グレード S,装備アイテム強化,7,0,5,0
77132,reinforce_7001,走源石 1年 3次 SS,靴に装着する源石。1年生用 ランク 3、グレード SS,装備アイテム強化,7,0,5,0
77133,reinforce_7001,走源石 1年 4次 C-,靴に装着する源石。1年生用 ランク 4、グレード C-,装備アイテム強化,7,0,5,0
77134,reinforce_7001,走源石 1年 4次 C,靴に装着する源石。1年生用 ランク 4、グレード C,装備アイテム強化,7,0,5,0
77135,reinforce_7001,走源石 1年 4次 C+,靴に装着する源石。1年生用 ランク 4、グレード C+,装備アイテム強化,7,0,5,0
77136,reinforce_7001,走源石 1年 4次 B-,靴に装着する源石。1年生用 ランク 4、グレード B-,装備アイテム強化,7,0,5,0
77137,reinforce_7001,走源石 1年 4次 B,靴に装着する源石。1年生用 ランク 4、グレード B,装備アイテム強化,7,0,5,0
77138,reinforce_7001,走源石 1年 4次 B+,靴に装着する源石。1年生用 ランク 4、グレード B+,装備アイテム強化,7,0,5,0
77139,reinforce_7001,走源石 1年 4次 A-,靴に装着する源石。1年生用 ランク 4、グレード A-,装備アイテム強化,7,0,5,0
77140,reinforce_7001,走源石 1年 4次 A,靴に装着する源石。1年生用 ランク 4、グレード A,装備アイテム強化,7,0,5,0
77141,reinforce_7001,走源石 1年 4次 A+,靴に装着する源石。1年生用 ランク 4、グレード A+,装備アイテム強化,7,0,5,0
77142,reinforce_7001,走源石 1年 4次 S,靴に装着する源石。1年生用 ランク 4、グレード S,装備アイテム強化,7,0,5,0
77143,reinforce_7001,走源石 1年 4次 SS,靴に装着する源石。1年生用 ランク 4、グレード SS,装備アイテム強化,7,0,5,0
77144,reinforce_7001,走源石 2年 1次 C-,靴に装着する源石。2年生用 ランク 1、グレード C-,装備アイテム強化,8,0,5,0
77145,reinforce_7001,走源石 2年 1次 C,靴に装着する源石。2年生用 ランク 1、グレード C,装備アイテム強化,8,0,5,0
77146,reinforce_7001,走源石 2年 1次 C+,靴に装着する源石。2年生用 ランク 1、グレード C+,装備アイテム強化,8,0,5,0
77147,reinforce_7001,走源石 2年 1次 B-,靴に装着する源石。2年生用 ランク 1、グレード B-,装備アイテム強化,8,0,5,0
77148,reinforce_7001,走源石 2年 1次 B,靴に装着する源石。2年生用 ランク 1、グレード B,装備アイテム強化,8,0,5,0
77149,reinforce_7001,走源石 2年 1次 B+,靴に装着する源石。2年生用 ランク 1、グレード B+,装備アイテム強化,8,0,5,0
77150,reinforce_7001,走源石 2年 1次 A-,靴に装着する源石。2年生用 ランク 1、グレード A-,装備アイテム強化,8,0,5,0
77151,reinforce_7001,走源石 2年 1次 A,靴に装着する源石。2年生用 ランク 1、グレード A,装備アイテム強化,8,0,5,0
77152,reinforce_7001,走源石 2年 1次 A+,靴に装着する源石。2年生用 ランク 1、グレード A+,装備アイテム強化,8,0,5,0
77153,reinforce_7001,走源石 2年 1次 S,靴に装着する源石。2年生用 ランク 1、グレード S,装備アイテム強化,8,0,5,0
77154,reinforce_7001,走源石 2年 1次 SS,靴に装着する源石。2年生用 ランク 1、グレード SS,装備アイテム強化,8,0,5,0
77155,reinforce_7001,走源石 2年 2次 C-,靴に装着する源石。2年生用 ランク 2、グレード C-,装備アイテム強化,8,0,5,0
77156,reinforce_7001,走源石 2年 2次 C,靴に装着する源石。2年生用 ランク 2、グレード C,装備アイテム強化,8,0,5,0
77157,reinforce_7001,走源石 2年 2次 C+,靴に装着する源石。2年生用 ランク 2、グレード C+,装備アイテム強化,8,0,5,0
77158,reinforce_7001,走源石 2年 2次 B-,靴に装着する源石。2年生用 ランク 2、グレード B-,装備アイテム強化,8,0,5,0
77159,reinforce_7001,走源石 2年 2次 B,靴に装着する源石。2年生用 ランク 2、グレード B,装備アイテム強化,8,0,5,0
77160,reinforce_7001,走源石 2年 2次 B+,靴に装着する源石。2年生用 ランク 2、グレード B+,装備アイテム強化,8,0,5,0
77161,reinforce_7001,走源石 2年 2次 A-,靴に装着する源石。2年生用 ランク 2、グレード A-,装備アイテム強化,8,0,5,0
77162,reinforce_7001,走源石 2年 2次 A,靴に装着する源石。2年生用 ランク 2、グレード A,装備アイテム強化,8,0,5,0
77163,reinforce_7001,走源石 2年 2次 A+,靴に装着する源石。2年生用 ランク 2、グレード A+,装備アイテム強化,8,0,5,0
77164,reinforce_7001,走源石 2年 2次 S,靴に装着する源石。2年生用 ランク 2、グレード S,装備アイテム強化,8,0,5,0
77165,reinforce_7001,走源石 2年 2次 SS,靴に装着する源石。2年生用 ランク 2、グレード SS,装備アイテム強化,8,0,5,0
77166,reinforce_7001,走源石 2年 3次 C-,靴に装着する源石。2年生用 ランク 3、グレード C-,装備アイテム強化,8,0,5,0
77167,reinforce_7001,走源石 2年 3次 C,靴に装着する源石。2年生用 ランク 3、グレード C,装備アイテム強化,8,0,5,0
77168,reinforce_7001,走源石 2年 3次 C+,靴に装着する源石。2年生用 ランク 3、グレード C+,装備アイテム強化,8,0,5,0
77169,reinforce_7001,走源石 2年 3次 B-,靴に装着する源石。2年生用 ランク 3、グレード B-,装備アイテム強化,8,0,5,0
77170,reinforce_7001,走源石 2年 3次 B,靴に装着する源石。2年生用 ランク 3、グレード B,装備アイテム強化,8,0,5,0
77171,reinforce_7001,走源石 2年 3次 B+,靴に装着する源石。2年生用 ランク 3、グレード B+,装備アイテム強化,8,0,5,0
77172,reinforce_7001,走源石 2年 3次 A-,靴に装着する源石。2年生用 ランク 3、グレード A-,装備アイテム強化,8,0,5,0
77173,reinforce_7001,走源石 2年 3次 A,靴に装着する源石。2年生用 ランク 3、グレード A,装備アイテム強化,8,0,5,0
77174,reinforce_7001,走源石 2年 3次 A+,靴に装着する源石。2年生用 ランク 3、グレード A+,装備アイテム強化,8,0,5,0
77175,reinforce_7001,走源石 2年 3次 S,靴に装着する源石。2年生用 ランク 3、グレード S,装備アイテム強化,8,0,5,0
77176,reinforce_7001,走源石 2年 3次 SS,靴に装着する源石。2年生用 ランク 3、グレード SS,装備アイテム強化,8,0,5,0
77177,reinforce_7001,走源石 2年 4次 C-,靴に装着する源石。2年生用 ランク 4、グレード C-,装備アイテム強化,8,0,5,0
77178,reinforce_7001,走源石 2年 4次 C,靴に装着する源石。2年生用 ランク 4、グレード C,装備アイテム強化,8,0,5,0
77179,reinforce_7001,走源石 2年 4次 C+,靴に装着する源石。2年生用 ランク 4、グレード C+,装備アイテム強化,8,0,5,0
77180,reinforce_7001,走源石 2年 4次 B-,靴に装着する源石。2年生用 ランク 4、グレード B-,装備アイテム強化,8,0,5,0
77181,reinforce_7001,走源石 2年 4次 B,靴に装着する源石。2年生用 ランク 4、グレード B,装備アイテム強化,8,0,5,0
77182,reinforce_7001,走源石 2年 4次 B+,靴に装着する源石。2年生用 ランク 4、グレード B+,装備アイテム強化,8,0,5,0
77183,reinforce_7001,走源石 2年 4次 A-,靴に装着する源石。2年生用 ランク 4、グレード A-,装備アイテム強化,8,0,5,0
77184,reinforce_7001,走源石 2年 4次 A,靴に装着する源石。2年生用 ランク 4、グレード A,装備アイテム強化,8,0,5,0
77185,reinforce_7001,走源石 2年 4次 A+,靴に装着する源石。2年生用 ランク 4、グレード A+,装備アイテム強化,8,0,5,0
77186,reinforce_7001,走源石 2年 4次 S,靴に装着する源石。2年生用 ランク 4、グレード S,装備アイテム強化,8,0,5,0
77187,reinforce_7001,走源石 2年 4次 SS,靴に装着する源石。2年生用 ランク 4、グレード SS,装備アイテム強化,8,0,5,0
77188,reinforce_7001,走源石 3年 1次 C-,靴に装着する源石。3年生用 ランク 1、グレード C-,装備アイテム強化,9,0,5,0
77189,reinforce_7001,走源石 3年 1次 C,靴に装着する源石。3年生用 ランク 1、グレード C,装備アイテム強化,9,0,5,0
77190,reinforce_7001,走源石 3年 1次 C+,靴に装着する源石。3年生用 ランク 1、グレード C+,装備アイテム強化,9,0,5,0
77191,reinforce_7001,走源石 3年 1次 B-,靴に装着する源石。3年生用 ランク 1、グレード B-,装備アイテム強化,9,0,5,0
77192,reinforce_7001,走源石 3年 1次 B,靴に装着する源石。3年生用 ランク 1、グレード B,装備アイテム強化,9,0,5,0
77193,reinforce_7001,走源石 3年 1次 B+,靴に装着する源石。3年生用 ランク 1、グレード B+,装備アイテム強化,9,0,5,0
77194,reinforce_7001,走源石 3年 1次 A-,靴に装着する源石。3年生用 ランク 1、グレード A-,装備アイテム強化,9,0,5,0
77195,reinforce_7001,走源石 3年 1次 A,靴に装着する源石。3年生用 ランク 1、グレード A,装備アイテム強化,9,0,5,0
77196,reinforce_7001,走源石 3年 1次 A+,靴に装着する源石。3年生用 ランク 1、グレード A+,装備アイテム強化,9,0,5,0
77197,reinforce_7001,走源石 3年 1次 S,靴に装着する源石。3年生用 ランク 1、グレード S,装備アイテム強化,9,0,5,0
77198,reinforce_7001,走源石 3年 1次 SS,靴に装着する源石。3年生用 ランク 1、グレード SS,装備アイテム強化,9,0,5,0
77199,reinforce_7001,走源石 3年 2次 C-,靴に装着する源石。3年生用 ランク 2、グレード C-,装備アイテム強化,9,0,5,0
77200,reinforce_7001,走源石 3年 2次 C,靴に装着する源石。3年生用 ランク 2、グレード C,装備アイテム強化,9,0,5,0
77201,reinforce_7001,走源石 3年 2次 C+,靴に装着する源石。3年生用 ランク 2、グレード C+,装備アイテム強化,9,0,5,0
77202,reinforce_7001,走源石 3年 2次 B-,靴に装着する源石。3年生用 ランク 2、グレード B-,装備アイテム強化,9,0,5,0
77203,reinforce_7001,走源石 3年 2次 B,靴に装着する源石。3年生用 ランク 2、グレード B,装備アイテム強化,9,0,5,0
77204,reinforce_7001,走源石 3年 2次 B+,靴に装着する源石。3年生用 ランク 2、グレード B+,装備アイテム強化,9,0,5,0
77205,reinforce_7001,走源石 3年 2次 A-,靴に装着する源石。3年生用 ランク 2、グレード A-,装備アイテム強化,9,0,5,0
77206,reinforce_7001,走源石 3年 2次 A,靴に装着する源石。3年生用 ランク 2、グレード A,装備アイテム強化,9,0,5,0
77207,reinforce_7001,走源石 3年 2次 A+,靴に装着する源石。3年生用 ランク 2、グレード A+,装備アイテム強化,9,0,5,0
77208,reinforce_7001,走源石 3年 2次 S,靴に装着する源石。3年生用 ランク 2、グレード S,装備アイテム強化,9,0,5,0
77209,reinforce_7001,走源石 3年 2次 SS,靴に装着する源石。3年生用 ランク 2、グレード SS,装備アイテム強化,9,0,5,0
77210,reinforce_7001,走源石 3年 3次 C-,靴に装着する源石。3年生用 ランク 3、グレード C-,装備アイテム強化,9,0,5,0
77211,reinforce_7001,走源石 3年 3次 C,靴に装着する源石。3年生用 ランク 3、グレード C,装備アイテム強化,9,0,5,0
77212,reinforce_7001,走源石 3年 3次 C+,靴に装着する源石。3年生用 ランク 3、グレード C+,装備アイテム強化,9,0,5,0
77213,reinforce_7001,走源石 3年 3次 B-,靴に装着する源石。3年生用 ランク 3、グレード B-,装備アイテム強化,9,0,5,0
77214,reinforce_7001,走源石 3年 3次 B,靴に装着する源石。3年生用 ランク 3、グレード B,装備アイテム強化,9,0,5,0
77215,reinforce_7001,走源石 3年 3次 B+,靴に装着する源石。3年生用 ランク 3、グレード B+,装備アイテム強化,9,0,5,0
77216,reinforce_7001,走源石 3年 3次 A-,靴に装着する源石。3年生用 ランク 3、グレード A-,装備アイテム強化,9,0,5,0
77217,reinforce_7001,走源石 3年 3次 A,靴に装着する源石。3年生用 ランク 3、グレード A,装備アイテム強化,9,0,5,0
77218,reinforce_7001,走源石 3年 3次 A+,靴に装着する源石。3年生用 ランク 3、グレード A+,装備アイテム強化,9,0,5,0
77219,reinforce_7001,走源石 3年 3次 S,靴に装着する源石。3年生用 ランク 3、グレード S,装備アイテム強化,9,0,5,0
77220,reinforce_7001,走源石 3年 3次 SS,靴に装着する源石。3年生用 ランク 3、グレード SS,装備アイテム強化,9,0,5,0
77221,reinforce_7001,走源石 3年 4次 C-,靴に装着する源石。3年生用 ランク 4、グレード C-,装備アイテム強化,9,0,5,0
77222,reinforce_7001,走源石 3年 4次 C,靴に装着する源石。3年生用 ランク 4、グレード C,装備アイテム強化,9,0,5,0
77223,reinforce_7001,走源石 3年 4次 C+,靴に装着する源石。3年生用 ランク 4、グレード C+,装備アイテム強化,9,0,5,0
77224,reinforce_7001,走源石 3年 4次 B-,靴に装着する源石。3年生用 ランク 4、グレード B-,装備アイテム強化,9,0,5,0
77225,reinforce_7001,走源石 3年 4次 B,靴に装着する源石。3年生用 ランク 4、グレード B,装備アイテム強化,9,0,5,0
77226,reinforce_7001,走源石 3年 4次 B+,靴に装着する源石。3年生用 ランク 4、グレード B+,装備アイテム強化,9,0,5,0
77227,reinforce_7001,走源石 3年 4次 A-,靴に装着する源石。3年生用 ランク 4、グレード A-,装備アイテム強化,9,0,5,0
77228,reinforce_7001,走源石 3年 4次 A,靴に装着する源石。3年生用 ランク 4、グレード A,装備アイテム強化,9,0,5,0
77229,reinforce_7001,走源石 3年 4次 A+,靴に装着する源石。3年生用 ランク 4、グレード A+,装備アイテム強化,9,0,5,0
77230,reinforce_7001,走源石 3年 4次 S,靴に装着する源石。3年生用 ランク 4、グレード S,装備アイテム強化,9,0,5,0
77231,reinforce_7001,走源石 3年 4次 SS,靴に装着する源石。3年生用 ランク 4、グレード SS,装備アイテム強化,9,0,5,0
77232,reinforce_7001,走源石 4年 1次 C-,靴に装着する源石。4年生用 ランク 1、グレード C-,装備アイテム強化,10,0,5,0
77233,reinforce_7001,走源石 4年 1次 C,靴に装着する源石。4年生用 ランク 1、グレード C,装備アイテム強化,10,0,5,0
77234,reinforce_7001,走源石 4年 1次 C+,靴に装着する源石。4年生用 ランク 1、グレード C+,装備アイテム強化,10,0,5,0
77235,reinforce_7001,走源石 4年 1次 B-,靴に装着する源石。4年生用 ランク 1、グレード B-,装備アイテム強化,10,0,5,0
77236,reinforce_7001,走源石 4年 1次 B,靴に装着する源石。4年生用 ランク 1、グレード B,装備アイテム強化,10,0,5,0
77237,reinforce_7001,走源石 4年 1次 B+,靴に装着する源石。4年生用 ランク 1、グレード B+,装備アイテム強化,10,0,5,0
77238,reinforce_7001,走源石 4年 1次 A-,靴に装着する源石。4年生用 ランク 1、グレード A-,装備アイテム強化,10,0,5,0
77239,reinforce_7001,走源石 4年 1次 A,靴に装着する源石。4年生用 ランク 1、グレード A,装備アイテム強化,10,0,5,0
77240,reinforce_7001,走源石 4年 1次 A+,靴に装着する源石。4年生用 ランク 1、グレード A+,装備アイテム強化,10,0,5,0
77241,reinforce_7001,走源石 4年 1次 S,靴に装着する源石。4年生用 ランク 1、グレード S,装備アイテム強化,10,0,5,0
77242,reinforce_7001,走源石 4年 1次 SS,靴に装着する源石。4年生用 ランク 1、グレード SS,装備アイテム強化,10,0,5,0
77243,reinforce_7001,走源石 4年 2次 C-,靴に装着する源石。4年生用 ランク 2、グレード C-,装備アイテム強化,10,0,5,0
77244,reinforce_7001,走源石 4年 2次 C,靴に装着する源石。4年生用 ランク 2、グレード C,装備アイテム強化,10,0,5,0
77245,reinforce_7001,走源石 4年 2次 C+,靴に装着する源石。4年生用 ランク 2、グレード C+,装備アイテム強化,10,0,5,0
77246,reinforce_7001,走源石 4年 2次 B-,靴に装着する源石。4年生用 ランク 2、グレード B-,装備アイテム強化,10,0,5,0
77247,reinforce_7001,走源石 4年 2次 B,靴に装着する源石。4年生用 ランク 2、グレード B,装備アイテム強化,10,0,5,0
77248,reinforce_7001,走源石 4年 2次 B+,靴に装着する源石。4年生用 ランク 2、グレード B+,装備アイテム強化,10,0,5,0
77249,reinforce_7001,走源石 4年 2次 A-,靴に装着する源石。4年生用 ランク 2、グレード A-,装備アイテム強化,10,0,5,0
77250,reinforce_7001,走源石 4年 2次 A,靴に装着する源石。4年生用 ランク 2、グレード A,装備アイテム強化,10,0,5,0
77251,reinforce_7001,走源石 4年 2次 A+,靴に装着する源石。4年生用 ランク 2、グレード A+,装備アイテム強化,10,0,5,0
77252,reinforce_7001,走源石 4年 2次 S,靴に装着する源石。4年生用 ランク 2、グレード S,装備アイテム強化,10,0,5,0
77253,reinforce_7001,走源石 4年 2次 SS,靴に装着する源石。4年生用 ランク 2、グレード SS,装備アイテム強化,10,0,5,0
77254,reinforce_7001,走源石 4年 3次 C-,靴に装着する源石。4年生用 ランク 3、グレード C-,装備アイテム強化,10,0,5,0
77255,reinforce_7001,走源石 4年 3次 C,靴に装着する源石。4年生用 ランク 3、グレード C,装備アイテム強化,10,0,5,0
77256,reinforce_7001,走源石 4年 3次 C+,靴に装着する源石。4年生用 ランク 3、グレード C+,装備アイテム強化,10,0,5,0
77257,reinforce_7001,走源石 4年 3次 B-,靴に装着する源石。4年生用 ランク 3、グレード B-,装備アイテム強化,10,0,5,0
77258,reinforce_7001,走源石 4年 3次 B,靴に装着する源石。4年生用 ランク 3、グレード B,装備アイテム強化,10,0,5,0
77259,reinforce_7001,走源石 4年 3次 B+,靴に装着する源石。4年生用 ランク 3、グレード B+,装備アイテム強化,10,0,5,0
77260,reinforce_7001,走源石 4年 3次 A-,靴に装着する源石。4年生用 ランク 3、グレード A-,装備アイテム強化,10,0,5,0
77261,reinforce_7001,走源石 4年 3次 A,靴に装着する源石。4年生用 ランク 3、グレード A,装備アイテム強化,10,0,5,0
77262,reinforce_7001,走源石 4年 3次 A+,靴に装着する源石。4年生用 ランク 3、グレード A+,装備アイテム強化,10,0,5,0
77263,reinforce_7001,走源石 4年 3次 S,靴に装着する源石。4年生用 ランク 3、グレード S,装備アイテム強化,10,0,5,0
77264,reinforce_7001,走源石 4年 3次 SS,靴に装着する源石。4年生用 ランク 3、グレード SS,装備アイテム強化,10,0,5,0
77265,reinforce_7001,走源石 4年 4次 C-,靴に装着する源石。4年生用 ランク 4、グレード C-,装備アイテム強化,10,0,5,0
77266,reinforce_7001,走源石 4年 4次 C,靴に装着する源石。4年生用 ランク 4、グレード C,装備アイテム強化,10,0,5,0
77267,reinforce_7001,走源石 4年 4次 C+,靴に装着する源石。4年生用 ランク 4、グレード C+,装備アイテム強化,10,0,5,0
77268,reinforce_7001,走源石 4年 4次 B-,靴に装着する源石。4年生用 ランク 4、グレード B-,装備アイテム強化,10,0,5,0
77269,reinforce_7001,走源石 4年 4次 B,靴に装着する源石。4年生用 ランク 4、グレード B,装備アイテム強化,10,0,5,0
77270,reinforce_7001,走源石 4年 4次 B+,靴に装着する源石。4年生用 ランク 4、グレード B+,装備アイテム強化,10,0,5,0
77271,reinforce_7001,走源石 4年 4次 A-,靴に装着する源石。4年生用 ランク 4、グレード A-,装備アイテム強化,10,0,5,0
77272,reinforce_7001,走源石 4年 4次 A,靴に装着する源石。4年生用 ランク 4、グレード A,装備アイテム強化,10,0,5,0
77273,reinforce_7001,走源石 4年 4次 A+,靴に装着する源石。4年生用 ランク 4、グレード A+,装備アイテム強化,10,0,5,0
77274,reinforce_7001,走源石 4年 4次 S,靴に装着する源石。4年生用 ランク 4、グレード S,装備アイテム強化,10,0,5,0
77275,reinforce_7001,走源石 4年 4次 SS,靴に装着する源石。4年生用 ランク 4、グレード SS,装備アイテム強化,10,0,5,0
77276,reinforce_7001,走源石 4年 5次 C-,靴に装着する源石。4年生用 ランク 5、グレード C-,装備アイテム強化,10,0,5,0
77277,reinforce_7001,走源石 4年 5次 C,靴に装着する源石。4年生用 ランク 5、グレード C,装備アイテム強化,10,0,5,0
77278,reinforce_7001,走源石 4年 5次 C+,靴に装着する源石。4年生用 ランク 5、グレード C+,装備アイテム強化,10,0,5,0
77279,reinforce_7001,走源石 4年 5次 B-,靴に装着する源石。4年生用 ランク 5、グレード B-,装備アイテム強化,10,0,5,0
77280,reinforce_7001,走源石 4年 5次 B,靴に装着する源石。4年生用 ランク 5、グレード B,装備アイテム強化,10,0,5,0
77281,reinforce_7001,走源石 4年 5次 B+,靴に装着する源石。4年生用 ランク 5、グレード B+,装備アイテム強化,10,0,5,0
77282,reinforce_7001,走源石 4年 5次 A-,靴に装着する源石。4年生用 ランク 5、グレード A-,装備アイテム強化,10,0,5,0
77283,reinforce_7001,走源石 4年 5次 A,靴に装着する源石。4年生用 ランク 5、グレード A,装備アイテム強化,10,0,5,0
77284,reinforce_7001,走源石 4年 5次 A+,靴に装着する源石。4年生用 ランク 5、グレード A+,装備アイテム強化,10,0,5,0
77285,reinforce_7001,走源石 4年 5次 S,靴に装着する源石。4年生用 ランク 5、グレード S,装備アイテム強化,10,0,5,0
77286,reinforce_7001,走源石 4年 5次 SS,靴に装着する源石。4年生用 ランク 5、グレード SS,装備アイテム強化,10,0,5,0
77287,reinforce_7001,走源石 5年 1次 C-,靴に装着する源石。5年生用 ランク 1、グレード C-,装備アイテム強化,11,0,5,0
77288,reinforce_7001,走源石 5年 1次 C,靴に装着する源石。5年生用 ランク 1、グレード C,装備アイテム強化,11,0,5,0
77289,reinforce_7001,走源石 5年 1次 C+,靴に装着する源石。5年生用 ランク 1、グレード C+,装備アイテム強化,11,0,5,0
77290,reinforce_7001,走源石 5年 1次 B-,靴に装着する源石。5年生用 ランク 1、グレード B-,装備アイテム強化,11,0,5,0
77291,reinforce_7001,走源石 5年 1次 B,靴に装着する源石。5年生用 ランク 1、グレード B,装備アイテム強化,11,0,5,0
77292,reinforce_7001,走源石 5年 1次 B+,靴に装着する源石。5年生用 ランク 1、グレード B+,装備アイテム強化,11,0,5,0
77293,reinforce_7001,走源石 5年 1次 A-,靴に装着する源石。5年生用 ランク 1、グレード A-,装備アイテム強化,11,0,5,0
77294,reinforce_7001,走源石 5年 1次 A,靴に装着する源石。5年生用 ランク 1、グレード A,装備アイテム強化,11,0,5,0
77295,reinforce_7001,走源石 5年 1次 A+,靴に装着する源石。5年生用 ランク 1、グレード A+,装備アイテム強化,11,0,5,0
77296,reinforce_7001,走源石 5年 1次 S,靴に装着する源石。5年生用 ランク 1、グレード S,装備アイテム強化,11,0,5,0
77297,reinforce_7001,走源石 5年 1次 SS,靴に装着する源石。5年生用 ランク 1、グレード SS,装備アイテム強化,11,0,5,0
77298,reinforce_7001,走源石 5年 2次 C-,靴に装着する源石。5年生用 ランク 2、グレード C-,装備アイテム強化,11,0,5,0
77299,reinforce_7001,走源石 5年 2次 C,靴に装着する源石。5年生用 ランク 2、グレード C,装備アイテム強化,11,0,5,0
77300,reinforce_7001,走源石 5年 2次 C+,靴に装着する源石。5年生用 ランク 2、グレード C+,装備アイテム強化,11,0,5,0
77301,reinforce_7001,走源石 5年 2次 B-,靴に装着する源石。5年生用 ランク 2、グレード B-,装備アイテム強化,11,0,5,0
77302,reinforce_7001,走源石 5年 2次 B,靴に装着する源石。5年生用 ランク 2、グレード B,装備アイテム強化,11,0,5,0
77303,reinforce_7001,走源石 5年 2次 B+,靴に装着する源石。5年生用 ランク 2、グレード B+,装備アイテム強化,11,0,5,0
77304,reinforce_7001,走源石 5年 2次 A-,靴に装着する源石。5年生用 ランク 2、グレード A-,装備アイテム強化,11,0,5,0
77305,reinforce_7001,走源石 5年 2次 A,靴に装着する源石。5年生用 ランク 2、グレード A,装備アイテム強化,11,0,5,0
77306,reinforce_7001,走源石 5年 2次 A+,靴に装着する源石。5年生用 ランク 2、グレード A+,装備アイテム強化,11,0,5,0
77307,reinforce_7001,走源石 5年 2次 S,靴に装着する源石。5年生用 ランク 2、グレード S,装備アイテム強化,11,0,5,0
77308,reinforce_7001,走源石 5年 2次 SS,靴に装着する源石。5年生用 ランク 2、グレード SS,装備アイテム強化,11,0,5,0
77309,reinforce_7001,走源石 5年 3次 C-,靴に装着する源石。5年生用 ランク 3、グレード C-,装備アイテム強化,11,0,5,0
77310,reinforce_7001,走源石 5年 3次 C,靴に装着する源石。5年生用 ランク 3、グレード C,装備アイテム強化,11,0,5,0
77311,reinforce_7001,走源石 5年 3次 C+,靴に装着する源石。5年生用 ランク 3、グレード C+,装備アイテム強化,11,0,5,0
77312,reinforce_7001,走源石 5年 3次 B-,靴に装着する源石。5年生用 ランク 3、グレード B-,装備アイテム強化,11,0,5,0
77313,reinforce_7001,走源石 5年 3次 B,靴に装着する源石。5年生用 ランク 3、グレード B,装備アイテム強化,11,0,5,0
77314,reinforce_7001,走源石 5年 3次 B+,靴に装着する源石。5年生用 ランク 3、グレード B+,装備アイテム強化,11,0,5,0
77315,reinforce_7001,走源石 5年 3次 A-,靴に装着する源石。5年生用 ランク 3、グレード A-,装備アイテム強化,11,0,5,0
77316,reinforce_7001,走源石 5年 3次 A,靴に装着する源石。5年生用 ランク 3、グレード A,装備アイテム強化,11,0,5,0
77317,reinforce_7001,走源石 5年 3次 A+,靴に装着する源石。5年生用 ランク 3、グレード A+,装備アイテム強化,11,0,5,0
77318,reinforce_7001,走源石 5年 3次 S,靴に装着する源石。5年生用 ランク 3、グレード S,装備アイテム強化,11,0,5,0
77319,reinforce_7001,走源石 5年 3次 SS,靴に装着する源石。5年生用 ランク 3、グレード SS,装備アイテム強化,11,0,5,0
77320,reinforce_7001,走源石 5年 4次 C-,靴に装着する源石。5年生用 ランク 4、グレード C-,装備アイテム強化,11,0,5,0
77321,reinforce_7001,走源石 5年 4次 C,靴に装着する源石。5年生用 ランク 4、グレード C,装備アイテム強化,11,0,5,0
77322,reinforce_7001,走源石 5年 4次 C+,靴に装着する源石。5年生用 ランク 4、グレード C+,装備アイテム強化,11,0,5,0
77323,reinforce_7001,走源石 5年 4次 B-,靴に装着する源石。5年生用 ランク 4、グレード B-,装備アイテム強化,11,0,5,0
77324,reinforce_7001,走源石 5年 4次 B,靴に装着する源石。5年生用 ランク 4、グレード B,装備アイテム強化,11,0,5,0
77325,reinforce_7001,走源石 5年 4次 B+,靴に装着する源石。5年生用 ランク 4、グレード B+,装備アイテム強化,11,0,5,0
77326,reinforce_7001,走源石 5年 4次 A-,靴に装着する源石。5年生用 ランク 4、グレード A-,装備アイテム強化,11,0,5,0
77327,reinforce_7001,走源石 5年 4次 A,靴に装着する源石。5年生用 ランク 4、グレード A,装備アイテム強化,11,0,5,0
77328,reinforce_7001,走源石 5年 4次 A+,靴に装着する源石。5年生用 ランク 4、グレード A+,装備アイテム強化,11,0,5,0
77329,reinforce_7001,走源石 5年 4次 S,靴に装着する源石。5年生用 ランク 4、グレード S,装備アイテム強化,11,0,5,0
77330,reinforce_7001,走源石 5年 4次 SS,靴に装着する源石。5年生用 ランク 4、グレード SS,装備アイテム強化,11,0,5,0
77331,reinforce_7001,走源石 5年 5次 C-,靴に装着する源石。5年生用 ランク 5、グレード C-,装備アイテム強化,11,0,5,0
77332,reinforce_7001,走源石 5年 5次 C,靴に装着する源石。5年生用 ランク 5、グレード C,装備アイテム強化,11,0,5,0
77333,reinforce_7001,走源石 5年 5次 C+,靴に装着する源石。5年生用 ランク 5、グレード C+,装備アイテム強化,11,0,5,0
77334,reinforce_7001,走源石 5年 5次 B-,靴に装着する源石。5年生用 ランク 5、グレード B-,装備アイテム強化,11,0,5,0
77335,reinforce_7001,走源石 5年 5次 B,靴に装着する源石。5年生用 ランク 5、グレード B,装備アイテム強化,11,0,5,0
77336,reinforce_7001,走源石 5年 5次 B+,靴に装着する源石。5年生用 ランク 5、グレード B+,装備アイテム強化,11,0,5,0
77337,reinforce_7001,走源石 5年 5次 A-,靴に装着する源石。5年生用 ランク 5、グレード A-,装備アイテム強化,11,0,5,0
77338,reinforce_7001,走源石 5年 5次 A,靴に装着する源石。5年生用 ランク 5、グレード A,装備アイテム強化,11,0,5,0
77339,reinforce_7001,走源石 5年 5次 A+,靴に装着する源石。5年生用 ランク 5、グレード A+,装備アイテム強化,11,0,5,0
77340,reinforce_7001,走源石 5年 5次 S,靴に装着する源石。5年生用 ランク 5、グレード S,装備アイテム強化,11,0,5,0
77341,reinforce_7001,走源石 5年 5次 SS,靴に装着する源石。5年生用 ランク 5、グレード SS,装備アイテム強化,11,0,5,0
77342,reinforce_7001,走源石 5年 6次 C-,靴に装着する源石。5年生用 ランク 6、グレード C-,装備アイテム強化,11,0,5,0
77343,reinforce_7001,走源石 5年 6次 C,靴に装着する源石。5年生用 ランク 6、グレード C,装備アイテム強化,11,0,5,0
77344,reinforce_7001,走源石 5年 6次 C+,靴に装着する源石。5年生用 ランク 6、グレード C+,装備アイテム強化,11,0,5,0
77345,reinforce_7001,走源石 5年 6次 B-,靴に装着する源石。5年生用 ランク 6、グレード B-,装備アイテム強化,11,0,5,0
77346,reinforce_7001,走源石 5年 6次 B,靴に装着する源石。5年生用 ランク 6、グレード B,装備アイテム強化,11,0,5,0
77347,reinforce_7001,走源石 5年 6次 B+,靴に装着する源石。5年生用 ランク 6、グレード B+,装備アイテム強化,11,0,5,0
77348,reinforce_7001,走源石 5年 6次 A-,靴に装着する源石。5年生用 ランク 6、グレード A-,装備アイテム強化,11,0,5,0
77349,reinforce_7001,走源石 5年 6次 A,靴に装着する源石。5年生用 ランク 6、グレード A,装備アイテム強化,11,0,5,0
77350,reinforce_7001,走源石 5年 6次 A+,靴に装着する源石。5年生用 ランク 6、グレード A+,装備アイテム強化,11,0,5,0
77351,reinforce_7001,走源石 5年 6次 S,靴に装着する源石。5年生用 ランク 6、グレード S,装備アイテム強化,11,0,5,0
77352,reinforce_7001,走源石 5年 6次 SS,靴に装着する源石。5年生用 ランク 6、グレード SS,装備アイテム強化,11,0,5,0
77353,reinforce_7001,走源石 5年 7次 C-,靴に装着する源石。5年生用 ランク 7、グレード C-,装備アイテム強化,11,0,5,0
77354,reinforce_7001,走源石 5年 7次 C,靴に装着する源石。5年生用 ランク 7、グレード C,装備アイテム強化,11,0,5,0
77355,reinforce_7001,走源石 5年 7次 C+,靴に装着する源石。5年生用 ランク 7、グレード C+,装備アイテム強化,11,0,5,0
77356,reinforce_7001,走源石 5年 7次 B-,靴に装着する源石。5年生用 ランク 7、グレード B-,装備アイテム強化,11,0,5,0
77357,reinforce_7001,走源石 5年 7次 B,靴に装着する源石。5年生用 ランク 7、グレード B,装備アイテム強化,11,0,5,0
77358,reinforce_7001,走源石 5年 7次 B+,靴に装着する源石。5年生用 ランク 7、グレード B+,装備アイテム強化,11,0,5,0
77359,reinforce_7001,走源石 5年 7次 A-,靴に装着する源石。5年生用 ランク 7、グレード A-,装備アイテム強化,11,0,5,0
77360,reinforce_7001,走源石 5年 7次 A,靴に装着する源石。5年生用 ランク 7、グレード A,装備アイテム強化,11,0,5,0
77361,reinforce_7001,走源石 5年 7次 A+,靴に装着する源石。5年生用 ランク 7、グレード A+,装備アイテム強化,11,0,5,0
77362,reinforce_7001,走源石 5年 7次 S,靴に装着する源石。5年生用 ランク 7、グレード S,装備アイテム強化,11,0,5,0
77363,reinforce_7001,走源石 5年 7次 SS,靴に装着する源石。5年生用 ランク 7、グレード SS,装備アイテム強化,11,0,5,0
77364,reinforce_7001,走源石 5年 8次 C-,靴に装着する源石。5年生用 ランク 8、グレード C-,装備アイテム強化,11,0,5,0
77365,reinforce_7001,走源石 5年 8次 C,靴に装着する源石。5年生用 ランク 8、グレード C,装備アイテム強化,11,0,5,0
77366,reinforce_7001,走源石 5年 8次 C+,靴に装着する源石。5年生用 ランク 8、グレード C+,装備アイテム強化,11,0,5,0
77367,reinforce_7001,走源石 5年 8次 B-,靴に装着する源石。5年生用 ランク 8、グレード B-,装備アイテム強化,11,0,5,0
77368,reinforce_7001,走源石 5年 8次 B,靴に装着する源石。5年生用 ランク 8、グレード B,装備アイテム強化,11,0,5,0
77369,reinforce_7001,走源石 5年 8次 B+,靴に装着する源石。5年生用 ランク 8、グレード B+,装備アイテム強化,11,0,5,0
77370,reinforce_7001,走源石 5年 8次 A-,靴に装着する源石。5年生用 ランク 8、グレード A-,装備アイテム強化,11,0,5,0
77371,reinforce_7001,走源石 5年 8次 A,靴に装着する源石。5年生用 ランク 8、グレード A,装備アイテム強化,11,0,5,0
77372,reinforce_7001,走源石 5年 8次 A+,靴に装着する源石。5年生用 ランク 8、グレード A+,装備アイテム強化,11,0,5,0
77373,reinforce_7001,走源石 5年 8次 S,靴に装着する源石。5年生用 ランク 8、グレード S,装備アイテム強化,11,0,5,0
77374,reinforce_7001,走源石 5年 8次 SS,靴に装着する源石。5年生用 ランク 8、グレード SS,装備アイテム強化,11,0,5,0
77375,reinforce_7001,走源石 6年 1次 C-,靴に装着する源石。6年生用 ランク 1、グレード C-,装備アイテム強化,11,0,5,0
77376,reinforce_7001,走源石 6年 1次 C,靴に装着する源石。6年生用 ランク 1、グレード C,装備アイテム強化,11,0,5,0
77377,reinforce_7001,走源石 6年 1次 C+,靴に装着する源石。6年生用 ランク 1、グレード C+,装備アイテム強化,11,0,5,0
77378,reinforce_7001,走源石 6年 1次 B-,靴に装着する源石。6年生用 ランク 1、グレード B-,装備アイテム強化,11,0,5,0
77379,reinforce_7001,走源石 6年 1次 B,靴に装着する源石。6年生用 ランク 1、グレード B,装備アイテム強化,11,0,5,0
77380,reinforce_7001,走源石 6年 1次 B+,靴に装着する源石。6年生用 ランク 1、グレード B+,装備アイテム強化,11,0,5,0
77381,reinforce_7001,走源石 6年 1次 A-,靴に装着する源石。6年生用 ランク 1、グレード A-,装備アイテム強化,11,0,5,0
77382,reinforce_7001,走源石 6年 1次 A,靴に装着する源石。6年生用 ランク 1、グレード A,装備アイテム強化,11,0,5,0
77383,reinforce_7001,走源石 6年 1次 A+,靴に装着する源石。6年生用 ランク 1、グレード A+,装備アイテム強化,11,0,5,0
77384,reinforce_7001,走源石 6年 1次 S,靴に装着する源石。6年生用 ランク 1、グレード S,装備アイテム強化,11,0,5,0
77385,reinforce_7001,走源石 6年 1次 SS,靴に装着する源石。6年生用 ランク 1、グレード SS,装備アイテム強化,11,0,5,0
77386,reinforce_7001,走源石 6年 2次 C-,靴に装着する源石。6年生用 ランク 2、グレード C-,装備アイテム強化,11,0,5,0
77387,reinforce_7001,走源石 6年 2次 C,靴に装着する源石。6年生用 ランク 2、グレード C,装備アイテム強化,11,0,5,0
77388,reinforce_7001,走源石 6年 2次 C+,靴に装着する源石。6年生用 ランク 2、グレード C+,装備アイテム強化,11,0,5,0
77389,reinforce_7001,走源石 6年 2次 B-,靴に装着する源石。6年生用 ランク 2、グレード B-,装備アイテム強化,11,0,5,0
77390,reinforce_7001,走源石 6年 2次 B,靴に装着する源石。6年生用 ランク 2、グレード B,装備アイテム強化,11,0,5,0
77391,reinforce_7001,走源石 6年 2次 B+,靴に装着する源石。6年生用 ランク 2、グレード B+,装備アイテム強化,11,0,5,0
77392,reinforce_7001,走源石 6年 2次 A-,靴に装着する源石。6年生用 ランク 2、グレード A-,装備アイテム強化,11,0,5,0
77393,reinforce_7001,走源石 6年 2次 A,靴に装着する源石。6年生用 ランク 2、グレード A,装備アイテム強化,11,0,5,0
77394,reinforce_7001,走源石 6年 2次 A+,靴に装着する源石。6年生用 ランク 2、グレード A+,装備アイテム強化,11,0,5,0
77395,reinforce_7001,走源石 6年 2次 S,靴に装着する源石。6年生用 ランク 2、グレード S,装備アイテム強化,11,0,5,0
77396,reinforce_7001,走源石 6年 2次 SS,靴に装着する源石。6年生用 ランク 2、グレード SS,装備アイテム強化,11,0,5,0
77397,reinforce_7001,走源石 6年 3次 C-,靴に装着する源石。6年生用 ランク 3、グレード C-,装備アイテム強化,11,0,5,0
77398,reinforce_7001,走源石 6年 3次 C,靴に装着する源石。6年生用 ランク 3、グレード C,装備アイテム強化,11,0,5,0
77399,reinforce_7001,走源石 6年 3次 C+,靴に装着する源石。6年生用 ランク 3、グレード C+,装備アイテム強化,11,0,5,0
77400,reinforce_7001,走源石 6年 3次 B-,靴に装着する源石。6年生用 ランク 3、グレード B-,装備アイテム強化,11,0,5,0
77401,reinforce_7001,走源石 6年 3次 B,靴に装着する源石。6年生用 ランク 3、グレード B,装備アイテム強化,11,0,5,0
77402,reinforce_7001,走源石 6年 3次 B+,靴に装着する源石。6年生用 ランク 3、グレード B+,装備アイテム強化,11,0,5,0
77403,reinforce_7001,走源石 6年 3次 A-,靴に装着する源石。6年生用 ランク 3、グレード A-,装備アイテム強化,11,0,5,0
77404,reinforce_7001,走源石 6年 3次 A,靴に装着する源石。6年生用 ランク 3、グレード A,装備アイテム強化,11,0,5,0
77405,reinforce_7001,走源石 6年 3次 A+,靴に装着する源石。6年生用 ランク 3、グレード A+,装備アイテム強化,11,0,5,0
77406,reinforce_7001,走源石 6年 3次 S,靴に装着する源石。6年生用 ランク 3、グレード S,装備アイテム強化,11,0,5,0
77407,reinforce_7001,走源石 6年 3次 SS,靴に装着する源石。6年生用 ランク 3、グレード SS,装備アイテム強化,11,0,5,0
77408,reinforce_7001,走源石 6年 4次 C-,靴に装着する源石。6年生用 ランク 4、グレード C-,装備アイテム強化,11,0,5,0
77409,reinforce_7001,走源石 6年 4次 C,靴に装着する源石。6年生用 ランク 4、グレード C,装備アイテム強化,11,0,5,0
77410,reinforce_7001,走源石 6年 4次 C+,靴に装着する源石。6年生用 ランク 4、グレード C+,装備アイテム強化,11,0,5,0
77411,reinforce_7001,走源石 6年 4次 B-,靴に装着する源石。6年生用 ランク 4、グレード B-,装備アイテム強化,11,0,5,0
77412,reinforce_7001,走源石 6年 4次 B,靴に装着する源石。6年生用 ランク 4、グレード B,装備アイテム強化,11,0,5,0
77413,reinforce_7001,走源石 6年 4次 B+,靴に装着する源石。6年生用 ランク 4、グレード B+,装備アイテム強化,11,0,5,0
77414,reinforce_7001,走源石 6年 4次 A-,靴に装着する源石。6年生用 ランク 4、グレード A-,装備アイテム強化,11,0,5,0
77415,reinforce_7001,走源石 6年 4次 A,靴に装着する源石。6年生用 ランク 4、グレード A,装備アイテム強化,11,0,5,0
77416,reinforce_7001,走源石 6年 4次 A+,靴に装着する源石。6年生用 ランク 4、グレード A+,装備アイテム強化,11,0,5,0
77417,reinforce_7001,走源石 6年 4次 S,靴に装着する源石。6年生用 ランク 4、グレード S,装備アイテム強化,11,0,5,0
77418,reinforce_7001,走源石 6年 4次 SS,靴に装着する源石。6年生用 ランク 4、グレード SS,装備アイテム強化,11,0,5,0
77419,reinforce_7001,走源石 6年 5次 C-,靴に装着する源石。6年生用 ランク 5、グレード C-,装備アイテム強化,11,0,5,0
77420,reinforce_7001,走源石 6年 5次 C,靴に装着する源石。6年生用 ランク 5、グレード C,装備アイテム強化,11,0,5,0
77421,reinforce_7001,走源石 6年 5次 C+,靴に装着する源石。6年生用 ランク 5、グレード C+,装備アイテム強化,11,0,5,0
77422,reinforce_7001,走源石 6年 5次 B-,靴に装着する源石。6年生用 ランク 5、グレード B-,装備アイテム強化,11,0,5,0
77423,reinforce_7001,走源石 6年 5次 B,靴に装着する源石。6年生用 ランク 5、グレード B,装備アイテム強化,11,0,5,0
77424,reinforce_7001,走源石 6年 5次 B+,靴に装着する源石。6年生用 ランク 5、グレード B+,装備アイテム強化,11,0,5,0
77425,reinforce_7001,走源石 6年 5次 A-,靴に装着する源石。6年生用 ランク 5、グレード A-,装備アイテム強化,11,0,5,0
77426,reinforce_7001,走源石 6年 5次 A,靴に装着する源石。6年生用 ランク 5、グレード A,装備アイテム強化,11,0,5,0
78100,reinforce_8001,胴衣源石 1年 1次 C-,上下一体の制服に装着する源石。1年生用 ランク 1、グレード C-,装備アイテム強化,7,0,5,0
78101,reinforce_8001,胴衣源石 1年 1次 C,上下一体の制服に装着する源石。1年生用 ランク 1、グレード C,装備アイテム強化,7,0,5,0
78102,reinforce_8001,胴衣源石 1年 1次 C+,上下一体の制服に装着する源石。1年生用 ランク 1、グレード C+,装備アイテム強化,7,0,5,0
78103,reinforce_8001,胴衣源石 1年 1次 B-,上下一体の制服に装着する源石。1年生用 ランク 1、グレード B-,装備アイテム強化,7,0,5,0
78104,reinforce_8001,胴衣源石 1年 1次 B,上下一体の制服に装着する源石。1年生用 ランク 1、グレード B,装備アイテム強化,7,0,5,0
78105,reinforce_8001,胴衣源石 1年 1次 B+,上下一体の制服に装着する源石。1年生用 ランク 1、グレード B+,装備アイテム強化,7,0,5,0
78106,reinforce_8001,胴衣源石 1年 1次 A-,上下一体の制服に装着する源石。1年生用 ランク 1、グレード A-,装備アイテム強化,7,0,5,0
78107,reinforce_8001,胴衣源石 1年 1次 A,上下一体の制服に装着する源石。1年生用 ランク 1、グレード A,装備アイテム強化,7,0,5,0
78108,reinforce_8001,胴衣源石 1年 1次 A+,上下一体の制服に装着する源石。1年生用 ランク 1、グレード A+,装備アイテム強化,7,0,5,0
78109,reinforce_8001,胴衣源石 1年 1次 S,上下一体の制服に装着する源石。1年生用 ランク 1、グレード S,装備アイテム強化,7,0,5,0
78110,reinforce_8001,胴衣源石 1年 1次 SS,上下一体の制服に装着する源石。1年生用 ランク 1、グレード SS,装備アイテム強化,7,0,5,0
78111,reinforce_8001,胴衣源石 1年 2次 C-,上下一体の制服に装着する源石。1年生用 ランク 2、グレード C-,装備アイテム強化,7,0,5,0
78112,reinforce_8001,胴衣源石 1年 2次 C,上下一体の制服に装着する源石。1年生用 ランク 2、グレード C,装備アイテム強化,7,0,5,0
78113,reinforce_8001,胴衣源石 1年 2次 C+,上下一体の制服に装着する源石。1年生用 ランク 2、グレード C+,装備アイテム強化,7,0,5,0
78114,reinforce_8001,胴衣源石 1年 2次 B-,上下一体の制服に装着する源石。1年生用 ランク 2、グレード B-,装備アイテム強化,7,0,5,0
78115,reinforce_8001,胴衣源石 1年 2次 B,上下一体の制服に装着する源石。1年生用 ランク 2、グレード B,装備アイテム強化,7,0,5,0
78116,reinforce_8001,胴衣源石 1年 2次 B+,上下一体の制服に装着する源石。1年生用 ランク 2、グレード B+,装備アイテム強化,7,0,5,0
78117,reinforce_8001,胴衣源石 1年 2次 A-,上下一体の制服に装着する源石。1年生用 ランク 2、グレード A-,装備アイテム強化,7,0,5,0
78118,reinforce_8001,胴衣源石 1年 2次 A,上下一体の制服に装着する源石。1年生用 ランク 2、グレード A,装備アイテム強化,7,0,5,0
78119,reinforce_8001,胴衣源石 1年 2次 A+,上下一体の制服に装着する源石。1年生用 ランク 2、グレード A+,装備アイテム強化,7,0,5,0
78120,reinforce_8001,胴衣源石 1年 2次 S,上下一体の制服に装着する源石。1年生用 ランク 2、グレード S,装備アイテム強化,7,0,5,0
78121,reinforce_8001,胴衣源石 1年 2次 SS,上下一体の制服に装着する源石。1年生用 ランク 2、グレード SS,装備アイテム強化,7,0,5,0
78122,reinforce_8001,胴衣源石 1年 3次 C-,上下一体の制服に装着する源石。1年生用 ランク 3、グレード C-,装備アイテム強化,7,0,5,0
78123,reinforce_8001,胴衣源石 1年 3次 C,上下一体の制服に装着する源石。1年生用 ランク 3、グレード C,装備アイテム強化,7,0,5,0
78124,reinforce_8001,胴衣源石 1年 3次 C+,上下一体の制服に装着する源石。1年生用 ランク 3、グレード C+,装備アイテム強化,7,0,5,0
78125,reinforce_8001,胴衣源石 1年 3次 B-,上下一体の制服に装着する源石。1年生用 ランク 3、グレード B-,装備アイテム強化,7,0,5,0
78126,reinforce_8001,胴衣源石 1年 3次 B,上下一体の制服に装着する源石。1年生用 ランク 3、グレード B,装備アイテム強化,7,0,5,0
78127,reinforce_8001,胴衣源石 1年 3次 B+,上下一体の制服に装着する源石。1年生用 ランク 3、グレード B+,装備アイテム強化,7,0,5,0
78128,reinforce_8001,胴衣源石 1年 3次 A-,上下一体の制服に装着する源石。1年生用 ランク 3、グレード A-,装備アイテム強化,7,0,5,0
78129,reinforce_8001,胴衣源石 1年 3次 A,上下一体の制服に装着する源石。1年生用 ランク 3、グレード A,装備アイテム強化,7,0,5,0
78130,reinforce_8001,胴衣源石 1年 3次 A+,上下一体の制服に装着する源石。1年生用 ランク 3、グレード A+,装備アイテム強化,7,0,5,0
78131,reinforce_8001,胴衣源石 1年 3次 S,上下一体の制服に装着する源石。1年生用 ランク 3、グレード S,装備アイテム強化,7,0,5,0
78132,reinforce_8001,胴衣源石 1年 3次 SS,上下一体の制服に装着する源石。1年生用 ランク 3、グレード SS,装備アイテム強化,7,0,5,0
78133,reinforce_8001,胴衣源石 1年 4次 C-,上下一体の制服に装着する源石。1年生用 ランク 4、グレード C-,装備アイテム強化,7,0,5,0
78134,reinforce_8001,胴衣源石 1年 4次 C,上下一体の制服に装着する源石。1年生用 ランク 4、グレード C,装備アイテム強化,7,0,5,0
78135,reinforce_8001,胴衣源石 1年 4次 C+,上下一体の制服に装着する源石。1年生用 ランク 4、グレード C+,装備アイテム強化,7,0,5,0
78136,reinforce_8001,胴衣源石 1年 4次 B-,上下一体の制服に装着する源石。1年生用 ランク 4、グレード B-,装備アイテム強化,7,0,5,0
78137,reinforce_8001,胴衣源石 1年 4次 B,上下一体の制服に装着する源石。1年生用 ランク 4、グレード B,装備アイテム強化,7,0,5,0
78138,reinforce_8001,胴衣源石 1年 4次 B+,上下一体の制服に装着する源石。1年生用 ランク 4、グレード B+,装備アイテム強化,7,0,5,0
78139,reinforce_8001,胴衣源石 1年 4次 A-,上下一体の制服に装着する源石。1年生用 ランク 4、グレード A-,装備アイテム強化,7,0,5,0
78140,reinforce_8001,胴衣源石 1年 4次 A,上下一体の制服に装着する源石。1年生用 ランク 4、グレード A,装備アイテム強化,7,0,5,0
78141,reinforce_8001,胴衣源石 1年 4次 A+,上下一体の制服に装着する源石。1年生用 ランク 4、グレード A+,装備アイテム強化,7,0,5,0
78142,reinforce_8001,胴衣源石 1年 4次 S,上下一体の制服に装着する源石。1年生用 ランク 4、グレード S,装備アイテム強化,7,0,5,0
78143,reinforce_8001,胴衣源石 1年 4次 SS,上下一体の制服に装着する源石。1年生用 ランク 4、グレード SS,装備アイテム強化,7,0,5,0
78144,reinforce_8001,胴衣源石 2年 1次 C-,上下一体の制服に装着する源石。2年生用 ランク 1、グレード C-,装備アイテム強化,8,0,5,0
78145,reinforce_8001,胴衣源石 2年 1次 C,上下一体の制服に装着する源石。2年生用 ランク 1、グレード C,装備アイテム強化,8,0,5,0
78146,reinforce_8001,胴衣源石 2年 1次 C+,上下一体の制服に装着する源石。2年生用 ランク 1、グレード C+,装備アイテム強化,8,0,5,0
78147,reinforce_8001,胴衣源石 2年 1次 B-,上下一体の制服に装着する源石。2年生用 ランク 1、グレード B-,装備アイテム強化,8,0,5,0
78148,reinforce_8001,胴衣源石 2年 1次 B,上下一体の制服に装着する源石。2年生用 ランク 1、グレード B,装備アイテム強化,8,0,5,0
78149,reinforce_8001,胴衣源石 2年 1次 B+,上下一体の制服に装着する源石。2年生用 ランク 1、グレード B+,装備アイテム強化,8,0,5,0
78150,reinforce_8001,胴衣源石 2年 1次 A-,上下一体の制服に装着する源石。2年生用 ランク 1、グレード A-,装備アイテム強化,8,0,5,0
78151,reinforce_8001,胴衣源石 2年 1次 A,上下一体の制服に装着する源石。2年生用 ランク 1、グレード A,装備アイテム強化,8,0,5,0
78152,reinforce_8001,胴衣源石 2年 1次 A+,上下一体の制服に装着する源石。2年生用 ランク 1、グレード A+,装備アイテム強化,8,0,5,0
78153,reinforce_8001,胴衣源石 2年 1次 S,上下一体の制服に装着する源石。2年生用 ランク 1、グレード S,装備アイテム強化,8,0,5,0
78154,reinforce_8001,胴衣源石 2年 1次 SS,上下一体の制服に装着する源石。2年生用 ランク 1、グレード SS,装備アイテム強化,8,0,5,0
78155,reinforce_8001,胴衣源石 2年 2次 C-,上下一体の制服に装着する源石。2年生用 ランク 2、グレード C-,装備アイテム強化,8,0,5,0
78156,reinforce_8001,胴衣源石 2年 2次 C,上下一体の制服に装着する源石。2年生用 ランク 2、グレード C,装備アイテム強化,8,0,5,0
78157,reinforce_8001,胴衣源石 2年 2次 C+,上下一体の制服に装着する源石。2年生用 ランク 2、グレード C+,装備アイテム強化,8,0,5,0
78158,reinforce_8001,胴衣源石 2年 2次 B-,上下一体の制服に装着する源石。2年生用 ランク 2、グレード B-,装備アイテム強化,8,0,5,0
78159,reinforce_8001,胴衣源石 2年 2次 B,上下一体の制服に装着する源石。2年生用 ランク 2、グレード B,装備アイテム強化,8,0,5,0
78160,reinforce_8001,胴衣源石 2年 2次 B+,上下一体の制服に装着する源石。2年生用 ランク 2、グレード B+,装備アイテム強化,8,0,5,0
78161,reinforce_8001,胴衣源石 2年 2次 A-,上下一体の制服に装着する源石。2年生用 ランク 2、グレード A-,装備アイテム強化,8,0,5,0
78162,reinforce_8001,胴衣源石 2年 2次 A,上下一体の制服に装着する源石。2年生用 ランク 2、グレード A,装備アイテム強化,8,0,5,0
78163,reinforce_8001,胴衣源石 2年 2次 A+,上下一体の制服に装着する源石。2年生用 ランク 2、グレード A+,装備アイテム強化,8,0,5,0
78164,reinforce_8001,胴衣源石 2年 2次 S,上下一体の制服に装着する源石。2年生用 ランク 2、グレード S,装備アイテム強化,8,0,5,0
78165,reinforce_8001,胴衣源石 2年 2次 SS,上下一体の制服に装着する源石。2年生用 ランク 2、グレード SS,装備アイテム強化,8,0,5,0
78166,reinforce_8001,胴衣源石 2年 3次 C-,上下一体の制服に装着する源石。2年生用 ランク 3、グレード C-,装備アイテム強化,8,0,5,0
78167,reinforce_8001,胴衣源石 2年 3次 C,上下一体の制服に装着する源石。2年生用 ランク 3、グレード C,装備アイテム強化,8,0,5,0
78168,reinforce_8001,胴衣源石 2年 3次 C+,上下一体の制服に装着する源石。2年生用 ランク 3、グレード C+,装備アイテム強化,8,0,5,0
78169,reinforce_8001,胴衣源石 2年 3次 B-,上下一体の制服に装着する源石。2年生用 ランク 3、グレード B-,装備アイテム強化,8,0,5,0
78170,reinforce_8001,胴衣源石 2年 3次 B,上下一体の制服に装着する源石。2年生用 ランク 3、グレード B,装備アイテム強化,8,0,5,0
78171,reinforce_8001,胴衣源石 2年 3次 B+,上下一体の制服に装着する源石。2年生用 ランク 3、グレード B+,装備アイテム強化,8,0,5,0
78172,reinforce_8001,胴衣源石 2年 3次 A-,上下一体の制服に装着する源石。2年生用 ランク 3、グレード A-,装備アイテム強化,8,0,5,0
78173,reinforce_8001,胴衣源石 2年 3次 A,上下一体の制服に装着する源石。2年生用 ランク 3、グレード A,装備アイテム強化,8,0,5,0
78174,reinforce_8001,胴衣源石 2年 3次 A+,上下一体の制服に装着する源石。2年生用 ランク 3、グレード A+,装備アイテム強化,8,0,5,0
78175,reinforce_8001,胴衣源石 2年 3次 S,上下一体の制服に装着する源石。2年生用 ランク 3、グレード S,装備アイテム強化,8,0,5,0
78176,reinforce_8001,胴衣源石 2年 3次 SS,上下一体の制服に装着する源石。2年生用 ランク 3、グレード SS,装備アイテム強化,8,0,5,0
78177,reinforce_8001,胴衣源石 2年 4次 C-,上下一体の制服に装着する源石。2年生用 ランク 4、グレード C-,装備アイテム強化,8,0,5,0
78178,reinforce_8001,胴衣源石 2年 4次 C,上下一体の制服に装着する源石。2年生用 ランク 4、グレード C,装備アイテム強化,8,0,5,0
78179,reinforce_8001,胴衣源石 2年 4次 C+,上下一体の制服に装着する源石。2年生用 ランク 4、グレード C+,装備アイテム強化,8,0,5,0
78180,reinforce_8001,胴衣源石 2年 4次 B-,上下一体の制服に装着する源石。2年生用 ランク 4、グレード B-,装備アイテム強化,8,0,5,0
78181,reinforce_8001,胴衣源石 2年 4次 B,上下一体の制服に装着する源石。2年生用 ランク 4、グレード B,装備アイテム強化,8,0,5,0
78182,reinforce_8001,胴衣源石 2年 4次 B+,上下一体の制服に装着する源石。2年生用 ランク 4、グレード B+,装備アイテム強化,8,0,5,0
78183,reinforce_8001,胴衣源石 2年 4次 A-,上下一体の制服に装着する源石。2年生用 ランク 4、グレード A-,装備アイテム強化,8,0,5,0
78184,reinforce_8001,胴衣源石 2年 4次 A,上下一体の制服に装着する源石。2年生用 ランク 4、グレード A,装備アイテム強化,8,0,5,0
78185,reinforce_8001,胴衣源石 2年 4次 A+,上下一体の制服に装着する源石。2年生用 ランク 4、グレード A+,装備アイテム強化,8,0,5,0
78186,reinforce_8001,胴衣源石 2年 4次 S,上下一体の制服に装着する源石。2年生用 ランク 4、グレード S,装備アイテム強化,8,0,5,0
78187,reinforce_8001,胴衣源石 2年 4次 SS,上下一体の制服に装着する源石。2年生用 ランク 4、グレード SS,装備アイテム強化,8,0,5,0
78188,reinforce_8001,胴衣源石 3年 1次 C-,上下一体の制服に装着する源石。3年生用 ランク 1、グレード C-,装備アイテム強化,9,0,5,0
78189,reinforce_8001,胴衣源石 3年 1次 C,上下一体の制服に装着する源石。3年生用 ランク 1、グレード C,装備アイテム強化,9,0,5,0
78190,reinforce_8001,胴衣源石 3年 1次 C+,上下一体の制服に装着する源石。3年生用 ランク 1、グレード C+,装備アイテム強化,9,0,5,0
78191,reinforce_8001,胴衣源石 3年 1次 B-,上下一体の制服に装着する源石。3年生用 ランク 1、グレード B-,装備アイテム強化,9,0,5,0
78192,reinforce_8001,胴衣源石 3年 1次 B,上下一体の制服に装着する源石。3年生用 ランク 1、グレード B,装備アイテム強化,9,0,5,0
78193,reinforce_8001,胴衣源石 3年 1次 B+,上下一体の制服に装着する源石。3年生用 ランク 1、グレード B+,装備アイテム強化,9,0,5,0
78194,reinforce_8001,胴衣源石 3年 1次 A-,上下一体の制服に装着する源石。3年生用 ランク 1、グレード A-,装備アイテム強化,9,0,5,0
78195,reinforce_8001,胴衣源石 3年 1次 A,上下一体の制服に装着する源石。3年生用 ランク 1、グレード A,装備アイテム強化,9,0,5,0
78196,reinforce_8001,胴衣源石 3年 1次 A+,上下一体の制服に装着する源石。3年生用 ランク 1、グレード A+,装備アイテム強化,9,0,5,0
78197,reinforce_8001,胴衣源石 3年 1次 S,上下一体の制服に装着する源石。3年生用 ランク 1、グレード S,装備アイテム強化,9,0,5,0
78198,reinforce_8001,胴衣源石 3年 1次 SS,上下一体の制服に装着する源石。3年生用 ランク 1、グレード SS,装備アイテム強化,9,0,5,0
78199,reinforce_8001,胴衣源石 3年 2次 C-,上下一体の制服に装着する源石。3年生用 ランク 2、グレード C-,装備アイテム強化,9,0,5,0
78200,reinforce_8001,胴衣源石 3年 2次 C,上下一体の制服に装着する源石。3年生用 ランク 2、グレード C,装備アイテム強化,9,0,5,0
78201,reinforce_8001,胴衣源石 3年 2次 C+,上下一体の制服に装着する源石。3年生用 ランク 2、グレード C+,装備アイテム強化,9,0,5,0
78202,reinforce_8001,胴衣源石 3年 2次 B-,上下一体の制服に装着する源石。3年生用 ランク 2、グレード B-,装備アイテム強化,9,0,5,0
78203,reinforce_8001,胴衣源石 3年 2次 B,上下一体の制服に装着する源石。3年生用 ランク 2、グレード B,装備アイテム強化,9,0,5,0
78204,reinforce_8001,胴衣源石 3年 2次 B+,上下一体の制服に装着する源石。3年生用 ランク 2、グレード B+,装備アイテム強化,9,0,5,0
78205,reinforce_8001,胴衣源石 3年 2次 A-,上下一体の制服に装着する源石。3年生用 ランク 2、グレード A-,装備アイテム強化,9,0,5,0
78206,reinforce_8001,胴衣源石 3年 2次 A,上下一体の制服に装着する源石。3年生用 ランク 2、グレード A,装備アイテム強化,9,0,5,0
78207,reinforce_8001,胴衣源石 3年 2次 A+,上下一体の制服に装着する源石。3年生用 ランク 2、グレード A+,装備アイテム強化,9,0,5,0
78208,reinforce_8001,胴衣源石 3年 2次 S,上下一体の制服に装着する源石。3年生用 ランク 2、グレード S,装備アイテム強化,9,0,5,0
78209,reinforce_8001,胴衣源石 3年 2次 SS,上下一体の制服に装着する源石。3年生用 ランク 2、グレード SS,装備アイテム強化,9,0,5,0
78210,reinforce_8001,胴衣源石 3年 3次 C-,上下一体の制服に装着する源石。3年生用 ランク 3、グレード C-,装備アイテム強化,9,0,5,0
78211,reinforce_8001,胴衣源石 3年 3次 C,上下一体の制服に装着する源石。3年生用 ランク 3、グレード C,装備アイテム強化,9,0,5,0
78212,reinforce_8001,胴衣源石 3年 3次 C+,上下一体の制服に装着する源石。3年生用 ランク 3、グレード C+,装備アイテム強化,9,0,5,0
78213,reinforce_8001,胴衣源石 3年 3次 B-,上下一体の制服に装着する源石。3年生用 ランク 3、グレード B-,装備アイテム強化,9,0,5,0
78214,reinforce_8001,胴衣源石 3年 3次 B,上下一体の制服に装着する源石。3年生用 ランク 3、グレード B,装備アイテム強化,9,0,5,0
78215,reinforce_8001,胴衣源石 3年 3次 B+,上下一体の制服に装着する源石。3年生用 ランク 3、グレード B+,装備アイテム強化,9,0,5,0
78216,reinforce_8001,胴衣源石 3年 3次 A-,上下一体の制服に装着する源石。3年生用 ランク 3、グレード A-,装備アイテム強化,9,0,5,0
78217,reinforce_8001,胴衣源石 3年 3次 A,上下一体の制服に装着する源石。3年生用 ランク 3、グレード A,装備アイテム強化,9,0,5,0
78218,reinforce_8001,胴衣源石 3年 3次 A+,上下一体の制服に装着する源石。3年生用 ランク 3、グレード A+,装備アイテム強化,9,0,5,0
78219,reinforce_8001,胴衣源石 3年 3次 S,上下一体の制服に装着する源石。3年生用 ランク 3、グレード S,装備アイテム強化,9,0,5,0
78220,reinforce_8001,胴衣源石 3年 3次 SS,上下一体の制服に装着する源石。3年生用 ランク 3、グレード SS,装備アイテム強化,9,0,5,0
78221,reinforce_8001,胴衣源石 3年 4次 C-,上下一体の制服に装着する源石。3年生用 ランク 4、グレード C-,装備アイテム強化,9,0,5,0
78222,reinforce_8001,胴衣源石 3年 4次 C,上下一体の制服に装着する源石。3年生用 ランク 4、グレード C,装備アイテム強化,9,0,5,0
78223,reinforce_8001,胴衣源石 3年 4次 C+,上下一体の制服に装着する源石。3年生用 ランク 4、グレード C+,装備アイテム強化,9,0,5,0
78224,reinforce_8001,胴衣源石 3年 4次 B-,上下一体の制服に装着する源石。3年生用 ランク 4、グレード B-,装備アイテム強化,9,0,5,0
78225,reinforce_8001,胴衣源石 3年 4次 B,上下一体の制服に装着する源石。3年生用 ランク 4、グレード B,装備アイテム強化,9,0,5,0
78226,reinforce_8001,胴衣源石 3年 4次 B+,上下一体の制服に装着する源石。3年生用 ランク 4、グレード B+,装備アイテム強化,9,0,5,0
78227,reinforce_8001,胴衣源石 3年 4次 A-,上下一体の制服に装着する源石。3年生用 ランク 4、グレード A-,装備アイテム強化,9,0,5,0
78228,reinforce_8001,胴衣源石 3年 4次 A,上下一体の制服に装着する源石。3年生用 ランク 4、グレード A,装備アイテム強化,9,0,5,0
78229,reinforce_8001,胴衣源石 3年 4次 A+,上下一体の制服に装着する源石。3年生用 ランク 4、グレード A+,装備アイテム強化,9,0,5,0
78230,reinforce_8001,胴衣源石 3年 4次 S,上下一体の制服に装着する源石。3年生用 ランク 4、グレード S,装備アイテム強化,9,0,5,0
78231,reinforce_8001,胴衣源石 3年 4次 SS,上下一体の制服に装着する源石。3年生用 ランク 4、グレード SS,装備アイテム強化,9,0,5,0
78232,reinforce_8001,胴衣源石 4年 1次 C-,上下一体の制服に装着する源石。4年生用 ランク 1、グレード C-,装備アイテム強化,10,0,5,0
78233,reinforce_8001,胴衣源石 4年 1次 C,上下一体の制服に装着する源石。4年生用 ランク 1、グレード C,装備アイテム強化,10,0,5,0
78234,reinforce_8001,胴衣源石 4年 1次 C+,上下一体の制服に装着する源石。4年生用 ランク 1、グレード C+,装備アイテム強化,10,0,5,0
78235,reinforce_8001,胴衣源石 4年 1次 B-,上下一体の制服に装着する源石。4年生用 ランク 1、グレード B-,装備アイテム強化,10,0,5,0
78236,reinforce_8001,胴衣源石 4年 1次 B,上下一体の制服に装着する源石。4年生用 ランク 1、グレード B,装備アイテム強化,10,0,5,0
78237,reinforce_8001,胴衣源石 4年 1次 B+,上下一体の制服に装着する源石。4年生用 ランク 1、グレード B+,装備アイテム強化,10,0,5,0
78238,reinforce_8001,胴衣源石 4年 1次 A-,上下一体の制服に装着する源石。4年生用 ランク 1、グレード A-,装備アイテム強化,10,0,5,0
78239,reinforce_8001,胴衣源石 4年 1次 A,上下一体の制服に装着する源石。4年生用 ランク 1、グレード A,装備アイテム強化,10,0,5,0
78240,reinforce_8001,胴衣源石 4年 1次 A+,上下一体の制服に装着する源石。4年生用 ランク 1、グレード A+,装備アイテム強化,10,0,5,0
78241,reinforce_8001,胴衣源石 4年 1次 S,上下一体の制服に装着する源石。4年生用 ランク 1、グレード S,装備アイテム強化,10,0,5,0
78242,reinforce_8001,胴衣源石 4年 1次 SS,上下一体の制服に装着する源石。4年生用 ランク 1、グレード SS,装備アイテム強化,10,0,5,0
78243,reinforce_8001,胴衣源石 4年 2次 C-,上下一体の制服に装着する源石。4年生用 ランク 2、グレード C-,装備アイテム強化,10,0,5,0
78244,reinforce_8001,胴衣源石 4年 2次 C,上下一体の制服に装着する源石。4年生用 ランク 2、グレード C,装備アイテム強化,10,0,5,0
78245,reinforce_8001,胴衣源石 4年 2次 C+,上下一体の制服に装着する源石。4年生用 ランク 2、グレード C+,装備アイテム強化,10,0,5,0
78246,reinforce_8001,胴衣源石 4年 2次 B-,上下一体の制服に装着する源石。4年生用 ランク 2、グレード B-,装備アイテム強化,10,0,5,0
78247,reinforce_8001,胴衣源石 4年 2次 B,上下一体の制服に装着する源石。4年生用 ランク 2、グレード B,装備アイテム強化,10,0,5,0
78248,reinforce_8001,胴衣源石 4年 2次 B+,上下一体の制服に装着する源石。4年生用 ランク 2、グレード B+,装備アイテム強化,10,0,5,0
78249,reinforce_8001,胴衣源石 4年 2次 A-,上下一体の制服に装着する源石。4年生用 ランク 2、グレード A-,装備アイテム強化,10,0,5,0
78250,reinforce_8001,胴衣源石 4年 2次 A,上下一体の制服に装着する源石。4年生用 ランク 2、グレード A,装備アイテム強化,10,0,5,0
78251,reinforce_8001,胴衣源石 4年 2次 A+,上下一体の制服に装着する源石。4年生用 ランク 2、グレード A+,装備アイテム強化,10,0,5,0
78252,reinforce_8001,胴衣源石 4年 2次 S,上下一体の制服に装着する源石。4年生用 ランク 2、グレード S,装備アイテム強化,10,0,5,0
78253,reinforce_8001,胴衣源石 4年 2次 SS,上下一体の制服に装着する源石。4年生用 ランク 2、グレード SS,装備アイテム強化,10,0,5,0
78254,reinforce_8001,胴衣源石 4年 3次 C-,上下一体の制服に装着する源石。4年生用 ランク 3、グレード C-,装備アイテム強化,10,0,5,0
78255,reinforce_8001,胴衣源石 4年 3次 C,上下一体の制服に装着する源石。4年生用 ランク 3、グレード C,装備アイテム強化,10,0,5,0
78256,reinforce_8001,胴衣源石 4年 3次 C+,上下一体の制服に装着する源石。4年生用 ランク 3、グレード C+,装備アイテム強化,10,0,5,0
78257,reinforce_8001,胴衣源石 4年 3次 B-,上下一体の制服に装着する源石。4年生用 ランク 3、グレード B-,装備アイテム強化,10,0,5,0
78258,reinforce_8001,胴衣源石 4年 3次 B,上下一体の制服に装着する源石。4年生用 ランク 3、グレード B,装備アイテム強化,10,0,5,0
78259,reinforce_8001,胴衣源石 4年 3次 B+,上下一体の制服に装着する源石。4年生用 ランク 3、グレード B+,装備アイテム強化,10,0,5,0
78260,reinforce_8001,胴衣源石 4年 3次 A-,上下一体の制服に装着する源石。4年生用 ランク 3、グレード A-,装備アイテム強化,10,0,5,0
78261,reinforce_8001,胴衣源石 4年 3次 A,上下一体の制服に装着する源石。4年生用 ランク 3、グレード A,装備アイテム強化,10,0,5,0
78262,reinforce_8001,胴衣源石 4年 3次 A+,上下一体の制服に装着する源石。4年生用 ランク 3、グレード A+,装備アイテム強化,10,0,5,0
78263,reinforce_8001,胴衣源石 4年 3次 S,上下一体の制服に装着する源石。4年生用 ランク 3、グレード S,装備アイテム強化,10,0,5,0
78264,reinforce_8001,胴衣源石 4年 3次 SS,上下一体の制服に装着する源石。4年生用 ランク 3、グレード SS,装備アイテム強化,10,0,5,0
78265,reinforce_8001,胴衣源石 4年 4次 C-,上下一体の制服に装着する源石。4年生用 ランク 4、グレード C-,装備アイテム強化,10,0,5,0
78266,reinforce_8001,胴衣源石 4年 4次 C,上下一体の制服に装着する源石。4年生用 ランク 4、グレード C,装備アイテム強化,10,0,5,0
78267,reinforce_8001,胴衣源石 4年 4次 C+,上下一体の制服に装着する源石。4年生用 ランク 4、グレード C+,装備アイテム強化,10,0,5,0
78268,reinforce_8001,胴衣源石 4年 4次 B-,上下一体の制服に装着する源石。4年生用 ランク 4、グレード B-,装備アイテム強化,10,0,5,0
78269,reinforce_8001,胴衣源石 4年 4次 B,上下一体の制服に装着する源石。4年生用 ランク 4、グレード B,装備アイテム強化,10,0,5,0
78270,reinforce_8001,胴衣源石 4年 4次 B+,上下一体の制服に装着する源石。4年生用 ランク 4、グレード B+,装備アイテム強化,10,0,5,0
78271,reinforce_8001,胴衣源石 4年 4次 A-,上下一体の制服に装着する源石。4年生用 ランク 4、グレード A-,装備アイテム強化,10,0,5,0
78272,reinforce_8001,胴衣源石 4年 4次 A,上下一体の制服に装着する源石。4年生用 ランク 4、グレード A,装備アイテム強化,10,0,5,0
78273,reinforce_8001,胴衣源石 4年 4次 A+,上下一体の制服に装着する源石。4年生用 ランク 4、グレード A+,装備アイテム強化,10,0,5,0
78274,reinforce_8001,胴衣源石 4年 4次 S,上下一体の制服に装着する源石。4年生用 ランク 4、グレード S,装備アイテム強化,10,0,5,0
78275,reinforce_8001,胴衣源石 4年 4次 SS,上下一体の制服に装着する源石。4年生用 ランク 4、グレード SS,装備アイテム強化,10,0,5,0
78276,reinforce_8001,胴衣源石 4年 5次 C-,上下一体の制服に装着する源石。4年生用 ランク 5、グレード C-,装備アイテム強化,10,0,5,0
78277,reinforce_8001,胴衣源石 4年 5次 C,上下一体の制服に装着する源石。4年生用 ランク 5、グレード C,装備アイテム強化,10,0,5,0
78278,reinforce_8001,胴衣源石 4年 5次 C+,上下一体の制服に装着する源石。4年生用 ランク 5、グレード C+,装備アイテム強化,10,0,5,0
78279,reinforce_8001,胴衣源石 4年 5次 B-,上下一体の制服に装着する源石。4年生用 ランク 5、グレード B-,装備アイテム強化,10,0,5,0
78280,reinforce_8001,胴衣源石 4年 5次 B,上下一体の制服に装着する源石。4年生用 ランク 5、グレード B,装備アイテム強化,10,0,5,0
78281,reinforce_8001,胴衣源石 4年 5次 B+,上下一体の制服に装着する源石。4年生用 ランク 5、グレード B+,装備アイテム強化,10,0,5,0
78282,reinforce_8001,胴衣源石 4年 5次 A-,上下一体の制服に装着する源石。4年生用 ランク 5、グレード A-,装備アイテム強化,10,0,5,0
78283,reinforce_8001,胴衣源石 4年 5次 A,上下一体の制服に装着する源石。4年生用 ランク 5、グレード A,装備アイテム強化,10,0,5,0
78284,reinforce_8001,胴衣源石 4年 5次 A+,上下一体の制服に装着する源石。4年生用 ランク 5、グレード A+,装備アイテム強化,10,0,5,0
78285,reinforce_8001,胴衣源石 4年 5次 S,上下一体の制服に装着する源石。4年生用 ランク 5、グレード S,装備アイテム強化,10,0,5,0
78286,reinforce_8001,胴衣源石 4年 5次 SS,上下一体の制服に装着する源石。4年生用 ランク 5、グレード SS,装備アイテム強化,10,0,5,0
78287,reinforce_8001,胴衣源石 5年 1次 C-,上下一体の制服に装着する源石。5年生用 ランク 1、グレード C-,装備アイテム強化,11,0,5,0
78288,reinforce_8001,胴衣源石 5年 1次 C,上下一体の制服に装着する源石。5年生用 ランク 1、グレード C,装備アイテム強化,11,0,5,0
78289,reinforce_8001,胴衣源石 5年 1次 C+,上下一体の制服に装着する源石。5年生用 ランク 1、グレード C+,装備アイテム強化,11,0,5,0
78290,reinforce_8001,胴衣源石 5年 1次 B-,上下一体の制服に装着する源石。5年生用 ランク 1、グレード B-,装備アイテム強化,11,0,5,0
78291,reinforce_8001,胴衣源石 5年 1次 B,上下一体の制服に装着する源石。5年生用 ランク 1、グレード B,装備アイテム強化,11,0,5,0
78292,reinforce_8001,胴衣源石 5年 1次 B+,上下一体の制服に装着する源石。5年生用 ランク 1、グレード B+,装備アイテム強化,11,0,5,0
78293,reinforce_8001,胴衣源石 5年 1次 A-,上下一体の制服に装着する源石。5年生用 ランク 1、グレード A-,装備アイテム強化,11,0,5,0
78294,reinforce_8001,胴衣源石 5年 1次 A,上下一体の制服に装着する源石。5年生用 ランク 1、グレード A,装備アイテム強化,11,0,5,0
78295,reinforce_8001,胴衣源石 5年 1次 A+,上下一体の制服に装着する源石。5年生用 ランク 1、グレード A+,装備アイテム強化,11,0,5,0
78296,reinforce_8001,胴衣源石 5年 1次 S,上下一体の制服に装着する源石。5年生用 ランク 1、グレード S,装備アイテム強化,11,0,5,0
78297,reinforce_8001,胴衣源石 5年 1次 SS,上下一体の制服に装着する源石。5年生用 ランク 1、グレード SS,装備アイテム強化,11,0,5,0
78298,reinforce_8001,胴衣源石 5年 2次 C-,上下一体の制服に装着する源石。5年生用 ランク 2、グレード C-,装備アイテム強化,11,0,5,0
78299,reinforce_8001,胴衣源石 5年 2次 C,上下一体の制服に装着する源石。5年生用 ランク 2、グレード C,装備アイテム強化,11,0,5,0
78300,reinforce_8001,胴衣源石 5年 2次 C+,上下一体の制服に装着する源石。5年生用 ランク 2、グレード C+,装備アイテム強化,11,0,5,0
78301,reinforce_8001,胴衣源石 5年 2次 B-,上下一体の制服に装着する源石。5年生用 ランク 2、グレード B-,装備アイテム強化,11,0,5,0
78302,reinforce_8001,胴衣源石 5年 2次 B,上下一体の制服に装着する源石。5年生用 ランク 2、グレード B,装備アイテム強化,11,0,5,0
78303,reinforce_8001,胴衣源石 5年 2次 B+,上下一体の制服に装着する源石。5年生用 ランク 2、グレード B+,装備アイテム強化,11,0,5,0
78304,reinforce_8001,胴衣源石 5年 2次 A-,上下一体の制服に装着する源石。5年生用 ランク 2、グレード A-,装備アイテム強化,11,0,5,0
78305,reinforce_8001,胴衣源石 5年 2次 A,上下一体の制服に装着する源石。5年生用 ランク 2、グレード A,装備アイテム強化,11,0,5,0
78306,reinforce_8001,胴衣源石 5年 2次 A+,上下一体の制服に装着する源石。5年生用 ランク 2、グレード A+,装備アイテム強化,11,0,5,0
78307,reinforce_8001,胴衣源石 5年 2次 S,上下一体の制服に装着する源石。5年生用 ランク 2、グレード S,装備アイテム強化,11,0,5,0
78308,reinforce_8001,胴衣源石 5年 2次 SS,上下一体の制服に装着する源石。5年生用 ランク 2、グレード SS,装備アイテム強化,11,0,5,0
78309,reinforce_8001,胴衣源石 5年 3次 C-,上下一体の制服に装着する源石。5年生用 ランク 3、グレード C-,装備アイテム強化,11,0,5,0
78310,reinforce_8001,胴衣源石 5年 3次 C,上下一体の制服に装着する源石。5年生用 ランク 3、グレード C,装備アイテム強化,11,0,5,0
78311,reinforce_8001,胴衣源石 5年 3次 C+,上下一体の制服に装着する源石。5年生用 ランク 3、グレード C+,装備アイテム強化,11,0,5,0
78312,reinforce_8001,胴衣源石 5年 3次 B-,上下一体の制服に装着する源石。5年生用 ランク 3、グレード B-,装備アイテム強化,11,0,5,0
78313,reinforce_8001,胴衣源石 5年 3次 B,上下一体の制服に装着する源石。5年生用 ランク 3、グレード B,装備アイテム強化,11,0,5,0
78314,reinforce_8001,胴衣源石 5年 3次 B+,上下一体の制服に装着する源石。5年生用 ランク 3、グレード B+,装備アイテム強化,11,0,5,0
78315,reinforce_8001,胴衣源石 5年 3次 A-,上下一体の制服に装着する源石。5年生用 ランク 3、グレード A-,装備アイテム強化,11,0,5,0
78316,reinforce_8001,胴衣源石 5年 3次 A,上下一体の制服に装着する源石。5年生用 ランク 3、グレード A,装備アイテム強化,11,0,5,0
78317,reinforce_8001,胴衣源石 5年 3次 A+,上下一体の制服に装着する源石。5年生用 ランク 3、グレード A+,装備アイテム強化,11,0,5,0
78318,reinforce_8001,胴衣源石 5年 3次 S,上下一体の制服に装着する源石。5年生用 ランク 3、グレード S,装備アイテム強化,11,0,5,0
78319,reinforce_8001,胴衣源石 5年 3次 SS,上下一体の制服に装着する源石。5年生用 ランク 3、グレード SS,装備アイテム強化,11,0,5,0
78320,reinforce_8001,胴衣源石 5年 4次 C-,上下一体の制服に装着する源石。5年生用 ランク 4、グレード C-,装備アイテム強化,11,0,5,0
78321,reinforce_8001,胴衣源石 5年 4次 C,上下一体の制服に装着する源石。5年生用 ランク 4、グレード C,装備アイテム強化,11,0,5,0
78322,reinforce_8001,胴衣源石 5年 4次 C+,上下一体の制服に装着する源石。5年生用 ランク 4、グレード C+,装備アイテム強化,11,0,5,0
78323,reinforce_8001,胴衣源石 5年 4次 B-,上下一体の制服に装着する源石。5年生用 ランク 4、グレード B-,装備アイテム強化,11,0,5,0
78324,reinforce_8001,胴衣源石 5年 4次 B,上下一体の制服に装着する源石。5年生用 ランク 4、グレード B,装備アイテム強化,11,0,5,0
78325,reinforce_8001,胴衣源石 5年 4次 B+,上下一体の制服に装着する源石。5年生用 ランク 4、グレード B+,装備アイテム強化,11,0,5,0
78326,reinforce_8001,胴衣源石 5年 4次 A-,上下一体の制服に装着する源石。5年生用 ランク 4、グレード A-,装備アイテム強化,11,0,5,0
78327,reinforce_8001,胴衣源石 5年 4次 A,上下一体の制服に装着する源石。5年生用 ランク 4、グレード A,装備アイテム強化,11,0,5,0
78328,reinforce_8001,胴衣源石 5年 4次 A+,上下一体の制服に装着する源石。5年生用 ランク 4、グレード A+,装備アイテム強化,11,0,5,0
78329,reinforce_8001,胴衣源石 5年 4次 S,上下一体の制服に装着する源石。5年生用 ランク 4、グレード S,装備アイテム強化,11,0,5,0
78330,reinforce_8001,胴衣源石 5年 4次 SS,上下一体の制服に装着する源石。5年生用 ランク 4、グレード SS,装備アイテム強化,11,0,5,0
78331,reinforce_8001,胴衣源石 5年 5次 C-,上下一体の制服に装着する源石。5年生用 ランク 5、グレード C-,装備アイテム強化,11,0,5,0
78332,reinforce_8001,胴衣源石 5年 5次 C,上下一体の制服に装着する源石。5年生用 ランク 5、グレード C,装備アイテム強化,11,0,5,0
78333,reinforce_8001,胴衣源石 5年 5次 C+,上下一体の制服に装着する源石。5年生用 ランク 5、グレード C+,装備アイテム強化,11,0,5,0
78334,reinforce_8001,胴衣源石 5年 5次 B-,上下一体の制服に装着する源石。5年生用 ランク 5、グレード B-,装備アイテム強化,11,0,5,0
78335,reinforce_8001,胴衣源石 5年 5次 B,上下一体の制服に装着する源石。5年生用 ランク 5、グレード B,装備アイテム強化,11,0,5,0
78336,reinforce_8001,胴衣源石 5年 5次 B+,上下一体の制服に装着する源石。5年生用 ランク 5、グレード B+,装備アイテム強化,11,0,5,0
78337,reinforce_8001,胴衣源石 5年 5次 A-,上下一体の制服に装着する源石。5年生用 ランク 5、グレード A-,装備アイテム強化,11,0,5,0
78338,reinforce_8001,胴衣源石 5年 5次 A,上下一体の制服に装着する源石。5年生用 ランク 5、グレード A,装備アイテム強化,11,0,5,0
78339,reinforce_8001,胴衣源石 5年 5次 A+,上下一体の制服に装着する源石。5年生用 ランク 5、グレード A+,装備アイテム強化,11,0,5,0
78340,reinforce_8001,胴衣源石 5年 5次 S,上下一体の制服に装着する源石。5年生用 ランク 5、グレード S,装備アイテム強化,11,0,5,0
78341,reinforce_8001,胴衣源石 5年 5次 SS,上下一体の制服に装着する源石。5年生用 ランク 5、グレード SS,装備アイテム強化,11,0,5,0
78342,reinforce_8001,胴衣源石 5年 6次 C-,上下一体の制服に装着する源石。5年生用 ランク 6、グレード C-,装備アイテム強化,11,0,5,0
78343,reinforce_8001,胴衣源石 5年 6次 C,上下一体の制服に装着する源石。5年生用 ランク 6、グレード C,装備アイテム強化,11,0,5,0
78344,reinforce_8001,胴衣源石 5年 6次 C+,上下一体の制服に装着する源石。5年生用 ランク 6、グレード C+,装備アイテム強化,11,0,5,0
78345,reinforce_8001,胴衣源石 5年 6次 B-,上下一体の制服に装着する源石。5年生用 ランク 6、グレード B-,装備アイテム強化,11,0,5,0
78346,reinforce_8001,胴衣源石 5年 6次 B,上下一体の制服に装着する源石。5年生用 ランク 6、グレード B,装備アイテム強化,11,0,5,0
78347,reinforce_8001,胴衣源石 5年 6次 B+,上下一体の制服に装着する源石。5年生用 ランク 6、グレード B+,装備アイテム強化,11,0,5,0
78348,reinforce_8001,胴衣源石 5年 6次 A-,上下一体の制服に装着する源石。5年生用 ランク 6、グレード A-,装備アイテム強化,11,0,5,0
78349,reinforce_8001,胴衣源石 5年 6次 A,上下一体の制服に装着する源石。5年生用 ランク 6、グレード A,装備アイテム強化,11,0,5,0
78350,reinforce_8001,胴衣源石 5年 6次 A+,上下一体の制服に装着する源石。5年生用 ランク 6、グレード A+,装備アイテム強化,11,0,5,0
78351,reinforce_8001,胴衣源石 5年 6次 S,上下一体の制服に装着する源石。5年生用 ランク 6、グレード S,装備アイテム強化,11,0,5,0
78352,reinforce_8001,胴衣源石 5年 6次 SS,上下一体の制服に装着する源石。5年生用 ランク 6、グレード SS,装備アイテム強化,11,0,5,0
78353,reinforce_8001,胴衣源石 5年 7次 C-,上下一体の制服に装着する源石。5年生用 ランク 7、グレード C-,装備アイテム強化,11,0,5,0
78354,reinforce_8001,胴衣源石 5年 7次 C,上下一体の制服に装着する源石。5年生用 ランク 7、グレード C,装備アイテム強化,11,0,5,0
78355,reinforce_8001,胴衣源石 5年 7次 C+,上下一体の制服に装着する源石。5年生用 ランク 7、グレード C+,装備アイテム強化,11,0,5,0
78356,reinforce_8001,胴衣源石 5年 7次 B-,上下一体の制服に装着する源石。5年生用 ランク 7、グレード B-,装備アイテム強化,11,0,5,0
78357,reinforce_8001,胴衣源石 5年 7次 B,上下一体の制服に装着する源石。5年生用 ランク 7、グレード B,装備アイテム強化,11,0,5,0
78358,reinforce_8001,胴衣源石 5年 7次 B+,上下一体の制服に装着する源石。5年生用 ランク 7、グレード B+,装備アイテム強化,11,0,5,0
78359,reinforce_8001,胴衣源石 5年 7次 A-,上下一体の制服に装着する源石。5年生用 ランク 7、グレード A-,装備アイテム強化,11,0,5,0
78360,reinforce_8001,胴衣源石 5年 7次 A,上下一体の制服に装着する源石。5年生用 ランク 7、グレード A,装備アイテム強化,11,0,5,0
78361,reinforce_8001,胴衣源石 5年 7次 A+,上下一体の制服に装着する源石。5年生用 ランク 7、グレード A+,装備アイテム強化,11,0,5,0
78362,reinforce_8001,胴衣源石 5年 7次 S,上下一体の制服に装着する源石。5年生用 ランク 7、グレード S,装備アイテム強化,11,0,5,0
78363,reinforce_8001,胴衣源石 5年 7次 SS,上下一体の制服に装着する源石。5年生用 ランク 7、グレード SS,装備アイテム強化,11,0,5,0
78364,reinforce_8001,胴衣源石 5年 8次 C-,上下一体の制服に装着する源石。5年生用 ランク 8、グレード C-,装備アイテム強化,11,0,5,0
78365,reinforce_8001,胴衣源石 5年 8次 C,上下一体の制服に装着する源石。5年生用 ランク 8、グレード C,装備アイテム強化,11,0,5,0
78366,reinforce_8001,胴衣源石 5年 8次 C+,上下一体の制服に装着する源石。5年生用 ランク 8、グレード C+,装備アイテム強化,11,0,5,0
78367,reinforce_8001,胴衣源石 5年 8次 B-,上下一体の制服に装着する源石。5年生用 ランク 8、グレード B-,装備アイテム強化,11,0,5,0
78368,reinforce_8001,胴衣源石 5年 8次 B,上下一体の制服に装着する源石。5年生用 ランク 8、グレード B,装備アイテム強化,11,0,5,0
78369,reinforce_8001,胴衣源石 5年 8次 B+,上下一体の制服に装着する源石。5年生用 ランク 8、グレード B+,装備アイテム強化,11,0,5,0
78370,reinforce_8001,胴衣源石 5年 8次 A-,上下一体の制服に装着する源石。5年生用 ランク 8、グレード A-,装備アイテム強化,11,0,5,0
78371,reinforce_8001,胴衣源石 5年 8次 A,上下一体の制服に装着する源石。5年生用 ランク 8、グレード A,装備アイテム強化,11,0,5,0
78372,reinforce_8001,胴衣源石 5年 8次 A+,上下一体の制服に装着する源石。5年生用 ランク 8、グレード A+,装備アイテム強化,11,0,5,0
78373,reinforce_8001,胴衣源石 5年 8次 S,上下一体の制服に装着する源石。5年生用 ランク 8、グレード S,装備アイテム強化,11,0,5,0
78374,reinforce_8001,胴衣源石 5年 8次 SS,上下一体の制服に装着する源石。5年生用 ランク 8、グレード SS,装備アイテム強化,11,0,5,0
78375,reinforce_8001,胴衣源石 6年 1次 C-,上下一体の制服に装着する源石。6年生用 ランク 1、グレード C-,装備アイテム強化,11,0,5,0
78376,reinforce_8001,胴衣源石 6年 1次 C,上下一体の制服に装着する源石。6年生用 ランク 1、グレード C,装備アイテム強化,11,0,5,0
78377,reinforce_8001,胴衣源石 6年 1次 C+,上下一体の制服に装着する源石。6年生用 ランク 1、グレード C+,装備アイテム強化,11,0,5,0
78378,reinforce_8001,胴衣源石 6年 1次 B-,上下一体の制服に装着する源石。6年生用 ランク 1、グレード B-,装備アイテム強化,11,0,5,0
78379,reinforce_8001,胴衣源石 6年 1次 B,上下一体の制服に装着する源石。6年生用 ランク 1、グレード B,装備アイテム強化,11,0,5,0
78380,reinforce_8001,胴衣源石 6年 1次 B+,上下一体の制服に装着する源石。6年生用 ランク 1、グレード B+,装備アイテム強化,11,0,5,0
78381,reinforce_8001,胴衣源石 6年 1次 A-,上下一体の制服に装着する源石。6年生用 ランク 1、グレード A-,装備アイテム強化,11,0,5,0
78382,reinforce_8001,胴衣源石 6年 1次 A,上下一体の制服に装着する源石。6年生用 ランク 1、グレード A,装備アイテム強化,11,0,5,0
78383,reinforce_8001,胴衣源石 6年 1次 A+,上下一体の制服に装着する源石。6年生用 ランク 1、グレード A+,装備アイテム強化,11,0,5,0
78384,reinforce_8001,胴衣源石 6年 1次 S,上下一体の制服に装着する源石。6年生用 ランク 1、グレード S,装備アイテム強化,11,0,5,0
78385,reinforce_8001,胴衣源石 6年 1次 SS,上下一体の制服に装着する源石。6年生用 ランク 1、グレード SS,装備アイテム強化,11,0,5,0
78386,reinforce_8001,胴衣源石 6年 2次 C-,上下一体の制服に装着する源石。6年生用 ランク 2、グレード C-,装備アイテム強化,11,0,5,0
78387,reinforce_8001,胴衣源石 6年 2次 C,上下一体の制服に装着する源石。6年生用 ランク 2、グレード C,装備アイテム強化,11,0,5,0
78388,reinforce_8001,胴衣源石 6年 2次 C+,上下一体の制服に装着する源石。6年生用 ランク 2、グレード C+,装備アイテム強化,11,0,5,0
78389,reinforce_8001,胴衣源石 6年 2次 B-,上下一体の制服に装着する源石。6年生用 ランク 2、グレード B-,装備アイテム強化,11,0,5,0
78390,reinforce_8001,胴衣源石 6年 2次 B,上下一体の制服に装着する源石。6年生用 ランク 2、グレード B,装備アイテム強化,11,0,5,0
78391,reinforce_8001,胴衣源石 6年 2次 B+,上下一体の制服に装着する源石。6年生用 ランク 2、グレード B+,装備アイテム強化,11,0,5,0
78392,reinforce_8001,胴衣源石 6年 2次 A-,上下一体の制服に装着する源石。6年生用 ランク 2、グレード A-,装備アイテム強化,11,0,5,0
78393,reinforce_8001,胴衣源石 6年 2次 A,上下一体の制服に装着する源石。6年生用 ランク 2、グレード A,装備アイテム強化,11,0,5,0
78394,reinforce_8001,胴衣源石 6年 2次 A+,上下一体の制服に装着する源石。6年生用 ランク 2、グレード A+,装備アイテム強化,11,0,5,0
78395,reinforce_8001,胴衣源石 6年 2次 S,上下一体の制服に装着する源石。6年生用 ランク 2、グレード S,装備アイテム強化,11,0,5,0
78396,reinforce_8001,胴衣源石 6年 2次 SS,上下一体の制服に装着する源石。6年生用 ランク 2、グレード SS,装備アイテム強化,11,0,5,0
78397,reinforce_8001,胴衣源石 6年 3次 C-,上下一体の制服に装着する源石。6年生用 ランク 3、グレード C-,装備アイテム強化,11,0,5,0
78398,reinforce_8001,胴衣源石 6年 3次 C,上下一体の制服に装着する源石。6年生用 ランク 3、グレード C,装備アイテム強化,11,0,5,0
78399,reinforce_8001,胴衣源石 6年 3次 C+,上下一体の制服に装着する源石。6年生用 ランク 3、グレード C+,装備アイテム強化,11,0,5,0
78400,reinforce_8001,胴衣源石 6年 3次 B-,上下一体の制服に装着する源石。6年生用 ランク 3、グレード B-,装備アイテム強化,11,0,5,0
78401,reinforce_8001,胴衣源石 6年 3次 B,上下一体の制服に装着する源石。6年生用 ランク 3、グレード B,装備アイテム強化,11,0,5,0
78402,reinforce_8001,胴衣源石 6年 3次 B+,上下一体の制服に装着する源石。6年生用 ランク 3、グレード B+,装備アイテム強化,11,0,5,0
78403,reinforce_8001,胴衣源石 6年 3次 A-,上下一体の制服に装着する源石。6年生用 ランク 3、グレード A-,装備アイテム強化,11,0,5,0
78404,reinforce_8001,胴衣源石 6年 3次 A,上下一体の制服に装着する源石。6年生用 ランク 3、グレード A,装備アイテム強化,11,0,5,0
78405,reinforce_8001,胴衣源石 6年 3次 A+,上下一体の制服に装着する源石。6年生用 ランク 3、グレード A+,装備アイテム強化,11,0,5,0
78406,reinforce_8001,胴衣源石 6年 3次 S,上下一体の制服に装着する源石。6年生用 ランク 3、グレード S,装備アイテム強化,11,0,5,0
78407,reinforce_8001,胴衣源石 6年 3次 SS,上下一体の制服に装着する源石。6年生用 ランク 3、グレード SS,装備アイテム強化,11,0,5,0
78408,reinforce_8001,胴衣源石 6年 4次 C-,上下一体の制服に装着する源石。6年生用 ランク 4、グレード C-,装備アイテム強化,11,0,5,0
78409,reinforce_8001,胴衣源石 6年 4次 C,上下一体の制服に装着する源石。6年生用 ランク 4、グレード C,装備アイテム強化,11,0,5,0
78410,reinforce_8001,胴衣源石 6年 4次 C+,上下一体の制服に装着する源石。6年生用 ランク 4、グレード C+,装備アイテム強化,11,0,5,0
78411,reinforce_8001,胴衣源石 6年 4次 B-,上下一体の制服に装着する源石。6年生用 ランク 4、グレード B-,装備アイテム強化,11,0,5,0
78412,reinforce_8001,胴衣源石 6年 4次 B,上下一体の制服に装着する源石。6年生用 ランク 4、グレード B,装備アイテム強化,11,0,5,0
78413,reinforce_8001,胴衣源石 6年 4次 B+,上下一体の制服に装着する源石。6年生用 ランク 4、グレード B+,装備アイテム強化,11,0,5,0
78414,reinforce_8001,胴衣源石 6年 4次 A-,上下一体の制服に装着する源石。6年生用 ランク 4、グレード A-,装備アイテム強化,11,0,5,0
78415,reinforce_8001,胴衣源石 6年 4次 A,上下一体の制服に装着する源石。6年生用 ランク 4、グレード A,装備アイテム強化,11,0,5,0
78416,reinforce_8001,胴衣源石 6年 4次 A+,上下一体の制服に装着する源石。6年生用 ランク 4、グレード A+,装備アイテム強化,11,0,5,0
78417,reinforce_8001,胴衣源石 6年 4次 S,上下一体の制服に装着する源石。6年生用 ランク 4、グレード S,装備アイテム強化,11,0,5,0
78418,reinforce_8001,胴衣源石 6年 4次 SS,上下一体の制服に装着する源石。6年生用 ランク 4、グレード SS,装備アイテム強化,11,0,5,0
78419,reinforce_8001,胴衣源石 6年 5次 C-,上下一体の制服に装着する源石。6年生用 ランク 5、グレード C-,装備アイテム強化,11,0,5,0
78420,reinforce_8001,胴衣源石 6年 5次 C,上下一体の制服に装着する源石。6年生用 ランク 5、グレード C,装備アイテム強化,11,0,5,0
78421,reinforce_8001,胴衣源石 6年 5次 C+,上下一体の制服に装着する源石。6年生用 ランク 5、グレード C+,装備アイテム強化,11,0,5,0
78422,reinforce_8001,胴衣源石 6年 5次 B-,上下一体の制服に装着する源石。6年生用 ランク 5、グレード B-,装備アイテム強化,11,0,5,0
78423,reinforce_8001,胴衣源石 6年 5次 B,上下一体の制服に装着する源石。6年生用 ランク 5、グレード B,装備アイテム強化,11,0,5,0
78424,reinforce_8001,胴衣源石 6年 5次 B+,上下一体の制服に装着する源石。6年生用 ランク 5、グレード B+,装備アイテム強化,11,0,5,0
78425,reinforce_8001,胴衣源石 6年 5次 A-,上下一体の制服に装着する源石。6年生用 ランク 5、グレード A-,装備アイテム強化,11,0,5,0
78426,reinforce_8001,胴衣源石 6年 5次 A,上下一体の制服に装着する源石。6年生用 ランク 5、グレード A,装備アイテム強化,11,0,5,0
171100,reinforce_1001,刀源石 1年 1次 ,ブレードに装着する源石。<br>1年生用 1次武器(未強化)から生成されたものだ。<br>(パワーゲージ最大値+1),装備アイテム強化,7,0,5,0
171101,reinforce_1001,刀源石 1年 1次 +1,ブレードに装着する源石。<br>1年生用 1次武器(強化レベル+1)から生成されたものだ。<br>(パワーゲージ最大値+1),装備アイテム強化,7,0,5,0
171102,reinforce_1001,刀源石 1年 1次 +2,ブレードに装着する源石。<br>1年生用 1次武器(強化レベル+2)から生成されたものだ。<br>(パワーゲージ最大値+1),装備アイテム強化,7,0,5,0
171103,reinforce_1001,刀源石 1年 1次 +3,ブレードに装着する源石。<br>1年生用 1次武器(強化レベル+3)から生成されたものだ。<br>(パワーゲージ最大値+1),装備アイテム強化,7,0,5,0
171104,reinforce_1001,刀源石 1年 1次 +4,ブレードに装着する源石。<br>1年生用 1次武器(強化レベル+4)から生成されたものだ。<br>(パワーゲージ最大値+1),装備アイテム強化,7,0,5,0
171105,reinforce_1001,刀源石 1年 1次 +5,ブレードに装着する源石。<br>1年生用 1次武器(強化レベル+5)から生成されたものだ。<br>(パワーゲージ最大値+1),装備アイテム強化,7,0,5,0
171106,reinforce_1001,刀源石 1年 1次 +6,ブレードに装着する源石。<br>1年生用 1次武器(強化レベル+6)から生成されたものだ。<br>(パワーゲージ最大値+1),装備アイテム強化,7,0,5,0
171107,reinforce_1001,刀源石 1年 1次 +7,ブレードに装着する源石。<br>1年生用 1次武器(強化レベル+7)から生成されたものだ。<br>(パワーゲージ最大値+1),装備アイテム強化,7,0,5,0
171108,reinforce_1001,刀源石 1年 1次 +8,ブレードに装着する源石。<br>1年生用 1次武器(強化レベル+8)から生成されたものだ。<br>(パワーゲージ最大値+1),装備アイテム強化,7,0,5,0
171109,reinforce_1001,刀源石 1年 1次 +9,ブレードに装着する源石。<br>1年生用 1次武器(強化レベル+9)から生成されたものだ。<br>(パワーゲージ最大値+1),装備アイテム強化,7,0,5,0
171110,reinforce_1001,刀源石 1年 1次 +10,ブレードに装着する源石。<br>1年生用 1次武器(強化レベル+10)から生成されたものだ。<br>(パワーゲージ最大値+1),装備アイテム強化,7,0,5,0
171111,reinforce_1001,刀源石 1年 2次 ,ブレードに装着する源石。<br>1年生用 2次武器(未強化)から生成されたものだ。<br>(パワーゲージ最大値+1),装備アイテム強化,7,0,5,0
171112,reinforce_1001,刀源石 1年 2次 +1,ブレードに装着する源石。<br>1年生用 2次武器(強化レベル+1)から生成されたものだ。<br>(パワーゲージ最大値+1),装備アイテム強化,7,0,5,0
171113,reinforce_1001,刀源石 1年 2次 +2,ブレードに装着する源石。<br>1年生用 2次武器(強化レベル+2)から生成されたものだ。<br>(パワーゲージ最大値+1),装備アイテム強化,7,0,5,0
171114,reinforce_1001,刀源石 1年 2次 +3,ブレードに装着する源石。<br>1年生用 2次武器(強化レベル+3)から生成されたものだ。<br>(パワーゲージ最大値+1),装備アイテム強化,7,0,5,0
171115,reinforce_1001,刀源石 1年 2次 +4,ブレードに装着する源石。<br>1年生用 2次武器(強化レベル+4)から生成されたものだ。<br>(パワーゲージ最大値+1),装備アイテム強化,7,0,5,0
171116,reinforce_1001,刀源石 1年 2次 +5,ブレードに装着する源石。<br>1年生用 2次武器(強化レベル+5)から生成されたものだ。<br>(パワーゲージ最大値+1),装備アイテム強化,7,0,5,0
171117,reinforce_1001,刀源石 1年 2次 +6,ブレードに装着する源石。<br>1年生用 2次武器(強化レベル+6)から生成されたものだ。<駺헗鬒䛪爕ージ最大値+1),装備アイテム強化,7,0,5,0
171118,reinforce_1001,刀源石 1年 2次 +7,ブレードに装着する源石。<br>1年生用 2次武器(強化レベル+7)から生成されたものだ。<br>(パワーゲージ最大値+1),装備アイテム強化,7,0,5,0
171119,reinforce_1001,刀源石 1年 2次 +8,ブレードに装着する源石。<br>1年生用 2次武器(強化レベル+8)から生成されたものだ。<br>(パワーゲージ最大値+1),装備アイテム強化,7,0,5,0
171120,reinforce_1001,刀源石 1年 2次 +9,ブレードに装着する源石。<br>1年生用 2次武器(強化レベル+9)から生成されたものだ。<br>(パワーゲージ最大値+1),装備アイテム強化,7,0,5,0
171121,reinforce_1001,刀源石 1年 2次 +10,ブレードに装着する源石。<br>1年生用 2次武器(強化レベル+10)から生成されたものだ。<br>(パワーゲージ最大値+1),装備アイテム強化,7,0,5,0
171122,reinforce_1001,刀源石 1年 3次 ,ブレードに装着する源石。<br>1年生用 3次武器(未強化)から生成されたものだ。<br>(パワーゲージ最大値+1),装備アイテム強化,7,0,5,0
171123,reinforce_1001,刀源石 1年 3次 +1,ブレードに装着する源石。<br>1年生用 3次武器(強化レベル+1)から生成されたものだ。<br>(パワーゲージ最大値+1),装備アイテム強化,7,0,5,0
171124,reinforce_1001,刀源石 1年 3次 +2,ブレードに装着する源石。<br>1年生用 3次武器(強化レベル+2)から生成されたものだ。<br>(パワーゲージ最大値+1),装備アイテム強化,7,0,5,0
171125,reinforce_1001,刀源石 1年 3次 +3,ブレードに装着する源石。<br>1年生用 3次武器(強化レベル+3)から生成されたものだ。<br>(パワーゲージ最大値+1),装備アイテム強化,7,0,5,0
171126,reinforce_1001,刀源石 1年 3次 +4,ブレードに装着する源石。<br>1年生用 3次武器(強化レベル+4)から生成されたものだ。<br>(パワーゲージ最大値+1),装備アイテム強化,7,0,5,0
171127,reinforce_1001,刀源石 1年 3次 +5,ブレードに装着する源石。<br>1年生用 3次武器(強化レベル+5)から生成されたものだ。<br>(パワーゲージ最大値+1),装備アイテム強化,7,0,5,0
171128,reinforce_1001,刀源石 1年 3次 +6,ブレードに装着する源石。<br>1年生用 3次武器(強化レベル+6)から生成されたものだ。<br>(パワーゲージ最大値+1),装備アイテム強化,7,0,5,0
171129,reinforce_1001,刀源石 1年 3次 +7,ブレードに装着する源石。<br>1年生用 3次武器(強化レベル+7)から生成されたものだ。<br>(パワーゲージ最大値+1),装備アイテム強化,7,0,5,0
171130,reinforce_1001,刀源石 1年 3次 +8,ブレードに装着する源石。<br>1年生用 3次武器(強化レベル+8)から生成されたものだ。<br>(パワーゲージ最大値+1),装備アイテム強化,7,0,5,0
171131,reinforce_1001,刀源石 1年 3次 +9,ブレードに装着する源石。<br>1年生用 3次武器(強化レベル+9)から生成されたものだ。<br>(パワーゲージ最大値+1),装備アイテム強化,7,0,5,0
171132,reinforce_1001,刀源石 1年 3次 +10,ブレードに装着する源石。<br>1年生用 3次武器(強化レベル+10)から生成されたものだ。<br>(パワーゲージ最大値+1),装備アイテム強化,7,0,5,0
171133,reinforce_1001,刀源石 2年 1次 ,ブレードに装着する源石。<br>2年生用 1次武器(未強化)から生成されたものだ。<br>(パワーゲージ最大値+1),装備アイテム強化,7,0,5,0
171134,reinforce_1001,刀源石 2年 1次 +1,ブレードに装着する源石。<br>2年生用 1次武器(強化レベル+1)から生成されたものだ。<br>(パワーゲージ最大値+1),装備アイテム強化,7,0,5,0
171135,reinforce_1001,刀源石 2年 1次 +2,ブレードに装着する源石。<br>2年生用 1次武器(強化レベル+2)から生成されたものだ。<br>(パワーゲージ最大値+1),装備アイテム強化,7,0,5,0
171136,reinforce_1001,刀源石 2年 1次 +3,ブレードに装着する源石。<br>2年生用 1次武器(強化レベル+3)から生成されたものだ。<br>(パワーゲージ最大値+1),装備アイテム強化,7,0,5,0
171137,reinforce_1001,刀源石 2年 1次 +4,ブレードに装着する源石。<br>2年生用 1次武器(強化レベル+4)から生成されたものだ。<br>(パワーゲージ最大値+1),装備アイテム強化,7,0,5,0
171138,reinforce_1001,刀源石 2年 1次 +5,ブレードに装着する源石。<br>2年生用 1次武器(強化レベル+5)から生成されたものだ。<br>(パワーゲージ最大値+1),装備アイテム強化,7,0,5,0
171139,reinforce_1001,刀源石 2年 1次 +6,ブレードに装着する源石。<br>2年生用 1次武器(強化レベル+6)から生成されたものだ。<br>(パワーゲージ最大値+1),装備アイテム強化,7,0,5,0
171140,reinforce_1001,刀源石 2年 1次 +7,ブレードに装着する源石。<br>2年生用 1次武器(強化レベル+7)から生成されたものだ。<br>(パワーゲージ最大値+1),装備アイテム強化,7,0,5,0
171141,reinforce_1001,刀源石 2年 1次 +8,ブレードに装着する源石。<br>2年生用 1次武器(強化レベル+8)から生成されたものだ。<br>(パワーゲージ最大値+1),装備アイテム強化,7,0,5,0
171142,reinforce_1001,刀源石 2年 1次 +9,ブレードに装着する源石。<br>2年生用 1次武器(強化レベル+9)から生成されたものだ。<br>(パワーゲージ最大値+1),装備アイテム強化,7,0,5,0
171143,reinforce_1001,刀源石 2年 1次 +10,ブレードに装着する源石。<br>2年生用 1次武器(強化レベル+10)から生成されたものだ。<br>(パワーゲージ最大値+1),装備アイテム強化,7,0,5,0
171144,reinforce_1001,刀源石 2年 2次 ,ブレードに装着する源石。<br>2年生用 2次武器(未強化)から生成されたものだ。<br>(パワーゲージ最大値+1),装備アイテム強化,8,0,5,0
171145,reinforce_1001,刀源石 2年 2次 +1,ブレードに装着する源石。<br>2年生用 2次武器(強化レベル+1)から生成されたものだ。<br>(パワーゲージ最大値+1),装備アイテム強化,8,0,5,0
171146,reinforce_1001,刀源石 2年 2次 +2,ブレードに装着する源石。<br>2年生用 2次武器(強化レベル+2)から生成されたものだ。<br>(パワーゲージ最大値+1),装備アイテム強化,8,0,5,0
171147,reinforce_1001,刀源石 2年 2次 +3,ブレードに装着する源石。<br>2年生用 2次武器(強化レベル+3)から生成されたものだ。<br>(パワーゲージ最大値+1),装備アイテム強化,8,0,5,0
171148,reinforce_1001,刀源石 2年 2次 +4,ブレードに装着する源石。<br>2年生用 2次武器(強化レベル+4)から生成されたものだ。<br>(パワーゲージ最大値+1),装備アイテム強化,8,0,5,0
171149,reinforce_1001,刀源石 2年 2次 +5,ブレードに装着する源石。<br>2年生用 2次武器(強化レベル+5)から生成されたものだ。<br>(パワーゲージ最大値+1),装備アイテム強化,8,0,5,0
171150,reinforce_1001,刀源石 2年 2次 +6,ブレードに装着する源石。<br>2年生用 2次武器(強化レベル+6)から生成されたものだ。<br>(パワーゲージ最大値+1),装備アイテム強化,8,0,5,0
171151,reinforce_1001,刀源石 2年 2次 +7,ブレードに装着する源石。<br>2年生用 2次武器(強化レベル+7)から生成されたものだ。<br>(パワーゲージ最大値+1),装備アイテム強化,8,0,5,0
171152,reinforce_1001,刀源石 2年 2次 +8,ブレードに装着する源石。<br>2年生用 2次武器(強化レベル+8)から生成されたものだ。<br>(パワーゲージ最大値+1),装備アイテム強化,8,0,5,0
171153,reinforce_1001,刀源石 2年 2次 +9,ブレードに装着する源石。<br>2年生用 2次武器(強化レベル+9)から生成されたものだ。<br>(パワーゲージ最大値+1),装備アイテム強化,8,0,5,0
171154,reinforce_1001,刀源石 2年 2次 +10,ブレードに装着する源石。<br>2年生用 2次武器(強化レベル+10)から生成されたものだ。<br>(パワーゲージ最大値+1),装備アイテム強化,8,0,5,0
171155,reinforce_1001,刀源石 2年 3次 ,ブレードに装着する源石。<br>2年生用 3次武器(未強化)から生成されたものだ。<br>(パワーゲージ最大値+1),装備アイテム強化,8,0,5,0
171156,reinforce_1001,刀源石 2年 3次 +1,ブレードに装着する源石。<br>2年生用 3次武器(強化レベル+1)から生成されたものだ。<br>(パワーゲージ最大値+1),装備アイテム強化,8,0,5,0
171157,reinforce_1001,刀源石 2年 3次 +2,ブレードに装着する源石。<br>2年生用 3次武器(強化レベル+2)から生成されたものだ。<br>(パワーゲージ最大値+1),装備アイテム強化,8,0,5,0
171158,reinforce_1001,刀源石 2年 3次 +3,ブレードに装着する源石。<br>2年生用 3次武器(強化レベル+3)から生成されたものだ。<br>(パワーゲージ最大値+1),装備アイテム強化,8,0,5,0
171159,reinforce_1001,刀源石 2年 3次 +4,ブレードに装着する源石。<br>2年生用 3次武器(強化レベル+4)から生成されたものだ。<br>(パワーゲージ最大値+1),装備アイテム強化,8,0,5,0
171160,reinforce_1001,刀源石 2年 3次 +5,ブレードに装着する源石。<br>2年生用 3次武器(強化レベル+5)から生成されたものだ。<br>(パワーゲージ最大値+1),装備アイテム強化,8,0,5,0
171161,reinforce_1001,刀源石 2年 3次 +6,ブレードに装着する源石。<br>2年生用 3次武器(強化レベル+6)から生成されたものだ。<br>(パワーゲージ最大値+1),装備アイテム強化,8,0,5,0
171162,reinforce_1001,刀源石 2年 3次 +7,ブレードに装着する源石。<br>2年生用 3次武器(強化レベル+7)から生成されたものだ。<br>(パワーゲージ最大値+1),装備アイテム強化,8,0,5,0
171163,reinforce_1001,刀源石 2年 3次 +8,ブレードに装着する源石。<br>2年生用 3次武器(強化レベル+8)から生成されたものだ。<br>(パワーゲージ最大値+1),装備アイテム強化,8,0,5,0
171164,reinforce_1001,刀源石 2年 3次 +9,ブレードに装着する源石。<br>2年生用 3次武器(強化レベル+9)から生成されたものだ。<br>(パワーゲージ最大値+1),装備アイテム強化,8,0,5,0
171165,reinforce_1001,刀源石 2年 3次 +10,ブレードに装着する源石。<br>2年生用 3次武器(強化レベル+10)から生成されたものだ。<br>(パワーゲージ最大値+1),装備アイテム強化,8,0,5,0
171166,reinforce_1001,刀源石 3年 1次 ,ブレードに装着する源石。<br>3年生用 1次武器(未強化)から生成されたものだ。<br>(パワーゲージ最大値+1),装備アイテム強化,8,0,5,0
171167,reinforce_1001,刀源石 3年 1次 +1,ブレードに装着する源石。<br>3年生用 1次武器(強化レベル+1)から生成されたものだ。<br>(パワーゲージ最大値+1),装備アイテム強化,8,0,5,0
171168,reinforce_1001,刀源石 3年 1次 +2,ブレードに装着する源石。<br>3年生用 1次武器(強化レベル+2)から生成されたものだ。<br>(パワーゲージ最大値+1),装備アイテム強化,8,0,5,0
171169,reinforce_1001,刀源石 3年 1次 +3,ブレードに装着する源石。<br>3年生用 1次武器(強化レベル+3)から生成されたものだ。<br>(パワーゲージ最大値+1),装備アイテム強化,8,0,5,0
171170,reinforce_1001,刀源石 3年 1次 +4,ブレードに装着する源石。<br>3年生用 1次武器(強化レベル+4)から生成されたものだ。<br>(パワーゲージ最大値+1),装備アイテム強化,8,0,5,0
171171,reinforce_1001,刀源石 3年 1次 +5,ブレードに装着する源石。<br>3年生用 1次武器(強化レベル+5)から生成されたものだ。<br>(パワーゲージ最大値+1),装備アイテム強化,8,0,5,0
171172,reinforce_1001,刀源石 3年 1次 +6,ブレードに装着する源石。<br>3年生用 1次武器(強化レベル+6)から生成されたものだ。<br>(パワーゲージ最大値+1),装備アイテム強化,8,0,5,0
171173,reinforce_1001,刀源石 3年 1次 +7,ブレードに装着する源石。<br>3年生用 1次武器(強化レベル+7)から生成されたものだ。<br>(パワーゲージ最大値+1),装備アイテム強化,8,0,5,0
171174,reinforce_1001,刀源石 3年 1次 +8,ブレードに装着する源石。<br>3年生用 1次武器(強化レベル+8)から生成されたものだ。<br>(パワーゲージ最大値+1),装備アイテム強化,8,0,5,0
171175,reinforce_1001,刀源石 3年 1次 +9,ブレードに装着する源石。<br>3年生用 1次武器(強化レベル+9)から生成されたものだ。<br>(パワーゲージ最大値+1),装備アイテム強化,8,0,5,0
171176,reinforce_1001,刀源石 3年 1次 +10,ブレードに装着する源石。<br>3年生用 1次武器(強化レベル+10)から生成されたものだ。<br>(パワーゲージ最大値+1),装備アイテム強化,8,0,5,0
171177,reinforce_1001,刀源石 3年 2次 ,ブレードに装着する源石。<br>3年生用 2次武器(未強化)から生成されたものだ。<br>(パワーゲージ最大値+1),装備アイテム強化,8,0,5,0
171178,reinforce_1001,刀源石 3年 2次 +1,ブレードに装着する源石。<br>3年生用 2次武器(強化レベル+1)から生成されたものだ。<br>(パワーゲージ最大値+1),装備アイテム強化,8,0,5,0
171179,reinforce_1001,刀源石 3年 2次 +2,ブレードに装着する源石。<br>3年生用 2次武器(強化レベル+2)から生成されたものだ。<br>(パワーゲージ最大値+1),装備アイテム強化,8,0,5,0
171180,reinforce_1001,刀源石 3年 2次 +3,ブレードに装着する源石。<br>3年生用 2次武器(強化レベル+3)から生成されたものだ。<br>(パワーゲージ最大値+1),装備アイテム強化,8,0,5,0
171181,reinforce_1001,刀源石 3年 2次 +4,ブレードに装着する源石。<br>3年生用 2次武器(強化レベル+4)から生成されたものだ。<br>(パワーゲージ最大値+1),装備アイテム強化,8,0,5,0
171182,reinforce_1001,刀源石 3年 2次 +5,ブレードに装着する源石。<br>3年生用 2次武器(強化レベル+5)から生成されたものだ。<br>(パワーゲージ最大値+1),装備アイテム強化,8,0,5,0
171183,reinforce_1001,刀源石 3年 2次 +6,ブレードに装着する源石。<br>3年生用 2次武器(強化レベル+6)から生成されたものだ。<br>(パワーゲージ最大値+1),装備アイテム強化,8,0,5,0
171184,reinforce_1001,刀源石 3年 2次 +7,ブレードに装着する源石。<br>3年生用 2次武器(強化レベル+7)から生成されたものだ。<br>(パワーゲージ最大値+1),装備アイテム強化,8,0,5,0
171185,reinforce_1001,刀源石 3年 2次 +8,ブレードに装着する源石。<br>3年生用 2次武器(強化レベル+8)から生成されたものだ。<br>(パワーゲージ最大値+1),装備アイテム強化,8,0,5,0
171186,reinforce_1001,刀源石 3年 2次 +9,ブレードに装着する源石。<br>3年生用 2次武器(強化レベル+9)から生成されたものだ。<br>(パワーゲージ最大値+1),装備アイテム強化,8,0,5,0
171187,reinforce_1001,刀源石 3年 2次 +10,ブレードに装着する源石。<br>3年生用 2次武器(強化レベル+10)から生成されたものだ。<br>(パワーゲージ最大値+1),装備アイテム強化,8,0,5,0
171188,reinforce_1001,刀源石 3年 3次 ,ブレードに装着する源石。<br>3年生用 3次武器(未強化)から生成されたものだ。<br>(パワーゲージ最大値+1),装備アイテム強化,9,0,5,0
171189,reinforce_1001,刀源石 3年 3次 +1,ブレードに装着する源石。<br>3年生用 3次武器(強化レベル+1)から生成されたものだ。<br>(パワーゲージ最大値+1),装備アイテム強化,9,0,5,0
171190,reinforce_1001,刀源石 3年 3次 +2,ブレードに装着する源石。<br>3年生用 3次武器(強化レベル+2)から生成されたものだ。<br>(パワーゲージ最大値+1),装備アイテム強化,9,0,5,0
171191,reinforce_1001,刀源石 3年 3次 +3,ブレードに装着する源石。<br>3年生用 3次武器(強化レベル+3)から生成されたものだ。<br>(パワーゲージ最大値+1),装備アイテム強化,9,0,5,0
171192,reinforce_1001,刀源石 3年 3次 +4,ブレードに装着する源石。<br>3年生用 3次武器(強化レベル+4)から生成されたものだ。<br>(パワーゲージ最大値+1),装備アイテム強化,9,0,5,0
171193,reinforce_1001,刀源石 3年 3次 +5,ブレードに装着する源石。<br>3年生用 3次武器(強化レベル+5)から生成されたものだ。<br>(パワーゲージ最大値+1),装備アイテム強化,9,0,5,0
171194,reinforce_1001,刀源石 3年 3次 +6,ブレードに装着する源石。<br>3年生用 3次武器(強化レベル+6)から生成されたものだ。<br>(パワーゲージ最大値+1),装備アイテム強化,9,0,5,0
171195,reinforce_1001,刀源石 3年 3次 +7,ブレードに装着する源石。<br>3年生用 3次武器(強化レベル+7)から生成されたものだ。<br>(パワーゲージ最大値+1),装備アイテム強化,9,0,5,0
171196,reinforce_1001,刀源石 3年 3次 +8,ブレードに装着する源石。<br>3年生用 3次武器(強化レベル+8)から生成されたものだ。<br>(パワーゲージ最大値+1),装備アイテム強化,9,0,5,0
171197,reinforce_1001,刀源石 3年 3次 +9,ブレードに装着する源石。<br>3年生用 3次武器(強化レベル+9)から生成されたものだ。<br>(パワーゲージ最大値+1),装備アイテム強化,9,0,5,0
171198,reinforce_1001,刀源石 3年 3次 +10,ブレードに装着する源石。<br>3年生用 3次武器(強化レベル+10)から生成されたものだ。<br>(パワーゲージ最大値+1),装備アイテム強化,9,0,5,0
171199,reinforce_1001,刀源石 4年 1次 ,ブレードに装着する源石。<br>4年生用 1次武器(未強化)から生成されたものだ。<br>(パワーゲージ最大値+1),装備アイテム強化,9,0,5,0
171200,reinforce_1001,刀源石 4年 1次 +1,ブレードに装着する源石。<br>4年生用 1次武器(強化レベル+1)から生成されたものだ。<br>(パワーゲージ最大値+1),装備アイテム強化,9,0,5,0
171201,reinforce_1001,刀源石 4年 1次 +2,ブレードに装着する源石。<br>4年生用 1次武器(強化レベル+2)から生成されたものだ。<br>(パワーゲージ最大値+1),装備アイテム強化,9,0,5,0
171202,reinforce_1001,刀源石 4年 1次 +3,ブレードに装着する源石。<br>4年生用 1次武器(強化レベル+3)から生成されたものだ。<br>(パワーゲージ最大値+1),装備アイテム強化,9,0,5,0
171203,reinforce_1001,刀源石 4年 1次 +4,ブレードに装着する源石。<br>4年生用 1次武器(強化レベル+4)から生成されたものだ。<br>(パワーゲージ最大値+1),装備アイテム強化,9,0,5,0
171204,reinforce_1001,刀源石 4年 1次 +5,ブレードに装着する源石。<br>4年生用 1次武器(強化レベル+5)から生成されたものだ。<br>(パワーゲージ最大値+1),装備アイテム強化,9,0,5,0
171205,reinforce_1001,刀源石 4年 1次 +6,ブレードに装着する源石。<br>4年生用 1次武器(強化レベル+6)から生成されたものだ。<br>(パワーゲージ最大値+1),装備アイテム強化,9,0,5,0
171206,reinforce_1001,刀源石 4年 1次 +7,ブレードに装着する源石。<br>4年生用 1次武器(強化レベル+7)から生成されたものだ。<br>(パワーゲージ最大値+1),装備アイテム強化,9,0,5,0
171207,reinforce_1001,刀源石 4年 1次 +8,ブレードに装着する源石。<br>4年生用 1次武器(強化レベル+8)から生成されたものだ。<br>(パワーゲージ最大値+1),装備アイテム強化,9,0,5,0
171208,reinforce_1001,刀源石 4年 1次 +9,ブレードに装着する源石。<br>4年生用 1次武器(強化レベル+9)から生成されたものだ。<br>(パワーゲージ最大値+1),装備アイテム強化,9,0,5,0
171209,reinforce_1001,刀源石 4年 1次 +10,ブレードに装着する源石。<br>4年生用 1次武器(強化レベル+10)から生成されたものだ。<br>(パワーゲージ最大値+1),装備アイテム強化,9,0,5,0
171210,reinforce_1001,刀源石 4年 2次 ,ブレードに装着する源石。<br>4年生用 2次武器(未強化)から生成されたものだ。<br>(パワーゲージ最大値+1),装備アイテム強化,9,0,5,0
171211,reinforce_1001,刀源石 4年 2次 +1,ブレードに装着する源石。<br>4年生用 2次武器(強化レベル+1)から生成されたものだ。<br>(パワーゲージ最大値+1),装備アイテム強化,9,0,5,0
171212,reinforce_1001,刀源石 4年 2次 +2,ブレードに装着する源石。<br>4年生用 2次武器(強化レベル+2)から生成されたものだ。<br>(パワーゲージ最大値+1),装備アイテム強化,9,0,5,0
171213,reinforce_1001,刀源石 4年 2次 +3,ブレードに装着する源石。<br>4年生用 2次武器(強化レベル+3)から生成されたものだ。<br>(パワーゲージ最大値+1),装備アイテム強化,9,0,5,0
171214,reinforce_1001,刀源石 4年 2次 +4,ブレードに装着する源石。<br>4年生用 2次武器(強化レベル+4)から生成されたものだ。<br>(パワーゲージ最大値+1),装備アイテム強化,9,0,5,0
171215,reinforce_1001,刀源石 4年 2次 +5,ブレードに装着する源石。<br>4年生用 2次武器(強化レベル+5)から生成されたものだ。<br>(パワーゲージ最大値+1),装備アイテム強化,9,0,5,0
171216,reinforce_1001,刀源石 4年 2次 +6,ブレードに装着する源石。<br>4年生用 2次武器(強化レベル+6)から生成されたものだ。<br>(パワーゲージ最大値+1),装備アイテム強化,9,0,5,0
171217,reinforce_1001,刀源石 4年 2次 +7,ブレードに装着する源石。<br>4年生用 2次武器(強化レベル+7)から生成されたものだ。<br>(パワーゲージ最大値+1),装備アイテム強化,9,0,5,0
171218,reinforce_1001,刀源石 4年 2次 +8,ブレードに装着する源石。<br>4年生用 2次武器(強化レベル+8)から生成されたものだ。<br>(パワーゲージ最大値+1),装備アイテム強化,9,0,5,0
171219,reinforce_1001,刀源石 4年 2次 +9,ブレードに装着する源石。<br>4年生用 2次武器(強化レベル+9)から生成されたものだ。<br>(パワーゲージ最大値+1),装備アイテム強化,9,0,5,0
171220,reinforce_1001,刀源石 4年 2次 +10,ブレードに装着する源石。<br>4年生用 2次武器(強化レベル+10)から生成されたものだ。<br>(パワーゲージ最大値+1),装備アイテム強化,9,0,5,0
171221,reinforce_1001,刀源石 4年 3次 ,ブレードに装着する源石。<br>4年生用 3次武器(未強化)から生成されたものだ。<br>(パワーゲージ最大値+1),装備アイテム強化,9,0,5,0
171222,reinforce_1001,刀源石 4年 3次 +1,ブレードに装着する源石。<br>4年生用 3次武器(強化レベル+1)から生成されたものだ。<br>(パワーゲージ最大値+1),装備アイテム強化,9,0,5,0
171223,reinforce_1001,刀源石 4年 3次 +2,ブレードに装着する源石。<br>4年生用 3次武器(強化レベル+2)から生成されたものだ。<br>(パワーゲージ最大値+1),装備アイテム強化,9,0,5,0
171224,reinforce_1001,刀源石 4年 3次 +3,ブレードに装着する源石。<br>4年生用 3次武器(強化レベル+3)から生成されたものだ。<br>(パワーゲージ最大値+1),装備アイテム強化,9,0,5,0
171225,reinforce_1001,刀源石 4年 3次 +4,ブレードに装着する源石。<br>4年生用 3次武器(強化レベル+4)から生成されたものだ。<br>(パワーゲージ最大値+1),装備アイテム強化,9,0,5,0
171226,reinforce_1001,刀源石 4年 3次 +5,ブレードに装着する源石。<br>4年生用 3次武器(強化レベル+5)から生成されたものだ。<br>(パワーゲージ最大値+1),装備アイテム強化,9,0,5,0
171227,reinforce_1001,刀源石 4年 3次 +6,ブレードに装着する源石。<br>4年生用 3次武器(強化レベル+6)から生成されたものだ。<br>(パワーゲージ最大値+1),装備アイテム強化,9,0,5,0
171228,reinforce_1001,刀源石 4年 3次 +7,ブレードに装着する源石。<br>4年生用 3次武器(強化レベル+7)から生成されたものだ。<br>(パワーゲージ最大値+1),装備アイテム強化,9,0,5,0
171229,reinforce_1001,刀源石 4年 3次 +8,ブレードに装着する源石。<br>4年生用 3次武器(強化レベル+8)から生成されたものだ。<br>(パワーゲージ最大値+1),装備アイテム強化,9,0,5,0
171230,reinforce_1001,刀源石 4年 3次 +9,ブレードに装着する源石。<br>4年生用 3次武器(強化レベル+9)から生成されたものだ。<br>(パワーゲージ最大値+1),装備アイテム強化,9,0,5,0
171231,reinforce_1001,刀源石 4年 3次 +10,ブレードに装着する源石。<br>4年生用 3次武器(強化レベル+10)から生成されたものだ。<br>(パワーゲージ最大値+1),装備アイテム強化,9,0,5,0
171232,reinforce_1001,刀源石 5年 1次 ,ブレードに装着する源石。<br>5年生用 1次武器(未強化)から生成されたものだ。<br>(パワーゲージ最大値+1),装備アイテム強化,10,0,5,0
171233,reinforce_1001,刀源石 5年 1次 +1,ブレードに装着する源石。<br>5年生用 1次武器(強化レベル+1)から生成されたものだ。<br>(パワーゲージ最大値+1),装備アイテム強化,10,0,5,0
171234,reinforce_1001,刀源石 5年 1次 +2,ブレードに装着する源石。<br>5年生用 1次武器(強化レベル+2)から生成されたものだ。<br>(パワーゲージ最大値+1),装備アイテム強化,10,0,5,0
171235,reinforce_1001,刀源石 5年 1次 +3,ブレードに装着する源石。<br>5年生用 1次武器(強化レベル+3)から生成されたものだ。<br>(パワーゲージ最大値+1),装備アイテム強化,10,0,5,0
171236,reinforce_1001,刀源石 5年 1次 +4,ブレードに装着する源石。<br>5年生用 1次武器(強化レベル+4)から生成されたものだ。<br>(パワーゲージ最大値+1),装備アイテム強化,10,0,5,0
171237,reinforce_1001,刀源石 5年 1次 +5,ブレードに装着する源石。<br>5年生用 1次武器(強化レベル+5)から生成されたものだ。<br>(パワーゲージ最大値+1),装備アイテム強化,10,0,5,0
171238,reinforce_1001,刀源石 5年 1次 +6,ブレードに装着する源石。<br>5年生用 1次武器(強化レベル+6)から生成されたものだ。<br>(パワーゲージ最大値+1),装備アイテム強化,10,0,5,0
171239,reinforce_1001,刀源石 5年 1次 +7,ブレードに装着する源石。<br>5年生用 1次武器(強化レベル+7)から生成されたものだ。<br>(パワーゲージ最大値+1),装備アイテム強化,10,0,5,0
171240,reinforce_1001,刀源石 5年 1次 +8,ブレードに装着する源石。<br>5年生用 1次武器(強化レベル+8)から生成されたものだ。<br>(パワーゲージ最大値+1),装備アイテム強化,10,0,5,0
171241,reinforce_1001,刀源石 5年 1次 +9,ブレードに装着する源石。<br>5年生用 1次武器(強化レベル+9)から生成されたものだ。<br>(パワーゲージ最大値+1),装備アイテム強化,10,0,5,0
171242,reinforce_1001,刀源石 5年 1次 +10,ブレードに装着する源石。<br>5年生用 1次武器(強化レベル+10)から生成されたものだ。<br>(パワーゲージ最大値+1),装備アイテム強化,10,0,5,0
171243,reinforce_1001,刀源石 5年 2次 ,ブレードに装着する源石。<br>5年生用 2次武器(未強化)から生成されたものだ。<br>(パワーゲージ最大値+1),装備アイテム強化,10,0,5,0
171244,reinforce_1001,刀源石 5年 2次 +1,ブレードに装着する源石。<br>5年生用 2次武器(強化レベル+1)から生成されたものだ。<br>(パワーゲージ最大値+1),装備アイテム強化,10,0,5,0
171245,reinforce_1001,刀源石 5年 2次 +2,ブレードに装着する源石。<br>5年生用 2次武器(強化レベル+2)から生成されたものだ。<br>(パワーゲージ最大値+1),装備アイテム強化,10,0,5,0
171246,reinforce_1001,刀源石 5年 2次 +3,ブレードに装着する源石。<br>5年生用 2次武器(強化レベル+3)から生成されたものだ。<br>(パワーゲージ最大値+1),装備アイテム強化,10,0,5,0
171247,reinforce_1001,刀源石 5年 2次 +4,ブレードに装着する源石。<br>5年生用 2次武器(強化レベル+4)から生成されたものだ。<br>(パワーゲージ最大値+1),装備アイテム強化,10,0,5,0
171248,reinforce_1001,刀源石 5年 2次 +5,ブレードに装着する源石。<br>5年生用 2次武器(強化レベル+5)から生成されたものだ。<br>(パワーゲージ最大値+1),装備アイテム強化,10,0,5,0
171249,reinforce_1001,刀源石 5年 2次 +6,ブレードに装着する源石。<br>5年生用 2次武器(強化レベル+6)から生成されたものだ。<br>(パワーゲージ最大値+1),装備アイテム強化,10,0,5,0
171250,reinforce_1001,刀源石 5年 2次 +7,ブレードに装着する源石。<br>5年生用 2次武器(強化レベル+7)から生成されたものだ。<br>(パワーゲージ最大値+1),装備アイテム強化,10,0,5,0
171251,reinforce_1001,刀源石 5年 2次 +8,ブレードに装着する源石。<br>5年生用 2次武器(強化レベル+8)から生成されたものだ。<br>(パワーゲージ最大値+1),装備アイテム強化,10,0,5,0
171252,reinforce_1001,刀源石 5年 2次 +9,ブレードに装着する源石。<br>5年生用 2次武器(強化レベル+9)から生成されたものだ。<br>(パワーゲージ最大値+1),装備アイテム強化,10,0,5,0
171253,reinforce_1001,刀源石 5年 2次 +10,ブレードに装着する源石。<br>5年生用 2次武器(強化レベル+10)から生成されたものだ。<br>(パワーゲージ最大値+1),装備アイテム強化,10,0,5,0
171254,reinforce_1001,刀源石 5年 3次 ,ブレードに装着する源石。<br>5年生用 3次武器(未強化)から生成されたものだ。<br>(パワーゲージ最大値+1),装備アイテム強化,10,0,5,0
171255,reinforce_1001,刀源石 5年 3次 +1,ブレードに装着する源石。<br>5年生用 3次武器(強化レベル+1)から生成されたものだ。<br>(パワーゲージ最大値+1),装備アイテム強化,10,0,5,0
171256,reinforce_1001,刀源石 5年 3次 +2,ブレードに装着する源石。<br>5年生用 3次武器(強化レベル+2)から生成されたものだ。<br>(パワーゲージ最大値+1),装備アイテム強化,10,0,5,0
171257,reinforce_1001,刀源石 5年 3次 +3,ブレードに装着する源石。<br>5年生用 3次武器(強化レベル+3)から生成されたものだ。<br>(パワーゲージ最大値+1),装備アイテム強化,10,0,5,0
171258,reinforce_1001,刀源石 5年 3次 +4,ブレードに装着する源石。<br>5年生用 3次武器(強化レベル+4)から生成されたものだ。<br>(パワーゲージ最大値+1),装備アイテム強化,10,0,5,0
171259,reinforce_1001,刀源石 5年 3次 +5,ブレードに装着する源石。<br>5年生用 3次武器(強化レベル+5)から生成されたものだ。<br>(パワーゲージ最大値+1),装備アイテム強化,10,0,5,0
171260,reinforce_1001,刀源石 5年 3次 +6,ブレードに装着する源石。<br>5年生用 3次武器(強化レベル+6)から生成されたものだ。<br>(パワーゲージ最大値+1),装備アイテム強化,10,0,5,0
171261,reinforce_1001,刀源石 5年 3次 +7,ブレードに装着する源石。<br>5年生用 3次武器(強化レベル+7)から生成されたものだ。<br>(パワーゲージ最大値+1),装備アイテム強化,10,0,5,0
171262,reinforce_1001,刀源石 5年 3次 +8,ブレードに装着する源石。<br>5年生用 3次武器(強化レベル+8)から生成されたものだ。<br>(パワーゲージ最大値+1),装備アイテム強化,10,0,5,0
171263,reinforce_1001,刀源石 5年 3次 +9,ブレードに装着する源石。<br>5年生用 3次武器(強化レベル+9)から生成されたものだ。<br>(パワーゲージ最大値+1),装備アイテム強化,10,0,5,0
171264,reinforce_1001,刀源石 5年 3次 +10,ブレードに装着する源石。<br>5年生用 3次武器(強化レベル+10)から生成されたものだ。<br>(パワーゲージ最大値+1),装備アイテム強化,10,0,5,0
171265,reinforce_1001,刀源石 5年 1次 ,ブレードに装着する源石。<br>5年生用 1次武器(未強化)から生成されたものだ。<br>(パワーゲージ最大値+1),装備アイテム強化,10,0,5,0
171266,reinforce_1001,刀源石 5年 1次 +1,ブレードに装着する源石。<br>5年生用 1次武器(強化レベル+1)から生成されたものだ。<br>(パワーゲージ最大値+1),装備アイテム強化,10,0,5,0
171267,reinforce_1001,刀源石 5年 1次 +2,ブレードに装着する源石。<br>5年生用 1次武器(強化レベル+2)から生成されたものだ。<br>(パワーゲージ最大値+1),装備アイテム強化,10,0,5,0
171268,reinforce_1001,刀源石 5年 1次 +3,ブレードに装着する源石。<br>5年生用 1次武器(強化レベル+3)から生成されたものだ。<br>(パワーゲージ最大値+1),装備アイテム強化,10,0,5,0
171269,reinforce_1001,刀源石 5年 1次 +4,ブレードに装着する源石。<br>5年生用 1次武器(強化レベル+4)から生成されたものだ。<br>(パワーゲージ最大値+1),装備アイテム強化,10,0,5,0
171270,reinforce_1001,刀源石 5年 1次 +5,ブレードに装着する源石。<br>5年生用 1次武器(強化レベル+5)から生成されたものだ。<br>(パワーゲージ最大値+1),装備アイテム強化,10,0,5,0
171271,reinforce_1001,刀源石 5年 1次 +6,ブレードに装着する源石。<br>5年生用 1次武器(強化レベル+6)から生成されたものだ。<br>(パワーゲージ最大値+1),装備アイテム強化,10,0,5,0
171272,reinforce_1001,刀源石 5年 1次 +7,ブレードに装着する源石。<br>5年生用 1次武器(強化レベル+7)から生成されたものだ。<br>(パワーゲージ最大値+1),装備アイテム強化,10,0,5,0
171273,reinforce_1001,刀源石 5年 1次 +8,ブレードに装着する源石。<br>5年生用 1次武器(強化レベル+8)から生成されたものだ。<br>(パワーゲージ最大値+1),装備アイテム強化,10,0,5,0
171274,reinforce_1001,刀源石 5年 1次 +9,ブレードに装着する源石。<br>5年生用 1次武器(強化レベル+9)から生成されたものだ。<br>(パワーゲージ最大値+1),装備アイテム強化,10,0,5,0
171275,reinforce_1001,刀源石 5年 1次 +10,ブレードに装着する源石。<br>5年生用 1次武器(強化レベル+10)から生成されたものだ。<br>(パワーゲージ最大値+1),装備アイテム強化,10,0,5,0
171276,reinforce_1001,刀源石 5年 2次 ,ブレードに装着する源石。<br>5年生用 2次武器(未強化)から生成されたものだ。<br>(パワーゲージ最大値+1),装備アイテム強化,10,0,5,0
171277,reinforce_1001,刀源石 5年 2次 +1,ブレードに装着する源石。<br>5年生用 2次武器(強化レベル+1)から生成されたものだ。<br>(パワーゲージ最大値+1),装備アイテム強化,10,0,5,0
171278,reinforce_1001,刀源石 5年 2次 +2,ブレードに装着する源石。<br>5年生用 2次武器(強化レベル+2)から生成されたものだ。<br>(パワーゲージ最大値+1),装備アイテム強化,10,0,5,0
171279,reinforce_1001,刀源石 5年 2次 +3,ブレードに装着する源石。<br>5年生用 2次武器(強化レベル+3)から生成されたものだ。<br>(パワーゲージ最大値+1),装備アイテム強化,10,0,5,0
171280,reinforce_1001,刀源石 5年 2次 +4,ブレードに装着する源石。<br>5年生用 2次武器(強化レベル+4)から生成されたものだ。<br>(パワーゲージ最大値+1),装備アイテム強化,10,0,5,0
171281,reinforce_1001,刀源石 5年 2次 +5,ブレードに装着する源石。<br>5年生用 2次武器(強化レベル+5)から生成されたものだ。<br>(パワーゲージ最大値+1),装備アイテム強化,10,0,5,0
171282,reinforce_1001,刀源石 5年 2次 +6,ブレードに装着する源石。<br>5年生用 2次武器(強化レベル+6)から生成されたものだ。<br>(パワーゲージ最大値+1),装備アイテム強化,10,0,5,0
171283,reinforce_1001,刀源石 5年 2次 +7,ブレードに装着する源石。<br>5年生用 2次武器(強化レベル+7)から生成されたものだ。<br>(パワーゲージ最大値+1),装備アイテム強化,10,0,5,0
171284,reinforce_1001,刀源石 5年 2次 +8,ブレードに装着する源石。<br>5年生用 2次武器(強化レベル+8)から生成されたものだ。<br>(パワーゲージ最大値+1),装備アイテム強化,10,0,5,0
171285,reinforce_1001,刀源石 5年 2次 +9,ブレードに装着する源石。<br>5年生用 2次武器(強化レベル+9)から生成されたものだ。<br>(パワーゲージ最大値+1),装備アイテム強化,10,0,5,0
171286,reinforce_1001,刀源石 5年 2次 +10,ブレードに装着する源石。<br>5年生用 2次武器(強化レベル+10)から生成されたものだ。<br>(パワーゲージ最大値+1),装備アイテム強化,10,0,5,0
171287,reinforce_1001,刀源石 5年 3次 ,ブレードに装着する源石。<br>5年生用 3次武器(未強化)から生成されたものだ。<br>(パワーゲージ最大値+1),装備アイテム強化,11,0,5,0
171288,reinforce_1001,刀源石 5年 3次 +1,ブレードに装着する源石。<br>5年生用 3次武器(強化レベル+1)から生成されたものだ。<br>(パワーゲージ最大値+1),装備アイテム強化,11,0,5,0
171289,reinforce_1001,刀源石 5年 3次 +2,ブレードに装着する源石。<br>5年生用 3次武器(強化レベル+2)から生成されたものだ。<br>(パワーゲージ最大値+1),装備アイテム強化,11,0,5,0
171290,reinforce_1001,刀源石 5年 3次 +3,ブレードに装着する源石。<br>5年生用 3次武器(強化レベル+3)から生成されたものだ。<br>(パワーゲージ最大値+1),装備アイテム強化,11,0,5,0
171291,reinforce_1001,刀源石 5年 3次 +4,ブレードに装着する源石。<br>5年生用 3次武器(強化レベル+4)から生成されたものだ。<br>(パワーゲージ最大値+1),装備アイテム強化,11,0,5,0
171292,reinforce_1001,刀源石 5年 3次 +5,ブレードに装着する源石。<br>5年生用 3次武器(強化レベル+5)から生成されたものだ。<br>(パワーゲージ最大値+1),装備アイテム強化,11,0,5,0
171293,reinforce_1001,刀源石 5年 3次 +6,ブレードに装着する源石。<br>5年生用 3次武器(強化レベル+6)から生成されたものだ。<br>(パワーゲージ最大値+1),装備アイテム強化,11,0,5,0
171294,reinforce_1001,刀源石 5年 3次 +7,ブレードに装着する源石。<br>5年生用 3次武器(強化レベル+7)から生成されたものだ。<br>(パワーゲージ最大値+1),装備アイテム強化,11,0,5,0
171295,reinforce_1001,刀源石 5年 3次 +8,ブレードに装着する源石。<br>5年生用 3次武器(強化レベル+8)から生成されたものだ。<br>(パワーゲージ最大値+1),装備アイテム強化,11,0,5,0
171296,reinforce_1001,刀源石 5年 3次 +9,ブレードに装着する源石。<br>5年生用 3次武器(強化レベル+9)から生成されたものだ。<br>(パワーゲージ最大値+1),装備アイテム強化,11,0,5,0
171297,reinforce_1001,刀源石 5年 3次 +10,ブレードに装着する源石。<br>5年生用 3次武器(強化レベル+10)から生成されたものだ。<br>(パワーゲージ最大値+1),装備アイテム強化,11,0,5,0
171298,reinforce_1001,刀源石 5年 1次 ,ブレードに装着する源石。<br>5年生用 1次武器(未強化)から生成されたものだ。<br>(パワーゲージ最大値+1),装備アイテム強化,11,0,5,0
171299,reinforce_1001,刀源石 5年 1次 +1,ブレードに装着する源石。<br>5年生用 1次武器(強化レベル+1)から生成されたものだ。<br>(パワーゲージ最大値+1),装備アイテム強化,11,0,5,0
171300,reinforce_1001,刀源石 5年 1次 +2,ブレードに装着する源石。<br>5年生用 1次武器(強化レベル+2)から生成されたものだ。<br>(パワーゲージ最大値+1),装備アイテム強化,11,0,5,0
171301,reinforce_1001,刀源石 5年 1次 +3,ブレードに装着する源石。<br>5年生用 1次武器(強化レベル+3)から生成されたものだ。<br>(パワーゲージ最大値+1),装備アイテム強化,11,0,5,0
171302,reinforce_1001,刀源石 5年 1次 +4,ブレードに装着する源石。<br>5年生用 1次武器(強化レベル+4)から生成されたものだ。<br>(パワーゲージ最大値+1),装備アイテム強化,11,0,5,0
171303,reinforce_1001,刀源石 5年 1次 +5,ブレードに装着する源石。<br>5年生用 1次武器(強化レベル+5)から生成されたものだ。<br>(パワーゲージ最大値+1),装備アイテム強化,11,0,5,0
171304,reinforce_1001,刀源石 5年 1次 +6,ブレードに装着する源石。<br>5年生用 1次武器(強化レベル+6)から生成されたものだ。<br>(パワーゲージ最大値+1),装備アイテム強化,11,0,5,0
171305,reinforce_1001,刀源石 5年 1次 +7,ブレードに装着する源石。<br>5年生用 1次武器(強化レベル+7)から生成されたものだ。<br>(パワーゲージ最大値+1),装備アイテム強化,11,0,5,0
171306,reinforce_1001,刀源石 5年 1次 +8,ブレードに装着する源石。<br>5年生用 1次武器(強化レベル+8)から生成されたものだ。<br>(パワーゲージ最大値+1),装備アイテム強化,11,0,5,0
171307,reinforce_1001,刀源石 5年 1次 +9,ブレードに装着する源石。<br>5年生用 1次武器(強化レベル+9)から生成されたものだ。<br>(パワーゲージ最大値+1),装備アイテム強化,11,0,5,0
171308,reinforce_1001,刀源石 5年 1次 +10,ブレードに装着する源石。<br>5年生用 1次武器(強化レベル+10)から生成されたものだ。<br>(パワーゲージ最大値+1),装備アイテム強化,11,0,5,0
171309,reinforce_1001,刀源石 5年 2次 ,ブレードに装着する源石。<br>5年生用 2次武器(未強化)から生成されたものだ。<br>(パワーゲージ最大値+1),装備アイテム強化,11,0,5,0
171310,reinforce_1001,刀源石 5年 2次 +1,ブレードに装着する源石。<br>5年生用 2次武器(強化レベル+1)から生成されたものだ。<br>(パワーゲージ最大値+1),装備アイテム強化,11,0,5,0
171311,reinforce_1001,刀源石 5年 2次 +2,ブレードに装着する源石。<br>5年生用 2次武器(強化レベル+2)から生成されたものだ。<br>(パワーゲージ最大値+1),装備アイテム強化,11,0,5,0
171312,reinforce_1001,刀源石 5年 2次 +3,ブレードに装着する源石。<br>5年生用 2次武器(強化レベル+3)から生成されたものだ。<br>(パワーゲージ最大値+1),装備アイテム強化,11,0,5,0
171313,reinforce_1001,刀源石 5年 2次 +4,ブレードに装着する源石。<br>5年生用 2次武器(強化レベル+4)から生成されたものだ。<br>(パワーゲージ最大値+1),装備アイテム強化,11,0,5,0
171314,reinforce_1001,刀源石 5年 2次 +5,ブレードに装着する源石。<br>5年生用 2次武器(強化レベル+5)から生成されたものだ。<br>(パワーゲージ最大値+1),装備アイテム強化,11,0,5,0
171315,reinforce_1001,刀源石 5年 2次 +6,ブレードに装着する源石。<br>5年生用 2次武器(強化レベル+6)から生成されたものだ。<br>(パワーゲージ最大値+1),装備アイテム強化,11,0,5,0
171316,reinforce_1001,刀源石 5年 2次 +7,ブレードに装着する源石。<br>5年生用 2次武器(強化レベル+7)から生成されたものだ。<br>(パワーゲージ最大値+1),装備アイテム強化,11,0,5,0
171317,reinforce_1001,刀源石 5年 2次 +8,ブレードに装着する源石。<br>5年生用 2次武器(強化レベル+8)から生成されたものだ。<br>(パワーゲージ最大値+1),装備アイテム強化,11,0,5,0
171318,reinforce_1001,刀源石 5年 2次 +9,ブレードに装着する源石。<br>5年生用 2次武器(強化レベル+9)から生成されたものだ。<br>(パワーゲージ最大値+1),装備アイテム強化,11,0,5,0
171319,reinforce_1001,刀源石 5年 2次 +10,ブレードに装着する源石。<br>5年生用 2次武器(強化レベル+10)から生成されたものだ。<br>(パワーゲージ最大値+1),装備アイテム強化,11,0,5,0
171320,reinforce_1001,刀源石 5年 3次 ,ブレードに装着する源石。<br>5年生用 3次武器(未強化)から生成されたものだ。<br>(パワーゲージ最大値+1),装備アイテム強化,11,0,5,0
171321,reinforce_1001,刀源石 5年 3次 +1,ブレードに装着する源石。<br>5年生用 3次武器(強化レベル+1)から生成されたものだ。<br>(パワーゲージ最大値+1),装備アイテム強化,11,0,5,0
171322,reinforce_1001,刀源石 5年 3次 +2,ブレードに装着する源石。<br>5年生用 3次武器(強化レベル+2)から生成されたものだ。<br>(パワーゲージ最大値+1),装備アイテム強化,11,0,5,0
171323,reinforce_1001,刀源石 5年 3次 +3,ブレードに装着する源石。<br>5年生用 3次武器(強化レベル+3)から生成されたものだ。<br>(パワーゲージ最大値+1),装備アイテム強化,11,0,5,0
171324,reinforce_1001,刀源石 5年 3次 +4,ブレードに装着する源石。<br>5年生用 3次武器(強化レベル+4)から生成されたものだ。<br>(パワーゲージ最大値+1),装備アイテム強化,11,0,5,0
171325,reinforce_1001,刀源石 5年 3次 +5,ブレードに装着する源石。<br>5年生用 3次武器(強化レベル+5)から生成されたものだ。<br>(パワーゲージ最大値+1),装備アイテム強化,11,0,5,0
171326,reinforce_1001,刀源石 5年 3次 +6,ブレードに装着する源石。<br>5年生用 3次武器(強化レベル+6)から生成されたものだ。<br>(パワーゲージ最大値+1),装備アイテム強化,11,0,5,0
171327,reinforce_1001,刀源石 5年 3次 +7,ブレードに装着する源石。<br>5年生用 3次武器(強化レベル+7)から生成されたものだ。<br>(パワーゲージ最大値+1),装備アイテム強化,11,0,5,0
171328,reinforce_1001,刀源石 5年 3次 +8,ブレードに装着する源石。<br>5年生用 3次武器(強化レベル+8)から生成されたものだ。<br>(パワーゲージ最大値+1),装備アイテム強化,11,0,5,0
171329,reinforce_1001,刀源石 5年 3次 +9,ブレードに装着する源石。<br>5年生用 3次武器(強化レベル+9)から生成されたものだ。<br>(パワーゲージ最大値+1),装備アイテム強化,11,0,5,0
171330,reinforce_1001,刀源石 5年 3次 +10,ブレードに装着する源石。<br>5年生用 3次武器(強化レベル+10)から生成されたものだ。<br>(パワーゲージ最大値+1),装備アイテム強化,11,0,5,0
171331,reinforce_1001,刀源石 5年 1次 ,ブレードに装着する源石。<br>5年生用 1次武器(未強化)から生成されたものだ。<br>(パワーゲージ最大値+1),装備アイテム強化,11,0,5,0
171332,reinforce_1001,刀源石 5年 1次 +1,ブレードに装着する源石。<br>5年生用 1次武器(強化レベル+1)から生成されたものだ。<br>(パワーゲージ最大値+1),装備アイテム強化,11,0,5,0
171333,reinforce_1001,刀源石 5年 1次 +2,ブレードに装着する源石。<br>5年生用 1次武器(強化レベル+2)から生成されたものだ。<br>(パワーゲージ最大値+1),装備アイテム強化,11,0,5,0
171334,reinforce_1001,刀源石 5年 1次 +3,ブレードに装着する源石。<br>5年生用 1次武器(強化レベル+3)から生成されたものだ。<br>(パワーゲージ最大値+1),装備アイテム強化,11,0,5,0
171335,reinforce_1001,刀源石 5年 1次 +4,ブレードに装着する源石。<br>5年生用 1次武器(強化レベル+4)から生成されたものだ。<br>(パワーゲージ最大値+1),装備アイテム強化,11,0,5,0
171336,reinforce_1001,刀源石 5年 1次 +5,ブレードに装着する源石。<br>5年生用 1次武器(強化レベル+5)から生成されたものだ。<br>(パワーゲージ最大値+1),装備アイテム強化,11,0,5,0
171337,reinforce_1001,刀源石 5年 1次 +6,ブレードに装着する源石。<br>5年生用 1次武器(強化レベル+6)から生成されたものだ。<br>(パワーゲージ最大値+1),装備アイテム強化,11,0,5,0
171338,reinforce_1001,刀源石 5年 1次 +7,ブレードに装着する源石。<br>5年生用 1次武器(強化レベル+7)から生成されたものだ。<br>(パワーゲージ最大値+1),装備アイテム強化,11,0,5,0
171339,reinforce_1001,刀源石 5年 1次 +8,ブレードに装着する源石。<br>5年生用 1次武器(強化レベル+8)から生成されたものだ。<br>(パワーゲージ最大値+1),装備アイテム強化,11,0,5,0
171340,reinforce_1001,刀源石 5年 1次 +9,ブレードに装着する源石。<br>5年生用 1次武器(強化レベル+9)から生成されたものだ。<br>(パワーゲージ最大値+1),装備アイテム強化,11,0,5,0
171341,reinforce_1001,刀源石 5年 1次 +10,ブレードに装着する源石。<br>5年生用 1次武器(強化レベル+10)から生成されたものだ。<br>(パワーゲージ最大値+1),装備アイテム強化,11,0,5,0
171342,reinforce_1001,刀源石 5年 2次 ,ブレードに装着する源石。<br>5年生用 2次武器(未強化)から生成されたものだ。<br>(パワーゲージ最大値+1),装備アイテム強化,11,0,5,0
171343,reinforce_1001,刀源石 5年 2次 +1,ブレードに装着する源石。<br>5年生用 2次武器(強化レベル+1)から生成されたものだ。<br>(パワーゲージ最大値+1),装備アイテム強化,11,0,5,0
171344,reinforce_1001,刀源石 5年 2次 +2,ブレードに装着する源石。<br>5年生用 2次武器(強化レベル+2)から生成されたものだ。<br>(パワーゲージ最大値+1),装備アイテム強化,11,0,5,0
171345,reinforce_1001,刀源石 5年 2次 +3,ブレードに装着する源石。<br>5年生用 2次武器(強化レベル+3)から生成されたものだ。<br>(パワーゲージ最大値+1),装備アイテム強化,11,0,5,0
171346,reinforce_1001,刀源石 5年 2次 +4,ブレードに装着する源石。<br>5年生用 2次武器(強化レベル+4)から生成されたものだ。<br>(パワーゲージ最大値+1),装備アイテム強化,11,0,5,0
171347,reinforce_1001,刀源石 5年 2次 +5,ブレードに装着する源石。<br>5年生用 2次武器(強化レベル+5)から生成されたものだ。<br>(パワーゲージ最大値+1),装備アイテム強化,11,0,5,0
171348,reinforce_1001,刀源石 5年 2次 +6,ブレードに装着する源石。<br>5年生用 2次武器(強化レベル+6)から生成されたものだ。<br>(パワーゲージ最大値+1),装備アイテム強化,11,0,5,0
171349,reinforce_1001,刀源石 5年 2次 +7,ブレードに装着する源石。<br>5年生用 2次武器(強化レベル+7)から生成されたものだ。<br>(パワーゲージ最大値+1),装備アイテム強化,11,0,5,0
171350,reinforce_1001,刀源石 5年 2次 +8,ブレードに装着する源石。<br>5年生用 2次武器(強化レベル+8)から生成されたものだ。<br>(パワーゲージ最大値+1),装備アイテム強化,11,0,5,0
171351,reinforce_1001,刀源石 5年 2次 +9,ブレードに装着する源石。<br>5年生用 2次武器(強化レベル+9)から生成されたものだ。<br>(パワーゲージ最大値+1),装備アイテム強化,11,0,5,0
171352,reinforce_1001,刀源石 5年 2次 +10,ブレードに装着する源石。<br>5年生用 2次武器(強化レベル+10)から生成されたものだ。<br>(パワーゲージ最大値+1),装備アイテム強化,11,0,5,0
171353,reinforce_1001,刀源石 5年 3次 ,ブレードに装着する源石。<br>5年生用 3次武器(未強化)から生成されたものだ。<br>(パワーゲージ最大値+1),装備アイテム強化,11,0,5,0
171354,reinforce_1001,刀源石 5年 3次 +1,ブレードに装着する源石。<br>5年生用 3次武器(強化レベル+1)から生成されたものだ。<br>(パワーゲージ最大値+1),装備アイテム強化,11,0,5,0
171355,reinforce_1001,刀源石 5年 3次 +2,ブレードに装着する源石。<br>5年生用 3次武器(強化レベル+2)から生成されたものだ。<br>(パワーゲージ最大値+1),装備アイテム強化,11,0,5,0
171356,reinforce_1001,刀源石 5年 3次 +3,ブレードに装着する源石。<br>5年生用 3次武器(強化レベル+3)から生成されたものだ。<br>(パワーゲージ最大値+1),装備アイテム強化,11,0,5,0
171357,reinforce_1001,刀源石 5年 3次 +4,ブレードに装着する源石。<br>5年生用 3次武器(強化レベル+4)から生成されたものだ。<br>(パワーゲージ最大値+1),装備アイテム強化,11,0,5,0
171358,reinforce_1001,刀源石 5年 3次 +5,ブレードに装着する源石。<br>5年生用 3次武器(強化レベル+5)から生成されたものだ。<br>(パワーゲージ最大値+1),装備アイテム強化,11,0,5,0
171359,reinforce_1001,刀源石 5年 3次 +6,ブレードに装着する源石。<br>5年生用 3次武器(強化レベル+6)から生成されたものだ。<br>(パワーゲージ最大値+1),装備アイテム強化,11,0,5,0
171360,reinforce_1001,刀源石 5年 3次 +7,ブレードに装着する源石。<br>5年生用 3次武器(強化レベル+7)から生成されたものだ。<br>(パワーゲージ最大値+1),装備アイテム強化,11,0,5,0
171361,reinforce_1001,刀源石 5年 3次 +8,ブレードに装着する源石。<br>5年生用 3次武器(強化レベル+8)から生成されたものだ。<br>(パワーゲージ最大値+1),装備アイテム強化,11,0,5,0
171362,reinforce_1001,刀源石 5年 3次 +9,ブレードに装着する源石。<br>5年生用 3次武器(強化レベル+9)から生成されたものだ。<br>(パワーゲージ最大値+1),装備アイテム強化,11,0,5,0
171363,reinforce_1001,刀源石 5年 3次 +10,ブレードに装着する源石。<br>5年生用 3次武器(強化レベル+10)から生成されたものだ。<br>(パワーゲージ最大値+1),装備アイテム強化,11,0,5,0
171364,reinforce_1001,刀源石 5年 1次 ,ブレードに装着する源石。<br>5年生用 1次武器(未強化)から生成されたものだ。<br>(パワーゲージ最大値+1),装備アイテム強化,11,0,5,0
171365,reinforce_1001,刀源石 5年 1次 +1,ブレードに装着する源石。<br>5年生用 1次武器(強化レベル+1)から生成されたものだ。<br>(パワーゲージ最大値+1),装備アイテム強化,11,0,5,0
171366,reinforce_1001,刀源石 5年 1次 +2,ブレードに装着する源石。<br>5年生用 1次武器(強化レベル+2)から生成されたものだ。<br>(パワーゲージ最大値+1),装備アイテム強化,11,0,5,0
171367,reinforce_1001,刀源石 5年 1次 +3,ブレードに装着する源石。<br>5年生用 1次武器(強化レベル+3)から生成されたものだ。<br>(パワーゲージ最大値+1),装備アイテム強化,11,0,5,0
171368,reinforce_1001,刀源石 5年 1次 +4,ブレードに装着する源石。<br>5年生用 1次武器(強化レベル+4)から生成されたものだ。<br>(パワーゲージ最大値+1),装備アイテム強化,11,0,5,0
171369,reinforce_1001,刀源石 5年 1次 +5,ブレードに装着する源石。<br>5年生用 1次武器(強化レベル+5)から生成されたものだ。<br>(パワーゲージ最大値+1),装備アイテム強化,11,0,5,0
171370,reinforce_1001,刀源石 5年 1次 +6,ブレードに装着する源石。<br>5年生用 1次武器(強化レベル+6)から生成されたものだ。<br>(パワーゲージ最大値+1),装備アイテム強化,11,0,5,0
171371,reinforce_1001,刀源石 6年 1次 +7,ブレードに装着する源石。<br>6年生用 1次武器(強化レベル+7)から生成されたものだ。<br>(パワーゲージ最大値+1),装備アイテム強化,11,0,5,0
171372,reinforce_1001,刀源石 6年 1次 +8,ブレードに装着する源石。<br>6年生用 1次武器(強化レベル+8)から生成されたものだ。<br>(パワーゲージ最大値+1),装備アイテム強化,11,0,5,0
171373,reinforce_1001,刀源石 6年 1次 +9,ブレードに装着する源石。<br>6年生用 1次武器(強化レベル+9)から生成されたものだ。<br>(パワーゲージ最大値+1),装備アイテム強化,11,0,5,0
171374,reinforce_1001,刀源石 6年 1次 +10,ブレードに装着する源石。<br>6年生用 1次武器(強化レベル+10)から生成されたものだ。<br>(パワーゲージ最大値+1),装備アイテム強化,11,0,5,0
171375,reinforce_1001,刀源石 6年 2次 ,ブレードに装着する源石。<br>6年生用 2次武器(未強化)から生成されたものだ。<br>(パワーゲージ最大値+1),装備アイテム強化,11,0,5,0
171376,reinforce_1001,刀源石 6年 2次 +1,ブレードに装着する源石。<br>6年生用 2次武器(強化レベル+1)から生成されたものだ。<br>(パワーゲージ最大値+1),装備アイテム強化,11,0,5,0
171377,reinforce_1001,刀源石 6年 2次 +2,ブレードに装着する源石。<br>6年生用 2次武器(強化レベル+2)から生成されたものだ。<br>(パワーゲージ最大値+1),装備アイテム強化,11,0,5,0
171378,reinforce_1001,刀源石 6年 2次 +3,ブレードに装着する源石。<br>6年生用 2次武器(強化レベル+3)から生成されたものだ。<br>(パワーゲージ最大値+1),装備アイテム強化,11,0,5,0
171379,reinforce_1001,刀源石 6年 2次 +4,ブレードに装着する源石。<br>6年生用 2次武器(強化レベル+4)から生成されたものだ。<br>(パワーゲージ最大値+1),装備アイテム強化,11,0,5,0
171380,reinforce_1001,刀源石 6年 2次 +5,ブレードに装着する源石。<br>6年生用 2次武器(強化レベル+5)から生成されたものだ。<br>(パワーゲージ最大値+1),装備アイテム強化,11,0,5,0
171381,reinforce_1001,刀源石 6年 2次 +6,ブレードに装着する源石。<br>6年生用 2次武器(強化レベル+6)から生成されたものだ。<br>(パワーゲージ最大値+1),装備アイテム強化,11,0,5,0
171382,reinforce_1001,刀源石 6年 2次 +7,ブレードに装着する源石。<br>6年生用 2次武器(強化レベル+7)から生成されたものだ。<br>(パワーゲージ最大値+1),装備アイテム強化,11,0,5,0
171383,reinforce_1001,刀源石 6年 2次 +8,ブレードに装着する源石。<br>6年生用 2次武器(強化レベル+8)から生成されたものだ。<br>(パワーゲージ最大値+1),装備アイテム強化,11,0,5,0
171384,reinforce_1001,刀源石 6年 2次 +9,ブレードに装着する源石。<br>6年生用 2次武器(強化レベル+9)から生成されたものだ。<br>(パワーゲージ最大値+1),装備アイテム強化,11,0,5,0
171385,reinforce_1001,刀源石 6年 2次 +10,ブレードに装着する源石。<br>6年生用 2次武器(強化レベル+10)から生成されたものだ。<br>(パワーゲージ最大値+1),装備アイテム強化,11,0,5,0
171386,reinforce_1001,刀源石 6年 3次 ,ブレードに装着する源石。<br>6年生用 3次武器(未強化)から生成されたものだ。<br>(パワーゲージ最大値+1),装備アイテム強化,11,0,5,0
171387,reinforce_1001,刀源石 6年 3次 +1,ブレードに装着する源石。<br>6年生用 3次武器(強化レベル+1)から生成されたものだ。<br>(パワーゲージ最大値+1),装備アイテム強化,11,0,5,0
171388,reinforce_1001,刀源石 6年 3次 +2,ブレードに装着する源石。<br>6年生用 3次武器(強化レベル+2)から生成されたものだ。<br>(パワーゲージ最大値+1),装備アイテム強化,11,0,5,0
171389,reinforce_1001,刀源石 6年 3次 +3,ブレードに装着する源石。<br>6年生用 3次武器(強化レベル+3)から生成されたものだ。<br>(パワーゲージ最大値+1),装備アイテム強化,11,0,5,0
171390,reinforce_1001,刀源石 6年 3次 +4,ブレードに装着する源石。<br>6年生用 3次武器(強化レベル+4)から生成されたものだ。<br>(パワーゲージ最大値+1),装備アイテム強化,11,0,5,0
171391,reinforce_1001,刀源石 6年 3次 +5,ブレードに装着する源石。<br>6年生用 3次武器(強化レベル+5)から生成されたものだ。<br>(パワーゲージ最大値+1),装備アイテム強化,11,0,5,0
171392,reinforce_1001,刀源石 6年 3次 +6,ブレードに装着する源石。<br>6年生用 3次武器(強化レベル+6)から生成されたものだ。<br>(パワーゲージ最大値+1),装備アイテム強化,11,0,5,0
171393,reinforce_1001,刀源石 6年 3次 +7,ブレードに装着する源石。<br>6年生用 3次武器(強化レベル+7)から生成されたものだ。<br>(パワーゲージ最大値+1),装備アイテム強化,11,0,5,0
171394,reinforce_1001,刀源石 6年 3次 +8,ブレードに装着する源石。<br>6年生用 3次武器(強化レベル+8)から生成されたものだ。<br>(パワーゲージ最大値+1),装備アイテム強化,11,0,5,0
171395,reinforce_1001,刀源石 6年 3次 +9,ブレードに装着する源石。<br>6年生用 3次武器(強化レベル+9)から生成されたものだ。<br>(パワーゲージ最大値+1),装備アイテム強化,11,0,5,0
171396,reinforce_1001,刀源石 6年 3次 +10,ブレードに装着する源石。<br>6年生用 3次武器(強化レベル+10)から生成されたものだ。<br>(パワーゲージ最大値+1),装備アイテム強化,11,0,5,0
171397,reinforce_1001,刀源石 6年 1次 ,ブレードに装着する源石。<br>6年生用 1次武器(未強化)から生成されたものだ。<br>(パワーゲージ最大値+1),装備アイテム強化,11,0,5,0
171398,reinforce_1001,刀源石 6年 1次 +1,ブレードに装着する源石。<br>6年生用 1次武器(強化レベル+1)から生成されたものだ。<br>(パワーゲージ最大値+1),装備アイテム強化,11,0,5,0
171399,reinforce_1001,刀源石 6年 1次 +2,ブレードに装着する源石。<br>6年生用 1次武器(強化レベル+2)から生成されたものだ。<br>(パワーゲージ最大値+1),装備アイテム強化,11,0,5,0
171400,reinforce_1001,刀源石 6年 1次 +3,ブレードに装着する源石。<br>6年生用 1次武器(強化レベル+3)から生成されたものだ。<br>(パワーゲージ最大値+1),装備アイテム強化,11,0,5,0
171401,reinforce_1001,刀源石 6年 1次 +4,ブレードに装着する源石。<br>6年生用 1次武器(強化レベル+4)から生成されたものだ。<br>(パワーゲージ最大値+1),装備アイテム強化,11,0,5,0
171402,reinforce_1001,刀源石 6年 1次 +5,ブレードに装着する源石。<br>6年生用 1次武器(強化レベル+5)から生成されたものだ。<br>(パワーゲージ最大値+1),装備アイテム強化,11,0,5,0
171403,reinforce_1001,刀源石 6年 1次 +6,ブレードに装着する源石。<br>6年生用 1次武器(強化レベル+6)から生成されたものだ。<br>(パワーゲージ最大値+1),装備アイテム強化,11,0,5,0
171404,reinforce_1001,刀源石 6年 1次 +7,ブレードに装着する源石。<br>6年生用 1次武器(強化レベル+7)から生成されたものだ。<br>(パワーゲージ最大値+1),装備アイテム強化,11,0,5,0
171405,reinforce_1001,刀源石 6年 1次 +8,ブレードに装着する源石。<br>6年生用 1次武器(強化レベル+8)から生成されたものだ。<br>(パワーゲージ最大値+1),装備アイテム強化,11,0,5,0
171406,reinforce_1001,刀源石 6年 1次 +9,ブレードに装着する源石。<br>6年生用 1次武器(強化レベル+9)から生成されたものだ。<br>(パワーゲージ最大値+1),装備アイテム強化,11,0,5,0
171407,reinforce_1001,刀源石 6年 1次 +10,ブレードに装着する源石。<br>6年生用 1次武器(強化レベル+10)から生成されたものだ。<br>(パワーゲージ最大値+1),装備アイテム強化,11,0,5,0
171408,reinforce_1001,刀源石 6年 2次 ,ブレードに装着する源石。<br>6年生用 2次武器(未強化)から生成されたものだ。<br>(パワーゲージ最大値+1),装備アイテム強化,11,0,5,0
171409,reinforce_1001,刀源石 6年 2次 +1,ブレードに装着する源石。<br>6年生用 2次武器(強化レベル+1)から生成されたものだ。<br>(パワーゲージ最大値+1),装備アイテム強化,11,0,5,0
171410,reinforce_1001,刀源石 6年 2次 +2,ブレードに装着する源石。<br>6年生用 2次武器(強化レベル+2)から生成されたものだ。<br>(パワーゲージ最大値+1),装備アイテム強化,11,0,5,0
171411,reinforce_1001,刀源石 6年 2次 +3,ブレードに装着する源石。<br>6年生用 2次武器(強化レベル+3)から生成されたものだ。<br>(パワーゲージ最大値+1),装備アイテム強化,11,0,5,0
171412,reinforce_1001,刀源石 6年 2次 +4,ブレードに装着する源石。<br>6年生用 2次武器(強化レベル+4)から生成されたものだ。<br>(パワーゲージ最大値+1),装備アイテム強化,11,0,5,0
171413,reinforce_1001,刀源石 6年 2次 +5,ブレードに装着する源石。<br>6年生用 2次武器(強化レベル+5)から生成されたものだ。<br>(パワーゲージ最大値+1),装備アイテム強化,11,0,5,0
171414,reinforce_1001,刀源石 6年 2次 +6,ブレードに装着する源石。<br>6年生用 2次武器(強化レベル+6)から生成されたものだ。<br>(パワーゲージ最大値+1),装備アイテム強化,11,0,5,0
171415,reinforce_1001,刀源石 6年 2次 +7,ブレードに装着する源石。<br>6年生用 2次武器(強化レベル+7)から生成されたものだ。<br>(パワーゲージ最大値+1),装備アイテム強化,11,0,5,0
171416,reinforce_1001,刀源石 6年 2次 +8,ブレードに装着する源石。<br>6年生用 2次武器(強化レベル+8)から生成されたものだ。<br>(パワーゲージ最大値+1),装備アイテム強化,11,0,5,0
171417,reinforce_1001,刀源石 6年 2次 +9,ブレードに装着する源石。<br>6年生用 2次武器(強化レベル+9)から生成されたものだ。<br>(パワーゲージ最大値+1),装備アイテム強化,11,0,5,0
171418,reinforce_1001,刀源石 6年 2次 +10,ブレードに装着する源石。<br>6年生用 2次武器(強化レベル+10)から生成されたものだ。<br>(パワーゲージ最大値+1),装備アイテム強化,11,0,5,0
171419,reinforce_1001,刀源石 6年 3次 ,ブレードに装着する源石。<br>6年生用 3次武器(未強化)から生成されたものだ。<br>(パワーゲージ最大値+1),装備アイテム強化,11,0,5,0
171420,reinforce_1001,刀源石 6年 3次 +1,ブレードに装着する源石。<br>6年生用 3次武器(強化レベル+1)から生成されたものだ。<br>(パワーゲージ最大値+1),装備アイテム強化,11,0,5,0
171421,reinforce_1001,刀源石 6年 3次 +2,ブレードに装着する源石。<br>6年生用 3次武器(強化レベル+2)から生成されたものだ。<br>(パワーゲージ最大値+1),装備アイテム強化,11,0,5,0
171422,reinforce_1001,刀源石 6年 3次 +3,ブレードに装着する源石。<br>6年生用 3次武器(強化レベル+3)から生成されたものだ。<br>(パワーゲージ最大値+1),装備アイテム強化,11,0,5,0
171423,reinforce_1001,刀源石 6年 3次 +4,ブレードに装着する源石。<br>6年生用 3次武器(強化レベル+4)から生成されたものだ。<br>(パワーゲージ最大値+1),装備アイテム強化,11,0,5,0
171424,reinforce_1001,刀源石 6年 3次 +5,ブレードに装着する源石。<br>6年生用 3次武器(強化レベル+5)から生成されたものだ。<br>(パワーゲージ最大値+1),装備アイテム強化,11,0,5,0
171425,reinforce_1001,刀源石 6年 3次 +6,ブレードに装着する源石。<br>6年生用 3次武器(強化レベル+6)から生成されたものだ。<br>(パワーゲージ最大値+1),装備アイテム強化,11,0,5,0
171426,reinforce_1001,刀源石 6年 3次 +7,ブレードに装着する源石。<br>6年生用 3次武器(強化レベル+7)から生成されたものだ。<br>(パワーゲージ最大値+1),装備アイテム強化,11,0,5,0
172100,reinforce_2001,拳源石 1年 1次 ,グローブに装着する源石。<br>1年生用 1次武器(未強化)から生成されたものだ。<br>(パワーゲージ最大値+1),装備アイテム強化,7,0,5,0
172101,reinforce_2001,拳源石 1年 1次 +1,グローブに装着する源石。<br>1年生用 1次武器(強化レベル+1)から生成されたものだ。<br>(パワーゲージ最大値+1),装備アイテム強化,7,0,5,0
172102,reinforce_2001,拳源石 1年 1次 +2,グローブに装着する源石。<br>1年生用 1次武器(強化レベル+2)から生成されたものだ。<br>(パワーゲージ最大値+1),装備アイテム強化,7,0,5,0
172103,reinforce_2001,拳源石 1年 1次 +3,グローブに装着する源石。<br>1年生用 1次武器(強化レベル+3)から生成されたものだ。<br>(パワーゲージ最大値+1),装備アイテム強化,7,0,5,0
172104,reinforce_2001,拳源石 1年 1次 +4,グローブに装着する源石。<br>1年生用 1次武器(強化レベル+4)から生成されたものだ。<br>(パワーゲージ最大値+1),装備アイテム強化,7,0,5,0
172105,reinforce_2001,拳源石 1年 1次 +5,グローブに装着する源石。<br>1年生用 1次武器(強化レベル+5)から生成されたものだ。<br>(パワーゲージ最大値+1),装備アイテム強化,7,0,5,0
172106,reinforce_2001,拳源石 1年 1次 +6,グローブに装着する源石。<br>1年生用 1次武器(強化レベル+6)から生成されたものだ。<br>(パワーゲージ最大値+1),装備アイテム強化,7,0,5,0
172107,reinforce_2001,拳源石 1年 1次 +7,グローブに装着する源石。<br>1年生用 1次武器(強化レベル+7)から生成されたものだ。<br>(パワーゲージ最大値+1),装備アイテム強化,7,0,5,0
172108,reinforce_2001,拳源石 1年 1次 +8,グローブに装着する源石。<br>1年生用 1次武器(強化レベル+8)から生成されたものだ。<br>(パワーゲージ最大値+1),装備アイテム強化,7,0,5,0
172109,reinforce_2001,拳源石 1年 1次 +9,グローブに装着する源石。<br>1年生用 1次武器(強化レベル+9)から生成されたものだ。<br>(パワーゲージ最大値+1),装備アイテム強化,7,0,5,0
172110,reinforce_2001,拳源石 1年 1次 +10,グローブに装着する源石。<br>1年生用 1次武器(強化レベル+10)から生成されたものだ。<br>(パワーゲージ最大値+1),装備アイテム強化,7,0,5,0
172111,reinforce_2001,拳源石 1年 2次 ,グローブに装着する源石。<br>1年生用 2次武器(未強化)から生成されたものだ。<br>(パワーゲージ最大値+1),装備アイテム強化,7,0,5,0
172112,reinforce_2001,拳源石 1年 2次 +1,グローブに装着する源石。<br>1年生用 2次武器(強化レベル+1)から生成されたものだ。<br>(パワーゲージ最大値+1),装備アイテム強化,7,0,5,0
172113,reinforce_2001,拳源石 1年 2次 +2,グローブに装着する源石。<br>1年生用 2次武器(強化レベル+2)から生成されたものだ。<br>(パワーゲージ最大値+1),装備アイテム強化,7,0,5,0
172114,reinforce_2001,拳源石 1年 2次 +3,グローブに装着する源石。<br>1年生用 2次武器(強化レベル+3)から生成されたものだ。<br>(パワーゲージ最大値+1),装備アイテム強化,7,0,5,0
172115,reinforce_2001,拳源石 1年 2次 +4,グローブに装着する源石。<br>1年生用 2次武器(強化レベル+4)から生成されたものだ。<br>(パワーゲージ最大値+1),装備アイテム強化,7,0,5,0
172116,reinforce_2001,拳源石 1年 2次 +5,グローブに装着する源石。<br>1年生用 2次武器(強化レベル+5)から生成されたものだ。<br>(パワーゲージ最大値+1),装備アイテム強化,7,0,5,0
172117,reinforce_2001,拳源石 1年 2次 +6,グローブに装着する源石。<br>1年生用 2次武器(強化レベル+6)から生成されたものだ。<br>(パワーゲージ最大値+1),装備アイテム強化,7,0,5,0
172118,reinforce_2001,拳源石 1年 2次 +7,グローブに装着する源石。<br>1年生用 2次武器(強化レベル+7)から生成されたものだ。<br>(パワーゲージ最大値+1),装備アイテム強化,7,0,5,0
172119,reinforce_2001,拳源石 1年 2次 +8,グローブに装着する源石。<br>1年生用 2次武器(強化レベル+8)から生成されたものだ。<br>(パワーゲージ最大値+1),装備アイテム強化,7,0,5,0
172120,reinforce_2001,拳源石 1年 2次 +9,グローブに装着する源石。<br>1年生用 2次武器(強化レベル+9)から生成されたものだ。<br>(パワーゲージ最大値+1),装備アイテム強化,7,0,5,0
172121,reinforce_2001,拳源石 1年 2次 +10,グローブに装着する源石。<br>1年生用 2次武器(強化レベル+10)から生成されたものだ。<br>(パワーゲージ最大値+1),装備アイテム強化,7,0,5,0
172122,reinforce_2001,拳源石 1年 3次 ,グローブに装着する源石。<br>1年生用 3次武器(未強化)から生成されたものだ。<br>(パワーゲージ最大値+1),装備アイテム強化,7,0,5,0
172123,reinforce_2001,拳源石 1年 3次 +1,グローブに装着する源石。<br>1年生用 3次武器(強化レベル+1)から生成されたものだ。<br>(パワーゲージ最大値+1),装備アイテム強化,7,0,5,0
172124,reinforce_2001,拳源石 1年 3次 +2,グローブに装着する源石。<br>1年生用 3次武器(強化レベル+2)から生成されたものだ。<br>(パワーゲージ最大値+1),装備アイテム強化,7,0,5,0
172125,reinforce_2001,拳源石 1年 3次 +3,グローブに装着する源石。<br>1年生用 3次武器(強化レベル+3)から生成されたものだ。<br>(パワーゲージ最大値+1),装備アイテム強化,7,0,5,0
172126,reinforce_2001,拳源石 1年 3次 +4,グローブに装着する源石。<br>1年生用 3次武器(強化レベル+4)から生成されたものだ。<br>(パワーゲージ最大値+1),装備アイテム強化,7,0,5,0
172127,reinforce_2001,拳源石 1年 3次 +5,グローブに装着する源石。<br>1年生用 3次武器(強化レベル+5)から生成されたものだ。<br>(パワーゲージ最大値+1),装備アイテム強化,7,0,5,0
172128,reinforce_2001,拳源石 1年 3次 +6,グローブに装着する源石。<br>1年生用 3次武器(強化レベル+6)から生成されたものだ。<br>(パワーゲージ最大値+1),装備アイテム強化,7,0,5,0
172129,reinforce_2001,拳源石 1年 3次 +7,グローブに装着する源石。<br>1年生用 3次武器(強化レベル+7)から生成されたものだ。<br>(パワーゲージ最大値+1),装備アイテム強化,7,0,5,0
172130,reinforce_2001,拳源石 1年 3次 +8,グローブに装着する源石。<br>1年生用 3次武器(強化レベル+8)から生成されたものだ。<br>(パワーゲージ最大値+1),装備アイテム強化,7,0,5,0
172131,reinforce_2001,拳源石 1年 3次 +9,グローブに装着する源石。<br>1年生用 3次武器(強化レベル+9)から生成されたものだ。<br>(パワーゲージ最大値+1),装備アイテム強化,7,0,5,0
172132,reinforce_2001,拳源石 1年 3次 +10,グローブに装着する源石。<br>1年生用 3次武器(強化レベル+10)から生成されたものだ。<br>(パワーゲージ最大値+1),装備アイテム強化,7,0,5,0
172133,reinforce_2001,拳源石 2年 1次 ,グローブに装着する源石。<br>2年生用 1次武器(未強化)から生成されたものだ。<br>(パワーゲージ最大値+1),装備アイテム強化,7,0,5,0
172134,reinforce_2001,拳源石 2年 1次 +1,グローブに装着する源石。<br>2年生用 1次武器(強化レベル+1)から生成されたものだ。<br>(パワーゲージ最大値+1),装備アイテム強化,7,0,5,0
172135,reinforce_2001,拳源石 2年 1次 +2,グローブに装着する源石。<br>2年生用 1次武器(強化レベル+2)から生成されたものだ。<br>(パワーゲージ最大値+1),装備アイテム強化,7,0,5,0
172136,reinforce_2001,拳源石 2年 1次 +3,グローブに装着する源石。<br>2年生用 1次武器(強化レベル+3)から生成されたものだ。<br>(パワーゲージ最大値+1),装備アイテム強化,7,0,5,0
172137,reinforce_2001,拳源石 2年 1次 +4,グローブに装着する源石。<br>2年生用 1次武器(強化レベル+4)から生成されたものだ。<br>(パワーゲージ最大値+1),装備アイテム強化,7,0,5,0
172138,reinforce_2001,拳源石 2年 1次 +5,グローブに装着する源石。<br>2年生用 1次武器(強化レベル+5)から生成されたものだ。<br>(パワーゲージ最大値+1),装備アイテム強化,7,0,5,0
172139,reinforce_2001,拳源石 2年 1次 +6,グローブに装着する源石。<br>2年生用 1次武器(強化レベル+6)から生成されたものだ。<br>(パワーゲージ最大値+1),装備アイテム強化,7,0,5,0
172140,reinforce_2001,拳源石 2年 1次 +7,グローブに装着する源石。<br>2年生用 1次武器(強化レベル+7)から生成されたものだ。<br>(パワーゲージ最大値+1),装備アイテム強化,7,0,5,0
172141,reinforce_2001,拳源石 2年 1次 +8,グローブに装着する源石。<br>2年生用 1次武器(強化レベル+8)から生成されたものだ。<br>(パワーゲージ最大値+1),装備アイテム強化,7,0,5,0
172142,reinforce_2001,拳源石 2年 1次 +9,グローブに装着する源石。<br>2年生用 1次武器(強化レベル+9)から生成されたものだ。<br>(パワーゲージ最大値+1),装備アイテム強化,7,0,5,0
172143,reinforce_2001,拳源石 2年 1次 +10,グローブに装着する源石。<br>2年生用 1次武器(強化レベル+10)から生成されたものだ。<br>(パワーゲージ最大値+1),装備アイテム強化,7,0,5,0
172144,reinforce_2001,拳源石 2年 2次 ,グローブに装着する源石。<br>2年生用 2次武器(未強化)から生成されたものだ。<br>(パワーゲージ最大値+1),装備アイテム強化,8,0,5,0
172145,reinforce_2001,拳源石 2年 2次 +1,グローブに装着する源石。<br>2年生用 2次武器(強化レベル+1)から生成されたものだ。<br>(パワーゲージ最大値+1),装備アイテム強化,8,0,5,0
172146,reinforce_2001,拳源石 2年 2次 +2,グローブに装着する源石。<br>2年生用 2次武器(強化レベル+2)から生成されたものだ。<br>(パワーゲージ最大値+1),装備アイテム強化,8,0,5,0
172147,reinforce_2001,拳源石 2年 2次 +3,グローブに装着する源石。<br>2年生用 2次武器(強化レベル+3)から生成されたものだ。<br>(パワーゲージ最大値+1),装備アイテム強化,8,0,5,0
172148,reinforce_2001,拳源石 2年 2次 +4,グローブに装着する源石。<br>2年生用 2次武器(強化レベル+4)から生成されたものだ。<br>(パワーゲージ最大値+1),装備アイテム強化,8,0,5,0
172149,reinforce_2001,拳源石 2年 2次 +5,グローブに装着する源石。<br>2年生用 2次武器(強化レベル+5)から生成されたものだ。<br>(パワーゲージ最大値+1),装備アイテム強化,8,0,5,0
172150,reinforce_2001,拳源石 2年 2次 +6,グローブに装着する源石。<br>2年生用 2次武器(強化レベル+6)から生成されたものだ。<br>(パワーゲージ最大値+1),装備アイテム強化,8,0,5,0
172151,reinforce_2001,拳源石 2年 2次 +7,グローブに装着する源石。<br>2年生用 2次武器(強化レベル+7)から生成されたものだ。<br>(パワーゲージ最大値+1),装備アイテム強化,8,0,5,0
172152,reinforce_2001,拳源石 2年 2次 +8,グローブに装着する源石。<br>2年生用 2次武器(強化レベル+8)から生成されたものだ。<br>(パワーゲージ最大値+1),装備アイテム強化,8,0,5,0
172153,reinforce_2001,拳源石 2年 2次 +9,グローブに装着する源石。<br>2年生用 2次武器(強化レベル+9)から生成されたものだ。<br>(パワーゲージ最大値+1),装備アイテム強化,8,0,5,0
172154,reinforce_2001,拳源石 2年 2次 +10,グローブに装着する源石。<br>2年生用 2次武器(強化レベル+10)から生成されたものだ。<br>(パワーゲージ最大値+1),装備アイテム強化,8,0,5,0
172155,reinforce_2001,拳源石 2年 3次 ,グローブに装着する源石。<br>2年生用 3次武器(未強化)から生成されたものだ。<br>(パワーゲージ最大値+1),装備アイテム強化,8,0,5,0
172156,reinforce_2001,拳源石 2年 3次 +1,グローブに装着する源石。<br>2年生用 3次武器(強化レベル+1)から生成されたものだ。<br>(パワーゲージ最大値+1),装備アイテム強化,8,0,5,0
172157,reinforce_2001,拳源石 2年 3次 +2,グローブに装着する源石。<br>2年生用 3次武器(強化レベル+2)から生成されたものだ。<br>(パワーゲージ最大値+1),装備アイテム強化,8,0,5,0
172158,reinforce_2001,拳源石 2年 3次 +3,グローブに装着する源石。<br>2年生用 3次武器(強化レベル+3)から生成されたものだ。<br>(パワーゲージ最大値+1),装備アイテム強化,8,0,5,0
172159,reinforce_2001,拳源石 2年 3次 +4,グローブに装着する源石。<br>2年生用 3次武器(強化レベル+4)から生成されたものだ。<br>(パワーゲージ最大値+1),装備アイテム強化,8,0,5,0
172160,reinforce_2001,拳源石 2年 3次 +5,グローブに装着する源石。<br>2年生用 3次武器(強化レベル+5)から生成されたものだ。<br>(パワーゲージ最大値+1),装備アイテム強化,8,0,5,0
172161,reinforce_2001,拳源石 2年 3次 +6,グローブに装着する源石。<br>2年生用 3次武器(強化レベル+6)から生成されたものだ。<br>(パワーゲージ最大値+1),装備アイテム強化,8,0,5,0
172162,reinforce_2001,拳源石 2年 3次 +7,グローブに装着する源石。<br>2年生用 3次武器(強化レベル+7)から生成されたものだ。<br>(パワーゲージ最大値+1),装備アイテム強化,8,0,5,0
172163,reinforce_2001,拳源石 2年 3次 +8,グローブに装着する源石。<br>2年生用 3次武器(強化レベル+8)から生成されたものだ。<br>(パワーゲージ最大値+1),装備アイテム強化,8,0,5,0
172164,reinforce_2001,拳源石 2年 3次 +9,グローブに装着する源石。<br>2年生用 3次武器(強化レベル+9)から生成されたものだ。<br>(パワーゲージ最大値+1),装備アイテム強化,8,0,5,0
172165,reinforce_2001,拳源石 2年 3次 +10,グローブに装着する源石。<br>2年生用 3次武器(強化レベル+10)から生成されたものだ。<br>(パワーゲージ最大値+1),装備アイテム強化,8,0,5,0
172166,reinforce_2001,拳源石 3年 1次 ,グローブに装着する源石。<br>3年生用 1次武器(未強化)から生成されたものだ。<br>(パワーゲージ最大値+1),装備アイテム強化,8,0,5,0
172167,reinforce_2001,拳源石 3年 1次 +1,グローブに装着する源石。<br>3年生用 1次武器(強化レベル+1)から生成されたものだ。<br>(パワーゲージ最大値+1),装備アイテム強化,8,0,5,0
172168,reinforce_2001,拳源石 3年 1次 +2,グローブに装着する源石。<br>3年生用 1次武器(強化レベル+2)から生成されたものだ。<br>(パワーゲージ最大値+1),装備アイテム強化,8,0,5,0
172169,reinforce_2001,拳源石 3年 1次 +3,グローブに装着する源石。<br>3年生用 1次武器(強化レベル+3)から生成されたものだ。<br>(パワーゲージ最大値+1),装備アイテム強化,8,0,5,0
172170,reinforce_2001,拳源石 3年 1次 +4,グローブに装着する源石。<br>3年生用 1次武器(強化レベル+4)から生成されたものだ。<br>(パワーゲージ最大値+1),装備アイテム強化,8,0,5,0
172171,reinforce_2001,拳源石 3年 1次 +5,グローブに装着する源石。<br>3年生用 1次武器(強化レベル+5)から生成されたものだ。<br>(パワーゲージ最大値+1),装備アイテム強化,8,0,5,0
172172,reinforce_2001,拳源石 3年 1次 +6,グローブに装着する源石。<br>3年生用 1次武器(強化レベル+6)から生成されたものだ。<br>(パワーゲージ最大値+1),装備アイテム強化,8,0,5,0
172173,reinforce_2001,拳源石 3年 1次 +7,グローブに装着する源石。<br>3年生用 1次武器(強化レベル+7)から生成されたものだ。<br>(パワーゲージ最大値+1),装備アイテム強化,8,0,5,0
172174,reinforce_2001,拳源石 3年 1次 +8,グローブに装着する源石。<br>3年生用 1次武器(強化レベル+8)から生成されたものだ。<br>(パワーゲージ最大値+1),装備アイテム強化,8,0,5,0
172175,reinforce_2001,拳源石 3年 1次 +9,グローブに装着する源石。<br>3年生用 1次武器(強化レベル+9)から生成されたものだ。<br>(パワーゲージ最大値+1),装備アイテム強化,8,0,5,0
172176,reinforce_2001,拳源石 3年 1次 +10,グローブに装着する源石。<br>3年生用 1次武器(強化レベル+10)から生成されたものだ。<br>(パワーゲージ最大値+1),装備アイテム強化,8,0,5,0
172177,reinforce_2001,拳源石 3年 2次 ,グローブに装着する源石。<br>3年生用 2次武器(未強化)から生成されたものだ。<br>(パワーゲージ最大値+1),装備アイテム強化,8,0,5,0
172178,reinforce_2001,拳源石 3年 2次 +1,グローブに装着する源石。<br>3年生用 2次武器(強化レベル+1)から生成されたものだ。<br>(パワーゲージ最大値+1),装備アイテム強化,8,0,5,0
172179,reinforce_2001,拳源石 3年 2次 +2,グローブに装着する源石。<br>3年生用 2次武器(強化レベル+2)から生成されたものだ。<br>(パワーゲージ最大値+1),装備アイテム強化,8,0,5,0
172180,reinforce_2001,拳源石 3年 2次 +3,グローブに装着する源石。<br>3年生用 2次武器(強化レベル+3)から生成されたものだ。<br>(パワーゲージ最大値+1),装備アイテム強化,8,0,5,0
172181,reinforce_2001,拳源石 3年 2次 +4,グローブに装着する源石。<br>3年生用 2次武器(強化レベル+4)から生成されたものだ。<br>(パワーゲージ最大値+1),装備アイテム強化,8,0,5,0
172182,reinforce_2001,拳源石 3年 2次 +5,グローブに装着する源石。<br>3年生用 2次武器(強化レベル+5)から生成されたものだ。<br>(パワーゲージ最大値+1),装備アイテム強化,8,0,5,0
172183,reinforce_2001,拳源石 3年 2次 +6,グローブに装着する源石。<br>3年生用 2次武器(強化レベル+6)から生成されたものだ。<br>(パワーゲージ最大値+1),装備アイテム強化,8,0,5,0
172184,reinforce_2001,拳源石 3年 2次 +7,グローブに装着する源石。<br>3年生用 2次武器(強化レベル+7)から生成されたものだ。<br>(パワーゲージ最大値+1),装備アイテム強化,8,0,5,0
172185,reinforce_2001,拳源石 3年 2次 +8,グローブに装着する源石。<br>3年生用 2次武器(強化レベル+8)から生成されたものだ。<br>(パワーゲージ最大値+1),装備アイテム強化,8,0,5,0
172186,reinforce_2001,拳源石 3年 2次 +9,グローブに装着する源石。<br>3年生用 2次武器(強化レベル+9)から生成されたものだ。<br>(パワーゲージ最大値+1),装備アイテム強化,8,0,5,0
172187,reinforce_2001,拳源石 3年 2次 +10,グローブに装着する源石。<br>3年生用 2次武器(強化レベル+10)から生成されたものだ。<br>(パワーゲージ最大値+1),装備アイテム強化,8,0,5,0
172188,reinforce_2001,拳源石 3年 3次 ,グローブに装着する源石。<br>3年生用 3次武器(未強化)から生成されたものだ。<br>(パワーゲージ最大値+1),装備アイテム強化,9,0,5,0
172189,reinforce_2001,拳源石 3年 3次 +1,グローブに装着する源石。<br>3年生用 3次武器(強化レベル+1)から生成されたものだ。<br>(パワーゲージ最大値+1),装備アイテム強化,9,0,5,0
172190,reinforce_2001,拳源石 3年 3次 +2,グローブに装着する源石。<br>3年生用 3次武器(強化レベル+2)から生成されたものだ。<br>(パワーゲージ最大値+1),装備アイテム強化,9,0,5,0
172191,reinforce_2001,拳源石 3年 3次 +3,グローブに装着する源石。<br>3年生用 3次武器(強化レベル+3)から生成されたものだ。<br>(パワーゲージ最大値+1),装備アイテム強化,9,0,5,0
172192,reinforce_2001,拳源石 3年 3次 +4,グローブに装着する源石。<br>3年生用 3次武器(強化レベル+4)から生成されたものだ。<br>(パワーゲージ最大値+1),装備アイテム強化,9,0,5,0
172193,reinforce_2001,拳源石 3年 3次 +5,グローブに装着する源石。<br>3年生用 3次武器(強化レベル+5)から生成されたものだ。<br>(パワーゲージ最大値+1),装備アイテム強化,9,0,5,0
172194,reinforce_2001,拳源石 3年 3次 +6,グローブに装着する源石。<br>3年生用 3次武器(強化レベル+6)から生成されたものだ。<br>(パワーゲージ最大値+1),装備アイテム強化,9,0,5,0
172195,reinforce_2001,拳源石 3年 3次 +7,グローブに装着する源石。<br>3年生用 3次武器(強化レベル+7)から生成されたものだ。<br>(パワーゲージ最大値+1),装備アイテム強化,9,0,5,0
172196,reinforce_2001,拳源石 3年 3次 +8,グローブに装着する源石。<br>3年生用 3次武器(強化レベル+8)から生成されたものだ。<br>(パワーゲージ最大値+1),装備アイテム強化,9,0,5,0
172197,reinforce_2001,拳源石 3年 3次 +9,グローブに装着する源石。<br>3年生用 3次武器(強化レベル+9)から生成されたものだ。<br>(パワーゲージ最大値+1),装備アイテム強化,9,0,5,0
172198,reinforce_2001,拳源石 3年 3次 +10,グローブに装着する源石。<br>3年生用 3次武器(強化レベル+10)から生成されたものだ。<br>(パワーゲージ最大値+1),装備アイテム強化,9,0,5,0
172199,reinforce_2001,拳源石 4年 1次 ,グローブに装着する源石。<br>4年生用 1次武器(未強化)から生成されたものだ。<br>(パワーゲージ最大値+1),装備アイテム強化,9,0,5,0
172200,reinforce_2001,拳源石 4年 1次 +1,グローブに装着する源石。<br>4年生用 1次武器(強化レベル+1)から生成されたものだ。<br>(パワーゲージ最大値+1),装備アイテム強化,9,0,5,0
172201,reinforce_2001,拳源石 4年 1次 +2,グローブに装着する源石。<br>4年生用 1次武器(強化レベル+2)から生成されたものだ。<br>(パワーゲージ最大値+1),装備アイテム強化,9,0,5,0
172202,reinforce_2001,拳源石 4年 1次 +3,グローブに装着する源石。<br>4年生用 1次武器(強化レベル+3)から生成されたものだ。<br>(パワーゲージ最大値+1),装備アイテム強化,9,0,5,0
172203,reinforce_2001,拳源石 4年 1次 +4,グローブに装着する源石。<br>4年生用 1次武器(強化レベル+4)から生成されたものだ。<br>(パワーゲージ最大値+1),装備アイテム強化,9,0,5,0
172204,reinforce_2001,拳源石 4年 1次 +5,グローブに装着する源石。<br>4年生用 1次武器(強化レベル+5)から生成されたものだ。<br>(パワーゲージ最大値+1),装備アイテム強化,9,0,5,0
172205,reinforce_2001,拳源石 4年 1次 +6,グローブに装着する源石。<br>4年生用 1次武器(強化レベル+6)から生成されたものだ。<br>(パワーゲージ最大値+1),装備アイテム強化,9,0,5,0
172206,reinforce_2001,拳源石 4年 1次 +7,グローブに装着する源石。<br>4年生用 1次武器(強化レベル+7)から生成されたものだ。<br>(パワーゲージ最大値+1),装備アイテム強化,9,0,5,0
172207,reinforce_2001,拳源石 4年 1次 +8,グローブに装着する源石。<br>4年生用 1次武器(強化レベル+8)から生成されたものだ。<br>(パワーゲージ最大値+1),装備アイテム強化,9,0,5,0
172208,reinforce_2001,拳源石 4年 1次 +9,グローブに装着する源石。<br>4年生用 1次武器(強化レベル+9)から生成されたものだ。<br>(パワーゲージ最大値+1),装備アイテム強化,9,0,5,0
172209,reinforce_2001,拳源石 4年 1次 +10,グローブに装着する源石。<br>4年生用 1次武器(強化レベル+10)から生成されたものだ。<br>(パワーゲージ最大値+1),装備アイテム強化,9,0,5,0
172210,reinforce_2001,拳源石 4年 2次 ,グローブに装着する源石。<br>4年生用 2次武器(未強化)から生成されたものだ。<br>(パワーゲージ最大値+1),装備アイテム強化,9,0,5,0
172211,reinforce_2001,拳源石 4年 2次 +1,グローブに装着する源石。<br>4年生用 2次武器(強化レベル+1)から生成されたものだ。<br>(パワーゲージ最大値+1),装備アイテム強化,9,0,5,0
172212,reinforce_2001,拳源石 4年 2次 +2,グローブに装着する源石。<br>4年生用 2次武器(強化レベル+2)から生成されたものだ。<br>(パワーゲージ最大値+1),装備アイテム強化,9,0,5,0
172213,reinforce_2001,拳源石 4年 2次 +3,グローブに装着する源石。<br>4年生用 2次武器(強化レベル+3)から生成されたものだ。<br>(パワーゲージ最大値+1),装備アイテム強化,9,0,5,0
172214,reinforce_2001,拳源石 4年 2次 +4,グローブに装着する源石。<br>4年生用 2次武器(強化レベル+4)から生成されたものだ。<br>(パワーゲージ最大値+1),装備アイテム強化,9,0,5,0
172215,reinforce_2001,拳源石 4年 2次 +5,グローブに装着する源石。<br>4年生用 2次武器(強化レベル+5)から生成されたものだ。<br>(パワーゲージ最大値+1),装備アイテム強化,9,0,5,0
172216,reinforce_2001,拳源石 4年 2次 +6,グローブに装着する源石。<br>4年生用 2次武器(強化レベル+6)から生成されたものだ。<br>(パワーゲージ最大値+1),装備アイテム強化,9,0,5,0
172217,reinforce_2001,拳源石 4年 2次 +7,グローブに装着する源石。<br>4年生用 2次武器(強化レベル+7)から生成されたものだ。<br>(パワーゲージ最大値+1),装備アイテム強化,9,0,5,0
172218,reinforce_2001,拳源石 4年 2次 +8,グローブに装着する源石。<br>4年生用 2次武器(強化レベル+8)から生成されたものだ。<br>(パワーゲージ最大値+1),装備アイテム強化,9,0,5,0
172219,reinforce_2001,拳源石 4年 2次 +9,グローブに装着する源石。<br>4年生用 2次武器(強化レベル+9)から生成されたものだ。<br>(パワーゲージ最大値+1),装備アイテム強化,9,0,5,0
172220,reinforce_2001,拳源石 4年 2次 +10,グローブに装着する源石。<br>4年生用 2次武器(強化レベル+10)から生成されたものだ。<br>(パワーゲージ最大値+1),装備アイテム強化,9,0,5,0
172221,reinforce_2001,拳源石 4年 3次 ,グローブに装着する源石。<br>4年生用 3次武器(未強化)から生成されたものだ。<br>(パワーゲージ最大値+1),装備アイテム強化,9,0,5,0
172222,reinforce_2001,拳源石 4年 3次 +1,グローブに装着する源石。<br>4年生用 3次武器(強化レベル+1)から生成されたものだ。<br>(パワーゲージ最大値+1),装備アイテム強化,9,0,5,0
172223,reinforce_2001,拳源石 4年 3次 +2,グローブに装着する源石。<br>4年生用 3次武器(強化レベル+2)から生成されたものだ。<br>(パワーゲージ最大値+1),装備アイテム強化,9,0,5,0
172224,reinforce_2001,拳源石 4年 3次 +3,グローブに装着する源石。<br>4年生用 3次武器(強化レベル+3)から生成されたものだ。<br>(パワーゲージ最大値+1),装備アイテム強化,9,0,5,0
172225,reinforce_2001,拳源石 4年 3次 +4,グローブに装着する源石。<br>4年生用 3次武器(強化レベル+4)から生成されたものだ。<br>(パワーゲージ最大値+1),装備アイテム強化,9,0,5,0
172226,reinforce_2001,拳源石 4年 3次 +5,グローブに装着する源石。<br>4年生用 3次武器(強化レベル+5)から生成されたものだ。<br>(パワーゲージ最大値+1),装備アイテム強化,9,0,5,0
172227,reinforce_2001,拳源石 4年 3次 +6,グローブに装着する源石。<br>4年生用 3次武器(強化レベル+6)から生成されたものだ。<br>(パワーゲージ最大値+1),装備アイテム強化,9,0,5,0
172228,reinforce_2001,拳源石 4年 3次 +7,グローブに装着する源石。<br>4年生用 3次武器(強化レベル+7)から生成されたものだ。<br>(パワーゲージ最大値+1),装備アイテム強化,9,0,5,0
172229,reinforce_2001,拳源石 4年 3次 +8,グローブに装着する源石。<br>4年生用 3次武器(強化レベル+8)から生成されたものだ。<br>(パワーゲージ最大値+1),装備アイテム強化,9,0,5,0
172230,reinforce_2001,拳源石 4年 3次 +9,グローブに装着する源石。<br>4年生用 3次武器(強化レベル+9)から生成されたものだ。<br>(パワーゲージ最大値+1),装備アイテム強化,9,0,5,0
172231,reinforce_2001,拳源石 4年 3次 +10,グローブに装着する源石。<br>4年生用 3次武器(強化レベル+10)から生成されたものだ。<br>(パワーゲージ最大値+1),装備アイテム強化,9,0,5,0
172232,reinforce_2001,拳源石 5年 1次 ,グローブに装着する源石。<br>5年生用 1次武器(未強化)から生成されたものだ。<br>(パワーゲージ最大値+1),装備アイテム強化,10,0,5,0
172233,reinforce_2001,拳源石 5年 1次 +1,グローブに装着する源石。<br>5年生用 1次武器(強化レベル+1)から生成されたものだ。<br>(パワーゲージ最大値+1),装備アイテム強化,10,0,5,0
172234,reinforce_2001,拳源石 5年 1次 +2,グローブに装着する源石。<br>5年生用 1次武器(強化レベル+2)から生成されたものだ。<br>(パワーゲージ最大値+1),装備アイテム強化,10,0,5,0
172235,reinforce_2001,拳源石 5年 1次 +3,グローブに装着する源石。<br>5年生用 1次武器(強化レベル+3)から生成されたものだ。<br>(パワーゲージ最大値+1),装備アイテム強化,10,0,5,0
172236,reinforce_2001,拳源石 5年 1次 +4,グローブに装着する源石。<br>5年生用 1次武器(強化レベル+4)から生成されたものだ。<br>(パワーゲージ最大値+1),装備アイテム強化,10,0,5,0
172237,reinforce_2001,拳源石 5年 1次 +5,グローブに装着する源石。<br>5年生用 1次武器(強化レベル+5)から生成されたものだ。<br>(パワーゲージ最大値+1),装備アイテム強化,10,0,5,0
172238,reinforce_2001,拳源石 5年 1次 +6,グローブに装着する源石。<br>5年生用 1次武器(強化レベル+6)から生成されたものだ。<br>(パワーゲージ最大値+1),装備アイテム強化,10,0,5,0
172239,reinforce_2001,拳源石 5年 1次 +7,グローブに装着する源石。<br>5年生用 1次武器(強化レベル+7)から生成されたものだ。<br>(パワーゲージ最大値+1),装備アイテム強化,10,0,5,0
172240,reinforce_2001,拳源石 5年 1次 +8,グローブに装着する源石。<br>5年生用 1次武器(強化レベル+8)から生成されたものだ。<br>(パワーゲージ最大値+1),装備アイテム強化,10,0,5,0
172241,reinforce_2001,拳源石 5年 1次 +9,グローブに装着する源石。<br>5年生用 1次武器(強化レベル+9)から生成されたものだ。<br>(パワーゲージ最大値+1),装備アイテム強化,10,0,5,0
172242,reinforce_2001,拳源石 5年 1次 +10,グローブに装着する源石。<br>5年生用 1次武器(強化レベル+10)から生成されたものだ。<br>(パワーゲージ最大値+1),装備アイテム強化,10,0,5,0
172243,reinforce_2001,拳源石 5年 2次 ,グローブに装着する源石。<br>5年生用 2次武器(未強化)から生成されたものだ。<br>(パワーゲージ最大値+1),装備アイテム強化,10,0,5,0
172244,reinforce_2001,拳源石 5年 2次 +1,グローブに装着する源石。<br>5年生用 2次武器(強化レベル+1)から生成されたものだ。<br>(パワーゲージ最大値+1),装備アイテム強化,10,0,5,0
172245,reinforce_2001,拳源石 5年 2次 +2,グローブに装着する源石。<br>5年生用 2次武器(強化レベル+2)から生成されたものだ。<br>(パワーゲージ最大値+1),装備アイテム強化,10,0,5,0
172246,reinforce_2001,拳源石 5年 2次 +3,グローブに装着する源石。<br>5年生用 2次武器(強化レベル+3)から生成されたものだ。<br>(パワーゲージ最大値+1),装備アイテム強化,10,0,5,0
172247,reinforce_2001,拳源石 5年 2次 +4,グローブに装着する源石。<br>5年生用 2次武器(強化レベル+4)から生成されたものだ。<br>(パワーゲージ最大値+1),装備アイテム強化,10,0,5,0
172248,reinforce_2001,拳源石 5年 2次 +5,グローブに装着する源石。<br>5年生用 2次武器(強化レベル+5)から生成されたものだ。<br>(パワーゲージ最大値+1),装備アイテム強化,10,0,5,0
172249,reinforce_2001,拳源石 5年 2次 +6,グローブに装着する源石。<br>5年生用 2次武器(強化レベル+6)から生成されたものだ。<br>(パワーゲージ最大値+1),装備アイテム強化,10,0,5,0
172250,reinforce_2001,拳源石 5年 2次 +7,グローブに装着する源石。<br>5年生用 2次武器(強化レベル+7)から生成されたものだ。<br>(パワーゲージ最大値+1),装備アイテム強化,10,0,5,0
172251,reinforce_2001,拳源石 5年 2次 +8,グローブに装着する源石。<br>5年生用 2次武器(強化レベル+8)から生成されたものだ。<br>(パワーゲージ最大値+1),装備アイテム強化,10,0,5,0
172252,reinforce_2001,拳源石 5年 2次 +9,グローブに装着する源石。<br>5年生用 2次武器(強化レベル+9)から生成されたものだ。<br>(パワーゲージ最大値+1),装備アイテム強化,10,0,5,0
172253,reinforce_2001,拳源石 5年 2次 +10,グローブに装着する源石。<br>5年生用 2次武器(強化レベル+10)から生成されたものだ。<br>(パワーゲージ最大値+1),装備アイテム強化,10,0,5,0
172254,reinforce_2001,拳源石 5年 3次 ,グローブに装着する源石。<br>5年生用 3次武器(未強化)から生成されたものだ。<br>(パワーゲージ最大値+1),装備アイテム強化,10,0,5,0
172255,reinforce_2001,拳源石 5年 3次 +1,グローブに装着する源石。<br>5年生用 3次武器(強化レベル+1)から生成されたものだ。<br>(パワーゲージ最大値+1),装備アイテム強化,10,0,5,0
172256,reinforce_2001,拳源石 5年 3次 +2,グローブに装着する源石。<br>5年生用 3次武器(強化レベル+2)から生成されたものだ。<br>(パワーゲージ最大値+1),装備アイテム強化,10,0,5,0
172257,reinforce_2001,拳源石 5年 3次 +3,グローブに装着する源石。<br>5年生用 3次武器(強化レベル+3)から生成されたものだ。<br>(パワーゲージ最大値+1),装備アイテム強化,10,0,5,0
172258,reinforce_2001,拳源石 5年 3次 +4,グローブに装着する源石。<br>5年生用 3次武器(強化レベル+4)から生成されたものだ。<br>(パワーゲージ最大値+1),装備アイテム強化,10,0,5,0
172259,reinforce_2001,拳源石 5年 3次 +5,グローブに装着する源石。<br>5年生用 3次武器(強化レベル+5)から生成されたものだ。<br>(パワーゲージ最大値+1),装備アイテム強化,10,0,5,0
172260,reinforce_2001,拳源石 5年 3次 +6,グローブに装着する源石。<br>5年生用 3次武器(強化レベル+6)から生成されたものだ。<br>(パワーゲージ最大値+1),装備アイテム強化,10,0,5,0
172261,reinforce_2001,拳源石 5年 3次 +7,グローブに装着する源石。<br>5年生用 3次武器(強化レベル+7)から生成されたものだ。<br>(パワーゲージ最大値+1),装備アイテム強化,10,0,5,0
172262,reinforce_2001,拳源石 5年 3次 +8,グローブに装着する源石。<br>5年生用 3次武器(強化レベル+8)から生成されたものだ。<br>(パワーゲージ最大値+1),装備アイテム強化,10,0,5,0
172263,reinforce_2001,拳源石 5年 3次 +9,グローブに装着する源石。<br>5年生用 3次武器(強化レベル+9)から生成されたものだ。<br>(パワーゲージ最大値+1),装備アイテム強化,10,0,5,0
172264,reinforce_2001,拳源石 5年 3次 +10,グローブに装着する源石。<br>5年生用 3次武器(強化レベル+10)から生成されたものだ。<br>(パワーゲージ最大値+1),装備アイテム強化,10,0,5,0
172265,reinforce_2001,拳源石 5年 1次 ,グローブに装着する源石。<br>5年生用 1次武器(未強化)から生成されたものだ。<br>(パワーゲージ最大値+1),装備アイテム強化,10,0,5,0
172266,reinforce_2001,拳源石 5年 1次 +1,グローブに装着する源石。<br>5年生用 1次武器(強化レベル+1)から生成されたものだ。<br>(パワーゲージ最大値+1),装備アイテム強化,10,0,5,0
172267,reinforce_2001,拳源石 5年 1次 +2,グローブに装着する源石。<br>5年生用 1次武器(強化レベル+2)から生成されたものだ。<br>(パワーゲージ最大値+1),装備アイテム強化,10,0,5,0
172268,reinforce_2001,拳源石 5年 1次 +3,グローブに装着する源石。<br>5年生用 1次武器(強化レベル+3)から生成されたものだ。<br>(パワーゲージ最大値+1),装備アイテム強化,10,0,5,0
172269,reinforce_2001,拳源石 5年 1次 +4,グローブに装着する源石。<br>5年生用 1次武器(強化レベル+4)から生成されたものだ。<br>(パワーゲージ最大値+1),装備アイテム強化,10,0,5,0
172270,reinforce_2001,拳源石 5年 1次 +5,グローブに装着する源石。<br>5年生用 1次武器(強化レベル+5)から生成されたものだ。<br>(パワーゲージ最大値+1),装備アイテム強化,10,0,5,0
172271,reinforce_2001,拳源石 5年 1次 +6,グローブに装着する源石。<br>5年生用 1次武器(強化レベル+6)から生成されたものだ。<br>(パワーゲージ最大値+1),装備アイテム強化,10,0,5,0
172272,reinforce_2001,拳源石 5年 1次 +7,グローブに装着する源石。<br>5年生用 1次武器(強化レベル+7)から生成されたものだ。<br>(パワーゲージ最大値+1),装備アイテム強化,10,0,5,0
172273,reinforce_2001,拳源石 5年 1次 +8,グローブに装着する源石。<br>5年生用 1次武器(強化レベル+8)から生成されたものだ。<br>(パワーゲージ最大値+1),装備アイテム強化,10,0,5,0
172274,reinforce_2001,拳源石 5年 1次 +9,グローブに装着する源石。<br>5年生用 1次武器(強化レベル+9)から生成されたものだ。<br>(パワーゲージ最大値+1),装備アイテム強化,10,0,5,0
172275,reinforce_2001,拳源石 5年 1次 +10,グローブに装着する源石。<br>5年生用 1次武器(強化レベル+10)から生成されたものだ。<br>(パワーゲージ最大値+1),装備アイテム強化,10,0,5,0
172276,reinforce_2001,拳源石 5年 2次 ,グローブに装着する源石。<br>5年生用 2次武器(未強化)から生成されたものだ。<br>(パワーゲージ最大値+1),装備アイテム強化,10,0,5,0
172277,reinforce_2001,拳源石 5年 2次 +1,グローブに装着する源石。<br>5年生用 2次武器(強化レベル+1)から生成されたものだ。<br>(パワーゲージ最大値+1),装備アイテム強化,10,0,5,0
172278,reinforce_2001,拳源石 5年 2次 +2,グローブに装着する源石。<br>5年生用 2次武器(強化レベル+2)から生成されたものだ。<br>(パワーゲージ最大値+1),装備アイテム強化,10,0,5,0
172279,reinforce_2001,拳源石 5年 2次 +3,グローブに装着する源石。<br>5年生用 2次武器(強化レベル+3)から生成されたものだ。<br>(パワーゲージ最大値+1),装備アイテム強化,10,0,5,0
172280,reinforce_2001,拳源石 5年 2次 +4,グローブに装着する源石。<br>5年生用 2次武器(強化レベル+4)から生成されたものだ。<br>(パワーゲージ最大値+1),装備アイテム強化,10,0,5,0
172281,reinforce_2001,拳源石 5年 2次 +5,グローブに装着する源石。<br>5年生用 2次武器(強化レベル+5)から生成されたものだ。<br>(パワーゲージ最大値+1),装備アイテム強化,10,0,5,0
172282,reinforce_2001,拳源石 5年 2次 +6,グローブに装着する源石。<br>5年生用 2次武器(強化レベル+6)から生成されたものだ。<br>(パワーゲージ最大値+1),装備アイテム強化,10,0,5,0
172283,reinforce_2001,拳源石 5年 2次 +7,グローブに装着する源石。<br>5年生用 2次武器(強化レベル+7)から生成されたものだ。<br>(パワーゲージ最大値+1),装備アイテム強化,10,0,5,0
172284,reinforce_2001,拳源石 5年 2次 +8,グローブに装着する源石。<br>5年生用 2次武器(強化レベル+8)から生成されたものだ。<br>(パワーゲージ最大値+1),装備アイテム強化,10,0,5,0
172285,reinforce_2001,拳源石 5年 2次 +9,グローブに装着する源石。<br>5年生用 2次武器(強化レベル+9)から生成されたものだ。<br>(パワーゲージ最大値+1),装備アイテム強化,10,0,5,0
172286,reinforce_2001,拳源石 5年 2次 +10,グローブに装着する源石。<br>5年生用 2次武器(強化レベル+10)から生成されたものだ。<br>(パワーゲージ最大値+1),装備アイテム強化,10,0,5,0
172287,reinforce_2001,拳源石 5年 3次 ,グローブに装着する源石。<br>5年生用 3次武器(未強化)から生成されたものだ。<br>(パワーゲージ最大値+1),装備アイテム強化,11,0,5,0
172288,reinforce_2001,拳源石 5年 3次 +1,グローブに装着する源石。<br>5年生用 3次武器(強化レベル+1)から生成されたものだ。<br>(パワーゲージ最大値+1),装備アイテム強化,11,0,5,0
172289,reinforce_2001,拳源石 5年 3次 +2,グローブに装着する源石。<br>5年生用 3次武器(強化レベル+2)から生成されたものだ。<br>(パワーゲージ最大値+1),装備アイテム強化,11,0,5,0
172290,reinforce_2001,拳源石 5年 3次 +3,グローブに装着する源石。<br>5年生用 3次武器(強化レベル+3)から生成されたものだ。<br>(パワーゲージ最大値+1),装備アイテム強化,11,0,5,0
172291,reinforce_2001,拳源石 5年 3次 +4,グローブに装着する源石。<br>5年生用 3次武器(強化レベル+4)から生成されたものだ。<br>(パワーゲージ最大値+1),装備アイテム強化,11,0,5,0
172292,reinforce_2001,拳源石 5年 3次 +5,グローブに装着する源石。<br>5年生用 3次武器(強化レベル+5)から生成されたものだ。<br>(パワーゲージ最大値+1),装備アイテム強化,11,0,5,0
172293,reinforce_2001,拳源石 5年 3次 +6,グローブに装着する源石。<br>5年生用 3次武器(強化レベル+6)から生成されたものだ。<br>(パワーゲージ最大値+1),装備アイテム強化,11,0,5,0
172294,reinforce_2001,拳源石 5年 3次 +7,グローブに装着する源石。<br>5年生用 3次武器(強化レベル+7)から生成されたものだ。<br>(パワーゲージ最大値+1),装備アイテム強化,11,0,5,0
172295,reinforce_2001,拳源石 5年 3次 +8,グローブに装着する源石。<br>5年生用 3次武器(強化レベル+8)から生成されたものだ。<br>(パワーゲージ最大値+1),装備アイテム強化,11,0,5,0
172296,reinforce_2001,拳源石 5年 3次 +9,グローブに装着する源石。<br>5年生用 3次武器(強化レベル+9)から生成されたものだ。<br>(パワーゲージ最大値+1),装備アイテム強化,11,0,5,0
172297,reinforce_2001,拳源石 5年 3次 +10,グローブに装着する源石。<br>5年生用 3次武器(強化レベル+10)から生成されたものだ。<br>(パワーゲージ最大値+1),装備アイテム強化,11,0,5,0
172298,reinforce_2001,拳源石 5年 1次 ,グローブに装着する源石。<br>5年生用 1次武器(未強化)から生成されたものだ。<br>(パワーゲージ最大値+1),装備アイテム強化,11,0,5,0
172299,reinforce_2001,拳源石 5年 1次 +1,グローブに装着する源石。<br>5年生用 1次武器(強化レベル+1)から生成されたものだ。<br>(パワーゲージ最大値+1),装備アイテム強化,11,0,5,0
172300,reinforce_2001,拳源石 5年 1次 +2,グローブに装着する源石。<br>5年生用 1次武器(強化レベル+2)から生成されたものだ。<br>(パワーゲージ最大値+1),装備アイテム強化,11,0,5,0
172301,reinforce_2001,拳源石 5年 1次 +3,グローブに装着する源石。<br>5年生用 1次武器(強化レベル+3)から生成されたものだ。<br>(パワーゲージ最大値+1),装備アイテム強化,11,0,5,0
172302,reinforce_2001,拳源石 5年 1次 +4,グローブに装着する源石。<br>5年生用 1次武器(強化レベル+4)から生成されたものだ。<br>(パワーゲージ最大値+1),装備アイテム強化,11,0,5,0
172303,reinforce_2001,拳源石 5年 1次 +5,グローブに装着する源石。<br>5年生用 1次武器(強化レベル+5)から生成されたものだ。<br>(パワーゲージ最大値+1),装備アイテム強化,11,0,5,0
172304,reinforce_2001,拳源石 5年 1次 +6,グローブに装着する源石。<br>5年生用 1次武器(強化レベル+6)から生成されたものだ。<br>(パワーゲージ最大値+1),装備アイテム強化,11,0,5,0
172305,reinforce_2001,拳源石 5年 1次 +7,グローブに装着する源石。<br>5年生用 1次武器(強化レベル+7)から生成されたものだ。<br>(パワーゲージ最大値+1),装備アイテム強化,11,0,5,0
172306,reinforce_2001,拳源石 5年 1次 +8,グローブに装着する源石。<br>5年生用 1次武器(強化レベル+8)から生成されたものだ。<br>(パワーゲージ最大値+1),装備アイテム強化,11,0,5,0
172307,reinforce_2001,拳源石 5年 1次 +9,グローブに装着する源石。<br>5年生用 1次武器(強化レベル+9)から生成されたものだ。<br>(パワーゲージ最大値+1),装備アイテム強化,11,0,5,0
172308,reinforce_2001,拳源石 5年 1次 +10,グローブに装着する源石。<br>5年生用 1次武器(強化レベル+10)から生成されたものだ。<br>(パワーゲージ最大値+1),装備アイテム強化,11,0,5,0
172309,reinforce_2001,拳源石 5年 2次 ,グローブに装着する源石。<br>5年生用 2次武器(未強化)から生成されたものだ。<br>(パワーゲージ最大値+1),装備アイテム強化,11,0,5,0
172310,reinforce_2001,拳源石 5年 2次 +1,グローブに装着する源石。<br>5年生用 2次武器(強化レベル+1)から生成されたものだ。<br>(パワーゲージ最大値+1),装備アイテム強化,11,0,5,0
172311,reinforce_2001,拳源石 5年 2次 +2,グローブに装着する源石。<br>5年生用 2次武器(強化レベル+2)から生成されたものだ。<br>(パワーゲージ最大値+1),装備アイテム強化,11,0,5,0
172312,reinforce_2001,拳源石 5年 2次 +3,グローブに装着する源石。<br>5年生用 2次武器(強化レベル+3)から生成されたものだ。<br>(パワーゲージ最大値+1),装備アイテム強化,11,0,5,0
172313,reinforce_2001,拳源石 5年 2次 +4,グローブに装着する源石。<br>5年生用 2次武器(強化レベル+4)から生成されたものだ。<br>(パワーゲージ最大値+1),装備アイテム強化,11,0,5,0
172314,reinforce_2001,拳源石 5年 2次 +5,グローブに装着する源石。<br>5年生用 2次武器(強化レベル+5)から生成されたものだ。<br>(パワーゲージ最大値+1),装備アイテム強化,11,0,5,0
172315,reinforce_2001,拳源石 5年 2次 +6,グローブに装着する源石。<br>5年生用 2次武器(強化レベル+6)から生成されたものだ。<br>(パワーゲージ最大値+1),装備アイテム強化,11,0,5,0
172316,reinforce_2001,拳源石 5年 2次 +7,グローブに装着する源石。<br>5年生用 2次武器(強化レベル+7)から生成されたものだ。<br>(パワーゲージ最大値+1),装備アイテム強化,11,0,5,0
172317,reinforce_2001,拳源石 5年 2次 +8,グローブに装着する源石。<br>5年生用 2次武器(強化レベル+8)から生成されたものだ。<br>(パワーゲージ最大値+1),装備アイテム強化,11,0,5,0
172318,reinforce_2001,拳源石 5年 2次 +9,グローブに装着する源石。<br>5年生用 2次武器(強化レベル+9)から生成されたものだ。<br>(パワーゲージ最大値+1),装備アイテム強化,11,0,5,0
172319,reinforce_2001,拳源石 5年 2次 +10,グローブに装着する源石。<br>5年生用 2次武器(強化レベル+10)から生成されたものだ。<br>(パワーゲージ最大値+1),装備アイテム強化,11,0,5,0
172320,reinforce_2001,拳源石 5年 3次 ,グローブに装着する源石。<br>5年生用 3次武器(未強化)から生成されたものだ。<br>(パワーゲージ最大値+1),装備アイテム強化,11,0,5,0
172321,reinforce_2001,拳源石 5年 3次 +1,グローブに装着する源石。<br>5年生用 3次武器(強化レベル+1)から生成されたものだ。<br>(パワーゲージ最大値+1),装備アイテム強化,11,0,5,0
172322,reinforce_2001,拳源石 5年 3次 +2,グローブに装着する源石。<br>5年生用 3次武器(強化レベル+2)から生成されたものだ。<br>(パワーゲージ最大値+1),装備アイテム強化,11,0,5,0
172323,reinforce_2001,拳源石 5年 3次 +3,グローブに装着する源石。<br>5年生用 3次武器(強化レベル+3)から生成されたものだ。<br>(パワーゲージ最大値+1),装備アイテム強化,11,0,5,0
172324,reinforce_2001,拳源石 5年 3次 +4,グローブに装着する源石。<br>5年生用 3次武器(強化レベル+4)から生成されたものだ。<br>(パワーゲージ最大値+1),装備アイテム強化,11,0,5,0
172325,reinforce_2001,拳源石 5年 3次 +5,グローブに装着する源石。<br>5年生用 3次武器(強化レベル+5)から生成されたものだ。<br>(パワーゲージ最大値+1),装備アイテム強化,11,0,5,0
172326,reinforce_2001,拳源石 5年 3次 +6,グローブに装着する源石。<br>5年生用 3次武器(強化レベル+6)から生成されたものだ。<br>(パワーゲージ最大値+1),装備アイテム強化,11,0,5,0
172327,reinforce_2001,拳源石 5年 3次 +7,グローブに装着する源石。<br>5年生用 3次武器(強化レベル+7)から生成されたものだ。<br>(パワーゲージ最大値+1),装備アイテム強化,11,0,5,0
172328,reinforce_2001,拳源石 5年 3次 +8,グローブに装着する源石。<br>5年生用 3次武器(強化レベル+8)から生成されたものだ。<br>(パワーゲージ最大値+1),装備アイテム強化,11,0,5,0
172329,reinforce_2001,拳源石 5年 3次 +9,グローブに装着する源石。<br>5年生用 3次武器(強化レベル+9)から生成されたものだ。<br>(パワーゲージ最大値+1),装備アイテム強化,11,0,5,0
172330,reinforce_2001,拳源石 5年 3次 +10,グローブに装着する源石。<br>5年生用 3次武器(強化レベル+10)から生成されたものだ。<br>(パワーゲージ最大値+1),装備アイテム強化,11,0,5,0
172331,reinforce_2001,拳源石 5年 1次 ,グローブに装着する源石。<br>5年生用 1次武器(未強化)から生成されたものだ。<br>(パワーゲージ最大値+1),装備アイテム強化,11,0,5,0
172332,reinforce_2001,拳源石 5年 1次 +1,グローブに装着する源石。<br>5年生用 1次武器(強化レベル+1)から生成されたものだ。<br>(パワーゲージ最大値+1),装備アイテム強化,11,0,5,0
172333,reinforce_2001,拳源石 5年 1次 +2,グローブに装着する源石。<br>5年生用 1次武器(強化レベル+2)から生成されたものだ。<br>(パワーゲージ最大値+1),装備アイテム強化,11,0,5,0
172334,reinforce_2001,拳源石 5年 1次 +3,グローブに装着する源石。<br>5年生用 1次武器(強化レベル+3)から生成されたものだ。<br>(パワーゲージ最大値+1),装備アイテム強化,11,0,5,0
172335,reinforce_2001,拳源石 5年 1次 +4,グローブに装着する源石。<br>5年生用 1次武器(強化レベル+4)から生成されたものだ。<br>(パワーゲージ最大値+1),装備アイテム強化,11,0,5,0
172336,reinforce_2001,拳源石 5年 1次 +5,グローブに装着する源石。<br>5年生用 1次武器(強化レベル+5)から生成されたものだ。<br>(パワーゲージ最大値+1),装備アイテム強化,11,0,5,0
172337,reinforce_2001,拳源石 5年 1次 +6,グローブに装着する源石。<br>5年生用 1次武器(強化レベル+6)から生成されたものだ。<br>(パワーゲージ最大値+1),装備アイテム強化,11,0,5,0
172338,reinforce_2001,拳源石 5年 1次 +7,グローブに装着する源石。<br>5年生用 1次武器(強化レベル+7)から生成されたものだ。<br>(パワーゲージ最大値+1),装備アイテム強化,11,0,5,0
172339,reinforce_2001,拳源石 5年 1次 +8,グローブに装着する源石。<br>5年生用 1次武器(強化レベル+8)から生成されたものだ。<br>(パワーゲージ最大値+1),装備アイテム強化,11,0,5,0
172340,reinforce_2001,拳源石 5年 1次 +9,グローブに装着する源石。<br>5年生用 1次武器(強化レベル+9)から生成されたものだ。<br>(パワーゲージ最大値+1),装備アイテム強化,11,0,5,0
172341,reinforce_2001,拳源石 5年 1次 +10,グローブに装着する源石。<br>5年生用 1次武器(強化レベル+10)から生成されたものだ。<br>(パワーゲージ最大値+1),装備アイテム強化,11,0,5,0
172342,reinforce_2001,拳源石 5年 2次 ,グローブに装着する源石。<br>5年生用 2次武器(未強化)から生成されたものだ。<br>(パワーゲージ最大値+1),装備アイテム強化,11,0,5,0
172343,reinforce_2001,拳源石 5年 2次 +1,グローブに装着する源石。<br>5年生用 2次武器(強化レベル+1)から生成されたものだ。<br>(パワーゲージ最大値+1),装備アイテム強化,11,0,5,0
172344,reinforce_2001,拳源石 5年 2次 +2,グローブに装着する源石。<br>5年生用 2次武器(強化レベル+2)から生成されたものだ。<br>(パワーゲージ最大値+1),装備アイテム強化,11,0,5,0
172345,reinforce_2001,拳源石 5年 2次 +3,グローブに装着する源石。<br>5年生用 2次武器(強化レベル+3)から生成されたものだ。<br>(パワーゲージ最大値+1),装備アイテム強化,11,0,5,0
172346,reinforce_2001,拳源石 5年 2次 +4,グローブに装着する源石。<br>5年生用 2次武器(強化レベル+4)から生成されたものだ。<br>(パワーゲージ最大値+1),装備アイテム強化,11,0,5,0
172347,reinforce_2001,拳源石 5年 2次 +5,グローブに装着する源石。<br>5年生用 2次武器(強化レベル+5)から生成されたものだ。<br>(パワーゲージ最大値+1),装備アイテム強化,11,0,5,0
172348,reinforce_2001,拳源石 5年 2次 +6,グローブに装着する源石。<br>5年生用 2次武器(強化レベル+6)から生成されたものだ。<br>(パワーゲージ最大値+1),装備アイテム強化,11,0,5,0
172349,reinforce_2001,拳源石 5年 2次 +7,グローブに装着する源石。<br>5年生用 2次武器(強化レベル+7)から生成されたものだ。<br>(パワーゲージ最大値+1),装備アイテム強化,11,0,5,0
172350,reinforce_2001,拳源石 5年 2次 +8,グローブに装着する源石。<br>5年生用 2次武器(強化レベル+8)から生成されたものだ。<br>(パワーゲージ最大値+1),装備アイテム強化,11,0,5,0
172351,reinforce_2001,拳源石 5年 2次 +9,グローブに装着する源石。<br>5年生用 2次武器(強化レベル+9)から生成されたものだ。<br>(パワーゲージ最大値+1),装備アイテム強化,11,0,5,0
172352,reinforce_2001,拳源石 5年 2次 +10,グローブに装着する源石。<br>5年生用 2次武器(強化レベル+10)から生成されたものだ。<br>(パワーゲージ最大値+1),装備アイテム強化,11,0,5,0
172353,reinforce_2001,拳源石 5年 3次 ,グローブに装着する源石。<br>5年生用 3次武器(未強化)から生成されたものだ。<br>(パワーゲージ最大値+1),装備アイテム強化,11,0,5,0
172354,reinforce_2001,拳源石 5年 3次 +1,グローブに装着する源石。<br>5年生用 3次武器(強化レベル+1)から生成されたものだ。<br>(パワーゲージ最大値+1),装備アイテム強化,11,0,5,0
172355,reinforce_2001,拳源石 5年 3次 +2,グローブに装着する源石。<br>5年生用 3次武器(強化レベル+2)から生成されたものだ。<br>(パワーゲージ最大値+1),装備アイテム強化,11,0,5,0
172356,reinforce_2001,拳源石 5年 3次 +3,グローブに装着する源石。<br>5年生用 3次武器(強化レベル+3)から生成されたものだ。<br>(パワーゲージ最大値+1),装備アイテム強化,11,0,5,0
172357,reinforce_2001,拳源石 5年 3次 +4,グローブに装着する源石。<br>5年生用 3次武器(強化レベル+4)から生成されたものだ。<br>(パワーゲージ最大値+1),装備アイテム強化,11,0,5,0
172358,reinforce_2001,拳源石 5年 3次 +5,グローブに装着する源石。<br>5年生用 3次武器(強化レベル+5)から生成されたものだ。<br>(パワーゲージ最大値+1),装備アイテム強化,11,0,5,0
172359,reinforce_2001,拳源石 5年 3次 +6,グローブに装着する源石。<br>5年生用 3次武器(強化レベル+6)から生成されたものだ。<br>(パワーゲージ最大値+1),装備アイテム強化,11,0,5,0
172360,reinforce_2001,拳源石 5年 3次 +7,グローブに装着する源石。<br>5年生用 3次武器(強化レベル+7)から生成されたものだ。<br>(パワーゲージ最大値+1),装備アイテム強化,11,0,5,0
172361,reinforce_2001,拳源石 5年 3次 +8,グローブに装着する源石。<br>5年生用 3次武器(強化レベル+8)から生成されたものだ。<br>(パワーゲージ最大値+1),装備アイテム強化,11,0,5,0
172362,reinforce_2001,拳源石 5年 3次 +9,グローブに装着する源石。<br>5年生用 3次武器(強化レベル+9)から生成されたものだ。<br>(パワーゲージ最大値+1),装備アイテム強化,11,0,5,0
172363,reinforce_2001,拳源石 5年 3次 +10,グローブに装着する源石。<br>5年生用 3次武器(強化レベル+10)から生成されたものだ。<br>(パワーゲージ最大値+1),装備アイテム強化,11,0,5,0
172364,reinforce_2001,拳源石 5年 1次 ,グローブに装着する源石。<br>5年生用 1次武器(未強化)から生成されたものだ。<br>(パワーゲージ最大値+1),装備アイテム強化,11,0,5,0
172365,reinforce_2001,拳源石 5年 1次 +1,グローブに装着する源石。<br>5年生用 1次武器(強化レベル+1)から生成されたものだ。<br>(パワーゲージ最大値+1),装備アイテム強化,11,0,5,0
172366,reinforce_2001,拳源石 5年 1次 +2,グローブに装着する源石。<br>5年生用 1次武器(強化レベル+2)から生成されたものだ。<br>(パワーゲージ最大値+1),装備アイテム強化,11,0,5,0
172367,reinforce_2001,拳源石 5年 1次 +3,グローブに装着する源石。<br>5年生用 1次武器(強化レベル+3)から生成されたものだ。<br>(パワーゲージ最大値+1),装備アイテム強化,11,0,5,0
172368,reinforce_2001,拳源石 5年 1次 +4,グローブに装着する源石。<br>5年生用 1次武器(強化レベル+4)から生成されたものだ。<br>(パワーゲージ最大値+1),装備アイテム強化,11,0,5,0
172369,reinforce_2001,拳源石 5年 1次 +5,グローブに装着する源石。<br>5年生用 1次武器(強化レベル+5)から生成されたものだ。<br>(パワーゲージ最大値+1),装備アイテム強化,11,0,5,0
172370,reinforce_2001,拳源石 5年 1次 +6,グローブに装着する源石。<br>5年生用 1次武器(強化レベル+6)から生成されたものだ。<br>(パワーゲージ最大値+1),装備アイテム強化,11,0,5,0
172371,reinforce_2001,拳源石 6年 1次 +7,グローブに装着する源石。<br>6年生用 1次武器(強化レベル+7)から生成されたものだ。<br>(パワーゲージ最大値+1),装備アイテム強化,11,0,5,0
172372,reinforce_2001,拳源石 6年 1次 +8,グローブに装着する源石。<br>6年生用 1次武器(強化レベル+8)から生成されたものだ。<br>(パワーゲージ最大値+1),装備アイテム強化,11,0,5,0
172373,reinforce_2001,拳源石 6年 1次 +9,グローブに装着する源石。<br>6年生用 1次武器(強化レベル+9)から生成されたものだ。<br>(パワーゲージ最大値+1),装備アイテム強化,11,0,5,0
172374,reinforce_2001,拳源石 6年 1次 +10,グローブに装着する源石。<br>6年生用 1次武器(強化レベル+10)から生成されたものだ。<br>(パワーゲージ最大値+1),装備アイテム強化,11,0,5,0
172375,reinforce_2001,拳源石 6年 2次 ,グローブに装着する源石。<br>6年生用 2次武器(未強化)から生成されたものだ。<br>(パワーゲージ最大値+1),装備アイテム強化,11,0,5,0
172376,reinforce_2001,拳源石 6年 2次 +1,グローブに装着する源石。<br>6年生用 2次武器(強化レベル+1)から生成されたものだ。<br>(パワーゲージ最大値+1),装備アイテム強化,11,0,5,0
172377,reinforce_2001,拳源石 6年 2次 +2,グローブに装着する源石。<br>6年生用 2次武器(強化レベル+2)から生成されたものだ。<br>(パワーゲージ最大値+1),装備アイテム強化,11,0,5,0
172378,reinforce_2001,拳源石 6年 2次 +3,グローブに装着する源石。<br>6年生用 2次武器(強化レベル+3)から生成されたものだ。<br>(パワーゲージ最大値+1),装備アイテム強化,11,0,5,0
172379,reinforce_2001,拳源石 6年 2次 +4,グローブに装着する源石。<br>6年生用 2次武器(強化レベル+4)から生成されたものだ。<br>(パワーゲージ最大値+1),装備アイテム強化,11,0,5,0
172380,reinforce_2001,拳源石 6年 2次 +5,グローブに装着する源石。<br>6年生用 2次武器(強化レベル+5)から生成されたものだ。<br>(パワーゲージ最大値+1),装備アイテム強化,11,0,5,0
172381,reinforce_2001,拳源石 6年 2次 +6,グローブに装着する源石。<br>6年生用 2次武器(強化レベル+6)から生成されたものだ。<br>(パワーゲージ最大値+1),装備アイテム強化,11,0,5,0
172382,reinforce_2001,拳源石 6年 2次 +7,グローブに装着する源石。<br>6年生用 2次武器(強化レベル+7)から生成されたものだ。<br>(パワーゲージ最大値+1),装備アイテム強化,11,0,5,0
172383,reinforce_2001,拳源石 6年 2次 +8,グローブに装着する源石。<br>6年生用 2次武器(強化レベル+8)から生成されたものだ。<br>(パワーゲージ最大値+1),装備アイテム強化,11,0,5,0
172384,reinforce_2001,拳源石 6年 2次 +9,グローブに装着する源石。<br>6年生用 2次武器(強化レベル+9)から生成されたものだ。<br>(パワーゲージ最大値+1),装備アイテム強化,11,0,5,0
172385,reinforce_2001,拳源石 6年 2次 +10,グローブに装着する源石。<br>6年生用 2次武器(強化レベル+10)から生成されたものだ。<br>(パワーゲージ最大値+1),装備アイテム強化,11,0,5,0
172386,reinforce_2001,拳源石 6年 3次 ,グローブに装着する源石。<br>6年生用 3次武器(未強化)から生成されたものだ。<br>(パワーゲージ最大値+1),装備アイテム強化,11,0,5,0
172387,reinforce_2001,拳源石 6年 3次 +1,グローブに装着する源石。<br>6年生用 3次武器(強化レベル+1)から生成されたものだ。<br>(パワーゲージ最大値+1),装備アイテム強化,11,0,5,0
172388,reinforce_2001,拳源石 6年 3次 +2,グローブに装着する源石。<br>6年生用 3次武器(強化レベル+2)から生成されたものだ。<br>(パワーゲージ最大値+1),装備アイテム強化,11,0,5,0
172389,reinforce_2001,拳源石 6年 3次 +3,グローブに装着する源石。<br>6年生用 3次武器(強化レベル+3)から生成されたものだ。<br>(パワーゲージ最大値+1),装備アイテム強化,11,0,5,0
172390,reinforce_2001,拳源石 6年 3次 +4,グローブに装着する源石。<br>6年生用 3次武器(強化レベル+4)から生成されたものだ。<br>(パワーゲージ最大値+1),装備アイテム強化,11,0,5,0
172391,reinforce_2001,拳源石 6年 3次 +5,グローブに装着する源石。<br>6年生用 3次武器(強化レベル+5)から生成されたものだ。<br>(パワーゲージ最大値+1),装備アイテム強化,11,0,5,0
172392,reinforce_2001,拳源石 6年 3次 +6,グローブに装着する源石。<br>6年生用 3次武器(強化レベル+6)から生成されたものだ。<br>(パワーゲージ最大値+1),装備アイテム強化,11,0,5,0
172393,reinforce_2001,拳源石 6年 3次 +7,グローブに装着する源石。<br>6年生用 3次武器(強化レベル+7)から生成されたものだ。<br>(パワーゲージ最大値+1),装備アイテム強化,11,0,5,0
172394,reinforce_2001,拳源石 6年 3次 +8,グローブに装着する源石。<br>6年生用 3次武器(強化レベル+8)から生成されたものだ。<br>(パワーゲージ最大値+1),装備アイテム強化,11,0,5,0
172395,reinforce_2001,拳源石 6年 3次 +9,グローブに装着する源石。<br>6年生用 3次武器(強化レベル+9)から生成されたものだ。<br>(パワーゲージ最大値+1),装備アイテム強化,11,0,5,0
172396,reinforce_2001,拳源石 6年 3次 +10,グローブに装着する源石。<br>6年生用 3次武器(強化レベル+10)から生成されたものだ。<br>(パワーゲージ最大値+1),装備アイテム強化,11,0,5,0
172397,reinforce_2001,拳源石 6年 1次 ,グローブに装着する源石。<br>6年生用 1次武器(未強化)から生成されたものだ。<br>(パワーゲージ最大値+1),装備アイテム強化,11,0,5,0
172398,reinforce_2001,拳源石 6年 1次 +1,グローブに装着する源石。<br>6年生用 1次武器(強化レベル+1)から生成されたものだ。<br>(パワーゲージ最大値+1),装備アイテム強化,11,0,5,0
172399,reinforce_2001,拳源石 6年 1次 +2,グローブに装着する源石。<br>6年生用 1次武器(強化レベル+2)から生成されたものだ。<br>(パワーゲージ最大値+1),装備アイテム強化,11,0,5,0
172400,reinforce_2001,拳源石 6年 1次 +3,グローブに装着する源石。<br>6年生用 1次武器(強化レベル+3)から生成されたものだ。<br>(パワーゲージ最大値+1),装備アイテム強化,11,0,5,0
172401,reinforce_2001,拳源石 6年 1次 +4,グローブに装着する源石。<br>6年生用 1次武器(強化レベル+4)から生成されたものだ。<br>(パワーゲージ最大値+1),装備アイテム強化,11,0,5,0
172402,reinforce_2001,拳源石 6年 1次 +5,グローブに装着する源石。<br>6年生用 1次武器(強化レベル+5)から生成されたものだ。<br>(パワーゲージ最大値+1),装備アイテム強化,11,0,5,0
172403,reinforce_2001,拳源石 6年 1次 +6,グローブに装着する源石。<br>6年生用 1次武器(強化レベル+6)から生成されたものだ。<br>(パワーゲージ最大値+1),装備アイテム強化,11,0,5,0
172404,reinforce_2001,拳源石 6年 1次 +7,グローブに装着する源石。<br>6年生用 1次武器(強化レベル+7)から生成されたものだ。<br>(パワーゲージ最大値+1),装備アイテム強化,11,0,5,0
172405,reinforce_2001,拳源石 6年 1次 +8,グローブに装着する源石。<br>6年生用 1次武器(強化レベル+8)から生成されたものだ。<br>(パワーゲージ最大値+1),装備アイテム強化,11,0,5,0
172406,reinforce_2001,拳源石 6年 1次 +9,グローブに装着する源石。<br>6年生用 1次武器(強化レベル+9)から生成されたものだ。<br>(パワーゲージ最大値+1),装備アイテム強化,11,0,5,0
172407,reinforce_2001,拳源石 6年 1次 +10,グローブに装着する源石。<br>6年生用 1次武器(強化レベル+10)から生成されたものだ。<br>(パワーゲージ最大値+1),装備アイテム強化,11,0,5,0
172408,reinforce_2001,拳源石 6年 2次 ,グローブに装着する源石。<br>6年生用 2次武器(未強化)から生成されたものだ。<br>(パワーゲージ最大値+1),装備アイテム強化,11,0,5,0
172409,reinforce_2001,拳源石 6年 2次 +1,グローブに装着する源石。<br>6年生用 2次武器(強化レベル+1)から生成されたものだ。<br>(パワーゲージ最大値+1),装備アイテム強化,11,0,5,0
172410,reinforce_2001,拳源石 6年 2次 +2,グローブに装着する源石。<br>6年生用 2次武器(強化レベル+2)から生成されたものだ。<br>(パワーゲージ最大値+1),装備アイテム強化,11,0,5,0
172411,reinforce_2001,拳源石 6年 2次 +3,グローブに装着する源石。<br>6年生用 2次武器(強化レベル+3)から生成されたものだ。<br>(パワーゲージ最大値+1),装備アイテム強化,11,0,5,0
172412,reinforce_2001,拳源石 6年 2次 +4,グローブに装着する源石。<br>6年生用 2次武器(強化レベル+4)から生成されたものだ。<br>(パワーゲージ最大値+1),装備アイテム強化,11,0,5,0
172413,reinforce_2001,拳源石 6年 2次 +5,グローブに装着する源石。<br>6年生用 2次武器(強化レベル+5)から生成されたものだ。<br>(パワーゲージ最大値+1),装備アイテム強化,11,0,5,0
172414,reinforce_2001,拳源石 6年 2次 +6,グローブに装着する源石。<br>6年生用 2次武器(強化レベル+6)から生成されたものだ。<br>(パワーゲージ最大値+1),装備アイテム強化,11,0,5,0
172415,reinforce_2001,拳源石 6年 2次 +7,グローブに装着する源石。<br>6年生用 2次武器(強化レベル+7)から生成されたものだ。<br>(パワーゲージ最大値+1),装備アイテム強化,11,0,5,0
172416,reinforce_2001,拳源石 6年 2次 +8,グローブに装着する源石。<br>6年生用 2次武器(強化レベル+8)から生成されたものだ。<br>(パワーゲージ最大値+1),装備アイテム強化,11,0,5,0
172417,reinforce_2001,拳源石 6年 2次 +9,グローブに装着する源石。<br>6年生用 2次武器(強化レベル+9)から生成されたものだ。<br>(パワーゲージ最大値+1),装備アイテム強化,11,0,5,0
172418,reinforce_2001,拳源石 6年 2次 +10,グローブに装着する源石。<br>6年生用 2次武器(強化レベル+10)から生成されたものだ。<br>(パワーゲージ最大値+1),装備アイテム強化,11,0,5,0
172419,reinforce_2001,拳源石 6年 3次 ,グローブに装着する源石。<br>6年生用 3次武器(未強化)から生成されたものだ。<br>(パワーゲージ最大値+1),装備アイテム強化,11,0,5,0
172420,reinforce_2001,拳源石 6年 3次 +1,グローブに装着する源石。<br>6年生用 3次武器(強化レベル+1)から生成されたものだ。<br>(パワーゲージ最大値+1),装備アイテム強化,11,0,5,0
172421,reinforce_2001,拳源石 6年 3次 +2,グローブに装着する源石。<br>6年生用 3次武器(強化レベル+2)から生成されたものだ。<br>(パワーゲージ最大値+1),装備アイテム強化,11,0,5,0
172422,reinforce_2001,拳源石 6年 3次 +3,グローブに装着する源石。<br>6年生用 3次武器(強化レベル+3)から生成されたものだ。<br>(パワーゲージ最大値+1),装備アイテム強化,11,0,5,0
172423,reinforce_2001,拳源石 6年 3次 +4,グローブに装着する源石。<br>6年生用 3次武器(強化レベル+4)から生成されたものだ。<br>(パワーゲージ最大値+1),装備アイテム強化,11,0,5,0
172424,reinforce_2001,拳源石 6年 3次 +5,グローブに装着する源石。<br>6年生用 3次武器(強化レベル+5)から生成されたものだ。<br>(パワーゲージ最大値+1),装備アイテム強化,11,0,5,0
172425,reinforce_2001,拳源石 6年 3次 +6,グローブに装着する源石。<br>6年生用 3次武器(強化レベル+6)から生成されたものだ。<br>(パワーゲージ最大値+1),装備アイテム強化,11,0,5,0
172426,reinforce_2001,拳源石 6年 3次 +7,グローブに装着する源石。<br>6年生用 3次武器(強化レベル+7)から生成されたものだ。<br>(パワーゲージ最大値+1),装備アイテム強化,11,0,5,0
173100,reinforce_3001,音源石 1年 1次 ,ミューラに装着する源石。<br>1年生用 1次武器(未強化)から生成されたものだ。<br>(パワーゲージ最大値+1),装備アイテム強化,7,0,5,0
173101,reinforce_3001,音源石 1年 1次 +1,ミューラに装着する源石。<br>1年生用 1次武器(強化レベル+1)から生成されたものだ。<br>(パワーゲージ最大値+1),装備アイテム強化,7,0,5,0
173102,reinforce_3001,音源石 1年 1次 +2,ミューラに装着する源石。<br>1年生用 1次武器(強化レベル+2)から生成されたものだ。<br>(パワーゲージ最大値+1),装備アイテム強化,7,0,5,0
173103,reinforce_3001,音源石 1年 1次 +3,ミューラに装着する源石。<br>1年生用 1次武器(強化レベル+3)から生成されたものだ。<br>(パワーゲージ最大値+1),装備アイテム強化,7,0,5,0
173104,reinforce_3001,音源石 1年 1次 +4,ミューラに装着する源石。<br>1年生用 1次武器(強化レベル+4)から生成されたものだ。<br>(パワーゲージ最大値+1),装備アイテム強化,7,0,5,0
173105,reinforce_3001,音源石 1年 1次 +5,ミューラに装着する源石。<br>1年生用 1次武器(強化レベル+5)から生成されたものだ。<br>(パワーゲージ最大値+1),装備アイテム強化,7,0,5,0
173106,reinforce_3001,音源石 1年 1次 +6,ミューラに装着する源石。<br>1年生用 1次武器(強化レベル+6)から生成されたものだ。<br>(パワーゲージ最大値+1),装備アイテム強化,7,0,5,0
173107,reinforce_3001,音源石 1年 1次 +7,ミューラに装着する源石。<br>1年生用 1次武器(強化レベル+7)から生成されたものだ。<br>(パワーゲージ最大値+1),装備アイテム強化,7,0,5,0
173108,reinforce_3001,音源石 1年 1次 +8,ミューラに装着する源石。<br>1年生用 1次武器(強化レベル+8)から生成されたものだ。<br>(パワーゲージ最大値+1),装備アイテム強化,7,0,5,0
173109,reinforce_3001,音源石 1年 1次 +9,ミューラに装着する源石。<br>1年生用 1次武器(強化レベル+9)から生成されたものだ。<br>(パワーゲージ最大値+1),装備アイテム強化,7,0,5,0
173110,reinforce_3001,音源石 1年 1次 +10,ミューラに装着する源石。<br>1年生用 1次武器(強化レベル+10)から生成されたものだ。<br>(パワーゲージ最大値+1),装備アイテム強化,7,0,5,0
173111,reinforce_3001,音源石 1年 2次 ,ミューラに装着する源石。<br>1年生用 2次武器(未強化)から生成されたものだ。<br>(パワーゲージ最大値+1),装備アイテム強化,7,0,5,0
173112,reinforce_3001,音源石 1年 2次 +1,ミューラに装着する源石。<br>1年生用 2次武器(強化レベル+1)から生成されたものだ。<br>(パワーゲージ最大値+1),装備アイテム強化,7,0,5,0
173113,reinforce_3001,音源石 1年 2次 +2,ミューラに装着する源石。<br>1年生用 2次武器(強化レベル+2)から生成されたものだ。<br>(パワーゲージ最大値+1),装備アイテム強化,7,0,5,0
173114,reinforce_3001,音源石 1年 2次 +3,ミューラに装着する源石。<br>1年生用 2次武器(強化レベル+3)から生成されたものだ。<br>(パワーゲージ最大値+1),装備アイテム強化,7,0,5,0
173115,reinforce_3001,音源石 1年 2次 +4,ミューラに装着する源石。<br>1年生用 2次武器(強化レベル+4)から生成されたものだ。<br>(パワーゲージ最大値+1),装備アイテム強化,7,0,5,0
173116,reinforce_3001,音源石 1年 2次 +5,ミューラに装着する源石。<br>1年生用 2次武器(強化レベル+5)から生成されたものだ。<br>(パワーゲージ最大値+1),装備アイテム強化,7,0,5,0
173117,reinforce_3001,音源石 1年 2次 +6,ミューラに装着する源石。<br>1年生用 2次武器(強化レベル+6)から生成されたものだ。<br>(パワーゲージ最大値+1),装備アイテム強化,7,0,5,0
173118,reinforce_3001,音源石 1年 2次 +7,ミューラに装着する源石。<br>1年生用 2次武器(強化レベル+7)から生成されたものだ。<br>(パワーゲージ最大値+1),装備アイテム強化,7,0,5,0
173119,reinforce_3001,音源石 1年 2次 +8,ミューラに装着する源石。<br>1年生用 2次武器(強化レベル+8)から生成されたものだ。<br>(パワーゲージ最大値+1),装備アイテム強化,7,0,5,0
173120,reinforce_3001,音源石 1年 2次 +9,ミューラに装着する源石。<br>1年生用 2次武器(強化レベル+9)から生成されたものだ。<br>(パワーゲージ最大値+1),装備アイテム強化,7,0,5,0
173121,reinforce_3001,音源石 1年 2次 +10,ミューラに装着する源石。<br>1年生用 2次武器(強化レベル+10)から生成されたものだ。<br>(パワーゲージ最大値+1),装備アイテム強化,7,0,5,0
173122,reinforce_3001,音源石 1年 3次 ,ミューラに装着する源石。<br>1年生用 3次武器(未強化)から生成されたものだ。<br>(パワーゲージ最大値+1),装備アイテム強化,7,0,5,0
173123,reinforce_3001,音源石 1年 3次 +1,ミューラに装着する源石。<br>1年生用 3次武器(強化レベル+1)から生成されたものだ。<br>(パワーゲージ最大値+1),装備アイテム強化,7,0,5,0
173124,reinforce_3001,音源石 1年 3次 +2,ミューラに装着する源石。<br>1年生用 3次武器(強化レベル+2)から生成されたものだ。<br>(パワーゲージ最大値+1),装備アイテム強化,7,0,5,0
173125,reinforce_3001,音源石 1年 3次 +3,ミューラに装着する源石。<br>1年生用 3次武器(強化レベル+3)から生成されたものだ。<br>(パワーゲージ最大値+1),装備アイテム強化,7,0,5,0
173126,reinforce_3001,音源石 1年 3次 +4,ミューラに装着する源石。<br>1年生用 3次武器(強化レベル+4)から生成されたものだ。<br>(パワーゲージ最大値+1),装備アイテム強化,7,0,5,0
173127,reinforce_3001,音源石 1年 3次 +5,ミューラに装着する源石。<br>1年生用 3次武器(強化レベル+5)から生成されたものだ。<br>(パワーゲージ最大値+1),装備アイテム強化,7,0,5,0
173128,reinforce_3001,音源石 1年 3次 +6,ミューラに装着する源石。<br>1年生用 3次武器(強化レベル+6)から生成されたものだ。<br>(パワーゲージ最大値+1),装備アイテム強化,7,0,5,0
173129,reinforce_3001,音源石 1年 3次 +7,ミューラに装着する源石。<br>1年生用 3次武器(強化レベル+7)から生成されたものだ。<br>(パワーゲージ最大値+1),装備アイテム強化,7,0,5,0
173130,reinforce_3001,音源石 1年 3次 +8,ミューラに装着する源石。<br>1年生用 3次武器(強化レベル+8)から生成されたものだ。<br>(パワーゲージ最大値+1),装備アイテム強化,7,0,5,0
173131,reinforce_3001,音源石 1年 3次 +9,ミューラに装着する源石。<br>1年生用 3次武器(強化レベル+9)から生成されたものだ。<br>(パワーゲージ最大値+1),装備アイテム強化,7,0,5,0
173132,reinforce_3001,音源石 1年 3次 +10,ミューラに装着する源石。<br>1年生用 3次武器(強化レベル+10)から生成されたものだ。<br>(パワーゲージ最大値+1),装備アイテム強化,7,0,5,0
173133,reinforce_3001,音源石 2年 1次 ,ミューラに装着する源石。<br>2年生用 1次武器(未強化)から生成されたものだ。<br>(パワーゲージ最大値+1),装備アイテム強化,7,0,5,0
173134,reinforce_3001,音源石 2年 1次 +1,ミューラに装着する源石。<br>2年生用 1次武器(強化レベル+1)から生成されたものだ。<br>(パワーゲージ最大値+1),装備アイテム強化,7,0,5,0
173135,reinforce_3001,音源石 2年 1次 +2,ミューラに装着する源石。<br>2年生用 1次武器(強化レベル+2)から生成されたものだ。<br>(パワーゲージ最大値+1),装備アイテム強化,7,0,5,0
173136,reinforce_3001,音源石 2年 1次 +3,ミューラに装着する源石。<br>2年生用 1次武器(強化レベル+3)から生成されたものだ。<br>(パワーゲージ最大値+1),装備アイテム強化,7,0,5,0
173137,reinforce_3001,音源石 2年 1次 +4,ミューラに装着する源石。<br>2年生用 1次武器(強化レベル+4)から生成されたものだ。<br>(パワーゲージ最大値+1),装備アイテム強化,7,0,5,0
173138,reinforce_3001,音源石 2年 1次 +5,ミューラに装着する源石。<br>2年生用 1次武器(強化レベル+5)から生成されたものだ。<br>(パワーゲージ最大値+1),装備アイテム強化,7,0,5,0
173139,reinforce_3001,音源石 2年 1次 +6,ミューラに装着する源石。<br>2年生用 1次武器(強化レベル+6)から生成されたものだ。<br>(パワーゲージ最大値+1),装備アイテム強化,7,0,5,0
173140,reinforce_3001,音源石 2年 1次 +7,ミューラに装着する源石。<br>2年生用 1次武器(強化レベル+7)から生成されたものだ。<br>(パワーゲージ最大値+1),装備アイテム強化,7,0,5,0
173141,reinforce_3001,音源石 2年 1次 +8,ミューラに装着する源石。<br>2年生用 1次武器(強化レベル+8)から生成されたものだ。<br>(パワーゲージ最大値+1),装備アイテム強化,7,0,5,0
173142,reinforce_3001,音源石 2年 1次 +9,ミューラに装着する源石。<br>2年生用 1次武器(強化レベル+9)から生成されたものだ。<br>(パワーゲージ最大値+1),装備アイテム強化,7,0,5,0
173143,reinforce_3001,音源石 2年 1次 +10,ミューラに装着する源石。<br>2年生用 1次武器(強化レベル+10)から生成されたものだ。<br>(パワーゲージ最大値+1),装備アイテム強化,7,0,5,0
173144,reinforce_3001,音源石 2年 2次 ,ミューラに装着する源石。<br>2年生用 2次武器(未強化)から生成されたものだ。<br>(パワーゲージ最大値+1),装備アイテム強化,8,0,5,0
173145,reinforce_3001,音源石 2年 2次 +1,ミューラに装着する源石。<br>2年生用 2次武器(強化レベル+1)から生成されたものだ。<br>(パワーゲージ最大値+1),装備アイテム強化,8,0,5,0
173146,reinforce_3001,音源石 2年 2次 +2,ミューラに装着する源石。<br>2年生用 2次武器(強化レベル+2)から生成されたものだ。<br>(パワーゲージ最大値+1),装備アイテム強化,8,0,5,0
173147,reinforce_3001,音源石 2年 2次 +3,ミューラに装着する源石。<br>2年生用 2次武器(強化レベル+3)から生成されたものだ。<br>(パワーゲージ最大値+1),装備アイテム強化,8,0,5,0
173148,reinforce_3001,音源石 2年 2次 +4,ミューラに装着する源石。<br>2年生用 2次武器(強化レベル+4)から生成されたものだ。<br>(パワーゲージ最大値+1),装備アイテム強化,8,0,5,0
173149,reinforce_3001,音源石 2年 2次 +5,ミューラに装着する源石。<br>2年生用 2次武器(強化レベル+5)から生成されたものだ。<br>(パワーゲージ最大値+1),装備アイテム強化,8,0,5,0
173150,reinforce_3001,音源石 2年 2次 +6,ミューラに装着する源石。<br>2年生用 2次武器(強化レベル+6)から生成されたものだ。<br>(パワーゲージ最大値+1),装備アイテム強化,8,0,5,0
173151,reinforce_3001,音源石 2年 2次 +7,ミューラに装着する源石。<br>2年生用 2次武器(強化レベル+7)から生成されたものだ。<br>(パワーゲージ最大値+1),装備アイテム強化,8,0,5,0
173152,reinforce_3001,音源石 2年 2次 +8,ミューラに装着する源石。<br>2年生用 2次武器(強化レベル+8)から生成されたものだ。<br>(パワーゲージ最大値+1),装備アイテム強化,8,0,5,0
173153,reinforce_3001,音源石 2年 2次 +9,ミューラに装着する源石。<br>2年生用 2次武器(強化レベル+9)から生成されたものだ。<br>(パワーゲージ最大値+1),装備アイテム強化,8,0,5,0
173154,reinforce_3001,音源石 2年 2次 +10,ミューラに装着する源石。<br>2年生用 2次武器(強化レベル+10)から生成されたものだ。<br>(パワーゲージ最大値+1),装備アイテム強化,8,0,5,0
173155,reinforce_3001,音源石 2年 3次 ,ミューラに装着する源石。<br>2年生用 3次武器(未強化)から生成されたものだ。<br>(パワーゲージ最大値+1),装備アイテム強化,8,0,5,0
173156,reinforce_3001,音源石 2年 3次 +1,ミューラに装着する源石。<br>2年生用 3次武器(強化レベル+1)から生成されたものだ。<br>(パワーゲージ最大値+1),装備アイテム強化,8,0,5,0
173157,reinforce_3001,音源石 2年 3次 +2,ミューラに装着する源石。<br>2年生用 3次武器(強化レベル+2)から生成されたものだ。<br>(パワーゲージ最大値+1),装備アイテム強化,8,0,5,0
173158,reinforce_3001,音源石 2年 3次 +3,ミューラに装着する源石。<br>2年生用 3次武器(強化レベル+3)から生成されたものだ。<br>(パワーゲージ最大値+1),装備アイテム強化,8,0,5,0
173159,reinforce_3001,音源石 2年 3次 +4,ミューラに装着する源石。<br>2年生用 3次武器(強化レベル+4)から生成されたものだ。<br>(パワーゲージ最大値+1),装備アイテム強化,8,0,5,0
173160,reinforce_3001,音源石 2年 3次 +5,ミューラに装着する源石。<br>2年生用 3次武器(強化レベル+5)から生成されたものだ。<br>(パワーゲージ最大値+1),装備アイテム強化,8,0,5,0
173161,reinforce_3001,音源石 2年 3次 +6,ミューラに装着する源石。<br>2年生用 3次武器(強化レベル+6)から生成されたものだ。<br>(パワーゲージ最大値+1),装備アイテム強化,8,0,5,0
173162,reinforce_3001,音源石 2年 3次 +7,ミューラに装着する源石。<br>2年生用 3次武器(強化レベル+7)から生成されたものだ。<br>(パワーゲージ最大値+1),装備アイテム強化,8,0,5,0
173163,reinforce_3001,音源石 2年 3次 +8,ミューラに装着する源石。<br>2年生用 3次武器(強化レベル+8)から生成されたものだ。<br>(パワーゲージ最大値+1),装備アイテム強化,8,0,5,0
173164,reinforce_3001,音源石 2年 3次 +9,ミューラに装着する源石。<br>2年生用 3次武器(強化レベル+9)から生成されたものだ。<br>(パワーゲージ最大値+1),装備アイテム強化,8,0,5,0
173165,reinforce_3001,音源石 2年 3次 +10,ミューラに装着する源石。<br>2年生用 3次武器(強化レベル+10)から生成されたものだ。<br>(パワーゲージ最大値+1),装備アイテム強化,8,0,5,0
173166,reinforce_3001,音源石 3年 1次 ,ミューラに装着する源石。<br>3年生用 1次武器(未強化)から生成されたものだ。<br>(パワーゲージ最大値+1),装備アイテム強化,8,0,5,0
173167,reinforce_3001,音源石 3年 1次 +1,ミューラに装着する源石。<br>3年生用 1次武器(強化レベル+1)から生成されたものだ。<br>(パワーゲージ最大値+1),装備アイテム強化,8,0,5,0
173168,reinforce_3001,音源石 3年 1次 +2,ミューラに装着する源石。<br>3年生用 1次武器(強化レベル+2)から生成されたものだ。<br>(パワーゲージ最大値+1),装備アイテム強化,8,0,5,0
173169,reinforce_3001,音源石 3年 1次 +3,ミューラに装着する源石。<br>3年生用 1次武器(強化レベル+3)から生成されたものだ。<br>(パワーゲージ最大値+1),装備アイテム強化,8,0,5,0
173170,reinforce_3001,音源石 3年 1次 +4,ミューラに装着する源石。<br>3年生用 1次武器(強化レベル+4)から生成されたものだ。<br>(パワーゲージ最大値+1),装備アイテム強化,8,0,5,0
173171,reinforce_3001,音源石 3年 1次 +5,ミューラに装着する源石。<br>3年生用 1次武器(強化レベル+5)から生成されたものだ。<br>(パワーゲージ最大値+1),装備アイテム強化,8,0,5,0
173172,reinforce_3001,音源石 3年 1次 +6,ミューラに装着する源石。<br>3年生用 1次武器(強化レベル+6)から生成されたものだ。<br>(パワーゲージ最大値+1),装備アイテム強化,8,0,5,0
173173,reinforce_3001,音源石 3年 1次 +7,ミューラに装着する源石。<br>3年生用 1次武器(強化レベル+7)から生成されたものだ。<br>(パワーゲージ最大値+1),装備アイテム強化,8,0,5,0
173174,reinforce_3001,音源石 3年 1次 +8,ミューラに装着する源石。<br>3年生用 1次武器(強化レベル+8)から生成されたものだ。<br>(パワーゲージ最大値+1),装備アイテム強化,8,0,5,0
173175,reinforce_3001,音源石 3年 1次 +9,ミューラに装着する源石。<br>3年生用 1次武器(強化レベル+9)から生成されたものだ。<br>(パワーゲージ最大値+1),装備アイテム強化,8,0,5,0
173176,reinforce_3001,音源石 3年 1次 +10,ミューラに装着する源石。<br>3年生用 1次武器(強化レベル+10)から生成されたものだ。<br>(パワーゲージ最大値+1),装備アイテム強化,8,0,5,0
173177,reinforce_3001,音源石 3年 2次 ,ミューラに装着する源石。<br>3年生用 2次武器(未強化)から生成されたものだ。<br>(パワーゲージ最大値+1),装備アイテム強化,8,0,5,0
173178,reinforce_3001,音源石 3年 2次 +1,ミューラに装着する源石。<br>3年生用 2次武器(強化レベル+1)から生成されたものだ。<br>(パワーゲージ最大値+1),装備アイテム強化,8,0,5,0
173179,reinforce_3001,音源石 3年 2次 +2,ミューラに装着する源石。<br>3年生用 2次武器(強化レベル+2)から生成されたものだ。<br>(パワーゲージ最大値+1),装備アイテム強化,8,0,5,0
173180,reinforce_3001,音源石 3年 2次 +3,ミューラに装着する源石。<br>3年生用 2次武器(強化レベル+3)から生成されたものだ。<br>(パワーゲージ最大値+1),装備アイテム強化,8,0,5,0
173181,reinforce_3001,音源石 3年 2次 +4,ミューラに装着する源石。<br>3年生用 2次武器(強化レベル+4)から生成されたものだ。<br>(パワーゲージ最大値+1),装備アイテム強化,8,0,5,0
173182,reinforce_3001,音源石 3年 2次 +5,ミューラに装着する源石。<br>3年生用 2次武器(強化レベル+5)から生成されたものだ。<br>(パワーゲージ最大値+1),装備アイテム強化,8,0,5,0
173183,reinforce_3001,音源石 3年 2次 +6,ミューラに装着する源石。<br>3年生用 2次武器(強化レベル+6)から生成されたものだ。<br>(パワーゲージ最大値+1),装備アイテム強化,8,0,5,0
173184,reinforce_3001,音源石 3年 2次 +7,ミューラに装着する源石。<br>3年生用 2次武器(強化レベル+7)から生成されたものだ。<br>(パワーゲージ最大値+1),装備アイテム強化,8,0,5,0
173185,reinforce_3001,音源石 3年 2次 +8,ミューラに装着する源石。<br>3年生用 2次武器(強化レベル+8)から生成されたものだ。<br>(パワーゲージ最大値+1),装備アイテム強化,8,0,5,0
173186,reinforce_3001,音源石 3年 2次 +9,ミューラに装着する源石。<br>3年生用 2次武器(強化レベル+9)から生成されたものだ。<br>(パワーゲージ最大値+1),装備アイテム強化,8,0,5,0
173187,reinforce_3001,音源石 3年 2次 +10,ミューラに装着する源石。<br>3年生用 2次武器(強化レベル+10)から生成されたものだ。<br>(パワーゲージ最大値+1),装備アイテム強化,8,0,5,0
173188,reinforce_3001,音源石 3年 3次 ,ミューラに装着する源石。<br>3年生用 3次武器(未強化)から生成されたものだ。<br>(パワーゲージ最大値+1),装備アイテム強化,9,0,5,0
173189,reinforce_3001,音源石 3年 3次 +1,ミューラに装着する源石。<br>3年生用 3次武器(強化レベル+1)から生成されたものだ。<br>(パワーゲージ最大値+1),装備アイテム強化,9,0,5,0
173190,reinforce_3001,音源石 3年 3次 +2,ミューラに装着する源石。<br>3年生用 3次武器(強化レベル+2)から生成されたものだ。<br>(パワーゲージ最大値+1),装備アイテム強化,9,0,5,0
173191,reinforce_3001,音源石 3年 3次 +3,ミューラに装着する源石。<br>3年生用 3次武器(強化レベル+3)から生成されたものだ。<br>(パワーゲージ最大値+1),装備アイテム強化,9,0,5,0
173192,reinforce_3001,音源石 3年 3次 +4,ミューラに装着する源石。<br>3年生用 3次武器(強化レベル+4)から生成されたものだ。<br>(パワーゲージ最大値+1),装備アイテム強化,9,0,5,0
173193,reinforce_3001,音源石 3年 3次 +5,ミューラに装着する源石。<br>3年生用 3次武器(強化レベル+5)から生成されたものだ。<br>(パワーゲージ最大値+1),装備アイテム強化,9,0,5,0
173194,reinforce_3001,音源石 3年 3次 +6,ミューラに装着する源石。<br>3年生用 3次武器(強化レベル+6)から生成されたものだ。<br>(パワーゲージ最大値+1),装備アイテム強化,9,0,5,0
173195,reinforce_3001,音源石 3年 3次 +7,ミューラに装着する源石。<br>3年生用 3次武器(強化レベル+7)から生成されたものだ。<br>(パワーゲージ最大値+1),装備アイテム強化,9,0,5,0
173196,reinforce_3001,音源石 3年 3次 +8,ミューラに装着する源石。<br>3年生用 3次武器(強化レベル+8)から生成されたものだ。<br>(パワーゲージ最大値+1),装備アイテム強化,9,0,5,0
173197,reinforce_3001,音源石 3年 3次 +9,ミューラに装着する源石。<br>3年生用 3次武器(強化レベル+9)から生成されたものだ。<br>(パワーゲージ最大値+1),装備アイテム強化,9,0,5,0
173198,reinforce_3001,音源石 3年 3次 +10,ミューラに装着する源石。<br>3年生用 3次武器(強化レベル+10)から生成されたものだ。<br>(パワーゲージ最大値+1),装備アイテム強化,9,0,5,0
173199,reinforce_3001,音源石 4年 1次 ,ミューラに装着する源石。<br>4年生用 1次武器(未強化)から生成されたものだ。<br>(パワーゲージ最大値+1),装備アイテム強化,9,0,5,0
173200,reinforce_3001,音源石 4年 1次 +1,ミューラに装着する源石。<br>4年生用 1次武器(強化レベル+1)から生成されたものだ。<br>(パワーゲージ最大値+1),装備アイテム強化,9,0,5,0
173201,reinforce_3001,音源石 4年 1次 +2,ミューラに装着する源石。<br>4年生用 1次武器(強化レベル+2)から生成されたものだ。<br>(パワーゲージ最大値+1),装備アイテム強化,9,0,5,0
173202,reinforce_3001,音源石 4年 1次 +3,ミューラに装着する源石。<br>4年生用 1次武器(強化レベル+3)から生成されたものだ。<br>(パワーゲージ最大値+1),装備アイテム強化,9,0,5,0
173203,reinforce_3001,音源石 4年 1次 +4,ミューラに装着する源石。<br>4年生用 1次武器(強化レベル+4)から生成されたものだ。<br>(パワーゲージ最大値+1),装備アイテム強化,9,0,5,0
173204,reinforce_3001,音源石 4年 1次 +5,ミューラに装着する源石。<br>4年生用 1次武器(強化レベル+5)から生成されたものだ。<br>(パワーゲージ最大値+1),装備アイテム強化,9,0,5,0
173205,reinforce_3001,音源石 4年 1次 +6,ミューラに装着する源石。<br>4年生用 1次武器(強化レベル+6)から生成されたものだ。<br>(パワーゲージ最大値+1),装備アイテム強化,9,0,5,0
173206,reinforce_3001,音源石 4年 1次 +7,ミューラに装着する源石。<br>4年生用 1次武器(強化レベル+7)から生成されたものだ。<br>(パワーゲージ最大値+1),装備アイテム強化,9,0,5,0
173207,reinforce_3001,音源石 4年 1次 +8,ミューラに装着する源石。<br>4年生用 1次武器(強化レベル+8)から生成されたものだ。<br>(パワーゲージ最大値+1),装備アイテム強化,9,0,5,0
173208,reinforce_3001,音源石 4年 1次 +9,ミューラに装着する源石。<br>4年生用 1次武器(強化レベル+9)から生成されたものだ。<br>(パワーゲージ最大値+1),装備アイテム強化,9,0,5,0
173209,reinforce_3001,音源石 4年 1次 +10,ミューラに装着する源石。<br>4年生用 1次武器(強化レベル+10)から生成されたものだ。<br>(パワーゲージ最大値+1),装備アイテム強化,9,0,5,0
173210,reinforce_3001,音源石 4年 2次 ,ミューラに装着する源石。<br>4年生用 2次武器(未強化)から生成されたものだ。<br>(パワーゲージ最大値+1),装備アイテム強化,9,0,5,0
173211,reinforce_3001,音源石 4年 2次 +1,ミューラに装着する源石。<br>4年生用 2次武器(強化レベル+1)から生成されたものだ。<br>(パワーゲージ最大値+1),装備アイテム強化,9,0,5,0
173212,reinforce_3001,音源石 4年 2次 +2,ミューラに装着する源石。<br>4年生用 2次武器(強化レベル+2)から生成されたものだ。<br>(パワーゲージ最大値+1),装備アイテム強化,9,0,5,0
173213,reinforce_3001,音源石 4年 2次 +3,ミューラに装着する源石。<br>4年生用 2次武器(強化レベル+3)から生成されたものだ。<br>(パワーゲージ最大値+1),装備アイテム強化,9,0,5,0
173214,reinforce_3001,音源石 4年 2次 +4,ミューラに装着する源石。<br>4年生用 2次武器(強化レベル+4)から生成されたものだ。<br>(パワーゲージ最大値+1),装備アイテム強化,9,0,5,0
173215,reinforce_3001,音源石 4年 2次 +5,ミューラに装着する源石。<br>4年生用 2次武器(強化レベル+5)から生成されたものだ。<br>(パワーゲージ最大値+1),装備アイテム強化,9,0,5,0
173216,reinforce_3001,音源石 4年 2次 +6,ミューラに装着する源石。<br>4年生用 2次武器(強化レベル+6)から生成されたものだ。<br>(パワーゲージ最大値+1),装備アイテム強化,9,0,5,0
173217,reinforce_3001,音源石 4年 2次 +7,ミューラに装着する源石。<br>4年生用 2次武器(強化レベル+7)から生成されたものだ。<br>(パワーゲージ最大値+1),装備アイテム強化,9,0,5,0
173218,reinforce_3001,音源石 4年 2次 +8,ミューラに装着する源石。<br>4年生用 2次武器(強化レベル+8)から生成されたものだ。<br>(パワーゲージ最大値+1),装備アイテム強化,9,0,5,0
173219,reinforce_3001,音源石 4年 2次 +9,ミューラに装着する源石。<br>4年生用 2次武器(強化レベル+9)から生成されたものだ。<br>(パワーゲージ最大値+1),装備アイテム強化,9,0,5,0
173220,reinforce_3001,音源石 4年 2次 +10,ミューラに装着する源石。<br>4年生用 2次武器(強化レベル+10)から生成されたものだ。<br>(パワーゲージ最大値+1),装備アイテム強化,9,0,5,0
173221,reinforce_3001,音源石 4年 3次 ,ミューラに装着する源石。<br>4年生用 3次武器(未強化)から生成されたものだ。<br>(パワーゲージ最大値+1),装備アイテム強化,9,0,5,0
173222,reinforce_3001,音源石 4年 3次 +1,ミューラに装着する源石。<br>4年生用 3次武器(強化レベル+1)から生成されたものだ。<br>(パワーゲージ最大値+1),装備アイテム強化,9,0,5,0
173223,reinforce_3001,音源石 4年 3次 +2,ミューラに装着する源石。<br>4年生用 3次武器(強化レベル+2)から生成されたものだ。<br>(パワーゲージ最大値+1),装備アイテム強化,9,0,5,0
173224,reinforce_3001,音源石 4年 3次 +3,ミューラに装着する源石。<br>4年生用 3次武器(強化レベル+3)から生成されたものだ。<br>(パワーゲージ最大値+1),装備アイテム強化,9,0,5,0
173225,reinforce_3001,音源石 4年 3次 +4,ミューラに装着する源石。<br>4年生用 3次武器(強化レベル+4)から生成されたものだ。<br>(パワーゲージ最大値+1),装備アイテム強化,9,0,5,0
173226,reinforce_3001,音源石 4年 3次 +5,ミューラに装着する源石。<br>4年生用 3次武器(強化レベル+5)から生成されたものだ。<br>(パワーゲージ最大値+1),装備アイテム強化,9,0,5,0
173227,reinforce_3001,音源石 4年 3次 +6,ミューラに装着する源石。<br>4年生用 3次武器(強化レベル+6)から生成されたものだ。<br>(パワーゲージ最大値+1),装備アイテム強化,9,0,5,0
173228,reinforce_3001,音源石 4年 3次 +7,ミューラに装着する源石。<br>4年生用 3次武器(強化レベル+7)から生成されたものだ。<br>(パワーゲージ最大値+1),装備アイテム強化,9,0,5,0
173229,reinforce_3001,音源石 4年 3次 +8,ミューラに装着する源石。<br>4年生用 3次武器(強化レベル+8)から生成されたものだ。<br>(パワーゲージ最大値+1),装備アイテム強化,9,0,5,0
173230,reinforce_3001,音源石 4年 3次 +9,ミューラに装着する源石。<br>4年生用 3次武器(強化レベル+9)から生成されたものだ。<br>(パワーゲージ最大値+1),装備アイテム強化,9,0,5,0
173231,reinforce_3001,音源石 4年 3次 +10,ミューラに装着する源石。<br>4年生用 3次武器(強化レベル+10)から生成されたものだ。<br>(パワーゲージ最大値+1),装備アイテム強化,9,0,5,0
173232,reinforce_3001,音源石 5年 1次 ,ミューラに装着する源石。<br>5年生用 1次武器(未強化)から生成されたものだ。<br>(パワーゲージ最大値+1),装備アイテム強化,10,0,5,0
173233,reinforce_3001,音源石 5年 1次 +1,ミューラに装着する源石。<br>5年生用 1次武器(強化レベル+1)から生成されたものだ。<br>(パワーゲージ最大値+1),装備アイテム強化,10,0,5,0
173234,reinforce_3001,音源石 5年 1次 +2,ミューラに装着する源石。<br>5年生用 1次武器(強化レベル+2)から生成されたものだ。<br>(パワーゲージ最大値+1),装備アイテム強化,10,0,5,0
173235,reinforce_3001,音源石 5年 1次 +3,ミューラに装着する源石。<br>5年生用 1次武器(強化レベル+3)から生成されたものだ。<br>(パワーゲージ最大値+1),装備アイテム強化,10,0,5,0
173236,reinforce_3001,音源石 5年 1次 +4,ミューラに装着する源石。<br>5年生用 1次武器(強化レベル+4)から生成されたものだ。<br>(パワーゲージ最大値+1),装備アイテム強化,10,0,5,0
173237,reinforce_3001,音源石 5年 1次 +5,ミューラに装着する源石。<br>5年生用 1次武器(強化レベル+5)から生成されたものだ。<br>(パワーゲージ最大値+1),装備アイテム強化,10,0,5,0
173238,reinforce_3001,音源石 5年 1次 +6,ミューラに装着する源石。<br>5年生用 1次武器(強化レベル+6)から生成されたものだ。<br>(パワーゲージ最大値+1),装備アイテム強化,10,0,5,0
173239,reinforce_3001,音源石 5年 1次 +7,ミューラに装着する源石。<br>5年生用 1次武器(強化レベル+7)から生成されたものだ。<br>(パワーゲージ最大値+1),装備アイテム強化,10,0,5,0
173240,reinforce_3001,音源石 5年 1次 +8,ミューラに装着する源石。<br>5年生用 1次武器(強化レベル+8)から生成されたものだ。<br>(パワーゲージ最大値+1),装備アイテム強化,10,0,5,0
173241,reinforce_3001,音源石 5年 1次 +9,ミューラに装着する源石。<br>5年生用 1次武器(強化レベル+9)から生成されたものだ。<br>(パワーゲージ最大値+1),装備アイテム強化,10,0,5,0
173242,reinforce_3001,音源石 5年 1次 +10,ミューラに装着する源石。<br>5年生用 1次武器(強化レベル+10)から生成されたものだ。<br>(パワーゲージ最大値+1),装備アイテム強化,10,0,5,0
173243,reinforce_3001,音源石 5年 2次 ,ミューラに装着する源石。<br>5年生用 2次武器(未強化)から生成されたものだ。<br>(パワーゲージ最大値+1),装備アイテム強化,10,0,5,0
173244,reinforce_3001,音源石 5年 2次 +1,ミューラに装着する源石。<br>5年生用 2次武器(強化レベル+1)から生成されたものだ。<br>(パワーゲージ最大値+1),装備アイテム強化,10,0,5,0
173245,reinforce_3001,音源石 5年 2次 +2,ミューラに装着する源石。<br>5年生用 2次武器(強化レベル+2)から生成されたものだ。<br>(パワーゲージ最大値+1),装備アイテム強化,10,0,5,0
173246,reinforce_3001,音源石 5年 2次 +3,ミューラに装着する源石。<br>5年生用 2次武器(強化レベル+3)から生成されたものだ。<br>(パワーゲージ最大値+1),装備アイテム強化,10,0,5,0
173247,reinforce_3001,音源石 5年 2次 +4,ミューラに装着する源石。<br>5年生用 2次武器(強化レベル+4)から生成されたものだ。<br>(パワーゲージ最大値+1),装備アイテム強化,10,0,5,0
173248,reinforce_3001,音源石 5年 2次 +5,ミューラに装着する源石。<br>5年生用 2次武器(強化レベル+5)から生成されたものだ。<br>(パワーゲージ最大値+1),装備アイテム強化,10,0,5,0
173249,reinforce_3001,音源石 5年 2次 +6,ミューラに装着する源石。<br>5年生用 2次武器(強化レベル+6)から生成されたものだ。<br>(パワーゲージ最大値+1),装備アイテム強化,10,0,5,0
173250,reinforce_3001,音源石 5年 2次 +7,ミューラに装着する源石。<br>5年生用 2次武器(強化レベル+7)から生成されたものだ。<br>(パワーゲージ最大値+1),装備アイテム強化,10,0,5,0
173251,reinforce_3001,音源石 5年 2次 +8,ミューラに装着する源石。<br>5年生用 2次武器(強化レベル+8)から生成されたものだ。<br>(パワーゲージ最大値+1),装備アイテム強化,10,0,5,0
173252,reinforce_3001,音源石 5年 2次 +9,ミューラに装着する源石。<br>5年生用 2次武器(強化レベル+9)から生成されたものだ。<br>(パワーゲージ最大値+1),装備アイテム強化,10,0,5,0
173253,reinforce_3001,音源石 5年 2次 +10,ミューラに装着する源石。<br>5年生用 2次武器(強化レベル+10)から生成されたものだ。<br>(パワーゲージ最大値+1),装備アイテム強化,10,0,5,0
173254,reinforce_3001,音源石 5年 3次 ,ミューラに装着する源石。<br>5年生用 3次武器(未強化)から生成されたものだ。<br>(パワーゲージ最大値+1),装備アイテム強化,10,0,5,0
173255,reinforce_3001,音源石 5年 3次 +1,ミューラに装着する源石。<br>5年生用 3次武器(強化レベル+1)から生成されたものだ。<br>(パワーゲージ最大値+1),装備アイテム強化,10,0,5,0
173256,reinforce_3001,音源石 5年 3次 +2,ミューラに装着する源石。<br>5年生用 3次武器(強化レベル+2)から生成されたものだ。<br>(パワーゲージ最大値+1),装備アイテム強化,10,0,5,0
173257,reinforce_3001,音源石 5年 3次 +3,ミューラに装着する源石。<br>5年生用 3次武器(強化レベル+3)から生成されたものだ。<br>(パワーゲージ最大値+1),装備アイテム強化,10,0,5,0
173258,reinforce_3001,音源石 5年 3次 +4,ミューラに装着する源石。<br>5年生用 3次武器(強化レベル+4)から生成されたものだ。<br>(パワーゲージ最大値+1),装備アイテム強化,10,0,5,0
173259,reinforce_3001,音源石 5年 3次 +5,ミューラに装着する源石。<br>5年生用 3次武器(強化レベル+5)から生成されたものだ。<br>(パワーゲージ最大値+1),装備アイテム強化,10,0,5,0
173260,reinforce_3001,音源石 5年 3次 +6,ミューラに装着する源石。<br>5年生用 3次武器(強化レベル+6)から生成されたものだ。<br>(パワーゲージ最大値+1),装備アイテム強化,10,0,5,0
173261,reinforce_3001,音源石 5年 3次 +7,ミューラに装着する源石。<br>5年生用 3次武器(強化レベル+7)から生成されたものだ。<br>(パワーゲージ最大値+1),装備アイテム強化,10,0,5,0
173262,reinforce_3001,音源石 5年 3次 +8,ミューラに装着する源石。<br>5年生用 3次武器(強化レベル+8)から生成されたものだ。<br>(パワーゲージ最大値+1),装備アイテム強化,10,0,5,0
173263,reinforce_3001,音源石 5年 3次 +9,ミューラに装着する源石。<br>5年生用 3次武器(強化レベル+9)から生成されたものだ。<br>(パワーゲージ最大値+1),装備アイテム強化,10,0,5,0
173264,reinforce_3001,音源石 5年 3次 +10,ミューラに装着する源石。<br>5年生用 3次武器(強化レベル+10)から生成されたものだ。<br>(パワーゲージ最大値+1),装備アイテム強化,10,0,5,0
173265,reinforce_3001,音源石 5年 1次 ,ミューラに装着する源石。<br>5年生用 1次武器(未強化)から生成されたものだ。<br>(パワーゲージ最大値+1),装備アイテム強化,10,0,5,0
173266,reinforce_3001,音源石 5年 1次 +1,ミューラに装着する源石。<br>5年生用 1次武器(強化レベル+1)から生成されたものだ。<br>(パワーゲージ最大値+1),装備アイテム強化,10,0,5,0
173267,reinforce_3001,音源石 5年 1次 +2,ミューラに装着する源石。<br>5年生用 1次武器(強化レベル+2)から生成されたものだ。<br>(パワーゲージ最大値+1),装備アイテム強化,10,0,5,0
173268,reinforce_3001,音源石 5年 1次 +3,ミューラに装着する源石。<br>5年生用 1次武器(強化レベル+3)から生成されたものだ。<br>(パワーゲージ最大値+1),装備アイテム強化,10,0,5,0
173269,reinforce_3001,音源石 5年 1次 +4,ミューラに装着する源石。<br>5年生用 1次武器(強化レベル+4)から生成されたものだ。<br>(パワーゲージ最大値+1),装備アイテム強化,10,0,5,0
173270,reinforce_3001,音源石 5年 1次 +5,ミューラに装着する源石。<br>5年生用 1次武器(強化レベル+5)から生成されたものだ。<br>(パワーゲージ最大値+1),装備アイテム強化,10,0,5,0
173271,reinforce_3001,音源石 5年 1次 +6,ミューラに装着する源石。<br>5年生用 1次武器(強化レベル+6)から生成されたものだ。<br>(パワーゲージ最大値+1),装備アイテム強化,10,0,5,0
173272,reinforce_3001,音源石 5年 1次 +7,ミューラに装着する源石。<br>5年生用 1次武器(強化レベル+7)から生成されたものだ。<br>(パワーゲージ最大値+1),装備アイテム強化,10,0,5,0
173273,reinforce_3001,音源石 5年 1次 +8,ミューラに装着する源石。<br>5年生用 1次武器(強化レベル+8)から生成されたものだ。<br>(パワーゲージ最大値+1),装備アイテム強化,10,0,5,0
173274,reinforce_3001,音源石 5年 1次 +9,ミューラに装着する源石。<br>5年生用 1次武器(強化レベル+9)から生成されたものだ。<br>(パワーゲージ最大値+1),装備アイテム強化,10,0,5,0
173275,reinforce_3001,音源石 5年 1次 +10,ミューラに装着する源石。<br>5年生用 1次武器(強化レベル+10)から生成されたものだ。<br>(パワーゲージ最大値+1),装備アイテム強化,10,0,5,0
173276,reinforce_3001,音源石 5年 2次 ,ミューラに装着する源石。<br>5年生用 2次武器(未強化)から生成されたものだ。<br>(パワーゲージ最大値+1),装備アイテム強化,10,0,5,0
173277,reinforce_3001,音源石 5年 2次 +1,ミューラに装着する源石。<br>5年生用 2次武器(強化レベル+1)から生成されたものだ。<br>(パワーゲージ最大値+1),装備アイテム強化,10,0,5,0
173278,reinforce_3001,音源石 5年 2次 +2,ミューラに装着する源石。<br>5年生用 2次武器(強化レベル+2)から生成されたものだ。<br>(パワーゲージ最大値+1),装備アイテム強化,10,0,5,0
173279,reinforce_3001,音源石 5年 2次 +3,ミューラに装着する源石。<br>5年生用 2次武器(強化レベル+3)から生成されたものだ。<br>(パワーゲージ最大値+1),装備アイテム強化,10,0,5,0
173280,reinforce_3001,音源石 5年 2次 +4,ミューラに装着する源石。<br>5年生用 2次武器(強化レベル+4)から生成されたものだ。<br>(パワーゲージ最大値+1),装備アイテム強化,10,0,5,0
173281,reinforce_3001,音源石 5年 2次 +5,ミューラに装着する源石。<br>5年生用 2次武器(強化レベル+5)から生成されたものだ。<br>(パワーゲージ最大値+1),装備アイテム強化,10,0,5,0
173282,reinforce_3001,音源石 5年 2次 +6,ミューラに装着する源石。<br>5年生用 2次武器(強化レベル+6)から生成されたものだ。<br>(パワーゲージ最大値+1),装備アイテム強化,10,0,5,0
173283,reinforce_3001,音源石 5年 2次 +7,ミューラに装着する源石。<br>5年生用 2次武器(強化レベル+7)から生成されたものだ。<br>(パワーゲージ最大値+1),装備アイテム強化,10,0,5,0
173284,reinforce_3001,音源石 5年 2次 +8,ミューラに装着する源石。<br>5年生用 2次武器(強化レベル+8)から生成されたものだ。<br>(パワーゲージ最大値+1),装備アイテム強化,10,0,5,0
173285,reinforce_3001,音源石 5年 2次 +9,ミューラに装着する源石。<br>5年生用 2次武器(強化レベル+9)から生成されたものだ。<br>(パワーゲージ最大値+1),装備アイテム強化,10,0,5,0
173286,reinforce_3001,音源石 5年 2次 +10,ミューラに装着する源石。<br>5年生用 2次武器(強化レベル+10)から生成されたものだ。<br>(パワーゲージ最大値+1),装備アイテム強化,10,0,5,0
173287,reinforce_3001,音源石 5年 3次 ,ミューラに装着する源石。<br>5年生用 3次武器(未強化)から生成されたものだ。<br>(パワーゲージ最大値+1),装備アイテム強化,11,0,5,0
173288,reinforce_3001,音源石 5年 3次 +1,ミューラに装着する源石。<br>5年生用 3次武器(強化レベル+1)から生成されたものだ。<br>(パワーゲージ最大値+1),装備アイテム強化,11,0,5,0
173289,reinforce_3001,音源石 5年 3次 +2,ミューラに装着する源石。<br>5年生用 3次武器(強化レベル+2)から生成されたものだ。<br>(パワーゲージ最大値+1),装備アイテム強化,11,0,5,0
173290,reinforce_3001,音源石 5年 3次 +3,ミューラに装着する源石。<br>5年生用 3次武器(強化レベル+3)から生成されたものだ。<br>(パワーゲージ最大値+1),装備アイテム強化,11,0,5,0
173291,reinforce_3001,音源石 5年 3次 +4,ミューラに装着する源石。<br>5年生用 3次武器(強化レベル+4)から生成されたものだ。<br>(パワーゲージ最大値+1),装備アイテム強化,11,0,5,0
173292,reinforce_3001,音源石 5年 3次 +5,ミューラに装着する源石。<br>5年生用 3次武器(強化レベル+5)から生成されたものだ。<br>(パワーゲージ最大値+1),装備アイテム強化,11,0,5,0
173293,reinforce_3001,音源石 5年 3次 +6,ミューラに装着する源石。<br>5年生用 3次武器(強化レベル+6)から生成されたものだ。<br>(パワーゲージ最大値+1),装備アイテム強化,11,0,5,0
173294,reinforce_3001,音源石 5年 3次 +7,ミューラに装着する源石。<br>5年生用 3次武器(強化レベル+7)から生成されたものだ。<br>(パワーゲージ最大値+1),装備アイテム強化,11,0,5,0
173295,reinforce_3001,音源石 5年 3次 +8,ミューラに装着する源石。<br>5年生用 3次武器(強化レベル+8)から生成されたものだ。<br>(パワーゲージ最大値+1),装備アイテム強化,11,0,5,0
173296,reinforce_3001,音源石 5年 3次 +9,ミューラに装着する源石。<br>5年生用 3次武器(強化レベル+9)から生成されたものだ。<br>(パワーゲージ最大値+1),装備アイテム強化,11,0,5,0
173297,reinforce_3001,音源石 5年 3次 +10,ミューラに装着する源石。<br>5年生用 3次武器(強化レベル+10)から生成されたものだ。<br>(パワーゲージ最大値+1),装備アイテム強化,11,0,5,0
173298,reinforce_3001,音源石 5年 1次 ,ミューラに装着する源石。<br>5年生用 1次武器(未強化)から生成されたものだ。<br>(パワーゲージ最大値+1),装備アイテム強化,11,0,5,0
173299,reinforce_3001,音源石 5年 1次 +1,ミューラに装着する源石。<br>5年生用 1次武器(強化レベル+1)から生成されたものだ。<br>(パワーゲージ最大値+1),装備アイテム強化,11,0,5,0
173300,reinforce_3001,音源石 5年 1次 +2,ミューラに装着する源石。<br>5年生用 1次武器(強化レベル+2)から生成されたものだ。<br>(パワーゲージ最大値+1),装備アイテム強化,11,0,5,0
173301,reinforce_3001,音源石 5年 1次 +3,ミューラに装着する源石。<br>5年生用 1次武器(強化レベル+3)から生成されたものだ。<br>(パワーゲージ最大値+1),装備アイテム強化,11,0,5,0
173302,reinforce_3001,音源石 5年 1次 +4,ミューラに装着する源石。<br>5年生用 1次武器(強化レベル+4)から生成されたものだ。<br>(パワーゲージ最大値+1),装備アイテム強化,11,0,5,0
173303,reinforce_3001,音源石 5年 1次 +5,ミューラに装着する源石。<br>5年生用 1次武器(強化レベル+5)から生成されたものだ。<br>(パワーゲージ最大値+1),装備アイテム強化,11,0,5,-282666836
173305,reinforce_3001,音源石 5年 1次 +7,ミューラに装着する源石。<br>5年生用 1次武器(強化レベル+7)から生成されたものだ。<br>(パワーゲージ最大値+1),装備アイテム強化,11,0,5,0
173306,reinforce_3001,音源石 5年 1次 +8,ミューラに装着する源石。<br>5年生用 1次武器(強化レベル+8)から生成されたものだ。<br>(パワーゲージ最大値+1),装備アイテム強化,11,0,5,0
173307,reinforce_3001,音源石 5年 1次 +9,ミューラに装着する源石。<br>5年生用 1次武器(強化レベル+9)から生成されたものだ。<br>(パワーゲージ最大値+1),装備アイテム強化,11,0,5,0
173308,reinforce_3001,音源石 5年 1次 +10,ミューラに装着する源石。<br>5年生用 1次武器(強化レベル+10)から生成されたものだ。<br>(パワーゲージ最大値+1),装備アイテム強化,11,0,5,0
173309,reinforce_3001,音源石 5年 2次 ,ミューラに装着する源石。<br>5年生用 2次武器(未強化)から生成されたものだ。<br>(パワーゲージ最大値+1),装備アイテム強化,11,0,5,0
173310,reinforce_3001,音源石 5年 2次 +1,ミューラに装着する源石。<br>5年生用 2次武器(強化レベル+1)から生成されたものだ。<br>(パワーゲージ最大値+1),装備アイテム強化,11,0,5,0
173311,reinforce_3001,音源石 5年 2次 +2,ミューラに装着する源石。<br>5年生用 2次武器(強化レベル+2)から生成されたものだ。<br>(パワーゲージ最大値+1),装備アイテム強化,11,0,5,0
173312,reinforce_3001,音源石 5年 2次 +3,ミューラに装着する源石。<br>5年生用 2次武器(強化レベル+3)から生成されたものだ。<br>(パワーゲージ最大値+1),装備アイテム強化,11,0,5,0
173313,reinforce_3001,音源石 5年 2次 +4,ミューラに装着する源石。<br>5年生用 2次武器(強化レベル+4)から生成されたものだ。<br>(パワーゲージ最大値+1),装備アイテム強化,11,0,5,0
173314,reinforce_3001,音源石 5年 2次 +5,ミューラに装着する源石。<br>5年生用 2次武器(強化レベル+5)から生成されたものだ。<br>(パワーゲージ最大値+1),装備アイテム強化,11,0,5,0
173315,reinforce_3001,音源石 5年 2次 +6,ミューラに装着する源石。<br>5年生用 2次武器(強化レベル+6)から生成されたものだ。<br>(パワーゲージ最大値+1),装備アイテム強化,11,0,5,0
173316,reinforce_3001,音源石 5年 2次 +7,ミューラに装着する源石。<br>5年生用 2次武器(強化レベル+7)から生成されたものだ。<br>(パワーゲージ最大値+1),装備アイテム強化,11,0,5,0
173317,reinforce_3001,音源石 5年 2次 +8,ミューラに装着する源石。<br>5年生用 2次武器(強化レベル+8)から生成されたものだ。<br>(パワーゲージ最大値+1),装備アイテム強化,11,0,5,0
173318,reinforce_3001,音源石 5年 2次 +9,ミューラに装着する源石。<br>5年生用 2次武器(強化レベル+9)から生成されたものだ。<br>(パワーゲージ最大値+1),装備アイテム強化,11,0,5,0
173319,reinforce_3001,音源石 5年 2次 +10,ミューラに装着する源石。<br>5年生用 2次武器(強化レベル+10)から生成されたものだ。<br>(パワーゲージ最大値+1),装備アイテム強化,11,0,5,0
173320,reinforce_3001,音源石 5年 3次 ,ミューラに装着する源石。<br>5年生用 3次武器(未強化)から生成されたものだ。<br>(パワーゲージ最大値+1),装備アイテム強化,11,0,5,0
173321,reinforce_3001,音源石 5年 3次 +1,ミューラに装着する源石。<br>5年生用 3次武器(強化レベル+1)から生成されたものだ。<br>(パワーゲージ最大値+1),装備アイテム強化,11,0,5,0
173322,reinforce_3001,音源石 5年 3次 +2,ミューラに装着する源石。<br>5年生用 3次武器(強化レベル+2)から生成されたものだ。<br>(パワーゲージ最大値+1),装備アイテム強化,11,0,5,0
173323,reinforce_3001,音源石 5年 3次 +3,ミューラに装着する源石。<br>5年生用 3次武器(強化レベル+3)から生成されたものだ。<br>(パワーゲージ最大値+1),装備アイテム強化,11,0,5,0
173324,reinforce_3001,音源石 5年 3次 +4,ミューラに装着する源石。<br>5年生用 3次武器(強化レベル+4)から生成されたものだ。<br>(パワーゲージ最大値+1),装備アイテム強化,11,0,5,0
173325,reinforce_3001,音源石 5年 3次 +5,ミューラに装着する源石。<br>5年生用 3次武器(強化レベル+5)から生成されたものだ。<br>(パワーゲージ最大値+1),装備アイテム強化,11,0,5,0
173326,reinforce_3001,音源石 5年 3次 +6,ミューラに装着する源石。<br>5年生用 3次武器(強化レベル+6)から生成されたものだ。<br>(パワーゲージ最大値+1),装備アイテム強化,11,0,5,0
173327,reinforce_3001,音源石 5年 3次 +7,ミューラに装着する源石。<br>5年生用 3次武器(強化レベル+7)から生成されたものだ。<br>(パワーゲージ最大値+1),装備アイテム強化,11,0,5,0
173328,reinforce_3001,音源石 5年 3次 +8,ミューラに装着する源石。<br>5年生用 3次武器(強化レベル+8)から生成されたものだ。<br>(パワーゲージ最大値+1),装備アイテム強化,11,0,5,0
173329,reinforce_3001,音源石 5年 3次 +9,ミューラに装着する源石。<br>5年生用 3次武器(強化レベル+9)から生成されたものだ。<br>(パワーゲージ最大値+1),装備アイテム強化,11,0,5,0
173330,reinforce_3001,音源石 5年 3次 +10,ミューラに装着する源石。<br>5年生用 3次武器(強化レベル+10)から生成されたものだ。<br>(パワーゲージ最大値+1),装備アイテム強化,11,0,5,0
173331,reinforce_3001,音源石 5年 1次 ,ミューラに装着する源石。<br>5年生用 1次武器(未強化)から生成されたものだ。<br>(パワーゲージ最大値+1),装備アイテム強化,11,0,5,0
173332,reinforce_3001,音源石 5年 1次 +1,ミューラに装着する源石。<br>5年生用 1次武器(強化レベル+1)から生成されたものだ。<br>(パワーゲージ最大値+1),装備アイテム強化,11,0,5,0
173333,reinforce_3001,音源石 5年 1次 +2,ミューラに装着する源石。<br>5年生用 1次武器(強化レベル+2)から生成されたものだ。<br>(パワーゲージ最大値+1),装備アイテム強化,11,0,5,0
173334,reinforce_3001,音源石 5年 1次 +3,ミューラに装着する源石。<br>5年生用 1次武器(強化レベル+3)から生成されたものだ。<br>(パワーゲージ最大値+1),装備アイテム強化,11,0,5,0
173335,reinforce_3001,音源石 5年 1次 +4,ミューラに装着する源石。<br>5年生用 1次武器(強化レベル+4)から生成されたものだ。<br>(パワーゲージ最大値+1),装備アイテム強化,11,0,5,0
173336,reinforce_3001,音源石 5年 1次 +5,ミューラに装着する源石。<br>5年生用 1次武器(強化レベル+5)から生成されたものだ。<br>(パワーゲージ最大値+1),装備アイテム強化,11,0,5,0
173337,reinforce_3001,音源石 5年 1次 +6,ミューラに装着する源石。<br>5年生用 1次武器(強化レベル+6)から生成されたものだ。<br>(パワーゲージ最大値+1),装備アイテム強化,11,0,5,0
173338,reinforce_3001,音源石 5年 1次 +7,ミューラに装着する源石。<br>5年生用 1次武器(強化レベル+7)から生成されたものだ。<br>(パワーゲージ最大値+1),装備アイテム強化,11,0,5,0
173339,reinforce_3001,音源石 5年 1次 +8,ミューラに装着する源石。<br>5年生用 1次武器(強化レベル+8)から生成されたものだ。<br>(パワーゲージ最大値+1),装備アイテム強化,11,0,5,0
173340,reinforce_3001,音源石 5年 1次 +9,ミューラに装着する源石。<br>5年生用 1次武器(強化レベル+9)から生成されたものだ。<br>(パワーゲージ最大値+1),装備アイテム強化,11,0,5,0
173341,reinforce_3001,音源石 5年 1次 +10,ミューラに装着する源石。<br>5年生用 1次武器(強化レベル+10)から生成されたものだ。<br>(パワーゲージ最大値+1),装備アイテム強化,11,0,5,0
173342,reinforce_3001,音源石 5年 2次 ,ミューラに装着する源石。<br>5年生用 2次武器(未強化)から生成されたものだ。<br>(パワーゲージ最大値+1),装備アイテム強化,11,0,5,0
173343,reinforce_3001,音源石 5年 2次 +1,ミューラに装着する源石。<br>5年生用 2次武器(強化レベル+1)から生成されたものだ。<br>(パワーゲージ最大値+1),装備アイテム強化,11,0,5,0
173344,reinforce_3001,音源石 5年 2次 +2,ミューラに装着する源石。<br>5年生用 2次武器(強化レベル+2)から生成されたものだ。<br>(パワーゲージ最大値+1),装備アイテム強化,11,0,5,0
173345,reinforce_3001,音源石 5年 2次 +3,ミューラに装着する源石。<br>5年生用 2次武器(強化レベル+3)から生成されたものだ。<br>(パワーゲージ最大値+1),装備アイテム強化,11,0,5,0
173346,reinforce_3001,音源石 5年 2次 +4,ミューラに装着する源石。<br>5年生用 2次武器(強化レベル+4)から生成されたものだ。<br>(パワーゲージ最大値+1),装備アイテム強化,11,0,5,0
173347,reinforce_3001,音源石 5年 2次 +5,ミューラに装着する源石。<br>5年生用 2次武器(強化レベル+5)から生成されたものだ。<br>(パワーゲージ最大値+1),装備アイテム強化,11,0,5,0
173348,reinforce_3001,音源石 5年 2次 +6,ミューラに装着する源石。<br>5年生用 2次武器(強化レベル+6)から生成されたものだ。<br>(パワーゲージ最大値+1),装備アイテム強化,11,0,5,0
173349,reinforce_3001,音源石 5年 2次 +7,ミューラに装着する源石。<br>5年生用 2次武器(強化レベル+7)から生成されたものだ。<br>(パワーゲージ最大値+1),装備アイテム強化,11,0,5,0
173350,reinforce_3001,音源石 5年 2次 +8,ミューラに装着する源石。<br>5年生用 2次武器(強化レベル+8)から生成されたものだ。<br>(パワーゲージ最大値+1),装備アイテム強化,11,0,5,0
173351,reinforce_3001,音源石 5年 2次 +9,ミューラに装着する源石。<br>5年生用 2次武器(強化レベル+9)から生成されたものだ。<br>(パワーゲージ最大値+1),装備アイテム強化,11,0,5,0
173352,reinforce_3001,音源石 5年 2次 +10,ミューラに装着する源石。<br>5年生用 2次武器(強化レベル+10)から生成されたものだ。<br>(パワーゲージ最大値+1),装備アイテム強化,11,0,5,0
173353,reinforce_3001,音源石 5年 3次 ,ミューラに装着する源石。<br>5年生用 3次武器(未強化)から生成されたものだ。<br>(パワーゲージ最大値+1),装備アイテム強化,11,0,5,0
173354,reinforce_3001,音源石 5年 3次 +1,ミューラに装着する源石。<br>5年生用 3次武器(強化レベル+1)から生成されたものだ。<br>(パワーゲージ最大値+1),装備アイテム強化,11,0,5,0
173355,reinforce_3001,音源石 5年 3次 +2,ミューラに装着する源石。<br>5年生用 3次武器(強化レベル+2)から生成されたものだ。<br>(パワーゲージ最大値+1),装備アイテム強化,11,0,5,0
173356,reinforce_3001,音源石 5年 3次 +3,ミューラに装着する源石。<br>5年生用 3次武器(強化レベル+3)から生成されたものだ。<br>(パワーゲージ最大値+1),装備アイテム強化,11,0,5,0
173357,reinforce_3001,音源石 5年 3次 +4,ミューラに装着する源石。<br>5年生用 3次武器(強化レベル+4)から生成されたものだ。<br>(パワーゲージ最大値+1),装備アイテム強化,11,0,5,0
173358,reinforce_3001,音源石 5年 3次 +5,ミューラに装着する源石。<br>5年生用 3次武器(強化レベル+5)から生成されたものだ。<br>(パワーゲージ最大値+1),装備アイテム強化,11,0,5,0
173359,reinforce_3001,音源石 5年 3次 +6,ミューラに装着する源石。<br>5年生用 3次武器(強化レベル+6)から生成されたものだ。<br>(パワーゲージ最大値+1),装備アイテム強化,11,0,5,0
173360,reinforce_3001,音源石 5年 3次 +7,ミューラに装着する源石。<br>5年生用 3次武器(強化レベル+7)から生成されたものだ。<br>(パワーゲージ最大値+1),装備アイテム強化,11,0,5,0
173361,reinforce_3001,音源石 5年 3次 +8,ミューラに装着する源石。<br>5年生用 3次武器(強化レベル+8)から生成されたものだ。<br>(パワーゲージ最大値+1),装備アイテム強化,11,0,5,0
173362,reinforce_3001,音源石 5年 3次 +9,ミューラに装着する源石。<br>5年生用 3次武器(強化レベル+9)から生成されたものだ。<br>(パワーゲージ最大値+1),装備アイテム強化,11,0,5,0
173363,reinforce_3001,音源石 5年 3次 +10,ミューラに装着する源石。<br>5年生用 3次武器(強化レベル+10)から生成されたものだ。<br>(パワーゲージ最大値+1),装備アイテム強化,11,0,5,0
173364,reinforce_3001,音源石 5年 1次 ,ミューラに装着する源石。<br>5年生用 1次武器(未強化)から生成されたものだ。<br>(パワーゲージ最大値+1),装備アイテム強化,11,0,5,0
173365,reinforce_3001,音源石 5年 1次 +1,ミューラに装着する源石。<br>5年生用 1次武器(強化レベル+1)から生成されたものだ。<br>(パワーゲージ最大値+1),装備アイテム強化,11,0,5,0
173366,reinforce_3001,音源石 5年 1次 +2,ミューラに装着する源石。<br>5年生用 1次武器(強化レベル+2)から生成されたものだ。<br>(パワーゲージ最大値+1),装備アイテム強化,11,0,5,0
173367,reinforce_3001,音源石 5年 1次 +3,ミューラに装着する源石。<br>5年生用 1次武器(強化レベル+3)から生成されたものだ。<br>(パワーゲージ最大値+1),装備アイテム強化,11,0,5,0
173368,reinforce_3001,音源石 5年 1次 +4,ミューラに装着する源石。<br>5年生用 1次武器(強化レベル+4)から生成されたものだ。<br>(パワーゲージ最大値+1),装備アイテム強化,11,0,5,0
173369,reinforce_3001,音源石 5年 1次 +5,ミューラに装着する源石。<br>5年生用 1次武器(強化レベル+5)から生成されたものだ。<br>(パワーゲージ最大値+1),装備アイテム強化,11,0,5,0
173370,reinforce_3001,音源石 5年 1次 +6,ミューラに装着する源石。<br>5年生用 1次武器(強化レベル+6)から生成されたものだ。<br>(パワーゲージ最大値+1),装備アイテム強化,11,0,5,0
173371,reinforce_3001,音源石 6年 1次 +7,ミューラに装着する源石。<br>6年生用 1次武器(強化レベル+7)から生成されたものだ。<br>(パワーゲージ最大値+1),装備アイテム強化,11,0,5,0
173372,reinforce_3001,音源石 6年 1次 +8,ミューラに装着する源石。<br>6年生用 1次武器(強化レベル+8)から生成されたものだ。<br>(パワーゲージ最大値+1),装備アイテム強化,11,0,5,0
173373,reinforce_3001,音源石 6年 1次 +9,ミューラに装着する源石。<br>6年生用 1次武器(強化レベル+9)から生成されたものだ。<br>(パワーゲージ最大値+1),装備アイテム強化,11,0,5,0
173374,reinforce_3001,音源石 6年 1次 +10,ミューラに装着する源石。<br>6年生用 1次武器(強化レベル+10)から生成されたものだ。<br>(パワーゲージ最大値+1),装備アイテム強化,11,0,5,0
173375,reinforce_3001,音源石 6年 2次 ,ミューラに装着する源石。<br>6年生用 2次武器(未強化)から生成されたものだ。<br>(パワーゲージ最大値+1),装備アイテム強化,11,0,5,0
173376,reinforce_3001,音源石 6年 2次 +1,ミューラに装着する源石。<br>6年生用 2次武器(強化レベル+1)から生成されたものだ。<br>(パワーゲージ最大値+1),装備アイテム強化,11,0,5,0
173377,reinforce_3001,音源石 6年 2次 +2,ミューラに装着する源石。<br>6年生用 2次武器(強化レベル+2)から生成されたものだ。<br>(パワーゲージ最大値+1),装備アイテム強化,11,0,5,0
173378,reinforce_3001,音源石 6年 2次 +3,ミューラに装着する源石。<br>6年生用 2次武器(強化レベル+3)から生成されたものだ。<br>(パワーゲージ最大値+1),装備アイテム強化,11,0,5,0
173379,reinforce_3001,音源石 6年 2次 +4,ミューラに装着する源石。<br>6年生用 2次武器(強化レベル+4)から生成されたものだ。<br>(パワーゲージ最大値+1),装備アイテム強化,11,0,5,0
173380,reinforce_3001,音源石 6年 2次 +5,ミューラに装着する源石。<br>6年生用 2次武器(強化レベル+5)から生成されたものだ。<br>(パワーゲージ最大値+1),装備アイテム強化,11,0,5,0
173381,reinforce_3001,音源石 6年 2次 +6,ミューラに装着する源石。<br>6年生用 2次武器(強化レベル+6)から生成されたものだ。<br>(パワーゲージ最大値+1),装備アイテム強化,11,0,5,0
173382,reinforce_3001,音源石 6年 2次 +7,ミューラに装着する源石。<br>6年生用 2次武器(強化レベル+7)から生成されたものだ。<br>(パワーゲージ最大値+1),装備アイテム強化,11,0,5,0
173383,reinforce_3001,音源石 6年 2次 +8,ミューラに装着する源石。<br>6年生用 2次武器(強化レベル+8)から生成されたものだ。<br>(パワーゲージ最大値+1),装備アイテム強化,11,0,5,0
173384,reinforce_3001,音源石 6年 2次 +9,ミューラに装着する源石。<br>6年生用 2次武器(強化レベル+9)から生成されたものだ。<br>(パワーゲージ最大値+1),装備アイテム強化,11,0,5,0
173385,reinforce_3001,音源石 6年 2次 +10,ミューラに装着する源石。<br>6年生用 2次武器(強化レベル+10)から生成されたものだ。<br>(パワーゲージ最大値+1),装備アイテム強化,11,0,5,0
173386,reinforce_3001,音源石 6年 3次 ,ミューラに装着する源石。<br>6年生用 3次武器(未強化)から生成されたものだ。<br>(パワーゲージ最大値+1),装備アイテム強化,11,0,5,0
173387,reinforce_3001,音源石 6年 3次 +1,ミューラに装着する源石。<br>6年生用 3次武器(強化レベル+1)から生成されたものだ。<br>(パワーゲージ最大値+1),装備アイテム強化,11,0,5,0
173388,reinforce_3001,音源石 6年 3次 +2,ミューラに装着する源石。<br>6年生用 3次武器(強化レベル+2)から生成されたものだ。<br>(パワーゲージ最大値+1),装備アイテム強化,11,0,5,0
173389,reinforce_3001,音源石 6年 3次 +3,ミューラに装着する源石。<br>6年生用 3次武器(強化レベル+3)から生成されたものだ。<br>(パワーゲージ最大値+1),装備アイテム強化,11,0,5,0
173390,reinforce_3001,音源石 6年 3次 +4,ミューラに装着する源石。<br>6年生用 3次武器(強化レベル+4)から生成されたものだ。<br>(パワーゲージ最大値+1),装備アイテム強化,11,0,5,0
173391,reinforce_3001,音源石 6年 3次 +5,ミューラに装着する源石。<br>6年生用 3次武器(強化レベル+5)から生成されたものだ。<br>(パワーゲージ最大値+1),装備アイテム強化,11,0,5,0
173392,reinforce_3001,音源石 6年 3次 +6,ミューラに装着する源石。<br>6年生用 3次武器(強化レベル+6)から生成されたものだ。<br>(パワーゲージ最大値+1),装備アイテム強化,11,0,5,0
173393,reinforce_3001,音源石 6年 3次 +7,ミューラに装着する源石。<br>6年生用 3次武器(強化レベル+7)から生成されたものだ。<br>(パワーゲージ最大値+1),装備アイテム強化,11,0,5,0
173394,reinforce_3001,音源石 6年 3次 +8,ミューラに装着する源石。<br>6年生用 3次武器(強化レベル+8)から生成されたものだ。<br>(パワーゲージ最大値+1),装備アイテム強化,11,0,5,0
173395,reinforce_3001,音源石 6年 3次 +9,ミューラに装着する源石。<br>6年生用 3次武器(強化レベル+9)から生成されたものだ。<br>(パワーゲージ最大値+1),装備アイテム強化,11,0,5,0
173396,reinforce_3001,音源石 6年 3次 +10,ミューラに装着する源石。<br>6年生用 3次武器(強化レベル+10)から生成されたものだ。<br>(パワーゲージ最大値+1),装備アイテム強化,11,0,5,0
173397,reinforce_3001,音源石 6年 1次 ,ミューラに装着する源石。<br>6年生用 1次武器(未強化)から生成されたものだ。<br>(パワーゲージ最大値+1),装備アイテム強化,11,0,5,0
173398,reinforce_3001,音源石 6年 1次 +1,ミューラに装着する源石。<br>6年生用 1次武器(強化レベル+1)から生成されたものだ。<br>(パワーゲージ最大値+1),装備アイテム強化,11,0,5,0
173399,reinforce_3001,音源石 6年 1次 +2,ミューラに装着する源石。<br>6年生用 1次武器(強化レベル+2)から生成されたものだ。<br>(パワーゲージ最大値+1),装備アイテム強化,11,0,5,0
173400,reinforce_3001,音源石 6年 1次 +3,ミューラに装着する源石。<br>6年生用 1次武器(強化レベル+3)から生成されたものだ。<br>(パワーゲージ最大値+1),装備アイテム強化,11,0,5,0
173401,reinforce_3001,音源石 6年 1次 +4,ミューラに装着する源石。<br>6年生用 1次武器(強化レベル+4)から生成されたものだ。<br>(パワーゲージ最大値+1),装備アイテム強化,11,0,5,0
173402,reinforce_3001,音源石 6年 1次 +5,ミューラに装着する源石。<br>6年生用 1次武器(強化レベル+5)から生成されたものだ。<br>(パワーゲージ最大値+1),装備アイテム強化,11,0,5,0
173403,reinforce_3001,音源石 6年 1次 +6,ミューラに装着する源石。<br>6年生用 1次武器(強化レベル+6)から生成されたものだ。<br>(パワーゲージ最大値+1),装備アイテム強化,11,0,5,0
173404,reinforce_3001,音源石 6年 1次 +7,ミューラに装着する源石。<br>6年生用 1次武器(強化レベル+7)から生成されたものだ。<br>(パワーゲージ最大値+1),装備アイテム強化,11,0,5,0
173405,reinforce_3001,音源石 6年 1次 +8,ミューラに装着する源石。<br>6年生用 1次武器(強化レベル+8)から生成されたものだ。<br>(パワーゲージ最大値+1),装備アイテム強化,11,0,5,0
173406,reinforce_3001,音源石 6年 1次 +9,ミューラに装着する源石。<br>6年生用 1次武器(強化レベル+9)から生成されたものだ。<br>(パワーゲージ最大値+1),装備アイテム強化,11,0,5,0
173407,reinforce_3001,音源石 6年 1次 +10,ミューラに装着する源石。<br>6年生用 1次武器(強化レベル+10)から生成されたものだ。<br>(パワーゲージ最大値+1),装備アイテム強化,11,0,5,0
173408,reinforce_3001,音源石 6年 2次 ,ミューラに装着する源石。<br>6年生用 2次武器(未強化)から生成されたものだ。<br>(パワーゲージ最大値+1),装備アイテム強化,11,0,5,0
173409,reinforce_3001,音源石 6年 2次 +1,ミューラに装着する源石。<br>6年生用 2次武器(強化レベル+1)から生成されたものだ。<br>(パワーゲージ最大値+1),装備アイテム強化,11,0,5,0
173410,reinforce_3001,音源石 6年 2次 +2,ミューラに装着する源石。<br>6年生用 2次武器(強化レベル+2)から生成されたものだ。<br>(パワーゲージ最大値+1),装備アイテム強化,11,0,5,0
173411,reinforce_3001,音源石 6年 2次 +3,ミューラに装着する源石。<br>6年生用 2次武器(強化レベル+3)から生成されたものだ。<br>(パワーゲージ最大値+1),装備アイテム強化,11,0,5,0
173412,reinforce_3001,音源石 6年 2次 +4,ミューラに装着する源石。<br>6年生用 2次武器(強化レベル+4)から生成されたものだ。<br>(パワーゲージ最大値+1),装備アイテム強化,11,0,5,0
173413,reinforce_3001,音源石 6年 2次 +5,ミューラに装着する源石。<br>6年生用 2次武器(強化レベル+5)から生成されたものだ。<br>(パワーゲージ最大値+1),装備アイテム強化,11,0,5,0
173414,reinforce_3001,音源石 6年 2次 +6,ミューラに装着する源石。<br>6年生用 2次武器(強化レベル+6)から生成されたものだ。<br>(パワーゲージ最大値+1),装備アイテム強化,11,0,5,0
173415,reinforce_3001,音源石 6年 2次 +7,ミューラに装着する源石。<br>6年生用 2次武器(強化レベル+7)から生成されたものだ。<br>(パワーゲージ最大値+1),装備アイテム強化,11,0,5,0
173416,reinforce_3001,音源石 6年 2次 +8,ミューラに装着する源石。<br>6年生用 2次武器(強化レベル+8)から生成されたものだ。<br>(パワーゲージ最大値+1),装備アイテム強化,11,0,5,0
173417,reinforce_3001,音源石 6年 2次 +9,ミューラに装着する源石。<br>6年生用 2次武器(強化レベル+9)から生成されたものだ。<br>(パワーゲージ最大値+1),装備アイテム強化,11,0,5,0
173418,reinforce_3001,音源石 6年 2次 +10,ミューラに装着する源石。<br>6年生用 2次武器(強化レベル+10)から生成されたものだ。<br>(パワーゲージ最大値+1),装備アイテム強化,11,0,5,0
173419,reinforce_3001,音源石 6年 3次 ,ミューラに装着する源石。<br>6年生用 3次武器(未強化)から生成されたものだ。<br>(パワーゲージ最大値+1),装備アイテム強化,11,0,5,0
173420,reinforce_3001,音源石 6年 3次 +1,ミューラに装着する源石。<br>6年生用 3次武器(強化レベル+1)から生成されたものだ。<br>(パワーゲージ最大値+1),装備アイテム強化,11,0,5,0
173421,reinforce_3001,音源石 6年 3次 +2,ミューラに装着する源石。<br>6年生用 3次武器(強化レベル+2)から生成されたものだ。<br>(パワーゲージ最大値+1),装備アイテム強化,11,0,5,0
173422,reinforce_3001,音源石 6年 3次 +3,ミューラに装着する源石。<br>6年生用 3次武器(強化レベル+3)から生成されたものだ。<br>(パワーゲージ最大値+1),装備アイテム強化,11,0,5,0
173423,reinforce_3001,音源石 6年 3次 +4,ミューラに装着する源石。<br>6年生用 3次武器(強化レベル+4)から生成されたものだ。<br>(パワーゲージ最大値+1),装備アイテム強化,11,0,5,0
173424,reinforce_3001,音源石 6年 3次 +5,ミューラに装着する源石。<br>6年生用 3次武器(強化レベル+5)から生成されたものだ。<br>(パワーゲージ最大値+1),装備アイテム強化,11,0,5,0
173425,reinforce_3001,音源石 6年 3次 +6,ミューラに装着する源石。<br>6年生用 3次武器(強化レベル+6)から生成されたものだ。<br>(パワーゲージ最大値+1),装備アイテム強化,11,0,5,0
173426,reinforce_3001,音源石 6年 3次 +7,ミューラに装着する源石。<br>6年生用 3次武器(強化レベル+7)から生成されたものだ。<br>(パワーゲージ最大値+1),装備アイテム強化,11,0,5,0
174100,reinforce_4001,精源石 1年 1次 ,スピリットに装着する源石。<br>1年生用 1次武器(未強化)から生成されたものだ。<br>(パワーゲージ最大値+1),装備アイテム強化,7,0,5,0
174101,reinforce_4001,精源石 1年 1次 +1,スピリットに装着する源石。<br>1年生用 1次武器(強化レベル+1)から生成されたものだ。<br>(パワーゲージ最大値+1),装備アイテム強化,7,0,5,0
174102,reinforce_4001,精源石 1年 1次 +2,スピリットに装着する源石。<br>1年生用 1次武器(強化レベル+2)から生成されたものだ。<br>(パワーゲージ最大値+1),装備アイテム強化,7,0,5,0
174103,reinforce_4001,精源石 1年 1次 +3,スピリットに装着する源石。<br>1年生用 1次武器(強化レベル+3)から生成されたものだ。<br>(パワーゲージ最大値+1),装備アイテム強化,7,0,5,0
174104,reinforce_4001,精源石 1年 1次 +4,スピリットに装着する源石。<br>1年生用 1次武器(強化レベル+4)から生成されたものだ。<br>(パワーゲージ最大値+1),装備アイテム強化,7,0,5,0
174105,reinforce_4001,精源石 1年 1次 +5,スピリットに装着する源石。<br>1年生用 1次武器(強化レベル+5)から生成されたものだ。<br>(パワーゲージ最大値+1),装備アイテム強化,7,0,5,0
174106,reinforce_4001,精源石 1年 1次 +6,スピリットに装着する源石。<br>1年生用 1次武器(強化レベル+6)から生成されたものだ。<br>(パワーゲージ最大値+1),装備アイテム強化,7,0,5,0
174107,reinforce_4001,精源石 1年 1次 +7,スピリットに装着する源石。<br>1年生用 1次武器(強化レベル+7)から生成されたものだ。<br>(パワーゲージ最大値+1),装備アイテム強化,7,0,5,0
174108,reinforce_4001,精源石 1年 1次 +8,スピリットに装着する源石。<br>1年生用 1次武器(強化レベル+8)から生成されたものだ。<br>(パワーゲージ最大値+1),装備アイテム強化,7,0,5,0
174109,reinforce_4001,精源石 1年 1次 +9,スピリットに装着する源石。<br>1年生用 1次武器(強化レベル+9)から生成されたものだ。<br>(パワーゲージ最大値+1),装備アイテム強化,7,0,5,0
174110,reinforce_4001,精源石 1年 1次 +10,スピリットに装着する源石。<br>1年生用 1次武器(強化レベル+10)から生成されたものだ。<br>(パワーゲージ最大値+1),装備アイテム強化,7,0,5,0
174111,reinforce_4001,精源石 1年 2次 ,スピリットに装着する源石。<br>1年生用 2次武器(未強化)から生成されたものだ。<br>(パワーゲージ最大値+1),装備アイテム強化,7,0,5,0
174112,reinforce_4001,精源石 1年 2次 +1,スピリットに装着する源石。<br>1年生用 2次武器(強化レベル+1)から生成されたものだ。<br>(パワーゲージ最大値+1),装備アイテム強化,7,0,5,0
174113,reinforce_4001,精源石 1年 2次 +2,スピリットに装着する源石。<br>1年生用 2次武器(強化レベル+2)から生成されたものだ。<br>(パワーゲージ最大値+1),装備アイテム強化,7,0,5,0
174114,reinforce_4001,精源石 1年 2次 +3,スピリットに装着する源石。<br>1年生用 2次武器(強化レベル+3)から生成されたものだ。<br>(パワーゲージ最大値+1),装備アイテム強化,7,0,5,0
174115,reinforce_4001,精源石 1年 2次 +4,スピリットに装着する源石。<br>1年生用 2次武器(強化レベル+4)から生成されたものだ。<br>(パワーゲージ最大値+1),装備アイテム強化,7,0,5,0
174116,reinforce_4001,精源石 1年 2次 +5,スピリットに装着する源石。<br>1年生用 2次武器(強化レベル+5)から生成されたものだ。<br>(パワーゲージ最大値+1),装備アイテム強化,7,0,5,0
174117,reinforce_4001,精源石 1年 2次 +6,スピリットに装着する源石。<br>1年生用 2次武器(強化レベル+6)から生成されたものだ。<br>(パワーゲージ最大値+1),装備アイテム強化,7,0,5,0
174118,reinforce_4001,精源石 1年 2次 +7,スピリットに装着する源石。<br>1年生用 2次武器(強化レベル+7)から生成されたものだ。<br>(パワーゲージ最大値+1),装備アイテム強化,7,0,5,0
174119,reinforce_4001,精源石 1年 2次 +8,スピリットに装着する源石。<br>1年生用 2次武器(強化レベル+8)から生成されたものだ。<br>(パワーゲージ最大値+1),装備アイテム強化,7,0,5,0
174120,reinforce_4001,精源石 1年 2次 +9,スピリットに装着する源石。<br>1年生用 2次武器(強化レベル+9)から生成されたものだ。<br>(パワーゲージ最大値+1),装備アイテム強化,7,0,5,0
174121,reinforce_4001,精源石 1年 2次 +10,スピリットに装着する源石。<br>1年生用 2次武器(強化レベル+10)から生成されたものだ。<br>(パワーゲージ最大値+1),装備アイテム強化,7,0,5,0
174122,reinforce_4001,精源石 1年 3次 ,スピリットに装着する源石。<br>1年生用 3次武器(未強化)から生成されたものだ。<br>(パワーゲージ最大値+1),装備アイテム強化,7,0,5,0
174123,reinforce_4001,精源石 1年 3次 +1,スピリットに装着する源石。<br>1年生用 3次武器(強化レベル+1)から生成されたものだ。<br>(パワーゲージ最大値+1),装備アイテム強化,7,0,5,0
174124,reinforce_4001,精源石 1年 3次 +2,スピリットに装着する源石。<br>1年生用 3次武器(強化レベル+2)から生成されたものだ。<br>(パワーゲージ最大値+1),装備アイテム強化,7,0,5,0
174125,reinforce_4001,精源石 1年 3次 +3,スピリットに装着する源石。<br>1年生用 3次武器(強化レベル+3)から生成されたものだ。<br>(パワーゲージ最大値+1),装備アイテム強化,7,0,5,0
174126,reinforce_4001,精源石 1年 3次 +4,スピリットに装着する源石。<br>1年生用 3次武器(強化レベル+4)から生成されたものだ。<br>(パワーゲージ最大値+1),装備アイテム強化,7,0,5,0
174127,reinforce_4001,精源石 1年 3次 +5,スピリットに装着する源石。<br>1年生用 3次武器(強化レベル+5)から生成されたものだ。<br>(パワーゲージ最大値+1),装備アイテム強化,7,0,5,0
174128,reinforce_4001,精源石 1年 3次 +6,スピリットに装着する源石。<br>1年生用 3次武器(強化レベル+6)から生成されたものだ。<br>(パワーゲージ最大値+1),装備アイテム強化,7,0,5,0
174129,reinforce_4001,精源石 1年 3次 +7,スピリットに装着する源石。<br>1年生用 3次武器(強化レベル+7)から生成されたものだ。<br>(パワーゲージ最大値+1),装備アイテム強化,7,0,5,0
174130,reinforce_4001,精源石 1年 3次 +8,スピリットに装着する源石。<br>1年生用 3次武器(強化レベル+8)から生成されたものだ。<br>(パワーゲージ最大値+1),装備アイテム強化,7,0,5,0
174131,reinforce_4001,精源石 1年 3次 +9,スピリットに装着する源石。<br>1年生用 3次武器(強化レベル+9)から生成されたものだ。<br>(パワーゲージ最大値+1),装備アイテム強化,7,0,5,0
174132,reinforce_4001,精源石 1年 3次 +10,スピリットに装着する源石。<br>1年生用 3次武器(強化レベル+10)から生成されたものだ。<br>(パワーゲージ最大値+1),装備アイテム強化,7,0,5,0
174133,reinforce_4001,精源石 2年 1次 ,スピリットに装着する源石。<br>2年生用 1次武器(未強化)から生成されたものだ。<br>(パワーゲージ最大値+1),装備アイテム強化,7,0,5,0
174134,reinforce_4001,精源石 2年 1次 +1,スピリットに装着する源石。<br>2年生用 1次武器(強化レベル+1)から生成されたものだ。<br>(パワーゲージ最大値+1),装備アイテム強化,7,0,5,0
174135,reinforce_4001,精源石 2年 1次 +2,スピリットに装着する源石。<br>2年生用 1次武器(強化レベル+2)から生成されたものだ。<br>(パワーゲージ最大値+1),装備アイテム強化,7,0,5,0
174136,reinforce_4001,精源石 2年 1次 +3,スピリットに装着する源石。<br>2年生用 1次武器(強化レベル+3)から生成されたものだ。<br>(パワーゲージ最大値+1),装備アイテム強化,7,0,5,0
174137,reinforce_4001,精源石 2年 1次 +4,スピリットに装着する源石。<br>2年生用 1次武器(強化レベル+4)から生成されたものだ。<br>(パワーゲージ最大値+1),装備アイテム強化,7,0,5,0
174138,reinforce_4001,精源石 2年 1次 +5,スピリットに装着する源石。<br>2年生用 1次武器(強化レベル+5)から生成されたものだ。<br>(パワーゲージ最大値+1),装備アイテム強化,7,0,5,0
174139,reinforce_4001,精源石 2年 1次 +6,スピリットに装着する源石。<br>2年生用 1次武器(強化レベル+6)から生成されたものだ。<br>(パワーゲージ最大値+1),装備アイテム強化,7,0,5,0
174140,reinforce_4001,精源石 2年 1次 +7,スピリットに装着する源石。<br>2年生用 1次武器(強化レベル+7)から生成されたものだ。<br>(パワーゲージ最大値+1),装備アイテム強化,7,0,5,0
174141,reinforce_4001,精源石 2年 1次 +8,スピリットに装着する源石。<br>2年生用 1次武器(強化レベル+8)から生成されたものだ。<br>(パワーゲージ最大値+1),装備アイテム強化,7,0,5,0
174142,reinforce_4001,精源石 2年 1次 +9,スピリットに装着する源石。<br>2年生用 1次武器(強化レベル+9)から生成されたものだ。<br>(パワーゲージ最大値+1),装備アイテム強化,7,0,5,0
174143,reinforce_4001,精源石 2年 1次 +10,スピリットに装着する源石。<br>2年生用 1次武器(強化レベル+10)から生成されたものだ。<br>(パワーゲージ最大値+1),装備アイテム強化,7,0,5,0
174144,reinforce_4001,精源石 2年 2次 ,スピリットに装着する源石。<br>2年生用 2次武器(未強化)から生成されたものだ。<br>(パワーゲージ最大値+1),装備アイテム強化,8,0,5,0
174145,reinforce_4001,精源石 2年 2次 +1,スピリットに装着する源石。<br>2年生用 2次武器(強化レベル+1)から生成されたものだ。<br>(パワーゲージ最大値+1),装備アイテム強化,8,0,5,0
174146,reinforce_4001,精源石 2年 2次 +2,スピリットに装着する源石。<br>2年生用 2次武器(強化レベル+2)から生成されたものだ。<br>(パワーゲージ最大値+1),装備アイテム強化,8,0,5,0
174147,reinforce_4001,精源石 2年 2次 +3,スピリットに装着する源石。<br>2年生用 2次武器(強化レベル+3)から生成されたものだ。<br>(パワーゲージ最大値+1),装備アイテム強化,8,0,5,0
174148,reinforce_4001,精源石 2年 2次 +4,スピリットに装着する源石。<br>2年生用 2次武器(強化レベル+4)から生成されたものだ。<br>(パワーゲージ最大値+1),装備アイテム強化,8,0,5,0
174149,reinforce_4001,精源石 2年 2次 +5,スピリットに装着する源石。<br>2年生用 2次武器(強化レベル+5)から生成されたものだ。<br>(パワーゲージ最大値+1),装備アイテム強化,8,0,5,0
174150,reinforce_4001,精源石 2年 2次 +6,スピリットに装着する源石。<br>2年生用 2次武器(強化レベル+6)から生成されたものだ。<br>(パワーゲージ最大値+1),装備アイテム強化,8,0,5,0
174151,reinforce_4001,精源石 2年 2次 +7,スピリットに装着する源石。<br>2年生用 2次武器(強化レベル+7)から生成されたものだ。<br>(パワーゲージ最大値+1),装備アイテム強化,8,0,5,0
174152,reinforce_4001,精源石 2年 2次 +8,スピリットに装着する源石。<br>2年生用 2次武器(強化レベル+8)から生成されたものだ。<br>(パワーゲージ最大値+1),装備アイテム強化,8,0,5,0
174153,reinforce_4001,精源石 2年 2次 +9,スピリットに装着する源石。<br>2年生用 2次武器(強化レベル+9)から生成されたものだ。<br>(パワーゲージ最大値+1),装備アイテム強化,8,0,5,0
174154,reinforce_4001,精源石 2年 2次 +10,スピリットに装着する源石。<br>2年生用 2次武器(強化レベル+10)から生成されたものだ。<br>(パワーゲージ最大値+1),装備アイテム強化,8,0,5,0
174155,reinforce_4001,精源石 2年 3次 ,スピリットに装着する源石。<br>2年生用 3次武器(未強化)から生成されたものだ。<br>(パワーゲージ最大値+1),装備アイテム強化,8,0,5,0
174156,reinforce_4001,精源石 2年 3次 +1,スピリットに装着する源石。<br>2年生用 3次武器(強化レベル+1)から生成されたものだ。<br>(パワーゲージ最大値+1),装備アイテム強化,8,0,5,0
174157,reinforce_4001,精源石 2年 3次 +2,スピリットに装着する源石。<br>2年生用 3次武器(強化レベル+2)から生成されたものだ。<br>(パワーゲージ最大値+1),装備アイテム強化,8,0,5,0
174158,reinforce_4001,精源石 2年 3次 +3,スピリットに装着する源石。<br>2年生用 3次武器(強化レベル+3)から生成されたものだ。<br>(パワーゲージ最大値+1),装備アイテム強化,8,0,5,0
174159,reinforce_4001,精源石 2年 3次 +4,スピリットに装着する源石。<br>2年生用 3次武器(強化レベル+4)から生成されたものだ。<br>(パワーゲージ最大値+1),装備アイテム強化,8,0,5,0
174160,reinforce_4001,精源石 2年 3次 +5,スピリットに装着する源石。<br>2年生用 3次武器(強化レベル+5)から生成されたものだ。<br>(パワーゲージ最大値+1),装備アイテム強化,8,0,5,0
174161,reinforce_4001,精源石 2年 3次 +6,スピリットに装着する源石。<br>2年生用 3次武器(強化レベル+6)から生成されたものだ。<br>(パワーゲージ最大値+1),装備アイテム強化,8,0,5,0
174162,reinforce_4001,精源石 2年 3次 +7,スピリットに装着する源石。<br>2年生用 3次武器(強化レベル+7)から生成されたものだ。<br>(パワーゲージ最大値+1),装備アイテム強化,8,0,5,0
174163,reinforce_4001,精源石 2年 3次 +8,スピリットに装着する源石。<br>2年生用 3次武器(強化レベル+8)から生成されたものだ。<br>(パワーゲージ最大値+1),装備アイテム強化,8,0,5,0
174164,reinforce_4001,精源石 2年 3次 +9,スピリットに装着する源石。<br>2年生用 3次武器(強化レベル+9)から生成されたものだ。<br>(パワーゲージ最大値+1),装備アイテム強化,8,0,5,0
174165,reinforce_4001,精源石 2年 3次 +10,スピリットに装着する源石。<br>2年生用 3次武器(強化レベル+10)から生成されたものだ。<br>(パワーゲージ最大値+1),装備アイテム強化,8,0,5,0
174166,reinforce_4001,精源石 3年 1次 ,スピリットに装着する源石。<br>3年生用 1次武器(未強化)から生成されたものだ。<br>(パワーゲージ最大値+1),装備アイテム強化,8,0,5,0
174167,reinforce_4001,精源石 3年 1次 +1,スピリットに装着する源石。<br>3年生用 1次武器(強化レベル+1)から生成されたものだ。<br>(パワーゲージ最大値+1),装備アイテム強化,8,0,5,0
174168,reinforce_4001,精源石 3年 1次 +2,スピリットに装着する源石。<br>3年生用 1次武器(強化レベル+2)から生成されたものだ。<br>(パワーゲージ最大値+1),装備アイテム強化,8,0,5,0
174169,reinforce_4001,精源石 3年 1次 +3,スピリットに装着する源石。<br>3年生用 1次武器(強化レベル+3)から生成されたものだ。<br>(パワーゲージ最大値+1),装備アイテム強化,8,0,5,0
174170,reinforce_4001,精源石 3年 1次 +4,スピリットに装着する源石。<br>3年生用 1次武器(強化レベル+4)から生成されたものだ。<br>(パワーゲージ最大値+1),装備アイテム強化,8,0,5,0
174171,reinforce_4001,精源石 3年 1次 +5,スピリットに装着する源石。<br>3年生用 1次武器(強化レベル+5)から生成されたものだ。<br>(パワーゲージ最大値+1),装備アイテム強化,8,0,5,0
174172,reinforce_4001,精源石 3年 1次 +6,スピリットに装着する源石。<br>3年生用 1次武器(強化レベル+6)から生成されたものだ。<br>(パワーゲージ最大値+1),装備アイテム強化,8,0,5,0
174173,reinforce_4001,精源石 3年 1次 +7,スピリットに装着する源石。<br>3年生用 1次武器(強化レベル+7)から生成されたものだ。<br>(パワーゲージ最大値+1),装備アイテム強化,8,0,5,0
174174,reinforce_4001,精源石 3年 1次 +8,スピリットに装着する源石。<br>3年生用 1次武器(強化レベル+8)から生成されたものだ。<br>(パワーゲージ最大値+1),装備アイテム強化,8,0,5,0
174175,reinforce_4001,精源石 3年 1次 +9,スピリットに装着する源石。<br>3年生用 1次武器(強化レベル+9)から生成されたものだ。<br>(パワーゲージ最大値+1),装備アイテム強化,8,0,5,0
174176,reinforce_4001,精源石 3年 1次 +10,スピリットに装着する源石。<br>3年生用 1次武器(強化レベル+10)から生成されたものだ。<br>(パワーゲージ最大値+1),装備アイテム強化,8,0,5,0
174177,reinforce_4001,精源石 3年 2次 ,スピリットに装着する源石。<br>3年生用 2次武器(未強化)から生成されたものだ。<br>(パワーゲージ最大値+1),装備アイテム強化,8,0,5,0
174178,reinforce_4001,精源石 3年 2次 +1,スピリットに装着する源石。<br>3年生用 2次武器(強化レベル+1)から生成されたものだ。<br>(パワーゲージ最大値+1),装備アイテム強化,8,0,5,0
174179,reinforce_4001,精源石 3年 2次 +2,スピリットに装着する源石。<br>3年生用 2次武器(強化レベル+2)から生成されたものだ。<br>(パワーゲージ最大値+1),装備アイテム強化,8,0,5,0
174180,reinforce_4001,精源石 3年 2次 +3,スピリットに装着する源石。<br>3年生用 2次武器(強化レベル+3)から生成されたものだ。<br>(パワーゲージ最大値+1),装備アイテム強化,8,0,5,0
174181,reinforce_4001,精源石 3年 2次 +4,スピリットに装着する源石。<br>3年生用 2次武器(強化レベル+4)から生成されたものだ。<br>(パワーゲージ最大値+1),装備アイテム強化,8,0,5,0
174182,reinforce_4001,精源石 3年 2次 +5,スピリットに装着する源石。<br>3年生用 2次武器(強化レベル+5)から生成されたものだ。<br>(パワーゲージ最大値+1),装備アイテム強化,8,0,5,0
174183,reinforce_4001,精源石 3年 2次 +6,スピリットに装着する源石。<br>3年生用 2次武器(強化レベル+6)から生成されたものだ。<br>(パワーゲージ最大値+1),装備アイテム強化,8,0,5,0
174184,reinforce_4001,精源石 3年 2次 +7,スピリットに装着する源石。<br>3年生用 2次武器(強化レベル+7)から生成されたものだ。<br>(パワーゲージ最大値+1),装備アイテム強化,8,0,5,0
174185,reinforce_4001,精源石 3年 2次 +8,スピリットに装着する源石。<br>3年生用 2次武器(強化レベル+8)から生成されたものだ。<br>(パワーゲージ最大値+1),装備アイテム強化,8,0,5,0
174186,reinforce_4001,精源石 3年 2次 +9,スピリットに装着する源石。<br>3年生用 2次武器(強化レベル+9)から生成されたものだ。<br>(パワーゲージ最大値+1),装備アイテム強化,8,0,5,0
174187,reinforce_4001,精源石 3年 2次 +10,スピリットに装着する源石。<br>3年生用 2次武器(強化レベル+10)から生成されたものだ。<br>(パワーゲージ最大値+1),装備アイテム強化,8,0,5,0
174188,reinforce_4001,精源石 3年 3次 ,スピリットに装着する源石。<br>3年生用 3次武器(未強化)から生成されたものだ。<br>(パワーゲージ最大値+1),装備アイテム強化,9,0,5,0
174189,reinforce_4001,精源石 3年 3次 +1,スピリットに装着する源石。<br>3年生用 3次武器(強化レベル+1)から生成されたものだ。<br>(パワーゲージ最大値+1),装備アイテム強化,9,0,5,0
174190,reinforce_4001,精源石 3年 3次 +2,スピリットに装着する源石。<br>3年生用 3次武器(強化レベル+2)から生成されたものだ。<br>(パワーゲージ最大値+1),装備アイテム強化,9,0,5,0
174191,reinforce_4001,精源石 3年 3次 +3,スピリットに装着する源石。<br>3年生用 3次武器(強化レベル+3)から生成されたものだ。<br>(パワーゲージ最大値+1),装備アイテム強化,9,0,5,0
174192,reinforce_4001,精源石 3年 3次 +4,スピリットに装着する源石。<br>3年生用 3次武器(強化レベル+4)から生成されたものだ。<br>(パワーゲージ最大値+1),装備アイテム強化,9,0,5,0
174193,reinforce_4001,精源石 3年 3次 +5,スピリットに装着する源石。<br>3年生用 3次武器(強化レベル+5)から生成されたものだ。<br>(パワーゲージ最大値+1),装備アイテム強化,9,0,5,0
174194,reinforce_4001,精源石 3年 3次 +6,スピリットに装着する源石。<br>3年生用 3次武器(強化レベル+6)から生成されたものだ。<br>(パワーゲージ最大値+1),装備アイテム強化,9,0,5,0
174195,reinforce_4001,精源石 3年 3次 +7,スピリットに装着する源石。<br>3年生用 3次武器(強化レベル+7)から生成されたものだ。<br>(パワーゲージ最大値+1),装備アイテム強化,9,0,5,0
174196,reinforce_4001,精源石 3年 3次 +8,スピリットに装着する源石。<br>3年生用 3次武器(強化レベル+8)から生成されたものだ。<br>(パワーゲージ最大値+1),装備アイテム強化,9,0,5,0
174197,reinforce_4001,精源石 3年 3次 +9,スピリットに装着する源石。<br>3年生用 3次武器(強化レベル+9)から生成されたものだ。<br>(パワーゲージ最大値+1),装備アイテム強化,9,0,5,0
174198,reinforce_4001,精源石 3年 3次 +10,スピリットに装着する源石。<br>3年生用 3次武器(強化レベル+10)から生成されたものだ。<br>(パワーゲージ最大値+1),装備アイテム強化,9,0,5,0
174199,reinforce_4001,精源石 4年 1次 ,スピリットに装着する源石。<br>4年生用 1次武器(未強化)から生成されたものだ。<br>(パワーゲージ最大値+1),装備アイテム強化,9,0,5,0
174200,reinforce_4001,精源石 4年 1次 +1,スピリットに装着する源石。<br>4年生用 1次武器(強化レベル+1)から生成されたものだ。<br>(パワーゲージ最大値+1),装備アイテム強化,9,0,5,0
174201,reinforce_4001,精源石 4年 1次 +2,スピリットに装着する源石。<br>4年生用 1次武器(強化レベル+2)から生成されたものだ。<br>(パワーゲージ最大値+1),装備アイテム強化,9,0,5,0
174202,reinforce_4001,精源石 4年 1次 +3,スピリットに装着する源石。<br>4年生用 1次武器(強化レベル+3)から生成されたものだ。<br>(パワーゲージ最大値+1),装備アイテム強化,9,0,5,0
174203,reinforce_4001,精源石 4年 1次 +4,スピリットに装着する源石。<br>4年生用 1次武器(強化レベル+4)から生成されたものだ。<br>(パワーゲージ最大値+1),装備アイテム強化,9,0,5,0
174204,reinforce_4001,精源石 4年 1次 +5,スピリットに装着する源石。<br>4年生用 1次武器(強化レベル+5)から生成されたものだ。<br>(パワーゲージ最大値+1),装備アイテム強化,9,0,5,0
174205,reinforce_4001,精源石 4年 1次 +6,スピリットに装着する源石。<br>4年生用 1次武器(強化レベル+6)から生成されたものだ。<br>(パワーゲージ最大値+1),装備アイテム強化,9,0,5,0
174206,reinforce_4001,精源石 4年 1次 +7,スピリットに装着する源石。<br>4年生用 1次武器(強化レベル+7)から生成されたものだ。<br>(パワーゲージ最大値+1),装備アイテム強化,9,0,5,0
174207,reinforce_4001,精源石 4年 1次 +8,スピリットに装着する源石。<br>4年生用 1次武器(強化レベル+8)から生成されたものだ。<br>(パワーゲージ最大値+1),装備アイテム強化,9,0,5,0
174208,reinforce_4001,精源石 4年 1次 +9,スピリットに装着する源石。<br>4年生用 1次武器(強化レベル+9)から生成されたものだ。<br>(パワーゲージ最大値+1),装備アイテム強化,9,0,5,0
174209,reinforce_4001,精源石 4年 1次 +10,スピリットに装着する源石。<br>4年生用 1次武器(強化レベル+10)から生成されたものだ。<br>(パワーゲージ最大値+1),装備アイテム強化,9,0,5,0
174210,reinforce_4001,精源石 4年 2次 ,スピリットに装着する源石。<br>4年生用 2次武器(未強化)から生成されたものだ。<br>(パワーゲージ最大値+1),装備アイテム強化,9,0,5,0
174211,reinforce_4001,精源石 4年 2次 +1,スピリットに装着する源石。<br>4年生用 2次武器(強化レベル+1)から生成されたものだ。<br>(パワーゲージ最大値+1),装備アイテム強化,9,0,5,0
174212,reinforce_4001,精源石 4年 2次 +2,スピリットに装着する源石。<br>4年生用 2次武器(強化レベル+2)から生成されたものだ。<br>(パワーゲージ最大値+1),装備アイテム強化,9,0,5,0
174213,reinforce_4001,精源石 4年 2次 +3,スピリットに装着する源石。<br>4年生用 2次武器(強化レベル+3)から生成されたものだ。<br>(パワーゲージ最大値+1),装備アイテム強化,9,0,5,0
174214,reinforce_4001,精源石 4年 2次 +4,スピリットに装着する源石。<br>4年生用 2次武器(強化レベル+4)から生成されたものだ。<br>(パワーゲージ最大値+1),装備アイテム強化,9,0,5,0
174215,reinforce_4001,精源石 4年 2次 +5,スピリットに装着する源石。<br>4年生用 2次武器(強化レベル+5)から生成されたものだ。<br>(パワーゲージ最大値+1),装備アイテム強化,9,0,5,0
174216,reinforce_4001,精源石 4年 2次 +6,スピリットに装着する源石。<br>4年生用 2次武器(強化レベル+6)から生成されたものだ。<br>(パワーゲージ最大値+1),装備アイテム強化,9,0,5,0
174217,reinforce_4001,精源石 4年 2次 +7,スピリットに装着する源石。<br>4年生用 2次武器(強化レベル+7)から生成されたものだ。<br>(パワーゲージ最大値+1),装備アイテム強化,9,0,5,0
174218,reinforce_4001,精源石 4年 2次 +8,スピリットに装着する源石。<br>4年生用 2次武器(強化レベル+8)から生成されたものだ。<br>(パワーゲージ最大値+1),装備アイテム強化,9,0,5,0
174219,reinforce_4001,精源石 4年 2次 +9,スピリットに装着する源石。<br>4年生用 2次武器(強化レベル+9)から生成されたものだ。<br>(パワーゲージ最大値+1),装備アイテム強化,9,0,5,0
174220,reinforce_4001,精源石 4年 2次 +10,スピリットに装着する源石。<br>4年生用 2次武器(強化レベル+10)から生成されたものだ。<br>(パワーゲージ最大値+1),装備アイテム強化,9,0,5,0
174221,reinforce_4001,精源石 4年 3次 ,スピリットに装着する源石。<br>4年生用 3次武器(未強化)から生成されたものだ。<br>(パワーゲージ最大値+1),装備アイテム強化,9,0,5,0
174222,reinforce_4001,精源石 4年 3次 +1,スピリットに装着する源石。<br>4年生用 3次武器(強化レベル+1)から生成されたものだ。<br>(パワーゲージ最大値+1),装備アイテム強化,9,0,5,0
174223,reinforce_4001,精源石 4年 3次 +2,スピリットに装着する源石。<br>4年生用 3次武器(強化レベル+2)から生成されたものだ。<br>(パワーゲージ最大値+1),装備アイテム強化,9,0,5,0
174224,reinforce_4001,精源石 4年 3次 +3,スピリットに装着する源石。<br>4年生用 3次武器(強化レベル+3)から生成されたものだ。<br>(パワーゲージ最大値+1),装備アイテム強化,9,0,5,0
174225,reinforce_4001,精源石 4年 3次 +4,スピリットに装着する源石。<br>4年生用 3次武器(強化レベル+4)から生成されたものだ。<br>(パワーゲージ最大値+1),装備アイテム強化,9,0,5,0
174226,reinforce_4001,精源石 4年 3次 +5,スピリットに装着する源石。<br>4年生用 3次武器(強化レベル+5)から生成されたものだ。<br>(パワーゲージ最大値+1),装備アイテム強化,9,0,5,0
174227,reinforce_4001,精源石 4年 3次 +6,スピリットに装着する源石。<br>4年生用 3次武器(強化レベル+6)から生成されたものだ。<br>(パワーゲージ最大値+1),装備アイテム強化,9,0,5,0
174228,reinforce_4001,精源石 4年 3次 +7,スピリットに装着する源石。<br>4年生用 3次武器(強化レベル+7)から生成されたものだ。<br>(パワーゲージ最大値+1),装備アイテム強化,9,0,5,0
174229,reinforce_4001,精源石 4年 3次 +8,スピリットに装着する源石。<br>4年生用 3次武器(強化レベル+8)から生成されたものだ。<br>(パワーゲージ最大値+1),装備アイテム強化,9,0,5,0
174230,reinforce_4001,精源石 4年 3次 +9,スピリットに装着する源石。<br>4年生用 3次武器(強化レベル+9)から生成されたものだ。<br>(パワーゲージ最大値+1),装備アイテム強化,9,0,5,0
174231,reinforce_4001,精源石 4年 3次 +10,スピリットに装着する源石。<br>4年生用 3次武器(強化レベル+10)から生成されたものだ。<br>(パワーゲージ最大値+1),装備アイテム強化,9,0,5,0
174232,reinforce_4001,精源石 5年 1次 ,スピリットに装着する源石。<br>5年生用 1次武器(未強化)から生成されたものだ。<br>(パワーゲージ最大値+1),装備アイテム強化,10,0,5,0
174233,reinforce_4001,精源石 5年 1次 +1,スピリットに装着する源石。<br>5年生用 1次武器(強化レベル+1)から生成されたものだ。<br>(パワーゲージ最大値+1),装備アイテム強化,10,0,5,0
174234,reinforce_4001,精源石 5年 1次 +2,スピリットに装着する源石。<br>5年生用 1次武器(強化レベル+2)から生成されたものだ。<br>(パワーゲージ最大値+1),装備アイテム強化,10,0,5,0
174235,reinforce_4001,精源石 5年 1次 +3,スピリットに装着する源石。<br>5年生用 1次武器(強化レベル+3)から生成されたものだ。<br>(パワーゲージ最大値+1),装備アイテム強化,10,0,5,0
174236,reinforce_4001,精源石 5年 1次 +4,スピリットに装着する源石。<br>5年生用 1次武器(強化レベル+4)から生成されたものだ。<br>(パワーゲージ最大値+1),装備アイテム強化,10,0,5,0
174237,reinforce_4001,精源石 5年 1次 +5,スピリットに装着する源石。<br>5年生用 1次武器(強化レベル+5)から生成されたものだ。<br>(パワーゲージ最大値+1),装備アイテム強化,10,0,5,0
174238,reinforce_4001,精源石 5年 1次 +6,スピリットに装着する源石。<br>5年生用 1次武器(強化レベル+6)から生成されたものだ。<br>(パワーゲージ最大値+1),装備アイテム強化,10,0,5,0
174239,reinforce_4001,精源石 5年 1次 +7,スピリットに装着する源石。<br>5年生用 1次武器(強化レベル+7)から生成されたものだ。<br>(パワーゲージ最大値+1),装備アイテム強化,10,0,5,0
174240,reinforce_4001,精源石 5年 1次 +8,スピリットに装着する源石。<br>5年生用 1次武器(強化レベル+8)から生成されたものだ。<br>(パワーゲージ最大値+1),装備アイテム強化,10,0,5,0
174241,reinforce_4001,精源石 5年 1次 +9,スピリットに装着する源石。<br>5年生用 1次武器(強化レベル+9)から生成されたものだ。<br>(パワーゲージ最大値+1),装備アイテム強化,10,0,5,0
174242,reinforce_4001,精源石 5年 1次 +10,スピリットに装着する源石。<br>5年生用 1次武器(強化レベル+10)から生成されたものだ。<br>(パワーゲージ最大値+1),装備アイテム強化,10,0,5,0
174243,reinforce_4001,精源石 5年 2次 ,スピリットに装着する源石。<br>5年生用 2次武器(未強化)から生成されたものだ。<br>(パワーゲージ最大値+1),装備アイテム強化,10,0,5,0
174244,reinforce_4001,精源石 5年 2次 +1,スピリットに装着する源石。<br>5年生用 2次武器(強化レベル+1)から生成されたものだ。<br>(パワーゲージ最大値+1),装備アイテム強化,10,0,5,0
174245,reinforce_4001,精源石 5年 2次 +2,スピリットに装着する源石。<br>5年生用 2次武器(強化レベル+2)から生成されたものだ。<br>(パワーゲージ最大値+1),装備アイテム強化,10,0,5,0
174246,reinforce_4001,精源石 5年 2次 +3,スピリットに装着する源石。<br>5年生用 2次武器(強化レベル+3)から生成されたものだ。<br>(パワーゲージ最大値+1),装備アイテム強化,10,0,5,0
174247,reinforce_4001,精源石 5年 2次 +4,スピリットに装着する源石。<br>5年生用 2次武器(強化レベル+4)から生成されたものだ。<br>(パワーゲージ最大値+1),装備アイテム強化,10,0,5,0
174248,reinforce_4001,精源石 5年 2次 +5,スピリットに装着する源石。<br>5年生用 2次武器(強化レベル+5)から生成されたものだ。<br>(パワーゲージ最大値+1),装備アイテム強化,10,0,5,0
174249,reinforce_4001,精源石 5年 2次 +6,スピリットに装着する源石。<br>5年生用 2次武器(強化レベル+6)から生成されたものだ。<br>(パワーゲージ最大値+1),装備アイテム強化,10,0,5,0
174250,reinforce_4001,精源石 5年 2次 +7,スピリットに装着する源石。<br>5年生用 2次武器(強化レベル+7)から生成されたものだ。<br>(パワーゲージ最大値+1),装備アイテム強化,10,0,5,0
174251,reinforce_4001,精源石 5年 2次 +8,スピリットに装着する源石。<br>5年生用 2次武器(強化レベル+8)から生成されたものだ。<br>(パワーゲージ最大値+1),装備アイテム強化,10,0,5,0
174252,reinforce_4001,精源石 5年 2次 +9,スピリットに装着する源石。<br>5年生用 2次武器(強化レベル+9)から生成されたものだ。<br>(パワーゲージ最大値+1),装備アイテム強化,10,0,5,0
174253,reinforce_4001,精源石 5年 2次 +10,スピリットに装着する源石。<br>5年生用 2次武器(強化レベル+10)から生成されたものだ。<br>(パワーゲージ最大値+1),装備アイテム強化,10,0,5,0
174254,reinforce_4001,精源石 5年 3次 ,スピリットに装着する源石。<br>5年生用 3次武器(未強化)から生成されたものだ。<br>(パワーゲージ最大値+1),装備アイテム強化,10,0,5,0
174255,reinforce_4001,精源石 5年 3次 +1,スピリットに装着する源石。<br>5年生用 3次武器(強化レベル+1)から生成されたものだ。<br>(パワーゲージ最大値+1),装備アイテム強化,10,0,5,0
174256,reinforce_4001,精源石 5年 3次 +2,スピリットに装着する源石。<br>5年生用 3次武器(強化レベル+2)から生成されたものだ。<br>(パワーゲージ最大値+1),装備アイテム強化,10,0,5,0
174257,reinforce_4001,精源石 5年 3次 +3,スピリットに装着する源石。<br>5年生用 3次武器(強化レベル+3)から生成されたものだ。<br>(パワーゲージ最大値+1),装備アイテム強化,10,0,5,0
174258,reinforce_4001,精源石 5年 3次 +4,スピリットに装着する源石。<br>5年生用 3次武器(強化レベル+4)から生成されたものだ。<br>(パワーゲージ最大値+1),装備アイテム強化,10,0,5,0
174259,reinforce_4001,精源石 5年 3次 +5,スピリットに装着する源石。<br>5年生用 3次武器(強化レベル+5)から生成されたものだ。<br>(パワーゲージ最大値+1),装備アイテム強化,10,0,5,0
174260,reinforce_4001,精源石 5年 3次 +6,スピリットに装着する源石。<br>5年生用 3次武器(強化レベル+6)から生成されたものだ。<br>(パワーゲージ最大値+1),装備アイテム強化,10,0,5,0
174261,reinforce_4001,精源石 5年 3次 +7,スピリットに装着する源石。<br>5年生用 3次武器(強化レベル+7)から生成されたものだ。<br>(パワーゲージ最大値+1),装備アイテム強化,10,0,5,0
174262,reinforce_4001,精源石 5年 3次 +8,スピリットに装着する源石。<br>5年生用 3次武器(強化レベル+8)から生成されたものだ。<br>(パワーゲージ最大値+1),装備アイテム強化,10,0,5,0
174263,reinforce_4001,精源石 5年 3次 +9,スピリットに装着する源石。<br>5年生用 3次武器(強化レベル+9)から生成されたものだ。<br>(パワーゲージ最大値+1),装備アイテム強化,10,0,5,0
174264,reinforce_4001,精源石 5年 3次 +10,スピリットに装着する源石。<br>5年生用 3次武器(強化レベル+10)から生成されたものだ。<br>(パワーゲージ最大値+1),装備アイテム強化,10,0,5,0
174265,reinforce_4001,精源石 5年 1次 ,スピリットに装着する源石。<br>5年生用 1次武器(未強化)から生成されたものだ。<br>(パワーゲージ最大値+1),装備アイテム強化,10,0,5,0
174266,reinforce_4001,精源石 5年 1次 +1,スピリットに装着する源石。<br>5年生用 1次武器(強化レベル+1)から生成されたものだ。<br>(パワーゲージ最大値+1),装備アイテム強化,10,0,5,0
174267,reinforce_4001,精源石 5年 1次 +2,スピリットに装着する源石。<br>5年生用 1次武器(強化レベル+2)から生成されたものだ。<br>(パワーゲージ最大値+1),装備アイテム強化,10,0,5,0
174268,reinforce_4001,精源石 5年 1次 +3,スピリットに装着する源石。<br>5年生用 1次武器(強化レベル+3)から生成されたものだ。<br>(パワーゲージ最大値+1),装備アイテム強化,10,0,5,0
174269,reinforce_4001,精源石 5年 1次 +4,スピリットに装着する源石。<br>5年生用 1次武器(強化レベル+4)から生成されたものだ。<br>(パワーゲージ最大値+1),装備アイテム強化,10,0,5,0
174270,reinforce_4001,精源石 5年 1次 +5,スピリットに装着する源石。<br>5年生用 1次武器(強化レベル+5)から生成されたものだ。<br>(パワーゲージ最大値+1),装備アイテム強化,10,0,5,0
174271,reinforce_4001,精源石 5年 1次 +6,スピリットに装着する源石。<br>5年生用 1次武器(強化レベル+6)から生成されたものだ。<br>(パワーゲージ最大値+1),装備アイテム強化,10,0,5,0
174272,reinforce_4001,精源石 5年 1次 +7,スピリットに装着する源石。<br>5年生用 1次武器(強化レベル+7)から生成されたものだ。<br>(パワーゲージ最大値+1),装備アイテム強化,10,0,5,0
174273,reinforce_4001,精源石 5年 1次 +8,スピリットに装着する源石。<br>5年生用 1次武器(強化レベル+8)から生成されたものだ。<br>(パワーゲージ最大値+1),装備アイテム強化,10,0,5,0
174274,reinforce_4001,精源石 5年 1次 +9,スピリットに装着する源石。<br>5年生用 1次武器(強化レベル+9)から生成されたものだ。<br>(パワーゲージ最大値+1),装備アイテム強化,10,0,5,0
174275,reinforce_4001,精源石 5年 1次 +10,スピリットに装着する源石。<br>5年生用 1次武器(強化レベル+10)から生成されたものだ。<br>(パワーゲージ最大値+1),装備アイテム強化,10,0,5,0
174276,reinforce_4001,精源石 5年 2次 ,スピリットに装着する源石。<br>5年生用 2次武器(未強化)から生成されたものだ。<br>(パワーゲージ最大値+1),装備アイテム強化,10,0,5,0
174277,reinforce_4001,精源石 5年 2次 +1,スピリットに装着する源石。<br>5年生用 2次武器(強化レベル+1)から生成されたものだ。<br>(パワーゲージ最大値+1),装備アイテム強化,10,0,5,0
174278,reinforce_4001,精源石 5年 2次 +2,スピリットに装着する源石。<br>5年生用 2次武器(強化レベル+2)から生成されたものだ。<br>(パワーゲージ最大値+1),装備アイテム強化,10,0,5,0
174279,reinforce_4001,精源石 5年 2次 +3,スピリットに装着する源石。<br>5年生用 2次武器(強化レベル+3)から生成されたものだ。<br>(パワーゲージ最大値+1),装備アイテム強化,10,0,5,0
174280,reinforce_4001,精源石 5年 2次 +4,スピリットに装着する源石。<br>5年生用 2次武器(強化レベル+4)から生成されたものだ。<br>(パワーゲージ最大値+1),装備アイテム強化,10,0,5,0
174281,reinforce_4001,精源石 5年 2次 +5,スピリットに装着する源石。<br>5年生用 2次武器(強化レベル+5)から生成されたものだ。<br>(パワーゲージ最大値+1),装備アイテム強化,10,0,5,0
174282,reinforce_4001,精源石 5年 2次 +6,スピリットに装着する源石。<br>5年生用 2次武器(強化レベル+6)から生成されたものだ。<br>(パワーゲージ最大値+1),装備アイテム強化,10,0,5,0
174283,reinforce_4001,精源石 5年 2次 +7,スピリットに装着する源石。<br>5年生用 2次武器(強化レベル+7)から生成されたものだ。<br>(パワーゲージ最大値+1),装備アイテム強化,10,0,5,0
174284,reinforce_4001,精源石 5年 2次 +8,スピリットに装着する源石。<br>5年生用 2次武器(強化レベル+8)から生成されたものだ。<br>(パワーゲージ最大値+1),装備アイテム強化,10,0,5,0
174285,reinforce_4001,精源石 5年 2次 +9,スピリットに装着する源石。<br>5年生用 2次武器(強化レベル+9)から生成されたものだ。<br>(パワーゲージ最大値+1),装備アイテム強化,10,0,5,0
174286,reinforce_4001,精源石 5年 2次 +10,スピリットに装着する源石。<br>5年生用 2次武器(強化レベル+10)から生成されたものだ。<br>(パワーゲージ最大値+1),装備アイテム強化,10,0,5,0
174287,reinforce_4001,精源石 5年 3次 ,スピリットに装着する源石。<br>5年生用 3次武器(未強化)から生成されたものだ。<br>(パワーゲージ最大値+1),装備アイテム強化,11,0,5,0
174288,reinforce_4001,精源石 5年 3次 +1,スピリットに装着する源石。<br>5年生用 3次武器(強化レベル+1)から生成されたものだ。<br>(パワーゲージ最大値+1),装備アイテム強化,11,0,5,0
174289,reinforce_4001,精源石 5年 3次 +2,スピリットに装着する源石。<br>5年生用 3次武器(強化レベル+2)から生成されたものだ。<br>(パワーゲージ最大値+1),装備アイテム強化,11,0,5,0
174290,reinforce_4001,精源石 5年 3次 +3,スピリットに装着する源石。<br>5年生用 3次武器(強化レベル+3)から生成されたものだ。<br>(パワーゲージ最大値+1),装備アイテム強化,11,0,5,0
174291,reinforce_4001,精源石 5年 3次 +4,スピリットに装着する源石。<br>5年生用 3次武器(強化レベル+4)から生成されたものだ。<br>(パワーゲージ最大値+1),装備アイテム強化,11,0,5,0
174292,reinforce_4001,精源石 5年 3次 +5,スピリットに装着する源石。<br>5年生用 3次武器(強化レベル+5)から生成されたものだ。<br>(パワーゲージ最大値+1),装備アイテム強化,11,0,5,0
174293,reinforce_4001,精源石 5年 3次 +6,スピリットに装着する源石。<br>5年生用 3次武器(強化レベル+6)から生成されたものだ。<br>(パワーゲージ最大値+1),装備アイテム強化,11,0,5,0
174294,reinforce_4001,精源石 5年 3次 +7,スピリットに装着する源石。<br>5年生用 3次武器(強化レベル+7)から生成されたものだ。<br>(パワーゲージ最大値+1),装備アイテム強化,11,0,5,0
174295,reinforce_4001,精源石 5年 3次 +8,スピリットに装着する源石。<br>5年生用 3次武器(強化レベル+8)から生成されたものだ。<br>(パワーゲージ最大値+1),装備アイテム強化,11,0,5,0
174296,reinforce_4001,精源石 5年 3次 +9,スピリットに装着する源石。<br>5年生用 3次武器(強化レベル+9)から生成されたものだ。<br>(パワーゲージ最大値+1),装備アイテム強化,11,0,5,0
174297,reinforce_4001,精源石 5年 3次 +10,スピリットに装着する源石。<br>5年生用 3次武器(強化レベル+10)から生成されたものだ。<br>(パワーゲージ最大値+1),装備アイテム強化,11,0,5,0
174298,reinforce_4001,精源石 5年 1次 ,スピリットに装着する源石。<br>5年生用 1次武器(未強化)から生成されたものだ。<br>(パワーゲージ最大値+1),装備アイテム強化,11,0,5,0
174299,reinforce_4001,精源石 5年 1次 +1,スピリットに装着する源石。<br>5年生用 1次武器(強化レベル+1)から生成されたものだ。<br>(パワーゲージ最大値+1),装備アイテム強化,11,0,5,0
174300,reinforce_4001,精源石 5年 1次 +2,スピリットに装着する源石。<br>5年生用 1次武器(強化レベル+2)から生成されたものだ。<br>(パワーゲージ最大値+1),装備アイテム強化,11,0,5,0
174301,reinforce_4001,精源石 5年 1次 +3,スピリットに装着する源石。<br>5年生用 1次武器(強化レベル+3)から生成されたものだ。<br>(パワーゲージ最大値+1),装備アイテム強化,11,0,5,0
174302,reinforce_4001,精源石 5年 1次 +4,スピリットに装着する源石。<br>5年生用 1次武器(強化レベル+4)から生成されたものだ。<br>(パワーゲージ最大値+1),装備アイテム強化,11,0,5,0
174303,reinforce_4001,精源石 5年 1次 +5,スピリットに装着する源石。<br>5年生用 1次武器(強化レベル+5)から生成されたものだ。<br>(パワーゲージ最大値+1),装備アイテム強化,11,0,5,0
174304,reinforce_4001,精源石 5年 1次 +6,スピリットに装着する源石。<br>5年生用 1次武器(強化レベル+6)から生成されたものだ。<br>(パワーゲージ最大値+1),装備アイテム強化,11,0,5,0
174305,reinforce_4001,精源石 5年 1次 +7,スピリットに装着する源石。<br>5年生用 1次武器(強化レベル+7)から生成されたものだ。<br>(パワーゲージ最大値+1),装備アイテム強化,11,0,5,0
174306,reinforce_4001,精源石 5年 1次 +8,スピリットに装着する源石。<br>5年生用 1次武器(強化レベル+8)から生成されたものだ。<br>(パワーゲージ最大値+1),装備アイテム強化,11,0,5,0
174307,reinforce_4001,精源石 5年 1次 +9,スピリットに装着する源石。<br>5年生用 1次武器(強化レベル+9)から生成されたものだ。<br>(パワーゲージ最大値+1),装備アイテム強化,11,0,5,0
174308,reinforce_4001,精源石 5年 1次 +10,スピリットに装着する源石。<br>5年生用 1次武器(強化レベル+10)から生成されたものだ。<br>(パワーゲージ最大値+1),装備アイテム強化,11,0,5,0
174309,reinforce_4001,精源石 5年 2次 ,スピリットに装着する源石。<br>5年生用 2次武器(未強化)から生成されたものだ。<br>(パワーゲージ最大値+1),装備アイテム強化,11,0,5,0
174310,reinforce_4001,精源石 5年 2次 +1,スピリットに装着する源石。<br>5年生用 2次武器(強化レベル+1)から生成されたものだ。<br>(パワーゲージ最大値+1),装備アイテム強化,11,0,5,0
174311,reinforce_4001,精源石 5年 2次 +2,スピリットに装着する源石。<br>5年生用 2次武器(強化レベル+2)から生成されたものだ。<br>(パワーゲージ最大値+1),装備アイテム強化,11,0,5,0
174312,reinforce_4001,精源石 5年 2次 +3,スピリットに装着する源石。<br>5年生用 2次武器(強化レベル+3)から生成されたものだ。<br>(パワーゲージ最大値+1),装備アイテム強化,11,0,5,0
174313,reinforce_4001,精源石 5年 2次 +4,スピリットに装着する源石。<br>5年生用 2次武器(強化レベル+4)から生成されたものだ。<br>(パワーゲージ最大値+1),装備アイテム強化,11,0,5,0
174314,reinforce_4001,精源石 5年 2次 +5,スピリットに装着する源石。<br>5年生用 2次武器(強化レベル+5)から生成されたものだ。<br>(パワーゲージ最大値+1),装備アイテム強化,11,0,5,0
174315,reinforce_4001,精源石 5年 2次 +6,スピリットに装着する源石。<br>5年生用 2次武器(強化レベル+6)から生成されたものだ。<br>(パワーゲージ最大値+1),装備アイテム強化,11,0,5,0
174316,reinforce_4001,精源石 5年 2次 +7,スピリットに装着する源石。<br>5年生用 2次武器(強化レベル+7)から生成されたものだ。<br>(パワーゲージ最大値+1),装備アイテム強化,11,0,5,0
174317,reinforce_4001,精源石 5年 2次 +8,スピリットに装着する源石。<br>5年生用 2次武器(強化レベル+8)から生成されたものだ。<br>(パワーゲージ最大値+1),装備アイテム強化,11,0,5,0
174318,reinforce_4001,精源石 5年 2次 +9,スピリットに装着する源石。<br>5年生用 2次武器(強化レベル+9)から生成されたものだ。<br>(パワーゲージ最大値+1),装備アイテム強化,11,0,5,0
174319,reinforce_4001,精源石 5年 2次 +10,スピリットに装着する源石。<br>5年生用 2次武器(強化レベル+10)から生成されたものだ。<br>(パワーゲージ最大値+1),装備アイテム強化,11,0,5,0
174320,reinforce_4001,精源石 5年 3次 ,スピリットに装着する源石。<br>5年生用 3次武器(未強化)から生成されたものだ。<br>(パワーゲージ最大値+1),装備アイテム強化,11,0,5,0
174321,reinforce_4001,精源石 5年 3次 +1,スピリットに装着する源石。<br>5年生用 3次武器(強化レベル+1)から生成されたものだ。<br>(パワーゲージ最大値+1),装備アイテム強化,11,0,5,0
174322,reinforce_4001,精源石 5年 3次 +2,スピリットに装着する源石。<br>5年生用 3次武器(強化レベル+2)から生成されたものだ。<br>(パワーゲージ最大値+1),装備アイテム強化,11,0,5,0
174323,reinforce_4001,精源石 5年 3次 +3,スピリットに装着する源石。<br>5年生用 3次武器(強化レベル+3)から生成されたものだ。<br>(パワーゲージ最大値+1),装備アイテム強化,11,0,5,0
174324,reinforce_4001,精源石 5年 3次 +4,スピリットに装着する源石。<br>5年生用 3次武器(強化レベル+4)から生成されたものだ。<br>(パワーゲージ最大値+1),装備アイテム強化,11,0,5,0
174325,reinforce_4001,精源石 5年 3次 +5,スピリットに装着する源石。<br>5年生用 3次武器(強化レベル+5)から生成されたものだ。<br>(パワーゲージ最大値+1),装備アイテム強化,11,0,5,0
174326,reinforce_4001,精源石 5年 3次 +6,スピリットに装着する源石。<br>5年生用 3次武器(強化レベル+6)から生成されたものだ。<br>(パワーゲージ最大値+1),装備アイテム強化,11,0,5,0
174327,reinforce_4001,精源石 5年 3次 +7,スピリットに装着する源石。<br>5年生用 3次武器(強化レベル+7)から生成されたものだ。<br>(パワーゲージ最大値+1),装備アイテム強化,11,0,5,0
174328,reinforce_4001,精源石 5年 3次 +8,スピリットに装着する源石。<br>5年生用 3次武器(強化レベル+8)から生成されたものだ。<br>(パワーゲージ最大値+1),装備アイテム強化,11,0,5,0
174329,reinforce_4001,精源石 5年 3次 +9,スピリットに装着する源石。<br>5年生用 3次武器(強化レベル+9)から生成されたものだ。<br>(パワーゲージ最大値+1),装備アイテム強化,11,0,5,0
174330,reinforce_4001,精源石 5年 3次 +10,スピリットに装着する源石。<br>5年生用 3次武器(強化レベル+10)から生成されたものだ。<br>(パワーゲージ最大値+1),装備アイテム強化,11,0,5,0
174331,reinforce_4001,精源石 5年 1次 ,スピリットに装着する源石。<br>5年生用 1次武器(未強化)から生成されたものだ。<br>(パワーゲージ最大値+1),装備アイテム強化,11,0,5,0
174332,reinforce_4001,精源石 5年 1次 +1,スピリットに装着する源石。<br>5年生用 1次武器(強化レベル+1)から生成されたものだ。<br>(パワーゲージ最大値+1),装備アイテム強化,11,0,5,0
174333,reinforce_4001,精源石 5年 1次 +2,スピリットに装着する源石。<br>5年生用 1次武器(強化レベル+2)から生成されたものだ。<br>(パワーゲージ最大値+1),装備アイテム強化,11,0,5,0
174334,reinforce_4001,精源石 5年 1次 +3,スピリットに装着する源石。<br>5年生用 1次武器(強化レベル+3)から生成されたものだ。<br>(パワーゲージ最大値+1),装備アイテム強化,11,0,5,0
174335,reinforce_4001,精源石 5年 1次 +4,スピリットに装着する源石。<br>5年生用 1次武器(強化レベル+4)から生成されたものだ。<br>(パワーゲージ最大値+1),装備アイテム強化,11,0,5,0
174336,reinforce_4001,精源石 5年 1次 +5,スピリットに装着する源石。<br>5年生用 1次武器(強化レベル+5)から生成されたものだ。<br>(パワーゲージ最大値+1),装備アイテム強化,11,0,5,0
174337,reinforce_4001,精源石 5年 1次 +6,スピリットに装着する源石。<br>5年生用 1次武器(強化レベル+6)から生成されたものだ。<br>(パワーゲージ最大値+1),装備アイテム強化,11,0,5,0
174338,reinforce_4001,精源石 5年 1次 +7,スピリットに装着する源石。<br>5年生用 1次武器(強化レベル+7)から生成されたものだ。<br>(パワーゲージ最大値+1),装備アイテム強化,11,0,5,0
174339,reinforce_4001,精源石 5年 1次 +8,スピリットに装着する源石。<br>5年生用 1次武器(強化レベル+8)から生成されたものだ。<br>(パワーゲージ最大値+1),装備アイテム強化,11,0,5,0
174340,reinforce_4001,精源石 5年 1次 +9,スピリットに装着する源石。<br>5年生用 1次武器(強化レベル+9)から生成されたものだ。<br>(パワーゲージ最大値+1),装備アイテム強化,11,0,5,0
174341,reinforce_4001,精源石 5年 1次 +10,スピリットに装着する源石。<br>5年生用 1次武器(強化レベル+10)から生成されたものだ。<br>(パワーゲージ最大値+1),装備アイテム強化,11,0,5,0
174342,reinforce_4001,精源石 5年 2次 ,スピリットに装着する源石。<br>5年生用 2次武器(未強化)から生成されたものだ。<br>(パワーゲージ最大値+1),装備アイテム強化,11,0,5,0
174343,reinforce_4001,精源石 5年 2次 +1,スピリットに装着する源石。<br>5年生用 2次武器(強化レベル+1)から生成されたものだ。<br>(パワーゲージ最大値+1),装備アイテム強化,11,0,5,0
174344,reinforce_4001,精源石 5年 2次 +2,スピリットに装着する源石。<br>5年生用 2次武器(強化レベル+2)から生成されたものだ。<br>(パワーゲージ最大値+1),装備アイテム強化,11,0,5,0
174345,reinforce_4001,精源石 5年 2次 +3,スピリットに装着する源石。<br>5年生用 2次武器(強化レベル+3)から生成されたものだ。<br>(パワーゲージ最大値+1),装備アイテム強化,11,0,5,0
174346,reinforce_4001,精源石 5年 2次 +4,スピリットに装着する源石。<br>5年生用 2次武器(強化レベル+4)から生成されたものだ。<br>(パワーゲージ最大値+1),装備アイテム強化,11,0,5,0
174347,reinforce_4001,精源石 5年 2次 +5,スピリットに装着する源石。<br>5年生用 2次武器(強化レベル+5)から生成されたものだ。<br>(パワーゲージ最大値+1),装備アイテム強化,11,0,5,0
174348,reinforce_4001,精源石 5年 2次 +6,スピリットに装着する源石。<br>5年生用 2次武器(強化レベル+6)から生成されたものだ。<br>(パワーゲージ最大値+1),装備アイテム強化,11,0,5,0
174349,reinforce_4001,精源石 5年 2次 +7,スピリットに装着する源石。<br>5年生用 2次武器(強化レベル+7)から生成されたものだ。<br>(パワーゲージ最大値+1),装備アイテム強化,11,0,5,0
174350,reinforce_4001,精源石 5年 2次 +8,スピリットに装着する源石。<br>5年生用 2次武器(強化レベル+8)から生成されたものだ。<br>(パワーゲージ最大値+1),装備アイテム強化,11,0,5,0
174351,reinforce_4001,精源石 5年 2次 +9,スピリットに装着する源石。<br>5年生用 2次武器(強化レベル+9)から生成されたものだ。<br>(パワーゲージ最大値+1),装備アイテム強化,11,0,5,0
174352,reinforce_4001,精源石 5年 2次 +10,スピリットに装着する源石。<br>5年生用 2次武器(強化レベル+10)から生成されたものだ。<br>(パワーゲージ最大値+1),装備アイテム強化,11,0,5,0
174353,reinforce_4001,精源石 5年 3次 ,スピリットに装着する源石。<br>5年生用 3次武器(未強化)から生成されたものだ。<br>(パワーゲージ最大値+1),装備アイテム強化,11,0,5,0
174354,reinforce_4001,精源石 5年 3次 +1,スピリットに装着する源石。<br>5年生用 3次武器(強化レベル+1)から生成されたものだ。<br>(パワーゲージ最大値+1),装備アイテム強化,11,0,5,0
174355,reinforce_4001,精源石 5年 3次 +2,スピリットに装着する源石。<br>5年生用 3次武器(強化レベル+2)から生成されたものだ。<br>(パワーゲージ最大値+1),装備アイテム強化,11,0,5,0
174356,reinforce_4001,精源石 5年 3次 +3,スピリットに装着する源石。<br>5年生用 3次武器(強化レベル+3)から生成されたものだ。<br>(パワーゲージ最大値+1),装備アイテム強化,11,0,5,0
174357,reinforce_4001,精源石 5年 3次 +4,スピリットに装着する源石。<br>5年生用 3次武器(強化レベル+4)から生成されたものだ。<br>(パワーゲージ最大値+1),装備アイテム強化,11,0,5,0
174358,reinforce_4001,精源石 5年 3次 +5,スピリットに装着する源石。<br>5年生用 3次武器(強化レベル+5)から生成されたものだ。<br>(パワーゲージ最大値+1),装備アイテム強化,11,0,5,0
174359,reinforce_4001,精源石 5年 3次 +6,スピリットに装着する源石。<br>5年生用 3次武器(強化レベル+6)から生成されたものだ。<br>(パワーゲージ最大値+1),装備アイテム強化,11,0,5,0
174360,reinforce_4001,精源石 5年 3次 +7,スピリットに装着する源石。<br>5年生用 3次武器(強化レベル+7)から生成されたものだ。<br>(パワーゲージ最大値+1),装備アイテム強化,11,0,5,0
174361,reinforce_4001,精源石 5年 3次 +8,スピリットに装着する源石。<br>5年生用 3次武器(強化レベル+8)から生成されたものだ。<br>(パワーゲージ最大値+1),装備アイテム強化,11,0,5,0
174362,reinforce_4001,精源石 5年 3次 +9,スピリットに装着する源石。<br>5年生用 3次武器(強化レベル+9)から生成されたものだ。<br>(パワーゲージ最大値+1),装備アイテム強化,11,0,5,0
174363,reinforce_4001,精源石 5年 3次 +10,スピリットに装着する源石。<br>5年生用 3次武器(強化レベル+10)から生成されたものだ。<br>(パワーゲージ最大値+1),装備アイテム強化,11,0,5,0
174364,reinforce_4001,精源石 5年 1次 ,スピリットに装着する源石。<br>5年生用 1次武器(未強化)から生成されたものだ。<br>(パワーゲージ最大値+1),装備アイテム強化,11,0,5,0
174365,reinforce_4001,精源石 5年 1次 +1,スピリットに装着する源石。<br>5年生用 1次武器(強化レベル+1)から生成されたものだ。<br>(パワーゲージ最大値+1),装備アイテム強化,11,0,5,0
174366,reinforce_4001,精源石 5年 1次 +2,スピリットに装着する源石。<br>5年生用 1次武器(強化レベル+2)から生成されたものだ。<br>(パワーゲージ最大値+1),装備アイテム強化,11,0,5,0
174367,reinforce_4001,精源石 5年 1次 +3,スピリットに装着する源石。<br>5年生用 1次武器(強化レベル+3)から生成されたものだ。<br>(パワーゲージ最大値+1),装備アイテム強化,11,0,5,0
174368,reinforce_4001,精源石 5年 1次 +4,スピリットに装着する源石。<br>5年生用 1次武器(強化レベル+4)から生成されたものだ。<br>(パワーゲージ最大値+1),装備アイテム強化,11,0,5,0
174369,reinforce_4001,精源石 5年 1次 +5,スピリットに装着する源石。<br>5年生用 1次武器(強化レベル+5)から生成されたものだ。<br>(パワーゲージ最大値+1),装備アイテム強化,11,0,5,0
174370,reinforce_4001,精源石 5年 1次 +6,スピリットに装着する源石。<br>5年生用 1次武器(強化レベル+6)から生成されたものだ。<br>(パワーゲージ最大値+1),装備アイテム強化,11,0,5,0
174371,reinforce_4001,精源石 6年 1次 +7,スピリットに装着する源石。<br>6年生用 1次武器(強化レベル+7)から生成されたものだ。<br>(パワーゲージ最大値+1),装備アイテム強化,11,0,5,0
174372,reinforce_4001,精源石 6年 1次 +8,スピリットに装着する源石。<br>6年生用 1次武器(強化レベル+8)から生成されたものだ。<br>(パワーゲージ最大値+1),装備アイテム強化,11,0,5,0
174373,reinforce_4001,精源石 6年 1次 +9,スピリットに装着する源石。<br>6年生用 1次武器(強化レベル+9)から生成されたものだ。<br>(パワーゲージ最大値+1),装備アイテム強化,11,0,5,0
174374,reinforce_4001,精源石 6年 1次 +10,スピリットに装着する源石。<br>6年生用 1次武器(強化レベル+10)から生成されたものだ。<br>(パワーゲージ最大値+1),装備アイテム強化,11,0,5,0
174375,reinforce_4001,精源石 6年 2次 ,スピリットに装着する源石。<br>6年生用 2次武器(未強化)から生成されたものだ。<br>(パワーゲージ最大値+1),装備アイテム強化,11,0,5,0
174376,reinforce_4001,精源石 6年 2次 +1,スピリットに装着する源石。<br>6年生用 2次武器(強化レベル+1)から生成されたものだ。<br>(パワーゲージ最大値+1),装備アイテム強化,11,0,5,0
174377,reinforce_4001,精源石 6年 2次 +2,スピリットに装着する源石。<br>6年生用 2次武器(強化レベル+2)から生成されたものだ。<br>(パワーゲージ最大値+1),装備アイテム強化,11,0,5,0
174378,reinforce_4001,精源石 6年 2次 +3,スピリットに装着する源石。<br>6年生用 2次武器(強化レベル+3)から生成されたものだ。<br>(パワーゲージ最大値+1),装備アイテム強化,11,0,5,0
174379,reinforce_4001,精源石 6年 2次 +4,スピリットに装着する源石。<br>6年生用 2次武器(強化レベル+4)から生成されたものだ。<br>(パワーゲージ最大値+1),装備アイテム強化,11,0,5,0
174380,reinforce_4001,精源石 6年 2次 +5,スピリットに装着する源石。<br>6年生用 2次武器(強化レベル+5)から生成されたものだ。<br>(パワーゲージ最大値+1),装備アイテム強化,11,0,5,0
174381,reinforce_4001,精源石 6年 2次 +6,スピリットに装着する源石。<br>6年生用 2次武器(強化レベル+6)から生成されたものだ。<br>(パワーゲージ最大値+1),装備アイテム強化,11,0,5,0
174382,reinforce_4001,精源石 6年 2次 +7,スピリットに装着する源石。<br>6年生用 2次武器(強化レベル+7)から生成されたものだ。<br>(パワーゲージ最大値+1),装備アイテム強化,11,0,5,0
174383,reinforce_4001,精源石 6年 2次 +8,スピリットに装着する源石。<br>6年生用 2次武器(強化レベル+8)から生成されたものだ。<br>(パワーゲージ最大値+1),装備アイテム強化,11,0,5,0
174384,reinforce_4001,精源石 6年 2次 +9,スピリットに装着する源石。<br>6年生用 2次武器(強化レベル+9)から生成されたものだ。<br>(パワーゲージ最大値+1),装備アイテム強化,11,0,5,0
174385,reinforce_4001,精源石 6年 2次 +10,スピリットに装着する源石。<br>6年生用 2次武器(強化レベル+10)から生成されたものだ。<br>(パワーゲージ最大値+1),装備アイテム強化,11,0,5,0
174386,reinforce_4001,精源石 6年 3次 ,スピリットに装着する源石。<br>6年生用 3次武器(未強化)から生成されたものだ。<br>(パワーゲージ最大値+1),装備アイテム強化,11,0,5,0
174387,reinforce_4001,精源石 6年 3次 +1,スピリットに装着する源石。<br>6年生用 3次武器(強化レベル+1)から生成されたものだ。<br>(パワーゲージ最大値+1),装備アイテム強化,11,0,5,0
174388,reinforce_4001,精源石 6年 3次 +2,スピリットに装着する源石。<br>6年生用 3次武器(強化レベル+2)から生成されたものだ。<br>(パワーゲージ最大値+1),装備アイテム強化,11,0,5,0
174389,reinforce_4001,精源石 6年 3次 +3,スピリットに装着する源石。<br>6年生用 3次武器(強化レベル+3)から生成されたものだ。<br>(パワーゲージ最大値+1),装備アイテム強化,11,0,5,0
174390,reinforce_4001,精源石 6年 3次 +4,スピリットに装着する源石。<br>6年生用 3次武器(強化レベル+4)から生成されたものだ。<br>(パワーゲージ最大値+1),装備アイテム強化,11,0,5,0
174391,reinforce_4001,精源石 6年 3次 +5,スピリットに装着する源石。<br>6年生用 3次武器(強化レベル+5)から生成されたものだ。<br>(パワーゲージ最大値+1),装備アイテム強化,11,0,5,0
174392,reinforce_4001,精源石 6年 3次 +6,スピリットに装着する源石。<br>6年生用 3次武器(強化レベル+6)から生成されたものだ。<br>(パワーゲージ最大値+1),装備アイテム強化,11,0,5,0
174393,reinforce_4001,精源石 6年 3次 +7,スピリットに装着する源石。<br>6年生用 3次武器(強化レベル+7)から生成されたものだ。<br>(パワーゲージ最大値+1),装備アイテム強化,11,0,5,0
174394,reinforce_4001,精源石 6年 3次 +8,スピリットに装着する源石。<br>6年生用 3次武器(強化レベル+8)から生成されたものだ。<br>(パワーゲージ最大値+1),装備アイテム強化,11,0,5,0
174395,reinforce_4001,精源石 6年 3次 +9,スピリットに装着する源石。<br>6年生用 3次武器(強化レベル+9)から生成されたものだ。<br>(パワーゲージ最大値+1),装備アイテム強化,11,0,5,0
174396,reinforce_4001,精源石 6年 3次 +10,スピリットに装着する源石。<br>6年生用 3次武器(強化レベル+10)から生成されたものだ。<br>(パワーゲージ最大値+1),装備アイテム強化,11,0,5,0
174397,reinforce_4001,精源石 6年 1次 ,スピリットに装着する源石。<br>6年生用 1次武器(未強化)から生成されたものだ。<br>(パワーゲージ最大値+1),装備アイテム強化,11,0,5,0
174398,reinforce_4001,精源石 6年 1次 +1,スピリットに装着する源石。<br>6年生用 1次武器(強化レベル+1)から生成されたものだ。<br>(パワーゲージ最大値+1),装備アイテム強化,11,0,5,0
174399,reinforce_4001,精源石 6年 1次 +2,スピリットに装着する源石。<br>6年生用 1次武器(強化レベル+2)から生成されたものだ。<br>(パワーゲージ最大値+1),装備アイテム強化,11,0,5,0
174400,reinforce_4001,精源石 6年 1次 +3,スピリットに装着する源石。<br>6年生用 1次武器(強化レベル+3)から生成されたものだ。<br>(パワーゲージ最大値+1),装備アイテム強化,11,0,5,0
174401,reinforce_4001,精源石 6年 1次 +4,スピリットに装着する源石。<br>6年生用 1次武器(強化レベル+4)から生成されたものだ。<br>(パワーゲージ最大値+1),装備アイテム強化,11,0,5,0
174402,reinforce_4001,精源石 6年 1次 +5,スピリットに装着する源石。<br>6年生用 1次武器(強化レベル+5)から生成されたものだ。<br>(パワーゲージ最大値+1),装備アイテム強化,11,0,5,0
174403,reinforce_4001,精源石 6年 1次 +6,スピリットに装着する源石。<br>6年生用 1次武器(強化レベル+6)から生成されたものだ。<br>(パワーゲージ最大値+1),装備アイテム強化,11,0,5,0
174404,reinforce_4001,精源石 6年 1次 +7,スピリットに装着する源石。<br>6年生用 1次武器(強化レベル+7)から生成されたものだ。<br>(パワーゲージ最大値+1),装備アイテム強化,11,0,5,0
174405,reinforce_4001,精源石 6年 1次 +8,スピリットに装着する源石。<br>6年生用 1次武器(強化レベル+8)から生成されたものだ。<br>(パワーゲージ最大値+1),装備アイテム強化,11,0,5,0
174406,reinforce_4001,精源石 6年 1次 +9,スピリットに装着する源石。<br>6年生用 1次武器(強化レベル+9)から生成されたものだ。<br>(パワーゲージ最大値+1),装備アイテム強化,11,0,5,0
174407,reinforce_4001,精源石 6年 1次 +10,スピリットに装着する源石。<br>6年生用 1次武器(強化レベル+10)から生成されたものだ。<br>(パワーゲージ最大値+1),装備アイテム強化,11,0,5,0
174408,reinforce_4001,精源石 6年 2次 ,スピリットに装着する源石。<br>6年生用 2次武器(未強化)から生成されたものだ。<br>(パワーゲージ最大値+1),装備アイテム強化,11,0,5,0
174409,reinforce_4001,精源石 6年 2次 +1,スピリットに装着する源石。<br>6年生用 2次武器(強化レベル+1)から生成されたものだ。<br>(パワーゲージ最大値+1),装備アイテム強化,11,0,5,0
174410,reinforce_4001,精源石 6年 2次 +2,スピリットに装着する源石。<br>6年生用 2次武器(強化レベル+2)から生成されたものだ。<br>(パワーゲージ最大値+1),装備アイテム強化,11,0,5,0
174411,reinforce_4001,精源石 6年 2次 +3,スピリットに装着する源石。<br>6年生用 2次武器(強化レベル+3)から生成されたものだ。<br>(パワーゲージ最大値+1),装備アイテム強化,11,0,5,0
174412,reinforce_4001,精源石 6年 2次 +4,スピリットに装着する源石。<br>6年生用 2次武器(強化レベル+4)から生成されたものだ。<br>(パワーゲージ最大値+1),装備アイテム強化,11,0,5,0
174413,reinforce_4001,精源石 6年 2次 +5,スピリットに装着する源石。<br>6年生用 2次武器(強化レベル+5)から生成されたものだ。<br>(パワーゲージ最大値+1),装備アイテム強化,11,0,5,0
174414,reinforce_4001,精源石 6年 2次 +6,スピリットに装着する源石。<br>6年生用 2次武器(強化レベル+6)から生成されたものだ。<br>(パワーゲージ最大値+1),装備アイテム強化,11,0,5,0
174415,reinforce_4001,精源石 6年 2次 +7,スピリットに装着する源石。<br>6年生用 2次武器(強化レベル+7)から生成されたものだ。<br>(パワーゲージ最大値+1),装備アイテム強化,11,0,5,0
174416,reinforce_4001,精源石 6年 2次 +8,スピリットに装着する源石。<br>6年生用 2次武器(強化レベル+8)から生成されたものだ。<br>(パワーゲージ最大値+1),装備アイテム強化,11,0,5,0
174417,reinforce_4001,精源石 6年 2次 +9,スピリットに装着する源石。<br>6年生用 2次武器(強化レベル+9)から生成されたものだ。<br>(パワーゲージ最大値+1),装備アイテム強化,11,0,5,0
174418,reinforce_4001,精源石 6年 2次 +10,スピリットに装着する源石。<br>6年生用 2次武器(強化レベル+10)から生成されたものだ。<br>(パワーゲージ最大値+1),装備アイテム強化,11,0,5,0
174419,reinforce_4001,精源石 6年 3次 ,スピリットに装着する源石。<br>6年生用 3次武器(未強化)から生成されたものだ。<br>(パワーゲージ最大値+1),装備アイテム強化,11,0,5,0
174420,reinforce_4001,精源石 6年 3次 +1,スピリットに装着する源石。<br>6年生用 3次武器(強化レベル+1)から生成されたものだ。<br>(パワーゲージ最大値+1),装備アイテム強化,11,0,5,0
174421,reinforce_4001,精源石 6年 3次 +2,スピリットに装着する源石。<br>6年生用 3次武器(強化レベル+2)から生成されたものだ。<br>(パワーゲージ最大値+1),装備アイテム強化,11,0,5,0
174422,reinforce_4001,精源石 6年 3次 +3,スピリットに装着する源石。<br>6年生用 3次武器(強化レベル+3)から生成されたものだ。<br>(パワーゲージ最大値+1),装備アイテム強化,11,0,5,0
174423,reinforce_4001,精源石 6年 3次 +4,スピリットに装着する源石。<br>6年生用 3次武器(強化レベル+4)から生成されたものだ。<br>(パワーゲージ最大値+1),装備アイテム強化,11,0,5,0
174424,reinforce_4001,精源石 6年 3次 +5,スピリットに装着する源石。<br>6年生用 3次武器(強化レベル+5)から生成されたものだ。<br>(パワーゲージ最大値+1),装備アイテム強化,11,0,5,0
174425,reinforce_4001,精源石 6年 3次 +6,スピリットに装着する源石。<br>6年生用 3次武器(強化レベル+6)から生成されたものだ。<br>(パワーゲージ最大値+1),装備アイテム強化,11,0,5,0
174426,reinforce_4001,精源石 6年 3次 +7,スピリットに装着する源石。<br>6年生用 3次武器(強化レベル+7)から生成されたものだ。<br>(パワーゲージ最大値+1),装備アイテム強化,11,0,5,0
175100,reinforce_5001,胸衣源石 1年 1次 ,上半身用の制服に装着する源石。<br>1年生用 1次制服(未強化)から生成されたものだ,装備アイテム強化,7,0,5,0
175101,reinforce_5001,胸衣源石 1年 1次 +1,上半身用の制服に装着する源石。<br>1年生用 1次制服(強化レベル+1)から生成されたものだ,装備アイテム強化,7,0,5,0
175102,reinforce_5001,胸衣源石 1年 1次 +2,上半身用の制服に装着する源石。<br>1年生用 1次制服(強化レベル+2)から生成されたものだ,装備アイテム強化,7,0,5,0
175103,reinforce_5001,胸衣源石 1年 1次 +3,上半身用の制服に装着する源石。<br>1年生用 1次制服(強化レベル+3)から生成されたものだ,装備アイテム強化,7,0,5,0
175104,reinforce_5001,胸衣源石 1年 1次 +4,上半身用の制服に装着する源石。<br>1年生用 1次制服(強化レベル+4)から生成されたものだ,装備アイテム強化,7,0,5,0
175105,reinforce_5001,胸衣源石 1年 1次 +5,上半身用の制服に装着する源石。<br>1年生用 1次制服(強化レベル+5)から生成されたものだ,装備アイテム強化,7,0,5,0
175106,reinforce_5001,胸衣源石 1年 1次 +6,上半身用の制服に装着する源石。<br>1年生用 1次制服(強化レベル+6)から生成されたものだ,装備アイテム強化,7,0,5,0
175107,reinforce_5001,胸衣源石 1年 1次 +7,上半身用の制服に装着する源石。<br>1年生用 1次制服(強化レベル+7)から生成されたものだ,装備アイテム強化,7,0,5,0
175108,reinforce_5001,胸衣源石 1年 1次 +8,上半身用の制服に装着する源石。<br>1年生用 1次制服(強化レベル+8)から生成されたものだ,装備アイテム強化,7,0,5,0
175109,reinforce_5001,胸衣源石 1年 1次 +9,上半身用の制服に装着する源石。<br>1年生用 1次制服(強化レベル+9)から生成されたものだ,装備アイテム強化,7,0,5,0
175110,reinforce_5001,胸衣源石 1年 1次 +10,上半身用の制服に装着する源石。<br>1年生用 1次制服(強化レベル+10)から生成されたものだ,装備アイテム強化,7,0,5,0
175111,reinforce_5001,胸衣源石 1年 2次 ,上半身用の制服に装着する源石。<br>1年生用 2次制服(未強化)から生成されたものだ,装備アイテム強化,7,0,5,0
175112,reinforce_5001,胸衣源石 1年 2次 +1,上半身用の制服に装着する源石。<br>1年生用 2次制服(強化レベル+1)から生成されたものだ,装備アイテム強化,7,0,5,0
175113,reinforce_5001,胸衣源石 1年 2次 +2,上半身用の制服に装着する源石。<br>1年生用 2次制服(強化レベル+2)から生成されたものだ,装備アイテム強化,7,0,5,0
175114,reinforce_5001,胸衣源石 1年 2次 +3,上半身用の制服に装着する源石。<br>1年生用 2次制服(強化レベル+3)から生成されたものだ,装備アイテム強化,7,0,5,0
175115,reinforce_5001,胸衣源石 1年 2次 +4,上半身用の制服に装着する源石。<br>1年生用 2次制服(強化レベル+4)から生成されたものだ,装備アイテム強化,7,0,5,0
175116,reinforce_5001,胸衣源石 1年 2次 +5,上半身用の制服に装着する源石。<br>1年生用 2次制服(強化レベル+5)から生成されたものだ,装備アイテム強化,7,0,5,0
175117,reinforce_5001,胸衣源石 1年 2次 +6,上半身用の制服に装着する源石。<br>1年生用 2次制服(強化レベル+6)から生成されたものだ,装備アイテム強化,7,0,5,0
175118,reinforce_5001,胸衣源石 1年 2次 +7,上半身用の制服に装着する源石。<br>1年生用 2次制服(強化レベル+7)から生成されたものだ,装備アイテム強化,7,0,5,0
175119,reinforce_5001,胸衣源石 1年 2次 +8,上半身用の制服に装着する源石。<br>1年生用 2次制服(強化レベル+8)から生成されたものだ,装備アイテム強化,7,0,5,0
175120,reinforce_5001,胸衣源石 1年 2次 +9,上半身用の制服に装着する源石。<br>1年生用 2次制服(強化レベル+9)から生成されたものだ,装備アイテム強化,7,0,5,0
175121,reinforce_5001,胸衣源石 1年 2次 +10,上半身用の制服に装着する源石。<br>1年生用 2次制服(強化レベル+10)から生成されたものだ,装備アイテム強化,7,0,5,0
175122,reinforce_5001,胸衣源石 1年 3次 ,上半身用の制服に装着する源石。<br>1年生用 3次制服(未強化)から生成されたものだ,装備アイテム強化,7,0,5,0
175123,reinforce_5001,胸衣源石 1年 3次 +1,上半身用の制服に装着する源石。<br>1年生用 3次制服(強化レベル+1)から生成されたものだ,装備アイテム強化,7,0,5,0
175124,reinforce_5001,胸衣源石 1年 3次 +2,上半身用の制服に装着する源石。<br>1年生用 3次制服(強化レベル+2)から生成されたものだ,装備アイテム強化,7,0,5,0
175125,reinforce_5001,胸衣源石 1年 3次 +3,上半身用の制服に装着する源石。<br>1年生用 3次制服(強化レベル+3)から生成されたものだ,装備アイテム強化,7,0,5,0
175126,reinforce_5001,胸衣源石 1年 3次 +4,上半身用の制服に装着する源石。<br>1年生用 3次制服(強化レベル+4)から生成されたものだ,装備アイテム強化,7,0,5,0
175127,reinforce_5001,胸衣源石 1年 3次 +5,上半身用の制服に装着する源石。<br>1年生用 3次制服(強化レベル+5)から生成されたものだ,装備アイテム強化,7,0,5,0
175128,reinforce_5001,胸衣源石 1年 3次 +6,上半身用の制服に装着する源石。<br>1年生用 3次制服(強化レベル+6)から生成されたものだ,装備アイテム強化,7,0,5,0
175129,reinforce_5001,胸衣源石 1年 3次 +7,上半身用の制服に装着する源石。<br>1年生用 3次制服(強化レベル+7)から生成されたものだ,装備アイテム強化,7,0,5,0
175130,reinforce_5001,胸衣源石 1年 3次 +8,上半身用の制服に装着する源石。<br>1年生用 3次制服(強化レベル+8)から生成されたものだ,装備アイテム強化,7,0,5,0
175131,reinforce_5001,胸衣源石 1年 3次 +9,上半身用の制服に装着する源石。<br>1年生用 3次制服(強化レベル+9)から生成されたものだ,装備アイテム強化,7,0,5,0
175132,reinforce_5001,胸衣源石 1年 3次 +10,上半身用の制服に装着する源石。<br>1年生用 3次制服(強化レベル+10)から生成されたものだ,装備アイテム強化,7,0,5,0
175133,reinforce_5001,胸衣源石 2年 1次 ,上半身用の制服に装着する源石。<br>2年生用 1次制服(未強化)から生成されたものだ,装備アイテム強化,7,0,5,0
175134,reinforce_5001,胸衣源石 2年 1次 +1,上半身用の制服に装着する源石。<br>2年生用 1次制服(強化レベル+1)から生成されたものだ,装備アイテム強化,7,0,5,0
175135,reinforce_5001,胸衣源石 2年 1次 +2,上半身用の制服に装着する源石。<br>2年生用 1次制服(強化レベル+2)から生成されたものだ,装備アイテム強化,7,0,5,0
175136,reinforce_5001,胸衣源石 2年 1次 +3,上半身用の制服に装着する源石。<br>2年生用 1次制服(強化レベル+3)から生成されたものだ,装備アイテム強化,7,0,5,0
175137,reinforce_5001,胸衣源石 2年 1次 +4,上半身用の制服に装着する源石。<br>2年生用 1次制服(強化レベル+4)から生成されたものだ,装備アイテム強化,7,0,5,0
175138,reinforce_5001,胸衣源石 2年 1次 +5,上半身用の制服に装着する源石。<br>2年生用 1次制服(強化レベル+5)から生成されたものだ,装備アイテム強化,7,0,5,0
175139,reinforce_5001,胸衣源石 2年 1次 +6,上半身用の制服に装着する源石。<br>2年生用 1次制服(強化レベル+6)から生成されたものだ,装備アイテム強化,7,0,5,0
175140,reinforce_5001,胸衣源石 2年 1次 +7,上半身用の制服に装着する源石。<br>2年生用 1次制服(強化レベル+7)から生成されたものだ,装備アイテム強化,7,0,5,0
175141,reinforce_5001,胸衣源石 2年 1次 +8,上半身用の制服に装着する源石。<br>2年生用 1次制服(強化レベル+8)から生成されたものだ,装備アイテム強化,7,0,5,0
175142,reinforce_5001,胸衣源石 2年 1次 +9,上半身用の制服に装着する源石。<br>2年生用 1次制服(強化レベル+9)から生成されたものだ,装備アイテム強化,7,0,5,0
175143,reinforce_5001,胸衣源石 2年 1次 +10,上半身用の制服に装着する源石。<br>2年生用 1次制服(強化レベル+10)から生成されたものだ,装備アイテム強化,7,0,5,0
175144,reinforce_5001,胸衣源石 2年 2次 ,上半身用の制服に装着する源石。<br>2年生用 2次制服(未強化)から生成されたものだ,装備アイテム強化,8,0,5,0
175145,reinforce_5001,胸衣源石 2年 2次 +1,上半身用の制服に装着する源石。<br>2年生用 2次制服(強化レベル+1)から生成されたものだ,装備アイテム強化,8,0,5,0
175146,reinforce_5001,胸衣源石 2年 2次 +2,上半身用の制服に装着する源石。<br>2年生用 2次制服(強化レベル+2)から生成されたものだ,装備アイテム強化,8,0,5,0
175147,reinforce_5001,胸衣源石 2年 2次 +3,上半身用の制服に装着する源石。<br>2年生用 2次制服(強化レベル+3)から生成されたものだ,装備アイテム強化,8,0,5,0
175148,reinforce_5001,胸衣源石 2年 2次 +4,上半身用の制服に装着する源石。<br>2年生用 2次制服(強化レベル+4)から生成されたものだ,装備アイテム強化,8,0,5,0
175149,reinforce_5001,胸衣源石 2年 2次 +5,上半身用の制服に装着する源石。<br>2年生用 2次制服(強化レベル+5)から生成されたものだ,装備アイテム強化,8,0,5,0
175150,reinforce_5001,胸衣源石 2年 2次 +6,上半身用の制服に装着する源石。<br>2年生用 2次制服(強化レベル+6)から生成されたものだ,装備アイテム強化,8,0,5,0
175151,reinforce_5001,胸衣源石 2年 2次 +7,上半身用の制服に装着する源石。<br>2年生用 2次制服(強化レベル+7)から生成されたものだ,装備アイテム強化,8,0,5,0
175152,reinforce_5001,胸衣源石 2年 2次 +8,上半身用の制服に装着する源石。<br>2年生用 2次制服(強化レベル+8)から生成されたものだ,装備アイテム強化,8,0,5,0
175153,reinforce_5001,胸衣源石 2年 2次 +9,上半身用の制服に装着する源石。<br>2年生用 2次制服(強化レベル+9)から生成されたものだ,装備アイテム強化,8,0,5,0
175154,reinforce_5001,胸衣源石 2年 2次 +10,上半身用の制服に装着する源石。<br>2年生用 2次制服(強化レベル+10)から生成されたものだ,装備アイテム強化,8,0,5,0
175155,reinforce_5001,胸衣源石 2年 3次 ,上半身用の制服に装着する源石。<br>2年生用 3次制服(未強化)から生成されたものだ,装備アイテム強化,8,0,5,0
175156,reinforce_5001,胸衣源石 2年 3次 +1,上半身用の制服に装着する源石。<br>2年生用 3次制服(強化レベル+1)から生成されたものだ,装備アイテム強化,8,0,5,0
175157,reinforce_5001,胸衣源石 2年 3次 +2,上半身用の制服に装着する源石。<br>2年生用 3次制服(強化レベル+2)から生成されたものだ,装備アイテム強化,8,0,5,0
175158,reinforce_5001,胸衣源石 2年 3次 +3,上半身用の制服に装着する源石。<br>2年生用 3次制服(強化レベル+3)から生成されたものだ,装備アイテム強化,8,0,5,0
175159,reinforce_5001,胸衣源石 2年 3次 +4,上半身用の制服に装着する源石。<br>2年生用 3次制服(強化レベル+4)から生成されたものだ,装備アイテム強化,8,0,5,0
175160,reinforce_5001,胸衣源石 2年 3次 +5,上半身用の制服に装着する源石。<br>2年生用 3次制服(強化レベル+5)から生成されたものだ,装備アイテム強化,8,0,5,0
175161,reinforce_5001,胸衣源石 2年 3次 +6,上半身用の制服に装着する源石。<br>2年生用 3次制服(強化レベル+6)から生成されたものだ,装備アイテム強化,8,0,5,0
175162,reinforce_5001,胸衣源石 2年 3次 +7,上半身用の制服に装着する源石。<br>2年生用 3次制服(強化レベル+7)から生成されたものだ,装備アイテム強化,8,0,5,0
175163,reinforce_5001,胸衣源石 2年 3次 +8,上半身用の制服に装着する源石。<br>2年生用 3次制服(強化レベル+8)から生成されたものだ,装備アイテム強化,8,0,5,0
175164,reinforce_5001,胸衣源石 2年 3次 +9,上半身用の制服に装着する源石。<br>2年生用 3次制服(強化レベル+9)から生成されたものだ,装備アイテム強化,8,0,5,0
175165,reinforce_5001,胸衣源石 2年 3次 +10,上半身用の制服に装着する源石。<br>2年生用 3次制服(強化レベル+10)から生成されたものだ,装備アイテム強化,8,0,5,0
175166,reinforce_5001,胸衣源石 3年 1次 ,上半身用の制服に装着する源石。<br>3年生用 1次制服(未強化)から生成されたものだ,装備アイテム強化,8,0,5,0
175167,reinforce_5001,胸衣源石 3年 1次 +1,上半身用の制服に装着する源石。<br>3年生用 1次制服(強化レベル+1)から生成されたものだ,装備アイテム強化,8,0,5,0
175168,reinforce_5001,胸衣源石 3年 1次 +2,上半身用の制服に装着する源石。<br>3年生用 1次制服(強化レベル+2)から生成されたものだ,装備アイテム強化,8,0,5,0
175169,reinforce_5001,胸衣源石 3年 1次 +3,上半身用の制服に装着する源石。<br>3年生用 1次制服(強化レベル+3)から生成されたものだ,装備アイテム強化,8,0,5,0
175170,reinforce_5001,胸衣源石 3年 1次 +4,上半身用の制服に装着する源石。<br>3年生用 1次制服(強化レベル+4)から生成されたものだ,装備アイテム強化,8,0,5,0
175171,reinforce_5001,胸衣源石 3年 1次 +5,上半身用の制服に装着する源石。<br>3年生用 1次制服(強化レベル+5)から生成されたものだ,装備アイテム強化,8,0,5,0
175172,reinforce_5001,胸衣源石 3年 1次 +6,上半身用の制服に装着する源石。<br>3年生用 1次制服(強化レベル+6)から生成されたものだ,装備アイテム強化,8,0,5,0
175173,reinforce_5001,胸衣源石 3年 1次 +7,上半身用の制服に装着する源石。<br>3年生用 1次制服(強化レベル+7)から生成されたものだ,装備アイテム強化,8,0,5,0
175174,reinforce_5001,胸衣源石 3年 1次 +8,上半身用の制服に装着する源石。<br>3年生用 1次制服(強化レベル+8)から生成されたものだ,装備アイテム強化,8,0,5,0
175175,reinforce_5001,胸衣源石 3年 1次 +9,上半身用の制服に装着する源石。<br>3年生用 1次制服(強化レベル+9)から生成されたものだ,装備アイテム強化,8,0,5,0
175176,reinforce_5001,胸衣源石 3年 1次 +10,上半身用の制服に装着する源石。<br>3年生用 1次制服(強化レベル+10)から生成されたものだ,装備アイテム強化,8,0,5,0
175177,reinforce_5001,胸衣源石 3年 2次 ,上半身用の制服に装着する源石。<br>3年生用 2次制服(未強化)から生成されたものだ,装備アイテム強化,8,0,5,0
175178,reinforce_5001,胸衣源石 3年 2次 +1,上半身用の制服に装着する源石。<br>3年生用 2次制服(強化レベル+1)から生成されたものだ,装備アイテム強化,8,0,5,0
175179,reinforce_5001,胸衣源石 3年 2次 +2,上半身用の制服に装着する源石。<br>3年生用 2次制服(強化レベル+2)から生成されたものだ,装備アイテム強化,8,0,5,0
175180,reinforce_5001,胸衣源石 3年 2次 +3,上半身用の制服に装着する源石。<br>3年生用 2次制服(強化レベル+3)から生成されたものだ,装備アイテム強化,8,0,5,0
175181,reinforce_5001,胸衣源石 3年 2次 +4,上半身用の制服に装着する源石。<br>3年生用 2次制服(強化レベル+4)から生成されたものだ,装備アイテム強化,8,0,5,0
175182,reinforce_5001,胸衣源石 3年 2次 +5,上半身用の制服に装着する源石。<br>3年生用 2次制服(強化レベル+5)から生成されたものだ,装備アイテム強化,8,0,5,0
175183,reinforce_5001,胸衣源石 3年 2次 +6,上半身用の制服に装着する源石。<br>3年生用 2次制服(強化レベル+6)から生成されたものだ,装備アイテム強化,8,0,5,0
175184,reinforce_5001,胸衣源石 3年 2次 +7,上半身用の制服に装着する源石。<br>3年生用 2次制服(強化レベル+7)から生成されたものだ,装備アイテム強化,8,0,5,0
175185,reinforce_5001,胸衣源石 3年 2次 +8,上半身用の制服に装着する源石。<br>3年生用 2次制服(強化レベル+8)から生成されたものだ,装備アイテム強化,8,0,5,0
175186,reinforce_5001,胸衣源石 3年 2次 +9,上半身用の制服に装着する源石。<br>3年生用 2次制服(強化レベル+9)から生成されたものだ,装備アイテム強化,8,0,5,0
175187,reinforce_5001,胸衣源石 3年 2次 +10,上半身用の制服に装着する源石。<br>3年生用 2次制服(強化レベル+10)から生成されたものだ,装備アイテム強化,8,0,5,0
175188,reinforce_5001,胸衣源石 3年 3次 ,上半身用の制服に装着する源石。<br>3年生用 3次制服(未強化)から生成されたものだ,装備アイテム強化,9,0,5,0
175189,reinforce_5001,胸衣源石 3年 3次 +1,上半身用の制服に装着する源石。<br>3年生用 3次制服(強化レベル+1)から生成されたものだ,装備アイテム強化,9,0,5,0
175190,reinforce_5001,胸衣源石 3年 3次 +2,上半身用の制服に装着する源石。<br>3年生用 3次制服(強化レベル+2)から生成されたものだ,装備アイテム強化,9,0,5,0
175191,reinforce_5001,胸衣源石 3年 3次 +3,上半身用の制服に装着する源石。<br>3年生用 3次制服(強化レベル+3)から生成されたものだ,装備アイテム強化,9,0,5,0
175192,reinforce_5001,胸衣源石 3年 3次 +4,上半身用の制服に装着する源石。<br>3年生用 3次制服(強化レベル+4)から生成されたものだ,装備アイテム強化,9,0,5,0
175193,reinforce_5001,胸衣源石 3年 3次 +5,上半身用の制服に装着する源石。<br>3年生用 3次制服(強化レベル+5)から生成されたものだ,装備アイテム強化,9,0,5,0
175194,reinforce_5001,胸衣源石 3年 3次 +6,上半身用の制服に装着する源石。<br>3年生用 3次制服(強化レベル+6)から生成されたものだ,装備アイテム強化,9,0,5,0
175195,reinforce_5001,胸衣源石 3年 3次 +7,上半身用の制服に装着する源石。<br>3年生用 3次制服(強化レベル+7)から生成されたものだ,装備アイテム強化,9,0,5,0
175196,reinforce_5001,胸衣源石 3年 3次 +8,上半身用の制服に装着する源石。<br>3年生用 3次制服(強化レベル+8)から生成されたものだ,装備アイテム強化,9,0,5,0
175197,reinforce_5001,胸衣源石 3年 3次 +9,上半身用の制服に装着する源石。<br>3年生用 3次制服(強化レベル+9)から生成されたものだ,装備アイテム強化,9,0,5,0
175198,reinforce_5001,胸衣源石 3年 3次 +10,上半身用の制服に装着する源石。<br>3年生用 3次制服(強化レベル+10)から生成されたものだ,装備アイテム強化,9,0,5,0
175199,reinforce_5001,胸衣源石 4年 1次 ,上半身用の制服に装着する源石。<br>4年生用 1次制服(未強化)から生成されたものだ,装備アイテム強化,9,0,5,0
175200,reinforce_5001,胸衣源石 4年 1次 +1,上半身用の制服に装着する源石。<br>4年生用 1次制服(強化レベル+1)から生成されたものだ,装備アイテム強化,9,0,5,0
175201,reinforce_5001,胸衣源石 4年 1次 +2,上半身用の制服に装着する源石。<br>4年生用 1次制服(強化レベル+2)から生成されたものだ,装備アイテム強化,9,0,5,0
175202,reinforce_5001,胸衣源石 4年 1次 +3,上半身用の制服に装着する源石。<br>4年生用 1次制服(強化レベル+3)から生成されたものだ,装備アイテム強化,9,0,5,0
175203,reinforce_5001,胸衣源石 4年 1次 +4,上半身用の制服に装着する源石。<br>4年生用 1次制服(強化レベル+4)から生成されたものだ,装備アイテム強化,9,0,5,0
175204,reinforce_5001,胸衣源石 4年 1次 +5,上半身用の制服に装着する源石。<br>4年生用 1次制服(強化レベル+5)から生成されたものだ,装備アイテム強化,9,0,5,0
175205,reinforce_5001,胸衣源石 4年 1次 +6,上半身用の制服に装着する源石。<br>4年生用 1次制服(強化レベル+6)から生成されたものだ,装備アイテム強化,9,0,5,0
175206,reinforce_5001,胸衣源石 4年 1次 +7,上半身用の制服に装着する源石。<br>4年生用 1次制服(強化レベル+7)から生成されたものだ,装備アイテム強化,9,0,5,0
175207,reinforce_5001,胸衣源石 4年 1次 +8,上半身用の制服に装着する源石。<br>4年生用 1次制服(強化レベル+8)から生成されたものだ,装備アイテム強化,9,0,5,0
175208,reinforce_5001,胸衣源石 4年 1次 +9,上半身用の制服に装着する源石。<br>4年生用 1次制服(強化レベル+9)から生成されたものだ,装備アイテム強化,9,0,5,0
175209,reinforce_5001,胸衣源石 4年 1次 +10,上半身用の制服に装着する源石。<br>4年生用 1次制服(強化レベル+10)から生成されたものだ,装備アイテム強化,9,0,5,0
175210,reinforce_5001,胸衣源石 4年 2次 ,上半身用の制服に装着する源石。<br>4年生用 2次制服(未強化)から生成されたものだ,装備アイテム強化,9,0,5,0
175211,reinforce_5001,胸衣源石 4年 2次 +1,上半身用の制服に装着する源石。<br>4年生用 2次制服(強化レベル+1)から生成されたものだ,装備アイテム強化,9,0,5,0
175212,reinforce_5001,胸衣源石 4年 2次 +2,上半身用の制服に装着する源石。<br>4年生用 2次制服(強化レベル+2)から生成されたものだ,装備アイテム強化,9,0,5,0
175213,reinforce_5001,胸衣源石 4年 2次 +3,上半身用の制服に装着する源石。<br>4年生用 2次制服(強化レベル+3)から生成されたものだ,装備アイテム強化,9,0,5,0
175214,reinforce_5001,胸衣源石 4年 2次 +4,上半身用の制服に装着する源石。<br>4年生用 2次制服(強化レベル+4)から生成されたものだ,装備アイテム強化,9,0,5,0
175215,reinforce_5001,胸衣源石 4年 2次 +5,上半身用の制服に装着する源石。<br>4年生用 2次制服(強化レベル+5)から生成されたものだ,装備アイテム強化,9,0,5,0
175216,reinforce_5001,胸衣源石 4年 2次 +6,上半身用の制服に装着する源石。<br>4年生用 2次制服(強化レベル+6)から生成されたものだ,装備アイテム強化,9,0,5,0
175217,reinforce_5001,胸衣源石 4年 2次 +7,上半身用の制服に装着する源石。<br>4年生用 2次制服(強化レベル+7)から生成されたものだ,装備アイテム強化,9,0,5,0
175218,reinforce_5001,胸衣源石 4年 2次 +8,上半身用の制服に装着する源石。<br>4年生用 2次制服(強化レベル+8)から生成されたものだ,装備アイテム強化,9,0,5,0
175219,reinforce_5001,胸衣源石 4年 2次 +9,上半身用の制服に装着する源石。<br>4年生用 2次制服(強化レベル+9)から生成されたものだ,装備アイテム強化,9,0,5,0
175220,reinforce_5001,胸衣源石 4年 2次 +10,上半身用の制服に装着する源石。<br>4年生用 2次制服(強化レベル+10)から生成されたものだ,装備アイテム強化,9,0,5,0
175221,reinforce_5001,胸衣源石 4年 3次 ,上半身用の制服に装着する源石。<br>4年生用 3次制服(未強化)から生成されたものだ,装備アイテム強化,9,0,5,0
175222,reinforce_5001,胸衣源石 4年 3次 +1,上半身用の制服に装着する源石。<br>4年生用 3次制服(強化レベル+1)から生成されたものだ,装備アイテム強化,9,0,5,0
175223,reinforce_5001,胸衣源石 4年 3次 +2,上半身用の制服に装着する源石。<br>4年生用 3次制服(強化レベル+2)から生成されたものだ,装備アイテム強化,9,0,5,0
175224,reinforce_5001,胸衣源石 4年 3次 +3,上半身用の制服に装着する源石。<br>4年生用 3次制服(強化レベル+3)から生成されたものだ,装備アイテム強化,9,0,5,0
175225,reinforce_5001,胸衣源石 4年 3次 +4,上半身用の制服に装着する源石。<br>4年生用 3次制服(強化レベル+4)から生成されたものだ,装備アイテム強化,9,0,5,0
175226,reinforce_5001,胸衣源石 4年 3次 +5,上半身用の制服に装着する源石。<br>4年生用 3次制服(強化レベル+5)から生成されたものだ,装備アイテム強化,9,0,5,0
175227,reinforce_5001,胸衣源石 4年 3次 +6,上半身用の制服に装着する源石。<br>4年生用 3次制服(強化レベル+6)から生成されたものだ,装備アイテム強化,9,0,5,0
175228,reinforce_5001,胸衣源石 4年 3次 +7,上半身用の制服に装着する源石。<br>4年生用 3次制服(強化レベル+7)から生成されたものだ,装備アイテム強化,9,0,5,0
175229,reinforce_5001,胸衣源石 4年 3次 +8,上半身用の制服に装着する源石。<br>4年生用 3次制服(強化レベル+8)から生成されたものだ,装備アイテム強化,9,0,5,0
175230,reinforce_5001,胸衣源石 4年 3次 +9,上半身用の制服に装着する源石。<br>4年生用 3次制服(強化レベル+9)から生成されたものだ,装備アイテム強化,9,0,5,0
175231,reinforce_5001,胸衣源石 4年 3次 +10,上半身用の制服に装着する源石。<br>4年生用 3次制服(強化レベル+10)から生成されたものだ,装備アイテム強化,9,0,5,0
175232,reinforce_5001,胸衣源石 5年 1次 ,上半身用の制服に装着する源石。<br>5年生用 1次制服(未強化)から生成されたものだ,装備アイテム強化,10,0,5,0
175233,reinforce_5001,胸衣源石 5年 1次 +1,上半身用の制服に装着する源石。<br>5年生用 1次制服(強化レベル+1)から生成されたものだ,装備アイテム強化,10,0,5,0
175234,reinforce_5001,胸衣源石 5年 1次 +2,上半身用の制服に装着する源石。<br>5年生用 1次制服(強化レベル+2)から生成されたものだ,装備アイテム強化,10,0,5,0
175235,reinforce_5001,胸衣源石 5年 1次 +3,上半身用の制服に装着する源石。<br>5年生用 1次制服(強化レベル+3)から生成されたものだ,装備アイテム強化,10,0,5,0
175236,reinforce_5001,胸衣源石 5年 1次 +4,上半身用の制服に装着する源石。<br>5年生用 1次制服(強化レベル+4)から生成されたものだ,装備アイテム強化,10,0,5,0
175237,reinforce_5001,胸衣源石 5年 1次 +5,上半身用の制服に装着する源石。<br>5年生用 1次制服(強化レベル+5)から生成されたものだ,装備アイテム強化,10,0,5,0
175238,reinforce_5001,胸衣源石 5年 1次 +6,上半身用の制服に装着する源石。<br>5年生用 1次制服(強化レベル+6)から生成されたものだ,装備アイテム強化,10,0,5,0
175239,reinforce_5001,胸衣源石 5年 1次 +7,上半身用の制服に装着する源石。<br>5年生用 1次制服(強化レベル+7)から生成されたものだ,装備アイテム強化,10,0,5,0
175240,reinforce_5001,胸衣源石 5年 1次 +8,上半身用の制服に装着する源石。<br>5年生用 1次制服(強化レベル+8)から生成されたものだ,装備アイテム強化,10,0,5,0
175241,reinforce_5001,胸衣源石 5年 1次 +9,上半身用の制服に装着する源石。<br>5年生用 1次制服(強化レベル+9)から生成されたものだ,装備アイテム強化,10,0,5,0
175242,reinforce_5001,胸衣源石 5年 1次 +10,上半身用の制服に装着する源石。<br>5年生用 1次制服(強化レベル+10)から生成されたものだ,装備アイテム強化,10,0,5,0
175243,reinforce_5001,胸衣源石 5年 2次 ,上半身用の制服に装着する源石。<br>5年生用 2次制服(未強化)から生成されたものだ,装備アイテム強化,10,0,5,0
175244,reinforce_5001,胸衣源石 5年 2次 +1,上半身用の制服に装着する源石。<br>5年生用 2次制服(強化レベル+1)から生成されたものだ,装備アイテム強化,10,0,5,0
175245,reinforce_5001,胸衣源石 5年 2次 +2,上半身用の制服に装着する源石。<br>5年生用 2次制服(強化レベル+2)から生成されたものだ,装備アイテム強化,10,0,5,0
175246,reinforce_5001,胸衣源石 5年 2次 +3,上半身用の制服に装着する源石。<br>5年生用 2次制服(強化レベル+3)から生成されたものだ,装備アイテム強化,10,0,5,0
175247,reinforce_5001,胸衣源石 5年 2次 +4,上半身用の制服に装着する源石。<br>5年生用 2次制服(強化レベル+4)から生成されたものだ,装備アイテム強化,10,0,5,0
175248,reinforce_5001,胸衣源石 5年 2次 +5,上半身用の制服に装着する源石。<br>5年生用 2次制服(強化レベル+5)から生成されたものだ,装備アイテム強化,10,0,5,0
175249,reinforce_5001,胸衣源石 5年 2次 +6,上半身用の制服に装着する源石。<br>5年生用 2次制服(強化レベル+6)から生成されたものだ,装備アイテム強化,10,0,5,0
175250,reinforce_5001,胸衣源石 5年 2次 +7,上半身用の制服に装着する源石。<br>5年生用 2次制服(強化レベル+7)から生成されたものだ,装備アイテム強化,10,0,5,0
175251,reinforce_5001,胸衣源石 5年 2次 +8,上半身用の制服に装着する源石。<br>5年生用 2次制服(強化レベル+8)から生成されたものだ,装備アイテム強化,10,0,5,0
175252,reinforce_5001,胸衣源石 5年 2次 +9,上半身用の制服に装着する源石。<br>5年生用 2次制服(強化レベル+9)から生成されたものだ,装備アイテム強化,10,0,5,0
175253,reinforce_5001,胸衣源石 5年 2次 +10,上半身用の制服に装着する源石。<br>5年生用 2次制服(強化レベル+10)から生成されたものだ,装備アイテム強化,10,0,5,0
175254,reinforce_5001,胸衣源石 5年 3次 ,上半身用の制服に装着する源石。<br>5年生用 3次制服(未強化)から生成されたものだ,装備アイテム強化,10,0,5,0
175255,reinforce_5001,胸衣源石 5年 3次 +1,上半身用の制服に装着する源石。<br>5年生用 3次制服(強化レベル+1)から生成されたものだ,装備アイテム強化,10,0,5,0
175256,reinforce_5001,胸衣源石 5年 3次 +2,上半身用の制服に装着する源石。<br>5年生用 3次制服(強化レベル+2)から生成されたものだ,装備アイテム強化,10,0,5,0
175257,reinforce_5001,胸衣源石 5年 3次 +3,上半身用の制服に装着する源石。<br>5年生用 3次制服(強化レベル+3)から生成されたものだ,装備アイテム強化,10,0,5,0
175258,reinforce_5001,胸衣源石 5年 3次 +4,上半身用の制服に装着する源石。<br>5年生用 3次制服(強化レベル+4)から生成されたものだ,装備アイテム強化,10,0,5,0
175259,reinforce_5001,胸衣源石 5年 3次 +5,上半身用の制服に装着する源石。<br>5年生用 3次制服(強化レベル+5)から生成されたものだ,装備アイテム強化,10,0,5,0
175260,reinforce_5001,胸衣源石 5年 3次 +6,上半身用の制服に装着する源石。<br>5年生用 3次制服(強化レベル+6)から生成されたものだ,装備アイテム強化,10,0,5,0
175261,reinforce_5001,胸衣源石 5年 3次 +7,上半身用の制服に装着する源石。<br>5年生用 3次制服(強化レベル+7)から生成されたものだ,装備アイテム強化,10,0,5,0
175262,reinforce_5001,胸衣源石 5年 3次 +8,上半身用の制服に装着する源石。<br>5年生用 3次制服(強化レベル+8)から生成されたものだ,装備アイテム強化,10,0,5,0
175263,reinforce_5001,胸衣源石 5年 3次 +9,上半身用の制服に装着する源石。<br>5年生用 3次制服(強化レベル+9)から生成されたものだ,装備アイテム強化,10,0,5,0
175264,reinforce_5001,胸衣源石 5年 3次 +10,上半身用の制服に装着する源石。<br>5年生用 3次制服(強化レベル+10)から生成されたものだ,装備アイテム強化,10,0,5,0
175265,reinforce_5001,胸衣源石 5年 1次 ,上半身用の制服に装着する源石。<br>5年生用 1次制服(未強化)から生成されたものだ,装備アイテム強化,10,0,5,0
175266,reinforce_5001,胸衣源石 5年 1次 +1,上半身用の制服に装着する源石。<br>5年生用 1次制服(強化レベル+1)から生成されたものだ,装備アイテム強化,10,0,5,0
175267,reinforce_5001,胸衣源石 5年 1次 +2,上半身用の制服に装着する源石。<br>5年生用 1次制服(強化レベル+2)から生成されたものだ,装備アイテム強化,10,0,5,0
175268,reinforce_5001,胸衣源石 5年 1次 +3,上半身用の制服に装着する源石。<br>5年生用 1次制服(強化レベル+3)から生成されたものだ,装備アイテム強化,10,0,5,0
175269,reinforce_5001,胸衣源石 5年 1次 +4,上半身用の制服に装着する源石。<br>5年生用 1次制服(強化レベル+4)から生成されたものだ,装備アイテム強化,10,0,5,0
175270,reinforce_5001,胸衣源石 5年 1次 +5,上半身用の制服に装着する源石。<br>5年生用 1次制服(強化レベル+5)から生成されたものだ,装備アイテム強化,10,0,5,0
175271,reinforce_5001,胸衣源石 5年 1次 +6,上半身用の制服に装着する源石。<br>5年生用 1次制服(強化レベル+6)から生成されたものだ,装備アイテム強化,10,0,5,0
175272,reinforce_5001,胸衣源石 5年 1次 +7,上半身用の制服に装着する源石。<br>5年生用 1次制服(強化レベル+7)から生成されたものだ,装備アイテム強化,10,0,5,0
175273,reinforce_5001,胸衣源石 5年 1次 +8,上半身用の制服に装着する源石。<br>5年生用 1次制服(強化レベル+8)から生成されたものだ,装備アイテム強化,10,0,5,0
175274,reinforce_5001,胸衣源石 5年 1次 +9,上半身用の制服に装着する源石。<br>5年生用 1次制服(強化レベル+9)から生成されたものだ,装備アイテム強化,10,0,5,0
175275,reinforce_5001,胸衣源石 5年 1次 +10,上半身用の制服に装着する源石。<br>5年生用 1次制服(強化レベル+10)から生成されたものだ,装備アイテム強化,10,0,5,0
175276,reinforce_5001,胸衣源石 5年 2次 ,上半身用の制服に装着する源石。<br>5年生用 2次制服(未強化)から生成されたものだ,装備アイテム強化,10,0,5,0
175277,reinforce_5001,胸衣源石 5年 2次 +1,上半身用の制服に装着する源石。<br>5年生用 2次制服(強化レベル+1)から生成されたものだ,装備アイテム強化,10,0,5,0
175278,reinforce_5001,胸衣源石 5年 2次 +2,上半身用の制服に装着する源石。<br>5年生用 2次制服(強化レベル+2)から生成されたものだ,装備アイテム強化,10,0,5,0
175279,reinforce_5001,胸衣源石 5年 2次 +3,上半身用の制服に装着する源石。<br>5年生用 2次制服(強化レベル+3)から生成されたものだ,装備アイテム強化,10,0,5,0
175280,reinforce_5001,胸衣源石 5年 2次 +4,上半身用の制服に装着する源石。<br>5年生用 2次制服(強化レベル+4)から生成されたものだ,装備アイテム強化,10,0,5,0
175281,reinforce_5001,胸衣源石 5年 2次 +5,上半身用の制服に装着する源石。<br>5年生用 2次制服(強化レベル+5)から生成されたものだ,装備アイテム強化,10,0,5,0
175282,reinforce_5001,胸衣源石 5年 2次 +6,上半身用の制服に装着する源石。<br>5年生用 2次制服(強化レベル+6)から生成されたものだ,装備アイテム強化,10,0,5,0
175283,reinforce_5001,胸衣源石 5年 2次 +7,上半身用の制服に装着する源石。<br>5年生用 2次制服(強化レベル+7)から生成されたものだ,装備アイテム強化,10,0,5,0
175284,reinforce_5001,胸衣源石 5年 2次 +8,上半身用の制服に装着する源石。<br>5年生用 2次制服(強化レベル+8)から生成されたものだ,装備アイテム強化,10,0,5,0
175285,reinforce_5001,胸衣源石 5年 2次 +9,上半身用の制服に装着する源石。<br>5年生用 2次制服(強化レベル+9)から生成されたものだ,装備アイテム強化,10,0,5,0
175286,reinforce_5001,胸衣源石 5年 2次 +10,上半身用の制服に装着する源石。<br>5年生用 2次制服(強化レベル+10)から生成されたものだ,装備アイテム強化,10,0,5,0
175287,reinforce_5001,胸衣源石 5年 3次 ,上半身用の制服に装着する源石。<br>5年生用 3次制服(未強化)から生成されたものだ,装備アイテム強化,11,0,5,0
175288,reinforce_5001,胸衣源石 5年 3次 +1,上半身用の制服に装着する源石。<br>5年生用 3次制服(強化レベル+1)から生成されたものだ,装備アイテム強化,11,0,5,0
175289,reinforce_5001,胸衣源石 5年 3次 +2,上半身用の制服に装着する源石。<br>5年生用 3次制服(強化レベル+2)から生成されたものだ,装備アイテム強化,11,0,5,0
175290,reinforce_5001,胸衣源石 5年 3次 +3,上半身用の制服に装着する源石。<br>5年生用 3次制服(強化レベル+3)から生成されたものだ,装備アイテム強化,11,0,5,0
175291,reinforce_5001,胸衣源石 5年 3次 +4,上半身用の制服に装着する源石。<br>5年生用 3次制服(強化レベル+4)から生成されたものだ,装備アイテム強化,11,0,5,0
175292,reinforce_5001,胸衣源石 5年 3次 +5,上半身用の制服に装着する源石。<br>5年生用 3次制服(強化レベル+5)から生成されたものだ,装備アイテム強化,11,0,5,0
175293,reinforce_5001,胸衣源石 5年 3次 +6,上半身用の制服に装着する源石。<br>5年生用 3次制服(強化レベル+6)から生成されたものだ,装備アイテム強化,11,0,5,0
175294,reinforce_5001,胸衣源石 5年 3次 +7,上半身用の制服に装着する源石。<br>5年生用 3次制服(強化レベル+7)から生成されたものだ,装備アイテム強化,11,0,5,0
175295,reinforce_5001,胸衣源石 5年 3次 +8,上半身用の制服に装着する源石。<br>5年生用 3次制服(強化レベル+8)から生成されたものだ,装備アイテム強化,11,0,5,0
175296,reinforce_5001,胸衣源石 5年 3次 +9,上半身用の制服に装着する源石。<br>5年生用 3次制服(強化レベル+9)から生成されたものだ,装備アイテム強化,11,0,5,0
175297,reinforce_5001,胸衣源石 5年 3次 +10,上半身用の制服に装着する源石。<br>5年生用 3次制服(強化レベル+10)から生成されたものだ,装備アイテム強化,11,0,5,0
175298,reinforce_5001,胸衣源石 5年 1次 ,上半身用の制服に装着する源石。<br>5年生用 1次制服(未強化)から生成されたものだ,装備アイテム強化,11,0,5,0
175299,reinforce_5001,胸衣源石 5年 1次 +1,上半身用の制服に装着する源石。<br>5年生用 1次制服(強化レベル+1)から生成されたものだ,装備アイテム強化,11,0,5,0
175300,reinforce_5001,胸衣源石 5年 1次 +2,上半身用の制服に装着する源石。<br>5年生用 1次制服(強化レベル+2)から生成されたものだ,装備アイテム強化,11,0,5,0
175301,reinforce_5001,胸衣源石 5年 1次 +3,上半身用の制服に装着する源石。<br>5年生用 1次制服(強化レベル+3)から生成されたものだ,装備アイテム強化,11,0,5,0
175302,reinforce_5001,胸衣源石 5年 1次 +4,上半身用の制服に装着する源石。<br>5年生用 1次制服(強化レベル+4)から生成されたものだ,装備アイテム強化,11,0,5,0
175303,reinforce_5001,胸衣源石 5年 1次 +5,上半身用の制服に装着する源石。<br>5年生用 1次制服(強化レベル+5)から生成されたものだ,装備アイテム強化,11,0,5,0
175304,reinforce_5001,胸衣源石 5年 1次 +6,上半身用の制服に装着する源石。<br>5年生用 1次制服(強化レベル+6)から生成されたものだ,装備アイテム強化,11,0,5,0
175305,reinforce_5001,胸衣源石 5年 1次 +7,上半身用の制服に装着する源石。<br>5年生用 1次制服(強化レベル+7)から生成されたものだ,装備アイテム強化,11,0,5,0
175306,reinforce_5001,胸衣源石 5年 1次 +8,上半身用の制服に装着する源石。<br>5年生用 1次制服(強化レベル+8)から生成されたものだ,装備アイテム強化,11,0,5,0
175307,reinforce_5001,胸衣源石 5年 1次 +9,上半身用の制服に装着する源石。<br>5年生用 1次制服(強化レベル+9)から生成されたものだ,装備アイテム強化,11,0,5,0
175308,reinforce_5001,胸衣源石 5年 1次 +10,上半身用の制服に装着する源石。<br>5年生用 1次制服(強化レベル+10)から生成されたものだ,装備アイテム強化,11,0,5,0
175309,reinforce_5001,胸衣源石 5年 2次 ,上半身用の制服に装着する源石。<br>5年生用 2次制服(未強化)から生成されたものだ,装備アイテム強化,11,0,5,0
175310,reinforce_5001,胸衣源石 5年 2次 +1,上半身用の制服に装着する源石。<br>5年生用 2次制服(強化レベル+1)から生成されたものだ,装備アイテム強化,11,0,5,0
175311,reinforce_5001,胸衣源石 5年 2次 +2,上半身用の制服に装着する源石。<br>5年生用 2次制服(強化レベル+2)から生成されたものだ,装備アイテム強化,11,0,5,0
175312,reinforce_5001,胸衣源石 5年 2次 +3,上半身用の制服に装着する源石。<br>5年生用 2次制服(強化レベル+3)から生成されたものだ,装備アイテム強化,11,0,5,0
175313,reinforce_5001,胸衣源石 5年 2次 +4,上半身用の制服に装着する源石。<br>5年生用 2次制服(強化レベル+4)から生成されたものだ,装備アイテム強化,11,0,5,0
175314,reinforce_5001,胸衣源石 5年 2次 +5,上半身用の制服に装着する源石。<br>5年生用 2次制服(強化レベル+5)から生成されたものだ,装備アイテム強化,11,0,5,0
175315,reinforce_5001,胸衣源石 5年 2次 +6,上半身用の制服に装着する源石。<br>5年生用 2次制服(強化レベル+6)から生成されたものだ,装備アイテム強化,11,0,5,0
175316,reinforce_5001,胸衣源石 5年 2次 +7,上半身用の制服に装着する源石。<br>5年生用 2次制服(強化レベル+7)から生成されたものだ,装備アイテム強化,11,0,5,0
175317,reinforce_5001,胸衣源石 5年 2次 +8,上半身用の制服に装着する源石。<br>5年生用 2次制服(強化レベル+8)から生成されたものだ,装備アイテム強化,11,0,5,0
175318,reinforce_5001,胸衣源石 5年 2次 +9,上半身用の制服に装着する源石。<br>5年生用 2次制服(強化レベル+9)から生成されたものだ,装備アイテム強化,11,0,5,0
175319,reinforce_5001,胸衣源石 5年 2次 +10,上半身用の制服に装着する源石。<br>5年生用 2次制服(強化レベル+10)から生成されたものだ,装備アイテム強化,11,0,5,0
175320,reinforce_5001,胸衣源石 5年 3次 ,上半身用の制服に装着する源石。<br>5年生用 3次制服(未強化)から生成されたものだ,装備アイテム強化,11,0,5,0
175321,reinforce_5001,胸衣源石 5年 3次 +1,上半身用の制服に装着する源石。<br>5年生用 3次制服(強化レベル+1)から生成されたものだ,装備アイテム強化,11,0,5,0
175322,reinforce_5001,胸衣源石 5年 3次 +2,上半身用の制服に装着する源石。<br>5年生用 3次制服(強化レベル+2)から生成されたものだ,装備アイテム強化,11,0,5,0
175323,reinforce_5001,胸衣源石 5年 3次 +3,上半身用の制服に装着する源石。<br>5年生用 3次制服(強化レベル+3)から生成されたものだ,装備アイテム強化,11,0,5,0
175324,reinforce_5001,胸衣源石 5年 3次 +4,上半身用の制服に装着する源石。<br>5年生用 3次制服(強化レベル+4)から生成されたものだ,装備アイテム強化,11,0,5,0
175325,reinforce_5001,胸衣源石 5年 3次 +5,上半身用の制服に装着する源石。<br>5年生用 3次制服(強化レベル+5)から生成されたものだ,装備アイテム強化,11,0,5,0
175326,reinforce_5001,胸衣源石 5年 3次 +6,上半身用の制服に装着する源石。<br>5年生用 3次制服(強化レベル+6)から生成されたものだ,装備アイテム強化,11,0,5,0
175327,reinforce_5001,胸衣源石 5年 3次 +7,上半身用の制服に装着する源石。<br>5年生用 3次制服(強化レベル+7)から生成されたものだ,装備アイテム強化,11,0,5,0
175328,reinforce_5001,胸衣源石 5年 3次 +8,上半身用の制服に装着する源石。<br>5年生用 3次制服(強化レベル+8)から生成されたものだ,装備アイテム強化,11,0,5,0
175329,reinforce_5001,胸衣源石 5年 3次 +9,上半身用の制服に装着する源石。<br>5年生用 3次制服(強化レベル+9)から生成されたものだ,装備アイテム強化,11,0,5,0
175330,reinforce_5001,胸衣源石 5年 3次 +10,上半身用の制服に装着する源石。<br>5年生用 3次制服(強化レベル+10)から生成されたものだ,装備アイテム強化,11,0,5,0
175331,reinforce_5001,胸衣源石 5年 1次 ,上半身用の制服に装着する源石。<br>5年生用 1次制服(未強化)から生成されたものだ,装備アイテム強化,11,0,5,0
175332,reinforce_5001,胸衣源石 5年 1次 +1,上半身用の制服に装着する源石。<br>5年生用 1次制服(強化レベル+1)から生成されたものだ,装備アイテム強化,11,0,5,0
175333,reinforce_5001,胸衣源石 5年 1次 +2,上半身用の制服に装着する源石。<br>5年生用 1次制服(強化レベル+2)から生成されたものだ,装備アイテム強化,11,0,5,0
175334,reinforce_5001,胸衣源石 5年 1次 +3,上半身用の制服に装着する源石。<br>5年生用 1次制服(強化レベル+3)から生成されたものだ,装備アイテム強化,11,0,5,0
175335,reinforce_5001,胸衣源石 5年 1次 +4,上半身用の制服に装着する源石。<br>5年生用 1次制服(強化レベル+4)から生成されたものだ,装備アイテム強化,11,0,5,0
175336,reinforce_5001,胸衣源石 5年 1次 +5,上半身用の制服に装着する源石。<br>5年生用 1次制服(強化レベル+5)から生成されたものだ,装備アイテム強化,11,0,5,0
175337,reinforce_5001,胸衣源石 5年 1次 +6,上半身用の制服に装着する源石。<br>5年生用 1次制服(強化レベル+6)から生成されたものだ,装備アイテム強化,11,0,5,0
175338,reinforce_5001,胸衣源石 5年 1次 +7,上半身用の制服に装着する源石。<br>5年生用 1次制服(強化レベル+7)から生成されたものだ,装備アイテム強化,11,0,5,0
175339,reinforce_5001,胸衣源石 5年 1次 +8,上半身用の制服に装着する源石。<br>5年生用 1次制服(強化レベル+8)から生成されたものだ,装備アイテム強化,11,0,5,0
175340,reinforce_5001,胸衣源石 5年 1次 +9,上半身用の制服に装着する源石。<br>5年生用 1次制服(強化レベル+9)から生成されたものだ,装備アイテム強化,11,0,5,0
175341,reinforce_5001,胸衣源石 5年 1次 +10,上半身用の制服に装着する源石。<br>5年生用 1次制服(強化レベル+10)から生成されたものだ,装備アイテム強化,11,0,5,0
175342,reinforce_5001,胸衣源石 5年 2次 ,上半身用の制服に装着する源石。<br>5年生用 2次制服(未強化)から生成されたものだ,装備アイテム強化,11,0,5,0
175343,reinforce_5001,胸衣源石 5年 2次 +1,上半身用の制服に装着する源石。<br>5年生用 2次制服(強化レベル+1)から生成されたものだ,装備アイテム強化,11,0,5,0
175344,reinforce_5001,胸衣源石 5年 2次 +2,上半身用の制服に装着する源石。<br>5年生用 2次制服(強化レベル+2)から生成されたものだ,装備アイテム強化,11,0,5,0
175345,reinforce_5001,胸衣源石 5年 2次 +3,上半身用の制服に装着する源石。<br>5年生用 2次制服(強化レベル+3)から生成されたものだ,装備アイテム強化,11,0,5,0
175346,reinforce_5001,胸衣源石 5年 2次 +4,上半身用の制服に装着する源石。<br>5年生用 2次制服(強化レベル+4)から生成されたものだ,装備アイテム強化,11,0,5,0
175347,reinforce_5001,胸衣源石 5年 2次 +5,上半身用の制服に装着する源石。<br>5年生用 2次制服(強化レベル+5)から生成されたものだ,装備アイテム強化,11,0,5,0
175348,reinforce_5001,胸衣源石 5年 2次 +6,上半身用の制服に装着する源石。<br>5年生用 2次制服(強化レベル+6)から生成されたものだ,装備アイテム強化,11,0,5,0
175349,reinforce_5001,胸衣源石 5年 2次 +7,上半身用の制服に装着する源石。<br>5年生用 2次制服(強化レベル+7)から生成されたものだ,装備アイテム強化,11,0,5,0
175350,reinforce_5001,胸衣源石 5年 2次 +8,上半身用の制服に装着する源石。<br>5年生用 2次制服(強化レベル+8)から生成されたものだ,装備アイテム強化,11,0,5,0
175351,reinforce_5001,胸衣源石 5年 2次 +9,上半身用の制服に装着する源石。<br>5年生用 2次制服(強化レベル+9)から生成されたものだ,装備アイテム強化,11,0,5,0
175352,reinforce_5001,胸衣源石 5年 2次 +10,上半身用の制服に装着する源石。<br>5年生用 2次制服(強化レベル+10)から生成されたものだ,装備アイテム強化,11,0,5,0
175353,reinforce_5001,胸衣源石 5年 3次 ,上半身用の制服に装着する源石。<br>5年生用 3次制服(未強化)から生成されたものだ,装備アイテム強化,11,0,5,0
175354,reinforce_5001,胸衣源石 5年 3次 +1,上半身用の制服に装着する源石。<br>5年生用 3次制服(強化レベル+1)から生成されたものだ,装備アイテム強化,11,0,5,0
175355,reinforce_5001,胸衣源石 5年 3次 +2,上半身用の制服に装着する源石。<br>5年生用 3次制服(強化レベル+2)から生成されたものだ,装備アイテム強化,11,0,5,0
175356,reinforce_5001,胸衣源石 5年 3次 +3,上半身用の制服に装着する源石。<br>5年生用 3次制服(強化レベル+3)から生成されたものだ,装備アイテム強化,11,0,5,0
175357,reinforce_5001,胸衣源石 5年 3次 +4,上半身用の制服に装着する源石。<br>5年生用 3次制服(強化レベル+4)から生成されたものだ,装備アイテム強化,11,0,5,0
175358,reinforce_5001,胸衣源石 5年 3次 +5,上半身用の制服に装着する源石。<br>5年生用 3次制服(強化レベル+5)から生成されたものだ,装備アイテム強化,11,0,5,0
175359,reinforce_5001,胸衣源石 5年 3次 +6,上半身用の制服に装着する源石。<br>5年生用 3次制服(強化レベル+6)から生成されたものだ,装備アイテム強化,11,0,5,0
175360,reinforce_5001,胸衣源石 5年 3次 +7,上半身用の制服に装着する源石。<br>5年生用 3次制服(強化レベル+7)から生成されたものだ,装備アイテム強化,11,0,5,0
175361,reinforce_5001,胸衣源石 5年 3次 +8,上半身用の制服に装着する源石。<br>5年生用 3次制服(強化レベル+8)から生成されたものだ,装備アイテム強化,11,0,5,0
175362,reinforce_5001,胸衣源石 5年 3次 +9,上半身用の制服に装着する源石。<br>5年生用 3次制服(強化レベル+9)から生成されたものだ,装備アイテム強化,11,0,5,0
175363,reinforce_5001,胸衣源石 5年 3次 +10,上半身用の制服に装着する源石。<br>5年生用 3次制服(強化レベル+10)から生成されたものだ,装備アイテム強化,11,0,5,0
175364,reinforce_5001,胸衣源石 5年 1次 ,上半身用の制服に装着する源石。<br>5年生用 1次制服(未強化)から生成されたものだ,装備アイテム強化,11,0,5,0
175365,reinforce_5001,胸衣源石 5年 1次 +1,上半身用の制服に装着する源石。<br>5年生用 1次制服(強化レベル+1)から生成されたものだ,装備アイテム強化,11,0,5,0
175366,reinforce_5001,胸衣源石 5年 1次 +2,上半身用の制服に装着する源石。<br>5年生用 1次制服(強化レベル+2)から生成されたものだ,装備アイテム強化,11,0,5,0
175367,reinforce_5001,胸衣源石 5年 1次 +3,上半身用の制服に装着する源石。<br>5年生用 1次制服(強化レベル+3)から生成されたものだ,装備アイテム強化,11,0,5,0
175368,reinforce_5001,胸衣源石 5年 1次 +4,上半身用の制服に装着する源石。<br>5年生用 1次制服(強化レベル+4)から生成されたものだ,装備アイテム強化,11,0,5,0
175369,reinforce_5001,胸衣源石 5年 1次 +5,上半身用の制服に装着する源石。<br>5年生用 1次制服(強化レベル+5)から生成されたものだ,装備アイテム強化,11,0,5,0
175370,reinforce_5001,胸衣源石 5年 1次 +6,上半身用の制服に装着する源石。<br>5年生用 1次制服(強化レベル+6)から生成されたものだ,装備アイテム強化,11,0,5,0
175371,reinforce_5001,胸衣源石 6年 1次 +7,上半身用の制服に装着する源石。<br>6年生用 1次制服(強化レベル+7)から生成されたものだ,装備アイテム強化,11,0,5,0
175372,reinforce_5001,胸衣源石 6年 1次 +8,上半身用の制服に装着する源石。<br>6年生用 1次制服(強化レベル+8)から生成されたものだ,装備アイテム強化,11,0,5,0
175373,reinforce_5001,胸衣源石 6年 1次 +9,上半身用の制服に装着する源石。<br>6年生用 1次制服(強化レベル+9)から生成されたものだ,装備アイテム強化,11,0,5,0
175374,reinforce_5001,胸衣源石 6年 1次 +10,上半身用の制服に装着する源石。<br>6年生用 1次制服(強化レベル+10)から生成されたものだ,装備アイテム強化,11,0,5,0
175375,reinforce_5001,胸衣源石 6年 2次 ,上半身用の制服に装着する源石。<br>6年生用 2次制服(未強化)から生成されたものだ,装備アイテム強化,11,0,5,0
175376,reinforce_5001,胸衣源石 6年 2次 +1,上半身用の制服に装着する源石。<br>6年生用 2次制服(強化レベル+1)から生成されたものだ,装備アイテム強化,11,0,5,0
175377,reinforce_5001,胸衣源石 6年 2次 +2,上半身用の制服に装着する源石。<br>6年生用 2次制服(強化レベル+2)から生成されたものだ,装備アイテム強化,11,0,5,0
175378,reinforce_5001,胸衣源石 6年 2次 +3,上半身用の制服に装着する源石。<br>6年生用 2次制服(強化レベル+3)から生成されたものだ,装備アイテム強化,11,0,5,0
175379,reinforce_5001,胸衣源石 6年 2次 +4,上半身用の制服に装着する源石。<br>6年生用 2次制服(強化レベル+4)から生成されたものだ,装備アイテム強化,11,0,5,0
175380,reinforce_5001,胸衣源石 6年 2次 +5,上半身用の制服に装着する源石。<br>6年生用 2次制服(強化レベル+5)から生成されたものだ,装備アイテム強化,11,0,5,0
175381,reinforce_5001,胸衣源石 6年 2次 +6,上半身用の制服に装着する源石。<br>6年生用 2次制服(強化レベル+6)から生成されたものだ,装備アイテム強化,11,0,5,0
175382,reinforce_5001,胸衣源石 6年 2次 +7,上半身用の制服に装着する源石。<br>6年生用 2次制服(強化レベル+7)から生成されたものだ,装備アイテム強化,11,0,5,0
175383,reinforce_5001,胸衣源石 6年 2次 +8,上半身用の制服に装着する源石。<br>6年生用 2次制服(強化レベル+8)から生成されたものだ,装備アイテム強化,11,0,5,0
175384,reinforce_5001,胸衣源石 6年 2次 +9,上半身用の制服に装着する源石。<br>6年生用 2次制服(強化レベル+9)から生成されたものだ,装備アイテム強化,11,0,5,0
175385,reinforce_5001,胸衣源石 6年 2次 +10,上半身用の制服に装着する源石。<br>6年生用 2次制服(強化レベル+10)から生成されたものだ,装備アイテム強化,11,0,5,0
175386,reinforce_5001,胸衣源石 6年 3次 ,上半身用の制服に装着する源石。<br>6年生用 3次制服(未強化)から生成されたものだ,装備アイテム強化,11,0,5,0
175387,reinforce_5001,胸衣源石 6年 3次 +1,上半身用の制服に装着する源石。<br>6年生用 3次制服(強化レベル+1)から生成されたものだ,装備アイテム強化,11,0,5,0
175388,reinforce_5001,胸衣源石 6年 3次 +2,上半身用の制服に装着する源石。<br>6年生用 3次制服(強化レベル+2)から生成されたものだ,装備アイテム強化,11,0,5,0
175389,reinforce_5001,胸衣源石 6年 3次 +3,上半身用の制服に装着する源石。<br>6年生用 3次制服(強化レベル+3)から生成されたものだ,装備アイテム強化,11,0,5,0
175390,reinforce_5001,胸衣源石 6年 3次 +4,上半身用の制服に装着する源石。<br>6年生用 3次制服(強化レベル+4)から生成されたものだ,装備アイテム強化,11,0,5,0
175391,reinforce_5001,胸衣源石 6年 3次 +5,上半身用の制服に装着する源石。<br>6年生用 3次制服(強化レベル+5)から生成されたものだ,装備アイテム強化,11,0,5,0
175392,reinforce_5001,胸衣源石 6年 3次 +6,上半身用の制服に装着する源石。<br>6年生用 3次制服(強化レベル+6)から生成されたものだ,装備アイテム強化,11,0,5,0
175393,reinforce_5001,胸衣源石 6年 3次 +7,上半身用の制服に装着する源石。<br>6年生用 3次制服(強化レベル+7)から生成されたものだ,装備アイテム強化,11,0,5,0
175394,reinforce_5001,胸衣源石 6年 3次 +8,上半身用の制服に装着する源石。<br>6年生用 3次制服(強化レベル+8)から生成されたものだ,装備アイテム強化,11,0,5,0
175395,reinforce_5001,胸衣源石 6年 3次 +9,上半身用の制服に装着する源石。<br>6年生用 3次制服(強化レベル+9)から生成されたものだ,装備アイテム強化,11,0,5,0
175396,reinforce_5001,胸衣源石 6年 3次 +10,上半身用の制服に装着する源石。<br>6年生用 3次制服(強化レベル+10)から生成されたものだ,装備アイテム強化,11,0,5,0
175397,reinforce_5001,胸衣源石 6年 1次 ,上半身用の制服に装着する源石。<br>6年生用 1次制服(未強化)から生成されたものだ,装備アイテム強化,11,0,5,0
175398,reinforce_5001,胸衣源石 6年 1次 +1,上半身用の制服に装着する源石。<br>6年生用 1次制服(強化レベル+1)から生成されたものだ,装備アイテム強化,11,0,5,0
175399,reinforce_5001,胸衣源石 6年 1次 +2,上半身用の制服に装着する源石。<br>6年生用 1次制服(強化レベル+2)から生成されたものだ,装備アイテム強化,11,0,5,0
175400,reinforce_5001,胸衣源石 6年 1次 +3,上半身用の制服に装着する源石。<br>6年生用 1次制服(強化レベル+3)から生成されたものだ,装備アイテム強化,11,0,5,0
175401,reinforce_5001,胸衣源石 6年 1次 +4,上半身用の制服に装着する源石。<br>6年生用 1次制服(強化レベル+4)から生成されたものだ,装備アイテム強化,11,0,5,0
175402,reinforce_5001,胸衣源石 6年 1次 +5,上半身用の制服に装着する源石。<br>6年生用 1次制服(強化レベル+5)から生成されたものだ,装備アイテム強化,11,0,5,0
175403,reinforce_5001,胸衣源石 6年 1次 +6,上半身用の制服に装着する源石。<br>6年生用 1次制服(強化レベル+6)から生成されたものだ,装備アイテム強化,11,0,5,0
175404,reinforce_5001,胸衣源石 6年 1次 +7,上半身用の制服に装着する源石。<br>6年生用 1次制服(強化レベル+7)から生成されたものだ,装備アイテム強化,11,0,5,0
175405,reinforce_5001,胸衣源石 6年 1次 +8,上半身用の制服に装着する源石。<br>6年生用 1次制服(強化レベル+8)から生成されたものだ,装備アイテム強化,11,0,5,0
175406,reinforce_5001,胸衣源石 6年 1次 +9,上半身用の制服に装着する源石。<br>6年生用 1次制服(強化レベル+9)から生成されたものだ,装備アイテム強化,11,0,5,0
175407,reinforce_5001,胸衣源石 6年 1次 +10,上半身用の制服に装着する源石。<br>6年生用 1次制服(強化レベル+10)から生成されたものだ,装備アイテム強化,11,0,5,0
175408,reinforce_5001,胸衣源石 6年 2次 ,上半身用の制服に装着する源石。<br>6年生用 2次制服(未強化)から生成されたものだ,装備アイテム強化,11,0,5,0
175409,reinforce_5001,胸衣源石 6年 2次 +1,上半身用の制服に装着する源石。<br>6年生用 2次制服(強化レベル+1)から生成されたものだ,装備アイテム強化,11,0,5,0
175410,reinforce_5001,胸衣源石 6年 2次 +2,上半身用の制服に装着する源石。<br>6年生用 2次制服(強化レベル+2)から生成されたものだ,装備アイテム強化,11,0,5,0
175411,reinforce_5001,胸衣源石 6年 2次 +3,上半身用の制服に装着する源石。<br>6年生用 2次制服(強化レベル+3)から生成されたものだ,装備アイテム強化,11,0,5,0
175412,reinforce_5001,胸衣源石 6年 2次 +4,上半身用の制服に装着する源石。<br>6年生用 2次制服(強化レベル+4)から生成されたものだ,装備アイテム強化,11,0,5,0
175413,reinforce_5001,胸衣源石 6年 2次 +5,上半身用の制服に装着する源石。<br>6年生用 2次制服(強化レベル+5)から生成されたものだ,装備アイテム強化,11,0,5,0
175414,reinforce_5001,胸衣源石 6年 2次 +6,上半身用の制服に装着する源石。<br>6年生用 2次制服(強化レベル+6)から生成されたものだ,装備アイテム強化,11,0,5,0
175415,reinforce_5001,胸衣源石 6年 2次 +7,上半身用の制服に装着する源石。<br>6年生用 2次制服(強化レベル+7)から生成されたものだ,装備アイテム強化,11,0,5,0
175416,reinforce_5001,胸衣源石 6年 2次 +8,上半身用の制服に装着する源石。<br>6年生用 2次制服(強化レベル+8)から生成されたものだ,装備アイテム強化,11,0,5,0
175417,reinforce_5001,胸衣源石 6年 2次 +9,上半身用の制服に装着する源石。<br>6年生用 2次制服(強化レベル+9)から生成されたものだ,装備アイテム強化,11,0,5,0
175418,reinforce_5001,胸衣源石 6年 2次 +10,上半身用の制服に装着する源石。<br>6年生用 2次制服(強化レベル+10)から生成されたものだ,装備アイテム強化,11,0,5,0
175419,reinforce_5001,胸衣源石 6年 3次 ,上半身用の制服に装着する源石。<br>6年生用 3次制服(未強化)から生成されたものだ,装備アイテム強化,11,0,5,0
175420,reinforce_5001,胸衣源石 6年 3次 +1,上半身用の制服に装着する源石。<br>6年生用 3次制服(強化レベル+1)から生成されたものだ,装備アイテム強化,11,0,5,0
175421,reinforce_5001,胸衣源石 6年 3次 +2,上半身用の制服に装着する源石。<br>6年生用 3次制服(強化レベル+2)から生成されたものだ,装備アイテム強化,11,0,5,0
175422,reinforce_5001,胸衣源石 6年 3次 +3,上半身用の制服に装着する源石。<br>6年生用 3次制服(強化レベル+3)から生成されたものだ,装備アイテム強化,11,0,5,0
175423,reinforce_5001,胸衣源石 6年 3次 +4,上半身用の制服に装着する源石。<br>6年生用 3次制服(強化レベル+4)から生成されたものだ,装備アイテム強化,11,0,5,0
175424,reinforce_5001,胸衣源石 6年 3次 +5,上半身用の制服に装着する源石。<br>6年生用 3次制服(強化レベル+5)から生成されたものだ,装備アイテム強化,11,0,5,0
175425,reinforce_5001,胸衣源石 6年 3次 +6,上半身用の制服に装着する源石。<br>6年生用 3次制服(強化レベル+6)から生成されたものだ,装備アイテム強化,11,0,5,0
175426,reinforce_5001,胸衣源石 6年 3次 +7,上半身用の制服に装着する源石。<br>6年生用 3次制服(強化レベル+7)から生成されたものだ,装備アイテム強化,11,0,5,0
176100,reinforce_6001,腰衣源石 1年 1次 ,下半身用の制服に装着する源石。<br>1年生用 1次制服(未強化)から生成されたものだ,装備アイテム強化,7,0,5,0
176101,reinforce_6001,腰衣源石 1年 1次 +1,下半身用の制服に装着する源石。<br>1年生用 1次制服(強化レベル+1)から生成されたものだ,装備アイテム強化,7,0,5,0
176102,reinforce_6001,腰衣源石 1年 1次 +2,下半身用の制服に装着する源石。<br>1年生用 1次制服(強化レベル+2)から生成されたものだ,装備アイテム強化,7,0,5,0
176103,reinforce_6001,腰衣源石 1年 1次 +3,下半身用の制服に装着する源石。<br>1年生用 1次制服(強化レベル+3)から生成されたものだ,装備アイテム強化,7,0,5,0
176104,reinforce_6001,腰衣源石 1年 1次 +4,下半身用の制服に装着する源石。<br>1年生用 1次制服(強化レベル+4)から生成されたものだ,装備アイテム強化,7,0,5,0
176105,reinforce_6001,腰衣源石 1年 1次 +5,下半身用の制服に装着する源石。<br>1年生用 1次制服(強化レベル+5)から生成されたものだ,装備アイテム強化,7,0,5,0
176106,reinforce_6001,腰衣源石 1年 1次 +6,下半身用の制服に装着する源石。<br>1年生用 1次制服(強化レベル+6)から生成されたものだ,装備アイテム強化,7,0,5,0
176107,reinforce_6001,腰衣源石 1年 1次 +7,下半身用の制服に装着する源石。<br>1年生用 1次制服(強化レベル+7)から生成されたものだ,装備アイテム強化,7,0,5,0
176108,reinforce_6001,腰衣源石 1年 1次 +8,下半身用の制服に装着する源石。<br>1年生用 1次制服(強化レベル+8)から生成されたものだ,装備アイテム強化,7,0,5,0
176109,reinforce_6001,腰衣源石 1年 1次 +9,下半身用の制服に装着する源石。<br>1年生用 1次制服(強化レベル+9)から生成されたものだ,装備アイテム強化,7,0,5,0
176110,reinforce_6001,腰衣源石 1年 1次 +10,下半身用の制服に装着する源石。<br>1年生用 1次制服(強化レベル+10)から生成されたものだ,装備アイテム強化,7,0,5,0
176111,reinforce_6001,腰衣源石 1年 2次 ,下半身用の制服に装着する源石。<br>1年生用 2次制服(未強化)から生成されたものだ,装備アイテム強化,7,0,5,0
176112,reinforce_6001,腰衣源石 1年 2次 +1,下半身用の制服に装着する源石。<br>1年生用 2次制服(強化レベル+1)から生成されたものだ,装備アイテム強化,7,0,5,0
176113,reinforce_6001,腰衣源石 1年 2次 +2,下半身用の制服に装着する源石。<br>1年生用 2次制服(強化レベル+2)から生成されたものだ,装備アイテム強化,7,0,5,0
176114,reinforce_6001,腰衣源石 1年 2次 +3,下半身用の制服に装着する源石。<br>1年生用 2次制服(強化レベル+3)から生成されたものだ,装備アイテム強化,7,0,5,0
176115,reinforce_6001,腰衣源石 1年 2次 +4,下半身用の制服に装着する源石。<br>1年生用 2次制服(強化レベル+4)から生成されたものだ,装備アイテム強化,7,0,5,0
176116,reinforce_6001,腰衣源石 1年 2次 +5,下半身用の制服に装着する源石。<br>1年生用 2次制服(強化レベル+5)から生成されたものだ,装備アイテム強化,7,0,5,0
176117,reinforce_6001,腰衣源石 1年 2次 +6,下半身用の制服に装着する源石。<br>1年生用 2次制服(強化レベル+6)から生成されたものだ,装備アイテム強化,7,0,5,0
176118,reinforce_6001,腰衣源石 1年 2次 +7,下半身用の制服に装着する源石。<br>1年生用 2次制服(強化レベル+7)から生成されたものだ,装備アイテム強化,7,0,5,0
176119,reinforce_6001,腰衣源石 1年 2次 +8,下半身用の制服に装着する源石。<br>1年生用 2次制服(強化レベル+8)から生成されたものだ,装備アイテム強化,7,0,5,0
176120,reinforce_6001,腰衣源石 1年 2次 +9,下半身用の制服に装着する源石。<br>1年生用 2次制服(強化レベル+9)から生成されたものだ,装備アイテム強化,7,0,5,0
176121,reinforce_6001,腰衣源石 1年 2次 +10,下半身用の制服に装着する源石。<br>1年生用 2次制服(強化レベル+10)から生成されたものだ,装備アイテム強化,7,0,5,0
176122,reinforce_6001,腰衣源石 1年 3次 ,下半身用の制服に装着する源石。<br>1年生用 3次制服(未強化)から生成されたものだ,装備アイテム強化,7,0,5,0
176123,reinforce_6001,腰衣源石 1年 3次 +1,下半身用の制服に装着する源石。<br>1年生用 3次制服(強化レベル+1)から生成されたものだ,装備アイテム強化,7,0,5,0
176124,reinforce_6001,腰衣源石 1年 3次 +2,下半身用の制服に装着する源石。<br>1年生用 3次制服(強化レベル+2)から生成されたものだ,装備アイテム強化,7,0,5,0
176125,reinforce_6001,腰衣源石 1年 3次 +3,下半身用の制服に装着する源石。<br>1年生用 3次制服(強化レベル+3)から生成されたものだ,装備アイテム強化,7,0,5,0
176126,reinforce_6001,腰衣源石 1年 3次 +4,下半身用の制服に装着する源石。<br>1年生用 3次制服(強化レベル+4)から生成されたものだ,装備アイテム強化,7,0,5,0
176127,reinforce_6001,腰衣源石 1年 3次 +5,下半身用の制服に装着する源石。<br>1年生用 3次制服(強化レベル+5)から生成されたものだ,装備アイテム強化,7,0,5,0
176128,reinforce_6001,腰衣源石 1年 3次 +6,下半身用の制服に装着する源石。<br>1年生用 3次制服(強化レベル+6)から生成されたものだ,装備アイテム強化,7,0,5,0
176129,reinforce_6001,腰衣源石 1年 3次 +7,下半身用の制服に装着する源石。<br>1年生用 3次制服(強化レベル+7)から生成されたものだ,装備アイテム強化,7,0,5,0
176130,reinforce_6001,腰衣源石 1年 3次 +8,下半身用の制服に装着する源石。<br>1年生用 3次制服(強化レベル+8)から生成されたものだ,装備アイテム強化,7,0,5,0
176131,reinforce_6001,腰衣源石 1年 3次 +9,下半身用の制服に装着する源石。<br>1年生用 3次制服(強化レベル+9)から生成されたものだ,装備アイテム強化,7,0,5,0
176132,reinforce_6001,腰衣源石 1年 3次 +10,下半身用の制服に装着する源石。<br>1年生用 3次制服(強化レベル+10)から生成されたものだ,装備アイテム強化,7,0,5,0
176133,reinforce_6001,腰衣源石 2年 1次 ,下半身用の制服に装着する源石。<br>2年生用 1次制服(未強化)から生成されたものだ,装備アイテム強化,7,0,5,0
176134,reinforce_6001,腰衣源石 2年 1次 +1,下半身用の制服に装着する源石。<br>2年生用 1次制服(強化レベル+1)から生成されたものだ,装備アイテム強化,7,0,5,0
176135,reinforce_6001,腰衣源石 2年 1次 +2,下半身用の制服に装着する源石。<br>2年生用 1次制服(強化レベル+2)から生成されたものだ,装備アイテム強化,7,0,5,0
176136,reinforce_6001,腰衣源石 2年 1次 +3,下半身用の制服に装着する源石。<br>2年生用 1次制服(強化レベル+3)から生成されたものだ,装備アイテム強化,7,0,5,0
176137,reinforce_6001,腰衣源石 2年 1次 +4,下半身用の制服に装着する源石。<br>2年生用 1次制服(強化レベル+4)から生成されたものだ,装備アイテム強化,7,0,5,0
176138,reinforce_6001,腰衣源石 2年 1次 +5,下半身用の制服に装着する源石。<br>2年生用 1次制服(強化レベル+5)から生成されたものだ,装備アイテム強化,7,0,5,0
176139,reinforce_6001,腰衣源石 2年 1次 +6,下半身用の制服に装着する源石。<br>2年生用 1次制服(強化レベル+6)から生成されたものだ,装備アイテム強化,7,0,5,0
176140,reinforce_6001,腰衣源石 2年 1次 +7,下半身用の制服に装着する源石。<br>2年生用 1次制服(強化レベル+7)から生成されたものだ,装備アイテム強化,7,0,5,0
176141,reinforce_6001,腰衣源石 2年 1次 +8,下半身用の制服に装着する源石。<br>2年生用 1次制服(強化レベル+8)から生成されたものだ,装備アイテム強化,7,0,5,0
176142,reinforce_6001,腰衣源石 2年 1次 +9,下半身用の制服に装着する源石。<br>2年生用 1次制服(強化レベル+9)から生成されたものだ,装備アイテム強化,7,0,5,0
176143,reinforce_6001,腰衣源石 2年 1次 +10,下半身用の制服に装着する源石。<br>2年生用 1次制服(強化レベル+10)から生成されたものだ,装備アイテム強化,7,0,5,0
176144,reinforce_6001,腰衣源石 2年 2次 ,下半身用の制服に装着する源石。<br>2年生用 2次制服(未強化)から生成されたものだ,装備アイテム強化,8,0,5,0
176145,reinforce_6001,腰衣源石 2年 2次 +1,下半身用の制服に装着する源石。<br>2年生用 2次制服(強化レベル+1)から生成されたものだ,装備アイテム強化,8,0,5,0
176146,reinforce_6001,腰衣源石 2年 2次 +2,下半身用の制服に装着する源石。<br>2年生用 2次制服(強化レベル+2)から生成されたものだ,装備アイテム強化,8,0,5,0
176147,reinforce_6001,腰衣源石 2年 2次 +3,下半身用の制服に装着する源石。<br>2年生用 2次制服(強化レベル+3)から生成されたものだ,装備アイテム強化,8,0,5,0
176148,reinforce_6001,腰衣源石 2年 2次 +4,下半身用の制服に装着する源石。<br>2年生用 2次制服(強化レベル+4)から生成されたものだ,装備アイテム強化,8,0,5,0
176149,reinforce_6001,腰衣源石 2年 2次 +5,下半身用の制服に装着する源石。<br>2年生用 2次制服(強化レベル+5)から生成されたものだ,装備アイテム強化,8,0,5,0
176150,reinforce_6001,腰衣源石 2年 2次 +6,下半身用の制服に装着する源石。<br>2年生用 2次制服(強化レベル+6)から生成されたものだ,装備アイテム強化,8,0,5,0
176151,reinforce_6001,腰衣源石 2年 2次 +7,下半身用の制服に装着する源石。<br>2年生用 2次制服(強化レベル+7)から生成されたものだ,装備アイテム強化,8,0,5,0
176152,reinforce_6001,腰衣源石 2年 2次 +8,下半身用の制服に装着する源石。<br>2年生用 2次制服(強化レベル+8)から生成されたものだ,装備アイテム強化,8,0,5,0
176153,reinforce_6001,腰衣源石 2年 2次 +9,下半身用の制服に装着する源石。<br>2年生用 2次制服(強化レベル+9)から生成されたものだ,装備アイテム強化,8,0,5,0
176154,reinforce_6001,腰衣源石 2年 2次 +10,下半身用の制服に装着する源石。<br>2年生用 2次制服(強化レベル+10)から生成されたものだ,装備アイテム強化,8,0,5,0
176155,reinforce_6001,腰衣源石 2年 3次 ,下半身用の制服に装着する源石。<br>2年生用 3次制服(未強化)から生成されたものだ,装備アイテム強化,8,0,5,0
176156,reinforce_6001,腰衣源石 2年 3次 +1,下半身用の制服に装着する源石。<br>2年生用 3次制服(強化レベル+1)から生成されたものだ,装備アイテム強化,8,0,5,0
176157,reinforce_6001,腰衣源石 2年 3次 +2,下半身用の制服に装着する源石。<br>2年生用 3次制服(強化レベル+2)から生成されたものだ,装備アイテム強化,8,0,5,0
176158,reinforce_6001,腰衣源石 2年 3次 +3,下半身用の制服に装着する源石。<br>2年生用 3次制服(強化レベル+3)から生成されたものだ,装備アイテム強化,8,0,5,0
176159,reinforce_6001,腰衣源石 2年 3次 +4,下半身用の制服に装着する源石。<br>2年生用 3次制服(強化レベル+4)から生成されたものだ,装備アイテム強化,8,0,5,0
176160,reinforce_6001,腰衣源石 2年 3次 +5,下半身用の制服に装着する源石。<br>2年生用 3次制服(強化レベル+5)から生成されたものだ,装備アイテム強化,8,0,5,0
176161,reinforce_6001,腰衣源石 2年 3次 +6,下半身用の制服に装着する源石。<br>2年生用 3次制服(強化レベル+6)から生成されたものだ,装備アイテム強化,8,0,5,0
176162,reinforce_6001,腰衣源石 2年 3次 +7,下半身用の制服に装着する源石。<br>2年生用 3次制服(強化レベル+7)から生成されたものだ,装備アイテム強化,8,0,5,0
176163,reinforce_6001,腰衣源石 2年 3次 +8,下半身用の制服に装着する源石。<br>2年生用 3次制服(強化レベル+8)から生成されたものだ,装備アイテム強化,8,0,5,0
176164,reinforce_6001,腰衣源石 2年 3次 +9,下半身用の制服に装着する源石。<br>2年生用 3次制服(強化レベル+9)から生成されたものだ,装備アイテム強化,8,0,5,0
176165,reinforce_6001,腰衣源石 2年 3次 +10,下半身用の制服に装着する源石。<br>2年生用 3次制服(強化レベル+10)から生成されたものだ,装備アイテム強化,8,0,5,0
176166,reinforce_6001,腰衣源石 3年 1次 ,下半身用の制服に装着する源石。<br>3年生用 1次制服(未強化)から生成されたものだ,装備アイテム強化,8,0,5,0
176167,reinforce_6001,腰衣源石 3年 1次 +1,下半身用の制服に装着する源石。<br>3年生用 1次制服(強化レベル+1)から生成されたものだ,装備アイテム強化,8,0,5,0
176168,reinforce_6001,腰衣源石 3年 1次 +2,下半身用の制服に装着する源石。<br>3年生用 1次制服(強化レベル+2)から生成されたものだ,装備アイテム強化,8,0,5,0
176169,reinforce_6001,腰衣源石 3年 1次 +3,下半身用の制服に装着する源石。<br>3年生用 1次制服(強化レベル+3)から生成されたものだ,装備アイテム強化,8,0,5,0
176170,reinforce_6001,腰衣源石 3年 1次 +4,下半身用の制服に装着する源石。<br>3年生用 1次制服(強化レベル+4)から生成されたものだ,装備アイテム強化,8,0,5,0
176171,reinforce_6001,腰衣源石 3年 1次 +5,下半身用の制服に装着する源石。<br>3年生用 1次制服(強化レベル+5)から生成されたものだ,装備アイテム強化,8,0,5,0
176172,reinforce_6001,腰衣源石 3年 1次 +6,下半身用の制服に装着する源石。<br>3年生用 1次制服(強化レベル+6)から生成されたものだ,装備アイテム強化,8,0,5,0
176173,reinforce_6001,腰衣源石 3年 1次 +7,下半身用の制服に装着する源石。<br>3年生用 1次制服(強化レベル+7)から生成されたものだ,装備アイテム強化,8,0,5,0
176174,reinforce_6001,腰衣源石 3年 1次 +8,下半身用の制服に装着する源石。<br>3年生用 1次制服(強化レベル+8)から生成されたものだ,装備アイテム強化,8,0,5,0
176175,reinforce_6001,腰衣源石 3年 1次 +9,下半身用の制服に装着する源石。<br>3年生用 1次制服(強化レベル+9)から生成されたものだ,装備アイテム強化,8,0,5,0
176176,reinforce_6001,腰衣源石 3年 1次 +10,下半身用の制服に装着する源石。<br>3年生用 1次制服(強化レベル+10)から生成されたものだ,装備アイテム強化,8,0,5,0
176177,reinforce_6001,腰衣源石 3年 2次 ,下半身用の制服に装着する源石。<br>3年生用 2次制服(未強化)から生成されたものだ,装備アイテム強化,8,0,5,0
176178,reinforce_6001,腰衣源石 3年 2次 +1,下半身用の制服に装着する源石。<br>3年生用 2次制服(強化レベル+1)から生成されたものだ,装備アイテム強化,8,0,5,0
176179,reinforce_6001,腰衣源石 3年 2次 +2,下半身用の制服に装着する源石。<br>3年生用 2次制服(強化レベル+2)から生成されたものだ,装備アイテム強化,8,0,5,0
176180,reinforce_6001,腰衣源石 3年 2次 +3,下半身用の制服に装着する源石。<br>3年生用 2次制服(強化レベル+3)から生成されたものだ,装備アイテム強化,8,0,5,0
176181,reinforce_6001,腰衣源石 3年 2次 +4,下半身用の制服に装着する源石。<br>3年生用 2次制服(強化レベル+4)から生成されたものだ,装備アイテム強化,8,0,5,0
176182,reinforce_6001,腰衣源石 3年 2次 +5,下半身用の制服に装着する源石。<br>3年生用 2次制服(強化レベル+5)から生成されたものだ,装備アイテム強化,8,0,5,0
176183,reinforce_6001,腰衣源石 3年 2次 +6,下半身用の制服に装着する源石。<br>3年生用 2次制服(強化レベル+6)から生成されたものだ,装備アイテム強化,8,0,5,0
176184,reinforce_6001,腰衣源石 3年 2次 +7,下半身用の制服に装着する源石。<br>3年生用 2次制服(強化レベル+7)から生成されたものだ,装備アイテム強化,8,0,5,0
176185,reinforce_6001,腰衣源石 3年 2次 +8,下半身用の制服に装着する源石。<br>3年生用 2次制服(強化レベル+8)から生成されたものだ,装備アイテム強化,8,0,5,0
176186,reinforce_6001,腰衣源石 3年 2次 +9,下半身用の制服に装着する源石。<br>3年生用 2次制服(強化レベル+9)から生成されたものだ,装備アイテム強化,8,0,5,0
176187,reinforce_6001,腰衣源石 3年 2次 +10,下半身用の制服に装着する源石。<br>3年生用 2次制服(強化レベル+10)から生成されたものだ,装備アイテム強化,8,0,5,0
176188,reinforce_6001,腰衣源石 3年 3次 ,下半身用の制服に装着する源石。<br>3年生用 3次制服(未強化)から生成されたものだ,装備アイテム強化,9,0,5,0
176189,reinforce_6001,腰衣源石 3年 3次 +1,下半身用の制服に装着する源石。<br>3年生用 3次制服(強化レベル+1)から生成されたものだ,装備アイテム強化,9,0,5,0
176190,reinforce_6001,腰衣源石 3年 3次 +2,下半身用の制服に装着する源石。<br>3年生用 3次制服(強化レベル+2)から生成されたものだ,装備アイテム強化,9,0,5,0
176191,reinforce_6001,腰衣源石 3年 3次 +3,下半身用の制服に装着する源石。<br>3年生用 3次制服(強化レベル+3)から生成されたものだ,装備アイテム強化,9,0,5,0
176192,reinforce_6001,腰衣源石 3年 3次 +4,下半身用の制服に装着する源石。<br>3年生用 3次制服(強化レベル+4)から生成されたものだ,装備アイテム強化,9,0,5,0
176193,reinforce_6001,腰衣源石 3年 3次 +5,下半身用の制服に装着する源石。<br>3年生用 3次制服(強化レベル+5)から生成されたものだ,装備アイテム強化,9,0,5,0
176194,reinforce_6001,腰衣源石 3年 3次 +6,下半身用の制服に装着する源石。<br>3年生用 3次制服(強化レベル+6)から生成されたものだ,装備アイテム強化,9,0,5,0
176195,reinforce_6001,腰衣源石 3年 3次 +7,下半身用の制服に装着する源石。<br>3年生用 3次制服(強化レベル+7)から生成されたものだ,装備アイテム強化,9,0,5,0
176196,reinforce_6001,腰衣源石 3年 3次 +8,下半身用の制服に装着する源石。<br>3年生用 3次制服(強化レベル+8)から生成されたものだ,装備アイテム強化,9,0,5,0
176197,reinforce_6001,腰衣源石 3年 3次 +9,下半身用の制服に装着する源石。<br>3年生用 3次制服(強化レベル+9)から生成されたものだ,装備アイテム強化,9,0,5,0
176198,reinforce_6001,腰衣源石 3年 3次 +10,下半身用の制服に装着する源石。<br>3年生用 3次制服(強化レベル+10)から生成されたものだ,装備アイテム強化,9,0,5,0
176199,reinforce_6001,腰衣源石 4年 1次 ,下半身用の制服に装着する源石。<br>4年生用 1次制服(未強化)から生成されたものだ,装備アイテム強化,9,0,5,0
176200,reinforce_6001,腰衣源石 4年 1次 +1,下半身用の制服に装着する源石。<br>4年生用 1次制服(強化レベル+1)から生成されたものだ,装備アイテム強化,9,0,5,0
176201,reinforce_6001,腰衣源石 4年 1次 +2,下半身用の制服に装着する源石。<br>4年生用 1次制服(強化レベル+2)から生成されたものだ,装備アイテム強化,9,0,5,0
176202,reinforce_6001,腰衣源石 4年 1次 +3,下半身用の制服に装着する源石。<br>4年生用 1次制服(強化レベル+3)から生成されたものだ,装備アイテム強化,9,0,5,0
176203,reinforce_6001,腰衣源石 4年 1次 +4,下半身用の制服に装着する源石。<br>4年生用 1次制服(強化レベル+4)から生成されたものだ,装備アイテム強化,9,0,5,0
176204,reinforce_6001,腰衣源石 4年 1次 +5,下半身用の制服に装着する源石。<br>4年生用 1次制服(強化レベル+5)から生成されたものだ,装備アイテム強化,9,0,5,0
176205,reinforce_6001,腰衣源石 4年 1次 +6,下半身用の制服に装着する源石。<br>4年生用 1次制服(強化レベル+6)から生成されたものだ,装備アイテム強化,9,0,5,0
176206,reinforce_6001,腰衣源石 4年 1次 +7,下半身用の制服に装着する源石。<br>4年生用 1次制服(強化レベル+7)から生成されたものだ,装備アイテム強化,9,0,5,0
176207,reinforce_6001,腰衣源石 4年 1次 +8,下半身用の制服に装着する源石。<br>4年生用 1次制服(強化レベル+8)から生成されたものだ,装備アイテム強化,9,0,5,0
176208,reinforce_6001,腰衣源石 4年 1次 +9,下半身用の制服に装着する源石。<br>4年生用 1次制服(強化レベル+9)から生成されたものだ,装備アイテム強化,9,0,5,0
176209,reinforce_6001,腰衣源石 4年 1次 +10,下半身用の制服に装着する源石。<br>4年生用 1次制服(強化レベル+10)から生成されたものだ,装備アイテム強化,9,0,5,0
176210,reinforce_6001,腰衣源石 4年 2次 ,下半身用の制服に装着する源石。<br>4年生用 2次制服(未強化)から生成されたものだ,装備アイテム強化,9,0,5,0
176211,reinforce_6001,腰衣源石 4年 2次 +1,下半身用の制服に装着する源石。<br>4年生用 2次制服(強化レベル+1)から生成されたものだ,装備アイテム強化,9,0,5,0
176212,reinforce_6001,腰衣源石 4年 2次 +2,下半身用の制服に装着する源石。<br>4年生用 2次制服(強化レベル+2)から生成されたものだ,装備アイテム強化,9,0,5,0
176213,reinforce_6001,腰衣源石 4年 2次 +3,下半身用の制服に装着する源石。<br>4年生用 2次制服(強化レベル+3)から生成されたものだ,装備アイテム強化,9,0,5,0
176214,reinforce_6001,腰衣源石 4年 2次 +4,下半身用の制服に装着する源石。<br>4年生用 2次制服(強化レベル+4)から生成されたものだ,装備アイテム強化,9,0,5,0
176215,reinforce_6001,腰衣源石 4年 2次 +5,下半身用の制服に装着する源石。<br>4年生用 2次制服(強化レベル+5)から生成されたものだ,装備アイテム強化,9,0,5,0
176216,reinforce_6001,腰衣源石 4年 2次 +6,下半身用の制服に装着する源石。<br>4年生用 2次制服(強化レベル+6)から生成されたものだ,装備アイテム強化,9,0,5,0
176217,reinforce_6001,腰衣源石 4年 2次 +7,下半身用の制服に装着する源石。<br>4年生用 2次制服(強化レベル+7)から生成されたものだ,装備アイテム強化,9,0,5,0
176219,reinforce_6001,腰衣源石 4年 2次 +9,下半身用の制服に装着する源石。<br>4年生用 2次制服(強化レベル+9)から生成されたものだ,装備アイテム強化,9,0,5,0
176220,reinforce_6001,腰衣源石 4年 2次 +10,下半身用の制服に装着する源石。<br>4年生用 2次制服(強化レベル+10)から生成されたものだ,装備アイテム強化,9,0,5,0
176221,reinforce_6001,腰衣源石 4年 3次 ,下半身用の制服に装着する源石。<br>4年生用 3次制服(未強化)から生成されたものだ,装備アイテム強化,9,0,5,0
176222,reinforce_6001,腰衣源石 4年 3次 +1,下半身用の制服に装着する源石。<br>4年生用 3次制服(強化レベル+1)から生成されたものだ,装備アイテム強化,9,0,5,0
176223,reinforce_6001,腰衣源石 4年 3次 +2,下半身用の制服に装着する源石。<br>4年生用 3次制服(強化レベル+2)から生成されたものだ,装備アイテム強化,9,0,5,0
176224,reinforce_6001,腰衣源石 4年 3次 +3,下半身用の制服に装着する源石。<br>4年生用 3次制服(強化レベル+3)から生成されたものだ,装備アイテム強化,9,0,5,0
176225,reinforce_6001,腰衣源石 4年 3次 +4,下半身用の制服に装着する源石。<br>4年生用 3次制服(強化レベル+4)から生成されたものだ,装備アイテム強化,9,0,5,0
176226,reinforce_6001,腰衣源石 4年 3次 +5,下半身用の制服に装着する源石。<br>4年生用 3次制服(強化レベル+5)から生成されたものだ,装備アイテム強化,9,0,5,0
176227,reinforce_6001,腰衣源石 4年 3次 +6,下半身用の制服に装着する源石。<br>4年生用 3次制服(強化レベル+6)から生成されたものだ,装備アイテム強化,9,0,5,0
176228,reinforce_6001,腰衣源石 4年 3次 +7,下半身用の制服に装着する源石。<br>4年生用 3次制服(強化レベル+7)から生成されたものだ,装備アイテム強化,9,0,5,0
176229,reinforce_6001,腰衣源石 4年 3次 +8,下半身用の制服に装着する源石。<br>4年生用 3次制服(強化レベル+8)から生成されたものだ,装備アイテム強化,9,0,5,0
176230,reinforce_6001,腰衣源石 4年 3次 +9,下半身用の制服に装着する源石。<br>4年生用 3次制服(強化レベル+9)から生成されたものだ,装備アイテム強化,9,0,5,0
176231,reinforce_6001,腰衣源石 4年 3次 +10,下半身用の制服に装着する源石。<br>4年生用 3次制服(強化レベル+10)から生成されたものだ,装備アイテム強化,9,0,5,0
176232,reinforce_6001,腰衣源石 5年 1次 ,下半身用の制服に装着する源石。<br>5年生用 1次制服(未強化)から生成されたものだ,装備アイテム強化,10,0,5,0
176233,reinforce_6001,腰衣源石 5年 1次 +1,下半身用の制服に装着する源石。<br>5年生用 1次制服(強化レベル+1)から生成されたものだ,装備アイテム強化,10,0,5,0
176234,reinforce_6001,腰衣源石 5年 1次 +2,下半身用の制服に装着する源石。<br>5年生用 1次制服(強化レベル+2)から生成されたものだ,装備アイテム強化,10,0,5,0
176235,reinforce_6001,腰衣源石 5年 1次 +3,下半身用の制服に装着する源石。<br>5年生用 1次制服(強化レベル+3)から生成されたものだ,装備アイテム強化,10,0,5,0
176236,reinforce_6001,腰衣源石 5年 1次 +4,下半身用の制服に装着する源石。<br>5年生用 1次制服(強化レベル+4)から生成されたものだ,装備アイテム強化,10,0,5,0
176237,reinforce_6001,腰衣源石 5年 1次 +5,下半身用の制服に装着する源石。<br>5年生用 1次制服(強化レベル+5)から生成されたものだ,装備アイテム強化,10,0,5,0
176238,reinforce_6001,腰衣源石 5年 1次 +6,下半身用の制服に装着する源石。<br>5年生用 1次制服(強化レベル+6)から生成されたものだ,装備アイテム強化,10,0,5,0
176239,reinforce_6001,腰衣源石 5年 1次 +7,下半身用の制服に装着する源石。<br>5年生用 1次制服(強化レベル+7)から生成されたものだ,装備アイテム強化,10,0,5,0
176240,reinforce_6001,腰衣源石 5年 1次 +8,下半身用の制服に装着する源石。<br>5年生用 1次制服(強化レベル+8)から生成されたものだ,装備アイテム強化,10,0,5,0
176241,reinforce_6001,腰衣源石 5年 1次 +9,下半身用の制服に装着する源石。<br>5年生用 1次制服(強化レベル+9)から生成されたものだ,装備アイテム強化,10,0,5,0
176242,reinforce_6001,腰衣源石 5年 1次 +10,下半身用の制服に装着する源石。<br>5年生用 1次制服(強化レベル+10)から生成されたものだ,装備アイテム強化,10,0,5,0
176243,reinforce_6001,腰衣源石 5年 2次 ,下半身用の制服に装着する源石。<br>5年生用 2次制服(未強化)から生成されたものだ,装備アイテム強化,10,0,5,0
176244,reinforce_6001,腰衣源石 5年 2次 +1,下半身用の制服に装着する源石。<br>5年生用 2次制服(強化レベル+1)から生成されたものだ,装備アイテム強化,10,0,5,0
176245,reinforce_6001,腰衣源石 5年 2次 +2,下半身用の制服に装着する源石。<br>5年生用 2次制服(強化レベル+2)から生成されたものだ,装備アイテム強化,10,0,5,0
176246,reinforce_6001,腰衣源石 5年 2次 +3,下半身用の制服に装着する源石。<br>5年生用 2次制服(強化レベル+3)から生成されたものだ,装備アイテム強化,10,0,5,0
176247,reinforce_6001,腰衣源石 5年 2次 +4,下半身用の制服に装着する源石。<br>5年生用 2次制服(強化レベル+4)から生成されたものだ,装備アイテム強化,10,0,5,0
176248,reinforce_6001,腰衣源石 5年 2次 +5,下半身用の制服に装着する源石。<br>5年生用 2次制服(強化レベル+5)から生成されたものだ,装備アイテム強化,10,0,5,0
176249,reinforce_6001,腰衣源石 5年 2次 +6,下半身用の制服に装着する源石。<br>5年生用 2次制服(強化レベル+6)から生成されたものだ,装備アイテム強化,10,0,5,0
176250,reinforce_6001,腰衣源石 5年 2次 +7,下半身用の制服に装着する源石。<br>5年生用 2次制服(強化レベル+7)から生成されたものだ,装備アイテム強化,10,0,5,0
176251,reinforce_6001,腰衣源石 5年 2次 +8,下半身用の制服に装着する源石。<br>5年生用 2次制服(強化レベル+8)から生成されたものだ,装備アイテム強化,10,0,5,0
176252,reinforce_6001,腰衣源石 5年 2次 +9,下半身用の制服に装着する源石。<br>5年生用 2次制服(強化レベル+9)から生成されたものだ,装備アイテム強化,10,0,5,0
176253,reinforce_6001,腰衣源石 5年 2次 +10,下半身用の制服に装着する源石。<br>5年生用 2次制服(強化レベル+10)から生成されたものだ,装備アイテム強化,10,0,5,0
176254,reinforce_6001,腰衣源石 5年 3次 ,下半身用の制服に装着する源石。<br>5年生用 3次制服(未強化)から生成されたものだ,装備アイテム強化,10,0,5,0
176255,reinforce_6001,腰衣源石 5年 3次 +1,下半身用の制服に装着する源石。<br>5年生用 3次制服(強化レベル+1)から生成されたものだ,装備アイテム強化,10,0,5,0
176256,reinforce_6001,腰衣源石 5年 3次 +2,下半身用の制服に装着する源石。<br>5年生用 3次制服(強化レベル+2)から生成されたものだ,装備アイテム強化,10,0,5,0
176257,reinforce_6001,腰衣源石 5年 3次 +3,下半身用の制服に装着する源石。<br>5年生用 3次制服(強化レベル+3)から生成されたものだ,装備アイテム強化,10,0,5,0
176258,reinforce_6001,腰衣源石 5年 3次 +4,下半身用の制服に装着する源石。<br>5年生用 3次制服(強化レベル+4)から生成されたものだ,装備アイテム強化,10,0,5,0
176259,reinforce_6001,腰衣源石 5年 3次 +5,下半身用の制服に装着する源石。<br>5年生用 3次制服(強化レベル+5)から生成されたものだ,装備アイテム強化,10,0,5,0
176260,reinforce_6001,腰衣源石 5年 3次 +6,下半身用の制服に装着する源石。<br>5年生用 3次制服(強化レベル+6)から生成されたものだ,装備アイテム強化,10,0,5,0
176261,reinforce_6001,腰衣源石 5年 3次 +7,下半身用の制服に装着する源石。<br>5年生用 3次制服(強化レベル+7)から生成されたものだ,装備アイテム強化,10,0,5,0
176262,reinforce_6001,腰衣源石 5年 3次 +8,下半身用の制服に装着する源石。<br>5年生用 3次制服(強化レベル+8)から生成されたものだ,装備アイテム強化,10,0,5,0
176263,reinforce_6001,腰衣源石 5年 3次 +9,下半身用の制服に装着する源石。<br>5年生用 3次制服(強化レベル+9)から生成されたものだ,装備アイテム強化,10,0,5,0
176264,reinforce_6001,腰衣源石 5年 3次 +10,下半身用の制服に装着する源石。<br>5年生用 3次制服(強化レベル+10)から生成されたものだ,装備アイテム強化,10,0,5,0
176265,reinforce_6001,腰衣源石 5年 1次 ,下半身用の制服に装着する源石。<br>5年生用 1次制服(未強化)から生成されたものだ,装備アイテム強化,10,0,5,0
176266,reinforce_6001,腰衣源石 5年 1次 +1,下半身用の制服に装着する源石。<br>5年生用 1次制服(強化レベル+1)から生成されたものだ,装備アイテム強化,10,0,5,0
176267,reinforce_6001,腰衣源石 5年 1次 +2,下半身用の制服に装着する源石。<br>5年生用 1次制服(強化レベル+2)から生成されたものだ,装備アイテム強化,10,0,5,0
176268,reinforce_6001,腰衣源石 5年 1次 +3,下半身用の制服に装着する源石。<br>5年生用 1次制服(強化レベル+3)から生成されたものだ,装備アイテム強化,10,0,5,0
176269,reinforce_6001,腰衣源石 5年 1次 +4,下半身用の制服に装着する源石。<br>5年生用 1次制服(強化レベル+4)から生成されたものだ,装備アイテム強化,10,0,5,0
176270,reinforce_6001,腰衣源石 5年 1次 +5,下半身用の制服に装着する源石。<br>5年生用 1次制服(強化レベル+5)から生成されたものだ,装備アイテム強化,10,0,5,0
176271,reinforce_6001,腰衣源石 5年 1次 +6,下半身用の制服に装着する源石。<br>5年生用 1次制服(強化レベル+6)から生成されたものだ,装備アイテム強化,10,0,5,0
176272,reinforce_6001,腰衣源石 5年 1次 +7,下半身用の制服に装着する源石。<br>5年生用 1次制服(強化レベル+7)から生成されたものだ,装備アイテム強化,10,0,5,0
176273,reinforce_6001,腰衣源石 5年 1次 +8,下半身用の制服に装着する源石。<br>5年生用 1次制服(強化レベル+8)から生成されたものだ,装備アイテム強化,10,0,5,0
176274,reinforce_6001,腰衣源石 5年 1次 +9,下半身用の制服に装着する源石。<br>5年生用 1次制服(強化レベル+9)から生成されたものだ,装備アイテム強化,10,0,5,0
176275,reinforce_6001,腰衣源石 5年 1次 +10,下半身用の制服に装着する源石。<br>5年生用 1次制服(強化レベル+10)から生成されたものだ,装備アイテム強化,10,0,5,0
176276,reinforce_6001,腰衣源石 5年 2次 ,下半身用の制服に装着する源石。<br>5年生用 2次制服(未強化)から生成されたものだ,装備アイテム強化,10,0,5,0
176277,reinforce_6001,腰衣源石 5年 2次 +1,下半身用の制服に装着する源石。<br>5年生用 2次制服(強化レベル+1)から生成されたものだ,装備アイテム強化,10,0,5,0
176278,reinforce_6001,腰衣源石 5年 2次 +2,下半身用の制服に装着する源石。<br>5年生用 2次制服(強化レベル+2)から生成されたものだ,装備アイテム強化,10,0,5,0
176279,reinforce_6001,腰衣源石 5年 2次 +3,下半身用の制服に装着する源石。<br>5年生用 2次制服(強化レベル+3)から生成されたものだ,装備アイテム強化,10,0,5,0
176280,reinforce_6001,腰衣源石 5年 2次 +4,下半身用の制服に装着する源石。<br>5年生用 2次制服(強化レベル+4)から生成されたものだ,装備アイテム強化,10,0,5,0
176281,reinforce_6001,腰衣源石 5年 2次 +5,下半身用の制服に装着する源石。<br>5年生用 2次制服(強化レベル+5)から生成されたものだ,装備アイテム強化,10,0,5,0
176282,reinforce_6001,腰衣源石 5年 2次 +6,下半身用の制服に装着する源石。<br>5年生用 2次制服(強化レベル+6)から生成されたものだ,装備アイテム強化,10,0,5,0
176283,reinforce_6001,腰衣源石 5年 2次 +7,下半身用の制服に装着する源石。<br>5年生用 2次制服(強化レベル+7)から生成されたものだ,装備アイテム強化,10,0,5,0
176284,reinforce_6001,腰衣源石 5年 2次 +8,下半身用の制服に装着する源石。<br>5年生用 2次制服(強化レベル+8)から生成されたものだ,装備アイテム強化,10,0,5,0
176285,reinforce_6001,腰衣源石 5年 2次 +9,下半身用の制服に装着する源石。<br>5年生用 2次制服(強化レベル+9)から生成されたものだ,装備アイテム強化,10,0,5,0
176286,reinforce_6001,腰衣源石 5年 2次 +10,下半身用の制服に装着する源石。<br>5年生用 2次制服(強化レベル+10)から生成されたものだ,装備アイテム強化,10,0,5,0
176287,reinforce_6001,腰衣源石 5年 3次 ,下半身用の制服に装着する源石。<br>5年生用 3次制服(未強化)から生成されたものだ,装備アイテム強化,11,0,5,0
176288,reinforce_6001,腰衣源石 5年 3次 +1,下半身用の制服に装着する源石。<br>5年生用 3次制服(強化レベル+1)から生成されたものだ,装備アイテム強化,11,0,5,0
176289,reinforce_6001,腰衣源石 5年 3次 +2,下半身用の制服に装着する源石。<br>5年生用 3次制服(強化レベル+2)から生成されたものだ,装備アイテム強化,11,0,5,0
176290,reinforce_6001,腰衣源石 5年 3次 +3,下半身用の制服に装着する源石。<br>5年生用 3次制服(強化レベル+3)から生成されたものだ,装備アイテム強化,11,0,5,0
176291,reinforce_6001,腰衣源石 5年 3次 +4,下半身用の制服に装着する源石。<br>5年生用 3次制服(強化レベル+4)から生成されたものだ,装備アイテム強化,11,0,5,0
176292,reinforce_6001,腰衣源石 5年 3次 +5,下半身用の制服に装着する源石。<br>5年生用 3次制服(強化レベル+5)から生成されたものだ,装備アイテム強化,11,0,5,0
176293,reinforce_6001,腰衣源石 5年 3次 +6,下半身用の制服に装着する源石。<br>5年生用 3次制服(強化レベル+6)から生成されたものだ,装備アイテム強化,11,0,5,0
176294,reinforce_6001,腰衣源石 5年 3次 +7,下半身用の制服に装着する源石。<br>5年生用 3次制服(強化レベル+7)から生成されたものだ,装備アイテム強化,11,0,5,0
176295,reinforce_6001,腰衣源石 5年 3次 +8,下半身用の制服に装着する源石。<br>5年生用 3次制服(強化レベル+8)から生成されたものだ,装備アイテム強化,11,0,5,0
176296,reinforce_6001,腰衣源石 5年 3次 +9,下半身用の制服に装着する源石。<br>5年生用 3次制服(強化レベル+9)から生成されたものだ,装備アイテム強化,11,0,5,0
176297,reinforce_6001,腰衣源石 5年 3次 +10,下半身用の制服に装着する源石。<br>5年生用 3次制服(強化レベル+10)から生成されたものだ,装備アイテム強化,11,0,5,0
176298,reinforce_6001,腰衣源石 5年 1次 ,下半身用の制服に装着する源石。<br>5年生用 1次制服(未強化)から生成されたものだ,装備アイテム強化,11,0,5,0
176299,reinforce_6001,腰衣源石 5年 1次 +1,下半身用の制服に装着する源石。<br>5年生用 1次制服(強化レベル+1)から生成されたものだ,装備アイテム強化,11,0,5,0
176300,reinforce_6001,腰衣源石 5年 1次 +2,下半身用の制服に装着する源石。<br>5年生用 1次制服(強化レベル+2)から生成されたものだ,装備アイテム強化,11,0,5,0
176301,reinforce_6001,腰衣源石 5年 1次 +3,下半身用の制服に装着する源石。<br>5年生用 1次制服(強化レベル+3)から生成されたものだ,装備アイテム強化,11,0,5,0
176302,reinforce_6001,腰衣源石 5年 1次 +4,下半身用の制服に装着する源石。<br>5年生用 1次制服(強化レベル+4)から生成されたものだ,装備アイテム強化,11,0,5,0
176303,reinforce_6001,腰衣源石 5年 1次 +5,下半身用の制服に装着する源石。<br>5年生用 1次制服(強化レベル+5)から生成されたものだ,装備アイテム強化,11,0,5,0
176304,reinforce_6001,腰衣源石 5年 1次 +6,下半身用の制服に装着する源石。<br>5年生用 1次制服(強化レベル+6)から生成されたものだ,装備アイテム強化,11,0,5,0
176305,reinforce_6001,腰衣源石 5年 1次 +7,下半身用の制服に装着する源石。<br>5年生用 1次制服(強化レベル+7)から生成されたものだ,装備アイテム強化,11,0,5,0
176306,reinforce_6001,腰衣源石 5年 1次 +8,下半身用の制服に装着する源石。<br>5年生用 1次制服(強化レベル+8)から生成されたものだ,装備アイテム強化,11,0,5,0
176307,reinforce_6001,腰衣源石 5年 1次 +9,下半身用の制服に装着する源石。<br>5年生用 1次制服(強化レベル+9)から生成されたものだ,装備アイテム強化,11,0,5,0
176308,reinforce_6001,腰衣源石 5年 1次 +10,下半身用の制服に装着する源石。<br>5年生用 1次制服(強化レベル+10)から生成されたものだ,装備アイテム強化,11,0,5,0
176309,reinforce_6001,腰衣源石 5年 2次 ,下半身用の制服に装着する源石。<br>5年生用 2次制服(未強化)から生成されたものだ,装備アイテム強化,11,0,5,0
176310,reinforce_6001,腰衣源石 5年 2次 +1,下半身用の制服に装着する源石。<br>5年生用 2次制服(強化レベル+1)から生成されたものだ,装備アイテム強化,11,0,5,0
176311,reinforce_6001,腰衣源石 5年 2次 +2,下半身用の制服に装着する源石。<br>5年生用 2次制服(強化レベル+2)から生成されたものだ,装備アイテム強化,11,0,5,0
176312,reinforce_6001,腰衣源石 5年 2次 +3,下半身用の制服に装着する源石。<br>5年生用 2次制服(強化レベル+3)から生成されたものだ,装備アイテム強化,11,0,5,0
176313,reinforce_6001,腰衣源石 5年 2次 +4,下半身用の制服に装着する源石。<br>5年生用 2次制服(強化レベル+4)から生成されたものだ,装備アイテム強化,11,0,5,0
176314,reinforce_6001,腰衣源石 5年 2次 +5,下半身用の制服に装着する源石。<br>5年生用 2次制服(強化レベル+5)から生成されたものだ,装備アイテム強化,11,0,5,0
176315,reinforce_6001,腰衣源石 5年 2次 +6,下半身用の制服に装着する源石。<br>5年生用 2次制服(強化レベル+6)から生成されたものだ,装備アイテム強化,11,0,5,0
176316,reinforce_6001,腰衣源石 5年 2次 +7,下半身用の制服に装着する源石。<br>5年生用 2次制服(強化レベル+7)から生成されたものだ,装備アイテム強化,11,0,5,0
176317,reinforce_6001,腰衣源石 5年 2次 +8,下半身用の制服に装着する源石。<br>5年生用 2次制服(強化レベル+8)から生成されたものだ,装備アイテム強化,11,0,5,0
176318,reinforce_6001,腰衣源石 5年 2次 +9,下半身用の制服に装着する源石。<br>5年生用 2次制服(強化レベル+9)から生成されたものだ,装備アイテム強化,11,0,5,0
176319,reinforce_6001,腰衣源石 5年 2次 +10,下半身用の制服に装着する源石。<br>5年生用 2次制服(強化レベル+10)から生成されたものだ,装備アイテム強化,11,0,5,0
176320,reinforce_6001,腰衣源石 5年 3次 ,下半身用の制服に装着する源石。<br>5年生用 3次制服(未強化)から生成されたものだ,装備アイテム強化,11,0,5,0
176321,reinforce_6001,腰衣源石 5年 3次 +1,下半身用の制服に装着する源石。<br>5年生用 3次制服(強化レベル+1)から生成されたものだ,装備アイテム強化,11,0,5,0
176322,reinforce_6001,腰衣源石 5年 3次 +2,下半身用の制服に装着する源石。<br>5年生用 3次制服(強化レベル+2)から生成されたものだ,装備アイテム強化,11,0,5,0
176323,reinforce_6001,腰衣源石 5年 3次 +3,下半身用の制服に装着する源石。<br>5年生用 3次制服(強化レベル+3)から生成されたものだ,装備アイテム強化,11,0,5,0
176324,reinforce_6001,腰衣源石 5年 3次 +4,下半身用の制服に装着する源石。<br>5年生用 3次制服(強化レベル+4)から生成されたものだ,装備アイテム強化,11,0,5,0
176325,reinforce_6001,腰衣源石 5年 3次 +5,下半身用の制服に装着する源石。<br>5年生用 3次制服(強化レベル+5)から生成されたものだ,装備アイテム強化,11,0,5,0
176326,reinforce_6001,腰衣源石 5年 3次 +6,下半身用の制服に装着する源石。<br>5年生用 3次制服(強化レベル+6)から生成されたものだ,装備アイテム強化,11,0,5,0
176327,reinforce_6001,腰衣源石 5年 3次 +7,下半身用の制服に装着する源石。<br>5年生用 3次制服(強化レベル+7)から生成されたものだ,装備アイテム強化,11,0,5,0
176328,reinforce_6001,腰衣源石 5年 3次 +8,下半身用の制服に装着する源石。<br>5年生用 3次制服(強化レベル+8)から生成されたものだ,装備アイテム強化,11,0,5,0
176329,reinforce_6001,腰衣源石 5年 3次 +9,下半身用の制服に装着する源石。<br>5年生用 3次制服(強化レベル+9)から生成されたものだ,装備アイテム強化,11,0,5,0
176330,reinforce_6001,腰衣源石 5年 3次 +10,下半身用の制服に装着する源石。<br>5年生用 3次制服(強化レベル+10)から生成されたものだ,装備アイテム強化,11,0,5,0
176331,reinforce_6001,腰衣源石 5年 1次 ,下半身用の制服に装着する源石。<br>5年生用 1次制服(未強化)から生成されたものだ,装備アイテム強化,11,0,5,0
176332,reinforce_6001,腰衣源石 5年 1次 +1,下半身用の制服に装着する源石。<br>5年生用 1次制服(強化レベル+1)から生成されたものだ,装備アイテム強化,11,0,5,0
176333,reinforce_6001,腰衣源石 5年 1次 +2,下半身用の制服に装着する源石。<br>5年生用 1次制服(強化レベル+2)から生成されたものだ,装備アイテム強化,11,0,5,0
176334,reinforce_6001,腰衣源石 5年 1次 +3,下半身用の制服に装着する源石。<br>5年生用 1次制服(強化レベル+3)から生成されたものだ,装備アイテム強化,11,0,5,0
176335,reinforce_6001,腰衣源石 5年 1次 +4,下半身用の制服に装着する源石。<br>5年生用 1次制服(強化レベル+4)から生成されたものだ,装備アイテム強化,11,0,5,0
176336,reinforce_6001,腰衣源石 5年 1次 +5,下半身用の制服に装着する源石。<br>5年生用 1次制服(強化レベル+5)から生成されたものだ,装備アイテム強化,11,0,5,0
176337,reinforce_6001,腰衣源石 5年 1次 +6,下半身用の制服に装着する源石。<br>5年生用 1次制服(強化レベル+6)から生成されたものだ,装備アイテム強化,11,0,5,0
176338,reinforce_6001,腰衣源石 5年 1次 +7,下半身用の制服に装着する源石。<br>5年生用 1次制服(強化レベル+7)から生成されたものだ,装備アイテム強化,11,0,5,0
176339,reinforce_6001,腰衣源石 5年 1次 +8,下半身用の制服に装着する源石。<br>5年生用 1次制服(強化レベル+8)から生成されたものだ,装備アイテム強化,11,0,5,0
176340,reinforce_6001,腰衣源石 5年 1次 +9,下半身用の制服に装着する源石。<br>5年生用 1次制服(強化レベル+9)から生成されたものだ,装備アイテム強化,11,0,5,0
176341,reinforce_6001,腰衣源石 5年 1次 +10,下半身用の制服に装着する源石。<br>5年生用 1次制服(強化レベル+10)から生成されたものだ,装備アイテム強化,11,0,5,0
176342,reinforce_6001,腰衣源石 5年 2次 ,下半身用の制服に装着する源石。<br>5年生用 2次制服(未強化)から生成されたものだ,装備アイテム強化,11,0,5,0
176343,reinforce_6001,腰衣源石 5年 2次 +1,下半身用の制服に装着する源石。<br>5年生用 2次制服(強化レベル+1)から生成されたものだ,装備アイテム強化,11,0,5,0
176344,reinforce_6001,腰衣源石 5年 2次 +2,下半身用の制服に装着する源石。<br>5年生用 2次制服(強化レベル+2)から生成されたものだ,装備アイテム強化,11,0,5,0
176345,reinforce_6001,腰衣源石 5年 2次 +3,下半身用の制服に装着する源石。<br>5年生用 2次制服(強化レベル+3)から生成されたものだ,装備アイテム強化,11,0,5,0
176346,reinforce_6001,腰衣源石 5年 2次 +4,下半身用の制服に装着する源石。<br>5年生用 2次制服(強化レベル+4)から生成されたものだ,装備アイテム強化,11,0,5,0
176347,reinforce_6001,腰衣源石 5年 2次 +5,下半身用の制服に装着する源石。<br>5年生用 2次制服(強化レベル+5)から生成されたものだ,装備アイテム強化,11,0,5,0
176348,reinforce_6001,腰衣源石 5年 2次 +6,下半身用の制服に装着する源石。<br>5年生用 2次制服(強化レベル+6)から生成されたものだ,装備アイテム強化,11,0,5,0
176349,reinforce_6001,腰衣源石 5年 2次 +7,下半身用の制服に装着する源石。<br>5年生用 2次制服(強化レベル+7)から生成されたものだ,装備アイテム強化,11,0,5,0
176350,reinforce_6001,腰衣源石 5年 2次 +8,下半身用の制服に装着する源石。<br>5年生用 2次制服(強化レベル+8)から生成されたものだ,装備アイテム強化,11,0,5,0
176351,reinforce_6001,腰衣源石 5年 2次 +9,下半身用の制服に装着する源石。<br>5年生用 2次制服(強化レベル+9)から生成されたものだ,装備アイテム強化,11,0,5,0
176352,reinforce_6001,腰衣源石 5年 2次 +10,下半身用の制服に装着する源石。<br>5年生用 2次制服(強化レベル+10)から生成されたものだ,装備アイテム強化,11,0,5,0
176353,reinforce_6001,腰衣源石 5年 3次 ,下半身用の制服に装着する源石。<br>5年生用 3次制服(未強化)から生成されたものだ,装備アイテム強化,11,0,5,0
176354,reinforce_6001,腰衣源石 5年 3次 +1,下半身用の制服に装着する源石。<br>5年生用 3次制服(強化レベル+1)から生成されたものだ,装備アイテム強化,11,0,5,0
176355,reinforce_6001,腰衣源石 5年 3次 +2,下半身用の制服に装着する源石。<br>5年生用 3次制服(強化レベル+2)から生成されたものだ,装備アイテム強化,11,0,5,0
176356,reinforce_6001,腰衣源石 5年 3次 +3,下半身用の制服に装着する源石。<br>5年生用 3次制服(強化レベル+3)から生成されたものだ,装備アイテム強化,11,0,5,0
176357,reinforce_6001,腰衣源石 5年 3次 +4,下半身用の制服に装着する源石。<br>5年生用 3次制服(強化レベル+4)から生成されたものだ,装備アイテム強化,11,0,5,0
176358,reinforce_6001,腰衣源石 5年 3次 +5,下半身用の制服に装着する源石。<br>5年生用 3次制服(強化レベル+5)から生成されたものだ,装備アイテム強化,11,0,5,0
176359,reinforce_6001,腰衣源石 5年 3次 +6,下半身用の制服に装着する源石。<br>5年生用 3次制服(強化レベル+6)から生成されたものだ,装備アイテム強化,11,0,5,0
176360,reinforce_6001,腰衣源石 5年 3次 +7,下半身用の制服に装着する源石。<br>5年生用 3次制服(強化レベル+7)から生成されたものだ,装備アイテム強化,11,0,5,0
176361,reinforce_6001,腰衣源石 5年 3次 +8,下半身用の制服に装着する源石。<br>5年生用 3次制服(強化レベル+8)から生成されたものだ,装備アイテム強化,11,0,5,0
176362,reinforce_6001,腰衣源石 5年 3次 +9,下半身用の制服に装着する源石。<br>5年生用 3次制服(強化レベル+9)から生成されたものだ,装備アイテム強化,11,0,5,0
176363,reinforce_6001,腰衣源石 5年 3次 +10,下半身用の制服に装着する源石。<br>5年生用 3次制服(強化レベル+10)から生成されたものだ,装備アイテム強化,11,0,5,0
176364,reinforce_6001,腰衣源石 5年 1次 ,下半身用の制服に装着する源石。<br>5年生用 1次制服(未強化)から生成されたものだ,装備アイテム強化,11,0,5,0
176365,reinforce_6001,腰衣源石 5年 1次 +1,下半身用の制服に装着する源石。<br>5年生用 1次制服(強化レベル+1)から生成されたものだ,装備アイテム強化,11,0,5,0
176366,reinforce_6001,腰衣源石 5年 1次 +2,下半身用の制服に装着する源石。<br>5年生用 1次制服(強化レベル+2)から生成されたものだ,装備アイテム強化,11,0,5,0
176367,reinforce_6001,腰衣源石 5年 1次 +3,下半身用の制服に装着する源石。<br>5年生用 1次制服(強化レベル+3)から生成されたものだ,装備アイテム強化,11,0,5,0
176368,reinforce_6001,腰衣源石 5年 1次 +4,下半身用の制服に装着する源石。<br>5年生用 1次制服(強化レベル+4)から生成されたものだ,装備アイテム強化,11,0,5,0
176369,reinforce_6001,腰衣源石 5年 1次 +5,下半身用の制服に装着する源石。<br>5年生用 1次制服(強化レベル+5)から生成されたものだ,装備アイテム強化,11,0,5,0
176370,reinforce_6001,腰衣源石 5年 1次 +6,下半身用の制服に装着する源石。<br>5年生用 1次制服(強化レベル+6)から生成されたものだ,装備アイテム強化,11,0,5,0
176371,reinforce_6001,腰衣源石 6年 1次 +7,下半身用の制服に装着する源石。<br>6年生用 1次制服(強化レベル+7)から生成されたものだ,装備アイテム強化,11,0,5,0
176372,reinforce_6001,腰衣源石 6年 1次 +8,下半身用の制服に装着する源石。<br>6年生用 1次制服(強化レベル+8)から生成されたものだ,装備アイテム強化,11,0,5,0
176373,reinforce_6001,腰衣源石 6年 1次 +9,下半身用の制服に装着する源石。<br>6年生用 1次制服(強化レベル+9)から生成されたものだ,装備アイテム強化,11,0,5,0
176374,reinforce_6001,腰衣源石 6年 1次 +10,下半身用の制服に装着する源石。<br>6年生用 1次制服(強化レベル+10)から生成されたものだ,装備アイテム強化,11,0,5,0
176375,reinforce_6001,腰衣源石 6年 2次 ,下半身用の制服に装着する源石。<br>6年生用 2次制服(未強化)から生成されたものだ,装備アイテム強化,11,0,5,0
176376,reinforce_6001,腰衣源石 6年 2次 +1,下半身用の制服に装着する源石。<br>6年生用 2次制服(強化レベル+1)から生成されたものだ,装備アイテム強化,11,0,5,0
176377,reinforce_6001,腰衣源石 6年 2次 +2,下半身用の制服に装着する源石。<br>6年生用 2次制服(強化レベル+2)から生成されたものだ,装備アイテム強化,11,0,5,0
176378,reinforce_6001,腰衣源石 6年 2次 +3,下半身用の制服に装着する源石。<br>6年生用 2次制服(強化レベル+3)から生成されたものだ,装備アイテム強化,11,0,5,0
176379,reinforce_6001,腰衣源石 6年 2次 +4,下半身用の制服に装着する源石。<br>6年生用 2次制服(強化レベル+4)から生成されたものだ,装備アイテム強化,11,0,5,0
176380,reinforce_6001,腰衣源石 6年 2次 +5,下半身用の制服に装着する源石。<br>6年生用 2次制服(強化レベル+5)から生成されたものだ,装備アイテム強化,11,0,5,0
176381,reinforce_6001,腰衣源石 6年 2次 +6,下半身用の制服に装着する源石。<br>6年生用 2次制服(強化レベル+6)から生成されたものだ,装備アイテム強化,11,0,5,0
176382,reinforce_6001,腰衣源石 6年 2次 +7,下半身用の制服に装着する源石。<br>6年生用 2次制服(強化レベル+7)から生成されたものだ,装備アイテム強化,11,0,5,0
176383,reinforce_6001,腰衣源石 6年 2次 +8,下半身用の制服に装着する源石。<br>6年生用 2次制服(強化レベル+8)から生成されたものだ,装備アイテム強化,11,0,5,0
176384,reinforce_6001,腰衣源石 6年 2次 +9,下半身用の制服に装着する源石。<br>6年生用 2次制服(強化レベル+9)から生成されたものだ,装備アイテム強化,11,0,5,0
176385,reinforce_6001,腰衣源石 6年 2次 +10,下半身用の制服に装着する源石。<br>6年生用 2次制服(強化レベル+10)から生成されたものだ,装備アイテム強化,11,0,5,0
176386,reinforce_6001,腰衣源石 6年 3次 ,下半身用の制服に装着する源石。<br>6年生用 3次制服(未強化)から生成されたものだ,装備アイテム強化,11,0,5,0
176387,reinforce_6001,腰衣源石 6年 3次 +1,下半身用の制服に装着する源石。<br>6年生用 3次制服(強化レベル+1)から生成されたものだ,装備アイテム強化,11,0,5,0
176388,reinforce_6001,腰衣源石 6年 3次 +2,下半身用の制服に装着する源石。<br>6年生用 3次制服(強化レベル+2)から生成されたものだ,装備アイテム強化,11,0,5,0
176389,reinforce_6001,腰衣源石 6年 3次 +3,下半身用の制服に装着する源石。<br>6年生用 3次制服(強化レベル+3)から生成されたものだ,装備アイテム強化,11,0,5,0
176390,reinforce_6001,腰衣源石 6年 3次 +4,下半身用の制服に装着する源石。<br>6年生用 3次制服(強化レベル+4)から生成されたものだ,装備アイテム強化,11,0,5,0
176391,reinforce_6001,腰衣源石 6年 3次 +5,下半身用の制服に装着する源石。<br>6年生用 3次制服(強化レベル+5)から生成されたものだ,装備アイテム強化,11,0,5,0
176392,reinforce_6001,腰衣源石 6年 3次 +6,下半身用の制服に装着する源石。<br>6年生用 3次制服(強化レベル+6)から生成されたものだ,装備アイテム強化,11,0,5,0
176393,reinforce_6001,腰衣源石 6年 3次 +7,下半身用の制服に装着する源石。<br>6年生用 3次制服(強化レベル+7)から生成されたものだ,装備アイテム強化,11,0,5,0
176394,reinforce_6001,腰衣源石 6年 3次 +8,下半身用の制服に装着する源石。<br>6年生用 3次制服(強化レベル+8)から生成されたものだ,装備アイテム強化,11,0,5,0
176395,reinforce_6001,腰衣源石 6年 3次 +9,下半身用の制服に装着する源石。<br>6年生用 3次制服(強化レベル+9)から生成されたものだ,装備アイテム強化,11,0,5,0
176396,reinforce_6001,腰衣源石 6年 3次 +10,下半身用の制服に装着する源石。<br>6年生用 3次制服(強化レベル+10)から生成されたものだ,装備アイテム強化,11,0,5,0
176397,reinforce_6001,腰衣源石 6年 1次 ,下半身用の制服に装着する源石。<br>6年生用 1次制服(未強化)から生成されたものだ,装備アイテム強化,11,0,5,0
176398,reinforce_6001,腰衣源石 6年 1次 +1,下半身用の制服に装着する源石。<br>6年生用 1次制服(強化レベル+1)から生成されたものだ,装備アイテム強化,11,0,5,0
176399,reinforce_6001,腰衣源石 6年 1次 +2,下半身用の制服に装着する源石。<br>6年生用 1次制服(強化レベル+2)から生成されたものだ,装備アイテム強化,11,0,5,0
176400,reinforce_6001,腰衣源石 6年 1次 +3,下半身用の制服に装着する源石。<br>6年生用 1次制服(強化レベル+3)から生成されたものだ,装備アイテム強化,11,0,5,0
176401,reinforce_6001,腰衣源石 6年 1次 +4,下半身用の制服に装着する源石。<br>6年生用 1次制服(強化レベル+4)から生成されたものだ,装備アイテム強化,11,0,5,0
176402,reinforce_6001,腰衣源石 6年 1次 +5,下半身用の制服に装着する源石。<br>6年生用 1次制服(強化レベル+5)から生成されたものだ,装備アイテム強化,11,0,5,0
176403,reinforce_6001,腰衣源石 6年 1次 +6,下半身用の制服に装着する源石。<br>6年生用 1次制服(強化レベル+6)から生成されたものだ,装備アイテム強化,11,0,5,0
176404,reinforce_6001,腰衣源石 6年 1次 +7,下半身用の制服に装着する源石。<br>6年生用 1次制服(強化レベル+7)から生成されたものだ,装備アイテム強化,11,0,5,0
176405,reinforce_6001,腰衣源石 6年 1次 +8,下半身用の制服に装着する源石。<br>6年生用 1次制服(強化レベル+8)から生成されたものだ,装備アイテム強化,11,0,5,0
176406,reinforce_6001,腰衣源石 6年 1次 +9,下半身用の制服に装着する源石。<br>6年生用 1次制服(強化レベル+9)から生成されたものだ,装備アイテム強化,11,0,5,0
176407,reinforce_6001,腰衣源石 6年 1次 +10,下半身用の制服に装着する源石。<br>6年生用 1次制服(強化レベル+10)から生成されたものだ,装備アイテム強化,11,0,5,0
176408,reinforce_6001,腰衣源石 6年 2次 ,下半身用の制服に装着する源石。<br>6年生用 2次制服(未強化)から生成されたものだ,装備アイテム強化,11,0,5,0
176409,reinforce_6001,腰衣源石 6年 2次 +1,下半身用の制服に装着する源石。<br>6年生用 2次制服(強化レベル+1)から生成されたものだ,装備アイテム強化,11,0,5,0
176410,reinforce_6001,腰衣源石 6年 2次 +2,下半身用の制服に装着する源石。<br>6年生用 2次制服(強化レベル+2)から生成されたものだ,装備アイテム強化,11,0,5,0
176411,reinforce_6001,腰衣源石 6年 2次 +3,下半身用の制服に装着する源石。<br>6年生用 2次制服(強化レベル+3)から生成されたものだ,装備アイテム強化,11,0,5,0
176412,reinforce_6001,腰衣源石 6年 2次 +4,下半身用の制服に装着する源石。<br>6年生用 2次制服(強化レベル+4)から生成されたものだ,装備アイテム強化,11,0,5,0
176413,reinforce_6001,腰衣源石 6年 2次 +5,下半身用の制服に装着する源石。<br>6年生用 2次制服(強化レベル+5)から生成されたものだ,装備アイテム強化,11,0,5,0
176414,reinforce_6001,腰衣源石 6年 2次 +6,下半身用の制服に装着する源石。<br>6年生用 2次制服(強化レベル+6)から生成されたものだ,装備アイテム強化,11,0,5,0
176415,reinforce_6001,腰衣源石 6年 2次 +7,下半身用の制服に装着する源石。<br>6年生用 2次制服(強化レベル+7)から生成されたものだ,装備アイテム強化,11,0,5,0
176416,reinforce_6001,腰衣源石 6年 2次 +8,下半身用の制服に装着する源石。<br>6年生用 2次制服(強化レベル+8)から生成されたものだ,装備アイテム強化,11,0,5,0
176417,reinforce_6001,腰衣源石 6年 2次 +9,下半身用の制服に装着する源石。<br>6年生用 2次制服(強化レベル+9)から生成されたものだ,装備アイテム強化,11,0,5,0
176418,reinforce_6001,腰衣源石 6年 2次 +10,下半身用の制服に装着する源石。<br>6年生用 2次制服(強化レベル+10)から生成されたものだ,装備アイテム強化,11,0,5,0
176419,reinforce_6001,腰衣源石 6年 3次 ,下半身用の制服に装着する源石。<br>6年生用 3次制服(未強化)から生成されたものだ,装備アイテム強化,11,0,5,0
176420,reinforce_6001,腰衣源石 6年 3次 +1,下半身用の制服に装着する源石。<br>6年生用 3次制服(強化レベル+1)から生成されたものだ,装備アイテム強化,11,0,5,0
176421,reinforce_6001,腰衣源石 6年 3次 +2,下半身用の制服に装着する源石。<br>6年生用 3次制服(強化レベル+2)から生成されたものだ,装備アイテム強化,11,0,5,0
176422,reinforce_6001,腰衣源石 6年 3次 +3,下半身用の制服に装着する源石。<br>6年生用 3次制服(強化レベル+3)から生成されたものだ,装備アイテム強化,11,0,5,0
176423,reinforce_6001,腰衣源石 6年 3次 +4,下半身用の制服に装着する源石。<br>6年生用 3次制服(強化レベル+4)から生成されたものだ,装備アイテム強化,11,0,5,0
176424,reinforce_6001,腰衣源石 6年 3次 +5,下半身用の制服に装着する源石。<br>6年生用 3次制服(強化レベル+5)から生成されたものだ,装備アイテム強化,11,0,5,0
176425,reinforce_6001,腰衣源石 6年 3次 +6,下半身用の制服に装着する源石。<br>6年生用 3次制服(強化レベル+6)から生成されたものだ,装備アイテム強化,11,0,5,0
176426,reinforce_6001,腰衣源石 6年 3次 +7,下半身用の制服に装着する源石。<br>6年生用 3次制服(強化レベル+7)から生成されたものだ,装備アイテム強化,11,0,5,0
177100,reinforce_7001,走源石 1年 1次 ,靴に装着する源石。<br>1年生用 1次制服(未強化)から生成されたものだ,装備アイテム強化,7,0,5,0
177101,reinforce_7001,走源石 1年 1次 +1,靴に装着する源石。<br>1年生用 1次制服(強化レベル+1)から生成されたものだ,装備アイテム強化,7,0,5,0
177102,reinforce_7001,走源石 1年 1次 +2,靴に装着する源石。<br>1年生用 1次制服(強化レベル+2)から生成されたものだ,装備アイテム強化,7,0,5,0
177103,reinforce_7001,走源石 1年 1次 +3,靴に装着する源石。<br>1年生用 1次制服(強化レベル+3)から生成されたものだ,装備アイテム強化,7,0,5,0
177104,reinforce_7001,走源石 1年 1次 +4,靴に装着する源石。<br>1年生用 1次制服(強化レベル+4)から生成されたものだ,装備アイテム強化,7,0,5,0
177105,reinforce_7001,走源石 1年 1次 +5,靴に装着する源石。<br>1年生用 1次制服(強化レベル+5)から生成されたものだ,装備アイテム強化,7,0,5,0
177106,reinforce_7001,走源石 1年 1次 +6,靴に装着する源石。<br>1年生用 1次制服(強化レベル+6)から生成されたものだ,装備アイテム強化,7,0,5,0
177107,reinforce_7001,走源石 1年 1次 +7,靴に装着する源石。<br>1年生用 1次制服(強化レベル+7)から生成されたものだ,装備アイテム強化,7,0,5,0
177108,reinforce_7001,走源石 1年 1次 +8,靴に装着する源石。<br>1年生用 1次制服(強化レベル+8)から生成されたものだ,装備アイテム強化,7,0,5,0
177109,reinforce_7001,走源石 1年 1次 +9,靴に装着する源石。<br>1年生用 1次制服(強化レベル+9)から生成されたものだ,装備アイテム強化,7,0,5,0
177110,reinforce_7001,走源石 1年 1次 +10,靴に装着する源石。<br>1年生用 1次制服(強化レベル+10)から生成されたものだ,装備アイテム強化,7,0,5,0
177111,reinforce_7001,走源石 1年 2次 ,靴に装着する源石。<br>1年生用 2次制服(未強化)から生成されたものだ,装備アイテム強化,7,0,5,0
177112,reinforce_7001,走源石 1年 2次 +1,靴に装着する源石。<br>1年生用 2次制服(強化レベル+1)から生成されたものだ,装備アイテム強化,7,0,5,0
177113,reinforce_7001,走源石 1年 2次 +2,靴に装着する源石。<br>1年生用 2次制服(強化レベル+2)から生成されたものだ,装備アイテム強化,7,0,5,0
177114,reinforce_7001,走源石 1年 2次 +3,靴に装着する源石。<br>1年生用 2次制服(強化レベル+3)から生成されたものだ,装備アイテム強化,7,0,5,0
177115,reinforce_7001,走源石 1年 2次 +4,靴に装着する源石。<br>1年生用 2次制服(強化レベル+4)から生成されたものだ,装備アイテム強化,7,0,5,0
177116,reinforce_7001,走源石 1年 2次 +5,靴に装着する源石。<br>1年生用 2次制服(強化レベル+5)から生成されたものだ,装備アイテム強化,7,0,5,0
177117,reinforce_7001,走源石 1年 2次 +6,靴に装着する源石。<br>1年生用 2次制服(強化レベル+6)から生成されたものだ,装備アイテム強化,7,0,5,0
177118,reinforce_7001,走源石 1年 2次 +7,靴に装着する源石。<br>1年生用 2次制服(強化レベル+7)から生成されたものだ,装備アイテム強化,7,0,5,0
177119,reinforce_7001,走源石 1年 2次 +8,靴に装着する源石。<br>1年生用 2次制服(強化レベル+8)から生成されたものだ,装備アイテム強化,7,0,5,0
177120,reinforce_7001,走源石 1年 2次 +9,靴に装着する源石。<br>1年生用 2次制服(強化レベル+9)から生成されたものだ,装備アイテム強化,7,0,5,0
177121,reinforce_7001,走源石 1年 2次 +10,靴に装着する源石。<br>1年生用 2次制服(強化レベル+10)から生成されたものだ,装備アイテム強化,7,0,5,0
177122,reinforce_7001,走源石 1年 3次 ,靴に装着する源石。<br>1年生用 3次制服(未強化)から生成されたものだ,装備アイテム強化,7,0,5,0
177123,reinforce_7001,走源石 1年 3次 +1,靴に装着する源石。<br>1年生用 3次制服(強化レベル+1)から生成されたものだ,装備アイテム強化,7,0,5,0
177124,reinforce_7001,走源石 1年 3次 +2,靴に装着する源石。<br>1年生用 3次制服(強化レベル+2)から生成されたものだ,装備アイテム強化,7,0,5,0
177125,reinforce_7001,走源石 1年 3次 +3,靴に装着する源石。<br>1年生用 3次制服(強化レベル+3)から生成されたものだ,装備アイテム強化,7,0,5,0
177126,reinforce_7001,走源石 1年 3次 +4,靴に装着する源石。<br>1年生用 3次制服(強化レベル+4)から生成されたものだ,装備アイテム強化,7,0,5,0
177127,reinforce_7001,走源石 1年 3次 +5,靴に装着する源石。<br>1年生用 3次制服(強化レベル+5)から生成されたものだ,装備アイテム強化,7,0,5,0
177128,reinforce_7001,走源石 1年 3次 +6,靴に装着する源石。<br>1年生用 3次制服(強化レベル+6)から生成されたものだ,装備アイテム強化,7,0,5,0
177129,reinforce_7001,走源石 1年 3次 +7,靴に装着する源石。<br>1年生用 3次制服(強化レベル+7)から生成されたものだ,装備アイテム強化,7,0,5,0
177130,reinforce_7001,走源石 1年 3次 +8,靴に装着する源石。<br>1年生用 3次制服(強化レベル+8)から生成されたものだ,装備アイテム強化,7,0,5,0
177131,reinforce_7001,走源石 1年 3次 +9,靴に装着する源石。<br>1年生用 3次制服(強化レベル+9)から生成されたものだ,装備アイテム強化,7,0,5,0
177132,reinforce_7001,走源石 1年 3次 +10,靴に装着する源石。<br>1年生用 3次制服(強化レベル+10)から生成されたものだ,装備アイテム強化,7,0,5,0
177133,reinforce_7001,走源石 2年 1次 ,靴に装着する源石。<br>2年生用 1次制服(未強化)から生成されたものだ,装備アイテム強化,7,0,5,0
177134,reinforce_7001,走源石 2年 1次 +1,靴に装着する源石。<br>2年生用 1次制服(強化レベル+1)から生成されたものだ,装備アイテム強化,7,0,5,0
177135,reinforce_7001,走源石 2年 1次 +2,靴に装着する源石。<br>2年生用 1次制服(強化レベル+2)から生成されたものだ,装備アイテム強化,7,0,5,0
177136,reinforce_7001,走源石 2年 1次 +3,靴に装着する源石。<br>2年生用 1次制服(強化レベル+3)から生成されたものだ,装備アイテム強化,7,0,5,0
177137,reinforce_7001,走源石 2年 1次 +4,靴に装着する源石。<br>2年生用 1次制服(強化レベル+4)から生成されたものだ,装備アイテム強化,7,0,5,0
177138,reinforce_7001,走源石 2年 1次 +5,靴に装着する源石。<br>2年生用 1次制服(強化レベル+5)から生成されたものだ,装備アイテム強化,7,0,5,0
177139,reinforce_7001,走源石 2年 1次 +6,靴に装着する源石。<br>2年生用 1次制服(強化レベル+6)から生成されたものだ,装備アイテム強化,7,0,5,0
177140,reinforce_7001,走源石 2年 1次 +7,靴に装着する源石。<br>2年生用 1次制服(強化レベル+7)から生成されたものだ,装備アイテム強化,7,0,5,0
177141,reinforce_7001,走源石 2年 1次 +8,靴に装着する源石。<br>2年生用 1次制服(強化レベル+8)から生成されたものだ,装備アイテム強化,7,0,5,0
177142,reinforce_7001,走源石 2年 1次 +9,靴に装着する源石。<br>2年生用 1次制服(強化レベル+9)から生成されたものだ,装備アイテム強化,7,0,5,0
177143,reinforce_7001,走源石 2年 1次 +10,靴に装着する源石。<br>2年生用 1次制服(強化レベル+10)から生成されたものだ,装備アイテム強化,7,0,5,0
177144,reinforce_7001,走源石 2年 2次 ,靴に装着する源石。<br>2年生用 2次制服(未強化)から生成されたものだ,装備アイテム強化,8,0,5,0
177145,reinforce_7001,走源石 2年 2次 +1,靴に装着する源石。<br>2年生用 2次制服(強化レベル+1)から生成されたものだ,装備アイテム強化,8,0,5,0
177146,reinforce_7001,走源石 2年 2次 +2,靴に装着する源石。<br>2年生用 2次制服(強化レベル+2)から生成されたものだ,装備アイテム強化,8,0,5,0
177147,reinforce_7001,走源石 2年 2次 +3,靴に装着する源石。<br>2年生用 2次制服(強化レベル+3)から生成されたものだ,装備アイテム強化,8,0,5,0
177148,reinforce_7001,走源石 2年 2次 +4,靴に装着する源石。<br>2年生用 2次制服(強化レベル+4)から生成されたものだ,装備アイテム強化,8,0,5,0
177149,reinforce_7001,走源石 2年 2次 +5,靴に装着する源石。<br>2年生用 2次制服(強化レベル+5)から生成されたものだ,装備アイテム強化,8,0,5,0
177150,reinforce_7001,走源石 2年 2次 +6,靴に装着する源石。<br>2年生用 2次制服(強化レベル+6)から生成されたものだ,装備アイテム強化,8,0,5,0
177151,reinforce_7001,走源石 2年 2次 +7,靴に装着する源石。<br>2年生用 2次制服(強化レベル+7)から生成されたものだ,装備アイテム強化,8,0,5,0
177152,reinforce_7001,走源石 2年 2次 +8,靴に装着する源石。<br>2年生用 2次制服(強化レベル+8)から生成されたものだ,装備アイテム強化,8,0,5,0
177153,reinforce_7001,走源石 2年 2次 +9,靴に装着する源石。<br>2年生用 2次制服(強化レベル+9)から生成されたものだ,装備アイテム強化,8,0,5,0
177154,reinforce_7001,走源石 2年 2次 +10,靴に装着する源石。<br>2年生用 2次制服(強化レベル+10)から生成されたものだ,装備アイテム強化,8,0,5,0
177155,reinforce_7001,走源石 2年 3次 ,靴に装着する源石。<br>2年生用 3次制服(未強化)から生成されたものだ,装備アイテム強化,8,0,5,0
177156,reinforce_7001,走源石 2年 3次 +1,靴に装着する源石。<br>2年生用 3次制服(強化レベル+1)から生成されたものだ,装備アイテム強化,8,0,5,0
177157,reinforce_7001,走源石 2年 3次 +2,靴に装着する源石。<br>2年生用 3次制服(強化レベル+2)から生成されたものだ,装備アイテム強化,8,0,5,0
177158,reinforce_7001,走源石 2年 3次 +3,靴に装着する源石。<br>2年生用 3次制服(強化レベル+3)から生成されたものだ,装備アイテム強化,8,0,5,0
177159,reinforce_7001,走源石 2年 3次 +4,靴に装着する源石。<br>2年生用 3次制服(強化レベル+4)から生成されたものだ,装備アイテム強化,8,0,5,0
177160,reinforce_7001,走源石 2年 3次 +5,靴に装着する源石。<br>2年生用 3次制服(強化レベル+5)から生成されたものだ,装備アイテム強化,8,0,5,0
177161,reinforce_7001,走源石 2年 3次 +6,靴に装着する源石。<br>2年生用 3次制服(強化レベル+6)から生成されたものだ,装備アイテム強化,8,0,5,0
177162,reinforce_7001,走源石 2年 3次 +7,靴に装着する源石。<br>2年生用 3次制服(強化レベル+7)から生成されたものだ,装備アイテム強化,8,0,5,0
177163,reinforce_7001,走源石 2年 3次 +8,靴に装着する源石。<br>2年生用 3次制服(強化レベル+8)から生成されたものだ,装備アイテム強化,8,0,5,0
177164,reinforce_7001,走源石 2年 3次 +9,靴に装着する源石。<br>2年生用 3次制服(強化レベル+9)から生成されたものだ,装備アイテム強化,8,0,5,0
177165,reinforce_7001,走源石 2年 3次 +10,靴に装着する源石。<br>2年生用 3次制服(強化レベル+10)から生成されたものだ,装備アイテム強化,8,0,5,0
177166,reinforce_7001,走源石 3年 1次 ,靴に装着する源石。<br>3年生用 1次制服(未強化)から生成されたものだ,装備アイテム強化,8,0,5,0
177167,reinforce_7001,走源石 3年 1次 +1,靴に装着する源石。<br>3年生用 1次制服(強化レベル+1)から生成されたものだ,装備アイテム強化,8,0,5,0
177168,reinforce_7001,走源石 3年 1次 +2,靴に装着する源石。<br>3年生用 1次制服(強化レベル+2)から生成されたものだ,装備アイテム強化,8,0,5,0
177169,reinforce_7001,走源石 3年 1次 +3,靴に装着する源石。<br>3年生用 1次制服(強化レベル+3)から生成されたものだ,装備アイテム強化,8,0,5,0
177170,reinforce_7001,走源石 3年 1次 +4,靴に装着する源石。<br>3年生用 1次制服(強化レベル+4)から生成されたものだ,装備アイテム強化,8,0,5,0
177171,reinforce_7001,走源石 3年 1次 +5,靴に装着する源石。<br>3年生用 1次制服(強化レベル+5)から生成されたものだ,装備アイテム強化,8,0,5,0
177172,reinforce_7001,走源石 3年 1次 +6,靴に装着する源石。<br>3年生用 1次制服(強化レベル+6)から生成されたものだ,装備アイテム強化,8,0,5,0
177173,reinforce_7001,走源石 3年 1次 +7,靴に装着する源石。<br>3年生用 1次制服(強化レベル+7)から生成されたものだ,装備アイテム強化,8,0,5,0
177174,reinforce_7001,走源石 3年 1次 +8,靴に装着する源石。<br>3年生用 1次制服(強化レベル+8)から生成されたものだ,装備アイテム強化,8,0,5,0
177175,reinforce_7001,走源石 3年 1次 +9,靴に装着する源石。<br>3年生用 1次制服(強化レベル+9)から生成されたものだ,装備アイテム強化,8,0,5,0
177176,reinforce_7001,走源石 3年 1次 +10,靴に装着する源石。<br>3年生用 1次制服(強化レベル+10)から生成されたものだ,装備アイテム強化,8,0,5,0
177177,reinforce_7001,走源石 3年 2次 ,靴に装着する源石。<br>3年生用 2次制服(未強化)から生成されたものだ,装備アイテム強化,8,0,5,0
177178,reinforce_7001,走源石 3年 2次 +1,靴に装着する源石。<br>3年生用 2次制服(強化レベル+1)から生成されたものだ,装備アイテム強化,8,0,5,0
177179,reinforce_7001,走源石 3年 2次 +2,靴に装着する源石。<br>3年生用 2次制服(強化レベル+2)から生成されたものだ,装備アイテム強化,8,0,5,0
177180,reinforce_7001,走源石 3年 2次 +3,靴に装着する源石。<br>3年生用 2次制服(強化レベル+3)から生成されたものだ,装備アイテム強化,8,0,5,0
177181,reinforce_7001,走源石 3年 2次 +4,靴に装着する源石。<br>3年生用 2次制服(強化レベル+4)から生成されたものだ,装備アイテム強化,8,0,5,0
177182,reinforce_7001,走源石 3年 2次 +5,靴に装着する源石。<br>3年生用 2次制服(強化レベル+5)から生成されたものだ,装備アイテム強化,8,0,5,0
177183,reinforce_7001,走源石 3年 2次 +6,靴に装着する源石。<br>3年生用 2次制服(強化レベル+6)から生成されたものだ,装備アイテム強化,8,0,5,0
177184,reinforce_7001,走源石 3年 2次 +7,靴に装着する源石。<br>3年生用 2次制服(強化レベル+7)から生成されたものだ,装備アイテム強化,8,0,5,0
177185,reinforce_7001,走源石 3年 2次 +8,靴に装着する源石。<br>3年生用 2次制服(強化レベル+8)から生成されたものだ,装備アイテム強化,8,0,5,0
177186,reinforce_7001,走源石 3年 2次 +9,靴に装着する源石。<br>3年生用 2次制服(強化レベル+9)から生成されたものだ,装備アイテム強化,8,0,5,0
177187,reinforce_7001,走源石 3年 2次 +10,靴に装着する源石。<br>3年生用 2次制服(強化レベル+10)から生成されたものだ,装備アイテム強化,8,0,5,0
177188,reinforce_7001,走源石 3年 3次 ,靴に装着する源石。<br>3年生用 3次制服(未強化)から生成されたものだ,装備アイテム強化,9,0,5,0
177189,reinforce_7001,走源石 3年 3次 +1,靴に装着する源石。<br>3年生用 3次制服(強化レベル+1)から生成されたものだ,装備アイテム強化,9,0,5,0
177190,reinforce_7001,走源石 3年 3次 +2,靴に装着する源石。<br>3年生用 3次制服(強化レベル+2)から生成されたものだ,装備アイテム強化,9,0,5,0
177191,reinforce_7001,走源石 3年 3次 +3,靴に装着する源石。<br>3年生用 3次制服(強化レベル+3)から生成されたものだ,装備アイテム強化,9,0,5,0
177192,reinforce_7001,走源石 3年 3次 +4,靴に装着する源石。<br>3年生用 3次制服(強化レベル+4)から生成されたものだ,装備アイテム強化,9,0,5,0
177193,reinforce_7001,走源石 3年 3次 +5,靴に装着する源石。<br>3年生用 3次制服(強化レベル+5)から生成されたものだ,装備アイテム強化,9,0,5,0
177194,reinforce_7001,走源石 3年 3次 +6,靴に装着する源石。<br>3年生用 3次制服(強化レベル+6)から生成されたものだ,装備アイテム強化,9,0,5,0
177195,reinforce_7001,走源石 3年 3次 +7,靴に装着する源石。<br>3年生用 3次制服(強化レベル+7)から生成されたものだ,装備アイテム強化,9,0,5,0
177196,reinforce_7001,走源石 3年 3次 +8,靴に装着する源石。<br>3年生用 3次制服(強化レベル+8)から生成されたものだ,装備アイテム強化,9,0,5,0
177197,reinforce_7001,走源石 3年 3次 +9,靴に装着する源石。<br>3年生用 3次制服(強化レベル+9)から生成されたものだ,装備アイテム強化,9,0,5,0
177198,reinforce_7001,走源石 3年 3次 +10,靴に装着する源石。<br>3年生用 3次制服(強化レベル+10)から生成されたものだ,装備アイテム強化,9,0,5,0
177199,reinforce_7001,走源石 4年 1次 ,靴に装着する源石。<br>4年生用 1次制服(未強化)から生成されたものだ,装備アイテム強化,9,0,5,0
177200,reinforce_7001,走源石 4年 1次 +1,靴に装着する源石。<br>4年生用 1次制服(強化レベル+1)から生成されたものだ,装備アイテム強化,9,0,5,0
177201,reinforce_7001,走源石 4年 1次 +2,靴に装着する源石。<br>4年生用 1次制服(強化レベル+2)から生成されたものだ,装備アイテム強化,9,0,5,0
177202,reinforce_7001,走源石 4年 1次 +3,靴に装着する源石。<br>4年生用 1次制服(強化レベル+3)から生成されたものだ,装備アイテム強化,9,0,5,0
177203,reinforce_7001,走源石 4年 1次 +4,靴に装着する源石。<br>4年生用 1次制服(強化レベル+4)から生成されたものだ,装備アイテム強化,9,0,5,0
177204,reinforce_7001,走源石 4年 1次 +5,靴に装着する源石。<br>4年生用 1次制服(強化レベル+5)から生成されたものだ,装備アイテム強化,9,0,5,0
177205,reinforce_7001,走源石 4年 1次 +6,靴に装着する源石。<br>4年生用 1次制服(強化レベル+6)から生成されたものだ,装備アイテム強化,9,0,5,0
177206,reinforce_7001,走源石 4年 1次 +7,靴に装着する源石。<br>4年生用 1次制服(強化レベル+7)から生成されたものだ,装備アイテム強化,9,0,5,0
177207,reinforce_7001,走源石 4年 1次 +8,靴に装着する源石。<br>4年生用 1次制服(強化レベル+8)から生成されたものだ,装備アイテム強化,9,0,5,0
177208,reinforce_7001,走源石 4年 1次 +9,靴に装着する源石。<br>4年生用 1次制服(強化レベル+9)から生成されたものだ,装備アイテム強化,9,0,5,0
177209,reinforce_7001,走源石 4年 1次 +10,靴に装着する源石。<br>4年生用 1次制服(強化レベル+10)から生成されたものだ,装備アイテム強化,9,0,5,0
177210,reinforce_7001,走源石 4年 2次 ,靴に装着する源石。<br>4年生用 2次制服(未強化)から生成されたものだ,装備アイテム強化,9,0,5,0
177211,reinforce_7001,走源石 4年 2次 +1,靴に装着する源石。<br>4年生用 2次制服(強化レベル+1)から生成されたものだ,装備アイテム強化,9,0,5,0
177212,reinforce_7001,走源石 4年 2次 +2,靴に装着する源石。<br>4年生用 2次制服(強化レベル+2)から生成されたものだ,装備アイテム強化,9,0,5,0
177213,reinforce_7001,走源石 4年 2次 +3,靴に装着する源石。<br>4年生用 2次制服(強化レベル+3)から生成されたものだ,装備アイテム強化,9,0,5,0
177214,reinforce_7001,走源石 4年 2次 +4,靴に装着する源石。<br>4年生用 2次制服(強化レベル+4)から生成されたものだ,装備アイテム強化,9,0,5,0
177215,reinforce_7001,走源石 4年 2次 +5,靴に装着する源石。<br>4年生用 2次制服(強化レベル+5)から生成されたものだ,装備アイテム強化,9,0,5,0
177216,reinforce_7001,走源石 4年 2次 +6,靴に装着する源石。<br>4年生用 2次制服(強化レベル+6)から生成されたものだ,装備アイテム強化,9,0,5,0
177217,reinforce_7001,走源石 4年 2次 +7,靴に装着する源石。<br>4年生用 2次制服(強化レベル+7)から生成されたものだ,装備アイテム強化,9,0,5,0
177218,reinforce_7001,走源石 4年 2次 +8,靴に装着する源石。<br>4年生用 2次制服(強化レベル+8)から生成されたものだ,装備アイテム強化,9,0,5,0
177219,reinforce_7001,走源石 4年 2次 +9,靴に装着する源石。<br>4年生用 2次制服(強化レベル+9)から生成されたものだ,装備アイテム強化,9,0,5,0
177220,reinforce_7001,走源石 4年 2次 +10,靴に装着する源石。<br>4年生用 2次制服(強化レベル+10)から生成されたものだ,装備アイテム強化,9,0,5,0
177221,reinforce_7001,走源石 4年 3次 ,靴に装着する源石。<br>4年生用 3次制服(未強化)から生成されたものだ,装備アイテム強化,9,0,5,0
177222,reinforce_7001,走源石 4年 3次 +1,靴に装着する源石。<br>4年生用 3次制服(強化レベル+1)から生成されたものだ,装備アイテム強化,9,0,5,0
177223,reinforce_7001,走源石 4年 3次 +2,靴に装着する源石。<br>4年生用 3次制服(強化レベル+2)から生成されたものだ,装備アイテム強化,9,0,5,0
177224,reinforce_7001,走源石 4年 3次 +3,靴に装着する源石。<br>4年生用 3次制服(強化レベル+3)から生成されたものだ,装備アイテム強化,9,0,5,0
177225,reinforce_7001,走源石 4年 3次 +4,靴に装着する源石。<br>4年生用 3次制服(強化レベル+4)から生成されたものだ,装備アイテム強化,9,0,5,0
177226,reinforce_7001,走源石 4年 3次 +5,靴に装着する源石。<br>4年生用 3次制服(強化レベル+5)から生成されたものだ,装備アイテム強化,9,0,5,0
177227,reinforce_7001,走源石 4年 3次 +6,靴に装着する源石。<br>4年生用 3次制服(強化レベル+6)から生成されたものだ,装備アイテム強化,9,0,5,0
177228,reinforce_7001,走源石 4年 3次 +7,靴に装着する源石。<br>4年生用 3次制服(強化レベル+7)から生成されたものだ,装備アイテム強化,9,0,5,0
177229,reinforce_7001,走源石 4年 3次 +8,靴に装着する源石。<br>4年生用 3次制服(強化レベル+8)から生成されたものだ,装備アイテム強化,9,0,5,0
177230,reinforce_7001,走源石 4年 3次 +9,靴に装着する源石。<br>4年生用 3次制服(強化レベル+9)から生成されたものだ,装備アイテム強化,9,0,5,0
177231,reinforce_7001,走源石 4年 3次 +10,靴に装着する源石。<br>4年生用 3次制服(強化レベル+10)から生成されたものだ,装備アイテム強化,9,0,5,0
177232,reinforce_7001,走源石 5年 1次 ,靴に装着する源石。<br>5年生用 1次制服(未強化)から生成されたものだ,装備アイテム強化,10,0,5,0
177233,reinforce_7001,走源石 5年 1次 +1,靴に装着する源石。<br>5年生用 1次制服(強化レベル+1)から生成されたものだ,装備アイテム強化,10,0,5,0
177234,reinforce_7001,走源石 5年 1次 +2,靴に装着する源石。<br>5年生用 1次制服(強化レベル+2)から生成されたものだ,装備アイテム強化,10,0,5,0
177235,reinforce_7001,走源石 5年 1次 +3,靴に装着する源石。<br>5年生用 1次制服(強化レベル+3)から生成されたものだ,装備アイテム強化,10,0,5,0
177236,reinforce_7001,走源石 5年 1次 +4,靴に装着する源石。<br>5年生用 1次制服(強化レベル+4)から生成されたものだ,装備アイテム強化,10,0,5,0
177237,reinforce_7001,走源石 5年 1次 +5,靴に装着する源石。<br>5年生用 1次制服(強化レベル+5)から生成されたものだ,装備アイテム強化,10,0,5,0
177238,reinforce_7001,走源石 5年 1次 +6,靴に装着する源石。<br>5年生用 1次制服(強化レベル+6)から生成されたものだ,装備アイテム強化,10,0,5,0
177239,reinforce_7001,走源石 5年 1次 +7,靴に装着する源石。<br>5年生用 1次制服(強化レベル+7)から生成されたものだ,装備アイテム強化,10,0,5,0
177240,reinforce_7001,走源石 5年 1次 +8,靴に装着する源石。<br>5年生用 1次制服(強化レベル+8)から生成されたものだ,装備アイテム強化,10,0,5,0
177241,reinforce_7001,走源石 5年 1次 +9,靴に装着する源石。<br>5年生用 1次制服(強化レベル+9)から生成されたものだ,装備アイテム強化,10,0,5,0
177242,reinforce_7001,走源石 5年 1次 +10,靴に装着する源石。<br>5年生用 1次制服(強化レベル+10)から生成されたものだ,装備アイテム強化,10,0,5,0
177243,reinforce_7001,走源石 5年 2次 ,靴に装着する源石。<br>5年生用 2次制服(未強化)から生成されたものだ,装備アイテム強化,10,0,5,0
177244,reinforce_7001,走源石 5年 2次 +1,靴に装着する源石。<br>5年生用 2次制服(強化レベル+1)から生成されたものだ,装備アイテム強化,10,0,5,0
177245,reinforce_7001,走源石 5年 2次 +2,靴に装着する源石。<br>5年生用 2次制服(強化レベル+2)から生成されたものだ,装備アイテム強化,10,0,5,0
177246,reinforce_7001,走源石 5年 2次 +3,靴に装着する源石。<br>5年生用 2次制服(強化レベル+3)から生成されたものだ,装備アイテム強化,10,0,5,0
177247,reinforce_7001,走源石 5年 2次 +4,靴に装着する源石。<br>5年生用 2次制服(強化レベル+4)から生成されたものだ,装備アイテム強化,10,0,5,0
177248,reinforce_7001,走源石 5年 2次 +5,靴に装着する源石。<br>5年生用 2次制服(強化レベル+5)から生成されたものだ,装備アイテム強化,10,0,5,0
177249,reinforce_7001,走源石 5年 2次 +6,靴に装着する源石。<br>5年生用 2次制服(強化レベル+6)から生成されたものだ,装備アイテム強化,10,0,5,0
177250,reinforce_7001,走源石 5年 2次 +7,靴に装着する源石。<br>5年生用 2次制服(強化レベル+7)から生成されたものだ,装備アイテム強化,10,0,5,0
177251,reinforce_7001,走源石 5年 2次 +8,靴に装着する源石。<br>5年生用 2次制服(強化レベル+8)から生成されたものだ,装備アイテム強化,10,0,5,0
177252,reinforce_7001,走源石 5年 2次 +9,靴に装着する源石。<br>5年生用 2次制服(強化レベル+9)から生成されたものだ,装備アイテム強化,10,0,5,0
177253,reinforce_7001,走源石 5年 2次 +10,靴に装着する源石。<br>5年生用 2次制服(強化レベル+10)から生成されたものだ,装備アイテム強化,10,0,5,0
177254,reinforce_7001,走源石 5年 3次 ,靴に装着する源石。<br>5年生用 3次制服(未強化)から生成されたものだ,装備アイテム強化,10,0,5,0
177255,reinforce_7001,走源石 5年 3次 +1,靴に装着する源石。<br>5年生用 3次制服(強化レベル+1)から生成されたものだ,装備アイテム強化,10,0,5,0
177256,reinforce_7001,走源石 5年 3次 +2,靴に装着する源石。<br>5年生用 3次制服(強化レベル+2)から生成されたものだ,装備アイテム強化,10,0,5,0
177257,reinforce_7001,走源石 5年 3次 +3,靴に装着する源石。<br>5年生用 3次制服(強化レベル+3)から生成されたものだ,装備アイテム強化,10,0,5,0
177258,reinforce_7001,走源石 5年 3次 +4,靴に装着する源石。<br>5年生用 3次制服(強化レベル+4)から生成されたものだ,装備アイテム強化,10,0,5,0
177259,reinforce_7001,走源石 5年 3次 +5,靴に装着する源石。<br>5年生用 3次制服(強化レベル+5)から生成されたものだ,装備アイテム強化,10,0,5,0
177260,reinforce_7001,走源石 5年 3次 +6,靴に装着する源石。<br>5年生用 3次制服(強化レベル+6)から生成されたものだ,装備アイテム強化,10,0,5,0
177261,reinforce_7001,走源石 5年 3次 +7,靴に装着する源石。<br>5年生用 3次制服(強化レベル+7)から生成されたものだ,装備アイテム強化,10,0,5,0
177262,reinforce_7001,走源石 5年 3次 +8,靴に装着する源石。<br>5年生用 3次制服(強化レベル+8)から生成されたものだ,装備アイテム強化,10,0,5,0
177263,reinforce_7001,走源石 5年 3次 +9,靴に装着する源石。<br>5年生用 3次制服(強化レベル+9)から生成されたものだ,装備アイテム強化,10,0,5,0
177264,reinforce_7001,走源石 5年 3次 +10,靴に装着する源石。<br>5年生用 3次制服(強化レベル+10)から生成されたものだ,装備アイテム強化,10,0,5,0
177265,reinforce_7001,走源石 5年 1次 ,靴に装着する源石。<br>5年生用 1次制服(未強化)から生成されたものだ,装備アイテム強化,10,0,5,0
177266,reinforce_7001,走源石 5年 1次 +1,靴に装着する源石。<br>5年生用 1次制服(強化レベル+1)から生成されたものだ,装備アイテム強化,10,0,5,0
177267,reinforce_7001,走源石 5年 1次 +2,靴に装着する源石。<br>5年生用 1次制服(強化レベル+2)から生成されたものだ,装備アイテム強化,10,0,5,0
177268,reinforce_7001,走源石 5年 1次 +3,靴に装着する源石。<br>5年生用 1次制服(強化レベル+3)から生成されたものだ,装備アイテム強化,10,0,5,0
177269,reinforce_7001,走源石 5年 1次 +4,靴に装着する源石。<br>5年生用 1次制服(強化レベル+4)から生成されたものだ,装備アイテム強化,10,0,5,0
177270,reinforce_7001,走源石 5年 1次 +5,靴に装着する源石。<br>5年生用 1次制服(強化レベル+5)から生成されたものだ,装備アイテム強化,10,0,5,0
177271,reinforce_7001,走源石 5年 1次 +6,靴に装着する源石。<br>5年生用 1次制服(強化レベル+6)から生成されたものだ,装備アイテム強化,10,0,5,0
177272,reinforce_7001,走源石 5年 1次 +7,靴に装着する源石。<br>5年生用 1次制服(強化レベル+7)から生成されたものだ,装備アイテム強化,10,0,5,0
177273,reinforce_7001,走源石 5年 1次 +8,靴に装着する源石。<br>5年生用 1次制服(強化レベル+8)から生成されたものだ,装備アイテム強化,10,0,5,0
177274,reinforce_7001,走源石 5年 1次 +9,靴に装着する源石。<br>5年生用 1次制服(強化レベル+9)から生成されたものだ,装備アイテム強化,10,0,5,0
177275,reinforce_7001,走源石 5年 1次 +10,靴に装着する源石。<br>5年生用 1次制服(強化レベル+10)から生成されたものだ,装備アイテム強化,10,0,5,0
177276,reinforce_7001,走源石 5年 2次 ,靴に装着する源石。<br>5年生用 2次制服(未強化)から生成されたものだ,装備アイテム強化,10,0,5,0
177277,reinforce_7001,走源石 5年 2次 +1,靴に装着する源石。<br>5年生用 2次制服(強化レベル+1)から生成されたものだ,装備アイテム強化,10,0,5,0
177278,reinforce_7001,走源石 5年 2次 +2,靴に装着する源石。<br>5年生用 2次制服(強化レベル+2)から生成されたものだ,装備アイテム強化,10,0,5,0
177279,reinforce_7001,走源石 5年 2次 +3,靴に装着する源石。<br>5年生用 2次制服(強化レベル+3)から生成されたものだ,装備アイテム強化,10,0,5,0
177280,reinforce_7001,走源石 5年 2次 +4,靴に装着する源石。<br>5年生用 2次制服(強化レベル+4)から生成されたものだ,装備アイテム強化,10,0,5,0
177281,reinforce_7001,走源石 5年 2次 +5,靴に装着する源石。<br>5年生用 2次制服(強化レベル+5)から生成されたものだ,装備アイテム強化,10,0,5,0
177282,reinforce_7001,走源石 5年 2次 +6,靴に装着する源石。<br>5年生用 2次制服(強化レベル+6)から生成されたものだ,装備アイテム強化,10,0,5,0
177283,reinforce_7001,走源石 5年 2次 +7,靴に装着する源石。<br>5年生用 2次制服(強化レベル+7)から生成されたものだ,装備アイテム強化,10,0,5,0
177284,reinforce_7001,走源石 5年 2次 +8,靴に装着する源石。<br>5年生用 2次制服(強化レベル+8)から生成されたものだ,装備アイテム強化,10,0,5,0
177285,reinforce_7001,走源石 5年 2次 +9,靴に装着する源石。<br>5年生用 2次制服(強化レベル+9)から生成されたものだ,装備アイテム強化,10,0,5,0
177286,reinforce_7001,走源石 5年 2次 +10,靴に装着する源石。<br>5年生用 2次制服(強化レベル+10)から生成されたものだ,装備アイテム強化,10,0,5,0
177287,reinforce_7001,走源石 5年 3次 ,靴に装着する源石。<br>5年生用 3次制服(未強化)から生成されたものだ,装備アイテム強化,11,0,5,0
177288,reinforce_7001,走源石 5年 3次 +1,靴に装着する源石。<br>5年生用 3次制服(強化レベル+1)から生成されたものだ,装備アイテム強化,11,0,5,0
177289,reinforce_7001,走源石 5年 3次 +2,靴に装着する源石。<br>5年生用 3次制服(強化レベル+2)から生成されたものだ,装備アイテム強化,11,0,5,0
177290,reinforce_7001,走源石 5年 3次 +3,靴に装着する源石。<br>5年生用 3次制服(強化レベル+3)から生成されたものだ,装備アイテム強化,11,0,5,0
177291,reinforce_7001,走源石 5年 3次 +4,靴に装着する源石。<br>5年生用 3次制服(強化レベル+4)から生成されたものだ,装備アイテム強化,11,0,5,0
177292,reinforce_7001,走源石 5年 3次 +5,靴に装着する源石。<br>5年生用 3次制服(強化レベル+5)から生成されたものだ,装備アイテム強化,11,0,5,0
177293,reinforce_7001,走源石 5年 3次 +6,靴に装着する源石。<br>5年生用 3次制服(強化レベル+6)から生成されたものだ,装備アイテム強化,11,0,5,0
177294,reinforce_7001,走源石 5年 3次 +7,靴に装着する源石。<br>5年生用 3次制服(強化レベル+7)から生成されたものだ,装備アイテム強化,11,0,5,0
177295,reinforce_7001,走源石 5年 3次 +8,靴に装着する源石。<br>5年生用 3次制服(強化レベル+8)から生成されたものだ,装備アイテム強化,11,0,5,0
177296,reinforce_7001,走源石 5年 3次 +9,靴に装着する源石。<br>5年生用 3次制服(強化レベル+9)から生成されたものだ,装備アイテム強化,11,0,5,0
177297,reinforce_7001,走源石 5年 3次 +10,靴に装着する源石。<br>5年生用 3次制服(強化レベル+10)から生成されたものだ,装備アイテム強化,11,0,5,0
177298,reinforce_7001,走源石 5年 1次 ,靴に装着する源石。<br>5年生用 1次制服(未強化)から生成されたものだ,装備アイテム強化,11,0,5,0
177299,reinforce_7001,走源石 5年 1次 +1,靴に装着する源石。<br>5年生用 1次制服(強化レベル+1)から生成されたものだ,装備アイテム強化,11,0,5,0
177300,reinforce_7001,走源石 5年 1次 +2,靴に装着する源石。<br>5年生用 1次制服(強化レベル+2)から生成されたものだ,装備アイテム強化,11,0,5,0
177301,reinforce_7001,走源石 5年 1次 +3,靴に装着する源石。<br>5年生用 1次制服(強化レベル+3)から生成されたものだ,装備アイテム強化,11,0,5,0
177302,reinforce_7001,走源石 5年 1次 +4,靴に装着する源石。<br>5年生用 1次制服(強化レベル+4)から生成されたものだ,装備アイテム強化,11,0,5,0
177303,reinforce_7001,走源石 5年 1次 +5,靴に装着する源石。<br>5年生用 1次制服(強化レベル+5)から生成されたものだ,装備アイテム強化,11,0,5,0
177304,reinforce_7001,走源石 5年 1次 +6,靴に装着する源石。<br>5年生用 1次制服(強化レベル+6)から生成されたものだ,装備アイテム強化,11,0,5,0
177305,reinforce_7001,走源石 5年 1次 +7,靴に装着する源石。<br>5年生用 1次制服(強化レベル+7)から生成されたものだ,装備アイテム強化,11,0,5,0
177306,reinforce_7001,走源石 5年 1次 +8,靴に装着する源石。<br>5年生用 1次制服(強化レベル+8)から生成されたものだ,装備アイテム強化,11,0,5,0
177307,reinforce_7001,走源石 5年 1次 +9,靴に装着する源石。<br>5年生用 1次制服(強化レベル+9)から生成されたものだ,装備アイテム強化,11,0,5,0
177308,reinforce_7001,走源石 5年 1次 +10,靴に装着する源石。<br>5年生用 1次制服(強化レベル+10)から生成されたものだ,装備アイテム強化,11,0,5,0
177309,reinforce_7001,走源石 5年 2次 ,靴に装着する源石。<br>5年生用 2次制服(未強化)から生成されたものだ,装備アイテム強化,11,0,5,0
177310,reinforce_7001,走源石 5年 2次 +1,靴に装着する源石。<br>5年生用 2次制服(強化レベル+1)から生成されたものだ,装備アイテム強化,11,0,5,0
177311,reinforce_7001,走源石 5年 2次 +2,靴に装着する源石。<br>5年生用 2次制服(強化レベル+2)から生成されたものだ,装備アイテム強化,11,0,5,0
177312,reinforce_7001,走源石 5年 2次 +3,靴に装着する源石。<br>5年生用 2次制服(強化レベル+3)から生成されたものだ,装備アイテム強化,11,0,5,0
177313,reinforce_7001,走源石 5年 2次 +4,靴に装着する源石。<br>5年生用 2次制服(強化レベル+4)から生成されたものだ,装備アイテム強化,11,0,5,0
177314,reinforce_7001,走源石 5年 2次 +5,靴に装着する源石。<br>5年生用 2次制服(強化レベル+5)から生成されたものだ,装備アイテム強化,11,0,5,0
177315,reinforce_7001,走源石 5年 2次 +6,靴に装着する源石。<br>5年生用 2次制服(強化レベル+6)から生成されたものだ,装備アイテム強化,11,0,5,0
177316,reinforce_7001,走源石 5年 2次 +7,靴に装着する源石。<br>5年生用 2次制服(強化レベル+7)から生成されたものだ,装備アイテム強化,11,0,5,0
177317,reinforce_7001,走源石 5年 2次 +8,靴に装着する源石。<br>5年生用 2次制服(強化レベル+8)から生成されたものだ,装備アイテム強化,11,0,5,0
177318,reinforce_7001,走源石 5年 2次 +9,靴に装着する源石。<br>5年生用 2次制服(強化レベル+9)から生成されたものだ,装備アイテム強化,11,0,5,0
177319,reinforce_7001,走源石 5年 2次 +10,靴に装着する源石。<br>5年生用 2次制服(強化レベル+10)から生成されたものだ,装備アイテム強化,11,0,5,0
177320,reinforce_7001,走源石 5年 3次 ,靴に装着する源石。<br>5年生用 3次制服(未強化)から生成されたものだ,装備アイテム強化,11,0,5,0
177321,reinforce_7001,走源石 5年 3次 +1,靴に装着する源石。<br>5年生用 3次制服(強化レベル+1)から生成されたものだ,装備アイテム強化,11,0,5,0
177322,reinforce_7001,走源石 5年 3次 +2,靴に装着する源石。<br>5年生用 3次制服(強化レベル+2)から生成されたものだ,装備アイテム強化,11,0,5,0
177323,reinforce_7001,走源石 5年 3次 +3,靴に装着する源石。<br>5年生用 3次制服(強化レベル+3)から生成されたものだ,装備アイテム強化,11,0,5,0
177324,reinforce_7001,走源石 5年 3次 +4,靴に装着する源石。<br>5年生用 3次制服(強化レベル+4)から生成されたものだ,装備アイテム強化,11,0,5,0
177325,reinforce_7001,走源石 5年 3次 +5,靴に装着する源石。<br>5年生用 3次制服(強化レベル+5)から生成されたものだ,装備アイテム強化,11,0,5,0
177326,reinforce_7001,走源石 5年 3次 +6,靴に装着する源石。<br>5年生用 3次制服(強化レベル+6)から生成されたものだ,装備アイテム強化,11,0,5,0
177327,reinforce_7001,走源石 5年 3次 +7,靴に装着する源石。<br>5年生用 3次制服(強化レベル+7)から生成されたものだ,装備アイテム強化,11,0,5,0
177328,reinforce_7001,走源石 5年 3次 +8,靴に装着する源石。<br>5年生用 3次制服(強化レベル+8)から生成されたものだ,装備アイテム強化,11,0,5,0
177329,reinforce_7001,走源石 5年 3次 +9,靴に装着する源石。<br>5年生用 3次制服(強化レベル+9)から生成されたものだ,装備アイテム強化,11,0,5,0
177330,reinforce_7001,走源石 5年 3次 +10,靴に装着する源石。<br>5年生用 3次制服(強化レベル+10)から生成されたものだ,装備アイテム強化,11,0,5,0
177331,reinforce_7001,走源石 5年 1次 ,靴に装着する源石。<br>5年生用 1次制服(未強化)から生成されたものだ,装備アイテム強化,11,0,5,0
177332,reinforce_7001,走源石 5年 1次 +1,靴に装着する源石。<br>5年生用 1次制服(強化レベル+1)から生成されたものだ,装備アイテム強化,11,0,5,0
177333,reinforce_7001,走源石 5年 1次 +2,靴に装着する源石。<br>5年生用 1次制服(強化レベル+2)から生成されたものだ,装備アイテム強化,11,0,5,0
177334,reinforce_7001,走源石 5年 1次 +3,靴に装着する源石。<br>5年生用 1次制服(強化レベル+3)から生成されたものだ,装備アイテム強化,11,0,5,0
177335,reinforce_7001,走源石 5年 1次 +4,靴に装着する源石。<br>5年生用 1次制服(強化レベル+4)から生成されたものだ,装備アイテム強化,11,0,5,0
177336,reinforce_7001,走源石 5年 1次 +5,靴に装着する源石。<br>5年生用 1次制服(強化レベル+5)から生成されたものだ,装備アイテム強化,11,0,5,0
177337,reinforce_7001,走源石 5年 1次 +6,靴に装着する源石。<br>5年生用 1次制服(強化レベル+6)から生成されたものだ,装備アイテム強化,11,0,5,0
177338,reinforce_7001,走源石 5年 1次 +7,靴に装着する源石。<br>5年生用 1次制服(強化レベル+7)から生成されたものだ,装備アイテム強化,11,0,5,0
177339,reinforce_7001,走源石 5年 1次 +8,靴に装着する源石。<br>5年生用 1次制服(強化レベル+8)から生成されたものだ,装備アイテム強化,11,0,5,0
177340,reinforce_7001,走源石 5年 1次 +9,靴に装着する源石。<br>5年生用 1次制服(強化レベル+9)から生成されたものだ,装備アイテム強化,11,0,5,0
177341,reinforce_7001,走源石 5年 1次 +10,靴に装着する源石。<br>5年生用 1次制服(強化レベル+10)から生成されたものだ,装備アイテム強化,11,0,5,0
177342,reinforce_7001,走源石 5年 2次 ,靴に装着する源石。<br>5年生用 2次制服(未強化)から生成されたものだ,装備アイテム強化,11,0,5,0
177343,reinforce_7001,走源石 5年 2次 +1,靴に装着する源石。<br>5年生用 2次制服(強化レベル+1)から生成されたものだ,装備アイテム強化,11,0,5,0
177344,reinforce_7001,走源石 5年 2次 +2,靴に装着する源石。<br>5年生用 2次制服(強化レベル+2)から生成されたものだ,装備アイテム強化,11,0,5,0
177345,reinforce_7001,走源石 5年 2次 +3,靴に装着する源石。<br>5年生用 2次制服(強化レベル+3)から生成されたものだ,装備アイテム強化,11,0,5,0
177346,reinforce_7001,走源石 5年 2次 +4,靴に装着する源石。<br>5年生用 2次制服(強化レベル+4)から生成されたものだ,装備アイテム強化,11,0,5,0
177347,reinforce_7001,走源石 5年 2次 +5,靴に装着する源石。<br>5年生用 2次制服(強化レベル+5)から生成されたものだ,装備アイテム強化,11,0,5,0
177348,reinforce_7001,走源石 5年 2次 +6,靴に装着する源石。<br>5年生用 2次制服(強化レベル+6)から生成されたものだ,装備アイテム強化,11,0,5,0
177349,reinforce_7001,走源石 5年 2次 +7,靴に装着する源石。<br>5年生用 2次制服(強化レベル+7)から生成されたものだ,装備アイテム強化,11,0,5,0
177350,reinforce_7001,走源石 5年 2次 +8,靴に装着する源石。<br>5年生用 2次制服(強化レベル+8)から生成されたものだ,装備アイテム強化,11,0,5,0
177351,reinforce_7001,走源石 5年 2次 +9,靴に装着する源石。<br>5年生用 2次制服(強化レベル+9)から生成されたものだ,装備アイテム強化,11,0,5,0
177352,reinforce_7001,走源石 5年 2次 +10,靴に装着する源石。<br>5年生用 2次制服(強化レベル+10)から生成されたものだ,装備アイテム強化,11,0,5,0
177353,reinforce_7001,走源石 5年 3次 ,靴に装着する源石。<br>5年生用 3次制服(未強化)から生成されたものだ,装備アイテム強化,11,0,5,0
177354,reinforce_7001,走源石 5年 3次 +1,靴に装着する源石。<br>5年生用 3次制服(強化レベル+1)から生成されたものだ,装備アイテム強化,11,0,5,0
177355,reinforce_7001,走源石 5年 3次 +2,靴に装着する源石。<br>5年生用 3次制服(強化レベル+2)から生成されたものだ,装備アイテム強化,11,0,5,0
177356,reinforce_7001,走源石 5年 3次 +3,靴に装着する源石。<br>5年生用 3次制服(強化レベル+3)から生成されたものだ,装備アイテム強化,11,0,5,0
177357,reinforce_7001,走源石 5年 3次 +4,靴に装着する源石。<br>5年生用 3次制服(強化レベル+4)から生成されたものだ,装備アイテム強化,11,0,5,0
177358,reinforce_7001,走源石 5年 3次 +5,靴に装着する源石。<br>5年生用 3次制服(強化レベル+5)から生成されたものだ,装備アイテム強化,11,0,5,0
177359,reinforce_7001,走源石 5年 3次 +6,靴に装着する源石。<br>5年生用 3次制服(強化レベル+6)から生成されたものだ,装備アイテム強化,11,0,5,0
177360,reinforce_7001,走源石 5年 3次 +7,靴に装着する源石。<br>5年生用 3次制服(強化レベル+7)から生成されたものだ,装備アイテム強化,11,0,5,0
177361,reinforce_7001,走源石 5年 3次 +8,靴に装着する源石。<br>5年生用 3次制服(強化レベル+8)から生成されたものだ,装備アイテム強化,11,0,5,0
177362,reinforce_7001,走源石 5年 3次 +9,靴に装着する源石。<br>5年生用 3次制服(強化レベル+9)から生成されたものだ,装備アイテム強化,11,0,5,0
177363,reinforce_7001,走源石 5年 3次 +10,靴に装着する源石。<br>5年生用 3次制服(強化レベル+10)から生成されたものだ,装備アイテム強化,11,0,5,0
177364,reinforce_7001,走源石 5年 1次 ,靴に装着する源石。<br>5年生用 1次制服(未強化)から生成されたものだ,装備アイテム強化,11,0,5,0
177365,reinforce_7001,走源石 5年 1次 +1,靴に装着する源石。<br>5年生用 1次制服(強化レベル+1)から生成されたものだ,装備アイテム強化,11,0,5,0
177366,reinforce_7001,走源石 5年 1次 +2,靴に装着する源石。<br>5年生用 1次制服(強化レベル+2)から生成されたものだ,装備アイテム強化,11,0,5,0
177367,reinforce_7001,走源石 5年 1次 +3,靴に装着する源石。<br>5年生用 1次制服(強化レベル+3)から生成されたものだ,装備アイテム強化,11,0,5,0
177368,reinforce_7001,走源石 5年 1次 +4,靴に装着する源石。<br>5年生用 1次制服(強化レベル+4)から生成されたものだ,装備アイテム強化,11,0,5,0
177369,reinforce_7001,走源石 5年 1次 +5,靴に装着する源石。<br>5年生用 1次制服(強化レベル+5)から生成されたものだ,装備アイテム強化,11,0,5,0
177370,reinforce_7001,走源石 5年 1次 +6,靴に装着する源石。<br>5年生用 1次制服(強化レベル+6)から生成されたものだ,装備アイテム強化,11,0,5,0
177371,reinforce_7001,走源石 6年 1次 +7,靴に装着する源石。<br>6年生用 1次制服(強化レベル+7)から生成されたものだ,装備アイテム強化,11,0,5,0
177372,reinforce_7001,走源石 6年 1次 +8,靴に装着する源石。<br>6年生用 1次制服(強化レベル+8)から生成されたものだ,装備アイテム強化,11,0,5,0
177373,reinforce_7001,走源石 6年 1次 +9,靴に装着する源石。<br>6年生用 1次制服(強化レベル+9)から生成されたものだ,装備アイテム強化,11,0,5,0
177374,reinforce_7001,走源石 6年 1次 +10,靴に装着する源石。<br>6年生用 1次制服(強化レベル+10)から生成されたものだ,装備アイテム強化,11,0,5,0
177375,reinforce_7001,走源石 6年 2次 ,靴に装着する源石。<br>6年生用 2次制服(未強化)から生成されたものだ,装備アイテム強化,11,0,5,0
177376,reinforce_7001,走源石 6年 2次 +1,靴に装着する源石。<br>6年生用 2次制服(強化レベル+1)から生成されたものだ,装備アイテム強化,11,0,5,0
177377,reinforce_7001,走源石 6年 2次 +2,靴に装着する源石。<br>6年生用 2次制服(強化レベル+2)から生成されたものだ,装備アイテム強化,11,0,5,0
177378,reinforce_7001,走源石 6年 2次 +3,靴に装着する源石。<br>6年生用 2次制服(強化レベル+3)から生成されたものだ,装備アイテム強化,11,0,5,0
177379,reinforce_7001,走源石 6年 2次 +4,靴に装着する源石。<br>6年生用 2次制服(強化レベル+4)から生成されたものだ,装備アイテム強化,11,0,5,0
177380,reinforce_7001,走源石 6年 2次 +5,靴に装着する源石。<br>6年生用 2次制服(強化レベル+5)から生成されたものだ,装備アイテム強化,11,0,5,0
177381,reinforce_7001,走源石 6年 2次 +6,靴に装着する源石。<br>6年生用 2次制服(強化レベル+6)から生成されたものだ,装備アイテム強化,11,0,5,0
177382,reinforce_7001,走源石 6年 2次 +7,靴に装着する源石。<br>6年生用 2次制服(強化レベル+7)から生成されたものだ,装備アイテム強化,11,0,5,0
177383,reinforce_7001,走源石 6年 2次 +8,靴に装着する源石。<br>6年生用 2次制服(強化レベル+8)から生成されたものだ,装備アイテム強化,11,0,5,0
177384,reinforce_7001,走源石 6年 2次 +9,靴に装着する源石。<br>6年生用 2次制服(強化レベル+9)から生成されたものだ,装備アイテム強化,11,0,5,0
177385,reinforce_7001,走源石 6年 2次 +10,靴に装着する源石。<br>6年生用 2次制服(強化レベル+10)から生成されたものだ,装備アイテム強化,11,0,5,0
177386,reinforce_7001,走源石 6年 3次 ,靴に装着する源石。<br>6年生用 3次制服(未強化)から生成されたものだ,装備アイテム強化,11,0,5,0
177387,reinforce_7001,走源石 6年 3次 +1,靴に装着する源石。<br>6年生用 3次制服(強化レベル+1)から生成されたものだ,装備アイテム強化,11,0,5,0
177388,reinforce_7001,走源石 6年 3次 +2,靴に装着する源石。<br>6年生用 3次制服(強化レベル+2)から生成されたものだ,装備アイテム強化,11,0,5,0
177389,reinforce_7001,走源石 6年 3次 +3,靴に装着する源石。<br>6年生用 3次制服(強化レベル+3)から生成されたものだ,装備アイテム強化,11,0,5,0
177390,reinforce_7001,走源石 6年 3次 +4,靴に装着する源石。<br>6年生用 3次制服(強化レベル+4)から生成されたものだ,装備アイテム強化,11,0,5,0
177391,reinforce_7001,走源石 6年 3次 +5,靴に装着する源石。<br>6年生用 3次制服(強化レベル+5)から生成されたものだ,装備アイテム強化,11,0,5,0
177392,reinforce_7001,走源石 6年 3次 +6,靴に装着する源石。<br>6年生用 3次制服(強化レベル+6)から生成されたものだ,装備アイテム強化,11,0,5,0
177393,reinforce_7001,走源石 6年 3次 +7,靴に装着する源石。<br>6年生用 3次制服(強化レベル+7)から生成されたものだ,装備アイテム強化,11,0,5,0
177394,reinforce_7001,走源石 6年 3次 +8,靴に装着する源石。<br>6年生用 3次制服(強化レベル+8)から生成されたものだ,装備アイテム強化,11,0,5,0
177395,reinforce_7001,走源石 6年 3次 +9,靴に装着する源石。<br>6年生用 3次制服(強化レベル+9)から生成されたものだ,装備アイテム強化,11,0,5,0
177396,reinforce_7001,走源石 6年 3次 +10,靴に装着する源石。<br>6年生用 3次制服(強化レベル+10)から生成されたものだ,装備アイテム強化,11,0,5,0
177397,reinforce_7001,走源石 6年 1次 ,靴に装着する源石。<br>6年生用 1次制服(未強化)から生成されたものだ,装備アイテム強化,11,0,5,0
177398,reinforce_7001,走源石 6年 1次 +1,靴に装着する源石。<br>6年生用 1次制服(強化レベル+1)から生成されたものだ,装備アイテム強化,11,0,5,0
177399,reinforce_7001,走源石 6年 1次 +2,靴に装着する源石。<br>6年生用 1次制服(強化レベル+2)から生成されたものだ,装備アイテム強化,11,0,5,0
177400,reinforce_7001,走源石 6年 1次 +3,靴に装着する源石。<br>6年生用 1次制服(強化レベル+3)から生成されたものだ,装備アイテム強化,11,0,5,0
177401,reinforce_7001,走源石 6年 1次 +4,靴に装着する源石。<br>6年生用 1次制服(強化レベル+4)から生成されたものだ,装備アイテム強化,11,0,5,0
177402,reinforce_7001,走源石 6年 1次 +5,靴に装着する源石。<br>6年生用 1次制服(強化レベル+5)から生成されたものだ,装備アイテム強化,11,0,5,0
177403,reinforce_7001,走源石 6年 1次 +6,靴に装着する源石。<br>6年生用 1次制服(強化レベル+6)から生成されたものだ,装備アイテム強化,11,0,5,0
177404,reinforce_7001,走源石 6年 1次 +7,靴に装着する源石。<br>6年生用 1次制服(強化レベル+7)から生成されたものだ,装備アイテム強化,11,0,5,0
177405,reinforce_7001,走源石 6年 1次 +8,靴に装着する源石。<br>6年生用 1次制服(強化レベル+8)から生成されたものだ,装備アイテム強化,11,0,5,0
177406,reinforce_7001,走源石 6年 1次 +9,靴に装着する源石。<br>6年生用 1次制服(強化レベル+9)から生成されたものだ,装備アイテム強化,11,0,5,0
177407,reinforce_7001,走源石 6年 1次 +10,靴に装着する源石。<br>6年生用 1次制服(強化レベル+10)から生成されたものだ,装備アイテム強化,11,0,5,0
177408,reinforce_7001,走源石 6年 2次 ,靴に装着する源石。<br>6年生用 2次制服(未強化)から生成されたものだ,装備アイテム強化,11,0,5,0
177409,reinforce_7001,走源石 6年 2次 +1,靴に装着する源石。<br>6年生用 2次制服(強化レベル+1)から生成されたものだ,装備アイテム強化,11,0,5,0
177410,reinforce_7001,走源石 6年 2次 +2,靴に装着する源石。<br>6年生用 2次制服(強化レベル+2)から生成されたものだ,装備アイテム強化,11,0,5,0
177411,reinforce_7001,走源石 6年 2次 +3,靴に装着する源石。<br>6年生用 2次制服(強化レベル+3)から生成されたものだ,装備アイテム強化,11,0,5,0
177412,reinforce_7001,走源石 6年 2次 +4,靴に装着する源石。<br>6年生用 2次制服(強化レベル+4)から生成されたものだ,装備アイテム強化,11,0,5,0
177413,reinforce_7001,走源石 6年 2次 +5,靴に装着する源石。<br>6年生用 2次制服(強化レベル+5)から生成されたものだ,装備アイテム強化,11,0,5,0
177414,reinforce_7001,走源石 6年 2次 +6,靴に装着する源石。<br>6年生用 2次制服(強化レベル+6)から生成されたものだ,装備アイテム強化,11,0,5,0
177415,reinforce_7001,走源石 6年 2次 +7,靴に装着する源石。<br>6年生用 2次制服(強化レベル+7)から生成されたものだ,装備アイテム強化,11,0,5,0
177416,reinforce_7001,走源石 6年 2次 +8,靴に装着する源石。<br>6年生用 2次制服(強化レベル+8)から生成されたものだ,装備アイテム強化,11,0,5,0
177417,reinforce_7001,走源石 6年 2次 +9,靴に装着する源石。<br>6年生用 2次制服(強化レベル+9)から生成されたものだ,装備アイテム強化,11,0,5,0
177418,reinforce_7001,走源石 6年 2次 +10,靴に装着する源石。<br>6年生用 2次制服(強化レベル+10)から生成されたものだ,装備アイテム強化,11,0,5,0
177419,reinforce_7001,走源石 6年 3次 ,靴に装着する源石。<br>6年生用 3次制服(未強化)から生成されたものだ,装備アイテム強化,11,0,5,0
177420,reinforce_7001,走源石 6年 3次 +1,靴に装着する源石。<br>6年生用 3次制服(強化レベル+1)から生成されたものだ,装備アイテム強化,11,0,5,0
177421,reinforce_7001,走源石 6年 3次 +2,靴に装着する源石。<br>6年生用 3次制服(強化レベル+2)から生成されたものだ,装備アイテム強化,11,0,5,0
177422,reinforce_7001,走源石 6年 3次 +3,靴に装着する源石。<br>6年生用 3次制服(強化レベル+3)から生成されたものだ,装備アイテム強化,11,0,5,0
177423,reinforce_7001,走源石 6年 3次 +4,靴に装着する源石。<br>6年生用 3次制服(強化レベル+4)から生成されたものだ,装備アイテム強化,11,0,5,0
177424,reinforce_7001,走源石 6年 3次 +5,靴に装着する源石。<br>6年生用 3次制服(強化レベル+5)から生成されたものだ,装備アイテム強化,11,0,5,0
177425,reinforce_7001,走源石 6年 3次 +6,靴に装着する源石。<br>6年生用 3次制服(強化レベル+6)から生成されたものだ,装備アイテム強化,11,0,5,0
177426,reinforce_7001,走源石 6年 3次 +7,靴に装着する源石。<br>6年生用 3次制服(強化レベル+7)から生成されたものだ,装備アイテム強化,11,0,5,0
178100,reinforce_8001,胴衣源石 1年 1次 ,上下一体の制服に装着する源石。<br>1年生用 1次制服(未強化)から生成されたものだ,装備アイテム強化,7,0,5,0
178101,reinforce_8001,胴衣源石 1年 1次 +1,上下一体の制服に装着する源石。<br>1年生用 1次制服(強化レベル+1)から生成されたものだ,装備アイテム強化,7,0,5,0
178102,reinforce_8001,胴衣源石 1年 1次 +2,上下一体の制服に装着する源石。<br>1年生用 1次制服(強化レベル+2)から生成されたものだ,装備アイテム強化,7,0,5,0
178103,reinforce_8001,胴衣源石 1年 1次 +3,上下一体の制服に装着する源石。<br>1年生用 1次制服(強化レベル+3)から生成されたものだ,装備アイテム強化,7,0,5,0
178104,reinforce_8001,胴衣源石 1年 1次 +4,上下一体の制服に装着する源石。<br>1年生用 1次制服(強化レベル+4)から生成されたものだ,装備アイテム強化,7,0,5,0
178105,reinforce_8001,胴衣源石 1年 1次 +5,上下一体の制服に装着する源石。<br>1年生用 1次制服(強化レベル+5)から生成されたものだ,装備アイテム強化,7,0,5,0
178106,reinforce_8001,胴衣源石 1年 1次 +6,上下一体の制服に装着する源石。<br>1年生用 1次制服(強化レベル+6)から生成されたものだ,装備アイテム強化,7,0,5,0
178107,reinforce_8001,胴衣源石 1年 1次 +7,上下一体の制服に装着する源石。<br>1年生用 1次制服(強化レベル+7)から生成されたものだ,装備アイテム強化,7,0,5,0
178108,reinforce_8001,胴衣源石 1年 1次 +8,上下一体の制服に装着する源石。<br>1年生用 1次制服(強化レベル+8)から生成されたものだ,装備アイテム強化,7,0,5,0
178109,reinforce_8001,胴衣源石 1年 1次 +9,上下一体の制服に装着する源石。<br>1年生用 1次制服(強化レベル+9)から生成されたものだ,装備アイテム強化,7,0,5,0
178110,reinforce_8001,胴衣源石 1年 1次 +10,上下一体の制服に装着する源石。<br>1年生用 1次制服(強化レベル+10)から生成されたものだ,装備アイテム強化,7,0,5,0
178111,reinforce_8001,胴衣源石 1年 2次 ,上下一体の制服に装着する源石。<br>1年生用 2次制服(未強化)から生成されたものだ,装備アイテム強化,7,0,5,0
178112,reinforce_8001,胴衣源石 1年 2次 +1,上下一体の制服に装着する源石。<br>1年生用 2次制服(強化レベル+1)から生成されたものだ,装備アイテム強化,7,0,5,0
178113,reinforce_8001,胴衣源石 1年 2次 +2,上下一体の制服に装着する源石。<br>1年生用 2次制服(強化レベル+2)から生成されたものだ,装備アイテム強化,7,0,5,0
178114,reinforce_8001,胴衣源石 1年 2次 +3,上下一体の制服に装着する源石。<br>1年生用 2次制服(強化レベル+3)から生成されたものだ,装備アイテム強化,7,0,5,0
178115,reinforce_8001,胴衣源石 1年 2次 +4,上下一体の制服に装着する源石。<br>1年生用 2次制服(強化レベル+4)から生成されたものだ,装備アイテム強化,7,0,5,0
178116,reinforce_8001,胴衣源石 1年 2次 +5,上下一体の制服に装着する源石。<br>1年生用 2次制服(強化レベル+5)から生成されたものだ,装備アイテム強化,7,0,5,0
178117,reinforce_8001,胴衣源石 1年 2次 +6,上下一体の制服に装着する源石。<br>1年生用 2次制服(強化レベル+6)から生成されたものだ,装備アイテム強化,7,0,5,0
178118,reinforce_8001,胴衣源石 1年 2次 +7,上下一体の制服に装着する源石。<br>1年生用 2次制服(強化レベル+7)から生成されたものだ,装備アイテム強化,7,0,5,0
178119,reinforce_8001,胴衣源石 1年 2次 +8,上下一体の制服に装着する源石。<br>1年生用 2次制服(強化レベル+8)から生成されたものだ,装備アイテム強化,7,0,5,0
178120,reinforce_8001,胴衣源石 1年 2次 +9,上下一体の制服に装着する源石。<br>1年生用 2次制服(強化レベル+9)から生成されたものだ,装備アイテム強化,7,0,5,0
178121,reinforce_8001,胴衣源石 1年 2次 +10,上下一体の制服に装着する源石。<br>1年生用 2次制服(強化レベル+10)から生成されたものだ,装備アイテム強化,7,0,5,0
178122,reinforce_8001,胴衣源石 1年 3次 ,上下一体の制服に装着する源石。<br>1年生用 3次制服(未強化)から生成されたものだ,装備アイテム強化,7,0,5,0
178123,reinforce_8001,胴衣源石 1年 3次 +1,上下一体の制服に装着する源石。<br>1年生用 3次制服(強化レベル+1)から生成されたものだ,装備アイテム強化,7,0,5,0
178124,reinforce_8001,胴衣源石 1年 3次 +2,上下一体の制服に装着する源石。<br>1年生用 3次制服(強化レベル+2)から生成されたものだ,装備アイテム強化,7,0,5,0
178125,reinforce_8001,胴衣源石 1年 3次 +3,上下一体の制服に装着する源石。<br>1年生用 3次制服(強化レベル+3)から生成されたものだ,装備アイテム強化,7,0,5,0
178126,reinforce_8001,胴衣源石 1年 3次 +4,上下一体の制服に装着する源石。<br>1年生用 3次制服(強化レベル+4)から生成されたものだ,装備アイテム強化,7,0,5,0
178127,reinforce_8001,胴衣源石 1年 3次 +5,上下一体の制服に装着する源石。<br>1年生用 3次制服(強化レベル+5)から生成されたものだ,装備アイテム強化,7,0,5,0
178128,reinforce_8001,胴衣源石 1年 3次 +6,上下一体の制服に装着する源石。<br>1年生用 3次制服(強化レベル+6)から生成されたものだ,装備アイテム強化,7,0,5,0
178129,reinforce_8001,胴衣源石 1年 3次 +7,上下一体の制服に装着する源石。<br>1年生用 3次制服(強化レベル+7)から生成されたものだ,装備アイテム強化,7,0,5,0
178130,reinforce_8001,胴衣源石 1年 3次 +8,上下一体の制服に装着する源石。<br>1年生用 3次制服(強化レベル+8)から生成されたものだ,装備アイテム強化,7,0,5,0
178131,reinforce_8001,胴衣源石 1年 3次 +9,上下一体の制服に装着する源石。<br>1年生用 3次制服(強化レベル+9)から生成されたものだ,装備アイテム強化,7,0,5,0
178132,reinforce_8001,胴衣源石 1年 3次 +10,上下一体の制服に装着する源石。<br>1年生用 3次制服(強化レベル+10)から生成されたものだ,装備アイテム強化,7,0,5,0
178133,reinforce_8001,胴衣源石 2年 1次 ,上下一体の制服に装着する源石。<br>2年生用 1次制服(未強化)から生成されたものだ,装備アイテム強化,7,0,5,0
178134,reinforce_8001,胴衣源石 2年 1次 +1,上下一体の制服に装着する源石。<br>2年生用 1次制服(強化レベル+1)から生成されたものだ,装備アイテム強化,7,0,5,0
178135,reinforce_8001,胴衣源石 2年 1次 +2,上下一体の制服に装着する源石。<br>2年生用 1次制服(強化レベル+2)から生成されたものだ,装備アイテム強化,7,0,5,0
178136,reinforce_8001,胴衣源石 2年 1次 +3,上下一体の制服に装着する源石。<br>2年生用 1次制服(強化レベル+3)から生成されたものだ,装備アイテム強化,7,0,5,0
178137,reinforce_8001,胴衣源石 2年 1次 +4,上下一体の制服に装着する源石。<br>2年生用 1次制服(強化レベル+4)から生成されたものだ,装備アイテム強化,7,0,5,0
178138,reinforce_8001,胴衣源石 2年 1次 +5,上下一体の制服に装着する源石。<br>2年生用 1次制服(強化レベル+5)から生成されたものだ,装備アイテム強化,7,0,5,0
178139,reinforce_8001,胴衣源石 2年 1次 +6,上下一体の制服に装着する源石。<br>2年生用 1次制服(強化レベル+6)から生成されたものだ,装備アイテム強化,7,0,5,0
178140,reinforce_8001,胴衣源石 2年 1次 +7,上下一体の制服に装着する源石。<br>2年生用 1次制服(強化レベル+7)から生成されたものだ,装備アイテム強化,7,0,5,0
178141,reinforce_8001,胴衣源石 2年 1次 +8,上下一体の制服に装着する源石。<br>2年生用 1次制服(強化レベル+8)から生成されたものだ,装備アイテム強化,7,0,5,0
178142,reinforce_8001,胴衣源石 2年 1次 +9,上下一体の制服に装着する源石。<br>2年生用 1次制服(強化レベル+9)から生成されたものだ,装備アイテム強化,7,0,5,0
178143,reinforce_8001,胴衣源石 2年 1次 +10,上下一体の制服に装着する源石。<br>2年生用 1次制服(強化レベル+10)から生成されたものだ,装備アイテム強化,7,0,5,0
178144,reinforce_8001,胴衣源石 2年 2次 ,上下一体の制服に装着する源石。<br>2年生用 2次制服(未強化)から生成されたものだ,装備アイテム強化,8,0,5,0
178145,reinforce_8001,胴衣源石 2年 2次 +1,上下一体の制服に装着する源石。<br>2年生用 2次制服(強化レベル+1)から生成されたものだ,装備アイテム強化,8,0,5,0
178146,reinforce_8001,胴衣源石 2年 2次 +2,上下一体の制服に装着する源石。<br>2年生用 2次制服(強化レベル+2)から生成されたものだ,装備アイテム強化,8,0,5,0
178147,reinforce_8001,胴衣源石 2年 2次 +3,上下一体の制服に装着する源石。<br>2年生用 2次制服(強化レベル+3)から生成されたものだ,装備アイテム強化,8,0,5,0
178148,reinforce_8001,胴衣源石 2年 2次 +4,上下一体の制服に装着する源石。<br>2年生用 2次制服(強化レベル+4)から生成されたものだ,装備アイテム強化,8,0,5,0
178149,reinforce_8001,胴衣源石 2年 2次 +5,上下一体の制服に装着する源石。<br>2年生用 2次制服(強化レベル+5)から生成されたものだ,装備アイテム強化,8,0,5,0
178150,reinforce_8001,胴衣源石 2年 2次 +6,上下一体の制服に装着する源石。<br>2年生用 2次制服(強化レベル+6)から生成されたものだ,装備アイテム強化,8,0,5,0
178151,reinforce_8001,胴衣源石 2年 2次 +7,上下一体の制服に装着する源石。<br>2年生用 2次制服(強化レベル+7)から生成されたものだ,装備アイテム強化,8,0,5,0
178152,reinforce_8001,胴衣源石 2年 2次 +8,上下一体の制服に装着する源石。<br>2年生用 2次制服(強化レベル+8)から生成されたものだ,装備アイテム強化,8,0,5,0
178153,reinforce_8001,胴衣源石 2年 2次 +9,上下一体の制服に装着する源石。<br>2年生用 2次制服(強化レベル+9)から生成されたものだ,装備アイテム強化,8,0,5,0
178154,reinforce_8001,胴衣源石 2年 2次 +10,上下一体の制服に装着する源石。<br>2年生用 2次制服(強化レベル+10)から生成されたものだ,装備アイテム強化,8,0,5,0
178155,reinforce_8001,胴衣源石 2年 3次 ,上下一体の制服に装着する源石。<br>2年生用 3次制服(未強化)から生成されたものだ,装備アイテム強化,8,0,5,0
178156,reinforce_8001,胴衣源石 2年 3次 +1,上下一体の制服に装着する源石。<br>2年生用 3次制服(強化レベル+1)から生成されたものだ,装備アイテム強化,8,0,5,0
178157,reinforce_8001,胴衣源石 2年 3次 +2,上下一体の制服に装着する源石。<br>2年生用 3次制服(強化レベル+2)から生成されたものだ,装備アイテム強化,8,0,5,0
178158,reinforce_8001,胴衣源石 2年 3次 +3,上下一体の制服に装着する源石。<br>2年生用 3次制服(強化レベル+3)から生成されたものだ,装備アイテム強化,8,0,5,0
178159,reinforce_8001,胴衣源石 2年 3次 +4,上下一体の制服に装着する源石。<br>2年生用 3次制服(強化レベル+4)から生成されたものだ,装備アイテム強化,8,0,5,0
178160,reinforce_8001,胴衣源石 2年 3次 +5,上下一体の制服に装着する源石。<br>2年生用 3次制服(強化レベル+5)から生成されたものだ,装備アイテム強化,8,0,5,0
178161,reinforce_8001,胴衣源石 2年 3次 +6,上下一体の制服に装着する源石。<br>2年生用 3次制服(強化レベル+6)から生成されたものだ,装備アイテム強化,8,0,5,0
178162,reinforce_8001,胴衣源石 2年 3次 +7,上下一体の制服に装着する源石。<br>2年生用 3次制服(強化レベル+7)から生成されたものだ,装備アイテム強化,8,0,5,0
178163,reinforce_8001,胴衣源石 2年 3次 +8,上下一体の制服に装着する源石。<br>2年生用 3次制服(強化レベル+8)から生成されたものだ,装備アイテム強化,8,0,5,0
178164,reinforce_8001,胴衣源石 2年 3次 +9,上下一体の制服に装着する源石。<br>2年生用 3次制服(強化レベル+9)から生成されたものだ,装備アイテム強化,8,0,5,0
178165,reinforce_8001,胴衣源石 2年 3次 +10,上下一体の制服に装着する源石。<br>2年生用 3次制服(強化レベル+10)から生成されたものだ,装備アイテム強化,8,0,5,0
178166,reinforce_8001,胴衣源石 3年 1次 ,上下一体の制服に装着する源石。<br>3年生用 1次制服(未強化)から生成されたものだ,装備アイテム強化,8,0,5,0
178167,reinforce_8001,胴衣源石 3年 1次 +1,上下一体の制服に装着する源石。<br>3年生用 1次制服(強化レベル+1)から生成されたものだ,装備アイテム強化,8,0,5,0
178168,reinforce_8001,胴衣源石 3年 1次 +2,上下一体の制服に装着する源石。<br>3年生用 1次制服(強化レベル+2)から生成されたものだ,装備アイテム強化,8,0,5,0
178169,reinforce_8001,胴衣源石 3年 1次 +3,上下一体の制服に装着する源石。<br>3年生用 1次制服(強化レベル+3)から生成されたものだ,装備アイテム強化,8,0,5,0
178170,reinforce_8001,胴衣源石 3年 1次 +4,上下一体の制服に装着する源石。<br>3年生用 1次制服(強化レベル+4)から生成されたものだ,装備アイテム強化,8,0,5,0
178171,reinforce_8001,胴衣源石 3年 1次 +5,上下一体の制服に装着する源石。<br>3年生用 1次制服(強化レベル+5)から生成されたものだ,装備アイテム強化,8,0,5,0
178172,reinforce_8001,胴衣源石 3年 1次 +6,上下一体の制服に装着する源石。<br>3年生用 1次制服(強化レベル+6)から生成されたものだ,装備アイテム強化,8,0,5,0
178173,reinforce_8001,胴衣源石 3年 1次 +7,上下一体の制服に装着する源石。<br>3年生用 1次制服(強化レベル+7)から生成されたものだ,装備アイテム強化,8,0,5,0
178174,reinforce_8001,胴衣源石 3年 1次 +8,上下一体の制服に装着する源石。<br>3年生用 1次制服(強化レベル+8)から生成されたものだ,装備アイテム強化,8,0,5,0
178175,reinforce_8001,胴衣源石 3年 1次 +9,上下一体の制服に装着する源石。<br>3年生用 1次制服(強化レベル+9)から生成されたものだ,装備アイテム強化,8,0,5,0
178176,reinforce_8001,胴衣源石 3年 1次 +10,上下一体の制服に装着する源石。<br>3年生用 1次制服(強化レベル+10)から生成されたものだ,装備アイテム強化,8,0,5,0
178177,reinforce_8001,胴衣源石 3年 2次 ,上下一体の制服に装着する源石。<br>3年生用 2次制服(未強化)から生成されたものだ,装備アイテム強化,8,0,5,0
178178,reinforce_8001,胴衣源石 3年 2次 +1,上下一体の制服に装着する源石。<br>3年生用 2次制服(強化レベル+1)から生成されたものだ,装備アイテム強化,8,0,5,0
178179,reinforce_8001,胴衣源石 3年 2次 +2,上下一体の制服に装着する源石。<br>3年生用 2次制服(強化レベル+2)から生成されたものだ,装備アイテム強化,8,0,5,0
178180,reinforce_8001,胴衣源石 3年 2次 +3,上下一体の制服に装着する源石。<br>3年生用 2次制服(強化レベル+3)から生成されたものだ,装備アイテム強化,8,0,5,0
178181,reinforce_8001,胴衣源石 3年 2次 +4,上下一体の制服に装着する源石。<br>3年生用 2次制服(強化レベル+4)から生成されたものだ,装備アイテム強化,8,0,5,0
178182,reinforce_8001,胴衣源石 3年 2次 +5,上下一体の制服に装着する源石。<br>3年生用 2次制服(強化レベル+5)から生成されたものだ,装備アイテム強化,8,0,5,0
178183,reinforce_8001,胴衣源石 3年 2次 +6,上下一体の制服に装着する源石。<br>3年生用 2次制服(強化レベル+6)から生成されたものだ,装備アイテム強化,8,0,5,0
178184,reinforce_8001,胴衣源石 3年 2次 +7,上下一体の制服に装着する源石。<br>3年生用 2次制服(強化レベル+7)から生成されたものだ,装備アイテム強化,8,0,5,0
178185,reinforce_8001,胴衣源石 3年 2次 +8,上下一体の制服に装着する源石。<br>3年生用 2次制服(強化レベル+8)から生成されたものだ,装備アイテム強化,8,0,5,0
178186,reinforce_8001,胴衣源石 3年 2次 +9,上下一体の制服に装着する源石。<br>3年生用 2次制服(強化レベル+9)から生成されたものだ,装備アイテム強化,8,0,5,0
178187,reinforce_8001,胴衣源石 3年 2次 +10,上下一体の制服に装着する源石。<br>3年生用 2次制服(強化レベル+10)から生成されたものだ,装備アイテム強化,8,0,5,0
178188,reinforce_8001,胴衣源石 3年 3次 ,上下一体の制服に装着する源石。<br>3年生用 3次制服(未強化)から生成されたものだ,装備アイテム強化,9,0,5,0
178189,reinforce_8001,胴衣源石 3年 3次 +1,上下一体の制服に装着する源石。<br>3年生用 3次制服(強化レベル+1)から生成されたものだ,装備アイテム強化,9,0,5,0
178190,reinforce_8001,胴衣源石 3年 3次 +2,上下一体の制服に装着する源石。<br>3年生用 3次制服(強化レベル+2)から生成されたものだ,装備アイテム強化,9,0,5,0
178191,reinforce_8001,胴衣源石 3年 3次 +3,上下一体の制服に装着する源石。<br>3年生用 3次制服(強化レベル+3)から生成されたものだ,装備アイテム強化,9,0,5,0
178192,reinforce_8001,胴衣源石 3年 3次 +4,上下一体の制服に装着する源石。<br>3年生用 3次制服(強化レベル+4)から生成されたものだ,装備アイテム強化,9,0,5,0
178193,reinforce_8001,胴衣源石 3年 3次 +5,上下一体の制服に装着する源石。<br>3年生用 3次制服(強化レベル+5)から生成されたものだ,装備アイテム強化,9,0,5,0
178194,reinforce_8001,胴衣源石 3年 3次 +6,上下一体の制服に装着する源石。<br>3年生用 3次制服(強化レベル+6)から生成されたものだ,装備アイテム強化,9,0,5,0
178195,reinforce_8001,胴衣源石 3年 3次 +7,上下一体の制服に装着する源石。<br>3年生用 3次制服(強化レベル+7)から生成されたものだ,装備アイテム強化,9,0,5,0
178196,reinforce_8001,胴衣源石 3年 3次 +8,上下一体の制服に装着する源石。<br>3年生用 3次制服(強化レベル+8)から生成されたものだ,装備アイテム強化,9,0,5,0
178197,reinforce_8001,胴衣源石 3年 3次 +9,上下一体の制服に装着する源石。<br>3年生用 3次制服(強化レベル+9)から生成されたものだ,装備アイテム強化,9,0,5,0
178198,reinforce_8001,胴衣源石 3年 3次 +10,上下一体の制服に装着する源石。<br>3年生用 3次制服(強化レベル+10)から生成されたものだ,装備アイテム強化,9,0,5,0
178199,reinforce_8001,胴衣源石 4年 1次 ,上下一体の制服に装着する源石。<br>4年生用 1次制服(未強化)から生成されたものだ,装備アイテム強化,9,0,5,0
178200,reinforce_8001,胴衣源石 4年 1次 +1,上下一体の制服に装着する源石。<br>4年生用 1次制服(強化レベル+1)から生成されたものだ,装備アイテム強化,9,0,5,0
178201,reinforce_8001,胴衣源石 4年 1次 +2,上下一体の制服に装着する源石。<br>4年生用 1次制服(強化レベル+2)から生成されたものだ,装備アイテム強化,9,0,5,0
178202,reinforce_8001,胴衣源石 4年 1次 +3,上下一体の制服に装着する源石。<br>4年生用 1次制服(強化レベル+3)から生成されたものだ,装備アイテム強化,9,0,5,0
178203,reinforce_8001,胴衣源石 4年 1次 +4,上下一体の制服に装着する源石。<br>4年生用 1次制服(強化レベル+4)から生成されたものだ,装備アイテム強化,9,0,5,0
178204,reinforce_8001,胴衣源石 4年 1次 +5,上下一体の制服に装着する源石。<br>4年生用 1次制服(強化レベル+5)から生成されたものだ,装備アイテム強化,9,0,5,0
178205,reinforce_8001,胴衣源石 4年 1次 +6,上下一体の制服に装着する源石。<br>4年生用 1次制服(強化レベル+6)から生成されたものだ,装備アイテム強化,9,0,5,0
178206,reinforce_8001,胴衣源石 4年 1次 +7,上下一体の制服に装着する源石。<br>4年生用 1次制服(強化レベル+7)から生成されたものだ,装備アイテム強化,9,0,5,0
178207,reinforce_8001,胴衣源石 4年 1次 +8,上下一体の制服に装着する源石。<br>4年生用 1次制服(強化レベル+8)から生成されたものだ,装備アイテム強化,9,0,5,0
178208,reinforce_8001,胴衣源石 4年 1次 +9,上下一体の制服に装着する源石。<br>4年生用 1次制服(強化レベル+9)から生成されたものだ,装備アイテム強化,9,0,5,0
178209,reinforce_8001,胴衣源石 4年 1次 +10,上下一体の制服に装着する源石。<br>4年生用 1次制服(強化レベル+10)から生成されたものだ,装備アイテム強化,9,0,5,0
178210,reinforce_8001,胴衣源石 4年 2次 ,上下一体の制服に装着する源石。<br>4年生用 2次制服(未強化)から生成されたものだ,装備アイテム強化,9,0,5,0
178211,reinforce_8001,胴衣源石 4年 2次 +1,上下一体の制服に装着する源石。<br>4年生用 2次制服(強化レベル+1)から生成されたものだ,装備アイテム強化,9,0,5,0
178212,reinforce_8001,胴衣源石 4年 2次 +2,上下一体の制服に装着する源石。<br>4年生用 2次制服(強化レベル+2)から生成されたものだ,装備アイテム強化,9,0,5,0
178213,reinforce_8001,胴衣源石 4年 2次 +3,上下一体の制服に装着する源石。<br>4年生用 2次制服(強化レベル+3)から生成されたものだ,装備アイテム強化,9,0,5,0
178214,reinforce_8001,胴衣源石 4年 2次 +4,上下一体の制服に装着する源石。<br>4年生用 2次制服(強化レベル+4)から生成されたものだ,装備アイテム強化,9,0,5,0
178215,reinforce_8001,胴衣源石 4年 2次 +5,上下一体の制服に装着する源石。<br>4年生用 2次制服(強化レベル+5)から生成されたものだ,装備アイテム強化,9,0,5,0
178216,reinforce_8001,胴衣源石 4年 2次 +6,上下一体の制服に装着する源石。<br>4年生用 2次制服(強化レベル+6)から生成されたものだ,装備アイテム強化,9,0,5,0
178217,reinforce_8001,胴衣源石 4年 2次 +7,上下一体の制服に装着する源石。<br>4年生用 2次制服(強化レベル+7)から生成されたものだ,装備アイテム強化,9,0,5,0
178218,reinforce_8001,胴衣源石 4年 2次 +8,上下一体の制服に装着する源石。<br>4年生用 2次制服(強化レベル+8)から生成されたものだ,装備アイテム強化,9,0,5,0
178219,reinforce_8001,胴衣源石 4年 2次 +9,上下一体の制服に装着する源石。<br>4年生用 2次制服(強化レベル+9)から生成されたものだ,装備アイテム強化,9,0,5,0
178220,reinforce_8001,胴衣源石 4年 2次 +10,上下一体の制服に装着する源石。<br>4年生用 2次制服(強化レベル+10)から生成されたものだ,装備アイテム強化,9,0,5,0
178221,reinforce_8001,胴衣源石 4年 3次 ,上下一体の制服に装着する源石。<br>4年生用 3次制服(未強化)から生成されたものだ,装備アイテム強化,9,0,5,0
178222,reinforce_8001,胴衣源石 4年 3次 +1,上下一体の制服に装着する源石。<br>4年生用 3次制服(強化レベル+1)から生成されたものだ,装備アイテム強化,9,0,5,0
178223,reinforce_8001,胴衣源石 4年 3次 +2,上下一体の制服に装着する源石。<br>4年生用 3次制服(強化レベル+2)から生成されたものだ,装備アイテム強化,9,0,5,0
178224,reinforce_8001,胴衣源石 4年 3次 +3,上下一体の制服に装着する源石。<br>4年生用 3次制服(強化レベル+3)から生成されたものだ,装備アイテム強化,9,0,5,0
178225,reinforce_8001,胴衣源石 4年 3次 +4,上下一体の制服に装着する源石。<br>4年生用 3次制服(強化レベル+4)から生成されたものだ,装備アイテム強化,9,0,5,0
178226,reinforce_8001,胴衣源石 4年 3次 +5,上下一体の制服に装着する源石。<br>4年生用 3次制服(強化レベル+5)から生成されたものだ,装備アイテム強化,9,0,5,0
178227,reinforce_8001,胴衣源石 4年 3次 +6,上下一体の制服に装着する源石。<br>4年生用 3次制服(強化レベル+6)から生成されたものだ,装備アイテム強化,9,0,5,0
178228,reinforce_8001,胴衣源石 4年 3次 +7,上下一体の制服に装着する源石。<br>4年生用 3次制服(強化レベル+7)から生成されたものだ,装備アイテム強化,9,0,5,0
178229,reinforce_8001,胴衣源石 4年 3次 +8,上下一体の制服に装着する源石。<br>4年生用 3次制服(強化レベル+8)から生成されたものだ,装備アイテム強化,9,0,5,0
178230,reinforce_8001,胴衣源石 4年 3次 +9,上下一体の制服に装着する源石。<br>4年生用 3次制服(強化レベル+9)から生成されたものだ,装備アイテム強化,9,0,5,0
178231,reinforce_8001,胴衣源石 4年 3次 +10,上下一体の制服に装着する源石。<br>4年生用 3次制服(強化レベル+10)から生成されたものだ,装備アイテム強化,9,0,5,0
178232,reinforce_8001,胴衣源石 5年 1次 ,上下一体の制服に装着する源石。<br>5年生用 1次制服(未強化)から生成されたものだ,装備アイテム強化,10,0,5,0
178233,reinforce_8001,胴衣源石 5年 1次 +1,上下一体の制服に装着する源石。<br>5年生用 1次制服(強化レベル+1)から生成されたものだ,装備アイテム強化,10,0,5,0
178234,reinforce_8001,胴衣源石 5年 1次 +2,上下一体の制服に装着する源石。<br>5年生用 1次制服(強化レベル+2)から生成されたものだ,装備アイテム強化,10,0,5,0
178235,reinforce_8001,胴衣源石 5年 1次 +3,上下一体の制服に装着する源石。<br>5年生用 1次制服(強化レベル+3)から生成されたものだ,装備アイテム強化,10,0,5,0
178236,reinforce_8001,胴衣源石 5年 1次 +4,上下一体の制服に装着する源石。<br>5年生用 1次制服(強化レベル+4)から生成されたものだ,装備アイテム強化,10,0,5,0
178237,reinforce_8001,胴衣源石 5年 1次 +5,上下一体の制服に装着する源石。<br>5年生用 1次制服(強化レベル+5)から生成されたものだ,装備アイテム強化,10,0,5,0
178238,reinforce_8001,胴衣源石 5年 1次 +6,上下一体の制服に装着する源石。<br>5年生用 1次制服(強化レベル+6)から生成されたものだ,装備アイテム強化,10,0,5,0
178239,reinforce_8001,胴衣源石 5年 1次 +7,上下一体の制服に装着する源石。<br>5年生用 1次制服(強化レベル+7)から生成されたものだ,装備アイテム強化,10,0,5,0
178240,reinforce_8001,胴衣源石 5年 1次 +8,上下一体の制服に装着する源石。<br>5年生用 1次制服(強化レベル+8)から生成されたものだ,装備アイテム強化,10,0,5,0
178241,reinforce_8001,胴衣源石 5年 1次 +9,上下一体の制服に装着する源石。<br>5年生用 1次制服(強化レベル+9)から生成されたものだ,装備アイテム強化,10,0,5,0
178242,reinforce_8001,胴衣源石 5年 1次 +10,上下一体の制服に装着する源石。<br>5年生用 1次制服(強化レベル+10)から生成されたものだ,装備アイテム強化,10,0,5,0
178243,reinforce_8001,胴衣源石 5年 2次 ,上下一体の制服に装着する源石。<br>5年生用 2次制服(未強化)から生成されたものだ,装備アイテム強化,10,0,5,0
178244,reinforce_8001,胴衣源石 5年 2次 +1,上下一体の制服に装着する源石。<br>5年生用 2次制服(強化レベル+1)から生成されたものだ,装備アイテム強化,10,0,5,0
178245,reinforce_8001,胴衣源石 5年 2次 +2,上下一体の制服に装着する源石。<br>5年生用 2次制服(強化レベル+2)から生成されたものだ,装備アイテム強化,10,0,5,0
178246,reinforce_8001,胴衣源石 5年 2次 +3,上下一体の制服に装着する源石。<br>5年生用 2次制服(強化レベル+3)から生成されたものだ,装備アイテム強化,10,0,5,0
178247,reinforce_8001,胴衣源石 5年 2次 +4,上下一体の制服に装着する源石。<br>5年生用 2次制服(強化レベル+4)から生成されたものだ,装備アイテム強化,10,0,5,0
178248,reinforce_8001,胴衣源石 5年 2次 +5,上下一体の制服に装着する源石。<br>5年生用 2次制服(強化レベル+5)から生成されたものだ,装備アイテム強化,10,0,5,0
178249,reinforce_8001,胴衣源石 5年 2次 +6,上下一体の制服に装着する源石。<br>5年生用 2次制服(強化レベル+6)から生成されたものだ,装備アイテム強化,10,0,5,0
178250,reinforce_8001,胴衣源石 5年 2次 +7,上下一体の制服に装着する源石。<br>5年生用 2次制服(強化レベル+7)から生成されたものだ,装備アイテム強化,10,0,5,0
178251,reinforce_8001,胴衣源石 5年 2次 +8,上下一体の制服に装着する源石。<br>5年生用 2次制服(強化レベル+8)から生成されたものだ,装備アイテム強化,10,0,5,0
178252,reinforce_8001,胴衣源石 5年 2次 +9,上下一体の制服に装着する源石。<br>5年生用 2次制服(強化レベル+9)から生成されたものだ,装備アイテム強化,10,0,5,0
178253,reinforce_8001,胴衣源石 5年 2次 +10,上下一体の制服に装着する源石。<br>5年生用 2次制服(強化レベル+10)から生成されたものだ,装備アイテム強化,10,0,5,0
178254,reinforce_8001,胴衣源石 5年 3次 ,上下一体の制服に装着する源石。<br>5年生用 3次制服(未強化)から生成されたものだ,装備アイテム強化,10,0,5,0
178255,reinforce_8001,胴衣源石 5年 3次 +1,上下一体の制服に装着する源石。<br>5年生用 3次制服(強化レベル+1)から生成されたものだ,装備アイテム強化,10,0,5,0
178256,reinforce_8001,胴衣源石 5年 3次 +2,上下一体の制服に装着する源石。<br>5年生用 3次制服(強化レベル+2)から生成されたものだ,装備アイテム強化,10,0,5,0
178257,reinforce_8001,胴衣源石 5年 3次 +3,上下一体の制服に装着する源石。<br>5年生用 3次制服(強化レベル+3)から生成されたものだ,装備アイテム強化,10,0,5,0
178258,reinforce_8001,胴衣源石 5年 3次 +4,上下一体の制服に装着する源石。<br>5年生用 3次制服(強化レベル+4)から生成されたものだ,装備アイテム強化,10,0,5,0
178259,reinforce_8001,胴衣源石 5年 3次 +5,上下一体の制服に装着する源石。<br>5年生用 3次制服(強化レベル+5)から生成されたものだ,装備アイテム強化,10,0,5,0
178260,reinforce_8001,胴衣源石 5年 3次 +6,上下一体の制服に装着する源石。<br>5年生用 3次制服(強化レベル+6)から生成されたものだ,装備アイテム強化,10,0,5,0
178261,reinforce_8001,胴衣源石 5年 3次 +7,上下一体の制服に装着する源石。<br>5年生用 3次制服(強化レベル+7)から生成されたものだ,装備アイテム強化,10,0,5,0
178262,reinforce_8001,胴衣源石 5年 3次 +8,上下一体の制服に装着する源石。<br>5年生用 3次制服(強化レベル+8)から生成されたものだ,装備アイテム強化,10,0,5,0
178263,reinforce_8001,胴衣源石 5年 3次 +9,上下一体の制服に装着する源石。<br>5年生用 3次制服(強化レベル+9)から生成されたものだ,装備アイテム強化,10,0,5,0
178264,reinforce_8001,胴衣源石 5年 3次 +10,上下一体の制服に装着する源石。<br>5年生用 3次制服(強化レベル+10)から生成されたものだ,装備アイテム強化,10,0,5,0
178265,reinforce_8001,胴衣源石 5年 1次 ,上下一体の制服に装着する源石。<br>5年生用 1次制服(未強化)から生成されたものだ,装備アイテム強化,10,0,5,0
178266,reinforce_8001,胴衣源石 5年 1次 +1,上下一体の制服に装着する源石。<br>5年生用 1次制服(強化レベル+1)から生成されたものだ,装備アイテム強化,10,0,5,0
178267,reinforce_8001,胴衣源石 5年 1次 +2,上下一体の制服に装着する源石。<br>5年生用 1次制服(強化レベル+2)から生成されたものだ,装備アイテム強化,10,0,5,0
178268,reinforce_8001,胴衣源石 5年 1次 +3,上下一体の制服に装着する源石。<br>5年生用 1次制服(強化レベル+3)から生成されたものだ,装備アイテム強化,10,0,5,0
178269,reinforce_8001,胴衣源石 5年 1次 +4,上下一体の制服に装着する源石。<br>5年生用 1次制服(強化レベル+4)から生成されたものだ,装備アイテム強化,10,0,5,0
178270,reinforce_8001,胴衣源石 5年 1次 +5,上下一体の制服に装着する源石。<br>5年生用 1次制服(強化レベル+5)から生成されたものだ,装備アイテム強化,10,0,5,0
178271,reinforce_8001,胴衣源石 5年 1次 +6,上下一体の制服に装着する源石。<br>5年生用 1次制服(強化レベル+6)から生成されたものだ,装備アイテム強化,10,0,5,0
178272,reinforce_8001,胴衣源石 5年 1次 +7,上下一体の制服に装着する源石。<br>5年生用 1次制服(強化レベル+7)から生成されたものだ,装備アイテム強化,10,0,5,0
178273,reinforce_8001,胴衣源石 5年 1次 +8,上下一体の制服に装着する源石。<br>5年生用 1次制服(強化レベル+8)から生成されたものだ,装備アイテム強化,10,0,5,0
178274,reinforce_8001,胴衣源石 5年 1次 +9,上下一体の制服に装着する源石。<br>5年生用 1次制服(強化レベル+9)から生成されたものだ,装備アイテム強化,10,0,5,0
178275,reinforce_8001,胴衣源石 5年 1次 +10,上下一体の制服に装着する源石。<br>5年生用 1次制服(強化レベル+10)から生成されたものだ,装備アイテム強化,10,0,5,0
178276,reinforce_8001,胴衣源石 5年 2次 ,上下一体の制服に装着する源石。<br>5年生用 2次制服(未強化)から生成されたものだ,装備アイテム強化,10,0,5,0
178277,reinforce_8001,胴衣源石 5年 2次 +1,上下一体の制服に装着する源石。<br>5年生用 2次制服(強化レベル+1)から生成されたものだ,装備アイテム強化,10,0,5,0
178278,reinforce_8001,胴衣源石 5年 2次 +2,上下一体の制服に装着する源石。<br>5年生用 2次制服(強化レベル+2)から生成されたものだ,装備アイテム強化,10,0,5,0
178279,reinforce_8001,胴衣源石 5年 2次 +3,上下一体の制服に装着する源石。<br>5年生用 2次制服(強化レベル+3)から生成されたものだ,装備アイテム強化,10,0,5,0
178280,reinforce_8001,胴衣源石 5年 2次 +4,上下一体の制服に装着する源石。<br>5年生用 2次制服(強化レベル+4)から生成されたものだ,装備アイテム強化,10,0,5,0
178281,reinforce_8001,胴衣源石 5年 2次 +5,上下一体の制服に装着する源石。<br>5年生用 2次制服(強化レベル+5)から生成されたものだ,装備アイテム強化,10,0,5,0
178282,reinforce_8001,胴衣源石 5年 2次 +6,上下一体の制服に装着する源石。<br>5年生用 2次制服(強化レベル+6)から生成されたものだ,装備アイテム強化,10,0,5,0
178283,reinforce_8001,胴衣源石 5年 2次 +7,上下一体の制服に装着する源石。<br>5年生用 2次制服(強化レベル+7)から生成されたものだ,装備アイテム強化,10,0,5,0
178284,reinforce_8001,胴衣源石 5年 2次 +8,上下一体の制服に装着する源石。<br>5年生用 2次制服(強化レベル+8)から生成されたものだ,装備アイテム強化,10,0,5,0
178285,reinforce_8001,胴衣源石 5年 2次 +9,上下一体の制服に装着する源石。<br>5年生用 2次制服(強化レベル+9)から生成されたものだ,装備アイテム強化,10,0,5,0
178286,reinforce_8001,胴衣源石 5年 2次 +10,上下一体の制服に装着する源石。<br>5年生用 2次制服(強化レベル+10)から生成されたものだ,装備アイテム強化,10,0,5,0
178287,reinforce_8001,胴衣源石 5年 3次 ,上下一体の制服に装着する源石。<br>5年生用 3次制服(未強化)から生成されたものだ,装備アイテム強化,11,0,5,0
178288,reinforce_8001,胴衣源石 5年 3次 +1,上下一体の制服に装着する源石。<br>5年生用 3次制服(強化レベル+1)から生成されたものだ,装備アイテム強化,11,0,5,0
178289,reinforce_8001,胴衣源石 5年 3次 +2,上下一体の制服に装着する源石。<br>5年生用 3次制服(強化レベル+2)から生成されたものだ,装備アイテム強化,11,0,5,0
178290,reinforce_8001,胴衣源石 5年 3次 +3,上下一体の制服に装着する源石。<br>5年生用 3次制服(強化レベル+3)から生成されたものだ,装備アイテム強化,11,0,5,0
178291,reinforce_8001,胴衣源石 5年 3次 +4,上下一体の制服に装着する源石。<br>5年生用 3次制服(強化レベル+4)から生成されたものだ,装備アイテム強化,11,0,5,0
178292,reinforce_8001,胴衣源石 5年 3次 +5,上下一体の制服に装着する源石。<br>5年生用 3次制服(強化レベル+5)から生成されたものだ,装備アイテム強化,11,0,5,0
178293,reinforce_8001,胴衣源石 5年 3次 +6,上下一体の制服に装着する源石。<br>5年生用 3次制服(強化レベル+6)から生成されたものだ,装備アイテム強化,11,0,5,0
178294,reinforce_8001,胴衣源石 5年 3次 +7,上下一体の制服に装着する源石。<br>5年生用 3次制服(強化レベル+7)から生成されたものだ,装備アイテム強化,11,0,5,0
178295,reinforce_8001,胴衣源石 5年 3次 +8,上下一体の制服に装着する源石。<br>5年生用 3次制服(強化レベル+8)から生成されたものだ,装備アイテム強化,11,0,5,0
178296,reinforce_8001,胴衣源石 5年 3次 +9,上下一体の制服に装着する源石。<br>5年生用 3次制服(強化レベル+9)から生成されたものだ,装備アイテム強化,11,0,5,0
178297,reinforce_8001,胴衣源石 5年 3次 +10,上下一体の制服に装着する源石。<br>5年生用 3次制服(強化レベル+10)から生成されたものだ,装備アイテム強化,11,0,5,0
178298,reinforce_8001,胴衣源石 5年 1次 ,上下一体の制服に装着する源石。<br>5年生用 1次制服(未強化)から生成されたものだ,装備アイテム強化,11,0,5,0
178299,reinforce_8001,胴衣源石 5年 1次 +1,上下一体の制服に装着する源石。<br>5年生用 1次制服(強化レベル+1)から生成されたものだ,装備アイテム強化,11,0,5,0
178300,reinforce_8001,胴衣源石 5年 1次 +2,上下一体の制服に装着する源石。<br>5年生用 1次制服(強化レベル+2)から生成されたものだ,装備アイテム強化,11,0,5,0
178301,reinforce_8001,胴衣源石 5年 1次 +3,上下一体の制服に装着する源石。<br>5年生用 1次制服(強化レベル+3)から生成されたものだ,装備アイテム強化,11,0,5,0
178302,reinforce_8001,胴衣源石 5年 1次 +4,上下一体の制服に装着する源石。<br>5年生用 1次制服(強化レベル+4)から生成されたものだ,装備アイテム強化,11,0,5,0
178303,reinforce_8001,胴衣源石 5年 1次 +5,上下一体の制服に装着する源石。<br>5年生用 1次制服(強化レベル+5)から生成されたものだ,装備アイテム強化,11,0,5,0
178304,reinforce_8001,胴衣源石 5年 1次 +6,上下一体の制服に装着する源石。<br>5年生用 1次制服(強化レベル+6)から生成されたものだ,装備アイテム強化,11,0,5,0
178305,reinforce_8001,胴衣源石 5年 1次 +7,上下一体の制服に装着する源石。<br>5年生用 1次制服(強化レベル+7)から生成されたものだ,装備アイテム強化,11,0,5,0
178306,reinforce_8001,胴衣源石 5年 1次 +8,上下一体の制服に装着する源石。<br>5年生用 1次制服(強化レベル+8)から生成されたものだ,装備アイテム強化,11,0,5,0
178307,reinforce_8001,胴衣源石 5年 1次 +9,上下一体の制服に装着する源石。<br>5年生用 1次制服(強化レベル+9)から生成されたものだ,装備アイテム強化,11,0,5,0
178308,reinforce_8001,胴衣源石 5年 1次 +10,上下一体の制服に装着する源石。<br>5年生用 1次制服(強化レベル+10)から生成されたものだ,装備アイテム強化,11,0,5,0
178309,reinforce_8001,胴衣源石 5年 2次 ,上下一体の制服に装着する源石。<br>5年生用 2次制服(未強化)から生成されたものだ,装備アイテム強化,11,0,5,0
178310,reinforce_8001,胴衣源石 5年 2次 +1,上下一体の制服に装着する源石。<br>5年生用 2次制服(強化レベル+1)から生成されたものだ,装備アイテム強化,11,0,5,0
178311,reinforce_8001,胴衣源石 5年 2次 +2,上下一体の制服に装着する源石。<br>5年生用 2次制服(強化レベル+2)から生成されたものだ,装備アイテム強化,11,0,5,0
178312,reinforce_8001,胴衣源石 5年 2次 +3,上下一体の制服に装着する源石。<br>5年生用 2次制服(強化レベル+3)から生成されたものだ,装備アイテム強化,11,0,5,0
178313,reinforce_8001,胴衣源石 5年 2次 +4,上下一体の制服に装着する源石。<br>5年生用 2次制服(強化レベル+4)から生成されたものだ,装備アイテム強化,11,0,5,0
178314,reinforce_8001,胴衣源石 5年 2次 +5,上下一体の制服に装着する源石。<br>5年生用 2次制服(強化レベル+5)から生成されたものだ,装備アイテム強化,11,0,5,0
178315,reinforce_8001,胴衣源石 5年 2次 +6,上下一体の制服に装着する源石。<br>5年生用 2次制服(強化レベル+6)から生成されたものだ,装備アイテム強化,11,0,5,0
178316,reinforce_8001,胴衣源石 5年 2次 +7,上下一体の制服に装着する源石。<br>5年生用 2次制服(強化レベル+7)から生成されたものだ,装備アイテム強化,11,0,5,0
178317,reinforce_8001,胴衣源石 5年 2次 +8,上下一体の制服に装着する源石。<br>5年生用 2次制服(強化レベル+8)から生成されたものだ,装備アイテム強化,11,0,5,0
178318,reinforce_8001,胴衣源石 5年 2次 +9,上下一体の制服に装着する源石。<br>5年生用 2次制服(強化レベル+9)から生成されたものだ,装備アイテム強化,11,0,5,0
178319,reinforce_8001,胴衣源石 5年 2次 +10,上下一体の制服に装着する源石。<br>5年生用 2次制服(強化レベル+10)から生成されたものだ,装備アイテム強化,11,0,5,0
178320,reinforce_8001,胴衣源石 5年 3次 ,上下一体の制服に装着する源石。<br>5年生用 3次制服(未強化)から生成されたものだ,装備アイテム強化,11,0,5,0
178321,reinforce_8001,胴衣源石 5年 3次 +1,上下一体の制服に装着する源石。<br>5年生用 3次制服(強化レベル+1)から生成されたものだ,装備アイテム強化,11,0,5,0
178322,reinforce_8001,胴衣源石 5年 3次 +2,上下一体の制服に装着する源石。<br>5年生用 3次制服(強化レベル+2)から生成されたものだ,装備アイテム強化,11,0,5,0
178323,reinforce_8001,胴衣源石 5年 3次 +3,上下一体の制服に装着する源石。<br>5年生用 3次制服(強化レベル+3)から生成されたものだ,装備アイテム強化,11,0,5,0
178324,reinforce_8001,胴衣源石 5年 3次 +4,上下一体の制服に装着する源石。<br>5年生用 3次制服(強化レベル+4)から生成されたものだ,装備アイテム強化,11,0,5,0
178325,reinforce_8001,胴衣源石 5年 3次 +5,上下一体の制服に装着する源石。<br>5年生用 3次制服(強化レベル+5)から生成されたものだ,装備アイテム強化,11,0,5,0
178326,reinforce_8001,胴衣源石 5年 3次 +6,上下一体の制服に装着する源石。<br>5年生用 3次制服(強化レベル+6)から生成されたものだ,装備アイテム強化,11,0,5,0
178327,reinforce_8001,胴衣源石 5年 3次 +7,上下一体の制服に装着する源石。<br>5年生用 3次制服(強化レベル+7)から生成されたものだ,装備アイテム強化,11,0,5,0
178328,reinforce_8001,胴衣源石 5年 3次 +8,上下一体の制服に装着する源石。<br>5年生用 3次制服(強化レベル+8)から生成されたものだ,装備アイテム強化,11,0,5,0
178329,reinforce_8001,胴衣源石 5年 3次 +9,上下一体の制服に装着する源石。<br>5年生用 3次制服(強化レベル+9)から生成されたものだ,装備アイテム強化,11,0,5,0
178330,reinforce_8001,胴衣源石 5年 3次 +10,上下一体の制服に装着する源石。<br>5年生用 3次制服(強化レベル+10)から生成されたものだ,装備アイテム強化,11,0,5,0
178331,reinforce_8001,胴衣源石 5年 1次 ,上下一体の制服に装着する源石。<br>5年生用 1次制服(未強化)から生成されたものだ,装備アイテム強化,11,0,5,0
178332,reinforce_8001,胴衣源石 5年 1次 +1,上下一体の制服に装着する源石。<br>5年生用 1次制服(強化レベル+1)から生成されたものだ,装備アイテム強化,11,0,5,0
178333,reinforce_8001,胴衣源石 5年 1次 +2,上下一体の制服に装着する源石。<br>5年生用 1次制服(強化レベル+2)から生成されたものだ,装備アイテム強化,11,0,5,0
178334,reinforce_8001,胴衣源石 5年 1次 +3,上下一体の制服に装着する源石。<br>5年生用 1次制服(強化レベル+3)から生成されたものだ,装備アイテム強化,11,0,5,0
178335,reinforce_8001,胴衣源石 5年 1次 +4,上下一体の制服に装着する源石。<br>5年生用 1次制服(強化レベル+4)から生成されたものだ,装備アイテム強化,11,0,5,0
178336,reinforce_8001,胴衣源石 5年 1次 +5,上下一体の制服に装着する源石。<br>5年生用 1次制服(強化レベル+5)から生成されたものだ,装備アイテム強化,11,0,5,0
178337,reinforce_8001,胴衣源石 5年 1次 +6,上下一体の制服に装着する源石。<br>5年生用 1次制服(強化レベル+6)から生成されたものだ,装備アイテム強化,11,0,5,0
178338,reinforce_8001,胴衣源石 5年 1次 +7,上下一体の制服に装着する源石。<br>5年生用 1次制服(強化レベル+7)から生成されたものだ,装備アイテム強化,11,0,5,0
178339,reinforce_8001,胴衣源石 5年 1次 +8,上下一体の制服に装着する源石。<br>5年生用 1次制服(強化レベル+8)から生成されたものだ,装備アイテム強化,11,0,5,0
178340,reinforce_8001,胴衣源石 5年 1次 +9,上下一体の制服に装着する源石。<br>5年生用 1次制服(強化レベル+9)から生成されたものだ,装備アイテム強化,11,0,5,0
178341,reinforce_8001,胴衣源石 5年 1次 +10,上下一体の制服に装着する源石。<br>5年生用 1次制服(強化レベル+10)から生成されたものだ,装備アイテム強化,11,0,5,0
178342,reinforce_8001,胴衣源石 5年 2次 ,上下一体の制服に装着する源石。<br>5年生用 2次制服(未強化)から生成されたものだ,装備アイテム強化,11,0,5,0
178343,reinforce_8001,胴衣源石 5年 2次 +1,上下一体の制服に装着する源石。<br>5年生用 2次制服(強化レベル+1)から生成されたものだ,装備アイテム強化,11,0,5,0
178344,reinforce_8001,胴衣源石 5年 2次 +2,上下一体の制服に装着する源石。<br>5年生用 2次制服(強化レベル+2)から生成されたものだ,装備アイテム強化,11,0,5,0
178345,reinforce_8001,胴衣源石 5年 2次 +3,上下一体の制服に装着する源石。<br>5年生用 2次制服(強化レベル+3)から生成されたものだ,装備アイテム強化,11,0,5,0
178346,reinforce_8001,胴衣源石 5年 2次 +4,上下一体の制服に装着する源石。<br>5年生用 2次制服(強化レベル+4)から生成されたものだ,装備アイテム強化,11,0,5,0
178347,reinforce_8001,胴衣源石 5年 2次 +5,上下一体の制服に装着する源石。<br>5年生用 2次制服(強化レベル+5)から生成されたものだ,装備アイテム強化,11,0,5,0
178348,reinforce_8001,胴衣源石 5年 2次 +6,上下一体の制服に装着する源石。<br>5年生用 2次制服(強化レベル+6)から生成されたものだ,装備アイテム強化,11,0,5,0
178349,reinforce_8001,胴衣源石 5年 2次 +7,上下一体の制服に装着する源石。<br>5年生用 2次制服(強化レベル+7)から生成されたものだ,装備アイテム強化,11,0,5,0
178350,reinforce_8001,胴衣源石 5年 2次 +8,上下一体の制服に装着する源石。<br>5年生用 2次制服(強化レベル+8)から生成されたものだ,装備アイテム強化,11,0,5,0
178351,reinforce_8001,胴衣源石 5年 2次 +9,上下一体の制服に装着する源石。<br>5年生用 2次制服(強化レベル+9)から生成されたものだ,装備アイテム強化,11,0,5,0
178352,reinforce_8001,胴衣源石 5年 2次 +10,上下一体の制服に装着する源石。<br>5年生用 2次制服(強化レベル+10)から生成されたものだ,装備アイテム強化,11,0,5,0
178353,reinforce_8001,胴衣源石 5年 3次 ,上下一体の制服に装着する源石。<br>5年生用 3次制服(未強化)から生成されたものだ,装備アイテム強化,11,0,5,0
178354,reinforce_8001,胴衣源石 5年 3次 +1,上下一体の制服に装着する源石。<br>5年生用 3次制服(強化レベル+1)から生成されたものだ,装備アイテム強化,11,0,5,0
178355,reinforce_8001,胴衣源石 5年 3次 +2,上下一体の制服に装着する源石。<br>5年生用 3次制服(強化レベル+2)から生成されたものだ,装備アイテム強化,11,0,5,0
178356,reinforce_8001,胴衣源石 5年 3次 +3,上下一体の制服に装着する源石。<br>5年生用 3次制服(強化レベル+3)から生成されたものだ,装備アイテム強化,11,0,5,0
178357,reinforce_8001,胴衣源石 5年 3次 +4,上下一体の制服に装着する源石。<br>5年生用 3次制服(強化レベル+4)から生成されたものだ,装備アイテム強化,11,0,5,0
178358,reinforce_8001,胴衣源石 5年 3次 +5,上下一体の制服に装着する源石。<br>5年生用 3次制服(強化レベル+5)から生成されたものだ,装備アイテム強化,11,0,5,0
178359,reinforce_8001,胴衣源石 5年 3次 +6,上下一体の制服に装着する源石。<br>5年生用 3次制服(強化レベル+6)から生成されたものだ,装備アイテム強化,11,0,5,0
178360,reinforce_8001,胴衣源石 5年 3次 +7,上下一体の制服に装着する源石。<br>5年生用 3次制服(強化レベル+7)から生成されたものだ,装備アイテム強化,11,0,5,0
178361,reinforce_8001,胴衣源石 5年 3次 +8,上下一体の制服に装着する源石。<br>5年生用 3次制服(強化レベル+8)から生成されたものだ,装備アイテム強化,11,0,5,0
178362,reinforce_8001,胴衣源石 5年 3次 +9,上下一体の制服に装着する源石。<br>5年生用 3次制服(強化レベル+9)から生成されたものだ,装備アイテム強化,11,0,5,0
178363,reinforce_8001,胴衣源石 5年 3次 +10,上下一体の制服に装着する源石。<br>5年生用 3次制服(強化レベル+10)から生成されたものだ,装備アイテム強化,11,0,5,0
178364,reinforce_8001,胴衣源石 5年 1次 ,上下一体の制服に装着する源石。<br>5年生用 1次制服(未強化)から生成されたものだ,装備アイテム強化,11,0,5,0
178365,reinforce_8001,胴衣源石 5年 1次 +1,上下一体の制服に装着する源石。<br>5年生用 1次制服(強化レベル+1)から生成されたものだ,装備アイテム強化,11,0,5,0
178366,reinforce_8001,胴衣源石 5年 1次 +2,上下一体の制服に装着する源石。<br>5年生用 1次制服(強化レベル+2)から生成されたものだ,装備アイテム強化,11,0,5,0
178367,reinforce_8001,胴衣源石 5年 1次 +3,上下一体の制服に装着する源石。<br>5年生用 1次制服(強化レベル+3)から生成されたものだ,装備アイテム強化,11,0,5,0
178368,reinforce_8001,胴衣源石 5年 1次 +4,上下一体の制服に装着する源石。<br>5年生用 1次制服(強化レベル+4)から生成されたものだ,装備アイテム強化,11,0,5,0
178369,reinforce_8001,胴衣源石 5年 1次 +5,上下一体の制服に装着する源石。<br>5年生用 1次制服(強化レベル+5)から生成されたものだ,装備アイテム強化,11,0,5,0
178370,reinforce_8001,胴衣源石 5年 1次 +6,上下一体の制服に装着する源石。<br>5年生用 1次制服(強化レベル+6)から生成されたものだ,装備アイテム強化,11,0,5,0
178371,reinforce_8001,胴衣源石 6年 1次 +7,上下一体の制服に装着する源石。<br>6年生用 1次制服(強化レベル+7)から生成されたものだ,装備アイテム強化,11,0,5,0
178372,reinforce_8001,胴衣源石 6年 1次 +8,上下一体の制服に装着する源石。<br>6年生用 1次制服(強化レベル+8)から生成されたものだ,装備アイテム強化,11,0,5,0
178373,reinforce_8001,胴衣源石 6年 1次 +9,上下一体の制服に装着する源石。<br>6年生用 1次制服(強化レベル+9)から生成されたものだ,装備アイテム強化,11,0,5,0
178374,reinforce_8001,胴衣源石 6年 1次 +10,上下一体の制服に装着する源石。<br>6年生用 1次制服(強化レベル+10)から生成されたものだ,装備アイテム強化,11,0,5,0
178375,reinforce_8001,胴衣源石 6年 2次 ,上下一体の制服に装着する源石。<br>6年生用 2次制服(未強化)から生成されたものだ,装備アイテム強化,11,0,5,0
178376,reinforce_8001,胴衣源石 6年 2次 +1,上下一体の制服に装着する源石。<br>6年生用 2次制服(強化レベル+1)から生成されたものだ,装備アイテム強化,11,0,5,0
178377,reinforce_8001,胴衣源石 6年 2次 +2,上下一体の制服に装着する源石。<br>6年生用 2次制服(強化レベル+2)から生成されたものだ,装備アイテム強化,11,0,5,0
178378,reinforce_8001,胴衣源石 6年 2次 +3,上下一体の制服に装着する源石。<br>6年生用 2次制服(強化レベル+3)から生成されたものだ,装備アイテム強化,11,0,5,0
178379,reinforce_8001,胴衣源石 6年 2次 +4,上下一体の制服に装着する源石。<br>6年生用 2次制服(強化レベル+4)から生成されたものだ,装備アイテム強化,11,0,5,0
178380,reinforce_8001,胴衣源石 6年 2次 +5,上下一体の制服に装着する源石。<br>6年生用 2次制服(強化レベル+5)から生成されたものだ,装備アイテム強化,11,0,5,0
178381,reinforce_8001,胴衣源石 6年 2次 +6,上下一体の制服に装着する源石。<br>6年生用 2次制服(強化レベル+6)から生成されたものだ,装備アイテム強化,11,0,5,0
178382,reinforce_8001,胴衣源石 6年 2次 +7,上下一体の制服に装着する源石。<br>6年生用 2次制服(強化レベル+7)から生成されたものだ,装備アイテム強化,11,0,5,0
178383,reinforce_8001,胴衣源石 6年 2次 +8,上下一体の制服に装着する源石。<br>6年生用 2次制服(強化レベル+8)から生成されたものだ,装備アイテム強化,11,0,5,0
178384,reinforce_8001,胴衣源石 6年 2次 +9,上下一体の制服に装着する源石。<br>6年生用 2次制服(強化レベル+9)から生成されたものだ,装備アイテム強化,11,0,5,0
178385,reinforce_8001,胴衣源石 6年 2次 +10,上下一体の制服に装着する源石。<br>6年生用 2次制服(強化レベル+10)から生成されたものだ,装備アイテム強化,11,0,5,0
178386,reinforce_8001,胴衣源石 6年 3次 ,上下一体の制服に装着する源石。<br>6年生用 3次制服(未強化)から生成されたものだ,装備アイテム強化,11,0,5,0
178387,reinforce_8001,胴衣源石 6年 3次 +1,上下一体の制服に装着する源石。<br>6年生用 3次制服(強化レベル+1)から生成されたものだ,装備アイテム強化,11,0,5,0
178388,reinforce_8001,胴衣源石 6年 3次 +2,上下一体の制服に装着する源石。<br>6年生用 3次制服(強化レベル+2)から生成されたものだ,装備アイテム強化,11,0,5,0
178389,reinforce_8001,胴衣源石 6年 3次 +3,上下一体の制服に装着する源石。<br>6年生用 3次制服(強化レベル+3)から生成されたものだ,装備アイテム強化,11,0,5,0
178390,reinforce_8001,胴衣源石 6年 3次 +4,上下一体の制服に装着する源石。<br>6年生用 3次制服(強化レベル+4)から生成されたものだ,装備アイテム強化,11,0,5,0
178391,reinforce_8001,胴衣源石 6年 3次 +5,上下一体の制服に装着する源石。<br>6年生用 3次制服(強化レベル+5)から生成されたものだ,装備アイテム強化,11,0,5,0
178392,reinforce_8001,胴衣源石 6年 3次 +6,上下一体の制服に装着する源石。<br>6年生用 3次制服(強化レベル+6)から生成されたものだ,装備アイテム強化,11,0,5,0
178393,reinforce_8001,胴衣源石 6年 3次 +7,上下一体の制服に装着する源石。<br>6年生用 3次制服(強化レベル+7)から生成されたものだ,装備アイテム強化,11,0,5,0
178394,reinforce_8001,胴衣源石 6年 3次 +8,上下一体の制服に装着する源石。<br>6年生用 3次制服(強化レベル+8)から生成されたものだ,装備アイテム強化,11,0,5,0
178395,reinforce_8001,胴衣源石 6年 3次 +9,上下一体の制服に装着する源石。<br>6年生用 3次制服(強化レベル+9)から生成されたものだ,装備アイテム強化,11,0,5,0
178396,reinforce_8001,胴衣源石 6年 3次 +10,上下一体の制服に装着する源石。<br>6年生用 3次制服(強化レベル+10)から生成されたものだ,装備アイテム強化,11,0,5,0
178397,reinforce_8001,胴衣源石 6年 1次 ,上下一体の制服に装着する源石。<br>6年生用 1次制服(未強化)から生成されたものだ,装備アイテム強化,11,0,5,0
178398,reinforce_8001,胴衣源石 6年 1次 +1,上下一体の制服に装着する源石。<br>6年生用 1次制服(強化レベル+1)から生成されたものだ,装備アイテム強化,11,0,5,0
178399,reinforce_8001,胴衣源石 6年 1次 +2,上下一体の制服に装着する源石。<br>6年生用 1次制服(強化レベル+2)から生成されたものだ,装備アイテム強化,11,0,5,0
178400,reinforce_8001,胴衣源石 6年 1次 +3,上下一体の制服に装着する源石。<br>6年生用 1次制服(強化レベル+3)から生成されたものだ,装備アイテム強化,11,0,5,0
178401,reinforce_8001,胴衣源石 6年 1次 +4,上下一体の制服に装着する源石。<br>6年生用 1次制服(強化レベル+4)から生成されたものだ,装備アイテム強化,11,0,5,0
178402,reinforce_8001,胴衣源石 6年 1次 +5,上下一体の制服に装着する源石。<br>6年生用 1次制服(強化レベル+5)から生成されたものだ,装備アイテム強化,11,0,5,0
178403,reinforce_8001,胴衣源石 6年 1次 +6,上下一体の制服に装着する源石。<br>6年生用 1次制服(強化レベル+6)から生成されたものだ,装備アイテム強化,11,0,5,0
178404,reinforce_8001,胴衣源石 6年 1次 +7,上下一体の制服に装着する源石。<br>6年生用 1次制服(強化レベル+7)から生成されたものだ,装備アイテム強化,11,0,5,0
178405,reinforce_8001,胴衣源石 6年 1次 +8,上下一体の制服に装着する源石。<br>6年生用 1次制服(強化レベル+8)から生成されたものだ,装備アイテム強化,11,0,5,0
178406,reinforce_8001,胴衣源石 6年 1次 +9,上下一体の制服に装着する源石。<br>6年生用 1次制服(強化レベル+9)から生成されたものだ,装備アイテム強化,11,0,5,0
178407,reinforce_8001,胴衣源石 6年 1次 +10,上下一体の制服に装着する源石。<br>6年生用 1次制服(強化レベル+10)から生成されたものだ,装備アイテム強化,11,0,5,0
178408,reinforce_8001,胴衣源石 6年 2次 ,上下一体の制服に装着する源石。<br>6年生用 2次制服(未強化)から生成されたものだ,装備アイテム強化,11,0,5,0
178409,reinforce_8001,胴衣源石 6年 2次 +1,上下一体の制服に装着する源石。<br>6年生用 2次制服(強化レベル+1)から生成されたものだ,装備アイテム強化,11,0,5,0
178410,reinforce_8001,胴衣源石 6年 2次 +2,上下一体の制服に装着する源石。<br>6年生用 2次制服(強化レベル+2)から生成されたものだ,装備アイテム強化,11,0,5,0
178411,reinforce_8001,胴衣源石 6年 2次 +3,上下一体の制服に装着する源石。<br>6年生用 2次制服(強化レベル+3)から生成されたものだ,装備アイテム強化,11,0,5,0
178412,reinforce_8001,胴衣源石 6年 2次 +4,上下一体の制服に装着する源石。<br>6年生用 2次制服(強化レベル+4)から生成されたものだ,装備アイテム強化,11,0,5,0
178413,reinforce_8001,胴衣源石 6年 2次 +5,上下一体の制服に装着する源石。<br>6年生用 2次制服(強化レベル+5)から生成されたものだ,装備アイテム強化,11,0,5,0
178414,reinforce_8001,胴衣源石 6年 2次 +6,上下一体の制服に装着する源石。<br>6年生用 2次制服(強化レベル+6)から生成されたものだ,装備アイテム強化,11,0,5,0
178415,reinforce_8001,胴衣源石 6年 2次 +7,上下一体の制服に装着する源石。<br>6年生用 2次制服(強化レベル+7)から生成されたものだ,装備アイテム強化,11,0,5,0
178416,reinforce_8001,胴衣源石 6年 2次 +8,上下一体の制服に装着する源石。<br>6年生用 2次制服(強化レベル+8)から生成されたものだ,装備アイテム強化,11,0,5,0
178417,reinforce_8001,胴衣源石 6年 2次 +9,上下一体の制服に装着する源石。<br>6年生用 2次制服(強化レベル+9)から生成されたものだ,装備アイテム強化,11,0,5,0
178418,reinforce_8001,胴衣源石 6年 2次 +10,上下一体の制服に装着する源石。<br>6年生用 2次制服(強化レベル+10)から生成されたものだ,装備アイテム強化,11,0,5,0
178419,reinforce_8001,胴衣源石 6年 3次 ,上下一体の制服に装着する源石。<br>6年生用 3次制服(未強化)から生成されたものだ,装備アイテム強化,11,0,5,0
178420,reinforce_8001,胴衣源石 6年 3次 +1,上下一体の制服に装着する源石。<br>6年生用 3次制服(強化レベル+1)から生成されたものだ,装備アイテム強化,11,0,5,0
178421,reinforce_8001,胴衣源石 6年 3次 +2,上下一体の制服に装着する源石。<br>6年生用 3次制服(強化レベル+2)から生成されたものだ,装備アイテム強化,11,0,5,0
178422,reinforce_8001,胴衣源石 6年 3次 +3,上下一体の制服に装着する源石。<br>6年生用 3次制服(強化レベル+3)から生成されたものだ,装備アイテム強化,11,0,5,0
178423,reinforce_8001,胴衣源石 6年 3次 +4,上下一体の制服に装着する源石。<br>6年生用 3次制服(強化レベル+4)から生成されたものだ,装備アイテム強化,11,0,5,0
178424,reinforce_8001,胴衣源石 6年 3次 +5,上下一体の制服に装着する源石。<br>6年生用 3次制服(強化レベル+5)から生成されたものだ,装備アイテム強化,11,0,5,0
178425,reinforce_8001,胴衣源石 6年 3次 +6,上下一体の制服に装着する源石。<br>6年生用 3次制服(強化レベル+6)から生成されたものだ,装備アイテム強化,11,0,5,0
178426,reinforce_8001,胴衣源石 6年 3次 +7,上下一体の制服に装着する源石。<br>6年生用 3次制服(強化レベル+7)から生成されたものだ,装備アイテム強化,11,0,5,0
271100,reinforce_1001,2学期開始記念 刀源石,ヨーグルティング 2学期開始を記念して贈られた、ブレードに装着する源石。<br>(パワーゲージ最大値 +1)<br>(交換不可),装備アイテム強化,7,1,5,0
271101,reinforce_1001,2学期開始記念 刀源石,ヨーグルティング 2学期開始を記念して贈られた、ブレードに装着する源石。<br>(パワーゲージ最大値 +1)<br>(交換不可),装備アイテム強化,7,1,5,0
271102,reinforce_1001,2学期開始記念 刀源石,ヨーグルティング 2学期開始を記念して贈られた、ブレードに装着する源石。<br>(パワーゲージ最大値 +1)<br>(交換不可),装備アイテム強化,7,1,5,0
271103,reinforce_1001,2学期開始記念 刀源石,ヨーグルティング 2学期開始を記念して贈られた、ブレードに装着する源石。<br>(パワーゲージ最大値 +1)<br>(交換不可),装備アイテム強化,7,1,5,0
271104,reinforce_1001,2学期開始記念 刀源石,ヨーグルティング 2学期開始を記念して贈られた、ブレードに装着する源石。<br>(パワーゲージ最大値 +1)<br>(交換不可),装備アイテム強化,7,1,5,0
271105,reinforce_1001,2学期開始記念 刀源石,ヨーグルティング 2学期開始を記念して贈られた、ブレードに装着する源石。<br>(パワーゲージ最大値 +1)<br>(交換不可),装備アイテム強化,7,1,5,0
271106,reinforce_1001,2学期開始記念 刀源石,ヨーグルティング 2学期開始を記念して贈られた、ブレードに装着する源石。<br>(パワーゲージ最大値 +1)<br>(交換不可),装備アイテム強化,7,1,5,0
271107,reinforce_1001,2学期開始記念 刀源石,ヨーグルティング 2学期開始を記念して贈られた、ブレードに装着する源石。<br>(パワーゲージ最大値 +1)<br>(交換不可),装備アイテム強化,7,1,5,0
271108,reinforce_1001,2学期開始記念 刀源石,ヨーグルティング 2学期開始を記念して贈られた、ブレードに装着する源石。<br>(パワーゲージ最大値 +1)<br>(交換不可),装備アイテム強化,7,1,5,0
271109,reinforce_1001,2学期開始記念 刀源石,ヨーグルティング 2学期開始を記念して贈られた、ブレードに装着する源石。<br>(パワーゲージ最大値 +1)<br>(交換不可),装備アイテム強化,7,1,5,0
271110,reinforce_1001,2学期開始記念 刀源石,ヨーグルティング 2学期開始を記念して贈られた、ブレードに装着する源石。<br>(パワーゲージ最大値 +1)<br>(交換不可),装備アイテム強化,7,1,5,0
271111,reinforce_1001,2学期開始記念 刀源石,ヨーグルティング 2学期開始を記念して贈られた、ブレードに装着する源石。<br>(パワーゲージ最大値 +1)<br>(交換不可),装備アイテム強化,7,1,5,0
271112,reinforce_1001,2学期開始記念 刀源石,ヨーグルティング 2学期開始を記念して贈られた、ブレードに装着する源石。<br>(パワーゲージ最大値 +1)<br>(交換不可),装備アイテム強化,7,1,5,0
271113,reinforce_1001,2学期開始記念 刀源石,ヨーグルティング 2学期開始を記念して贈られた、ブレードに装着する源石。<br>(パワーゲージ最大値 +1)<br>(交換不可),装備アイテム強化,7,1,5,0
271114,reinforce_1001,2学期開始記念 刀源石,ヨーグルティング 2学期開始を記念して贈られた、ブレードに装着する源石。<br>(パワーゲージ最大値 +1)<br>(交換不可),装備アイテム強化,7,1,5,0
271115,reinforce_1001,2学期開始記念 刀源石,ヨーグルティング 2学期開始を記念して贈られた、ブレードに装着する源石。<br>(パワーゲージ最大値 +1)<br>(交換不可),装備アイテム強化,7,1,5,0
271116,reinforce_1001,2学期開始記念 刀源石,ヨーグルティング 2学期開始を記念して贈られた、ブレードに装着する源石。<br>(パワーゲージ最大値 +1)<br>(交換不可),装備アイテム強化,7,1,5,0
271117,reinforce_1001,2学期開始記念 刀源石,ヨーグルティング 2学期開始を記念して贈られた、ブレードに装着する源石。<br>(パワーゲージ最大値 +1)<br>(交換不可),装備アイテム強化,7,1,5,0
271118,reinforce_1001,2学期開始記念 刀源石,ヨーグルティング 2学期開始を記念して贈られた、ブレードに装着する源石。<br>(パワーゲージ最大値 +1)<br>(交換不可),装備アイテム強化,7,1,5,0
271119,reinforce_1001,2学期開始記念 刀源石,ヨーグルティング 2学期開始を記念して贈られた、ブレードに装着する源石。<br>(パワーゲージ最大値 +1)<br>(交換不可),装備アイテム強化,7,1,5,0
271120,reinforce_1001,2学期開始記念 刀源石,ヨーグルティング 2学期開始を記念して贈られた、ブレードに装着する源石。<br>(パワーゲージ最大値 +1)<br>(交換不可),装備アイテム強化,7,1,5,0
271121,reinforce_1001,2学期開始記念 刀源石,ヨーグルティング 2学期開始を記念して贈られた、ブレードに装着する源石。<br>(パワーゲージ最大値 +1)<br>(交換不可),装備アイテム強化,7,1,5,0
271122,reinforce_1001,2学期開始記念 刀源石,ヨーグルティング 2学期開始を記念して贈られた、ブレードに装着する源石。<br>(パワーゲージ最大値 +1)<br>(交換不可),装備アイテム強化,7,1,5,0
271123,reinforce_1001,2学期開始記念 刀源石,ヨーグルティング 2学期開始を記念して贈られた、ブレードに装着する源石。<br>(パワーゲージ最大値 +1)<br>(交換不可),装備アイテム強化,7,1,5,0
271124,reinforce_1001,2学期開始記念 刀源石,ヨーグルティング 2学期開始を記念して贈られた、ブレードに装着する源石。<br>(パワーゲージ最大値 +1)<br>(交換不可),装備アイテム強化,7,1,5,0
271125,reinforce_1001,2学期開始記念 刀源石,ヨーグルティング 2学期開始を記念して贈られた、ブレードに装着する源石。<br>(パワーゲージ最大値 +1)<br>(交換不可),装備アイテム強化,7,1,5,0
271126,reinforce_1001,2学期開始記念 刀源石,ヨーグルティング 2学期開始を記念して贈られた、ブレードに装着する源石。<br>(パワーゲージ最大値 +1)<br>(交換不可),装備アイテム強化,7,1,5,0
271127,reinforce_1001,2学期開始記念 刀源石,ヨーグルティング 2学期開始を記念して贈られた、ブレードに装着する源石。<br>(パワーゲージ最大値 +1)<br>(交換不可),装備アイテム強化,7,1,5,0
271128,reinforce_1001,2学期開始記念 刀源石,ヨーグルティング 2学期開始を記念して贈られた、ブレードに装着する源石。<br>(パワーゲージ最大値 +1)<br>(交換不可),装備アイテム強化,7,1,5,0
271129,reinforce_1001,2学期開始記念 刀源石,ヨーグルティング 2学期開始を記念して贈られた、ブレードに装着する源石。<br>(パワーゲージ最大値 +1)<br>(交換不可),装備アイテム強化,7,1,5,0
271130,reinforce_1001,2学期開始記念 刀源石,ヨーグルティング 2学期開始を記念して贈られた、ブレードに装着する源石。<br>(パワーゲージ最大値 +1)<br>(交換不可),装備アイテム強化,7,1,5,0
271131,reinforce_1001,2学期開始記念 刀源石,ヨーグルティング 2学期開始を記念して贈られた、ブレードに装着する源石。<br>(パワーゲージ最大値 +1)<br>(交換不可),装備アイテム強化,7,1,5,0
271132,reinforce_1001,2学期開始記念 刀源石,ヨーグルティング 2学期開始を記念して贈られた、ブレードに装着する源石。<br>(パワーゲージ最大値 +1)<br>(交換不可),装備アイテム強化,7,1,5,0
271133,reinforce_1001,2学期開始記念 刀源石,ヨーグルティング 2学期開始を記念して贈られた、ブレードに装着する源石。<br>(パワーゲージ最大値 +1)<br>(交換不可),装備アイテム強化,7,1,5,0
271134,reinforce_1001,2学期開始記念 刀源石,ヨーグルティング 2学期開始を記念して贈られた、ブレードに装着する源石。<br>(パワーゲージ最大値 +1)<br>(交換不可),装備アイテム強化,7,1,5,0
271135,reinforce_1001,2学期開始記念 刀源石,ヨーグルティング 2学期開始を記念して贈られた、ブレードに装着する源石。<br>(パワーゲージ最大値 +1)<br>(交換不可),装備アイテム強化,7,1,5,0
271136,reinforce_1001,2学期開始記念 刀源石,ヨーグルティング 2学期開始を記念して贈られた、ブレードに装着する源石。<br>(パワーゲージ最大値 +1)<br>(交換不可),装備アイテム強化,7,1,5,0
271137,reinforce_1001,2学期開始記念 刀源石,ヨーグルティング 2学期開始を記念して贈られた、ブレードに装着する源石。<br>(パワーゲージ最大値 +1)<br>(交換不可),装備アイテム強化,7,1,5,0
271138,reinforce_1001,2学期開始記念 刀源石,ヨーグルティング 2学期開始を記念して贈られた、ブレードに装着する源石。<br>(パワーゲージ最大値 +1)<br>(交換不可),装備アイテム強化,7,1,5,0
271139,reinforce_1001,2学期開始記念 刀源石,ヨーグルティング 2学期開始を記念して贈られた、ブレードに装着する源石。<br>(パワーゲージ最大値 +1)<br>(交換不可),装備アイテム強化,7,1,5,0
271140,reinforce_1001,2学期開始記念 刀源石,ヨーグルティング 2学期開始を記念して贈られた、ブレードに装着する源石。<br>(パワーゲージ最大値 +1)<br>(交換不可),装備アイテム強化,7,1,5,0
271141,reinforce_1001,2学期開始記念 刀源石,ヨーグルティング 2学期開始を記念して贈られた、ブレードに装着する源石。<br>(パワーゲージ最大値 +1)<br>(交換不可),装備アイテム強化,7,1,5,0
271142,reinforce_1001,2学期開始記念 刀源石,ヨーグルティング 2学期開始を記念して贈られた、ブレードに装着する源石。<br>(パワーゲージ最大値 +1)<br>(交換不可),装備アイテム強化,7,1,5,0
271143,reinforce_1001,2学期開始記念 刀源石,ヨーグルティング 2学期開始を記念して贈られた、ブレードに装着する源石。<br>(パワーゲージ最大値 +1)<br>(交換不可),装備アイテム強化,7,1,5,0
271144,reinforce_1001,2学期開始記念 刀源石,ヨーグルティング 2学期開始を記念して贈られた、ブレードに装着する源石。<br>(パワーゲージ最大値 +1)<br>(交換不可),装備アイテム強化,8,1,5,0
271145,reinforce_1001,2学期開始記念 刀源石,ヨーグルティング 2学期開始を記念して贈られた、ブレードに装着する源石。<br>(パワーゲージ最大値 +1)<br>(交換不可),装備アイテム強化,8,1,5,0
271146,reinforce_1001,2学期開始記念 刀源石,ヨーグルティング 2学期開始を記念して贈られた、ブレードに装着する源石。<br>(パワーゲージ最大値 +1)<br>(交換不可),装備アイテム強化,8,1,5,0
271147,reinforce_1001,2学期開始記念 刀源石,ヨーグルティング 2学期開始を記念して贈られた、ブレードに装着する源石。<br>(パワーゲージ最大値 +1)<br>(交換不可),装備アイテム強化,8,1,5,0
271148,reinforce_1001,2学期開始記念 刀源石,ヨーグルティング 2学期開始を記念して贈られた、ブレードに装着する源石。<br>(パワーゲージ最大値 +1)<br>(交換不可),装備アイテム強化,8,1,5,0
271149,reinforce_1001,2学期開始記念 刀源石,ヨーグルティング 2学期開始を記念して贈られた、ブレードに装着する源石。<br>(パワーゲージ最大値 +1)<br>(交換不可),装備アイテム強化,8,1,5,0
271150,reinforce_1001,2学期開始記念 刀源石,ヨーグルティング 2学期開始を記念して贈られた、ブレードに装着する源石。<br>(パワーゲージ最大値 +1)<br>(交換不可),装備アイテム強化,8,1,5,0
271151,reinforce_1001,2学期開始記念 刀源石,ヨーグルティング 2学期開始を記念して贈られた、ブレードに装着する源石。<br>(パワーゲージ最大値 +1)<br>(交換不可),装備アイテム強化,8,1,5,0
271152,reinforce_1001,2学期開始記念 刀源石,ヨーグルティング 2学期開始を記念して贈られた、ブレードに装着する源石。<br>(パワーゲージ最大値 +1)<br>(交換不可),装備アイテム強化,8,1,5,0
271153,reinforce_1001,2学期開始記念 刀源石,ヨーグルティング 2学期開始を記念して贈られた、ブレードに装着する源石。<br>(パワーゲージ最大値 +1)<br>(交換不可),装備アイテム強化,8,1,5,0
271154,reinforce_1001,2学期開始記念 刀源石,ヨーグルティング 2学期開始を記念して贈られた、ブレードに装着する源石。<br>(パワーゲージ最大値 +1)<br>(交換不可),装備アイテム強化,8,1,5,0
271155,reinforce_1001,2学期開始記念 刀源石,ヨーグルティング 2学期開始を記念して贈られた、ブレードに装着する源石。<br>(パワーゲージ最大値 +1)<br>(交換不可),装備アイテム強化,8,1,5,0
271156,reinforce_1001,2学期開始記念 刀源石,ヨーグルティング 2学期開始を記念して贈られた、ブレードに装着する源石。<br>(パワーゲージ最大値 +1)<br>(交換不可),装備アイテム強化,8,1,5,0
271157,reinforce_1001,2学期開始記念 刀源石,ヨーグルティング 2学期開始を記念して贈られた、ブレードに装着する源石。<br>(パワーゲージ最大値 +1)<br>(交換不可),装備アイテム強化,8,1,5,0
271158,reinforce_1001,2学期開始記念 刀源石,ヨーグルティング 2学期開始を記念して贈られた、ブレードに装着する源石。<br>(パワーゲージ最大値 +1)<br>(交換不可),装備アイテム強化,8,1,5,0
271159,reinforce_1001,2学期開始記念 刀源石,ヨーグルティング 2学期開始を記念して贈られた、ブレードに装着する源石。<br>(パワーゲージ最大値 +1)<br>(交換不可),装備アイテム強化,8,1,5,0
271160,reinforce_1001,2学期開始記念 刀源石,ヨーグルティング 2学期開始を記念して贈られた、ブレードに装着する源石。<br>(パワーゲージ最大値 +1)<br>(交換不可),装備アイテム強化,8,1,5,0
271161,reinforce_1001,2学期開始記念 刀源石,ヨーグルティング 2学期開始を記念して贈られた、ブレードに装着する源石。<br>(パワーゲージ最大値 +1)<br>(交換不可),装備アイテム強化,8,1,5,0
271162,reinforce_1001,2学期開始記念 刀源石,ヨーグルティング 2学期開始を記念して贈られた、ブレードに装着する源石。<br>(パワーゲージ最大値 +1)<br>(交換不可),装備アイテム強化,8,1,5,0
271163,reinforce_1001,2学期開始記念 刀源石,ヨーグルティング 2学期開始を記念して贈られた、ブレードに装着する源石。<br>(パワーゲージ最大値 +1)<br>(交換不可),装備アイテム強化,8,1,5,0
271164,reinforce_1001,2学期開始記念 刀源石,ヨーグルティング 2学期開始を記念して贈られた、ブレードに装着する源石。<br>(パワーゲージ最大値 +1)<br>(交換不可),装備アイテム強化,8,1,5,0
271165,reinforce_1001,2学期開始記念 刀源石,ヨーグルティング 2学期開始を記念して贈られた、ブレードに装着する源石。<br>(パワーゲージ最大値 +1)<br>(交換不可),装備アイテム強化,8,1,5,0
271166,reinforce_1001,2学期開始記念 刀源石,ヨーグルティング 2学期開始を記念して贈られた、ブレードに装着する源石。<br>(パワーゲージ最大値 +1)<br>(交換不可),装備アイテム強化,8,1,5,0
271167,reinforce_1001,2学期開始記念 刀源石,ヨーグルティング 2学期開始を記念して贈られた、ブレードに装着する源石。<br>(パワーゲージ最大値 +1)<br>(交換不可),装備アイテム強化,8,1,5,0
271168,reinforce_1001,2学期開始記念 刀源石,ヨーグルティング 2学期開始を記念して贈られた、ブレードに装着する源石。<br>(パワーゲージ最大値 +1)<br>(交換不可),装備アイテム強化,8,1,5,0
271169,reinforce_1001,2学期開始記念 刀源石,ヨーグルティング 2学期開始を記念して贈られた、ブレードに装着する源石。<br>(パワーゲージ最大値 +1)<br>(交換不可),装備アイテム強化,8,1,5,0
271170,reinforce_1001,2学期開始記念 刀源石,ヨーグルティング 2学期開始を記念して贈られた、ブレードに装着する源石。<br>(パワーゲージ最大値 +1)<br>(交換不可),装備アイテム強化,8,1,5,0
271171,reinforce_1001,2学期開始記念 刀源石,ヨーグルティング 2学期開始を記念して贈られた、ブレードに装着する源石。<br>(パワーゲージ最大値 +1)<br>(交換不可),装備アイテム強化,8,1,5,0
271172,reinforce_1001,2学期開始記念 刀源石,ヨーグルティング 2学期開始を記念して贈られた、ブレードに装着する源石。<br>(パワーゲージ最大値 +1)<br>(交換不可),装備アイテム強化,8,1,5,0
271173,reinforce_1001,2学期開始記念 刀源石,ヨーグルティング 2学期開始を記念して贈られた、ブレードに装着する源石。<br>(パワーゲージ最大値 +1)<br>(交換不可),装備アイテム強化,8,1,5,0
271174,reinforce_1001,2学期開始記念 刀源石,ヨーグルティング 2学期開始を記念して贈られた、ブレードに装着する源石。<br>(パワーゲージ最大値 +1)<br>(交換不可),装備アイテム強化,8,1,5,0
271175,reinforce_1001,2学期開始記念 刀源石,ヨーグルティング 2学期開始を記念して贈られた、ブレードに装着する源石。<br>(パワーゲージ最大値 +1)<br>(交換不可),装備アイテム強化,8,1,5,0
271176,reinforce_1001,2学期開始記念 刀源石,ヨーグルティング 2学期開始を記念して贈られた、ブレードに装着する源石。<br>(パワーゲージ最大値 +1)<br>(交換不可),装備アイテム強化,8,1,5,0
271177,reinforce_1001,2学期開始記念 刀源石,ヨーグルティング 2学期開始を記念して贈られた、ブレードに装着する源石。<br>(パワーゲージ最大値 +1)<br>(交換不可),装備アイテム強化,8,1,5,0
271178,reinforce_1001,2学期開始記念 刀源石,ヨーグルティング 2学期開始を記念して贈られた、ブレードに装着する源石。<br>(パワーゲージ最大値 +1)<br>(交換不可),装備アイテム強化,8,1,5,0
271179,reinforce_1001,2学期開始記念 刀源石,ヨーグルティング 2学期開始を記念して贈られた、ブレードに装着する源石。<br>(パワーゲージ最大値 +1)<br>(交換不可),装備アイテム強化,8,1,5,0
271180,reinforce_1001,2学期開始記念 刀源石,ヨーグルティング 2学期開始を記念して贈られた、ブレードに装着する源石。<br>(パワーゲージ最大値 +1)<br>(交換不可),装備アイテム強化,8,1,5,0
271181,reinforce_1001,2学期開始記念 刀源石,ヨーグルティング 2学期開始を記念して贈られた、ブレードに装着する源石。<br>(パワーゲージ最大値 +1)<br>(交換不可),装備アイテム強化,8,1,5,0
271182,reinforce_1001,2学期開始記念 刀源石,ヨーグルティング 2学期開始を記念して贈られた、ブレードに装着する源石。<br>(パワーゲージ最大値 +1)<br>(交換不可),装備アイテム強化,8,1,5,0
271183,reinforce_1001,2学期開始記念 刀源石,ヨーグルティング 2学期開始を記念して贈られた、ブレードに装着する源石。<br>(パワーゲージ最大値 +1)<br>(交換不可),装備アイテム強化,8,1,5,0
271184,reinforce_1001,2学期開始記念 刀源石,ヨーグルティング 2学期開始を記念して贈られた、ブレードに装着する源石。<br>(パワーゲージ最大値 +1)<br>(交換不可),装備アイテム強化,8,1,5,0
271185,reinforce_1001,2学期開始記念 刀源石,ヨーグルティング 2学期開始を記念して贈られた、ブレードに装着する源石。<br>(パワーゲージ最大値 +1)<br>(交換不可),装備アイテム強化,8,1,5,0
271186,reinforce_1001,2学期開始記念 刀源石,ヨーグルティング 2学期開始を記念して贈られた、ブレードに装着する源石。<br>(パワーゲージ最大値 +1)<br>(交換不可),装備アイテム強化,8,1,5,0
271187,reinforce_1001,2学期開始記念 刀源石,ヨーグルティング 2学期開始を記念して贈られた、ブレードに装着する源石。<br>(パワーゲージ最大値 +1)<br>(交換不可),装備アイテム強化,8,1,5,0
271188,reinforce_1001,2学期開始記念 刀源石,ヨーグルティング 2学期開始を記念して贈られた、ブレードに装着する源石。<br>(パワーゲージ最大値 +1)<br>(交換不可),装備アイテム強化,9,1,5,0
271189,reinforce_1001,2学期開始記念 刀源石,ヨーグルティング 2学期開始を記念して贈られた、ブレードに装着する源石。<br>(パワーゲージ最大値 +1)<br>(交換不可),装備アイテム強化,9,1,5,0
271190,reinforce_1001,2学期開始記念 刀源石,ヨーグルティング 2学期開始を記念して贈られた、ブレードに装着する源石。<br>(パワーゲージ最大値 +1)<br>(交換不可),装備アイテム強化,9,1,5,0
271191,reinforce_1001,2学期開始記念 刀源石,ヨーグルティング 2学期開始を記念して贈られた、ブレードに装着する源石。<br>(パワーゲージ最大値 +1)<br>(交換不可),装備アイテム強化,9,1,5,0
271192,reinforce_1001,2学期開始記念 刀源石,ヨーグルティング 2学期開始を記念して贈られた、ブレードに装着する源石。<br>(パワーゲージ最大値 +1)<br>(交換不可),装備アイテム強化,9,1,5,0
271193,reinforce_1001,2学期開始記念 刀源石,ヨーグルティング 2学期開始を記念して贈られた、ブレードに装着する源石。<br>(パワーゲージ最大値 +1)<br>(交換不可),装備アイテム強化,9,1,5,0
271194,reinforce_1001,2学期開始記念 刀源石,ヨーグルティング 2学期開始を記念して贈られた、ブレードに装着する源石。<br>(パワーゲージ最大値 +1)<br>(交換不可),装備アイテム強化,9,1,5,0
271195,reinforce_1001,2学期開始記念 刀源石,ヨーグルティング 2学期開始を記念して贈られた、ブレードに装着する源石。<br>(パワーゲージ最大値 +1)<br>(交換不可),装備アイテム強化,9,1,5,0
271196,reinforce_1001,2学期開始記念 刀源石,ヨーグルティング 2学期開始を記念して贈られた、ブレードに装着する源石。<br>(パワーゲージ最大値 +1)<br>(交換不可),装備アイテム強化,9,1,5,0
271197,reinforce_1001,2学期開始記念 刀源石,ヨーグルティング 2学期開始を記念して贈られた、ブレードに装着する源石。<br>(パワーゲージ最大値 +1)<br>(交換不可),装備アイテム強化,9,1,5,0
271198,reinforce_1001,2学期開始記念 刀源石,ヨーグルティング 2学期開始を記念して贈られた、ブレードに装着する源石。<br>(パワーゲージ最大値 +1)<br>(交換不可),装備アイテム強化,9,1,5,0
271199,reinforce_1001,2学期開始記念 刀源石,ヨーグルティング 2学期開始を記念して贈られた、ブレードに装着する源石。<br>(パワーゲージ最大値 +1)<br>(交換不可),装備アイテム強化,9,1,5,0
271200,reinforce_1001,2学期開始記念 刀源石,ヨーグルティング 2学期開始を記念して贈られた、ブレードに装着する源石。<br>(パワーゲージ最大値 +1)<br>(交換不可),装備アイテム強化,9,1,5,0
271201,reinforce_1001,2学期開始記念 刀源石,ヨーグルティング 2学期開始を記念して贈られた、ブレードに装着する源石。<br>(パワーゲージ最大値 +1)<br>(交換不可),装備アイテム強化,9,1,5,0
271202,reinforce_1001,2学期開始記念 刀源石,ヨーグルティング 2学期開始を記念して贈られた、ブレードに装着する源石。<br>(パワーゲージ最大値 +1)<br>(交換不可),装備アイテム強化,9,1,5,0
271203,reinforce_1001,2学期開始記念 刀源石,ヨーグルティング 2学期開始を記念して贈られた、ブレードに装着する源石。<br>(パワーゲージ最大値 +1)<br>(交換不可),装備アイテム強化,9,1,5,0
271204,reinforce_1001,2学期開始記念 刀源石,ヨーグルティング 2学期開始を記念して贈られた、ブレードに装着する源石。<br>(パワーゲージ最大値 +1)<br>(交換不可),装備アイテム強化,9,1,5,0
271205,reinforce_1001,2学期開始記念 刀源石,ヨーグルティング 2学期開始を記念して贈られた、ブレードに装着する源石。<br>(パワーゲージ最大値 +1)<br>(交換不可),装備アイテム強化,9,1,5,0
271206,reinforce_1001,2学期開始記念 刀源石,ヨーグルティング 2学期開始を記念して贈られた、ブレードに装着する源石。<br>(パワーゲージ最大値 +1)<br>(交換不可),装備アイテム強化,9,1,5,0
271207,reinforce_1001,2学期開始記念 刀源石,ヨーグルティング 2学期開始を記念して贈られた、ブレードに装着する源石。<br>(パワーゲージ最大値 +1)<br>(交換不可),装備アイテム強化,9,1,5,0
271208,reinforce_1001,2学期開始記念 刀源石,ヨーグルティング 2学期開始を記念して贈られた、ブレードに装着する源石。<br>(パワーゲージ最大値 +1)<br>(交換不可),装備アイテム強化,9,1,5,0
271209,reinforce_1001,2学期開始記念 刀源石,ヨーグルティング 2学期開始を記念して贈られた、ブレードに装着する源石。<br>(パワーゲージ最大値 +1)<br>(交換不可),装備アイテム強化,9,1,5,0
271210,reinforce_1001,2学期開始記念 刀源石,ヨーグルティング 2学期開始を記念して贈られた、ブレードに装着する源石。<br>(パワーゲージ最大値 +1)<br>(交換不可),装備アイテム強化,9,1,5,0
271211,reinforce_1001,2学期開始記念 刀源石,ヨーグルティ囡햚䑵ﳫ붔⇍㦍を記念して贈られた、ブレードに装着する源石。<br>(パワーゲージ最大値 +1)<br>(交換不可),装備アイテム強化,9,1,5,0
271212,reinforce_1001,2学期開始記念 刀源石,ヨーグルティング 2学期開始を記念して贈られた、ブレードに装着する源石。<br>(パワーゲージ最大値 +1)<br>(交換不可),装備アイテム強化,9,1,5,0
271213,reinforce_1001,2学期開始記念 刀源石,ヨーグルティング 2学期開始を記念して贈られた、ブレードに装着する源石。<br>(パワーゲージ最大値 +1)<br>(交換不可),装備アイテム強化,9,1,5,0
271214,reinforce_1001,2学期開始記念 刀源石,ヨーグルティング 2学期開始を記念して贈られた、ブレードに装着する源石。<br>(パワーゲージ最大値 +1)<br>(交換不可),装備アイテム強化,9,1,5,0
271215,reinforce_1001,2学期開始記念 刀源石,ヨーグルティング 2学期開始を記念して贈られた、ブレードに装着する源石。<br>(パワーゲージ最大値 +1)<br>(交換不可),装備アイテム強化,9,1,5,0
271216,reinforce_1001,2学期開始記念 刀源石,ヨーグルティング 2学期開始を記念して贈られた、ブレードに装着する源石。<br>(パワーゲージ最大値 +1)<br>(交換不可),装備アイテム強化,9,1,5,0
271217,reinforce_1001,2学期開始記念 刀源石,ヨーグルティング 2学期開始を記念して贈られた、ブレードに装着する源石。<br>(パワーゲージ最大値 +1)<br>(交換不可),装備アイテム強化,9,1,5,0
271218,reinforce_1001,2学期開始記念 刀源石,ヨーグルティング 2学期開始を記念して贈られた、ブレードに装着する源石。<br>(パワーゲージ最大値 +1)<br>(交換不可),装備アイテム強化,9,1,5,0
271219,reinforce_1001,2学期開始記念 刀源石,ヨーグルティング 2学期開始を記念して贈られた、ブレードに装着する源石。<br>(パワーゲージ最大値 +1)<br>(交換不可),装備アイテム強化,9,1,5,0
271220,reinforce_1001,2学期開始記念 刀源石,ヨーグルティング 2学期開始を記念して贈られた、ブレードに装着する源石。<br>(パワーゲージ最大値 +1)<br>(交換不可),装備アイテム強化,9,1,5,0
271221,reinforce_1001,2学期開始記念 刀源石,ヨーグルティング 2学期開始を記念して贈られた、ブレードに装着する源石。<br>(パワーゲージ最大値 +1)<br>(交換不可),装備アイテム強化,9,1,5,0
271222,reinforce_1001,2学期開始記念 刀源石,ヨーグルティング 2学期開始を記念して贈られた、ブレードに装着する源石。<br>(パワーゲージ最大値 +1)<br>(交換不可),装備アイテム強化,9,1,5,0
271223,reinforce_1001,2学期開始記念 刀源石,ヨーグルティング 2学期開始を記念して贈られた、ブレードに装着する源石。<br>(パワーゲージ最大値 +1)<br>(交換不可),装備アイテム強化,9,1,5,0
271224,reinforce_1001,2学期開始記念 刀源石,ヨーグルティング 2学期開始を記念して贈られた、ブレードに装着する源石。<br>(パワーゲージ最大値 +1)<br>(交換不可),装備アイテム強化,9,1,5,0
271225,reinforce_1001,2学期開始記念 刀源石,ヨーグルティング 2学期開始を記念して贈られた、ブレードに装着する源石。<br>(パワーゲージ最大値 +1)<br>(交換不可),装備アイテム強化,9,1,5,0
271226,reinforce_1001,2学期開始記念 刀源石,ヨーグルティング 2学期開始を記念して贈られた、ブレードに装着する源石。<br>(パワーゲージ最大値 +1)<br>(交換不可),装備アイテム強化,9,1,5,0
271227,reinforce_1001,2学期開始記念 刀源石,ヨーグルティング 2学期開始を記念して贈られた、ブレードに装着する源石。<br>(パワーゲージ最大値 +1)<br>(交換不可),装備アイテム強化,9,1,5,0
271228,reinforce_1001,2学期開始記念 刀源石,ヨーグルティング 2学期開始を記念して贈られた、ブレードに装着する源石。<br>(パワーゲージ最大値 +1)<br>(交換不可),装備アイテム強化,9,1,5,0
271229,reinforce_1001,2学期開始記念 刀源石,ヨーグルティング 2学期開始を記念して贈られた、ブレードに装着する源石。<br>(パワーゲージ最大値 +1)<br>(交換不可),装備アイテム強化,9,1,5,0
271230,reinforce_1001,2学期開始記念 刀源石,ヨーグルティング 2学期開始を記念して贈られた、ブレードに装着する源石。<br>(パワーゲージ最大値 +1)<br>(交換不可),装備アイテム強化,9,1,5,0
271231,reinforce_1001,2学期開始記念 刀源石,ヨーグルティング 2学期開始を記念して贈られた、ブレードに装着する源石。<br>(パワーゲージ最大値 +1)<br>(交換不可),装備アイテム強化,9,1,5,0
271232,reinforce_1001,2学期開始記念 刀源石,ヨーグルティング 2学期開始を記念して贈られた、ブレードに装着する源石。<br>(パワーゲージ最大値 +1)<br>(交換不可),装備アイテム強化,10,1,5,0
271233,reinforce_1001,2学期開始記念 刀源石,ヨーグルティング 2学期開始を記念して贈られた、ブレードに装着する源石。<br>(パワーゲージ最大値 +1)<br>(交換不可),装備アイテム強化,10,1,5,0
271234,reinforce_1001,2学期開始記念 刀源石,ヨーグルティング 2学期開始を記念して贈られた、ブレードに装着する源石。<br>(パワーゲージ最大値 +1)<br>(交換不可),装備アイテム強化,10,1,5,0
271235,reinforce_1001,2学期開始記念 刀源石,ヨーグルティング 2学期開始を記念して贈られた、ブレードに装着する源石。<br>(パワーゲージ最大値 +1)<br>(交換不可),装備アイテム強化,10,1,5,0
271236,reinforce_1001,2学期開始記念 刀源石,ヨーグルティング 2学期開始を記念して贈られた、ブレードに装着する源石。<br>(パワーゲージ最大値 +1)<br>(交換不可),装備アイテム強化,10,1,5,0
271237,reinforce_1001,2学期開始記念 刀源石,ヨーグルティング 2学期開始を記念して贈られた、ブレードに装着する源石。<br>(パワーゲージ最大値 +1)<br>(交換不可),装備アイテム強化,10,1,5,0
271238,reinforce_1001,2学期開始記念 刀源石,ヨーグルティング 2学期開始を記念して贈られた、ブレードに装着する源石。<br>(パワーゲージ最大値 +1)<br>(交換不可),装備アイテム強化,10,1,5,0
271239,reinforce_1001,2学期開始記念 刀源石,ヨーグルティング 2学期開始を記念して贈られた、ブレードに装着する源石。<br>(パワーゲージ最大値 +1)<br>(交換不可),装備アイテム強化,10,1,5,0
271240,reinforce_1001,2学期開始記念 刀源石,ヨーグルティング 2学期開始を記念して贈られた、ブレードに装着する源石。<br>(パワーゲージ最大値 +1)<br>(交換不可),装備アイテム強化,10,1,5,0
271241,reinforce_1001,2学期開始記念 刀源石,ヨーグルティング 2学期開始を記念して贈られた、ブレードに装着する源石。<br>(パワーゲージ最大値 +1)<br>(交換不可),装備アイテム強化,10,1,5,0
271242,reinforce_1001,2学期開始記念 刀源石,ヨーグルティング 2学期開始を記念して贈られた、ブレードに装着する源石。<br>(パワーゲージ最大値 +1)<br>(交換不可),装備アイテム強化,10,1,5,0
271243,reinforce_1001,2学期開始記念 刀源石,ヨーグルティング 2学期開始を記念して贈られた、ブレードに装着する源石。<br>(パワーゲージ最大値 +1)<br>(交換不可),装備アイテム強化,10,1,5,0
271244,reinforce_1001,2学期開始記念 刀源石,ヨーグルティング 2学期開始を記念して贈られた、ブレードに装着する源石。<br>(パワーゲージ最大値 +1)<br>(交換不可),装備アイテム強化,10,1,5,0
271245,reinforce_1001,2学期開始記念 刀源石,ヨーグルティング 2学期開始を記念して贈られた、ブレードに装着する源石。<br>(パワーゲージ最大値 +1)<br>(交換不可),装備アイテム強化,10,1,5,0
271246,reinforce_1001,2学期開始記念 刀源石,ヨーグルティング 2学期開始を記念して贈られた、ブレードに装着する源石。<br>(パワーゲージ最大値 +1)<br>(交換不可),装備アイテム強化,10,1,5,0
271247,reinforce_1001,2学期開始記念 刀源石,ヨーグルティング 2学期開始を記念して贈られた、ブレードに装着する源石。<br>(パワーゲージ最大値 +1)<br>(交換不可),装備アイテム強化,10,1,5,0
271248,reinforce_1001,2学期開始記念 刀源石,ヨーグルティング 2学期開始を記念して贈られた、ブレードに装着する源石。<br>(パワーゲージ最大値 +1)<br>(交換不可),装備アイテム強化,10,1,5,0
271249,reinforce_1001,2学期開始記念 刀源石,ヨーグルティング 2学期開始を記念して贈られた、ブレードに装着する源石。<br>(パワーゲージ最大値 +1)<br>(交換不可),装備アイテム強化,10,1,5,0
271250,reinforce_1001,2学期開始記念 刀源石,ヨーグルティング 2学期開始を記念して贈られた、ブレードに装着する源石。<br>(パワーゲージ最大値 +1)<br>(交換不可),装備アイテム強化,10,1,5,0
271251,reinforce_1001,2学期開始記念 刀源石,ヨーグルティング 2学期開始を記念して贈られた、ブレードに装着する源石。<br>(パワーゲージ最大値 +1)<br>(交換不可),装備アイテム強化,10,1,5,0
271252,reinforce_1001,2学期開始記念 刀源石,ヨーグルティング 2学期開始を記念して贈られた、ブレードに装着する源石。<br>(パワーゲージ最大値 +1)<br>(交換不可),装備アイテム強化,10,1,5,0
271253,reinforce_1001,2学期開始記念 刀源石,ヨーグルティング 2学期開始を記念して贈られた、ブレードに装着する源石。<br>(パワーゲージ最大値 +1)<br>(交換不可),装備アイテム強化,10,1,5,0
271254,reinforce_1001,2学期開始記念 刀源石,ヨーグルティング 2学期開始を記念して贈られた、ブレードに装着する源石。<br>(パワーゲージ最大値 +1)<br>(交換不可),装備アイテム強化,10,1,5,0
271255,reinforce_1001,2学期開始記念 刀源石,ヨーグルティング 2学期開始を記念して贈られた、ブレードに装着する源石。<br>(パワーゲージ最大値 +1)<br>(交換不可),装備アイテム強化,10,1,5,0
271256,reinforce_1001,2学期開始記念 刀源石,ヨーグルティング 2学期開始を記念して贈られた、ブレードに装着する源石。<br>(パワーゲージ最大値 +1)<br>(交換不可),装備アイテム強化,10,1,5,0
271257,reinforce_1001,2学期開始記念 刀源石,ヨーグルティング 2学期開始を記念して贈られた、ブレードに装着する源石。<br>(パワーゲージ最大値 +1)<br>(交換不可),装備アイテム強化,10,1,5,0
271258,reinforce_1001,2学期開始記念 刀源石,ヨーグルティング 2学期開始を記念して贈られた、ブレードに装着する源石。<br>(パワーゲージ最大値 +1)<br>(交換不可),装備アイテム強化,10,1,5,0
271259,reinforce_1001,2学期開始記念 刀源石,ヨーグルティング 2学期開始を記念して贈られた、ブレードに装着する源石。<br>(パワーゲージ最大値 +1)<br>(交換不可),装備アイテム強化,10,1,5,0
271260,reinforce_1001,2学期開始記念 刀源石,ヨーグルティング 2学期開始を記念して贈られた、ブレードに装着する源石。<br>(パワーゲージ最大値 +1)<br>(交換不可),装備アイテム強化,10,1,5,0
271261,reinforce_1001,2学期開始記念 刀源石,ヨーグルティング 2学期開始を記念して贈られた、ブレードに装着する源石。<br>(パワーゲージ最大値 +1)<br>(交換不可),装備アイテム強化,10,1,5,0
271262,reinforce_1001,2学期開始記念 刀源石,ヨーグルティング 2学期開始を記念して贈られた、ブレードに装着する源石。<br>(パワーゲージ最大値 +1)<br>(交換不可),装備アイテム強化,10,1,5,0
271263,reinforce_1001,2学期開始記念 刀源石,ヨーグルティング 2学期開始を記念して贈られた、ブレードに装着する源石。<br>(パワーゲージ最大値 +1)<br>(交換不可),装備アイテム強化,10,1,5,0
271264,reinforce_1001,2学期開始記念 刀源石,ヨーグルティング 2学期開始を記念して贈られた、ブレードに装着する源石。<br>(パワーゲージ最大値 +1)<br>(交換不可),装備アイテム強化,10,1,5,0
271265,reinforce_1001,2学期開始記念 刀源石,ヨーグルティング 2学期開始を記念して贈られた、ブレードに装着する源石。<br>(パワーゲージ最大値 +1)<br>(交換不可),装備アイテム強化,10,1,5,0
271266,reinforce_1001,2学期開始記念 刀源石,ヨーグルティング 2学期開始を記念して贈られた、ブレードに装着する源石。<br>(パワーゲージ最大値 +1)<br>(交換不可),装備アイテム強化,10,1,5,0
271267,reinforce_1001,2学期開始記念 刀源石,ヨーグルティング 2学期開始を記念して贈られた、ブレードに装着する源石。<br>(パワーゲージ最大値 +1)<br>(交換不可),装備アイテム強化,10,1,5,0
271268,reinforce_1001,2学期開始記念 刀源石,ヨーグルティング 2学期開始を記念して贈られた、ブレードに装着する源石。<br>(パワーゲージ最大値 +1)<br>(交換不可),装備アイテム強化,10,1,5,0
271269,reinforce_1001,2学期開始記念 刀源石,ヨーグルティング 2学期開始を記念して贈られた、ブレードに装着する源石。<br>(パワーゲージ最大値 +1)<br>(交換不可),装備アイテム強化,10,1,5,0
271270,reinforce_1001,2学期開始記念 刀源石,ヨーグルティング 2学期開始を記念して贈られた、ブレードに装着する源石。<br>(パワーゲージ最大値 +1)<br>(交換不可),装備アイテム強化,10,1,5,0
271271,reinforce_1001,2学期開始記念 刀源石,ヨーグルティング 2学期開始を記念して贈られた、ブレードに装着する源石。<br>(パワーゲージ最大値 +1)<br>(交換不可),装備アイテム強化,10,1,5,0
271272,reinforce_1001,2学期開始記念 刀源石,ヨーグルティング 2学期開始を記念して贈られた、ブレードに装着する源石。<br>(パワーゲージ最大値 +1)<br>(交換不可),装備アイテム強化,10,1,5,0
271273,reinforce_1001,2学期開始記念 刀源石,ヨーグルティング 2学期開始を記念して贈られた、ブレードに装着する源石。<br>(パワーゲージ最大値 +1)<br>(交換不可),装備アイテム強化,10,1,5,0
271274,reinforce_1001,2学期開始記念 刀源石,ヨーグルティング 2学期開始を記念して贈られた、ブレードに装着する源石。<br>(パワーゲージ最大値 +1)<br>(交換不可),装備アイテム強化,10,1,5,0
271275,reinforce_1001,2学期開始記念 刀源石,ヨーグルティング 2学期開始を記念して贈られた、ブレードに装着する源石。<br>(パワーゲージ最大値 +1)<br>(交換不可),装備アイテム強化,10,1,5,0
271276,reinforce_1001,2学期開始記念 刀源石,ヨーグルティング 2学期開始を記念して贈られた、ブレードに装着する源石。<br>(パワーゲージ最大値 +1)<br>(交換不可),装備アイテム強化,10,1,5,0
271277,reinforce_1001,2学期開始記念 刀源石,ヨーグルティング 2学期開始を記念して贈られた、ブレードに装着する源石。<br>(パワーゲージ最大値 +1)<br>(交換不可),装備アイテム強化,10,1,5,0
271278,reinforce_1001,2学期開始記念 刀源石,ヨーグルティング 2学期開始を記念して贈られた、ブレードに装着する源石。<br>(パワーゲージ最大値 +1)<br>(交換不可),装備アイテム強化,10,1,5,0
271279,reinforce_1001,2学期開始記念 刀源石,ヨーグルティング 2学期開始を記念して贈られた、ブレードに装着する源石。<br>(パワーゲージ最大値 +1)<br>(交換不可),装備アイテム強化,10,1,5,0
271280,reinforce_1001,2学期開始記念 刀源石,ヨーグルティング 2学期開始を記念して贈られた、ブレードに装着する源石。<br>(パワーゲージ最大値 +1)<br>(交換不可),装備アイテム強化,10,1,5,0
271281,reinforce_1001,2学期開始記念 刀源石,ヨーグルティング 2学期開始を記念して贈られた、ブレードに装着する源石。<br>(パワーゲージ最大値 +1)<br>(交換不可),装備アイテム強化,10,1,5,0
271282,reinforce_1001,2学期開始記念 刀源石,ヨーグルティング 2学期開始を記念して贈られた、ブレードに装着する源石。<br>(パワーゲージ最大値 +1)<br>(交換不可),装備アイテム強化,10,1,5,0
271283,reinforce_1001,2学期開始記念 刀源石,ヨーグルティング 2学期開始を記念して贈られた、ブレードに装着する源石。<br>(パワーゲージ最大値 +1)<br>(交換不可),装備アイテム強化,10,1,5,0
271284,reinforce_1001,2学期開始記念 刀源石,ヨーグルティング 2学期開始を記念して贈られた、ブレードに装着する源石。<br>(パワーゲージ最大値 +1)<br>(交換不可),装備アイテム強化,10,1,5,0
271285,reinforce_1001,2学期開始記念 刀源石,ヨーグルティング 2学期開始を記念して贈られた、ブレードに装着する源石。<br>(パワーゲージ最大値 +1)<br>(交換不可),装備アイテム強化,10,1,5,0
271286,reinforce_1001,2学期開始記念 刀源石,ヨーグルティング 2学期開始を記念して贈られた、ブレードに装着する源石。<br>(パワーゲージ最大値 +1)<br>(交換不可),装備アイテム強化,10,1,5,0
271287,reinforce_1001,2学期開始記念 刀源石,ヨーグルティング 2学期開始を記念して贈られた、ブレードに装着する源石。<br>(パワーゲージ最大値 +1)<br>(交換不可),装備アイテム強化,11,1,5,0
271288,reinforce_1001,2学期開始記念 刀源石,ヨーグルティング 2学期開始を記念して贈られた、ブレードに装着する源石。<br>(パワーゲージ最大値 +1)<br>(交換不可),装備アイテム強化,11,1,5,0
271289,reinforce_1001,2学期開始記念 刀源石,ヨーグルティング 2学期開始を記念して贈られた、ブレードに装着する源石。<br>(パワーゲージ最大値 +1)<br>(交換不可),装備アイテム強化,11,1,5,0
271290,reinforce_1001,2学期開始記念 刀源石,ヨーグルティング 2学期開始を記念して贈られた、ブレードに装着する源石。<br>(パワーゲージ最大値 +1)<br>(交換不可),装備アイテム強化,11,1,5,0
271291,reinforce_1001,2学期開始記念 刀源石,ヨーグルティング 2学期開始を記念して贈られた、ブレードに装着する源石。<br>(パワーゲージ最大値 +1)<br>(交換不可),装備アイテム強化,11,1,5,0
271292,reinforce_1001,2学期開始記念 刀源石,ヨーグルティング 2学期開始を記念して贈られた、ブレードに装着する源石。<br>(パワーゲージ最大値 +1)<br>(交換不可),装備アイテム強化,11,1,5,0
271293,reinforce_1001,2学期開始記念 刀源石,ヨーグルティング 2学期開始を記念して贈られた、ブレードに装着する源石。<br>(パワーゲージ最大値 +1)<br>(交換不可),装備アイテム強化,11,1,5,0
271294,reinforce_1001,2学期開始記念 刀源石,ヨーグルティング 2学期開始を記念して贈られた、ブレードに装着する源石。<br>(パワーゲージ最大値 +1)<br>(交換不可),装備アイテム強化,11,1,5,0
271295,reinforce_1001,2学期開始記念 刀源石,ヨーグルティング 2学期開始を記念して贈られた、ブレードに装着する源石。<br>(パワーゲージ最大値 +1)<br>(交換不可),装備アイテム強化,11,1,5,0
271296,reinforce_1001,2学期開始記念 刀源石,ヨーグルティング 2学期開始を記念して贈られた、ブレードに装着する源石。<br>(パワーゲージ最大値 +1)<br>(交換不可),装備アイテム強化,11,1,5,0
271297,reinforce_1001,2学期開始記念 刀源石,ヨーグルティング 2学期開始を記念して贈られた、ブレードに装着する源石。<br>(パワーゲージ最大値 +1)<br>(交換不可),装備アイテム強化,11,1,5,0
271298,reinforce_1001,2学期開始記念 刀源石,ヨーグルティング 2学期開始を記念して贈られた、ブレードに装着する源石。<br>(パワーゲージ最大値 +1)<br>(交換不可),装備アイテム強化,11,1,5,0
271299,reinforce_1001,2学期開始記念 刀源石,ヨーグルティング 2学期開始を記念して贈られた、ブレードに装着する源石。<br>(パワーゲージ最大値 +1)<br>(交換不可),装備アイテム強化,11,1,5,0
271300,reinforce_1001,2学期開始記念 刀源石,ヨーグルティング 2学期開始を記念して贈られた、ブレードに装着する源石。<br>(パワーゲージ最大値 +1)<br>(交換不可),装備アイテム強化,11,1,5,0
271301,reinforce_1001,2学期開始記念 刀源石,ヨーグルティング 2学期開始を記念して贈られた、ブレードに装着する源石。<br>(パワーゲージ最大値 +1)<br>(交換不可),装備アイテム強化,11,1,5,0
271302,reinforce_1001,2学期開始記念 刀源石,ヨーグルティング 2学期開始を記念して贈られた、ブレードに装着する源石。<br>(パワーゲージ最大値 +1)<br>(交換不可),装備アイテム強化,11,1,5,0
271303,reinforce_1001,2学期開始記念 刀源石,ヨーグルティング 2学期開始を記念して贈られた、ブレードに装着する源石。<br>(パワーゲージ最大値 +1)<br>(交換不可),装備アイテム強化,11,1,5,0
271304,reinforce_1001,2学期開始記念 刀源石,ヨーグルティング 2学期開始を記念して贈られた、ブレードに装着する源石。<br>(パワーゲージ最大値 +1)<br>(交換不可),装備アイテム強化,11,1,5,0
271305,reinforce_1001,2学期開始記念 刀源石,ヨーグルティング 2学期開始を記念して贈られた、ブレードに装着する源石。<br>(パワーゲージ最大値 +1)<br>(交換不可),装備アイテム強化,11,1,5,0
271306,reinforce_1001,2学期開始記念 刀源石,ヨーグルティング 2学期開始を記念して贈られた、ブレードに装着する源石。<br>(パワーゲージ最大値 +1)<br>(交換不可),装備アイテム強化,11,1,5,0
271307,reinforce_1001,2学期開始記念 刀源石,ヨーグルティング 2学期開始を記念して贈られた、ブレードに装着する源石。<br>(パワーゲージ最大値 +1)<br>(交換不可),装備アイテム強化,11,1,5,0
271308,reinforce_1001,2学期開始記念 刀源石,ヨーグルティング 2学期開始を記念して贈られた、ブレードに装着する源石。<br>(パワーゲージ最大値 +1)<br>(交換不可),装備アイテム強化,11,1,5,0
271309,reinforce_1001,2学期開始記念 刀源石,ヨーグルティング 2学期開始を記念して贈られた、ブレードに装着する源石。<br>(パワーゲージ最大値 +1)<br>(交換不可),装備アイテム強化,11,1,5,0
271310,reinforce_1001,2学期開始記念 刀源石,ヨーグルティング 2学期開始を記念して贈られた、ブレードに装着する源石。<br>(パワーゲージ最大値 +1)<br>(交換不可),装備アイテム強化,11,1,5,0
271311,reinforce_1001,2学期開始記念 刀源石,ヨーグルティング 2学期開始を記念して贈られた、ブレードに装着する源石。<br>(パワーゲージ最大値 +1)<br>(交換不可),装備アイテム強化,11,1,5,0
271312,reinforce_1001,2学期開始記念 刀源石,ヨーグルティング 2学期開始を記念して贈られた、ブレードに装着する源石。<br>(パワーゲージ最大値 +1)<br>(交換不可),装備アイテム強化,11,1,5,0
271313,reinforce_1001,2学期開始記念 刀源石,ヨーグルティング 2学期開始を記念して贈られた、ブレードに装着する源石。<br>(パワーゲージ最大値 +1)<br>(交換不可),装備アイテム強化,11,1,5,0
271314,reinforce_1001,2学期開始記念 刀源石,ヨーグルティング 2学期開始を記念して贈られた、ブレードに装着する源石。<br>(パワーゲージ最大値 +1)<br>(交換不可),装備アイテム強化,11,1,5,0
271315,reinforce_1001,2学期開始記念 刀源石,ヨーグルティング 2学期開始を記念して贈られた、ブレードに装着する源石。<br>(パワーゲージ最大値 +1)<br>(交換不可),装備アイテム強化,11,1,5,0
271316,reinforce_1001,2学期開始記念 刀源石,ヨーグルティング 2学期開始を記念して贈られた、ブレードに装着する源石。<br>(パワーゲージ最大値 +1)<br>(交換不可),装備アイテム強化,11,1,5,0
271317,reinforce_1001,2学期開始記念 刀源石,ヨーグルティング 2学期開始を記念して贈られた、ブレードに装着する源石。<br>(パワーゲージ最大値 +1)<br>(交換不可),装備アイテム強化,11,1,5,0
271318,reinforce_1001,2学期開始記念 刀源石,ヨーグルティング 2学期開始を記念して贈られた、ブレードに装着する源石。<br>(パワーゲージ最大値 +1)<br>(交換不可),装備アイテム強化,11,1,5,0
271319,reinforce_1001,2学期開始記念 刀源石,ヨーグルティング 2学期開始を記念して贈られた、ブレードに装着する源石。<br>(パワーゲージ最大値 +1)<br>(交換不可),装備アイテム強化,11,1,5,0
271320,reinforce_1001,2学期開始記念 刀源石,ヨーグルティング 2学期開始を記念して贈られた、ブレードに装着する源石。<br>(パワーゲージ最大値 +1)<br>(交換不可),装備アイテム強化,11,1,5,0
271321,reinforce_1001,2学期開始記念 刀源石,ヨーグルティング 2学期開始を記念して贈られた、ブレードに装着する源石。<br>(パワーゲージ最大値 +1)<br>(交換不可),装備アイテム強化,11,1,5,0
271322,reinforce_1001,2学期開始記念 刀源石,ヨーグルティング 2学期開始を記念して贈られた、ブレードに装着する源石。<br>(パワーゲージ最大値 +1)<br>(交換不可),装備アイテム強化,11,1,5,0
271323,reinforce_1001,2学期開始記念 刀源石,ヨーグルティング 2学期開始を記念して贈られた、ブレードに装着する源石。<br>(パワーゲージ最大値 +1)<br>(交換不可),装備アイテム強化,11,1,5,0
271324,reinforce_1001,2学期開始記念 刀源石,ヨーグルティング 2学期開始を記念して贈られた、ブレードに装着する源石。<br>(パワーゲージ最大値 +1)<br>(交換不可),装備アイテム強化,11,1,5,0
271325,reinforce_1001,2学期開始記念 刀源石,ヨーグルティング 2学期開始を記念して贈られた、ブレードに装着する源石。<br>(パワーゲージ最大値 +1)<br>(交換不可),装備アイテム強化,11,1,5,0
271326,reinforce_1001,2学期開始記念 刀源石,ヨーグルティング 2学期開始を記念して贈られた、ブレードに装着する源石。<br>(パワーゲージ最大値 +1)<br>(交換不可),装備アイテム強化,11,1,5,0
271327,reinforce_1001,2学期開始記念 刀源石,ヨーグルティング 2学期開始を記念して贈られた、ブレードに装着する源石。<br>(パワーゲージ最大値 +1)<br>(交換不可),装備アイテム強化,11,1,5,0
271328,reinforce_1001,2学期開始記念 刀源石,ヨーグルティング 2学期開始を記念して贈られた、ブレードに装着する源石。<br>(パワーゲージ最大値 +1)<br>(交換不可),装備アイテム強化,11,1,5,0
271329,reinforce_1001,2学期開始記念 刀源石,ヨーグルティング 2学期開始を記念して贈られた、ブレードに装着する源石。<br>(パワーゲージ最大値 +1)<br>(交換不可),装備アイテム強化,11,1,5,0
271330,reinforce_1001,2学期開始記念 刀源石,ヨーグルティング 2学期開始を記念して贈られた、ブレードに装着する源石。<br>(パワーゲージ最大値 +1)<br>(交換不可),装備アイテム強化,11,1,5,0
271331,reinforce_1001,2学期開始記念 刀源石,ヨーグルティング 2学期開始を記念して贈られた、ブレードに装着する源石。<br>(パワーゲージ最大値 +1)<br>(交換不可),装備アイテム強化,11,1,5,0
271332,reinforce_1001,2学期開始記念 刀源石,ヨーグルティング 2学期開始を記念して贈られた、ブレードに装着する源石。<br>(パワーゲージ最大値 +1)<br>(交換不可),装備アイテム強化,11,1,5,0
271333,reinforce_1001,2学期開始記念 刀源石,ヨーグルティング 2学期開始を記念して贈られた、ブレードに装着する源石。<br>(パワーゲージ最大値 +1)<br>(交換不可),装備アイテム強化,11,1,5,0
271334,reinforce_1001,2学期開始記念 刀源石,ヨーグルティング 2学期開始を記念して贈られた、ブレードに装着する源石。<br>(パワーゲージ最大値 +1)<br>(交換不可),装備アイテム強化,11,1,5,0
271335,reinforce_1001,2学期開始記念 刀源石,ヨーグルティング 2学期開始を記念して贈られた、ブレードに装着する源石。<br>(パワーゲージ最大値 +1)<br>(交換不可),装備アイテム強化,11,1,5,0
271336,reinforce_1001,2学期開始記念 刀源石,ヨーグルティング 2学期開始を記念して贈られた、ブレードに装着する源石。<br>(パワーゲージ最大値 +1)<br>(交換不可),装備アイテム強化,11,1,5,0
271337,reinforce_1001,2学期開始記念 刀源石,ヨーグルティング 2学期開始を記念して贈られた、ブレードに装着する源石。<br>(パワーゲージ最大値 +1)<br>(交換不可),装備アイテム強化,11,1,5,0
271338,reinforce_1001,2学期開始記念 刀源石,ヨーグルティング 2学期開始を記念して贈られた、ブレードに装着する源石。<br>(パワーゲージ最大値 +1)<br>(交換不可),装備アイテム強化,11,1,5,0
271339,reinforce_1001,2学期開始記念 刀源石,ヨーグルティング 2学期開始を記念して贈られた、ブレードに装着する源石。<br>(パワーゲージ最大値 +1)<br>(交換不可),装備アイテム強化,11,1,5,0
271340,reinforce_1001,2学期開始記念 刀源石,ヨーグルティング 2学期開始を記念して贈られた、ブレードに装着する源石。<br>(パワーゲージ最大値 +1)<br>(交換不可),装備アイテム強化,11,1,5,0
271341,reinforce_1001,2学期開始記念 刀源石,ヨーグルティング 2学期開始を記念して贈られた、ブレードに装着する源石。<br>(パワーゲージ最大値 +1)<br>(交換不可),装備アイテム強化,11,1,5,0
271342,reinforce_1001,2学期開始記念 刀源石,ヨーグルティング 2学期開始を記念して贈られた、ブレードに装着する源石。<br>(パワーゲージ最大値 +1)<br>(交換不可),装備アイテム強化,11,1,5,0
271343,reinforce_1001,2学期開始記念 刀源石,ヨーグルティング 2学期開始を記念して贈られた、ブレードに装着する源石。<br>(パワーゲージ最大値 +1)<br>(交換不可),装備アイテム強化,11,1,5,0
271344,reinforce_1001,2学期開始記念 刀源石,ヨーグルティング 2学期開始を記念して贈られた、ブレードに装着する源石。<br>(パワーゲージ最大値 +1)<br>(交換不可),装備アイテム強化,11,1,5,0
271345,reinforce_1001,2学期開始記念 刀源石,ヨーグルティング 2学期開始を記念して贈られた、ブレードに装着する源石。<br>(パワーゲージ最大値 +1)<br>(交換不可),装備アイテム強化,11,1,5,0
271346,reinforce_1001,2学期開始記念 刀源石,ヨーグルティング 2学期開始を記念して贈られた、ブレードに装着する源石。<br>(パワーゲージ最大値 +1)<br>(交換不可),装備アイテム強化,11,1,5,0
271347,reinforce_1001,2学期開始記念 刀源石,ヨーグルティング 2学期開始を記念して贈られた、ブレードに装着する源石。<br>(パワーゲージ最大値 +1)<br>(交換不可),装備アイテム強化,11,1,5,0
271348,reinforce_1001,2学期開始記念 刀源石,ヨーグルティング 2学期開始を記念して贈られた、ブレードに装着する源石。<br>(パワーゲージ最大値 +1)<br>(交換不可),装備アイテム強化,11,1,5,0
271349,reinforce_1001,2学期開始記念 刀源石,ヨーグルティング 2学期開始を記念して贈られた、ブレードに装着する源石。<br>(パワーゲージ最大値 +1)<br>(交換不可),装備アイテム強化,11,1,5,0
271350,reinforce_1001,2学期開始記念 刀源石,ヨーグルティング 2学期開始を記念して贈られた、ブレードに装着する源石。<br>(パワーゲージ最大値 +1)<br>(交換不可),装備アイテム強化,11,1,5,0
271351,reinforce_1001,2学期開始記念 刀源石,ヨーグルティング 2学期開始を記念して贈られた、ブレードに装着する源石。<br>(パワーゲージ最大値 +1)<br>(交換不可),装備アイテム強化,11,1,5,0
271352,reinforce_1001,2学期開始記念 刀源石,ヨーグルティング 2学期開始を記念して贈られた、ブレードに装着する源石。<br>(パワーゲージ最大値 +1)<br>(交換不可),装備アイテム強化,11,1,5,0
271353,reinforce_1001,2学期開始記念 刀源石,ヨーグルティング 2学期開始を記念して贈られた、ブレードに装着する源石。<br>(パワーゲージ最大値 +1)<br>(交換不可),装備アイテム強化,11,1,5,0
271354,reinforce_1001,2学期開始記念 刀源石,ヨーグルティング 2学期開始を記念して贈られた、ブレードに装着する源石。<br>(パワーゲージ最大値 +1)<br>(交換不可),装備アイテム強化,11,1,5,0
271355,reinforce_1001,2学期開始記念 刀源石,ヨーグルティング 2学期開始を記念して贈られた、ブレードに装着する源石。<br>(パワーゲージ最大値 +1)<br>(交換不可),装備アイテム強化,11,1,5,0
271356,reinforce_1001,2学期開始記念 刀源石,ヨーグルティング 2学期開始を記念して贈られた、ブレードに装着する源石。<br>(パワーゲージ最大値 +1)<br>(交換不可),装備アイテム強化,11,1,5,0
271357,reinforce_1001,2学期開始記念 刀源石,ヨーグルティング 2学期開始を記念して贈られた、ブレードに装着する源石。<br>(パワーゲージ最大値 +1)<br>(交換不可),装備アイテム強化,11,1,5,0
271358,reinforce_1001,2学期開始記念 刀源石,ヨーグルティング 2学期開始を記念して贈られた、ブレードに装着する源石。<br>(パワーゲージ最大値 +1)<br>(交換不可),装備アイテム強化,11,1,5,0
271359,reinforce_1001,2学期開始記念 刀源石,ヨーグルティング 2学期開始を記念して贈られた、ブレードに装着する源石。<br>(パワーゲージ最大値 +1)<br>(交換不可),装備アイテム強化,11,1,5,0
271360,reinforce_1001,2学期開始記念 刀源石,ヨーグルティング 2学期開始を記念して贈られた、ブレードに装着する源石。<br>(パワーゲージ最大値 +1)<br>(交換不可),装備アイテム強化,11,1,5,0
271361,reinforce_1001,2学期開始記念 刀源石,ヨーグルティング 2学期開始を記念して贈られた、ブレードに装着する源石。<br>(パワーゲージ最大値 +1)<br>(交換不可),装備アイテム強化,11,1,5,0
271362,reinforce_1001,2学期開始記念 刀源石,ヨーグルティング 2学期開始を記念して贈られた、ブレードに装着する源石。<br>(パワーゲージ最大値 +1)<br>(交換不可),装備アイテム強化,11,1,5,0
271363,reinforce_1001,2学期開始記念 刀源石,ヨーグルティング 2学期開始を記念して贈られた、ブレードに装着する源石。<br>(パワーゲージ最大値 +1)<br>(交換不可),装備アイテム強化,11,1,5,0
271364,reinforce_1001,2学期開始記念 刀源石,ヨーグルティング 2学期開始を記念して贈られた、ブレードに装着する源石。<br>(パワーゲージ最大値 +1)<br>(交換不可),装備アイテム強化,11,1,5,0
271365,reinforce_1001,2学期開始記念 刀源石,ヨーグルティング 2学期開始を記念して贈られた、ブレードに装着する源石。<br>(パワーゲージ最大値 +1)<br>(交換不可),装備アイテム強化,11,1,5,0
271366,reinforce_1001,2学期開始記念 刀源石,ヨーグルティング 2学期開始を記念して贈られた、ブレードに装着する源石。<br>(パワーゲージ最大値 +1)<br>(交換不可),装備アイテム強化,11,1,5,0
271367,reinforce_1001,2学期開始記念 刀源石,ヨーグルティング 2学期開始を記念して贈られた、ブレードに装着する源石。<br>(パワーゲージ最大値 +1)<br>(交換不可),装備アイテム強化,11,1,5,0
271368,reinforce_1001,2学期開始記念 刀源石,ヨーグルティング 2学期開始を記念して贈られた、ブレードに装着する源石。<br>(パワーゲージ最大値 +1)<br>(交換不可),装備アイテム強化,11,1,5,0
271369,reinforce_1001,2学期開始記念 刀源石,ヨーグルティング 2学期開始を記念して贈られた、ブレードに装着する源石。<br>(パワーゲージ最大値 +1)<br>(交換不可),装備アイテム強化,11,1,5,0
271370,reinforce_1001,2学期開始記念 刀源石,ヨーグルティング 2学期開始を記念して贈られた、ブレードに装着する源石。<br>(パワーゲージ最大値 +1)<br>(交換不可),装備アイテム強化,11,1,5,0
271371,reinforce_1001,2学期開始記念 刀源石,ヨーグルティング 2学期開始を記念して贈られた、ブレードに装着する源石。<br>(パワーゲージ最大値 +1)<br>(交換不可),装備アイテム強化,11,1,5,0
271372,reinforce_1001,2学期開始記念 刀源石,ヨーグルティング 2学期開始を記念して贈られた、ブレードに装着する源石。<br>(パワーゲージ最大値 +1)<br>(交換不可),装備アイテム強化,11,1,5,0
271373,reinforce_1001,2学期開始記念 刀源石,ヨーグルティング 2学期開始を記念して贈られた、ブレードに装着する源石。<br>(パワーゲージ最大値 +1)<br>(交換不可),装備アイテム強化,11,1,5,0
271374,reinforce_1001,2学期開始記念 刀源石,ヨーグルティング 2学期開始を記念して贈られた、ブレードに装着する源石。<br>(パワーゲージ最大値 +1)<br>(交換不可),装備アイテム強化,11,1,5,0
271375,reinforce_1001,2学期開始記念 刀源石,ヨーグルティング 2学期開始を記念して贈られた、ブレードに装着する源石。<br>(パワーゲージ最大値 +1)<br>(交換不可),装備アイテム強化,11,1,5,0
271376,reinforce_1001,2学期開始記念 刀源石,ヨーグルティング 2学期開始を記念して贈られた、ブレードに装着する源石。<br>(パワーゲージ最大値 +1)<br>(交換不可),装備アイテム強化,11,1,5,0
271377,reinforce_1001,2学期開始記念 刀源石,ヨーグルティング 2学期開始を記念して贈られた、ブレードに装着する源石。<br>(パワーゲージ最大値 +1)<br>(交換不可),装備アイテム強化,11,1,5,0
271378,reinforce_1001,2学期開始記念 刀源石,ヨーグルティング 2学期開始を記念して贈られた、ブレードに装着する源石。<br>(パワーゲージ最大値 +1)<br>(交換不可),装備アイテム強化,11,1,5,0
271379,reinforce_1001,2学期開始記念 刀源石,ヨーグルティング 2学期開始を記念して贈られた、ブレードに装着する源石。<br>(パワーゲージ最大値 +1)<br>(交換不可),装備アイテム強化,11,1,5,0
271380,reinforce_1001,2学期開始記念 刀源石,ヨーグルティング 2学期開始を記念して贈られた、ブレードに装着する源石。<br>(パワーゲージ最大値 +1)<br>(交換不可),装備アイテム強化,11,1,5,0
271381,reinforce_1001,2学期開始記念 刀源石,ヨーグルティング 2学期開始を記念して贈られた、ブレードに装着する源石。<br>(パワーゲージ最大値 +1)<br>(交換不可),装備アイテム強化,11,1,5,0
271382,reinforce_1001,2学期開始記念 刀源石,ヨーグルティング 2学期開始を記念して贈られた、ブレードに装着する源石。<br>(パワーゲージ最大値 +1)<br>(交換不可),装備アイテム強化,11,1,5,0
271383,reinforce_1001,2学期開始記念 刀源石,ヨーグルティング 2学期開始を記念して贈られた、ブレードに装着する源石。<br>(パワーゲージ最大値 +1)<br>(交換不可),装備アイテム強化,11,1,5,0
271384,reinforce_1001,2学期開始記念 刀源石,ヨーグルティング 2学期開始を記念して贈られた、ブレードに装着する源石。<br>(パワーゲージ最大値 +1)<br>(交換不可),装備アイテム強化,11,1,5,0
271385,reinforce_1001,2学期開始記念 刀源石,ヨーグルティング 2学期開始を記念して贈られた、ブレードに装着する源石。<br>(パワーゲージ最大値 +1)<br>(交換不可),装備アイテム強化,11,1,5,0
271386,reinforce_1001,2学期開始記念 刀源石,ヨーグルティング 2学期開始を記念して贈られた、ブレードに装着する源石。<br>(パワーゲージ最大値 +1)<br>(交換不可),装備アイテム強化,11,1,5,0
271387,reinforce_1001,2学期開始記念 刀源石,ヨーグルティング 2学期開始を記念して贈られた、ブレードに装着する源石。<br>(パワーゲージ最大値 +1)<br>(交換不可),装備アイテム強化,11,1,5,0
271388,reinforce_1001,2学期開始記念 刀源石,ヨーグルティング 2学期開始を記念して贈られた、ブレードに装着する源石。<br>(パワーゲージ最大値 +1)<br>(交換不可),装備アイテム強化,11,1,5,0
271389,reinforce_1001,2学期開始記念 刀源石,ヨーグルティング 2学期開始を記念して贈られた、ブレードに装着する源石。<br>(パワーゲージ最大値 +1)<br>(交換不可),装備アイテム強化,11,1,5,0
271390,reinforce_1001,2学期開始記念 刀源石,ヨーグルティング 2学期開始を記念して贈られた、ブレードに装着する源石。<br>(パワーゲージ最大値 +1)<br>(交換不可),装備アイテム強化,11,1,5,0
271391,reinforce_1001,2学期開始記念 刀源石,ヨーグルティング 2学期開始を記念して贈られた、ブレードに装着する源石。<br>(パワーゲージ最大値 +1)<br>(交換不可),装備アイテム強化,11,1,5,0
271392,reinforce_1001,2学期開始記念 刀源石,ヨーグルティング 2学期開始を記念して贈られた、ブレードに装着する源石。<br>(パワーゲージ最大値 +1)<br>(交換不可),装備アイテム強化,11,1,5,0
271393,reinforce_1001,2学期開始記念 刀源石,ヨーグルティング 2学期開始を記念して贈られた、ブレードに装着する源石。<br>(パワーゲージ最大値 +1)<br>(交換不可),装備アイテム強化,11,1,5,0
271394,reinforce_1001,2学期開始記念 刀源石,ヨーグルティング 2学期開始を記念して贈られた、ブレードに装着する源石。<br>(パワーゲージ最大値 +1)<br>(交換不可),装備アイテム強化,11,1,5,0
271395,reinforce_1001,2学期開始記念 刀源石,ヨーグルティング 2学期開始を記念して贈られた、ブレードに装着する源石。<br>(パワーゲージ最大値 +1)<br>(交換不可),装備アイテム強化,11,1,5,0
271396,reinforce_1001,2学期開始記念 刀源石,ヨーグルティング 2学期開始を記念して贈られた、ブレードに装着する源石。<br>(パワーゲージ最大値 +1)<br>(交換不可),装備アイテム強化,11,1,5,0
271397,reinforce_1001,2学期開始記念 刀源石,ヨーグルティング 2学期開始を記念して贈られた、ブレードに装着する源石。<br>(パワーゲージ最大値 +1)<br>(交換不可),装備アイテム強化,11,1,5,0
271398,reinforce_1001,2学期開始記念 刀源石,ヨーグルティング 2学期開始を記念して贈られた、ブレードに装着する源石。<br>(パワーゲージ最大値 +1)<br>(交換不可),装備アイテム強化,11,1,5,0
271399,reinforce_1001,2学期開始記念 刀源石,ヨーグルティング 2学期開始を記念して贈られた、ブレードに装着する源石。<br>(パワーゲージ最大値 +1)<br>(交換不可),装備アイテム強化,11,1,5,0
271400,reinforce_1001,2学期開始記念 刀源石,ヨーグルティング 2学期開始を記念して贈られた、ブレードに装着する源石。<br>(パワーゲージ最大値 +1)<br>(交換不可),装備アイテム強化,11,1,5,0
271401,reinforce_1001,2学期開始記念 刀源石,ヨーグルティング 2学期開始を記念して贈られた、ブレードに装着する源石。<br>(パワーゲージ最大値 +1)<br>(交換不可),装備アイテム強化,11,1,5,0
271402,reinforce_1001,2学期開始記念 刀源石,ヨーグルティング 2学期開始を記念して贈られた、ブレードに装着する源石。<br>(パワーゲージ最大値 +1)<br>(交換不可),装備アイテム強化,11,1,5,0
271403,reinforce_1001,2学期開始記念 刀源石,ヨーグルティング 2学期開始を記念して贈られた、ブレードに装着する源石。<br>(パワーゲージ最大値 +1)<br>(交換不可),装備アイテム強化,11,1,5,0
271404,reinforce_1001,2学期開始記念 刀源石,ヨーグルティング 2学期開始を記念して贈られた、ブレードに装着する源石。<br>(パワーゲージ最大値 +1)<br>(交換不可),装備アイテム強化,11,1,5,0
271405,reinforce_1001,2学期開始記念 刀源石,ヨーグルティング 2学期開始を記念して贈られた、ブレードに装着する源石。<br>(パワーゲージ最大値 +1)<br>(交換不可),装備アイテム強化,11,1,5,0
271406,reinforce_1001,2学期開始記念 刀源石,ヨーグルティング 2学期開始を記念して贈られた、ブレードに装着する源石。<br>(パワーゲージ最大値 +1)<br>(交換不可),装備アイテム強化,11,1,5,0
271407,reinforce_1001,2学期開始記念 刀源石,ヨーグルティング 2学期開始を記念して贈られた、ブレードに装着する源石。<br>(パワーゲージ最大値 +1)<br>(交換不可),装備アイテム強化,11,1,5,0
271408,reinforce_1001,2学期開始記念 刀源石,ヨーグルティング 2学期開始を記念して贈られた、ブレードに装着する源石。<br>(パワーゲージ最大値 +1)<br>(交換不可),装備アイテム強化,11,1,5,0
271409,reinforce_1001,2学期開始記念 刀源石,ヨーグルティング 2学期開始を記念して贈られた、ブレードに装着する源石。<br>(パワーゲージ最大値 +1)<br>(交換不可),装備アイテム強化,11,1,5,0
271410,reinforce_1001,2学期開始記念 刀源石,ヨーグルティング 2学期開始を記念して贈られた、ブレードに装着する源石。<br>(パワーゲージ最大値 +1)<br>(交換不可),装備アイテム強化,11,1,5,0
271411,reinforce_1001,2学期開始記念 刀源石,ヨーグルティング 2学期開始を記念して贈られた、ブレードに装着する源石。<br>(パワーゲージ最大値 +1)<br>(交換不可),装備アイテム強化,11,1,5,0
271412,reinforce_1001,2学期開始記念 刀源石,ヨーグルティング 2学期開始を記念して贈られた、ブレードに装着する源石。<br>(パワーゲージ最大値 +1)<br>(交換不可),装備アイテム強化,11,1,5,0
271413,reinforce_1001,2学期開始記念 刀源石,ヨーグルティング 2学期開始を記念して贈られた、ブレードに装着する源石。<br>(パワーゲージ最大値 +1)<br>(交換不可),装備アイテム強化,11,1,5,0
271414,reinforce_1001,2学期開始記念 刀源石,ヨーグルティング 2学期開始を記念して贈られた、ブレードに装着する源石。<br>(パワーゲージ最大値 +1)<br>(交換不可),装備アイテム強化,11,1,5,0
271415,reinforce_1001,2学期開始記念 刀源石,ヨーグルティング 2学期開始を記念して贈られた、ブレードに装着する源石。<br>(パワーゲージ最大値 +1)<br>(交換不可),装備アイテム強化,11,1,5,0
271416,reinforce_1001,2学期開始記念 刀源石,ヨーグルティング 2学期開始を記念して贈られた、ブレードに装着する源石。<br>(パワーゲージ最大値 +1)<br>(交換不可),装備アイテム強化,11,1,5,0
271417,reinforce_1001,2学期開始記念 刀源石,ヨーグルティング 2学期開始を記念して贈られた、ブレードに装着する源石。<br>(パワーゲージ最大値 +1)<br>(交換不可),装備アイテム強化,11,1,5,0
271418,reinforce_1001,2学期開始記念 刀源石,ヨーグルティング 2学期開始を記念して贈られた、ブレードに装着する源石。<br>(パワーゲージ最大値 +1)<br>(交換不可),装備アイテム強化,11,1,5,0
271419,reinforce_1001,2学期開始記念 刀源石,ヨーグルティング 2学期開始を記念して贈られた、ブレードに装着する源石。<br>(パワーゲージ最大値 +1)<br>(交換不可),装備アイテム強化,11,1,5,0
271420,reinforce_1001,2学期開始記念 刀源石,ヨーグルティング 2学期開始を記念して贈られた、ブレードに装着する源石。<br>(パワーゲージ最大値 +1)<br>(交換不可),装備アイテム強化,11,1,5,0
271421,reinforce_1001,2学期開始記念 刀源石,ヨーグルティング 2学期開始を記念して贈られた、ブレードに装着する源石。<br>(パワーゲージ最大値 +1)<br>(交換不可),装備アイテム強化,11,1,5,0
271422,reinforce_1001,2学期開始記念 刀源石,ヨーグルティング 2学期開始を記念して贈られた、ブレードに装着する源石。<br>(パワーゲージ最大値 +1)<br>(交換不可),装備アイテム強化,11,1,5,0
271423,reinforce_1001,2学期開始記念 刀源石,ヨーグルティング 2学期開始を記念して贈られた、ブレードに装着する源石。<br>(パワーゲージ最大値 +1)<br>(交換不可),装備アイテム強化,11,1,5,0
271424,reinforce_1001,2学期開始記念 刀源石,ヨーグルティング 2学期開始を記念して贈られた、ブレードに装着する源石。<br>(パワーゲージ最大値 +1)<br>(交換不可),装備アイテム強化,11,1,5,0
271425,reinforce_1001,2学期開始記念 刀源石,ヨーグルティング 2学期開始を記念して贈られた、ブレードに装着する源石。<br>(パワーゲージ最大値 +1)<br>(交換不可),装備アイテム強化,11,1,5,0
271426,reinforce_1001,2学期開始記念 刀源石,ヨーグルティング 2学期開始を記念して贈られた、ブレードに装着する源石。<br>(パワーゲージ最大値 +1)<br>(交換不可),装備アイテム強化,11,1,5,0
272100,reinforce_2001,2学期開始記念 拳源石,ヨーグルティング 2学期開始を記念して贈られた、グローブに装着する源石。<br>(パワーゲージ最大値 +1)<br>(交換不可),装備アイテム強化,7,1,5,0
272101,reinforce_2001,2学期開始記念 拳源石,ヨーグルティング 2学期開始を記念して贈られた、グローブに装着する源石。<br>(パワーゲージ最大値 +1)<br>(交換不可),装備アイテム強化,7,1,5,0
272102,reinforce_2001,2学期開始記念 拳源石,ヨーグルティング 2学期開始を記念して贈られた、グローブに装着する源石。<br>(パワーゲージ最大値 +1)<br>(交換不可),装備アイテム強化,7,1,5,0
272103,reinforce_2001,2学期開始記念 拳源石,ヨーグルティング 2学期開始を記念して贈られた、グローブに装着する源石。<br>(パワーゲージ最大値 +1)<br>(交換不可),装備アイテム強化,7,1,5,0
272104,reinforce_2001,2学期開始記念 拳源石,ヨーグルティング 2学期開始を記念して贈られた、グローブに装着する源石。<br>(パワーゲージ最大値 +1)<br>(交換不可),装備アイテム強化,7,1,5,0
272105,reinforce_2001,2学期開始記念 拳源石,ヨーグルティング 2学期開始を記念して贈られた、グローブに装着する源石。<br>(パワーゲージ最大値 +1)<br>(交換不可),装備アイテム強化,7,1,5,0
272106,reinforce_2001,2学期開始記念 拳源石,ヨーグルティング 2学期開始を記念して贈られた、グローブに装着する源石。<br>(パワーゲージ最大値 +1)<br>(交換不可),装備アイテム強化,7,1,5,0
272107,reinforce_2001,2学期開始記念 拳源石,ヨーグルティング 2学期開始を記念して贈られた、グローブに装着する源石。<br>(パワーゲージ最大値 +1)<br>(交換不可),装備アイテム強化,7,1,5,0
272108,reinforce_2001,2学期開始記念 拳源石,ヨーグルティング 2学期開始を記念して贈られた、グローブに装着する源石。<br>(パワーゲージ最大値 +1)<br>(交換不可),装備アイテム強化,7,1,5,0
272109,reinforce_2001,2学期開始記念 拳源石,ヨーグルティング 2学期開始を記念して贈られた、グローブに装着する源石。<br>(パワーゲージ最大値 +1)<br>(交換不可),装備アイテム強化,7,1,5,0
272110,reinforce_2001,2学期開始記念 拳源石,ヨーグルティング 2学期開始を記念して贈られた、グローブに装着する源石。<br>(パワーゲージ最大値 +1)<br>(交換不可),装備アイテム強化,7,1,5,0
272111,reinforce_2001,2学期開始記念 拳源石,ヨーグルティング 2学期開始を記念して贈られた、グローブに装着する源石。<br>(パワーゲージ最大値 +1)<br>(交換不可),装備アイテム強化,7,1,5,0
272112,reinforce_2001,2学期開始記念 拳源石,ヨーグルティング 2学期開始を記念して贈られた、グローブに装着する源石。<br>(パワーゲージ最大値 +1)<br>(交換不可),装備アイテム強化,7,1,5,0
272113,reinforce_2001,2学期開始記念 拳源石,ヨーグルティング 2学期開始を記念して贈られた、グローブに装着する源石。<br>(パワーゲージ最大値 +1)<br>(交換不可),装備アイテム強化,7,1,5,0
272114,reinforce_2001,2学期開始記念 拳源石,ヨーグルティング 2学期開始を記念して贈られた、グローブに装着する源石。<br>(パワーゲージ最大値 +1)<br>(交換不可),装備アイテム強化,7,1,5,0
272115,reinforce_2001,2学期開始記念 拳源石,ヨーグルティング 2学期開始を記念して贈られた、グローブに装着する源石。<br>(パワーゲージ最大値 +1)<br>(交換不可),装備アイテム強化,7,1,5,0
272116,reinforce_2001,2学期開始記念 拳源石,ヨーグルティング 2学期開始を記念して贈られた、グローブに装着する源石。<br>(パワーゲージ最大値 +1)<br>(交換不可),装備アイテム強化,7,1,5,0
272117,reinforce_2001,2学期開始記念 拳源石,ヨーグルティング 2学期開始を記念して贈られた、グローブに装着する源石。<br>(パワーゲージ最大値 +1)<br>(交換不可),装備アイテム強化,7,1,5,0
272118,reinforce_2001,2学期開始記念 拳源石,ヨーグルティング 2学期開始を記念して贈られた、グローブに装着する源石。<br>(パワーゲージ最大値 +1)<br>(交換不可),装備アイテム強化,7,1,5,0
272119,reinforce_2001,2学期開始記念 拳源石,ヨーグルティング 2学期開始を記念して贈られた、グローブに装着する源石。<br>(パワーゲージ最大値 +1)<br>(交換不可),装備アイテム強化,7,1,5,0
272120,reinforce_2001,2学期開始記念 拳源石,ヨーグルティング 2学期開始を記念して贈られた、グローブに装着する源石。<br>(パワーゲージ最大値 +1)<br>(交換不可),装備アイテム強化,7,1,5,0
272121,reinforce_2001,2学期開始記念 拳源石,ヨーグルティング 2学期開始を記念して贈られた、グローブに装着する源石。<br>(パワーゲージ最大値 +1)<br>(交換不可),装備アイテム強化,7,1,5,0
272122,reinforce_2001,2学期開始記念 拳源石,ヨーグルティング 2学期開始を記念して贈られた、グローブに装着する源石。<br>(パワーゲージ最大値 +1)<br>(交換不可),装備アイテム強化,7,1,5,0
272123,reinforce_2001,2学期開始記念 拳源石,ヨーグルティング 2学期開始を記念して贈られた、グローブに装着する源石。<br>(パワーゲージ最大値 +1)<br>(交換不可),装備アイテム強化,7,1,5,0
272124,reinforce_2001,2学期開始記念 拳源石,ヨーグルティング 2学期開始を記念して贈られた、グローブに装着する源石。<br>(パワーゲージ最大値 +1)<br>(交換不可),装備アイテム強化,7,1,5,0
272125,reinforce_2001,2学期開始記念 拳源石,ヨーグルティング 2学期開始を記念して贈られた、グローブに装着する源石。<br>(パワーゲージ最大値 +1)<br>(交換不可),装備アイテム強化,7,1,5,0
272126,reinforce_2001,2学期開始記念 拳源石,ヨーグルティング 2学期開始を記念して贈られた、グローブに装着する源石。<br>(パワーゲージ最大値 +1)<br>(交換不可),装備アイテム強化,7,1,5,0
272127,reinforce_2001,2学期開始記念 拳源石,ヨーグルティング 2学期開始を記念して贈られた、グローブに装着する源石。<br>(パワーゲージ最大値 +1)<br>(交換不可),装備アイテム強化,7,1,5,0
272128,reinforce_2001,2学期開始記念 拳源石,ヨーグルティング 2学期開始を記念して贈られた、グローブに装着する源石。<br>(パワーゲージ最大値 +1)<br>(交換不可),装備アイテム強化,7,1,5,0
272129,reinforce_2001,2学期開始記念 拳源石,ヨーグルティング 2学期開始を記念して贈られた、グローブに装着する源石。<br>(パワーゲージ最大値 +1)<br>(交換不可),装備アイテム強化,7,1,5,0
272130,reinforce_2001,2学期開始記念 拳源石,ヨーグルティング 2学期開始を記念して贈られた、グローブに装着する源石。<br>(パワーゲージ最大値 +1)<br>(交換不可),装備アイテム強化,7,1,5,0
272131,reinforce_2001,2学期開始記念 拳源石,ヨーグルティング 2学期開始を記念して贈られた、グローブに装着する源石。<br>(パワーゲージ最大値 +1)<br>(交換不可),装備アイテム強化,7,1,5,0
272132,reinforce_2001,2学期開始記念 拳源石,ヨーグルティング 2学期開始を記念して贈られた、グローブに装着する源石。<br>(パワーゲージ最大値 +1)<br>(交換不可),装備アイテム強化,7,1,5,0
272133,reinforce_2001,2学期開始記念 拳源石,ヨーグルティング 2学期開始を記念して贈られた、グローブに装着する源石。<br>(パワーゲージ最大値 +1)<br>(交換不可),装備アイテム強化,7,1,5,0
272134,reinforce_2001,2学期開始記念 拳源石,ヨーグルティング 2学期開始を記念して贈られた、グローブに装着する源石。<br>(パワーゲージ最大値 +1)<br>(交換不可),装備アイテム強化,7,1,5,0
272135,reinforce_2001,2学期開始記念 拳源石,ヨーグルティング 2学期開始を記念して贈られた、グローブに装着する源石。<br>(パワーゲージ最大値 +1)<br>(交換不可),装備アイテム強化,7,1,5,0
272136,reinforce_2001,2学期開始記念 拳源石,ヨーグルティング 2学期開始を記念して贈られた、グローブに装着する源石。<br>(パワーゲージ最大値 +1)<br>(交換不可),装備アイテム強化,7,1,5,0
272137,reinforce_2001,2学期開始記念 拳源石,ヨーグルティング 2学期開始を記念して贈られた、グローブに装着する源石。<br>(パワーゲージ最大値 +1)<br>(交換不可),装備アイテム強化,7,1,5,0
272138,reinforce_2001,2学期開始記念 拳源石,ヨーグルティング 2学期開始を記念して贈られた、グローブに装着する源石。<br>(パワーゲージ最大値 +1)<br>(交換不可),装備アイテム強化,7,1,5,0
272139,reinforce_2001,2学期開始記念 拳源石,ヨーグルティング 2学期開始を記念して贈られた、グローブに装着する源石。<br>(パワーゲージ最大値 +1)<br>(交換不可),装備アイテム強化,7,1,5,0
272140,reinforce_2001,2学期開始記念 拳源石,ヨーグルティング 2学期開始を記念して贈られた、グローブに装着する源石。<br>(パワーゲージ最大値 +1)<br>(交換不可),装備アイテム強化,7,1,5,0
272141,reinforce_2001,2学期開始記念 拳源石,ヨーグルティング 2学期開始を記念して贈られた、グローブに装着する源石。<br>(パワーゲージ最大値 +1)<br>(交換不可),装備アイテム強化,7,1,5,0
272142,reinforce_2001,2学期開始記念 拳源石,ヨーグルティング 2学期開始を記念して贈られた、グローブに装着する源石。<br>(パワーゲージ最大値 +1)<br>(交換不可),装備アイテム強化,7,1,5,0
272143,reinforce_2001,2学期開始記念 拳源石,ヨーグルティング 2学期開始を記念して贈られた、グローブに装着する源石。<br>(パワーゲージ最大値 +1)<br>(交換不可),装備アイテム強化,7,1,5,0
272144,reinforce_2001,2学期開始記念 拳源石,ヨーグルティング 2学期開始を記念して贈られた、グローブに装着する源石。<br>(パワーゲージ最大値 +1)<br>(交換不可),装備アイテム強化,8,1,5,0
272145,reinforce_2001,2学期開始記念 拳源石,ヨーグルティング 2学期開始を記念して贈られた、グローブに装着する源石。<br>(パワーゲージ最大値 +1)<br>(交換不可),装備アイテム強化,8,1,5,0
272146,reinforce_2001,2学期開始記念 拳源石,ヨーグルティング 2学期開始を記念して贈られた、グローブに装着する源石。<br>(パワーゲージ最大値 +1)<br>(交換不可),装備アイテム強化,8,1,5,0
272147,reinforce_2001,2学期開始記念 拳源石,ヨーグルティング 2学期開始を記念して贈られた、グローブに装着する源石。<br>(パワーゲージ最大値 +1)<br>(交換不可),装備アイテム強化,8,1,5,0
272148,reinforce_2001,2学期開始記念 拳源石,ヨーグルティング 2学期開始を記念して贈られた、グローブに装着する源石。<br>(パワーゲージ最大値 +1)<br>(交換不可),装備アイテム強化,8,1,5,0
272149,reinforce_2001,2学期開始記念 拳源石,ヨーグルティング 2学期開始を記念して贈られた、グローブに装着する源石。<br>(パワーゲージ最大値 +1)<br>(交換不可),装備アイテム強化,8,1,5,0
272150,reinforce_2001,2学期開始記念 拳源石,ヨーグルティング 2学期開始を記念して贈られた、グローブに装着する源石。<br>(パワーゲージ最大値 +1)<br>(交換不可),装備アイテム強化,8,1,5,0
272151,reinforce_2001,2学期開始記念 拳源石,ヨーグルティング 2学期開始を記念して贈られた、グローブに装着する源石。<br>(パワーゲージ最大値 +1)<br>(交換不可),装備アイテム強化,8,1,5,0
272152,reinforce_2001,2学期開始記念 拳源石,ヨーグルティング 2学期開始を記念して贈られた、グローブに装着する源石。<br>(パワーゲージ最大値 +1)<br>(交換不可),装備アイテム強化,8,1,5,0
272153,reinforce_2001,2学期開始記念 拳源石,ヨーグルティング 2学期開始を記念して贈られた、グローブに装着する源石。<br>(パワーゲージ最大値 +1)<br>(交換不可),装備アイテム強化,8,1,5,0
272154,reinforce_2001,2学期開始記念 拳源石,ヨーグルティング 2学期開始を記念して贈られた、グローブに装着する源石。<br>(パワーゲージ最大値 +1)<br>(交換不可),装備アイテム強化,8,1,5,0
272155,reinforce_2001,2学期開始記念 拳源石,ヨーグルティング 2学期開始を記念して贈られた、グローブに装着する源石。<br>(パワーゲージ最大値 +1)<br>(交換不可),装備アイテム強化,8,1,5,0
272156,reinforce_2001,2学期開始記念 拳源石,ヨーグルティング 2学期開始を記念して贈られた、グローブに装着する源石。<br>(パワーゲージ最大値 +1)<br>(交換不可),装備アイテム強化,8,1,5,0
272157,reinforce_2001,2学期開始記念 拳源石,ヨーグルティング 2学期開始を記念して贈られた、グローブに装着する源石。<br>(パワーゲージ最大値 +1)<br>(交換不可),装備アイテム強化,8,1,5,0
272158,reinforce_2001,2学期開始記念 拳源石,ヨーグルティング 2学期開始を記念して贈られた、グローブに装着する源石。<br>(パワーゲージ最大値 +1)<br>(交換不可),装備アイテム強化,8,1,5,0
272159,reinforce_2001,2学期開始記念 拳源石,ヨーグルティング 2学期開始を記念して贈られた、グローブに装着する源石。<br>(パワーゲージ最大値 +1)<br>(交換不可),装備アイテム強化,8,1,5,0
272160,reinforce_2001,2学期開始記念 拳源石,ヨーグルティング 2学期開始を記念して贈られた、グローブに装着する源石。<br>(パワーゲージ最大値 +1)<br>(交換不可),装備アイテム強化,8,1,5,0
272161,reinforce_2001,2学期開始記念 拳源石,ヨーグルティング 2学期開始を記念して贈られた、グローブに装着する源石。<br>(パワーゲージ最大値 +1)<br>(交換不可),装備アイテム強化,8,1,5,0
272162,reinforce_2001,2学期開始記念 拳源石,ヨーグルティング 2学期開始を記念して贈られた、グローブに装着する源石。<br>(パワーゲージ最大値 +1)<br>(交換不可),装備アイテム強化,8,1,5,0
272163,reinforce_2001,2学期開始記念 拳源石,ヨーグルティング 2学期開始を記念して贈られた、グローブに装着する源石。<br>(パワーゲージ最大値 +1)<br>(交換不可),装備アイテム強化,8,1,5,0
272164,reinforce_2001,2学期開始記念 拳源石,ヨーグルティング 2学期開始を記念して贈られた、グローブに装着する源石。<br>(パワーゲージ最大値 +1)<br>(交換不可),装備アイテム強化,8,1,5,0
272165,reinforce_2001,2学期開始記念 拳源石,ヨーグルティング 2学期開始を記念して贈られた、グローブに装着する源石。<br>(パワーゲージ最大値 +1)<br>(交換不可),装備アイテム強化,8,1,5,0
272166,reinforce_2001,2学期開始記念 拳源石,ヨーグルティング 2学期開始を記念して贈られた、グローブに装着する源石。<br>(パワーゲージ最大値 +1)<br>(交換不可),装備アイテム強化,8,1,5,0
272167,reinforce_2001,2学期開始記念 拳源石,ヨーグルティング 2学期開始を記念して贈られた、グローブに装着する源石。<br>(パワーゲージ最大値 +1)<br>(交換不可),装備アイテム強化,8,1,5,0
272168,reinforce_2001,2学期開始記念 拳源石,ヨーグルティング 2学期開始を記念して贈られた、グローブに装着する源石。<br>(パワーゲージ最大値 +1)<br>(交換不可),装備アイテム強化,8,1,5,0
272169,reinforce_2001,2学期開始記念 拳源石,ヨーグルティング 2学期開始を記念して贈られた、グローブに装着する源石。<br>(パワーゲージ最大値 +1)<br>(交換不可),装備アイテム強化,8,1,5,0
272170,reinforce_2001,2学期開始記念 拳源石,ヨーグルティング 2学期開始を記念して贈られた、グローブに装着する源石。<br>(パワーゲージ最大値 +1)<br>(交換不可),装備アイテム強化,8,1,5,0
272171,reinforce_2001,2学期開始記念 拳源石,ヨーグルティング 2学期開始を記念して贈られた、グローブに装着する源石。<br>(パワーゲージ最大値 +1)<br>(交換不可),装備アイテム強化,8,1,5,0
272172,reinforce_2001,2学期開始記念 拳源石,ヨーグルティング 2学期開始を記念して贈られた、グローブに装着する源石。<br>(パワーゲージ最大値 +1)<br>(交換不可),装備アイテム強化,8,1,5,0
272173,reinforce_2001,2学期開始記念 拳源石,ヨーグルティング 2学期開始を記念して贈られた、グローブに装着する源石。<br>(パワーゲージ最大値 +1)<br>(交換不可),装備アイテム強化,8,1,5,0
272174,reinforce_2001,2学期開始記念 拳源石,ヨーグルティング 2学期開始を記念して贈られた、グローブに装着する源石。<br>(パワーゲージ最大値 +1)<br>(交換不可),装備アイテム強化,8,1,5,0
272175,reinforce_2001,2学期開始記念 拳源石,ヨーグルティング 2学期開始を記念して贈られた、グローブに装着する源石。<br>(パワーゲージ最大値 +1)<br>(交換不可),装備アイテム強化,8,1,5,0
272176,reinforce_2001,2学期開始記念 拳源石,ヨーグルティング 2学期開始を記念して贈られた、グローブに装着する源石。<br>(パワーゲージ最大値 +1)<br>(交換不可),装備アイテム強化,8,1,5,0
272177,reinforce_2001,2学期開始記念 拳源石,ヨーグルティング 2学期開始を記念して贈られた、グローブに装着する源石。<br>(パワーゲージ最大値 +1)<br>(交換不可),装備アイテム強化,8,1,5,0
272178,reinforce_2001,2学期開始記念 拳源石,ヨーグルティング 2学期開始を記念して贈られた、グローブに装着する源石。<br>(パワーゲージ最大値 +1)<br>(交換不可),装備アイテム強化,8,1,5,0
272179,reinforce_2001,2学期開始記念 拳源石,ヨーグルティング 2学期開始を記念して贈られた、グローブに装着する源石。<br>(パワーゲージ最大値 +1)<br>(交換不可),装備アイテム強化,8,1,5,0
272180,reinforce_2001,2学期開始記念 拳源石,ヨーグルティング 2学期開始を記念して贈られた、グローブに装着する源石。<br>(パワーゲージ最大値 +1)<br>(交換不可),装備アイテム強化,8,1,5,0
272181,reinforce_2001,2学期開始記念 拳源石,ヨーグルティング 2学期開始を記念して贈られた、グローブに装着する源石。<br>(パワーゲージ最大値 +1)<br>(交換不可),装備アイテム強化,8,1,5,0
272182,reinforce_2001,2学期開始記念 拳源石,ヨーグルティング 2学期開始を記念して贈られた、グローブに装着する源石。<br>(パワーゲージ最大値 +1)<br>(交換不可),装備アイテム強化,8,1,5,0
272183,reinforce_2001,2学期開始記念 拳源石,ヨーグルティング 2学期開始を記念して贈られた、グローブに装着する源石。<br>(パワーゲージ最大値 +1)<br>(交換不可),装備アイテム強化,8,1,5,0
272184,reinforce_2001,2学期開始記念 拳源石,ヨーグルティング 2学期開始を記念して贈られた、グローブに装着する源石。<br>(パワーゲージ最大値 +1)<br>(交換不可),装備アイテム強化,8,1,5,0
272185,reinforce_2001,2学期開始記念 拳源石,ヨーグルティング 2学期開始を記念して贈られた、グローブに装着する源石。<br>(パワーゲージ最大値 +1)<br>(交換不可),装備アイテム強化,8,1,5,0
272186,reinforce_2001,2学期開始記念 拳源石,ヨーグルティング 2学期開始を記念して贈られた、グローブに装着する源石。<br>(パワーゲージ最大値 +1)<br>(交換不可),装備アイテム強化,8,1,5,0
272187,reinforce_2001,2学期開始記念 拳源石,ヨーグルティング 2学期開始を記念して贈られた、グローブに装着する源石。<br>(パワーゲージ最大値 +1)<br>(交換不可),装備アイテム強化,8,1,5,0
272188,reinforce_2001,2学期開始記念 拳源石,ヨーグルティング 2学期開始を記念して贈られた、グローブに装着する源石。<br>(パワーゲージ最大値 +1)<br>(交換不可),装備アイテム強化,9,1,5,0
272189,reinforce_2001,2学期開始記念 拳源石,ヨーグルティング 2学期開始を記念して贈られた、グローブに装着する源石。<br>(パワーゲージ最大値 +1)<br>(交換不可),装備アイテム強化,9,1,5,0
272190,reinforce_2001,2学期開始記念 拳源石,ヨーグルティング 2学期開始を記念して贈られた、グローブに装着する源石。<br>(パワーゲージ最大値 +1)<br>(交換不可),装備アイテム強化,9,1,5,0
272191,reinforce_2001,2学期開始記念 拳源石,ヨーグルティング 2学期開始を記念して贈られた、グローブに装着する源石。<br>(パワーゲージ最大値 +1)<br>(交換不可),装備アイテム強化,9,1,5,0
272192,reinforce_2001,2学期開始記念 拳源石,ヨーグルティング 2学期開始を記念して贈られた、グローブに装着する源石。<br>(パワーゲージ最大値 +1)<br>(交換不可),装備アイテム強化,9,1,5,0
272193,reinforce_2001,2学期開始記念 拳源石,ヨーグルティング 2学期開始を記念して贈られた、グローブに装着する源石。<br>(パワーゲージ最大値 +1)<br>(交換不可),装備アイテム強化,9,1,5,0
272194,reinforce_2001,2学期開始記念 拳源石,ヨーグルティング 2学期開始を記念して贈られた、グローブに装着する源石。<br>(パワーゲージ最大値 +1)<br>(交換不可),装備アイテム強化,9,1,5,0
272195,reinforce_2001,2学期開始記念 拳源石,ヨーグルティング 2学期開始を記念して贈られた、グローブに装着する源石。<br>(パワーゲージ最大値 +1)<br>(交換不可),装備アイテム強化,9,1,5,0
272196,reinforce_2001,2学期開始記念 拳源石,ヨーグルティング 2学期開始を記念して贈られた、グローブに装着する源石。<br>(パワーゲージ最大値 +1)<br>(交換不可),装備アイテム強化,9,1,5,0
272197,reinforce_2001,2学期開始記念 拳源石,ヨーグルティング 2学期開始を記念して贈られた、グローブに装着する源石。<br>(パワーゲージ最大値 +1)<br>(交換不可),装備アイテム強化,9,1,5,0
272198,reinforce_2001,2学期開始記念 拳源石,ヨーグルティング 2学期開始を記念して贈られた、グローブに装着する源石。<br>(パワーゲージ最大値 +1)<br>(交換不可),装備アイテム強化,9,1,5,0
272199,reinforce_2001,2学期開始記念 拳源石,ヨーグルティング 2学期開始を記念して贈られた、グローブに装着する源石。<br>(パワーゲージ最大値 +1)<br>(交換不可),装備アイテム強化,9,1,5,0
272200,reinforce_2001,2学期開始記念 拳源石,ヨーグルティング 2学期開始を記念して贈られた、グローブに装着する源石。<br>(パワーゲージ最大値 +1)<br>(交換不可),装備アイテム強化,9,1,5,0
272201,reinforce_2001,2学期開始記念 拳源石,ヨーグルティング 2学期開始を記念して贈られた、グローブに装着する源石。<br>(パワーゲージ最大値 +1)<br>(交換不可),装備アイテム強化,9,1,5,0
272202,reinforce_2001,2学期開始記念 拳源石,ヨーグルティング 2学期開始を記念して贈られた、グローブに装着する源石。<br>(パワーゲージ最大値 +1)<br>(交換不可),装備アイテム強化,9,1,5,0
272203,reinforce_2001,2学期開始記念 拳源石,ヨーグルティング 2学期開始を記念して贈られた、グローブに装着する源石。<br>(パワーゲージ最大値 +1)<br>(交換不可),装備アイテム強化,9,1,5,0
272204,reinforce_2001,2学期開始記念 拳源石,ヨーグルティング 2学期開始を記念して贈られた、グローブに装着する源石。<br>(パワーゲージ最大値 +1)<br>(交換不可),装備アイテム強化,9,1,5,0
272205,reinforce_2001,2学期開始記念 拳源石,ヨーグルティング 2学期開始を記念して贈られた、グローブに装着する源石。<br>(パワーゲージ最大値 +1)<br>(交換不可),装備アイテム強化,9,1,5,0
272206,reinforce_2001,2学期開始記念 拳源石,ヨーグルティング 2学期開始を記念して贈られた、グローブに装着する源石。<br>(パワーゲージ最大値 +1)<br>(交換不可),装備アイテム強化,9,1,5,0
272207,reinforce_2001,2学期開始記念 拳源石,ヨーグルティング 2学期開始を記念して贈られた、グローブに装着する源石。<br>(パワーゲージ最大値 +1)<br>(交換不可),装備アイテム強化,9,1,5,0
272208,reinforce_2001,2学期開始記念 拳源石,ヨーグルティング 2学期開始を記念して贈られた、グローブに装着する源石。<br>(パワーゲージ最大値 +1)<br>(交換不可),装備アイテム強化,9,1,5,0
272209,reinforce_2001,2学期開始記念 拳源石,ヨーグルティング 2学期開始を記念して贈られた、グローブに装着する源石。<br>(パワーゲージ最大値 +1)<br>(交換不可),装備アイテム強化,9,1,5,0
272210,reinforce_2001,2学期開始記念 拳源石,ヨーグルティング 2学期開始を記念して贈られた、グローブに装着する源石。<br>(パワーゲージ最大値 +1)<br>(交換不可),装備アイテム強化,9,1,5,0
272211,reinforce_2001,2学期開始記念 拳源石,ヨーグルティング 2学期開始を記念して贈られた、グローブに装着する源石。<br>(パワーゲージ最大値 +1)<br>(交換不可),装備アイテム強化,9,1,5,0
272212,reinforce_2001,2学期開始記念 拳源石,ヨーグルティング 2学期開始を記念して贈られた、グローブに装着する源石。<br>(パワーゲージ最大値 +1)<br>(交換不可),装備アイテム強化,9,1,5,0
272213,reinforce_2001,2学期開始記念 拳源石,ヨーグルティング 2学期開始を記念して贈られた、グローブに装着する源石。<br>(パワーゲージ最大値 +1)<br>(交換不可),装備アイテム強化,9,1,5,0
272214,reinforce_2001,2学期開始記念 拳源石,ヨーグルティング 2学期開始を記念して贈られた、グローブに装着する源石。<br>(パワーゲージ最大値 +1)<br>(交換不可),装備アイテム強化,9,1,5,0
272215,reinforce_2001,2学期開始記念 拳源石,ヨーグルティング 2学期開始を記念して贈られた、グローブに装着する源石。<br>(パワーゲージ最大値 +1)<br>(交換不可),装備アイテム強化,9,1,5,0
272216,reinforce_2001,2学期開始記念 拳源石,ヨーグルティング 2学期開始を記念して贈られた、グローブに装着する源石。<br>(パワーゲージ最大値 +1)<br>(交換不可),装備アイテム強化,9,1,5,0
272217,reinforce_2001,2学期開始記念 拳源石,ヨーグルティング 2学期開始を記念して贈られた、グローブに装着する源石。<br>(パワーゲージ最大値 +1)<br>(交換不可),装備アイテム強化,9,1,5,0
272218,reinforce_2001,2学期開始記念 拳源石,ヨーグルティング 2学期開始を記念して贈られた、グローブに装着する源石。<br>(パワーゲージ最大値 +1)<br>(交換不可),装備アイテム強化,9,1,5,0
272219,reinforce_2001,2学期開始記念 拳源石,ヨーグルティング 2学期開始を記念して贈られた、グローブに装着する源石。<br>(パワーゲージ最大値 +1)<br>(交換不可),装備アイテム強化,9,1,5,0
272220,reinforce_2001,2学期開始記念 拳源石,ヨーグルティング 2学期開始を記念して贈られた、グローブに装着する源石。<br>(パワーゲージ最大値 +1)<br>(交換不可),装備アイテム強化,9,1,5,0
272221,reinforce_2001,2学期開始記念 拳源石,ヨーグルティング 2学期開始を記念して贈られた、グローブに装着する源石。<br>(パワーゲージ最大値 +1)<br>(交換不可),装備アイテム強化,9,1,5,0
272222,reinforce_2001,2学期開始記念 拳源石,ヨーグルティング 2学期開始を記念して贈られた、グローブに装着する源石。<br>(パワーゲージ最大値 +1)<br>(交換不可),装備アイテム強化,9,1,5,0
272223,reinforce_2001,2学期開始記念 拳源石,ヨーグルティング 2学期開始を記念して贈られた、グローブに装着する源石。<br>(パワーゲージ最大値 +1)<br>(交換不可),装備アイテム強化,9,1,5,0
272224,reinforce_2001,2学期開始記念 拳源石,ヨーグルティング 2学期開始を記念して贈られた、グローブに装着する源石。<br>(パワーゲージ最大値 +1)<br>(交換不可),装備アイテム強化,9,1,5,0
272225,reinforce_2001,2学期開始記念 拳源石,ヨーグルティング 2学期開始を記念して贈られた、グローブに装着する源石。<br>(パワーゲージ最大値 +1)<br>(交換不可),装備アイテム強化,9,1,5,0
272226,reinforce_2001,2学期開始記念 拳源石,ヨーグルティング 2学期開始を記念して贈られた、グローブに装着する源石。<br>(パワーゲージ最大値 +1)<br>(交換不可),装備アイテム強化,9,1,5,0
272227,reinforce_2001,2学期開始記念 拳源石,ヨーグルティング 2学期開始を記念して贈られた、グローブに装着する源石。<br>(パワーゲージ最大値 +1)<br>(交換不可),装備アイテム強化,9,1,5,0
272228,reinforce_2001,2学期開始記念 拳源石,ヨーグルティング 2学期開始を記念して贈られた、グローブに装着する源石。<br>(パワーゲージ最大値 +1)<br>(交換不可),装備アイテム強化,9,1,5,0
272229,reinforce_2001,2学期開始記念 拳源石,ヨーグルティング 2学期開始を記念して贈られた、グローブに装着する源石。<br>(パワーゲージ最大値 +1)<br>(交換不可),装備アイテム強化,9,1,5,0
272230,reinforce_2001,2学期開始記念 拳源石,ヨーグルティング 2学期開始を記念して贈られた、グローブに装着する源石。<br>(パワーゲージ最大値 +1)<br>(交換不可),装備アイテム強化,9,1,5,0
272231,reinforce_2001,2学期開始記念 拳源石,ヨーグルティング 2学期開始を記念して贈られた、グローブに装着する源石。<br>(パワーゲージ最大値 +1)<br>(交換不可),装備アイテム強化,9,1,5,0
272232,reinforce_2001,2学期開始記念 拳源石,ヨーグルティング 2学期開始を記念して贈られた、グローブに装着する源石。<br>(パワーゲージ最大値 +1)<br>(交換不可),装備アイテム強化,10,1,5,0
272233,reinforce_2001,2学期開始記念 拳源石,ヨーグルティング 2学期開始を記念して贈られた、グローブに装着する源石。<br>(パワーゲージ最大値 +1)<br>(交換不可),装備アイテム強化,10,1,5,0
272234,reinforce_2001,2学期開始記念 拳源石,ヨーグルティング 2学期開始を記念して贈られた、グローブに装着する源石。<br>(パワーゲージ最大値 +1)<br>(交換不可),装備アイテム強化,10,1,5,0
272235,reinforce_2001,2学期開始記念 拳源石,ヨーグルティング 2学期開始を記念して贈られた、グローブに装着する源石。<br>(パワーゲージ最大値 +1)<br>(交換不可),装備アイテム強化,10,1,5,0
272236,reinforce_2001,2学期開始記念 拳源石,ヨーグルティング 2学期開始を記念して贈られた、グローブに装着する源石。<br>(パワーゲージ最大値 +1)<br>(交換不可),装備アイテム強化,10,1,5,0
272237,reinforce_2001,2学期開始記念 拳源石,ヨーグルティング 2学期開始を記念して贈られた、グローブに装着する源石。<br>(パワーゲージ最大値 +1)<br>(交換不可),装備アイテム強化,10,1,5,0
272238,reinforce_2001,2学期開始記念 拳源石,ヨーグルティング 2学期開始を記念して贈られた、グローブに装着する源石。<br>(パワーゲージ最大値 +1)<br>(交換不可),装備アイテム強化,10,1,5,0
272239,reinforce_2001,2学期開始記念 拳源石,ヨーグルティング 2学期開始を記念して贈られた、グローブに装着する源石。<br>(パワーゲージ最大値 +1)<br>(交換不可),装備アイテム強化,10,1,5,0
272240,reinforce_2001,2学期開始記念 拳源石,ヨーグルティング 2学期開始を記念して贈られた、グローブに装着する源石。<br>(パワーゲージ最大値 +1)<br>(交換不可),装備アイテム強化,10,1,5,0
272241,reinforce_2001,2学期開始記念 拳源石,ヨーグルティング 2学期開始を記念して贈られた、グローブに装着する源石。<br>(パワーゲージ最大値 +1)<br>(交換不可),装備アイテム強化,10,1,5,0
272242,reinforce_2001,2学期開始記念 拳源石,ヨーグルティング 2学期開始を記念して贈られた、グローブに装着する源石。<br>(パワーゲージ最大値 +1)<br>(交換不可),装備アイテム強化,10,1,5,0
272243,reinforce_2001,2学期開始記念 拳源石,ヨーグルティング 2学期開始を記念して贈られた、グローブに装着する源石。<br>(パワーゲージ最大値 +1)<br>(交換不可),装備アイテム強化,10,1,5,0
272244,reinforce_2001,2学期開始記念 拳源石,ヨーグルティング 2学期開始を記念して贈られた、グローブに装着する源石。<br>(パワーゲージ最大値 +1)<br>(交換不可),装備アイテム強化,10,1,5,0
272245,reinforce_2001,2学期開始記念 拳源石,ヨーグルティング 2学期開始を記念して贈られた、グローブに装着する源石。<br>(パワーゲージ最大値 +1)<br>(交換不可),装備アイテム強化,10,1,5,0
272246,reinforce_2001,2学期開始記念 拳源石,ヨーグルティング 2学期開始を記念して贈られた、グローブに装着する源石。<br>(パワーゲージ最大値 +1)<br>(交換不可),装備アイテム強化,10,1,5,0
272247,reinforce_2001,2学期開始記念 拳源石,ヨーグルティング 2学期開始を記念して贈られた、グローブに装着する源石。<br>(パワーゲージ最大値 +1)<br>(交換不可),装備アイテム強化,10,1,5,0
272248,reinforce_2001,2学期開始記念 拳源石,ヨーグルティング 2学期開始を記念して贈られた、グローブに装着する源石。<br>(パワーゲージ最大値 +1)<br>(交換不可),装備アイテム強化,10,1,5,0
272249,reinforce_2001,2学期開始記念 拳源石,ヨーグルティング 2学期開始を記念して贈られた、グローブに装着する源石。<br>(パワーゲージ最大値 +1)<br>(交換不可),装備アイテム強化,10,1,5,0
272250,reinforce_2001,2学期開始記念 拳源石,ヨーグルティング 2学期開始を記念して贈られた、グローブに装着する源石。<br>(パワーゲージ最大値 +1)<br>(交換不可),装備アイテム強化,10,1,5,0
272251,reinforce_2001,2学期開始記念 拳源石,ヨーグルティング 2学期開始を記念して贈られた、グローブに装着する源石。<br>(パワーゲージ最大値 +1)<br>(交換不可),装備アイテム強化,10,1,5,0
272252,reinforce_2001,2学期開始記念 拳源石,ヨーグルティング 2学期開始を記念して贈られた、グローブに装着する源石。<br>(パワーゲージ最大値 +1)<br>(交換不可),装備アイテム強化,10,1,5,0
272253,reinforce_2001,2学期開始記念 拳源石,ヨーグルティング 2学期開始を記念して贈られた、グローブに装着する源石。<br>(パワーゲージ最大値 +1)<br>(交換不可),装備アイテム強化,10,1,5,0
272254,reinforce_2001,2学期開始記念 拳源石,ヨーグルティング 2学期開始を記念して贈られた、グローブに装着する源石。<br>(パワーゲージ最大値 +1)<br>(交換不可),装備アイテム強化,10,1,5,0
272255,reinforce_2001,2学期開始記念 拳源石,ヨーグルティング 2学期開始を記念して贈られた、グローブに装着する源石。<br>(パワーゲージ最大値 +1)<br>(交換不可),装備アイテム強化,10,1,5,0
272256,reinforce_2001,2学期開始記念 拳源石,ヨーグルティング 2学期開始を記念して贈られた、グローブに装着する源石。<br>(パワーゲージ最大値 +1)<br>(交換不可),装備アイテム強化,10,1,5,0
272257,reinforce_2001,2学期開始記念 拳源石,ヨーグルティング 2学期開始を記念して贈られた、グローブに装着する源石。<br>(パワーゲージ最大値 +1)<br>(交換不可),装備アイテム強化,10,1,5,0
272258,reinforce_2001,2学期開始記念 拳源石,ヨーグルティング 2学期開始を記念して贈られた、グローブに装着する源石。<br>(パワーゲージ最大値 +1)<br>(交換不可),装備アイテム強化,10,1,5,0
272259,reinforce_2001,2学期開始記念 拳源石,ヨーグルティング 2学期開始を記念して贈られた、グローブに装着する源石。<br>(パワーゲージ最大値 +1)<br>(交換不可),装備アイテム強化,10,1,5,0
272260,reinforce_2001,2学期開始記念 拳源石,ヨーグルティング 2学期開始を記念して贈られた、グローブに装着する源石。<br>(パワーゲージ最大値 +1)<br>(交換不可),装備アイテム強化,10,1,5,0
272261,reinforce_2001,2学期開始記念 拳源石,ヨーグルティング 2学期開始を記念して贈られた、グローブに装着する源石。<br>(パワーゲージ最大値 +1)<br>(交換不可),装備アイテム強化,10,1,5,0
272262,reinforce_2001,2学期開始記念 拳源石,ヨーグルティング 2学期開始を記念して贈られた、グローブに装着する源石。<br>(パワーゲージ最大値 +1)<br>(交換不可),装備アイテム強化,10,1,5,0
272263,reinforce_2001,2学期開始記念 拳源石,ヨーグルティング 2学期開始を記念して贈られた、グローブに装着する源石。<br>(パワーゲージ最大値 +1)<br>(交換不可),装備アイテム強化,10,1,5,0
272264,reinforce_2001,2学期開始記念 拳源石,ヨーグルティング 2学期開始を記念して贈られた、グローブに装着する源石。<br>(パワーゲージ最大値 +1)<br>(交換不可),装備アイテム強化,10,1,5,0
272265,reinforce_2001,2学期開始記念 拳源石,ヨーグルティング 2学期開始を記念して贈られた、グローブに装着する源石。<br>(パワーゲージ最大値 +1)<br>(交換不可),装備アイテム強化,10,1,5,0
272266,reinforce_2001,2学期開始記念 拳源石,ヨーグルティング 2学期開始を記念して贈られた、グローブに装着する源石。<br>(パワーゲージ最大値 +1)<br>(交換不可),装備アイテム強化,10,1,5,0
272267,reinforce_2001,2学期開始記念 拳源石,ヨーグルティング 2学期開始を記念して贈られた、グローブに装着する源石。<br>(パワーゲージ最大値 +1)<br>(交換不可),装備アイテム強化,10,1,5,0
272268,reinforce_2001,2学期開始記念 拳源石,ヨーグルティング 2学期開始を記念して贈られた、グローブに装着する源石。<br>(パワーゲージ最大値 +1)<br>(交換不可),装備アイテム強化,10,1,5,0
272269,reinforce_2001,2学期開始記念 拳源石,ヨーグルティング 2学期開始を記念して贈られた、グローブに装着する源石。<br>(パワーゲージ最大値 +1)<br>(交換不可),装備アイテム強化,10,1,5,0
272270,reinforce_2001,2学期開始記念 拳源石,ヨーグルティング 2学期開始を記念して贈られた、グローブに装着する源石。<br>(パワーゲージ最大値 +1)<br>(交換不可),装備アイテム強化,10,1,5,0
272271,reinforce_2001,2学期開始記念 拳源石,ヨーグルティング 2学期開始を記念して贈られた、グローブに装着する源石。<br>(パワーゲージ最大値 +1)<br>(交換不可),装備アイテム強化,10,1,5,0
272272,reinforce_2001,2学期開始記念 拳源石,ヨーグルティング 2学期開始を記念して贈られた、グローブに装着する源石。<br>(パワーゲージ最大値 +1)<br>(交換不可),装備アイテム強化,10,1,5,0
272273,reinforce_2001,2学期開始記念 拳源石,ヨーグルティング 2学期開始を記念して贈られた、グローブに装着する源石。<br>(パワーゲージ最大値 +1)<br>(交換不可),装備アイテム強化,10,1,5,0
272274,reinforce_2001,2学期開始記念 拳源石,ヨーグルティング 2学期開始を記念して贈られた、グローブに装着する源石。<br>(パワーゲージ最大値 +1)<br>(交換不可),装備アイテム強化,10,1,5,0
272275,reinforce_2001,2学期開始記念 拳源石,ヨーグルティング 2学期開始を記念して贈られた、グローブに装着する源石。<br>(パワーゲージ最大値 +1)<br>(交換不可),装備アイテム強化,10,1,5,0
272276,reinforce_2001,2学期開始記念 拳源石,ヨーグルティング 2学期開始を記念して贈られた、グローブに装着する源石。<br>(パワーゲージ最大値 +1)<br>(交換不可),装備アイテム強化,10,1,5,0
272277,reinforce_2001,2学期開始記念 拳源石,ヨーグルティング 2学期開始を記念して贈られた、グローブに装着する源石。<br>(パワーゲージ最大値 +1)<br>(交換不可),装備アイテム強化,10,1,5,0
272278,reinforce_2001,2学期開始記念 拳源石,ヨーグルティング 2学期開始を記念して贈られた、グローブに装着する源石。<br>(パワーゲージ最大値 +1)<br>(交換不可),装備アイテム強化,10,1,5,0
272279,reinforce_2001,2学期開始記念 拳源石,ヨーグルティング 2学期開始を記念して贈られた、グローブに装着する源石。<br>(パワーゲージ最大値 +1)<br>(交換不可),装備アイテム強化,10,1,5,0
272280,reinforce_2001,2学期開始記念 拳源石,ヨーグルティング 2学期開始を記念して贈られた、グローブに装着する源石。<br>(パワーゲージ最大値 +1)<br>(交換不可),装備アイテム強化,10,1,5,0
272281,reinforce_2001,2学期開始記念 拳源石,ヨーグルティング 2学期開始を記念して贈られた、グローブに装着する源石。<br>(パワーゲージ最大値 +1)<br>(交換不可),装備アイテム強化,10,1,5,0
272282,reinforce_2001,2学期開始記念 拳源石,ヨーグルティング 2学期開始を記念して贈られた、グローブに装着する源石。<br>(パワーゲージ最大値 +1)<br>(交換不可),装備アイテム強化,10,1,5,0
272283,reinforce_2001,2学期開始記念 拳源石,ヨーグルティング 2学期開始を記念して贈られた、グローブに装着する源石。<br>(パワーゲージ最大値 +1)<br>(交換不可),装備アイテム強化,10,1,5,0
272284,reinforce_2001,2学期開始記念 拳源石,ヨーグルティング 2学期開始を記念して贈られた、グローブに装着する源石。<br>(パワーゲージ最大値 +1)<br>(交換不可),装備アイテム強化,10,1,5,0
272285,reinforce_2001,2学期開始記念 拳源石,ヨーグルティング 2学期開始を記念して贈られた、グローブに装着する源石。<br>(パワーゲージ最大値 +1)<br>(交換不可),装備アイテム強化,10,1,5,0
272286,reinforce_2001,2学期開始記念 拳源石,ヨーグルティング 2学期開始を記念して贈られた、グローブに装着する源石。<br>(パワーゲージ最大値 +1)<br>(交換不可),装備アイテム強化,10,1,5,0
272287,reinforce_2001,2学期開始記念 拳源石,ヨーグルティング 2学期開始を記念して贈られた、グローブに装着する源石。<br>(パワーゲージ最大値 +1)<br>(交換不可),装備アイテム強化,11,1,5,0
272288,reinforce_2001,2学期開始記念 拳源石,ヨーグルティング 2学期開始を記念して贈られた、グローブに装着する源石。<br>(パワーゲージ最大値 +1)<br>(交換不可),装備アイテム強化,11,1,5,0
272289,reinforce_2001,2学期開始記念 拳源石,ヨーグルティング 2学期開始を記念して贈られた、グローブに装着する源石。<br>(パワーゲージ最大値 +1)<br>(交換不可),装備アイテム強化,11,1,5,0
272290,reinforce_2001,2学期開始記念 拳源石,ヨーグルティング 2学期開始を記念して贈られた、グローブに装着する源石。<br>(パワーゲージ最大値 +1)<br>(交換不可),装備アイテム強化,11,1,5,0
272291,reinforce_2001,2学期開始記念 拳源石,ヨーグルティング 2学期開始を記念して贈られた、グローブに装着する源石。<br>(パワーゲージ最大値 +1)<br>(交換不可),装備アイテム強化,11,1,5,0
272292,reinforce_2001,2学期開始記念 拳源石,ヨーグルティング 2学期開始を記念して贈られた、グローブに装着する源石。<br>(パワーゲージ最大値 +1)<br>(交換不可),装備アイテム強化,11,1,5,0
272293,reinforce_2001,2学期開始記念 拳源石,ヨーグルティング 2学期開始を記念して贈られた、グローブに装着する源石。<br>(パワーゲージ最大値 +1)<br>(交換不可),装備アイテム強化,11,1,5,0
272294,reinforce_2001,2学期開始記念 拳源石,ヨーグルティング 2学期開始を記念して贈られた、グローブに装着する源石。<br>(パワーゲージ最大値 +1)<br>(交換不可),装備アイテム強化,11,1,5,0
272295,reinforce_2001,2学期開始記念 拳源石,ヨーグルティング 2学期開始を記念して贈られた、グローブに装着する源石。<br>(パワーゲージ最大値 +1)<br>(交換不可),装備アイテム強化,11,1,5,0
272296,reinforce_2001,2学期開始記念 拳源石,ヨーグルティング 2学期開始を記念して贈られた、グローブに装着する源石。<br>(パワーゲージ最大値 +1)<br>(交換不可),装備アイテム強化,11,1,5,0
272297,reinforce_2001,2学期開始記念 拳源石,ヨーグルティング 2学期開始を記念して贈られた、グローブに装着する源石。<br>(パワーゲージ最大値 +1)<br>(交換不可),装備アイテム強化,11,1,5,0
272298,reinforce_2001,2学期開始記念 拳源石,ヨーグルティング 2学期開始を記念して贈られた、グローブに装着する源石。<br>(パワーゲージ最大値 +1)<br>(交換不可),装備アイテム強化,11,1,5,0
272299,reinforce_2001,2学期開始記念 拳源石,ヨーグルティング 2学期開始を記念して贈られた、グローブに装着する源石。<br>(パワーゲージ最大値 +1)<br>(交換不可),装備アイテム強化,11,1,5,0
272300,reinforce_2001,2学期開始記念 拳源石,ヨーグルティング 2学期開始を記念して贈られた、グローブに装着する源石。<br>(パワーゲージ最大値 +1)<br>(交換不可),装備アイテム強化,11,1,5,0
272301,reinforce_2001,2学期開始記念 拳源石,ヨーグルティング 2学期開始を記念して贈られた、グローブに装着する源石。<br>(パワーゲージ最大値 +1)<br>(交換不可),装備アイテム強化,11,1,5,0
272302,reinforce_2001,2学期開始記念 拳源石,ヨーグルティング 2学期開始を記念して贈られた、グローブに装着する源石。<br>(パワーゲージ最大値 +1)<br>(交換不可),装備アイテム強化,11,1,5,0
272303,reinforce_2001,2学期開始記念 拳源石,ヨーグルティング 2学期開始を記念して贈られた、グローブに装着する源石。<br>(パワーゲージ最大値 +1)<br>(交換不可),装備アイテム強化,11,1,5,0
272304,reinforce_2001,2学期開始記念 拳源石,ヨーグルティング 2学期開始を記念して贈られた、グローブに装着する源石。<br>(パワーゲージ最大値 +1)<br>(交換不可),装備アイテム強化,11,1,5,0
272305,reinforce_2001,2学期開始記念 拳源石,ヨーグルティング 2学期開始を記念して贈られた、グローブに装着する源石。<br>(パワーゲージ最大値 +1)<br>(交換不可),装備アイテム強化,11,1,5,0
272306,reinforce_2001,2学期開始記念 拳源石,ヨーグルティング 2学期開始を記念して贈られた、グローブに装着する源石。<br>(パワーゲージ最大値 +1)<br>(交換不可),装備アイテム強化,11,1,5,0
272307,reinforce_2001,2学期開始記念 拳源石,ヨーグルティング 2学期開始を記念して贈られた、グローブに装着する源石。<br>(パワーゲージ最大値 +1)<br>(交換不可),装備アイテム強化,11,1,5,0
272308,reinforce_2001,2学期開始記念 拳源石,ヨーグルティング 2学期開始を記念して贈られた、グローブに装着する源石。<br>(パワーゲージ最大値 +1)<br>(交換不可),装備アイテム強化,11,1,5,0
272309,reinforce_2001,2学期開始記念 拳源石,ヨーグルティング 2学期開始を記念して贈られた、グローブに装着する源石。<br>(パワーゲージ最大値 +1)<br>(交換不可),装備アイテム強化,11,1,5,0
272310,reinforce_2001,2学期開始記念 拳源石,ヨーグルティング 2学期開始を記念して贈られた、グローブに装着する源石。<br>(パワーゲージ最大値 +1)<br>(交換不可),装備アイテム強化,11,1,5,0
272311,reinforce_2001,2学期開始記念 拳源石,ヨーグルティング 2学期開始を記念して贈られた、グローブに装着する源石。<br>(パワーゲージ最大値 +1)<br>(交換不可),装備アイテム強化,11,1,5,0
272312,reinforce_2001,2学期開始記念 拳源石,ヨーグルティング 2学期開始を記念して贈られた、グローブに装着する源石。<br>(パワーゲージ最大値 +1)<br>(交換不可),装備アイテム強化,11,1,5,0
272313,reinforce_2001,2学期開始記念 拳源石,ヨーグルティング 2学期開始を記念して贈られた、グローブに装着する源石。<br>(パワーゲージ最大値 +1)<br>(交換不可),装備アイテム強化,11,1,5,0
272314,reinforce_2001,2学期開始記念 拳源石,ヨーグルティング 2学期開始を記念して贈られた、グローブに装着する源石。<br>(パワーゲージ最大値 +1)<br>(交換不可),装備アイテム強化,11,1,5,0
272315,reinforce_2001,2学期開始記念 拳源石,ヨーグルティング 2学期開始を記念して贈られた、グローブに装着する源石。<br>(パワーゲージ最大値 +1)<br>(交換不可),装備アイテム強化,11,1,5,0
272316,reinforce_2001,2学期開始記念 拳源石,ヨーグルティング 2学期開始を記念して贈られた、グローブに装着する源石。<br>(パワーゲージ最大値 +1)<br>(交換不可),装備アイテム強化,11,1,5,0
272317,reinforce_2001,2学期開始記念 拳源石,ヨーグルティング 2学期開始を記念して贈られた、グローブに装着する源石。<br>(パワーゲージ最大値 +1)<br>(交換不可),装備アイテム強化,11,1,5,0
272318,reinforce_2001,2学期開始記念 拳源石,ヨーグルティング 2学期開始を記念して贈られた、グローブに装着する源石。<br>(パワーゲージ最大値 +1)<br>(交換不可),装備アイテム強化,11,1,5,0
272319,reinforce_2001,2学期開始記念 拳源石,ヨーグルティング 2学期開始を記念して贈られた、グローブに装着する源石。<br>(パワーゲージ最大値 +1)<br>(交換不可),装備アイテム強化,11,1,5,0
272320,reinforce_2001,2学期開始記念 拳源石,ヨーグルティング 2学期開始を記念して贈られた、グローブに装着する源石。<br>(パワーゲージ最大値 +1)<br>(交換不可),装備アイテム強化,11,1,5,0
272321,reinforce_2001,2学期開始記念 拳源石,ヨーグルティング 2学期開始を記念して贈られた、グローブに装着する源石。<br>(パワーゲージ最大値 +1)<br>(交換不可),装備アイテム強化,11,1,5,0
272322,reinforce_2001,2学期開始記念 拳源石,ヨーグルティング 2学期開始を記念して贈られた、グローブに装着する源石。<br>(パワーゲージ最大値 +1)<br>(交換不可),装備アイテム強化,11,1,5,0
272323,reinforce_2001,2学期開始記念 拳源石,ヨーグルティング 2学期開始を記念して贈られた、グローブに装着する源石。<br>(パワーゲージ最大値 +1)<br>(交換不可),装備アイテム強化,11,1,5,0
272324,reinforce_2001,2学期開始記念 拳源石,ヨーグルティング 2学期開始を記念して贈られた、グローブに装着する源石。<br>(パワーゲージ最大値 +1)<br>(交換不可),装備アイテム強化,11,1,5,0
272325,reinforce_2001,2学期開始記念 拳源石,ヨーグルティング 2学期開始を記念して贈られた、グローブに装着する源石。<br>(パワーゲージ最大値 +1)<br>(交換不可),装備アイテム強化,11,1,5,0
272326,reinforce_2001,2学期開始記念 拳源石,ヨーグルティング 2学期開始を記念して贈られた、グローブに装着する源石。<br>(パワーゲージ最大値 +1)<br>(交換不可),装備アイテム強化,11,1,5,0
272327,reinforce_2001,2学期開始記念 拳源石,ヨーグルティング 2学期開始を記念して贈られた、グローブに装着する源石。<br>(パワーゲージ最大値 +1)<br>(交換不可),装備アイテム強化,11,1,5,0
272328,reinforce_2001,2学期開始記念 拳源石,ヨーグルティング 2学期開始を記念して贈られた、グローブに装着する源石。<br>(パワーゲージ最大値 +1)<br>(交換不可),装備アイテム強化,11,1,5,0
272329,reinforce_2001,2学期開始記念 拳源石,ヨーグルティング 2学期開始を記念して贈られた、グローブに装着する源石。<br>(パワーゲージ最大値 +1)<br>(交換不可),装備アイテム強化,11,1,5,0
272330,reinforce_2001,2学期開始記念 拳源石,ヨーグルティング 2学期開始を記念して贈られた、グローブに装着する源石。<br>(パワーゲージ最大値 +1)<br>(交換不可),装備アイテム強化,11,1,5,0
272331,reinforce_2001,2学期開始記念 拳源石,ヨーグルティング 2学期開始を記念して贈られた、グローブに装着する源石。<br>(パワーゲージ最大値 +1)<br>(交換不可),装備アイテム強化,11,1,5,0
272332,reinforce_2001,2学期開始記念 拳源石,ヨーグルティング 2学期開始を記念して贈られた、グローブに装着する源石。<br>(パワーゲージ最大値 +1)<br>(交換不可),装備アイテム強化,11,1,5,0
272333,reinforce_2001,2学期開始記念 拳源石,ヨーグルティング 2学期開始を記念して贈られた、グローブに装着する源石。<br>(パワーゲージ最大値 +1)<br>(交換不可),装備アイテム強化,11,1,5,0
272334,reinforce_2001,2学期開始記念 拳源石,ヨーグルティング 2学期開始を記念して贈られた、グローブに装着する源石。<br>(パワーゲージ最大値 +1)<br>(交換不可),装備アイテム強化,11,1,5,0
272335,reinforce_2001,2学期開始記念 拳源石,ヨーグルティング 2学期開始を記念して贈られた、グローブに装着する源石。<br>(パワーゲージ最大値 +1)<br>(交換不可),装備アイテム強化,11,1,5,0
272336,reinforce_2001,2学期開始記念 拳源石,ヨーグルティング 2学期開始を記念して贈られた、グローブに装着する源石。<br>(パワーゲージ最大値 +1)<br>(交換不可),装備アイテム強化,11,1,5,0
272337,reinforce_2001,2学期開始記念 拳源石,ヨーグルティング 2学期開始を記念して贈られた、グローブに装着する源石。<br>(パワーゲージ最大値 +1)<br>(交換不可),装備アイテム強化,11,1,5,0
272338,reinforce_2001,2学期開始記念 拳源石,ヨーグルティング 2学期開始を記念して贈られた、グローブに装着する源石。<br>(パワーゲージ最大値 +1)<br>(交換不可),装備アイテム強化,11,1,5,0
272339,reinforce_2001,2学期開始記念 拳源石,ヨーグルティング 2学期開始を記念して贈られた、グローブに装着する源石。<br>(パワーゲージ最大値 +1)<br>(交換不可),装備アイテム強化,11,1,5,0
272340,reinforce_2001,2学期開始記念 拳源石,ヨーグルティング 2学期開始を記念して贈られた、グローブに装着する源石。<br>(パワーゲージ最大値 +1)<br>(交換不可),装備アイテム強化,11,1,5,0
272341,reinforce_2001,2学期開始記念 拳源石,ヨーグルティング 2学期開始を記念して贈られた、グローブに装着する源石。<br>(パワーゲージ最大値 +1)<br>(交換不可),装備アイテム強化,11,1,5,0
272342,reinforce_2001,2学期開始記念 拳源石,ヨーグルティング 2学期開始を記念して贈られた、グローブに装着する源石。<br>(パワーゲージ最大値 +1)<br>(交換不可),装備アイテム強化,11,1,5,0
272343,reinforce_2001,2学期開始記念 拳源石,ヨーグルティング 2学期開始を記念して贈られた、グローブに装着する源石。<br>(パワーゲージ最大値 +1)<br>(交換不可),装備アイテム強化,11,1,5,0
272344,reinforce_2001,2学期開始記念 拳源石,ヨーグルティング 2学期開始を記念して贈られた、グローブに装着する源石。<br>(パワーゲージ最大値 +1)<br>(交換不可),装備アイテム強化,11,1,5,0
272345,reinforce_2001,2学期開始記念 拳源石,ヨーグルティング 2学期開始を記念して贈られた、グローブに装着する源石。<br>(パワーゲージ最大値 +1)<br>(交換不可),装備アイテム強化,11,1,5,0
272346,reinforce_2001,2学期開始記念 拳源石,ヨーグルティング 2学期開始を記念して贈られた、グローブに装着する源石。<br>(パワーゲージ最大値 +1)<br>(交換不可),装備アイテム強化,11,1,5,0
272347,reinforce_2001,2学期開始記念 拳源石,ヨーグルティング 2学期開始を記念して贈られた、グローブに装着する源石。<br>(パワーゲージ最大値 +1)<br>(交換不可),装備アイテム強化,11,1,5,0
272348,reinforce_2001,2学期開始記念 拳源石,ヨーグルティング 2学期開始を記念して贈られた、グローブに装着する源石。<br>(パワーゲージ最大値 +1)<br>(交換不可),装備アイテム強化,11,1,5,0
272349,reinforce_2001,2学期開始記念 拳源石,ヨーグルティング 2学期開始を記念して贈られた、グローブに装着する源石。<br>(パワーゲージ最大値 +1)<br>(交換不可),装備アイテム強化,11,1,5,0
272350,reinforce_2001,2学期開始記念 拳源石,ヨーグルティング 2学期開始を記念して贈られた、グローブに装着する源石。<br>(パワーゲージ最大値 +1)<br>(交換不可),装備アイテム強化,11,1,5,0
272351,reinforce_2001,2学期開始記念 拳源石,ヨーグルティング 2学期開始を記念して贈られた、グローブに装着する源石。<br>(パワーゲージ最大値 +1)<br>(交換不可),装備アイテム強化,11,1,5,0
272352,reinforce_2001,2学期開始記念 拳源石,ヨーグルティング 2学期開始を記念して贈られた、グローブに装着する源石。<br>(パワーゲージ最大値 +1)<br>(交換不可),装備アイテム強化,11,1,5,0
272353,reinforce_2001,2学期開始記念 拳源石,ヨーグルティング 2学期開始を記念して贈られた、グローブに装着する源石。<br>(パワーゲージ最大値 +1)<br>(交換不可),装備アイテム強化,11,1,5,0
272354,reinforce_2001,2学期開始記念 拳源石,ヨーグルティング 2学期開始を記念して贈られた、グローブに装着する源石。<br>(パワーゲージ最大値 +1)<br>(交換不可),装備アイテム強化,11,1,5,0
272355,reinforce_2001,2学期開始記念 拳源石,ヨーグルティング 2学期開始を記念して贈られた、グローブに装着する源石。<br>(パワーゲージ最大値 +1)<br>(交換不可),装備アイテム強化,11,1,5,0
272356,reinforce_2001,2学期開始記念 拳源石,ヨーグルティング 2学期開始を記念して贈られた、グローブに装着する源石。<br>(パワーゲージ最大値 +1)<br>(交換不可),装備アイテム強化,11,1,5,0
272357,reinforce_2001,2学期開始記念 拳源石,ヨーグルティング 2学期開始を記念して贈られた、グローブに装着する源石。<br>(パワーゲージ最大値 +1)<br>(交換不可),装備アイテム強化,11,1,5,0
272358,reinforce_2001,2学期開始記念 拳源石,ヨーグルティング 2学期開始を記念して贈られた、グローブに装着する源石。<br>(パワーゲージ最大値 +1)<br>(交換不可),装備アイテム強化,11,1,5,0
272359,reinforce_2001,2学期開始記念 拳源石,ヨーグルティング 2学期開始を記念して贈られた、グローブに装着する源石。<br>(パワーゲージ最大値 +1)<br>(交換不可),装備アイテム強化,11,1,5,0
272360,reinforce_2001,2学期開始記念 拳源石,ヨーグルティング 2学期開始を記念して贈られた、グローブに装着する源石。<br>(パワーゲージ最大値 +1)<br>(交換不可),装備アイテム強化,11,1,5,0
272361,reinforce_2001,2学期開始記念 拳源石,ヨーグルティング 2学期開始を記念して贈られた、グローブに装着する源石。<br>(パワーゲージ最大値 +1)<br>(交換不可),装備アイテム強化,11,1,5,0
272362,reinforce_2001,2学期開始記念 拳源石,ヨーグルティング 2学期開始を記念して贈られた、グローブに装着する源石。<br>(パワーゲージ最大値 +1)<br>(交換不可),装備アイテム強化,11,1,5,0
272363,reinforce_2001,2学期開始記念 拳源石,ヨーグルティング 2学期開始を記念して贈られた、グローブに装着する源石。<br>(パワーゲージ最大値 +1)<br>(交換不可),装備アイテム強化,11,1,5,0
272364,reinforce_2001,2学期開始記念 拳源石,ヨーグルティング 2学期開始を記念して贈られた、グローブに装着する源石。<br>(パワーゲージ最大値 +1)<br>(交換不可),装備アイテム強化,11,1,5,0
272365,reinforce_2001,2学期開始記念 拳源石,ヨーグルティング 2学期開始を記念して贈られた、グローブに装着する源石。<br>(パワーゲージ最大値 +1)<br>(交換不可),装備アイテム強化,11,1,5,0
272366,reinforce_2001,2学期開始記念 拳源石,ヨーグルティング 2学期開始を記念して贈られた、グローブに装着する源石。<br>(パワーゲージ最大値 +1)<br>(交換不可),装備アイテム強化,11,1,5,0
272367,reinforce_2001,2学期開始記念 拳源石,ヨーグルティング 2学期開始を記念して贈られた、グローブに装着する源石。<br>(パワーゲージ最大値 +1)<br>(交換不可),装備アイテム強化,11,1,5,0
272368,reinforce_2001,2学期開始記念 拳源石,ヨーグルティング 2学期開始を記念して贈られた、グローブに装着する源石。<br>(パワーゲージ最大値 +1)<br>(交換不可),装備アイテム強化,11,1,5,0
272369,reinforce_2001,2学期開始記念 拳源石,ヨーグルティング 2学期開始を記念して贈られた、グローブに装着する源石。<br>(パワーゲージ最大値 +1)<br>(交換不可),装備アイテム強化,11,1,5,0
272370,reinforce_2001,2学期開始記念 拳源石,ヨーグルティング 2学期開始を記念して贈られた、グローブに装着する源石。<br>(パワーゲージ最大値 +1)<br>(交換不可),装備アイテム強化,11,1,5,0
272371,reinforce_2001,2学期開始記念 拳源石,ヨーグルティング 2学期開始を記念して贈られた、グローブに装着する源石。<br>(パワーゲージ最大値 +1)<br>(交換不可),装備アイテム強化,11,1,5,0
272372,reinforce_2001,2学期開始記念 拳源石,ヨーグルティング 2学期開始を記念して贈られた、グローブに装着する源石。<br>(パワーゲージ最大値 +1)<br>(交換不可),装備アイテム強化,11,1,5,0
272373,reinforce_2001,2学期開始記念 拳源石,ヨーグルティング 2学期開始を記念して贈られた、グローブに装着する源石。<br>(パワーゲージ最大値 +1)<br>(交換不可),装備アイテム強化,11,1,5,0
272374,reinforce_2001,2学期開始記念 拳源石,ヨーグルティング 2学期開始を記念して贈られた、グローブに装着する源石。<br>(パワーゲージ最大値 +1)<br>(交換不可),装備アイテム強化,11,1,5,0
272375,reinforce_2001,2学期開始記念 拳源石,ヨーグルティング 2学期開始を記念して贈られた、グローブに装着する源石。<br>(パワーゲージ最大値 +1)<br>(交換不可),装備アイテム強化,11,1,5,0
272376,reinforce_2001,2学期開始記念 拳源石,ヨーグルティング 2学期開始を記念して贈られた、グローブに装着する源石。<br>(パワーゲージ最大値 +1)<br>(交換不可),装備アイテム強化,11,1,5,0
272377,reinforce_2001,2学期開始記念 拳源石,ヨーグルティング 2学期開始を記念して贈られた、グローブに装着する源石。<br>(パワーゲージ最大値 +1)<br>(交換不可),装備アイテム強化,11,1,5,0
272378,reinforce_2001,2学期開始記念 拳源石,ヨーグルティング 2学期開始を記念して贈られた、グローブに装着する源石。<br>(パワーゲージ最大値 +1)<br>(交換不可),装備アイテム強化,11,1,5,0
272379,reinforce_2001,2学期開始記念 拳源石,ヨーグルティング 2学期開始を記念して贈られた、グローブに装着する源石。<br>(パワーゲージ最大値 +1)<br>(交換不可),装備アイテム強化,11,1,5,0
272380,reinforce_2001,2学期開始記念 拳源石,ヨーグルティング 2学期開始を記念して贈られた、グローブに装着する源石。<br>(パワーゲージ最大値 +1)<br>(交換不可),装備アイテム強化,11,1,5,0
272381,reinforce_2001,2学期開始記念 拳源石,ヨーグルティング 2学期開始を記念して贈られた、グローブに装着する源石。<br>(パワーゲージ最大値 +1)<br>(交換不可),装備アイテム強化,11,1,5,0
272382,reinforce_2001,2学期開始記念 拳源石,ヨーグルティング 2学期開始を記念して贈られた、グローブに装着する源石。<br>(パワーゲージ最大値 +1)<br>(交換不可),装備アイテム強化,11,1,5,0
272383,reinforce_2001,2学期開始記念 拳源石,ヨーグルティング 2学期開始を記念して贈られた、グローブに装着する源石。<br>(パワーゲージ最大値 +1)<br>(交換不可),装備アイテム強化,11,1,5,0
272384,reinforce_2001,2学期開始記念 拳源石,ヨーグルティング 2学期開始を記念して贈られた、グローブに装着する源石。<br>(パワーゲージ最大値 +1)<br>(交換不可),装備アイテム強化,11,1,5,0
272385,reinforce_2001,2学期開始記念 拳源石,ヨーグルティング 2学期開始を記念して贈られた、グローブに装着する源石。<br>(パワーゲージ最大値 +1)<br>(交換不可),装備アイテム強化,11,1,5,0
272386,reinforce_2001,2学期開始記念 拳源石,ヨーグルティング 2学期開始を記念して贈られた、グローブに装着する源石。<br>(パワーゲージ最大値 +1)<br>(交換不可),装備アイテム強化,11,1,5,0
272387,reinforce_2001,2学期開始記念 拳源石,ヨーグルティング 2学期開始を記念して贈られた、グローブに装着する源石。<br>(パワーゲージ最大値 +1)<br>(交換不可),装備アイテム強化,11,1,5,0
272388,reinforce_2001,2学期開始記念 拳源石,ヨーグルティング 2学期開始を記念して贈られた、グローブに装着する源石。<br>(パワーゲージ最大値 +1)<br>(交換不可),装備アイテム強化,11,1,5,0
272389,reinforce_2001,2学期開始記念 拳源石,ヨーグルティング 2学期開始を記念して贈られた、グローブに装着する源石。<br>(パワーゲージ最大値 +1)<br>(交換不可),装備アイテム強化,11,1,5,0
272390,reinforce_2001,2学期開始記念 拳源石,ヨーグルティング 2学期開始を記念して贈られた、グローブに装着する源石。<br>(パワーゲージ最大値 +1)<br>(交換不可),装備アイテム強化,11,1,5,0
272391,reinforce_2001,2学期開始記念 拳源石,ヨーグルティング 2学期開始を記念して贈られた、グローブに装着する源石。<br>(パワーゲージ最大値 +1)<br>(交換不可),装備アイテム強化,11,1,5,0
272392,reinforce_2001,2学期開始記念 拳源石,ヨーグルティング 2学期開始を記念して贈られた、グローブに装着する源石。<br>(パワーゲージ最大値 +1)<br>(交換不可),装備アイテム強化,11,1,5,0
272393,reinforce_2001,2学期開始記念 拳源石,ヨーグルティング 2学期開始を記念して贈られた、グローブに装着する源石。<br>(パワーゲージ最大値 +1)<br>(交換不可),装備アイテム強化,11,1,5,0
272394,reinforce_2001,2学期開始記念 拳源石,ヨーグルティング 2学期開始を記念して贈られた、グローブに装着する源石。<br>(パワーゲージ最大値 +1)<br>(交換不可),装備アイテム強化,11,1,5,0
272395,reinforce_2001,2学期開始記念 拳源石,ヨーグルティング 2学期開始を記念して贈られた、グローブに装着する源石。<br>(パワーゲージ最大値 +1)<br>(交換不可),装備アイテム強化,11,1,5,0
272396,reinforce_2001,2学期開始記念 拳源石,ヨーグルティング 2学期開始を記念して贈られた、グローブに装着する源石。<br>(パワーゲージ最大値 +1)<br>(交換不可),装備アイテム強化,11,1,5,0
272397,reinforce_2001,2学期開始記念 拳源石,ヨーグルティング 2学期開始を記念して贈られた、グローブに装着する源石。<br>(パワーゲージ最大値 +1)<br>(交換不可),装備アイテム強化,11,1,5,0
272398,reinforce_2001,2学期開始記念 拳源石,ヨーグルティング 2学期開始を記念して贈られた、グローブに装着する源石。<br>(パワーゲージ最大値 +1)<br>(交換不可),装備アイテム強化,11,1,5,0
272399,reinforce_2001,2学期開始記念 拳源石,ヨーグルティング 2学期開始を記念して贈られた、グローブに装着する源石。<br>(パワーゲージ最大値 +1)<br>(交換不可),装備アイテム強化,11,1,5,0
272400,reinforce_2001,2学期開始記念 拳源石,ヨーグルティング 2学期開始を記念して贈られた、グローブに装着する源石。<br>(パワーゲージ最大値 +1)<br>(交換不可),装備アイテム強化,11,1,5,0
272401,reinforce_2001,2学期開始記念 拳源石,ヨーグルティング 2学期開始を記念して贈られた、グローブに装着する源石。<br>(パワーゲージ最大値 +1)<br>(交換不可),装備アイテム強化,11,1,5,0
272402,reinforce_2001,2学期開始記念 拳源石,ヨーグルティング 2学期開始を記念して贈られた、グローブに装着する源石。<br>(パワーゲージ最大値 +1)<br>(交換不可),装備アイテム強化,11,1,5,0
272403,reinforce_2001,2学期開始記念 拳源石,ヨーグルティング 2学期開始を記念して贈られた、グローブに装着する源石。<br>(パワーゲージ最大値 +1)<br>(交換不可),装備アイテム強化,11,1,5,0
272404,reinforce_2001,2学期開始記念 拳源石,ヨーグルティング 2学期開始を記念して贈られた、グローブに装着する源石。<br>(パワーゲージ最大値 +1)<br>(交換不可),装備アイテム強化,11,1,5,0
272405,reinforce_2001,2学期開始記念 拳源石,ヨーグルティング 2学期開始を記念して贈られた、グローブに装着する源石。<br>(パワーゲージ最大値 +1)<br>(交換不可),装備アイテム強化,11,1,5,0
272406,reinforce_2001,2学期開始記念 拳源石,ヨーグルティング 2学期開始を記念して贈られた、グローブに装着する源石。<br>(パワーゲージ最大値 +1)<br>(交換不可),装備アイテム強化,11,1,5,0
272407,reinforce_2001,2学期開始記念 拳源石,ヨーグルティング 2学期開始を記念して贈られた、グローブに装着する源石。<br>(パワーゲージ最大値 +1)<br>(交換不可),装備アイテム強化,11,1,5,0
272408,reinforce_2001,2学期開始記念 拳源石,ヨーグルティング 2学期開始を記念して贈られた、グローブに装着する源石。<br>(パワーゲージ最大値 +1)<br>(交換不可),装備アイテム強化,11,1,5,0
272409,reinforce_2001,2学期開始記念 拳源石,ヨーグルティング 2学期開始を記念して贈られた、グローブに装着する源石。<br>(パワーゲージ最大値 +1)<br>(交換不可),装備アイテム強化,11,1,5,0
272410,reinforce_2001,2学期開始記念 拳源石,ヨーグルティング 2学期開始を記念して贈られた、グローブに装着する源石。<br>(パワーゲージ最大値 +1)<br>(交換不可),装備アイテム強化,11,1,5,0
272411,reinforce_2001,2学期開始記念 拳源石,ヨーグルティング 2学期開始を記念して贈られた、グローブに装着する源石。<br>(パワーゲージ最大値 +1)<br>(交換不可),装備アイテム強化,11,1,5,0
272412,reinforce_2001,2学期開始記念 拳源石,ヨーグルティング 2学期開始を記念して贈られた、グローブに装着する源石。<br>(パワーゲージ最大値 +1)<br>(交換不可),装備アイテム強化,11,1,5,0
272413,reinforce_2001,2学期開始記念 拳源石,ヨーグルティング 2学期開始を記念して贈られた、グローブに装着する源石。<br>(パワーゲージ最大値 +1)<br>(交換不可),装備アイテム強化,11,1,5,0
272414,reinforce_2001,2学期開始記念 拳源石,ヨーグルティング 2学期開始を記念して贈られた、グローブに装着する源石。<br>(パワーゲージ最大値 +1)<br>(交換不可),装備アイテム強化,11,1,5,0
272415,reinforce_2001,2学期開始記念 拳源石,ヨーグルティング 2学期開始を記念して贈られた、グローブに装着する源石。<br>(パワーゲージ最大値 +1)<br>(交換不可),装備アイテム強化,11,1,5,0
272416,reinforce_2001,2学期開始記念 拳源石,ヨーグルティング 2学期開始を記念して贈られた、グローブに装着する源石。<br>(パワーゲージ最大値 +1)<br>(交換不可),装備アイテム強化,11,1,5,0
272417,reinforce_2001,2学期開始記念 拳源石,ヨーグルティング 2学期開始を記念して贈られた、グローブに装着する源石。<br>(パワーゲージ最大値 +1)<br>(交換不可),装備アイテム強化,11,1,5,0
272418,reinforce_2001,2学期開始記念 拳源石,ヨーグルティング 2学期開始を記念して贈られた、グローブに装着する源石。<br>(パワーゲージ最大値 +1)<br>(交換不可),装備アイテム強化,11,1,5,0
272419,reinforce_2001,2学期開始記念 拳源石,ヨーグルティング 2学期開始を記念して贈られた、グローブに装着する源石。<br>(パワーゲージ最大値 +1)<br>(交換不可),装備アイテム強化,11,1,5,0
272420,reinforce_2001,2学期開始記念 拳源石,ヨーグルティング 2学期開始を記念して贈られた、グローブに装着する源石。<br>(パワーゲージ最大値 +1)<br>(交換不可),装備アイテム強化,11,1,5,0
272421,reinforce_2001,2学期開始記念 拳源石,ヨーグルティング 2学期開始を記念して贈られた、グローブに装着する源石。<br>(パワーゲージ最大値 +1)<br>(交換不可),装備アイテム強化,11,1,5,0
272422,reinforce_2001,2学期開始記念 拳源石,ヨーグルティング 2学期開始を記念して贈られた、グローブに装着する源石。<br>(パワーゲージ最大値 +1)<br>(交換不可),装備アイテム強化,11,1,5,0
272423,reinforce_2001,2学期開始記念 拳源石,ヨーグルティング 2学期開始を記念して贈られた、グローブに装着する源石。<br>(パワーゲージ最大値 +1)<br>(交換不可),装備アイテム強化,11,1,5,0
272424,reinforce_2001,2学期開始記念 拳源石,ヨーグルティング 2学期開始を記念して贈られた、グローブに装着する源石。<br>(パワーゲージ最大値 +1)<br>(交換不可),装備アイテム強化,11,1,5,0
272425,reinforce_2001,2学期開始記念 拳源石,ヨーグルティング 2学期開始を記念して贈られた、グローブに装着する源石。<br>(パワーゲージ最大値 +1)<br>(交換不可),装備アイテム強化,11,1,5,0
272426,reinforce_2001,2学期開始記念 拳源石,ヨーグルティング 2学期開始を記念して贈られた、グローブに装着する源石。<br>(パワーゲージ最大値 +1)<br>(交換不可),装備アイテム強化,11,1,5,0
273100,reinforce_3001,2学期開始記念 音源石,ヨーグルティング 2学期開始を記念して贈られた、ミューラに装着する源石。<br>(パワーゲージ最大値 +1)<br>(交換不可),装備アイテム強化,7,1,5,0
273101,reinforce_3001,2学期開始記念 音源石,ヨーグルティング 2学期開始を記念して贈られた、ミューラに装着する源石。<br>(パワーゲージ最大値 +1)<br>(交換不可),装備アイテム強化,7,1,5,0
273102,reinforce_3001,2学期開始記念 音源石,ヨーグルティング 2学期開始を記念して贈られた、ミューラに装着する源石。<br>(パワーゲージ最大値 +1)<br>(交換不可),装備アイテム強化,7,1,5,0
273103,reinforce_3001,2学期開始記念 音源石,ヨーグルティング 2学期開始を記念して贈られた、ミューラに装着する源石。<br>(パワーゲージ最大値 +1)<br>(交換不可),装備アイテム強化,7,1,5,0
273104,reinforce_3001,2学期開始記念 音源石,ヨーグルティング 2学期開始を記念して贈られた、ミューラに装着する源石。<br>(パワーゲージ最大値 +1)<br>(交換不可),装備アイテム強化,7,1,5,0
273105,reinforce_3001,2学期開始記念 音源石,ヨーグルティング 2学期開始を記念して贈られた、ミューラに装着する源石。<br>(パワーゲージ最大値 +1)<br>(交換不可),装備アイテム強化,7,1,5,0
273106,reinforce_3001,2学期開始記念 音源石,ヨーグルティング 2学期開始を記念して贈られた、ミューラに装着する源石。<br>(パワーゲージ最大値 +1)<br>(交換不可),装備アイテム強化,7,1,5,0
273107,reinforce_3001,2学期開始記念 音源石,ヨーグルティング 2学期開始を記念して贈られた、ミューラに装着する源石。<br>(パワーゲージ最大値 +1)<br>(交換不可),装備アイテム強化,7,1,5,0
273108,reinforce_3001,2学期開始記念 音源石,ヨーグルティング 2学期開始を記念して贈られた、ミューラに装着する源石。<br>(パワーゲージ最大値 +1)<br>(交換不可),装備アイテム強化,7,1,5,0
273109,reinforce_3001,2学期開始記念 音源石,ヨーグルティング 2学期開始を記念して贈られた、ミューラに装着する源石。<br>(パワーゲージ最大値 +1)<br>(交換不可),装備アイテム強化,7,1,5,0
273110,reinforce_3001,2学期開始記念 音源石,ヨーグルティング 2学期開始を記念して贈られた、ミューラに装着する源石。<br>(パワーゲージ最大値 +1)<br>(交換不可),装備アイテム強化,7,1,5,0
273111,reinforce_3001,2学期開始記念 音源石,ヨーグルティング 2学期開始を記念して贈られた、ミューラに装着する源石。<br>(パワーゲージ最大値 +1)<br>(交換不可),装備アイテム強化,7,1,5,0
273112,reinforce_3001,2学期開始記念 音源石,ヨーグルティング 2学期開始を記念して贈られた、ミューラに装着する源石。<br>(パワーゲージ最大値 +1)<br>(交換不可),装備アイテム強化,7,1,5,0
273113,reinforce_3001,2学期開始記念 音源石,ヨーグルティング 2学期開始を記念して贈られた、ミューラに装着する源石。<br>(パワーゲージ最大値 +1)<br>(交換不可),装備アイテム強化,7,1,5,0
273114,reinforce_3001,2学期開始記念 音源石,ヨーグルティング 2学期開始を記念して贈られた、ミューラに装着する源石。<br>(パワーゲージ最大値 +1)<br>(交換不可),装備アイテム強化,7,1,5,0
273115,reinforce_3001,2学期開始記念 音源石,ヨーグルティング 2学期開始を記念して贈られた、ミューラに装着する源石。<br>(パワーゲージ最大値 +1)<br>(交換不可),装備アイテム強化,7,1,5,0
273116,reinforce_3001,2学期開始記念 音源石,ヨーグルティング 2学期開始を記念して贈られた、ミューラに装着する源石。<br>(パワーゲージ最大値 +1)<br>(交換不可),装備アイテム強化,7,1,5,0
273117,reinforce_3001,2学期開始記念 音源石,ヨーグルティング 2学期開始を記念して贈られた、ミューラに装着する源石。<br>(パワーゲージ最大値 +1)<br>(交換不可),装備アイテム強化,7,1,5,0
273118,reinforce_3001,2学期開始記念 音源石,ヨーグルティング 2学期開始を記念して贈られた、ミューラに装着する源石。<br>(パワーゲージ最大値 +1)<br>(交換不可),装備アイテム強化,7,1,5,0
273119,reinforce_3001,2学期開始記念 音源石,ヨーグルティング 2学期開始を記念して贈られた、ミューラに装着する源石。<br>(パワーゲージ最大値 +1)<br>(交換不可),装備アイテム強化,7,1,5,0
273120,reinforce_3001,2学期開始記念 音源石,ヨーグルティング 2学期開始を記念して贈られた、ミューラに装着する源石。<br>(パワーゲージ最大値 +1)<br>(交換不可),装備アイテム強化,7,1,5,0
273121,reinforce_3001,2学期開始記念 音源石,ヨーグルティング 2学期開始を記念して贈られた、ミューラに装着する源石。<br>(パワーゲージ最大値 +1)<br>(交換不可),装備アイテム強化,7,1,5,0
273122,reinforce_3001,2学期開始記念 音源石,ヨーグルティング 2学期開始を記念して贈られた、ミューラに装着する源石。<br>(パワーゲージ最大値 +1)<br>(交換不可),装備アイテム強化,7,1,5,0
273123,reinforce_3001,2学期開始記念 音源石,ヨーグルティング 2学期開始を記念して贈られた、ミューラに装着する源石。<br>(パワーゲージ最大値 +1)<br>(交換不可),装備アイテム強化,7,1,5,0
273124,reinforce_3001,2学期開始記念 音源石,ヨーグルティング 2学期開始を記念して贈られた、ミューラに装着する源石。<br>(パワーゲージ最大値 +1)<br>(交換不可),装備アイテム強化,7,1,5,0
273125,reinforce_3001,2学期開始記念 音源石,ヨーグルティング 2学期開始を記念して贈られた、ミューラに装着する源石。<br>(パワーゲージ最大値 +1)<br>(交換不可),装備アイテム強化,7,1,5,0
273126,reinforce_3001,2学期開始記念 音源石,ヨーグルティング 2学期開始を記念して贈られた、ミューラに装着する源石。<br>(パワーゲージ最大値 +1)<br>(交換不可),装備アイテム強化,7,1,5,0
273127,reinforce_3001,2学期開始記念 音源石,ヨーグルティング 2学期開始を記念して贈られた、ミューラに装着する源石。<br>(パワーゲージ最大値 +1)<br>(交換不可),装備アイテム強化,7,1,5,0
273128,reinforce_3001,2学期開始記念 音源石,ヨーグルティング 2学期開始を記念して贈られた、ミューラに装着する源石。<br>(パワーゲージ最大値 +1)<br>(交換不可),装備アイテム強化,7,1,5,0
273129,reinforce_3001,2学期開始記念 音源石,ヨーグルティング 2学期開始を記念して贈られた、ミューラに装着する源石。<br>(パワーゲージ最大値 +1)<br>(交換不可),装備アイテム強化,7,1,5,0
273130,reinforce_3001,2学期開始記念 音源石,ヨーグルティング 2学期開始を記念して贈られた、ミューラに装着する源石。<br>(パワーゲージ最大値 +1)<br>(交換不可),装備アイテム強化,7,1,5,0
273131,reinforce_3001,2学期開始記念 音源石,ヨーグルティング 2学期開始を記念して贈られた、ミューラに装着する源石。<br>(パワーゲージ最大値 +1)<br>(交換不可),装備アイテム強化,7,1,5,0
273132,reinforce_3001,2学期開始記念 音源石,ヨーグルティング 2学期開始を記念して贈られた、ミューラに装着する源石。<br>(パワーゲージ最大値 +1)<br>(交換不可),装備アイテム強化,7,1,5,0
273133,reinforce_3001,2学期開始記念 音源石,ヨーグルティング 2学期開始を記念して贈られた、ミューラに装着する源石。<br>(パワーゲージ最大値 +1)<br>(交換不可),装備アイテム強化,7,1,5,0
273134,reinforce_3001,2学期開始記念 音源石,ヨーグルティング 2学期開始を記念して贈られた、ミューラに装着する源石。<br>(パワーゲージ最大値 +1)<br>(交換不可),装備アイテム強化,7,1,5,0
273135,reinforce_3001,2学期開始記念 音源石,ヨーグルティング 2学期開始を記念して贈られた、ミューラに装着する源石。<br>(パワーゲージ最大値 +1)<br>(交換不可),装備アイテム強化,7,1,5,0
273136,reinforce_3001,2学期開始記念 音源石,ヨーグルティング 2学期開始を記念して贈られた、ミューラに装着する源石。<br>(パワーゲージ最大値 +1)<br>(交換不可),装備アイテム強化,7,1,5,0
273137,reinforce_3001,2学期開始記念 音源石,ヨーグルティング 2学期開始を記念して贈られた、ミューラに装着する源石。<br>(パワーゲージ最大値 +1)<br>(交換不可),装備アイテム強化,7,1,5,0
273138,reinforce_3001,2学期開始記念 音源石,ヨーグルティング 2学期開始を記念して贈られた、ミューラに装着する源石。<br>(パワーゲージ最大値 +1)<br>(交換不可),装備アイテム強化,7,1,5,0
273139,reinforce_3001,2学期開始記念 音源石,ヨーグルティング 2学期開始を記念して贈られた、ミューラに装着する源石。<br>(パワーゲージ最大値 +1)<br>(交換不可),装備アイテム強化,7,1,5,0
273140,reinforce_3001,2学期開始記念 音源石,ヨーグルティング 2学期開始を記念して贈られた、ミューラに装着する源石。<br>(パワーゲージ最大値 +1)<br>(交換不可),装備アイテム強化,7,1,5,0
273141,reinforce_3001,2学期開始記念 音源石,ヨーグルティング 2学期開始を記念して贈られた、ミューラに装着する源石。<br>(パワーゲージ最大値 +1)<br>(交換不可),装備アイテム強化,7,1,5,0
273142,reinforce_3001,2学期開始記念 音源石,ヨーグルティング 2学期開始を記念して贈られた、ミューラに装着する源石。<br>(パワーゲージ最大値 +1)<br>(交換不可),装備アイテム強化,7,1,5,0
273143,reinforce_3001,2学期開始記念 音源石,ヨーグルティング 2学期開始を記念して贈られた、ミューラに装着する源石。<br>(パワーゲージ最大値 +1)<br>(交換不可),装備アイテム強化,7,1,5,0
273144,reinforce_3001,2学期開始記念 音源石,ヨーグルティング 2学期開始を記念して贈られた、ミューラに装着する源石。<br>(パワーゲージ最大値 +1)<br>(交換不可),装備アイテム強化,8,1,5,0
273145,reinforce_3001,2学期開始記念 音源石,ヨーグルティング 2学期開始を記念して贈られた、ミューラに装着する源石。<br>(パワーゲージ最大値 +1)<br>(交換不可),装備アイテム強化,8,1,5,0
273146,reinforce_3001,2学期開始記念 音源石,ヨーグルティング 2学期開始を記念して贈られた、ミューラに装着する源石。<br>(パワーゲージ最大値 +1)<br>(交換不可),装備アイテム強化,8,1,5,0
273147,reinforce_3001,2学期開始記念 音源石,ヨーグルティング 2学期開始を記念して贈られた、ミューラに装着する源石。<br>(パワーゲージ最大値 +1)<br>(交換不可),装備アイテム強化,8,1,5,0
273148,reinforce_3001,2学期開始記念 音源石,ヨーグルティング 2学期開始を記念して贈られた、ミューラに装着する源石。<br>(パワーゲージ最大値 +1)<br>(交換不可),装備アイテム強化,8,1,5,0
273149,reinforce_3001,2学期開始記念 音源石,ヨーグルティング 2学期開始を記念して贈られた、ミューラに装着する源石。<br>(パワーゲージ最大値 +1)<br>(交換不可),装備アイテム強化,8,1,5,0
273150,reinforce_3001,2学期開始記念 音源石,ヨーグルティング 2学期開始を記念して贈られた、ミューラに装着する源石。<br>(パワーゲージ最大値 +1)<br>(交換不可),装備アイテム強化,8,1,5,0
273151,reinforce_3001,2学期開始記念 音源石,ヨーグルティング 2学期開始を記念して贈られた、ミューラに装着する源石。<br>(パワーゲージ最大値 +1)<br>(交換不可),装備アイテム強化,8,1,5,0
273152,reinforce_3001,2学期開始記念 音源石,ヨーグルティング 2学期開始を記念して贈られた、ミューラに装着する源石。<br>(パワーゲージ最大値 +1)<br>(交換不可),装備アイテム強化,8,1,5,0
273153,reinforce_3001,2学期開始記念 音源石,ヨーグルティング 2学期開始を記念して贈られた、ミューラに装着する源石。<br>(パワーゲージ最大値 +1)<br>(交換不可),装備アイテム強化,8,1,5,0
273154,reinforce_3001,2学期開始記念 音源石,ヨーグルティング 2学期開始を記念して贈られた、ミューラに装着する源石。<br>(パワーゲージ最大値 +1)<br>(交換不可),装備アイテム強化,8,1,5,0
273155,reinforce_3001,2学期開始記念 音源石,ヨーグルティング 2学期開始を記念して贈られた、ミューラに装着する源石。<br>(パワーゲージ最大値 +1)<br>(交換不可),装備アイテム強化,8,1,5,0
273156,reinforce_3001,2学期開始記念 音源石,ヨーグルティング 2学期開始を記念して贈られた、ミューラに装着する源石。<br>(パワーゲージ最大値 +1)<br>(交換不可),装備アイテム強化,8,1,5,0
273157,reinforce_3001,2学期開始記念 音源石,ヨーグルティング 2学期開始を記念して贈られた、ミューラに装着する源石。<br>(パワーゲージ最大値 +1)<br>(交換不可),装備アイテム強化,8,1,5,0
273158,reinforce_3001,2学期開始記念 音源石,ヨーグルティング 2学期開始を記念して贈られた、ミューラに装着する源石。<br>(パワーゲージ最大値 +1)<br>(交換不可),装備アイテム強化,8,1,5,0
273159,reinforce_3001,2学期開始記念 音源石,ヨーグルティング 2学期開始を記念して贈られた、ミューラに装着する源石。<br>(パワーゲージ最大値 +1)<br>(交換不可),装備アイテム強化,8,1,5,0
273160,reinforce_3001,2学期開始記念 音源石,ヨーグルティング 2学期開始を記念して贈られた、ミューラに装着する源石。<br>(パワーゲージ最大値 +1)<br>(交換不可),装備アイテム強化,8,1,5,0
273161,reinforce_3001,2学期開始記念 音源石,ヨーグルティング 2学期開始を記念して贈られた、ミューラに装着する源石。<br>(パワーゲージ最大値 +1)<br>(交換不可),装備アイテム強化,8,1,5,0
273162,reinforce_3001,2学期開始記念 音源石,ヨーグルティング 2学期開始を記念して贈られた、ミューラに装着する源石。<br>(パワーゲージ最大値 +1)<br>(交換不可),装備アイテム強化,8,1,5,0
273163,reinforce_3001,2学期開始記念 音源石,ヨーグルティング 2学期開始を記念して贈られた、ミューラに装着する源石。<br>(パワーゲージ最大値 +1)<br>(交換不可),装備アイテム強化,8,1,5,0
273164,reinforce_3001,2学期開始記念 音源石,ヨーグルティング 2学期開始を記念して贈られた、ミューラに装着する源石。<br>(パワーゲージ最大値 +1)<br>(交換不可),装備アイテム強化,8,1,5,0
273165,reinforce_3001,2学期開始記念 音源石,ヨーグルティング 2学期開始を記念して贈られた、ミューラに装着する源石。<br>(パワーゲージ最大値 +1)<br>(交換不可),装備アイテム強化,8,1,5,0
273166,reinforce_3001,2学期開始記念 音源石,ヨーグルティング 2学期開始を記念して贈られた、ミューラに装着する源石。<br>(パワーゲージ最大値 +1)<br>(交換不可),装備アイテム強化,8,1,5,0
273167,reinforce_3001,2学期開始記念 音源石,ヨーグルティング 2学期開始を記念して贈られた、ミューラに装着する源石。<br>(パワーゲージ最大値 +1)<br>(交換不可),装備アイテム強化,8,1,5,0
273168,reinforce_3001,2学期開始記念 音源石,ヨーグルティング 2学期開始を記念して贈られた、ミューラに装着する源石。<br>(パワーゲージ最大値 +1)<br>(交換不可),装備アイテム強化,8,1,5,0
273169,reinforce_3001,2学期開始記念 音源石,ヨーグルティング 2学期開始を記念して贈られた、ミューラに装着する源石。<br>(パワーゲージ最大値 +1)<br>(交換不可),装備アイテム強化,8,1,5,0
273170,reinforce_3001,2学期開始記念 音源石,ヨーグルティング 2学期開始を記念して贈られた、ミューラに装着する源石。<br>(パワーゲージ最大値 +1)<br>(交換不可),装備アイテム強化,8,1,5,0
273171,reinforce_3001,2学期開始記念 音源石,ヨーグルティング 2学期開始を記念して贈られた、ミューラに装着する源石。<br>(パワーゲージ最大値 +1)<br>(交換不可),装備アイテム強化,8,1,5,0
273172,reinforce_3001,2学期開始記念 音源石,ヨーグルティング 2学期開始を記念して贈られた、ミューラに装着する源石。<br>(パワーゲージ最大値 +1)<br>(交換不可),装備アイテム強化,8,1,5,0
273173,reinforce_3001,2学期開始記念 音源石,ヨーグルティング 2学期開始を記念して贈られた、ミューラに装着する源石。<br>(パワーゲージ最大値 +1)<br>(交換不可),装備アイテム強化,8,1,5,0
273174,reinforce_3001,2学期開始記念 音源石,ヨーグルティング 2学期開始を記念して贈られた、ミューラに装着する源石。<br>(パワーゲージ最大値 +1)<br>(交換不可),装備アイテム強化,8,1,5,0
273175,reinforce_3001,2学期開始記念 音源石,ヨーグルティング 2学期開始を記念して贈られた、ミューラに装着する源石。<br>(パワーゲージ最大値 +1)<br>(交換不可),装備アイテム強化,8,1,5,0
273176,reinforce_3001,2学期開始記念 音源石,ヨーグルティング 2学期開始を記念して贈られた、ミューラに装着する源石。<br>(パワーゲージ最大値 +1)<br>(交換不可),装備アイテム強化,8,1,5,0
273177,reinforce_3001,2学期開始記念 音源石,ヨーグルティング 2学期開始を記念して贈られた、ミューラに装着する源石。<br>(パワーゲージ最大値 +1)<br>(交換不可),装備アイテム強化,8,1,5,0
273178,reinforce_3001,2学期開始記念 音源石,ヨーグルティング 2学期開始を記念して贈られた、ミューラに装着する源石。<br>(パワーゲージ最大値 +1)<br>(交換不可),装備アイテム強化,8,1,5,0
273179,reinforce_3001,2学期開始記念 音源石,ヨーグルティング 2学期開始を記念して贈られた、ミューラに装着する源石。<br>(パワーゲージ最大値 +1)<br>(交換不可),装備アイテム強化,8,1,5,0
273180,reinforce_3001,2学期開始記念 音源石,ヨーグルティング 2学期開始を記念して贈られた、ミューラに装着する源石。<br>(パワーゲージ最大値 +1)<br>(交換不可),装備アイテム強化,8,1,5,0
273181,reinforce_3001,2学期開始記念 音源石,ヨーグルティング 2学期開始を記念して贈られた、ミューラに装着する源石。<br>(パワーゲージ最大値 +1)<br>(交換不可),装備アイテム強化,8,1,5,0
273182,reinforce_3001,2学期開始記念 音源石,ヨーグルティング 2学期開始を記念して贈られた、ミューラに装着する源石。<br>(パワーゲージ最大値 +1)<br>(交換不可),装備アイテム強化,8,1,5,0
273183,reinforce_3001,2学期開始記念 音源石,ヨーグルティング 2学期開始を記念して贈られた、ミューラに装着する源石。<br>(パワーゲージ最大値 +1)<br>(交換不可),装備アイテム強化,8,1,5,0
273184,reinforce_3001,2学期開始記念 音源石,ヨーグルティング 2学期開始を記念して贈られた、ミューラに装着する源石。<br>(パワーゲージ最大値 +1)<br>(交換不可),装備アイテム強化,8,1,5,0
273185,reinforce_3001,2学期開始記念 音源石,ヨーグルティング 2学期開始を記念して贈られた、ミューラに装着する源石。<br>(パワーゲージ最大値 +1)<br>(交換不可),装備アイテム強化,8,1,5,0
273186,reinforce_3001,2学期開始記念 音源石,ヨーグルティング 2学期開始を記念して贈られた、ミューラに装着する源石。<br>(パワーゲージ最大値 +1)<br>(交換不可),装備アイテム強化,8,1,5,0
273187,reinforce_3001,2学期開始記念 音源石,ヨーグルティング 2学期開始を記念して贈られた、ミューラに装着する源石。<br>(パワーゲージ最大値 +1)<br>(交換不可),装備アイテム強化,8,1,5,0
273188,reinforce_3001,2学期開始記念 音源石,ヨーグルティング 2学期開始を記念して贈られた、ミューラに装着する源石。<br>(パワーゲージ最大値 +1)<br>(交換不可),装備アイテム強化,9,1,5,0
273189,reinforce_3001,2学期開始記念 音源石,ヨーグルティング 2学期開始を記念して贈られた、ミューラに装着する源石。<br>(パワーゲージ最大値 +1)<br>(交換不可),装備アイテム強化,9,1,5,0
273190,reinforce_3001,2学期開始記念 音源石,ヨーグルティング 2学期開始を記念して贈られた、ミューラに装着する源石。<br>(パワーゲージ最大値 +1)<br>(交換不可),装備アイテム強化,9,1,5,0
273191,reinforce_3001,2学期開始記念 音源石,ヨーグルティング 2学期開始を記念して贈られた、ミューラに装着する源石。<br>(パワーゲージ最大値 +1)<br>(交換不可),装備アイテム強化,9,1,5,0
273192,reinforce_3001,2学期開始記念 音源石,ヨーグルティング 2学期開始を記念して贈られた、ミューラに装着する源石。<br>(パワーゲージ最大値 +1)<br>(交換不可),装備アイテム強化,9,1,5,0
273193,reinforce_3001,2学期開始記念 音源石,ヨーグルティング 2学期開始を記念して贈られた、ミューラに装着する源石。<br>(パワーゲージ最大値 +1)<br>(交換不可),装備アイテム強化,9,1,5,0
273194,reinforce_3001,2学期開始記念 音源石,ヨーグルティング 2学期開始を記念して贈られた、ミューラに装着する源石。<br>(パワーゲージ最大値 +1)<br>(交換不可),装備アイテム強化,9,1,5,0
273195,reinforce_3001,2学期開始記念 音源石,ヨーグルティング 2学期開始を記念して贈られた、ミューラに装着する源石。<br>(パワーゲージ最大値 +1)<br>(交換不可),装備アイテム強化,9,1,5,0
273196,reinforce_3001,2学期開始記念 音源石,ヨーグルティング 2学期開始を記念して贈られた、ミューラに装着する源石。<br>(パワーゲージ最大値 +1)<br>(交換不可),装備アイテム強化,9,1,5,0
273197,reinforce_3001,2学期開始記念 音源石,ヨーグルティング 2学期開始を記念して贈られた、ミューラに装着する源石。<br>(パワーゲージ最大値 +1)<br>(交換不可),装備アイテム強化,9,1,5,0
273198,reinforce_3001,2学期開始記念 音源石,ヨーグルティング 2学期開始を記念して贈られた、ミューラに装着する源石。<br>(パワーゲージ最大値 +1)<br>(交換不可),装備アイテム強化,9,1,5,0
273199,reinforce_3001,2学期開始記念 音源石,ヨーグルティング 2学期開始を記念して贈られた、ミューラに装着する源石。<br>(パワーゲージ最大値 +1)<br>(交換不可),装備アイテム強化,9,1,5,0
273200,reinforce_3001,2学期開始記念 音源石,ヨーグルティング 2学期開始を記念して贈られた、ミューラに装着する源石。<br>(パワーゲージ最大値 +1)<br>(交換不可),装備アイテム強化,9,1,5,0
273201,reinforce_3001,2学期開始記念 音源石,ヨーグルティング 2学期開始を記念して贈られた、ミューラに装着する源石。<br>(パワーゲージ最大値 +1)<br>(交換不可),装備アイテム強化,9,1,5,0
273202,reinforce_3001,2学期開始記念 音源石,ヨーグルティング 2学期開始を記念して贈られた、ミューラに装着する源石。<br>(パワーゲージ最大値 +1)<br>(交換不可),装備アイテム強化,9,1,5,0
273203,reinforce_3001,2学期開始記念 音源石,ヨーグルティング 2学期開始を記念して贈られた、ミューラに装着する源石。<br>(パワーゲージ最大値 +1)<br>(交換不可),装備アイテム強化,9,1,5,0
273204,reinforce_3001,2学期開始記念 音源石,ヨーグルティング 2学期開始を記念して贈られた、ミューラに装着する源石。<br>(パワーゲージ最大値 +1)<br>(交換不可),装備アイテム強化,9,1,5,0
273205,reinforce_3001,2学期開始記念 音源石,ヨーグルティング 2学期開始を記念して贈られた、ミューラに装着する源石。<br>(パワーゲージ最大値 +1)<br>(交換不可),装備アイテム強化,9,1,5,0
273206,reinforce_3001,2学期開始記念 音源石,ヨーグルティング 2学期開始を記念して贈られた、ミューラに装着する源石。<br>(パワーゲージ最大値 +1)<br>(交換不可),装備アイテム強化,9,1,5,0
273207,reinforce_3001,2学期開始記念 音源石,ヨーグルティング 2学期開始を記念して贈られた、ミューラに装着する源石。<br>(パワーゲージ最大値 +1)<br>(交換不可),装備アイテム強化,9,1,5,0
273208,reinforce_3001,2学期開始記念 音源石,ヨーグルティング 2学期開始を記念して贈られた、ミューラに装着する源石。<br>(パワーゲージ最大値 +1)<br>(交換不可),装備アイテム強化,9,1,5,0
273209,reinforce_3001,2学期開始記念 音源石,ヨーグルティング 2学期開始を記念して贈られた、ミューラに装着する源石。<br>(パワーゲージ最大値 +1)<br>(交換不可),装備アイテム強化,9,1,5,0
273210,reinforce_3001,2学期開始記念 音源石,ヨーグルティング 2学期開始を記念して贈られた、ミューラに装着する源石。<br>(パワーゲージ最大値 +1)<br>(交換不可),装備アイテム強化,9,1,5,0
273211,reinforce_3001,2学期開始記念 音源石,ヨーグルティング 2学期開始を記念して贈られた、ミューラに装着する源石。<br>(パワーゲージ最大値 +1)<br>(交換不可),装備アイテム強化,9,1,5,0
273212,reinforce_3001,2学期開始記念 音源石,ヨーグルティング 2学期開始を記念して贈られた、ミューラに装着する源石。<br>(パワーゲージ最大値 +1)<br>(交換不可),装備アイテム強化,9,1,5,0
273213,reinforce_3001,2学期開始記念 音源石,ヨーグルティング 2学期開始を記念して贈られた、ミューラに装着する源石。<br>(パワーゲージ最大値 +1)<br>(交換不可),装備アイテム強化,9,1,5,0
273214,reinforce_3001,2学期開始記念 音源石,ヨーグルティング 2学期開始を記念して贈られた、ミューラに装着する源石。<br>(パワーゲージ最大値 +1)<br>(交換不可),装備アイテム強化,9,1,5,0
273215,reinforce_3001,2学期開始記念 音源石,ヨーグルティング 2学期開始を記念して贈られた、ミューラに装着する源石。<br>(パワーゲージ最大値 +1)<br>(交換不可),装備アイテム強化,9,1,5,0
273216,reinforce_3001,2学期開始記念 音源石,ヨーグルティング 2学期開始を記念して贈られた、ミューラに装着する源石。<br>(パワーゲージ最大値 +1)<br>(交換不可),装備アイテム強化,9,1,5,0
273217,reinforce_3001,2学期開始記念 音源石,ヨーグルティング 2学期開始を記念して贈られた、ミューラに装着する源石。<br>(パワーゲージ最大値 +1)<br>(交換不可),装備アイテム強化,9,1,5,0
273218,reinforce_3001,2学期開始記念 音源石,ヨーグルティング 2学期開始を記念して贈られた、ミューラに装着する源石。<br>(パワーゲージ最大値 +1)<br>(交換不可),装備アイテム強化,9,1,5,0
273219,reinforce_3001,2学期開始記念 音源石,ヨーグルティング 2学期開始を記念して贈られた、ミューラに装着する源石。<br>(パワーゲージ最大値 +1)<br>(交換不可),装備アイテム強化,9,1,5,0
273220,reinforce_3001,2学期開始記念 音源石,ヨーグルティング 2学期開始を記念して贈られた、ミューラに装着する源石。<br>(パワーゲージ最大値 +1)<br>(交換不可),装備アイテム強化,9,1,5,0
273221,reinforce_3001,2学期開始記念 音源石,ヨーグルティング 2学期開始を記念して贈られた、ミューラに装着する源石。<br>(パワーゲージ最大値 +1)<br>(交換不可),装備アイテム強化,9,1,5,0
273222,reinforce_3001,2学期開始記念 音源石,ヨーグルティング 2学期開始を記念して贈られた、ミューラに装着する源石。<br>(パワーゲージ最大値 +1)<br>(交換不可),装備アイテム強化,9,1,5,0
273223,reinforce_3001,2学期開始記念 音源石,ヨーグルティング 2学期開始を記念して贈られた、ミューラに装着する源石。<br>(パワーゲージ最大値 +1)<br>(交換不可),装備アイテム強化,9,1,5,0
273224,reinforce_3001,2学期開始記念 音源石,ヨーグルティング 2学期開始を記念して贈られた、ミューラに装着する源石。<br>(パワーゲージ最大値 +1)<br>(交換不可),装備アイテム強化,9,1,5,0
273225,reinforce_3001,2学期開始記念 音源石,ヨーグルティング 2学期開始を記念して贈られた、ミューラに装着する源石。<br>(パワーゲージ最大値 +1)<br>(交換不可),装備アイテム強化,9,1,5,0
273226,reinforce_3001,2学期開始記念 音源石,ヨーグルティング 2学期開始を記念して贈られた、ミューラに装着する源石。<br>(パワーゲージ最大値 +1)<br>(交換不可),装備アイテム強化,9,1,5,0
273227,reinforce_3001,2学期開始記念 音源石,ヨーグルティング 2学期開始を記念して贈られた、ミューラに装着する源石。<br>(パワーゲージ最大値 +1)<br>(交換不可),装備アイテム強化,9,1,5,0
273228,reinforce_3001,2学期開始記念 音源石,ヨーグルティング 2学期開始を記念して贈られた、ミューラに装着する源石。<br>(パワーゲージ最大値 +1)<br>(交換不可),装備アイテム強化,9,1,5,0
273229,reinforce_3001,2学期開始記念 音源石,ヨーグルティング 2学期開始を記念して贈られた、ミューラに装着する源石。<br>(パワーゲージ最大値 +1)<br>(交換不可),装備アイテム強化,9,1,5,0
273230,reinforce_3001,2学期開始記念 音源石,ヨーグルティング 2学期開始を記念して贈られた、ミューラに装着する源石。<br>(パワーゲージ最大値 +1)<br>(交換不可),装備アイテム強化,9,1,5,0
273231,reinforce_3001,2学期開始記念 音源石,ヨーグルティング 2学期開始を記念して贈られた、ミューラに装着する源石。<br>(パワーゲージ最大値 +1)<br>(交換不可),装備アイテム強化,9,1,5,0
273232,reinforce_3001,2学期開始記念 音源石,ヨーグルティング 2学期開始を記念して贈られた、ミューラに装着する源石。<br>(パワーゲージ最大値 +1)<br>(交換不可),装備アイテム強化,10,1,5,0
273233,reinforce_3001,2学期開始記念 音源石,ヨーグルティング 2学期開始を記念して贈られた、ミューラに装着する源石。<br>(パワーゲージ最大値 +1)<br>(交換不可),装備アイテム強化,10,1,5,0
273234,reinforce_3001,2学期開始記念 音源石,ヨーグルティング 2学期開始を記念して贈られた、ミューラに装着する源石。<br>(パワーゲージ最大値 +1)<br>(交換不可),装備アイテム強化,10,1,5,0
273235,reinforce_3001,2学期開始記念 音源石,ヨーグルティング 2学期開始を記念して贈られた、ミューラに装着する源石。<br>(パワーゲージ最大値 +1)<br>(交換不可),装備アイテム強化,10,1,5,0
273236,reinforce_3001,2学期開始記念 音源石,ヨーグルティング 2学期開始を記念して贈られた、ミューラに装着する源石。<br>(パワーゲージ最大値 +1)<br>(交換不可),装備アイテム強化,10,1,5,0
273237,reinforce_3001,2学期開始記念 音源石,ヨーグルティング 2学期開始を記念して贈られた、ミューラに装着する源石。<br>(パワーゲージ最大値 +1)<br>(交換不可),装備アイテム強化,10,1,5,0
273238,reinforce_3001,2学期開始記念 音源石,ヨーグルティング 2学期開始を記念して贈られた、ミューラに装着する源石。<br>(パワーゲージ最大値 +1)<br>(交換不可),装備アイテム強化,10,1,5,0
273239,reinforce_3001,2学期開始記念 音源石,ヨーグルティング 2学期開始を記念して贈られた、ミューラに装着する源石。<br>(パワーゲージ最大値 +1)<br>(交換不可),装備アイテム強化,10,1,5,0
273240,reinforce_3001,2学期開始記念 音源石,ヨーグルティング 2学期開始を記念して贈られた、ミューラに装着する源石。<br>(パワーゲージ最大値 +1)<br>(交換不可),装備アイテム強化,10,1,5,0
273241,reinforce_3001,2学期開始記念 音源石,ヨーグルティング 2学期開始を記念して贈られた、ミューラに装着する源石。<br>(パワーゲージ最大値 +1)<br>(交換不可),装備アイテム強化,10,1,5,0
273242,reinforce_3001,2学期開始記念 音源石,ヨーグルティング 2学期開始を記念して贈られた、ミューラに装着する源石。<br>(パワーゲージ最大値 +1)<br>(交換不可),装備アイテム強化,10,1,5,0
273243,reinforce_3001,2学期開始記念 音源石,ヨーグルティング 2学期開始を記念して贈られた、ミューラに装着する源石。<br>(パワーゲージ最大値 +1)<br>(交換不可),装備アイテム強化,10,1,5,0
273244,reinforce_3001,2学期開始記念 音源石,ヨーグルティング 2学期開始を記念して贈られた、ミューラに装着する源石。<br>(パワーゲージ最大値 +1)<br>(交換不可),装備アイテム強化,10,1,5,0
273245,reinforce_3001,2学期開始記念 音源石,ヨーグルティング 2学期開始を記念して贈られた、ミューラに装着する源石。<br>(パワーゲージ最大値 +1)<br>(交換不可),装備アイテム強化,10,1,5,0
273246,reinforce_3001,2学期開始記念 音源石,ヨーグルティング 2学期開始を記念して贈られた、ミューラに装着する源石。<br>(パワーゲージ最大値 +1)<br>(交換不可),装備アイテム強化,10,1,5,0
273247,reinforce_3001,2学期開始記念 音源石,ヨーグルティング 2学期開始を記念して贈られた、ミューラに装着する源石。<br>(パワーゲージ最大値 +1)<br>(交換不可),装備アイテム強化,10,1,5,0
273248,reinforce_3001,2学期開始記念 音源石,ヨーグルティング 2学期開始を記念して贈られた、ミューラに装着する源石。<br>(パワーゲージ最大値 +1)<br>(交換不可),装備アイテム強化,10,1,5,0
273249,reinforce_3001,2学期開始記念 音源石,ヨーグルティング 2学期開始を記念して贈られた、ミューラに装着する源石。<br>(パワーゲージ最大値 +1)<br>(交換不可),装備アイテム強化,10,1,5,0
273250,reinforce_3001,2学期開始記念 音源石,ヨーグルティング 2学期開始を記念して贈られた、ミューラに装着する源石。<br>(パワーゲージ最大値 +1)<br>(交換不可),装備アイテム強化,10,1,5,0
273251,reinforce_3001,2学期開始記念 音源石,ヨーグルティング 2学期開始を記念して贈られた、ミューラに装着する源石。<br>(パワーゲージ最大値 +1)<br>(交換不可),装備アイテム強化,10,1,5,0
273252,reinforce_3001,2学期開始記念 音源石,ヨーグルティング 2学期開始を記念して贈られた、ミューラに装着する源石。<br>(パワーゲージ最大値 +1)<br>(交換不可),装備アイテム強化,10,1,5,0
273253,reinforce_3001,2学期開始記念 音源石,ヨーグルティング 2学期開始を記念して贈られた、ミューラに装着する源石。<br>(パワーゲージ最大値 +1)<br>(交換不可),装備アイテム強化,10,1,5,0
273254,reinforce_3001,2学期開始記念 音源石,ヨーグルティング 2学期開始を記念して贈られた、ミューラに装着する源石。<br>(パワーゲージ最大値 +1)<br>(交換不可),装備アイテム強化,10,1,5,0
273255,reinforce_3001,2学期開始記念 音源石,ヨーグルティング 2学期開始を記念して贈られた、ミューラに装着する源石。<br>(パワーゲージ最大値 +1)<br>(交換不可),装備アイテム強化,10,1,5,0
273256,reinforce_3001,2学期開始記念 音源石,ヨーグルティング 2学期開始を記念して贈られた、ミューラに装着する源石。<br>(パワーゲージ最大値 +1)<br>(交換不可),装備アイテム強化,10,1,5,0
273257,reinforce_3001,2学期開始記念 音源石,ヨーグルティング 2学期開始を記念して贈られた、ミューラに装着する源石。<br>(パワーゲージ最大値 +1)<br>(交換不可),装備アイテム強化,10,1,5,0
273258,reinforce_3001,2学期開始記念 音源石,ヨーグルティング 2学期開始を記念して贈られた、ミューラに装着する源石。<br>(パワーゲージ最大値 +1)<br>(交換不可),装備アイテム強化,10,1,5,0
273259,reinforce_3001,2学期開始記念 音源石,ヨーグルティング 2学期開始を記念して贈られた、ミューラに装着する源石。<br>(パワーゲージ最大値 +1)<br>(交換不可),装備アイテム強化,10,1,5,0
273260,reinforce_3001,2学期開始記念 音源石,ヨーグルティング 2学期開始を記念して贈られた、ミューラに装着する源石。<br>(パワーゲージ最大値 +1)<br>(交換不可),装備アイテム強化,10,1,5,0
273261,reinforce_3001,2学期開始記念 音源石,ヨーグルティング 2学期開始を記念して贈られた、ミューラに装着する源石。<br>(パワーゲージ最大値 +1)<br>(交換不可),装備アイテム強化,10,1,5,0
273262,reinforce_3001,2学期開始記念 音源石,ヨーグルティング 2学期開始を記念して贈られた、ミューラに装着する源石。<br>(パワーゲージ最大値 +1)<br>(交換不可),装備アイテム強化,10,1,5,0
273263,reinforce_3001,2学期開始記念 音源石,ヨーグルティング 2学期開始を記念して贈られた、ミューラに装着する源石。<br>(パワーゲージ最大値 +1)<br>(交換不可),装備アイテム強化,10,1,5,0
273264,reinforce_3001,2学期開始記念 音源石,ヨーグルティング 2学期開始を記念して贈られた、ミューラに装着する源石。<br>(パワーゲージ最大値 +1)<br>(交換不可),装備アイテム強化,10,1,5,0
273265,reinforce_3001,2学期開始記念 音源石,ヨーグルティング 2学期開始を記念して贈られた、ミューラに装着する源石。<br>(パワーゲージ最大値 +1)<br>(交換不可),装備アイテム強化,10,1,5,0
273266,reinforce_3001,2学期開始記念 音源石,ヨーグルティング 2学期開始を記念して贈られた、ミューラに装着する源石。<br>(パワーゲージ最大値 +1)<br>(交換不可),装備アイテム強化,10,1,5,0
273267,reinforce_3001,2学期開始記念 音源石,ヨーグルティング 2学期開始を記念して贈られた、ミューラに装着する源石。<br>(パワーゲージ最大値 +1)<br>(交換不可),装備アイテム強化,10,1,5,0
273268,reinforce_3001,2学期開始記念 音源石,ヨーグルティング 2学期開始を記念して贈られた、ミューラに装着する源石。<br>(パワーゲージ最大値 +1)<br>(交換不可),装備アイテム強化,10,1,5,0
273269,reinforce_3001,2学期開始記念 音源石,ヨーグルティング 2学期開始を記念して贈られた、ミューラに装着する源石。<br>(パワーゲージ最大値 +1)<br>(交換不可),装備アイテム強化,10,1,5,0
273270,reinforce_3001,2学期開始記念 音源石,ヨーグルティング 2学期開始を記念して贈られた、ミューラに装着する源石。<br>(パワーゲージ最大値 +1)<br>(交換不可),装備アイテム強化,10,1,5,0
273271,reinforce_3001,2学期開始記念 音源石,ヨーグルティング 2学期開始を記念して贈られた、ミューラに装着する源石。<br>(パワーゲージ最大値 +1)<br>(交換不可),装備アイテム強化,10,1,5,0
273272,reinforce_3001,2学期開始記念 音源石,ヨーグルティング 2学期開始を記念して贈られた、ミューラに装着する源石。<br>(パワーゲージ最大値 +1)<br>(交換不可),装備アイテム強化,10,1,5,0
273273,reinforce_3001,2学期開始記念 音源石,ヨーグルティング 2学期開始を記念して贈られた、ミューラに装着する源石。<br>(パワーゲージ最大値 +1)<br>(交換不可),装備アイテム強化,10,1,5,0
273274,reinforce_3001,2学期開始記念 音源石,ヨーグルティング 2学期開始を記念して贈られた、ミューラに装着する源石。<br>(パワーゲージ最大値 +1)<br>(交換不可),装備アイテム強化,10,1,5,0
273275,reinforce_3001,2学期開始記念 音源石,ヨーグルティング 2学期開始を記念して贈られた、ミューラに装着する源石。<br>(パワーゲージ最大値 +1)<br>(交換不可),装備アイテム強化,10,1,5,0
273276,reinforce_3001,2学期開始記念 音源石,ヨーグルティング 2学期開始を記念して贈られた、ミューラに装着する源石。<br>(パワーゲージ最大値 +1)<br>(交換不可),装備アイテム強化,10,1,5,0
273277,reinforce_3001,2学期開始記念 音源石,ヨーグルティング 2学期開始を記念して贈られた、ミューラに装着する源石。<br>(パワーゲージ最大値 +1)<br>(交換不可),装備アイテム強化,10,1,5,0
273278,reinforce_3001,2学期開始記念 音源石,ヨーグルティング 2学期開始を記念して贈られた、ミューラに装着する源石。<br>(パワーゲージ最大値 +1)<br>(交換不可),装備アイテム強化,10,1,5,0
273279,reinforce_3001,2学期開始記念 音源石,ヨーグルティング 2学期開始を記念して贈られた、ミューラに装着する源石。<br>(パワーゲージ最大値 +1)<br>(交換不可),装備アイテム強化,10,1,5,0
273280,reinforce_3001,2学期開始記念 音源石,ヨーグルティング 2学期開始を記念して贈られた、ミューラに装着する源石。<br>(パワーゲージ最大値 +1)<br>(交換不可),装備アイテム強化,10,1,5,0
273281,reinforce_3001,2学期開始記念 音源石,ヨーグルティング 2学期開始を記念して贈られた、ミューラに装着する源石。<br>(パワーゲージ最大値 +1)<br>(交換不可),装備アイテム強化,10,1,5,0
273282,reinforce_3001,2学期開始記念 音源石,ヨーグルティング 2学期開始を記念して贈られた、ミューラに装着する源石。<br>(パワーゲージ最大値 +1)<br>(交換不可),装備アイテム強化,10,1,5,0
273283,reinforce_3001,2学期開始記念 音源石,ヨーグルティング 2学期開始を記念して贈られた、ミューラに装着する源石。<br>(パワーゲージ最大値 +1)<br>(交換不可),装備アイテム強化,10,1,5,0
273284,reinforce_3001,2学期開始記念 音源石,ヨーグルティング 2学期開始を記念して贈られた、ミューラに装着する源石。<br>(パワーゲージ最大値 +1)<br>(交換不可),装備アイテム強化,10,1,5,0
273285,reinforce_3001,2学期開始記念 音源石,ヨーグルティング 2学期開始を記念して贈られた、ミューラに装着する源石。<br>(パワーゲージ最大値 +1)<br>(交換不可),装備アイテム強化,10,1,5,0
273286,reinforce_3001,2学期開始記念 音源石,ヨーグルティング 2学期開始を記念して贈られた、ミューラに装着する源石。<br>(パワーゲージ最大値 +1)<br>(交換不可),装備アイテム強化,10,1,5,0
273287,reinforce_3001,2学期開始記念 音源石,ヨーグルティング 2学期開始を記念して贈られた、ミューラに装着する源石。<br>(パワーゲージ最大値 +1)<br>(交換不可),装備アイテム強化,11,1,5,0
273288,reinforce_3001,2学期開始記念 音源石,ヨーグルティング 2学期開始を記念して贈られた、ミューラに装着する源石。<br>(パワーゲージ最大値 +1)<br>(交換不可),装備アイテム強化,11,1,5,0
273289,reinforce_3001,2学期開始記念 音源石,ヨーグルティング 2学期開始を記念して贈られた、ミューラに装着する源石。<br>(パワーゲージ最大値 +1)<br>(交換不可),装備アイテム強化,11,1,5,0
273290,reinforce_3001,2学期開始記念 音源石,ヨーグルティング 2学期開始を記念して贈られた、ミューラに装着する源石。<br>(パワーゲージ最大値 +1)<br>(交換不可),装備アイテム強化,11,1,5,0
273291,reinforce_3001,2学期開始記念 音源石,ヨーグルティング 2学期開始を記念して贈られた、ミューラに装着する源石。<br>(パワーゲージ最大値 +1)<br>(交換不可),装備アイテム強化,11,1,5,0
273292,reinforce_3001,2学期開始記念 音源石,ヨーグルティング 2学期開始を記念して贈られた、ミューラに装着する源石。<br>(パワーゲージ最大値 +1)<br>(交換不可),装備アイテム強化,11,1,5,0
273293,reinforce_3001,2学期開始記念 音源石,ヨーグルティング 2学期開始を記念して贈られた、ミューラに装着する源石。<br>(パワーゲージ最大値 +1)<br>(交換不可),装備アイテム強化,11,1,5,0
273294,reinforce_3001,2学期開始記念 音源石,ヨーグルティング 2学期開始を記念して贈られた、ミューラに装着する源石。<br>(パワーゲージ最大値 +1)<br>(交換不可),装備アイテム強化,11,1,5,0
273295,reinforce_3001,2学期開始記念 音源石,ヨーグルティング 2学期開始を記念して贈られた、ミューラに装着する源石。<br>(パワーゲージ最大値 +1)<br>(交換不可),装備アイテム強化,11,1,5,0
273296,reinforce_3001,2学期開始記念 音源石,ヨーグルティング 2学期開始を記念して贈られた、ミューラに装着する源石。<br>(パワーゲージ最大値 +1)<br>(交換不可),装備アイテム強化,11,1,5,0
273297,reinforce_3001,2学期開始記念 音源石,ヨーグルティング 2学期開始を記念して贈られた、ミューラに装着する源石。<br>(パワーゲージ最大値 +1)<br>(交換不可),装備アイテム強化,11,1,5,0
273298,reinforce_3001,2学期開始記念 音源石,ヨーグルティング 2学期開始を記念して贈られた、ミューラに装着する源石。<br>(パワーゲージ最大値 +1)<br>(交換不可),装備アイテム強化,11,1,5,0
273299,reinforce_3001,2学期開始記念 音源石,ヨーグルティング 2学期開始を記念して贈られた、ミューラに装着する源石。<br>(パワーゲージ最大値 +1)<br>(交換不可),装備アイテム強化,11,1,5,0
273300,reinforce_3001,2学期開始記念 音源石,ヨーグルティング 2学期開始を記念して贈られた、ミューラに装着する源石。<br>(パワーゲージ最大値 +1)<br>(交換不可),装備アイテム強化,11,1,5,0
273301,reinforce_3001,2学期開始記念 音源石,ヨーグルティング 2学期開始を記念して贈られた、ミューラに装着する源石。<br>(パワーゲージ最大値 +1)<br>(交換不可),装備アイテム強化,11,1,5,0
273302,reinforce_3001,2学期開始記念 音源石,ヨーグルティング 2学期開始を記念して贈られた、ミューラに装着する源石。<br>(パワーゲージ最大値 +1)<br>(交換不可),装備アイテム強化,11,1,5,0
273303,reinforce_3001,2学期開始記念 音源石,ヨーグルティング 2学期開始を記念して贈られた、ミューラに装着する源石。<br>(パワーゲージ最大値 +1)<br>(交換不可),装備アイテム強化,11,1,5,0
273304,reinforce_3001,2学期開始記念 音源石,ヨーグルティング 2学期開始を記念して贈られた、ミューラに装着する源石。<br>(パワーゲージ最大値 +1)<br>(交換不可),装備アイテム強化,11,1,5,0
273305,reinforce_3001,2学期開始記念 音源石,ヨーグルティング 2学期開始を記念して贈られた、ミューラに装着する源石。<br>(パワーゲージ最大値 +1)<br>(交換不可),装備アイテム強化,11,1,5,0
273306,reinforce_3001,2学期開始記念 音源石,ヨーグルティング 2学期開始を記念して贈られた、ミューラに装着する源石。<br>(パワーゲージ最大値 +1)<br>(交換不可),装備アイテム強化,11,1,5,0
273307,reinforce_3001,2学期開始記念 音源石,ヨーグルティング 2学期開始を記念して贈られた、ミューラに装着する源石。<br>(パワーゲージ最大値 +1)<br>(交換不可),装備アイテム強化,11,1,5,0
273308,reinforce_3001,2学期開始記念 音源石,ヨーグルティング 2学期開始を記念して贈られた、ミューラに装着する源石。<br>(パワーゲージ最大値 +1)<br>(交換不可),装備アイテム強化,11,1,5,0
273309,reinforce_3001,2学期開始記念 音源石,ヨーグルティング 2学期開始を記念して贈られた、ミューラに装着する源石。<br>(パワーゲージ最大値 +1)<br>(交換不可),装備アイテム強化,11,1,5,0
273310,reinforce_3001,2学期開始記念 音源石,ヨーグルティング 2学期開始を記念して贈られた、ミューラに装着する源石。<br>(パワーゲージ最大値 +1)<br>(交換不可),装備アイテム強化,11,1,5,0
273311,reinforce_3001,2学期開始記念 音源石,ヨーグルティング 2学期開始を記念して贈られた、ミューラに装着する源石。<br>(パワーゲージ最大値 +1)<br>(交換不可),装備アイテム強化,11,1,5,0
273312,reinforce_3001,2学期開始記念 音源石,ヨーグルティング 2学期開始を記念して贈られた、ミューラに装着する源石。<br>(パワーゲージ最大値 +1)<br>(交換不可),装備アイテム強化,11,1,5,0
273313,reinforce_3001,2学期開始記念 音源石,ヨーグルティング 2学期開始を記念して贈られた、ミューラに装着する源石。<br>(パワーゲージ最大値 +1)<br>(交換不可),装備アイテム強化,11,1,5,0
273314,reinforce_3001,2学期開始記念 音源石,ヨーグルティング 2学期開始を記念して贈られた、ミューラに装着する源石。<br>(パワーゲージ最大値 +1)<br>(交換不可),装備アイテム強化,11,1,5,0
273315,reinforce_3001,2学期開始記念 音源石,ヨーグルティング 2学期開始を記念して贈られた、ミューラに装着する源石。<br>(パワーゲージ最大値 +1)<br>(交換不可),装備アイテム強化,11,1,5,0
273316,reinforce_3001,2学期開始記念 音源石,ヨーグルティング 2学期開始を記念して贈られた、ミューラに装着する源石。<br>(パワーゲージ最大値 +1)<br>(交換不可),装備アイテム強化,11,1,5,0
273317,reinforce_3001,2学期開始記念 音源石,ヨーグルティング 2学期開始を記念して贈られた、ミューラに装着する源石。<br>(パワーゲージ最大値 +1)<br>(交換不可),装備アイテム強化,11,1,5,0
273318,reinforce_3001,2学期開始記念 音源石,ヨーグルティング 2学期開始を記念して贈られた、ミューラに装着する源石。<br>(パワーゲージ最大値 +1)<br>(交換不可),装備アイテム強化,11,1,5,0
273319,reinforce_3001,2学期開始記念 音源石,ヨーグルティング 2学期開始を記念して贈られた、ミューラに装着する源石。<br>(パワーゲージ最大値 +1)<br>(交換不可),装備アイテム強化,11,1,5,0
273320,reinforce_3001,2学期開始記念 音源石,ヨーグルティング 2学期開始を記念して贈られた、ミューラに装着する源石。<br>(パワーゲージ最大値 +1)<br>(交換不可),装備アイテム強化,11,1,5,0
273321,reinforce_3001,2学期開始記念 音源石,ヨーグルティング 2学期開始を記念して贈られた、ミューラに装着する源石。<br>(パワーゲージ最大値 +1)<br>(交換不可),装備アイテム強化,11,1,5,0
273322,reinforce_3001,2学期開始記念 音源石,ヨーグルティング 2学期開始を記念して贈られた、ミューラに装着する源石。<br>(パワーゲージ最大値 +1)<br>(交換不可),装備アイテム強化,11,1,5,0
273323,reinforce_3001,2学期開始記念 音源石,ヨーグルティング 2学期開始を記念して贈られた、ミューラに装着する源石。<br>(パワーゲージ最大値 +1)<br>(交換不可),装備アイテム強化,11,1,5,0
273324,reinforce_3001,2学期開始記念 音源石,ヨーグルティング 2学期開始を記念して贈られた、ミューラに装着する源石。<br>(パワーゲージ最大値 +1)<br>(交換不可),装備アイテム強化,11,1,5,0
273325,reinforce_3001,2学期開始記念 音源石,ヨーグルティング 2学期開始を記念して贈られた、ミューラに装着する源石。<br>(パワーゲージ最大値 +1)<br>(交換不可),装備アイテム強化,11,1,5,0
273326,reinforce_3001,2学期開始記念 音源石,ヨーグルティング 2学期開始を記念して贈られた、ミューラに装着する源石。<br>(パワーゲージ最大値 +1)<br>(交換不可),装備アイテム強化,11,1,5,0
273327,reinforce_3001,2学期開始記念 音源石,ヨーグルティング 2学期開始を記念して贈られた、ミューラに装着する源石。<br>(パワーゲージ最大値 +1)<br>(交換不可),装備アイテム強化,11,1,5,0
273328,reinforce_3001,2学期開始記念 音源石,ヨーグルティング 2学期開始を記念して贈られた、ミューラに装着する源石。<br>(パワーゲージ最大値 +1)<br>(交換不可),装備アイテム強化,11,1,5,0
273329,reinforce_3001,2学期開始記念 音源石,ヨーグルティング 2学期開始を記念して贈られた、ミューラに装着する源石。<br>(パワーゲージ最大値 +1)<br>(交換不可),装備アイテム強化,11,1,5,0
273330,reinforce_3001,2学期開始記念 音源石,ヨーグルティング 2学期開始を記念して贈られた、ミューラに装着する源石。<br>(パワーゲージ最大値 +1)<br>(交換不可),装備アイテム強化,11,1,5,0
273331,reinforce_3001,2学期開始記念 音源石,ヨーグルティング 2学期開始を記念して贈られた、ミューラに装着する源石。<br>(パワーゲージ最大値 +1)<br>(交換不可),装備アイテム強化,11,1,5,0
273332,reinforce_3001,2学期開始記念 音源石,ヨーグルティング 2学期開始を記念して贈られた、ミューラに装着する源石。<br>(パワーゲージ最大値 +1)<br>(交換不可),装備アイテム強化,11,1,5,0
273333,reinforce_3001,2学期開始記念 音源石,ヨーグルティング 2学期開始を記念して贈られた、ミューラに装着する源石。<br>(パワーゲージ最大値 +1)<br>(交換不可),装備アイテム強化,11,1,5,0
273334,reinforce_3001,2学期開始記念 音源石,ヨーグルティング 2学期開始を記念して贈られた、ミューラに装着する源石。<br>(パワーゲージ最大値 +1)<br>(交換不可),装備アイテム強化,11,1,5,0
273335,reinforce_3001,2学期開始記念 音源石,ヨーグルティング 2学期開始を記念して贈られた、ミューラに装着する源石。<br>(パワーゲージ最大値 +1)<br>(交換不可),装備アイテム強化,11,1,5,0
273336,reinforce_3001,2学期開始記念 音源石,ヨーグルティング 2学期開始を記念して贈られた、ミューラに装着する源石。<br>(パワーゲージ最大値 +1)<br>(交換不可),装備アイテム強化,11,1,5,0
273337,reinforce_3001,2学期開始記念 音源石,ヨーグルティング 2学期開始を記念して贈られた、ミューラに装着する源石。<br>(パワーゲージ最大値 +1)<br>(交換不可),装備アイテム強化,11,1,5,0
273338,reinforce_3001,2学期開始記念 音源石,ヨーグルティング 2学期開始を記念して贈られた、ミューラに装着する源石。<br>(パワーゲージ最大値 +1)<br>(交換不可),装備アイテム強化,11,1,5,0
273339,reinforce_3001,2学期開始記念 音源石,ヨーグルティング 2学期開始を記念して贈られた、ミューラに装着する源石。<br>(パワーゲージ最大値 +1)<br>(交換不可),装備アイテム強化,11,1,5,0
273340,reinforce_3001,2学期開始記念 音源石,ヨーグルティング 2学期開始を記念して贈られた、ミューラに装着する源石。<br>(パワーゲージ最大値 +1)<br>(交換不可),装備アイテム強化,11,1,5,0
273341,reinforce_3001,2学期開始記念 音源石,ヨーグルティング 2学期開始を記念して贈られた、ミューラに装着する源石。<br>(パワーゲージ最大値 +1)<br>(交換不可),装備アイテム強化,11,1,5,0
273342,reinforce_3001,2学期開始記念 音源石,ヨーグルティング 2学期開始を記念して贈られた、ミューラに装着する源石。<br>(パワーゲージ最大値 +1)<br>(交換不可),装備アイテム強化,11,1,5,0
273343,reinforce_3001,2学期開始記念 音源石,ヨーグルティング 2学期開始を記念して贈られた、ミューラに装着する源石。<br>(パワーゲージ最大値 +1)<br>(交換不可),装備アイテム強化,11,1,5,0
273344,reinforce_3001,2学期開始記念 音源石,ヨーグルティング 2学期開始を記念して贈られた、ミューラに装着する源石。<br>(パワーゲージ最大値 +1)<br>(交換不可),装備アイテム強化,11,1,5,0
273345,reinforce_3001,2学期開始記念 音源石,ヨーグルティング 2学期開始を記念して贈られた、ミューラに装着する源石。<br>(パワーゲージ最大値 +1)<br>(交換不可),装備アイテム強化,11,1,5,0
273346,reinforce_3001,2学期開始記念 音源石,ヨーグルティング 2学期開始を記念して贈られた、ミューラに装着する源石。<br>(パワーゲージ最大値 +1)<br>(交換不可),装備アイテム強化,11,1,5,0
273347,reinforce_3001,2学期開始記念 音源石,ヨーグルティング 2学期開始を記念して贈られた、ミューラに装着する源石。<br>(パワーゲージ最大値 +1)<br>(交換不可),装備アイテム強化,11,1,5,0
273348,reinforce_3001,2学期開始記念 音源石,ヨーグルティング 2学期開始を記念して贈られた、ミューラに装着する源石。<br>(パワーゲージ最大値 +1)<br>(交換不可),装備アイテム強化,11,1,5,0
273349,reinforce_3001,2学期開始記念 音源石,ヨーグルティング 2学期開始を記念して贈られた、ミューラに装着する源石。<br>(パワーゲージ最大値 +1)<br>(交換不可),装備アイテム強化,11,1,5,0
273350,reinforce_3001,2学期開始記念 音源石,ヨーグルティング 2学期開始を記念して贈られた、ミューラに装着する源石。<br>(パワーゲージ最大値 +1)<br>(交換不可),装備アイテム強化,11,1,5,0
273351,reinforce_3001,2学期開始記念 音源石,ヨーグルティング 2学期開始を記念して贈られた、ミューラに装着する源石。<br>(パワーゲージ最大値 +1)<br>(交換不可),装備アイテム強化,11,1,5,0
273352,reinforce_3001,2学期開始記念 音源石,ヨーグルティング 2学期開始を記念して贈られた、ミューラに装着する源石。<br>(パワーゲージ最大値 +1)<br>(交換不可),装備アイテム強化,11,1,5,0
273353,reinforce_3001,2学期開始記念 音源石,ヨーグルティング 2学期開始を記念して贈られた、ミューラに装着する源石。<br>(パワーゲージ最大値 +1)<br>(交換不可),装備アイテム強化,11,1,5,0
273354,reinforce_3001,2学期開始記念 音源石,ヨーグルティング 2学期開始を記念して贈られた、ミューラに装着する源石。<br>(パワーゲージ最大値 +1)<br>(交換不可),装備アイテム強化,11,1,5,0
273355,reinforce_3001,2学期開始記念 音源石,ヨーグルティング 2学期開始を記念して贈られた、ミューラに装着する源石。<br>(パワーゲージ最大値 +1)<br>(交換不可),装備アイテム強化,11,1,5,0
273356,reinforce_3001,2学期開始記念 音源石,ヨーグルティング 2学期開始を記念して贈られた、ミューラに装着する源石。<br>(パワーゲージ最大値 +1)<br>(交換不可),装備アイテム強化,11,1,5,0
273357,reinforce_3001,2学期開始記念 音源石,ヨーグルティング 2学期開始を記念して贈られた、ミューラに装着する源石。<br>(パワーゲージ最大値 +1)<br>(交換不可),装備アイテム強化,11,1,5,0
273358,reinforce_3001,2学期開始記念 音源石,ヨーグルティング 2学期開始を記念して贈られた、ミューラに装着する源石。<br>(パワーゲージ最大値 +1)<br>(交換不可),装備アイテム強化,11,1,5,0
273359,reinforce_3001,2学期開始記念 音源石,ヨーグルティング 2学期開始を記念して贈られた、ミューラに装着する源石。<br>(パワーゲージ最大値 +1)<br>(交換不可),装備アイテム強化,11,1,5,0
273360,reinforce_3001,2学期開始記念 音源石,ヨーグルティング 2学期開始を記念して贈られた、ミューラに装着する源石。<br>(パワーゲージ最大値 +1)<br>(交換不可),装備アイテム強化,11,1,5,0
273361,reinforce_3001,2学期開始記念 音源石,ヨーグルティング 2学期開始を記念して贈られた、ミューラに装着する源石。<br>(パワーゲージ最大値 +1)<br>(交換不可),装備アイテム強化,11,1,5,0
273362,reinforce_3001,2学期開始記念 音源石,ヨーグルティング 2学期開始を記念して贈られた、ミューラに装着する源石。<br>(パワーゲージ最大値 +1)<br>(交換不可),装備アイテム強化,11,1,5,0
273363,reinforce_3001,2学期開始記念 音源石,ヨーグルティング 2学期開始を記念して贈られた、ミューラに装着する源石。<br>(パワーゲージ最大値 +1)<br>(交換不可),装備アイテム強化,11,1,5,0
273364,reinforce_3001,2学期開始記念 音源石,ヨーグルティング 2学期開始を記念して贈られた、ミューラに装着する源石。<br>(パワーゲージ最大値 +1)<br>(交換不可),装備アイテム強化,11,1,5,0
273365,reinforce_3001,2学期開始記念 音源石,ヨーグルティング 2学期開始を記念して贈られた、ミューラに装着する源石。<br>(パワーゲージ最大値 +1)<br>(交換不可),装備アイテム強化,11,1,5,0
273366,reinforce_3001,2学期開始記念 音源石,ヨーグルティング 2学期開始を記念して贈られた、ミューラに装着する源石。<br>(パワーゲージ最大値 +1)<br>(交換不可),装備アイテム強化,11,1,5,0
273367,reinforce_3001,2学期開始記念 音源石,ヨーグルティング 2学期開始を記念して贈られた、ミューラに装着する源石。<br>(パワーゲージ最大値 +1)<br>(交換不可),装備アイテム強化,11,1,5,0
273368,reinforce_3001,2学期開始記念 音源石,ヨーグルティング 2学期開始を記念して贈られた、ミューラに装着する源石。<br>(パワーゲージ最大値 +1)<br>(交換不可),装備アイテム強化,11,1,5,0
273369,reinforce_3001,2学期開始記念 音源石,ヨーグルティング 2学期開始を記念して贈られた、ミューラに装着する源石。<br>(パワーゲージ最大値 +1)<br>(交換不可),装備アイテム強化,11,1,5,0
273370,reinforce_3001,2学期開始記念 音源石,ヨーグルティング 2学期開始を記念して贈られた、ミューラに装着する源石。<br>(パワーゲージ最大値 +1)<br>(交換不可),装備アイテム強化,11,1,5,0
273371,reinforce_3001,2学期開始記念 音源石,ヨーグルティング 2学期開始を記念して贈られた、ミューラに装着する源石。<br>(パワーゲージ最大値 +1)<br>(交換不可),装備アイテム強化,11,1,5,0
273372,reinforce_3001,2学期開始記念 音源石,ヨーグルティング 2学期開始を記念して贈られた、ミューラに装着する源石。<br>(パワーゲージ最大値 +1)<br>(交換不可),装備アイテム強化,11,1,5,0
273373,reinforce_3001,2学期開始記念 音源石,ヨーグルティング 2学期開始を記念して贈られた、ミューラに装着する源石。<br>(パワーゲージ最大値 +1)<br>(交換不可),装備アイテム強化,11,1,5,0
273374,reinforce_3001,2学期開始記念 音源石,ヨーグルティング 2学期開始を記念して贈られた、ミューラに装着する源石。<br>(パワーゲージ最大値 +1)<br>(交換不可),装備アイテム強化,11,1,5,0
273375,reinforce_3001,2学期開始記念 音源石,ヨーグルティング 2学期開始を記念して贈られた、ミューラに装着する源石。<br>(パワーゲージ最大値 +1)<br>(交換不可),装備アイテム強化,11,1,5,0
273376,reinforce_3001,2学期開始記念 音源石,ヨーグルティング 2学期開始を記念して贈られた、ミューラに装着する源石。<br>(パワーゲージ最大値 +1)<br>(交換不可),装備アイテム強化,11,1,5,0
273377,reinforce_3001,2学期開始記念 音源石,ヨーグルティング 2学期開始を記念して贈られた、ミューラに装着する源石。<br>(パワーゲージ最大値 +1)<br>(交換不可),装備アイテム強化,11,1,5,0
273378,reinforce_3001,2学期開始記念 音源石,ヨーグルティング 2学期開始を記念して贈られた、ミューラに装着する源石。<br>(パワーゲージ最大値 +1)<br>(交換不可),装備アイテム強化,11,1,5,0
273379,reinforce_3001,2学期開始記念 音源石,ヨーグルティング 2学期開始を記念して贈られた、ミューラに装着する源石。<br>(パワーゲージ最大値 +1)<br>(交換不可),装備アイテム強化,11,1,5,0
273380,reinforce_3001,2学期開始記念 音源石,ヨーグルティング 2学期開始を記念して贈られた、ミューラに装着する源石。<br>(パワーゲージ最大値 +1)<br>(交換不可),装備アイテム強化,11,1,5,0
273381,reinforce_3001,2学期開始記念 音源石,ヨーグルティング 2学期開始を記念して贈られた、ミューラに装着する源石。<br>(パワーゲージ最大値 +1)<br>(交換不可),装備アイテム強化,11,1,5,0
273382,reinforce_3001,2学期開始記念 音源石,ヨーグルティング 2学期開始を記念して贈られた、ミューラに装着する源石。<br>(パワーゲージ最大値 +1)<br>(交換不可),装備アイテム強化,11,1,5,0
273383,reinforce_3001,2学期開始記念 音源石,ヨーグルティング 2学期開始を記念して贈られた、ミューラに装着する源石。<br>(パワーゲージ最大値 +1)<br>(交換不可),装備アイテム強化,11,1,5,0
273384,reinforce_3001,2学期開始記念 音源石,ヨーグルティング 2学期開始を記念して贈られた、ミューラに装着する源石。<br>(パワーゲージ最大値 +1)<br>(交換不可),装備アイテム強化,11,1,5,0
273385,reinforce_3001,2学期開始記念 音源石,ヨーグルティング 2学期開始を記念して贈られた、ミューラに装着する源石。<br>(パワーゲージ最大値 +1)<br>(交換不可),装備アイテム強化,11,1,5,0
273386,reinforce_3001,2学期開始記念 音源石,ヨーグルティング 2学期開始を記念して贈られた、ミューラに装着する源石。<br>(パワーゲージ最大値 +1)<br>(交換不可),装備アイテム強化,-918187566,424950964,-978974179,-156929314
273387,reinforce_3001,2学期開始記念 音源石,ヨーグルティング 2学期開始を記念して贈られた、ミューラに装着する源石。<br>(パワーゲージ最大値 +1)<br>(交換不可),装備アイテム強化,11,1,5,0
273388,reinforce_3001,2学期開始記念 音源石,ヨーグルティング 2学期開始を記念して贈られた、ミューラに装着する源石。<br>(パワーゲージ最大値 +1)<br>(交換不可),装備アイテム強化,11,1,5,0
273389,reinforce_3001,2学期開始記念 音源石,ヨーグルティング 2学期開始を記念して贈られた、ミューラに装着する源石。<br>(パワーゲージ最大値 +1)<br>(交換不可),装備アイテム強化,11,1,5,0
273390,reinforce_3001,2学期開始記念 音源石,ヨーグルティング 2学期開始を記念して贈られた、ミューラに装着する源石。<br>(パワーゲージ最大値 +1)<br>(交換不可),装備アイテム強化,11,1,5,0
273391,reinforce_3001,2学期開始記念 音源石,ヨーグルティング 2学期開始を記念して贈られた、ミューラに装着する源石。<br>(パワーゲージ最大値 +1)<br>(交換不可),装備アイテム強化,11,1,5,0
273392,reinforce_3001,2学期開始記念 音源石,ヨーグルティング 2学期開始を記念して贈られた、ミューラに装着する源石。<br>(パワーゲージ最大値 +1)<br>(交換不可),装備アイテム強化,11,1,5,0
273393,reinforce_3001,2学期開始記念 音源石,ヨーグルティング 2学期開始を記念して贈られた、ミューラに装着する源石。<br>(パワーゲージ最大値 +1)<br>(交換不可),装備アイテム強化,11,1,5,0
273394,reinforce_3001,2学期開始記念 音源石,ヨーグルティング 2学期開始を記念して贈られた、ミューラに装着する源石。<br>(パワーゲージ最大値 +1)<br>(交換不可),装備アイテム強化,11,1,5,0
273395,reinforce_3001,2学期開始記念 音源石,ヨーグルティング 2学期開始を記念して贈られた、ミューラに装着する源石。<br>(パワーゲージ最大値 +1)<br>(交換不可),装備アイテム強化,11,1,5,0
273396,reinforce_3001,2学期開始記念 音源石,ヨーグルティング 2学期開始を記念して贈られた、ミューラに装着する源石。<br>(パワーゲージ最大値 +1)<br>(交換不可),装備アイテム強化,11,1,5,0
273397,reinforce_3001,2学期開始記念 音源石,ヨーグルティング 2学期開始を記念して贈られた、ミューラに装着する源石。<br>(パワーゲージ最大値 +1)<br>(交換不可),装備アイテム強化,11,1,5,0
273398,reinforce_3001,2学期開始記念 音源石,ヨーグルティング 2学期開始を記念して贈られた、ミューラに装着する源石。<br>(パワーゲージ最大値 +1)<br>(交換不可),装備アイテム強化,11,1,5,0
273399,reinforce_3001,2学期開始記念 音源石,ヨーグルティング 2学期開始を記念して贈られた、ミューラに装着する源石。<br>(パワーゲージ最大値 +1)<br>(交換不可),装備アイテム強化,11,1,5,0
273400,reinforce_3001,2学期開始記念 音源石,ヨーグルティング 2学期開始を記念して贈られた、ミューラに装着する源石。<br>(パワーゲージ最大値 +1)<br>(交換不可),装備アイテム強化,11,1,5,0
273401,reinforce_3001,2学期開始記念 音源石,ヨーグルティング 2学期開始を記念して贈られた、ミューラに装着する源石。<br>(パワーゲージ最大値 +1)<br>(交換不可),装備アイテム強化,11,1,5,0
273402,reinforce_3001,2学期開始記念 音源石,ヨーグルティング 2学期開始を記念して贈られた、ミューラに装着する源石。<br>(パワーゲージ最大値 +1)<br>(交換不可),装備アイテム強化,11,1,5,0
273403,reinforce_3001,2学期開始記念 音源石,ヨーグルティング 2学期開始を記念して贈られた、ミューラに装着する源石。<br>(パワーゲージ最大値 +1)<br>(交換不可),装備アイテム強化,11,1,5,0
273404,reinforce_3001,2学期開始記念 音源石,ヨーグルティング 2学期開始を記念して贈られた、ミューラに装着する源石。<br>(パワーゲージ最大値 +1)<br>(交換不可),装備アイテム強化,11,1,5,0
273405,reinforce_3001,2学期開始記念 音源石,ヨーグルティング 2学期開始を記念して贈られた、ミューラに装着する源石。<br>(パワーゲージ最大値 +1)<br>(交換不可),装備アイテム強化,11,1,5,0
273406,reinforce_3001,2学期開始記念 音源石,ヨーグルティング 2学期開始を記念して贈られた、ミューラに装着する源石。<br>(パワーゲージ最大値 +1)<br>(交換不可),装備アイテム強化,11,1,5,0
273407,reinforce_3001,2学期開始記念 音源石,ヨーグルティング 2学期開始を記念して贈られた、ミューラに装着する源石。<br>(パワーゲージ最大値 +1)<br>(交換不可),装備アイテム強化,11,1,5,0
273408,reinforce_3001,2学期開始記念 音源石,ヨーグルティング 2学期開始を記念して贈られた、ミューラに装着する源石。<br>(パワーゲージ最大値 +1)<br>(交換不可),装備アイテム強化,11,1,5,0
273409,reinforce_3001,2学期開始記念 音源石,ヨーグルティング 2学期開始を記念して贈られた、ミューラに装着する源石。<br>(パワーゲージ最大値 +1)<br>(交換不可),装備アイテム強化,11,1,5,0
273410,reinforce_3001,2学期開始記念 音源石,ヨーグルティング 2学期開始を記念して贈られた、ミューラに装着する源石。<br>(パワーゲージ最大値 +1)<br>(交換不可),装備アイテム強化,11,1,5,0
273411,reinforce_3001,2学期開始記念 音源石,ヨーグルティング 2学期開始を記念して贈られた、ミューラに装着する源石。<br>(パワーゲージ最大値 +1)<br>(交換不可),装備アイテム強化,11,1,5,0
273412,reinforce_3001,2学期開始記念 音源石,ヨーグルティング 2学期開始を記念して贈られた、ミューラに装着する源石。<br>(パワーゲージ最大値 +1)<br>(交換不可),装備アイテム強化,11,1,5,0
273413,reinforce_3001,2学期開始記念 音源石,ヨーグルティング 2学期開始を記念して贈られた、ミューラに装着する源石。<br>(パワーゲージ最大値 +1)<br>(交換不可),装備アイテム強化,11,1,5,0
273414,reinforce_3001,2学期開始記念 音源石,ヨーグルティング 2学期開始を記念して贈られた、ミューラに装着する源石。<br>(パワーゲージ最大値 +1)<br>(交換不可),装備アイテム強化,11,1,5,0
273415,reinforce_3001,2学期開始記念 音源石,ヨーグルティング 2学期開始を記念して贈られた、ミューラに装着する源石。<br>(パワーゲージ最大値 +1)<br>(交換不可),装備アイテム強化,11,1,5,0
273416,reinforce_3001,2学期開始記念 音源石,ヨーグルティング 2学期開始を記念して贈られた、ミューラに装着する源石。<br>(パワーゲージ最大値 +1)<br>(交換不可),装備アイテム強化,11,1,5,0
273417,reinforce_3001,2学期開始記念 音源石,ヨーグルティング 2学期開始を記念して贈られた、ミューラに装着する源石。<br>(パワーゲージ最大値 +1)<br>(交換不可),装備アイテム強化,11,1,5,0
273418,reinforce_3001,2学期開始記念 音源石,ヨーグルティング 2学期開始を記念して贈られた、ミューラに装着する源石。<br>(パワーゲージ最大値 +1)<br>(交換不可),装備アイテム強化,11,1,5,0
273419,reinforce_3001,2学期開始記念 音源石,ヨーグルティング 2学期開始を記念して贈られた、ミューラに装着する源石。<br>(パワーゲージ最大値 +1)<br>(交換不可),装備アイテム強化,11,1,5,0
273420,reinforce_3001,2学期開始記念 音源石,ヨーグルティング 2学期開始を記念して贈られた、ミューラに装着する源石。<br>(パワーゲージ最大値 +1)<br>(交換不可),装備アイテム強化,11,1,5,0
273421,reinforce_3001,2学期開始記念 音源石,ヨーグルティング 2学期開始を記念して贈られた、ミューラに装着する源石。<br>(パワーゲージ最大値 +1)<br>(交換不可),装備アイテム強化,11,1,5,0
273422,reinforce_3001,2学期開始記念 音源石,ヨーグルティング 2学期開始を記念して贈られた、ミューラに装着する源石。<br>(パワーゲージ最大値 +1)<br>(交換不可),装備アイテム強化,11,1,5,0
273423,reinforce_3001,2学期開始記念 音源石,ヨーグルティング 2学期開始を記念して贈られた、ミューラに装着する源石。<br>(パワーゲージ最大値 +1)<br>(交換不可),装備アイテム強化,11,1,5,0
273424,reinforce_3001,2学期開始記念 音源石,ヨーグルティング 2学期開始を記念して贈られた、ミューラに装着する源石。<br>(パワーゲージ最大値 +1)<br>(交換不可),装備アイテム強化,11,1,5,0
273425,reinforce_3001,2学期開始記念 音源石,ヨーグルティング 2学期開始を記念して贈られた、ミューラに装着する源石。<br>(パワーゲージ最大値 +1)<br>(交換不可),装備アイテム強化,11,1,5,0
273426,reinforce_3001,2学期開始記念 音源石,ヨーグルティング 2学期開始を記念して贈られた、ミューラに装着する源石。<br>(パワーゲージ最大値 +1)<br>(交換不可),装備アイテム強化,11,1,5,0
274100,reinforce_4001,2学期開始記念 精源石,ヨーグルティング 2学期開始を記念して贈られた、スピリットに装着する源石。<br>(パワーゲージ最大値 +1)<br>(交換不可),装備アイテム強化,7,1,5,0
274101,reinforce_4001,2学期開始記念 精源石,ヨーグルティング 2学期開始を記念して贈られた、スピリットに装着する源石。<br>(パワーゲージ最大値 +1)<br>(交換不可),装備アイテム強化,7,1,5,0
274102,reinforce_4001,2学期開始記念 精源石,ヨーグルティング 2学期開始を記念して贈られた、スピリットに装着する源石。<br>(パワーゲージ最大値 +1)<br>(交換不可),装備アイテム強化,7,1,5,0
274103,reinforce_4001,2学期開始記念 精源石,ヨーグルティング 2学期開始を記念して贈られた、スピリットに装着する源石。<br>(パワーゲージ最大値 +1)<br>(交換不可),装備アイテム強化,7,1,5,0
274104,reinforce_4001,2学期開始記念 精源石,ヨーグルティング 2学期開始を記念して贈られた、スピリットに装着する源石。<br>(パワーゲージ最大値 +1)<br>(交換不可),装備アイテム強化,7,1,5,0
274105,reinforce_4001,2学期開始記念 精源石,ヨーグルティング 2学期開始を記念して贈られた、スピリットに装着する源石。<br>(パワーゲージ最大値 +1)<br>(交換不可),装備アイテム強化,7,1,5,0
274106,reinforce_4001,2学期開始記念 精源石,ヨーグルティング 2学期開始を記念して贈られた、スピリットに装着する源石。<br>(パワーゲージ最大値 +1)<br>(交換不可),装備アイテム強化,7,1,5,0
274107,reinforce_4001,2学期開始記念 精源石,ヨーグルティング 2学期開始を記念して贈られた、スピリットに装着する源石。<br>(パワーゲージ最大値 +1)<br>(交換不可),装備アイテム強化,7,1,5,0
274108,reinforce_4001,2学期開始記念 精源石,ヨーグルティング 2学期開始を記念して贈られた、スピリットに装着する源石。<br>(パワーゲージ最大値 +1)<br>(交換不可),装備アイテム強化,7,1,5,0
274109,reinforce_4001,2学期開始記念 精源石,ヨーグルティング 2学期開始を記念して贈られた、スピリットに装着する源石。<br>(パワーゲージ最大値 +1)<br>(交換不可),装備アイテム強化,7,1,5,0
274110,reinforce_4001,2学期開始記念 精源石,ヨーグルティング 2学期開始を記念して贈られた、スピリットに装着する源石。<br>(パワーゲージ最大値 +1)<br>(交換不可),装備アイテム強化,7,1,5,0
274111,reinforce_4001,2学期開始記念 精源石,ヨーグルティング 2学期開始を記念して贈られた、スピリットに装着する源石。<br>(パワーゲージ最大値 +1)<br>(交換不可),装備アイテム強化,7,1,5,0
274112,reinforce_4001,2学期開始記念 精源石,ヨーグルティング 2学期開始を記念して贈られた、スピリットに装着する源石。<br>(パワーゲージ最大値 +1)<br>(交換不可),装備アイテム強化,7,1,5,0
274113,reinforce_4001,2学期開始記念 精源石,ヨーグルティング 2学期開始を記念して贈られた、スピリットに装着する源石。<br>(パワーゲージ最大値 +1)<br>(交換不可),装備アイテム強化,7,1,5,0
274114,reinforce_4001,2学期開始記念 精源石,ヨーグルティング 2学期開始を記念して贈られた、スピリットに装着する源石。<br>(パワーゲージ最大値 +1)<br>(交換不可),装備アイテム強化,7,1,5,0
274115,reinforce_4001,2学期開始記念 精源石,ヨーグルティング 2学期開始を記念して贈られた、スピリットに装着する源石。<br>(パワーゲージ最大値 +1)<br>(交換不可),装備アイテム強化,7,1,5,0
274116,reinforce_4001,2学期開始記念 精源石,ヨーグルティング 2学期開始を記念して贈られた、スピリットに装着する源石。<br>(パワーゲージ最大値 +1)<br>(交換不可),装備アイテム強化,7,1,5,0
274117,reinforce_4001,2学期開始記念 精源石,ヨーグルティング 2学期開始を記念して贈られた、スピリットに装着する源石。<br>(パワーゲージ最大値 +1)<br>(交換不可),装備アイテム強化,7,1,5,0
274118,reinforce_4001,2学期開始記念 精源石,ヨーグルティング 2学期開始を記念して贈られた、スピリットに装着する源石。<br>(パワーゲージ最大値 +1)<br>(交換不可),装備アイテム強化,7,1,5,0
274119,reinforce_4001,2学期開始記念 精源石,ヨーグルティング 2学期開始を記念して贈られた、スピリットに装着する源石。<br>(パワーゲージ最大値 +1)<br>(交換不可),装備アイテム強化,7,1,5,0
274120,reinforce_4001,2学期開始記念 精源石,ヨーグルティング 2学期開始を記念して贈られた、スピリットに装着する源石。<br>(パワーゲージ最大値 +1)<br>(交換不可),装備アイテム強化,7,1,5,0
274121,reinforce_4001,2学期開始記念 精源石,ヨーグルティング 2学期開始を記念して贈られた、スピリットに装着する源石。<br>(パワーゲージ最大値 +1)<br>(交換不可),装備アイテム強化,7,1,5,0
274122,reinforce_4001,2学期開始記念 精源石,ヨーグルティング 2学期開始を記念して贈られた、スピリットに装着する源石。<br>(パワーゲージ最大値 +1)<br>(交換不可),装備アイテム強化,7,1,5,0
274123,reinforce_4001,2学期開始記念 精源石,ヨーグルティング 2学期開始を記念して贈られた、スピリットに装着する源石。<br>(パワーゲージ最大値 +1)<br>(交換不可),装備アイテム強化,7,1,5,0
274124,reinforce_4001,2学期開始記念 精源石,ヨーグルティング 2学期開始を記念して贈られた、スピリットに装着する源石。<br>(パワーゲージ最大値 +1)<br>(交換不可),装備アイテム強化,7,1,5,0
274125,reinforce_4001,2学期開始記念 精源石,ヨーグルティング 2学期開始を記念して贈られた、スピリットに装着する源石。<br>(パワーゲージ最大値 +1)<br>(交換不可),装備アイテム強化,7,1,5,0
274126,reinforce_4001,2学期開始記念 精源石,ヨーグルティング 2学期開始を記念して贈られた、スピリットに装着する源石。<br>(パワーゲージ最大値 +1)<br>(交換不可),装備アイテム強化,7,1,5,0
274127,reinforce_4001,2学期開始記念 精源石,ヨーグルティング 2学期開始を記念して贈られた、スピリットに装着する源石。<br>(パワーゲージ最大値 +1)<br>(交換不可),装備アイテム強化,7,1,5,0
274128,reinforce_4001,2学期開始記念 精源石,ヨーグルティング 2学期開始を記念して贈られた、スピリットに装着する源石。<br>(パワーゲージ最大値 +1)<br>(交換不可),装備アイテム強化,7,1,5,0
274129,reinforce_4001,2学期開始記念 精源石,ヨーグルティング 2学期開始を記念して贈られた、スピリットに装着する源石。<br>(パワーゲージ最大値 +1)<br>(交換不可),装備アイテム強化,7,1,5,0
274130,reinforce_4001,2学期開始記念 精源石,ヨーグルティング 2学期開始を記念して贈られた、スピリットに装着する源石。<br>(パワーゲージ最大値 +1)<br>(交換不可),装備アイテム強化,7,1,5,0
274131,reinforce_4001,2学期開始記念 精源石,ヨーグルティング 2学期開始を記念して贈られた、スピリットに装着する源石。<br>(パワーゲージ最大値 +1)<br>(交換不可),装備アイテム強化,7,1,5,0
274132,reinforce_4001,2学期開始記念 精源石,ヨーグルティング 2学期開始を記念して贈られた、スピリットに装着する源石。<br>(パワーゲージ最大値 +1)<br>(交換不可),装備アイテム強化,7,1,5,0
274133,reinforce_4001,2学期開始記念 精源石,ヨーグルティング 2学期開始を記念して贈られた、スピリットに装着する源石。<br>(パワーゲージ最大値 +1)<br>(交換不可),装備アイテム強化,7,1,5,0
274134,reinforce_4001,2学期開始記念 精源石,ヨーグルティング 2学期開始を記念して贈られた、スピリットに装着する源石。<br>(パワーゲージ最大値 +1)<br>(交換不可),装備アイテム強化,7,1,5,0
274135,reinforce_4001,2学期開始記念 精源石,ヨーグルティング 2学期開始を記念して贈られた、スピリットに装着する源石。<br>(パワーゲージ最大値 +1)<br>(交換不可),装備アイテム強化,7,1,5,0
274136,reinforce_4001,2学期開始記念 精源石,ヨーグルティング 2学期開始を記念して贈られた、スピリットに装着する源石。<br>(パワーゲージ最大値 +1)<br>(交換不可),装備アイテム強化,7,1,5,0
274137,reinforce_4001,2学期開始記念 精源石,ヨーグルティング 2学期開始を記念して贈られた、スピリットに装着する源石。<br>(パワーゲージ最大値 +1)<br>(交換不可),装備アイテム強化,7,1,5,0
274138,reinforce_4001,2学期開始記念 精源石,ヨーグルティング 2学期開始を記念して贈られた、スピリットに装着する源石。<br>(パワーゲージ最大値 +1)<br>(交換不可),装備アイテム強化,7,1,5,0
274139,reinforce_4001,2学期開始記念 精源石,ヨーグルティング 2学期開始を記念して贈られた、スピリットに装着する源石。<br>(パワーゲージ最大値 +1)<br>(交換不可),装備アイテム強化,7,1,5,0
274140,reinforce_4001,2学期開始記念 精源石,ヨーグルティング 2学期開始を記念して贈られた、スピリットに装着する源石。<br>(パワーゲージ最大値 +1)<br>(交換不可),装備アイテム強化,7,1,5,0
274141,reinforce_4001,2学期開始記念 精源石,ヨーグルティング 2学期開始を記念して贈られた、スピリットに装着する源石。<br>(パワーゲージ最大値 +1)<br>(交換不可),装備アイテム強化,7,1,5,0
274142,reinforce_4001,2学期開始記念 精源石,ヨーグルティング 2学期開始を記念して贈られた、スピリットに装着する源石。<br>(パワーゲージ最大値 +1)<br>(交換不可),装備アイテム強化,7,1,5,0
274143,reinforce_4001,2学期開始記念 精源石,ヨーグルティング 2学期開始を記念して贈られた、スピリットに装着する源石。<br>(パワーゲージ最大値 +1)<br>(交換不可),装備アイテム強化,7,1,5,0
274144,reinforce_4001,2学期開始記念 精源石,ヨーグルティング 2学期開始を記念して贈られた、スピリットに装着する源石。<br>(パワーゲージ最大値 +1)<br>(交換不可),装備アイテム強化,8,1,5,0
274145,reinforce_4001,2学期開始記念 精源石,ヨーグルティング 2学期開始を記念して贈られた、スピリットに装着する源石。<br>(パワーゲージ最大値 +1)<br>(交換不可),装備アイテム強化,8,1,5,0
274146,reinforce_4001,2学期開始記念 精源石,ヨーグルティング 2学期開始を記念して贈られた、スピリットに装着する源石。<br>(パワーゲージ最大値 +1)<br>(交換不可),装備アイテム強化,8,1,5,0
274147,reinforce_4001,2学期開始記念 精源石,ヨーグルティング 2学期開始を記念して贈られた、スピリットに装着する源石。<br>(パワーゲージ最大値 +1)<br>(交換不可),装備アイテム強化,8,1,5,0
274148,reinforce_4001,2学期開始記念 精源石,ヨーグルティング 2学期開始を記念して贈られた、スピリットに装着する源石。<br>(パワーゲージ最大値 +1)<br>(交換不可),装備アイテム強化,8,1,5,0
274149,reinforce_4001,2学期開始記念 精源石,ヨーグルティング 2学期開始を記念して贈られた、スピリットに装着する源石。<br>(パワーゲージ最大値 +1)<br>(交換不可),装備アイテム強化,8,1,5,0
274150,reinforce_4001,2学期開始記念 精源石,ヨーグルティング 2学期開始を記念して贈られた、スピリットに装着する源石。<br>(パワーゲージ最大値 +1)<br>(交換不可),装備アイテム強化,8,1,5,0
274151,reinforce_4001,2学期開始記念 精源石,ヨーグルティング 2学期開始を記念して贈られた、スピリットに装着する源石。<br>(パワーゲージ最大値 +1)<br>(交換不可),装備アイテム強化,8,1,5,0
274152,reinforce_4001,2学期開始記念 精源石,ヨーグルティング 2学期開始を記念して贈られた、スピリットに装着する源石。<br>(パワーゲージ最大値 +1)<br>(交換不可),装備アイテム強化,8,1,5,0
274153,reinforce_4001,2学期開始記念 精源石,ヨーグルティング 2学期開始を記念して贈られた、スピリットに装着する源石。<br>(パワーゲージ最大値 +1)<br>(交換不可),装備アイテム強化,8,1,5,0
274154,reinforce_4001,2学期開始記念 精源石,ヨーグルティング 2学期開始を記念して贈られた、スピリットに装着する源石。<br>(パワーゲージ最大値 +1)<br>(交換不可),装備アイテム強化,8,1,5,0
274155,reinforce_4001,2学期開始記念 精源石,ヨーグルティング 2学期開始を記念して贈られた、スピリットに装着する源石。<br>(パワーゲージ最大値 +1)<br>(交換不可),装備アイテム強化,8,1,5,0
274156,reinforce_4001,2学期開始記念 精源石,ヨーグルティング 2学期開始を記念して贈られた、スピリットに装着する源石。<br>(パワーゲージ最大値 +1)<br>(交換不可),装備アイテム強化,8,1,5,0
274157,reinforce_4001,2学期開始記念 精源石,ヨーグルティング 2学期開始を記念して贈られた、スピリットに装着する源石。<br>(パワーゲージ最大値 +1)<br>(交換不可),装備アイテム強化,8,1,5,0
274158,reinforce_4001,2学期開始記念 精源石,ヨーグルティング 2学期開始を記念して贈られた、スピリットに装着する源石。<br>(パワーゲージ最大値 +1)<br>(交換不可),装備アイテム強化,8,1,5,0
274159,reinforce_4001,2学期開始記念 精源石,ヨーグルティング 2学期開始を記念して贈られた、スピリットに装着する源石。<br>(パワーゲージ最大値 +1)<br>(交換不可),装備アイテム強化,8,1,5,0
274160,reinforce_4001,2学期開始記念 精源石,ヨーグルティング 2学期開始を記念して贈られた、スピリットに装着する源石。<br>(パワーゲージ最大値 +1)<br>(交換不可),装備アイテム強化,8,1,5,0
274161,reinforce_4001,2学期開始記念 精源石,ヨーグルティング 2学期開始を記念して贈られた、スピリットに装着する源石。<br>(パワーゲージ最大値 +1)<br>(交換不可),装備アイテム強化,8,1,5,0
274162,reinforce_4001,2学期開始記念 精源石,ヨーグルティング 2学期開始を記念して贈られた、スピリットに装着する源石。<br>(パワーゲージ最大値 +1)<br>(交換不可),装備アイテム強化,8,1,5,0
274163,reinforce_4001,2学期開始記念 精源石,ヨーグルティング 2学期開始を記念して贈られた、スピリットに装着する源石。<br>(パワーゲージ最大値 +1)<br>(交換不可),装備アイテム強化,8,1,5,0
274164,reinforce_4001,2学期開始記念 精源石,ヨーグルティング 2学期開始を記念して贈られた、スピリットに装着する源石。<br>(パワーゲージ最大値 +1)<br>(交換不可),装備アイテム強化,8,1,5,0
274165,reinforce_4001,2学期開始記念 精源石,ヨーグルティング 2学期開始を記念して贈られた、スピリットに装着する源石。<br>(パワーゲージ最大値 +1)<br>(交換不可),装備アイテム強化,8,1,5,0
274166,reinforce_4001,2学期開始記念 精源石,ヨーグルティング 2学期開始を記念して贈られた、スピリットに装着する源石。<br>(パワーゲージ最大値 +1)<br>(交換不可),装備アイテム強化,8,1,5,0
274167,reinforce_4001,2学期開始記念 精源石,ヨーグルティング 2学期開始を記念して贈られた、スピリットに装着する源石。<br>(パワーゲージ最大値 +1)<br>(交換不可),装備アイテム強化,8,1,5,0
274168,reinforce_4001,2学期開始記念 精源石,ヨーグルティング 2学期開始を記念して贈られた、スピリットに装着する源石。<br>(パワーゲージ最大値 +1)<br>(交換不可),装備アイテム強化,8,1,5,0
274169,reinforce_4001,2学期開始記念 精源石,ヨーグルティング 2学期開始を記念して贈られた、スピリットに装着する源石。<br>(パワーゲージ最大値 +1)<br>(交換不可),装備アイテム強化,8,1,5,0
274170,reinforce_4001,2学期開始記念 精源石,ヨーグルティング 2学期開始を記念して贈られた、スピリットに装着する源石。<br>(パワーゲージ最大値 +1)<br>(交換不可),装備アイテム強化,8,1,5,0
274171,reinforce_4001,2学期開始記念 精源石,ヨーグルティング 2学期開始を記念して贈られた、スピリットに装着する源石。<br>(パワーゲージ最大値 +1)<br>(交換不可),装備アイテム強化,8,1,5,0
274172,reinforce_4001,2学期開始記念 精源石,ヨーグルティング 2学期開始を記念して贈られた、スピリットに装着する源石。<br>(パワーゲージ最大値 +1)<br>(交換不可),装備アイテム強化,8,1,5,0
274173,reinforce_4001,2学期開始記念 精源石,ヨーグルティング 2学期開始を記念して贈られた、スピリットに装着する源石。<br>(パワーゲージ最大値 +1)<br>(交換不可),装備アイテム強化,8,1,5,0
274174,reinforce_4001,2学期開始記念 精源石,ヨーグルティング 2学期開始を記念して贈られた、スピリットに装着する源石。<br>(パワーゲージ最大値 +1)<br>(交換不可),装備アイテム強化,8,1,5,0
274175,reinforce_4001,2学期開始記念 精源石,ヨーグルティング 2学期開始を記念して贈られた、スピリットに装着する源石。<br>(パワーゲージ最大値 +1)<br>(交換不可),装備アイテム強化,8,1,5,0
274176,reinforce_4001,2学期開始記念 精源石,ヨーグルティング 2学期開始を記念して贈られた、スピリットに装着する源石。<br>(パワーゲージ最大値 +1)<br>(交換不可),装備アイテム強化,8,1,5,0
274177,reinforce_4001,2学期開始記念 精源石,ヨーグルティング 2学期開始を記念して贈られた、スピリットに装着する源石。<br>(パワーゲージ最大値 +1)<br>(交換不可),装備アイテム強化,8,1,5,0
274178,reinforce_4001,2学期開始記念 精源石,ヨーグルティング 2学期開始を記念して贈られた、スピリットに装着する源石。<br>(パワーゲージ最大値 +1)<br>(交換不可),装備アイテム強化,8,1,5,0
274179,reinforce_4001,2学期開始記念 精源石,ヨーグルティング 2学期開始を記念して贈られた、スピリットに装着する源石。<br>(パワーゲージ最大値 +1)<br>(交換不可),装備アイテム強化,8,1,5,0
274180,reinforce_4001,2学期開始記念 精源石,ヨーグルティング 2学期開始を記念して贈られた、スピリットに装着する源石。<br>(パワーゲージ最大値 +1)<br>(交換不可),装備アイテム強化,8,1,5,0
274181,reinforce_4001,2学期開始記念 精源石,ヨーグルティング 2学期開始を記念して贈られた、スピリットに装着する源石。<br>(パワーゲージ最大値 +1)<br>(交換不可),装備アイテム強化,8,1,5,0
274182,reinforce_4001,2学期開始記念 精源石,ヨーグルティング 2学期開始を記念して贈られた、スピリットに装着する源石。<br>(パワーゲージ最大値 +1)<br>(交換不可),装備アイテム強化,8,1,5,0
274183,reinforce_4001,2学期開始記念 精源石,ヨーグルティング 2学期開始を記念して贈られた、スピリットに装着する源石。<br>(パワーゲージ最大値 +1)<br>(交換不可),装備アイテム強化,8,1,5,0
274184,reinforce_4001,2学期開始記念 精源石,ヨーグルティング 2学期開始を記念して贈られた、スピリットに装着する源石。<br>(パワーゲージ最大値 +1)<br>(交換不可),装備アイテム強化,8,1,5,0
274185,reinforce_4001,2学期開始記念 精源石,ヨーグルティング 2学期開始を記念して贈られた、スピリットに装着する源石。<br>(パワーゲージ最大値 +1)<br>(交換不可),装備アイテム強化,8,1,5,0
274186,reinforce_4001,2学期開始記念 精源石,ヨーグルティング 2学期開始を記念して贈られた、スピリットに装着する源石。<br>(パワーゲージ最大値 +1)<br>(交換不可),装備アイテム強化,8,1,5,0
274187,reinforce_4001,2学期開始記念 精源石,ヨーグルティング 2学期開始を記念して贈られた、スピリットに装着する源石。<br>(パワーゲージ最大値 +1)<br>(交換不可),装備アイテム強化,8,1,5,0
274188,reinforce_4001,2学期開始記念 精源石,ヨーグルティング 2学期開始を記念して贈られた、スピリットに装着する源石。<br>(パワーゲージ最大値 +1)<br>(交換不可),装備アイテム強化,9,1,5,0
274189,reinforce_4001,2学期開始記念 精源石,ヨーグルティング 2学期開始を記念して贈られた、スピリットに装着する源石。<br>(パワーゲージ最大値 +1)<br>(交換不可),装備アイテム強化,9,1,5,0
274190,reinforce_4001,2学期開始記念 精源石,ヨーグルティング 2学期開始を記念して贈られた、スピリットに装着する源石。<br>(パワーゲージ最大値 +1)<br>(交換不可),装備アイテム強化,9,1,5,0
274191,reinforce_4001,2学期開始記念 精源石,ヨーグルティング 2学期開始を記念して贈られた、スピリットに装着する源石。<br>(パワーゲージ最大値 +1)<br>(交換不可),装備アイテム強化,9,1,5,0
274192,reinforce_4001,2学期開始記念 精源石,ヨーグルティング 2学期開始を記念して贈られた、スピリットに装着する源石。<br>(パワーゲージ最大値 +1)<br>(交換不可),装備アイテム強化,9,1,5,0
274193,reinforce_4001,2学期開始記念 精源石,ヨーグルティング 2学期開始を記念して贈られた、スピリットに装着する源石。<br>(パワーゲージ最大値 +1)<br>(交換不可),装備アイテム強化,9,1,5,0
274194,reinforce_4001,2学期開始記念 精源石,ヨーグルティング 2学期開始を記念して贈られた、スピリットに装着する源石。<br>(パワーゲージ最大値 +1)<br>(交換不可),装備アイテム強化,9,1,5,0
274195,reinforce_4001,2学期開始記念 精源石,ヨーグルティング 2学期開始を記念して贈られた、スピリットに装着する源石。<br>(パワーゲージ最大値 +1)<br>(交換不可),装備アイテム強化,9,1,5,0
274196,reinforce_4001,2学期開始記念 精源石,ヨーグルティング 2学期開始を記念して贈られた、スピリットに装着する源石。<br>(パワーゲージ最大値 +1)<br>(交換不可),装備アイテム強化,9,1,5,0
274197,reinforce_4001,2学期開始記念 精源石,ヨーグルティング 2学期開始を記念して贈られた、スピリットに装着する源石。<br>(パワーゲージ最大値 +1)<br>(交換不可),装備アイテム強化,9,1,5,0
274198,reinforce_4001,2学期開始記念 精源石,ヨーグルティング 2学期開始を記念して贈られた、スピリットに装着する源石。<br>(パワーゲージ最大値 +1)<br>(交換不可),装備アイテム強化,9,1,5,0
274199,reinforce_4001,2学期開始記念 精源石,ヨーグルティング 2学期開始を記念して贈られた、スピリットに装着する源石。<br>(パワーゲージ最大値 +1)<br>(交換不可),装備アイテム強化,9,1,5,0
274200,reinforce_4001,2学期開始記念 精源石,ヨーグルティング 2学期開始を記念して贈られた、スピリットに装着する源石。<br>(パワーゲージ最大値 +1)<br>(交換不可),装備アイテム強化,9,1,5,0
274201,reinforce_4001,2学期開始記念 精源石,ヨーグルティング 2学期開始を記念して贈られた、スピリットに装着する源石。<br>(パワーゲージ最大値 +1)<br>(交換不可),装備アイテム強化,9,1,5,0
274202,reinforce_4001,2学期開始記念 精源石,ヨーグルティング 2学期開始を記念して贈られた、スピリットに装着する源石。<br>(パワーゲージ最大値 +1)<br>(交換不可),装備アイテム強化,9,1,5,0
274203,reinforce_4001,2学期開始記念 精源石,ヨーグルティング 2学期開始を記念して贈られた、スピリットに装着する源石。<br>(パワーゲージ最大値 +1)<br>(交換不可),装備アイテム強化,9,1,5,0
274204,reinforce_4001,2学期開始記念 精源石,ヨーグルティング 2学期開始を記念して贈られた、スピリットに装着する源石。<br>(パワーゲージ最大値 +1)<br>(交換不可),装備アイテム強化,9,1,5,0
274205,reinforce_4001,2学期開始記念 精源石,ヨーグルティング 2学期開始を記念して贈られた、スピリットに装着する源石。<br>(パワーゲージ最大値 +1)<br>(交換不可),装備アイテム強化,9,1,5,0
274206,reinforce_4001,2学期開始記念 精源石,ヨーグルティング 2学期開始を記念して贈られた、スピリットに装着する源石。<br>(パワーゲージ最大値 +1)<br>(交換不可),装備アイテム強化,9,1,5,0
274207,reinforce_4001,2学期開始記念 精源石,ヨーグルティング 2学期開始を記念して贈られた、スピリットに装着する源石。<br>(パワーゲージ最大値 +1)<br>(交換不可),装備アイテム強化,9,1,5,0
274208,reinforce_4001,2学期開始記念 精源石,ヨーグルティング 2学期開始を記念して贈られた、スピリットに装着する源石。<br>(パワーゲージ最大値 +1)<br>(交換不可),装備アイテム強化,9,1,5,0
274209,reinforce_4001,2学期開始記念 精源石,ヨーグルティング 2学期開始を記念して贈られた、スピリットに装着する源石。<br>(パワーゲージ最大値 +1)<br>(交換不可),装備アイテム強化,9,1,5,0
274210,reinforce_4001,2学期開始記念 精源石,ヨーグルティング 2学期開始を記念して贈られた、スピリットに装着する源石。<br>(パワーゲージ最大値 +1)<br>(交換不可),装備アイテム強化,9,1,5,0
274211,reinforce_4001,2学期開始記念 精源石,ヨーグルティング 2学期開始を記念して贈られた、スピリットに装着する源石。<br>(パワーゲージ最大値 +1)<br>(交換不可),装備アイテム強化,9,1,5,0
274212,reinforce_4001,2学期開始記念 精源石,ヨーグルティング 2学期開始を記念して贈られた、スピリットに装着する源石。<br>(パワーゲージ最大値 +1)<br>(交換不可),装備アイテム強化,9,1,5,0
274213,reinforce_4001,2学期開始記念 精源石,ヨーグルティング 2学期開始を記念して贈られた、スピリットに装着する源石。<br>(パワーゲージ最大値 +1)<br>(交換不可),装備アイテム強化,9,1,5,0
274214,reinforce_4001,2学期開始記念 精源石,ヨーグルティング 2学期開始を記念して贈られた、スピリットに装着する源石。<br>(パワーゲージ最大値 +1)<br>(交換不可),装備アイテム強化,9,1,5,0
274215,reinforce_4001,2学期開始記念 精源石,ヨーグルティング 2学期開始を記念して贈られた、スピリットに装着する源石。<br>(パワーゲージ最大値 +1)<br>(交換不可),装備アイテム強化,9,1,5,0
274216,reinforce_4001,2学期開始記念 精源石,ヨーグルティング 2学期開始を記念して贈られた、スピリットに装着する源石。<br>(パワーゲージ最大値 +1)<br>(交換不可),装備アイテム強化,9,1,5,0
274217,reinforce_4001,2学期開始記念 精源石,ヨーグルティング 2学期開始を記念して贈られた、スピリットに装着する源石。<br>(パワーゲージ最大値 +1)<br>(交換不可),装備アイテム強化,9,1,5,0
274218,reinforce_4001,2学期開始記念 精源石,ヨーグルティング 2学期開始を記念して贈られた、スピリットに装着する源石。<br>(パワーゲージ最大値 +1)<br>(交換不可),装備アイテム強化,9,1,5,0
274219,reinforce_4001,2学期開始記念 精源石,ヨーグルティング 2学期開始を記念して贈られた、スピリットに装着する源石。<br>(パワーゲージ最大値 +1)<br>(交換不可),装備アイテム強化,9,1,5,0
274220,reinforce_4001,2学期開始記念 精源石,ヨーグルティング 2学期開始を記念して贈られた、スピリットに装着する源石。<br>(パワーゲージ最大値 +1)<br>(交換不可),装備アイテム強化,9,1,5,0
274221,reinforce_4001,2学期開始記念 精源石,ヨーグルティング 2学期開始を記念して贈られた、スピリットに装着する源石。<br>(パワーゲージ最大値 +1)<br>(交換不可),装備アイテム強化,9,1,5,0
274222,reinforce_4001,2学期開始記念 精源石,ヨーグルティング 2学期開始を記念して贈られた、スピリットに装着する源石。<br>(パワーゲージ最大値 +1)<br>(交換不可),装備アイテム強化,9,1,5,0
274223,reinforce_4001,2学期開始記念 精源石,ヨーグルティング 2学期開始を記念して贈られた、スピリットに装着する源石。<br>(パワーゲージ最大値 +1)<br>(交換不可),装備アイテム強化,9,1,5,0
274224,reinforce_4001,2学期開始記念 精源石,ヨーグルティング 2学期開始を記念して贈られた、スピリットに装着する源石。<br>(パワーゲージ最大値 +1)<br>(交換不可),装備アイテム強化,9,1,5,0
274225,reinforce_4001,2学期開始記念 精源石,ヨーグルティング 2学期開始を記念して贈られた、スピリットに装着する源石。<br>(パワーゲージ最大値 +1)<br>(交換不可),装備アイテム強化,9,1,5,0
274226,reinforce_4001,2学期開始記念 精源石,ヨーグルティング 2学期開始を記念して贈られた、スピリットに装着する源石。<br>(パワーゲージ最大値 +1)<br>(交換不可),装備アイテム強化,9,1,5,0
274227,reinforce_4001,2学期開始記念 精源石,ヨーグルティング 2学期開始を記念して贈られた、スピリットに装着する源石。<br>(パワーゲージ最大値 +1)<br>(交換不可),装備アイテム強化,9,1,5,0
274228,reinforce_4001,2学期開始記念 精源石,ヨーグルティング 2学期開始を記念して贈られた、スピリットに装着する源石。<br>(パワーゲージ最大値 +1)<br>(交換不可),装備アイテム強化,9,1,5,0
274229,reinforce_4001,2学期開始記念 精源石,ヨーグルティング 2学期開始を記念して贈られた、スピリットに装着する源石。<br>(パワーゲージ最大値 +1)<br>(交換不可),装備アイテム強化,9,1,5,0
274230,reinforce_4001,2学期開始記念 精源石,ヨーグルティング 2学期開始を記念して贈られた、スピリットに装着する源石。<br>(パワーゲージ最大値 +1)<br>(交換不可),装備アイテム強化,9,1,5,0
274231,reinforce_4001,2学期開始記念 精源石,ヨーグルティング 2学期開始を記念して贈られた、スピリットに装着する源石。<br>(パワーゲージ最大値 +1)<br>(交換不可),装備アイテム強化,9,1,5,0
274232,reinforce_4001,2学期開始記念 精源石,ヨーグルティング 2学期開始を記念して贈られた、スピリットに装着する源石。<br>(パワーゲージ最大値 +1)<br>(交換不可),装備アイテム強化,10,1,5,0
274233,reinforce_4001,2学期開始記念 精源石,ヨーグルティング 2学期開始を記念して贈られた、スピリットに装着する源石。<br>(パワーゲージ最大値 +1)<br>(交換不可),装備アイテム強化,10,1,5,0
274234,reinforce_4001,2学期開始記念 精源石,ヨーグルティング 2学期開始を記念して贈られた、スピリットに装着する源石。<br>(パワーゲージ最大値 +1)<br>(交換不可),装備アイテム強化,10,1,5,0
274235,reinforce_4001,2学期開始記念 精源石,ヨーグルティング 2学期開始を記念して贈られた、スピリットに装着する源石。<br>(パワーゲージ最大値 +1)<br>(交換不可),装備アイテム強化,10,1,5,0
274236,reinforce_4001,2学期開始記念 精源石,ヨーグルティング 2学期開始を記念して贈られた、スピリットに装着する源石。<br>(パワーゲージ最大値 +1)<br>(交換不可),装備アイテム強化,10,1,5,0
274237,reinforce_4001,2学期開始記念 精源石,ヨーグルティング 2学期開始を記念して贈られた、スピリットに装着する源石。<br>(パワーゲージ最大値 +1)<br>(交換不可),装備アイテム強化,10,1,5,0
274238,reinforce_4001,2学期開始記念 精源石,ヨーグルティング 2学期開始を記念して贈られた、スピリットに装着する源石。<br>(パワーゲージ最大値 +1)<br>(交換不可),装備アイテム強化,10,1,5,0
274239,reinforce_4001,2学期開始記念 精源石,ヨーグルティング 2学期開始を記念して贈られた、スピリットに装着する源石。<br>(パワーゲージ最大値 +1)<br>(交換不可),装備アイテム強化,10,1,5,0
274240,reinforce_4001,2学期開始記念 精源石,ヨーグルティング 2学期開始を記念して贈られた、スピリットに装着する源石。<br>(パワーゲージ最大値 +1)<br>(交換不可),装備アイテム強化,10,1,5,0
274241,reinforce_4001,2学期開始記念 精源石,ヨーグルティング 2学期開始を記念して贈られた、スピリットに装着する源石。<br>(パワーゲージ最大値 +1)<br>(交換不可),装備アイテム強化,10,1,5,0
274242,reinforce_4001,2学期開始記念 精源石,ヨーグルティング 2学期開始を記念して贈られた、スピリットに装着する源石。<br>(パワーゲージ最大値 +1)<br>(交換不可),装備アイテム強化,10,1,5,0
274243,reinforce_4001,2学期開始記念 精源石,ヨーグルティング 2学期開始を記念して贈られた、スピリットに装着する源石。<br>(パワーゲージ最大値 +1)<br>(交換不可),装備アイテム強化,10,1,5,0
274244,reinforce_4001,2学期開始記念 精源石,ヨーグルティング 2学期開始を記念して贈られた、スピリットに装着する源石。<br>(パワーゲージ最大値 +1)<br>(交換不可),装備アイテム強化,10,1,5,0
274245,reinforce_4001,2学期開始記念 精源石,ヨーグルティング 2学期開始を記念して贈られた、スピリットに装着する源石。<br>(パワーゲージ最大値 +1)<br>(交換不可),装備アイテム強化,10,1,5,0
274246,reinforce_4001,2学期開始記念 精源石,ヨーグルティング 2学期開始を記念して贈られた、スピリットに装着する源石。<br>(パワーゲージ最大値 +1)<br>(交換不可),装備アイテム強化,10,1,5,0
274247,reinforce_4001,2学期開始記念 精源石,ヨーグルティング 2学期開始を記念して贈られた、スピリットに装着する源石。<br>(パワーゲージ最大値 +1)<br>(交換不可),装備アイテム強化,10,1,5,0
274248,reinforce_4001,2学期開始記念 精源石,ヨーグルティング 2学期開始を記念して贈られた、スピリットに装着する源石。<br>(パワーゲージ最大値 +1)<br>(交換不可),装備アイテム強化,10,1,5,0
274249,reinforce_4001,2学期開始記念 精源石,ヨーグルティング 2学期開始を記念して贈られた、スピリットに装着する源石。<br>(パワーゲージ最大値 +1)<br>(交換不可),装備アイテム強化,10,1,5,0
274250,reinforce_4001,2学期開始記念 精源石,ヨーグルティング 2学期開始を記念して贈られた、スピリットに装着する源石。<br>(パワーゲージ最大値 +1)<br>(交換不可),装備アイテム強化,10,1,5,0
274251,reinforce_4001,2学期開始記念 精源石,ヨーグルティング 2学期開始を記念して贈られた、スピリットに装着する源石。<br>(パワーゲージ最大値 +1)<br>(交換不可),装備アイテム強化,10,1,5,0
274252,reinforce_4001,2学期開始記念 精源石,ヨーグルティング 2学期開始を記念して贈られた、スピリットに装着する源石。<br>(パワーゲージ最大値 +1)<br>(交換不可),装備アイテム強化,10,1,5,0
274253,reinforce_4001,2学期開始記念 精源石,ヨーグルティング 2学期開始を記念して贈られた、スピリットに装着する源石。<br>(パワーゲージ最大値 +1)<br>(交換不可),装備アイテム強化,10,1,5,0
274254,reinforce_4001,2学期開始記念 精源石,ヨーグルティング 2学期開始を記念して贈られた、スピリットに装着する源石。<br>(パワーゲージ最大値 +1)<br>(交換不可),装備アイテム強化,10,1,5,0
274255,reinforce_4001,2学期開始記念 精源石,ヨーグルティング 2学期開始を記念して贈られた、スピリットに装着する源石。<br>(パワーゲージ最大値 +1)<br>(交換不可),装備アイテム強化,10,1,5,0
274256,reinforce_4001,2学期開始記念 精源石,ヨーグルティング 2学期開始を記念して贈られた、スピリットに装着する源石。<br>(パワーゲージ最大値 +1)<br>(交換不可),装備アイテム強化,10,1,5,0
274257,reinforce_4001,2学期開始記念 精源石,ヨーグルティング 2学期開始を記念して贈られた、スピリットに装着する源石。<br>(パワーゲージ最大値 +1)<br>(交換不可),装備アイテム強化,10,1,5,0
274258,reinforce_4001,2学期開始記念 精源石,ヨーグルティング 2学期開始を記念して贈られた、スピリットに装着する源石。<br>(パワーゲージ最大値 +1)<br>(交換不可),装備アイテム強化,10,1,5,0
274259,reinforce_4001,2学期開始記念 精源石,ヨーグルティング 2学期開始を記念して贈られた、スピリットに装着する源石。<br>(パワーゲージ最大値 +1)<br>(交換不可),装備アイテム強化,10,1,5,0
274260,reinforce_4001,2学期開始記念 精源石,ヨーグルティング 2学期開始を記念して贈られた、スピリットに装着する源石。<br>(パワーゲージ最大値 +1)<br>(交換不可),装備アイテム強化,10,1,5,0
274261,reinforce_4001,2学期開始記念 精源石,ヨーグルティング 2学期開始を記念して贈られた、スピリットに装着する源石。<br>(パワーゲージ最大値 +1)<br>(交換不可),装備アイテム強化,10,1,5,0
274262,reinforce_4001,2学期開始記念 精源石,ヨーグルティング 2学期開始を記念して贈られた、スピリットに装着する源石。<br>(パワーゲージ最大値 +1)<br>(交換不可),装備アイテム強化,10,1,5,0
274263,reinforce_4001,2学期開始記念 精源石,ヨーグルティング 2学期開始を記念して贈られた、スピリットに装着する源石。<br>(パワーゲージ最大値 +1)<br>(交換不可),装備アイテム強化,10,1,5,0
274264,reinforce_4001,2学期開始記念 精源石,ヨーグルティング 2学期開始を記念して贈られた、スピリットに装着する源石。<br>(パワーゲージ最大値 +1)<br>(交換不可),装備アイテム強化,10,1,5,0
274265,reinforce_4001,2学期開始記念 精源石,ヨーグルティング 2学期開始を記念して贈られた、スピリットに装着する源石。<br>(パワーゲージ最大値 +1)<br>(交換不可),装備アイテム強化,10,1,5,0
274266,reinforce_4001,2学期開始記念 精源石,ヨーグルティング 2学期開始を記念して贈られた、スピリットに装着する源石。<br>(パワーゲージ最大値 +1)<br>(交換不可),装備アイテム強化,10,1,5,0
274267,reinforce_4001,2学期開始記念 精源石,ヨーグルティング 2学期開始を記念して贈られた、スピリットに装着する源石。<br>(パワーゲージ最大値 +1)<br>(交換不可),装備アイテム強化,10,1,5,0
274268,reinforce_4001,2学期開始記念 精源石,ヨーグルティング 2学期開始を記念して贈られた、スピリットに装着する源石。<br>(パワーゲージ最大値 +1)<br>(交換不可),装備アイテム強化,10,1,5,0
274269,reinforce_4001,2学期開始記念 精源石,ヨーグルティング 2学期開始を記念して贈られた、スピリットに装着する源石。<br>(パワーゲージ最大値 +1)<br>(交換不可),装備アイテム強化,10,1,5,0
274270,reinforce_4001,2学期開始記念 精源石,ヨーグルティング 2学期開始を記念して贈られた、スピリットに装着する源石。<br>(パワーゲージ最大値 +1)<br>(交換不可),装備アイテム強化,10,1,5,0
274271,reinforce_4001,2学期開始記念 精源石,ヨーグルティング 2学期開始を記念して贈られた、スピリットに装着する源石。<br>(パワーゲージ最大値 +1)<br>(交換不可),装備アイテム強化,10,1,5,0
274272,reinforce_4001,2学期開始記念 精源石,ヨーグルティング 2学期開始を記念して贈られた、スピリットに装着する源石。<br>(パワーゲージ最大値 +1)<br>(交換不可),装備アイテム強化,10,1,5,0
274273,reinforce_4001,2学期開始記念 精源石,ヨーグルティング 2学期開始を記念して贈られた、スピリットに装着する源石。<br>(パワーゲージ最大値 +1)<br>(交換不可),装備アイテム強化,10,1,5,0
274274,reinforce_4001,2学期開始記念 精源石,ヨーグルティング 2学期開始を記念して贈られた、スピリットに装着する源石。<br>(パワーゲージ最大値 +1)<br>(交換不可),装備アイテム強化,10,1,5,0
274275,reinforce_4001,2学期開始記念 精源石,ヨーグルティング 2学期開始を記念して贈られた、スピリットに装着する源石。<br>(パワーゲージ最大値 +1)<br>(交換不可),装備アイテム強化,10,1,5,0
274276,reinforce_4001,2学期開始記念 精源石,ヨーグルティング 2学期開始を記念して贈られた、スピリットに装着する源石。<br>(パワーゲージ最大値 +1)<br>(交換不可),装備アイテム強化,10,1,5,0
274277,reinforce_4001,2学期開始記念 精源石,ヨーグルティング 2学期開始を記念して贈られた、スピリットに装着する源石。<br>(パワーゲージ最大値 +1)<br>(交換不可),装備アイテム強化,10,1,5,0
274278,reinforce_4001,2学期開始記念 精源石,ヨーグルティング 2学期開始を記念して贈られた、スピリットに装着する源石。<br>(パワーゲージ最大値 +1)<br>(交換不可),装備アイテム強化,10,1,5,0
274279,reinforce_4001,2学期開始記念 精源石,ヨーグルティング 2学期開始を記念して贈られた、スピリットに装着する源石。<br>(パワーゲージ最大値 +1)<br>(交換不可),装備アイテム強化,10,1,5,0
274280,reinforce_4001,2学期開始記念 精源石,ヨーグルティング 2学期開始を記念して贈られた、スピリットに装着する源石。<br>(パワーゲージ最大値 +1)<br>(交換不可),装備アイテム強化,10,1,5,0
274281,reinforce_4001,2学期開始記念 精源石,ヨーグルティング 2学期開始を記念して贈られた、スピリットに装着する源石。<br>(パワーゲージ最大値 +1)<br>(交換不可),装備アイテム強化,10,1,5,0
274282,reinforce_4001,2学期開始記念 精源石,ヨーグルティング 2学期開始を記念して贈られた、スピリットに装着する源石。<br>(パワーゲージ最大値 +1)<br>(交換不可),装備アイテム強化,10,1,5,0
274283,reinforce_4001,2学期開始記念 精源石,ヨーグルティング 2学期開始を記念して贈られた、スピリットに装着する源石。<br>(パワーゲージ最大値 +1)<br>(交換不可),装備アイテム強化,10,1,5,0
274284,reinforce_4001,2学期開始記念 精源石,ヨーグルティング 2学期開始を記念して贈られた、スピリットに装着する源石。<br>(パワーゲージ最大値 +1)<br>(交換不可),装備アイテム強化,10,1,5,0
274285,reinforce_4001,2学期開始記念 精源石,ヨーグルティング 2学期開始を記念して贈られた、スピリットに装着する源石。<br>(パワーゲージ最大値 +1)<br>(交換不可),装備アイテム強化,10,1,5,0
274286,reinforce_4001,2学期開始記念 精源石,ヨーグルティング 2学期開始を記念して贈られた、スピリットに装着する源石。<br>(パワーゲージ最大値 +1)<br>(交換不可),装備アイテム強化,10,1,5,0
274287,reinforce_4001,2学期開始記念 精源石,ヨーグルティング 2学期開始を記念して贈られた、スピリットに装着する源石。<br>(パワーゲージ最大値 +1)<br>(交換不可),装備アイテム強化,11,1,5,0
274288,reinforce_4001,2学期開始記念 精源石,ヨーグルティング 2学期開始を記念して贈られた、スピリットに装着する源石。<br>(パワーゲージ最大値 +1)<br>(交換不可),装備アイテム強化,11,1,5,0
274289,reinforce_4001,2学期開始記念 精源石,ヨーグルティング 2学期開始を記念して贈られた、スピリットに装着する源石。<br>(パワーゲージ最大値 +1)<br>(交換不可),装備アイテム強化,11,1,5,0
274290,reinforce_4001,2学期開始記念 精源石,ヨーグルティング 2学期開始を記念して贈られた、スピリットに装着する源石。<br>(パワーゲージ最大値 +1)<br>(交換不可),装備アイテム強化,11,1,5,0
274291,reinforce_4001,2学期開始記念 精源石,ヨーグルティング 2学期開始を記念して贈られた、スピリットに装着する源石。<br>(パワーゲージ最大値 +1)<br>(交換不可),装備アイテム強化,11,1,5,0
274292,reinforce_4001,2学期開始記念 精源石,ヨーグルティング 2学期開始を記念して贈られた、スピリットに装着する源石。<br>(パワーゲージ最大値 +1)<br>(交換不可),装備アイテム強化,11,1,5,0
274293,reinforce_4001,2学期開始記念 精源石,ヨーグルティング 2学期開始を記念して贈られた、スピリットに装着する源石。<br>(パワーゲージ最大値 +1)<br>(交換不可),装備アイテム強化,11,1,5,0
274294,reinforce_4001,2学期開始記念 精源石,ヨーグルティング 2学期開始を記念して贈られた、スピリットに装着する源石。<br>(パワーゲージ最大値 +1)<br>(交換不可),装備アイテム強化,11,1,5,0
274295,reinforce_4001,2学期開始記念 精源石,ヨーグルティング 2学期開始を記念して贈られた、スピリットに装着する源石。<br>(パワーゲージ最大値 +1)<br>(交換不可),装備アイテム強化,11,1,5,0
274296,reinforce_4001,2学期開始記念 精源石,ヨーグルティング 2学期開始を記念して贈られた、スピリットに装着する源石。<br>(パワーゲージ最大値 +1)<br>(交換不可),装備アイテム強化,11,1,5,0
274297,reinforce_4001,2学期開始記念 精源石,ヨーグルティング 2学期開始を記念して贈られた、スピリットに装着する源石。<br>(パワーゲージ最大値 +1)<br>(交換不可),装備アイテム強化,11,1,5,0
274298,reinforce_4001,2学期開始記念 精源石,ヨーグルティング 2学期開始を記念して贈られた、スピリットに装着する源石。<br>(パワーゲージ最大値 +1)<br>(交換不可),装備アイテム強化,11,1,5,0
274299,reinforce_4001,2学期開始記念 精源石,ヨーグルティング 2学期開始を記念して贈られた、スピリットに装着する源石。<br>(パワーゲージ最大値 +1)<br>(交換不可),装備アイテム強化,11,1,5,0
274300,reinforce_4001,2学期開始記念 精源石,ヨーグルティング 2学期開始を記念して贈られた、スピリットに装着する源石。<br>(パワーゲージ最大値 +1)<br>(交換不可),装備アイテム強化,11,1,5,0
274301,reinforce_4001,2学期開始記念 精源石,ヨーグルティング 2学期開始を記念して贈られた、スピリットに装着する源石。<br>(パワーゲージ最大値 +1)<br>(交換不可),装備アイテム強化,11,1,5,0
274302,reinforce_4001,2学期開始記念 精源石,ヨーグルティング 2学期開始を記念して贈られた、スピリットに装着する源石。<br>(パワーゲージ最大値 +1)<br>(交換不可),装備アイテム強化,11,1,5,0
274303,reinforce_4001,2学期開始記念 精源石,ヨーグルティング 2学期開始を記念して贈られた、スピリットに装着する源石。<br>(パワーゲージ最大値 +1)<br>(交換不可),装備アイテム強化,11,1,5,0
274304,reinforce_4001,2学期開始記念 精源石,ヨーグルティング 2学期開始を記念して贈られた、スピリットに装着する源石。<br>(パワーゲージ最大値 +1)<br>(交換不可),装備アイテム強化,11,1,5,0
274305,reinforce_4001,2学期開始記念 精源石,ヨーグルティング 2学期開始を記念して贈られた、スピリットに装着する源石。<br>(パワーゲージ最大値 +1)<br>(交換不可),装備アイテム強化,11,1,5,0
274306,reinforce_4001,2学期開始記念 精源石,ヨーグルティング 2学期開始を記念して贈られた、スピリットに装着する源石。<br>(パワーゲージ最大値 +1)<br>(交換不可),装備アイテム強化,11,1,5,0
274307,reinforce_4001,2学期開始記念 精源石,ヨーグルティング 2学期開始を記念して贈られた、スピリットに装着する源石。<br>(パワーゲージ最大値 +1)<br>(交換不可),装備アイテム強化,11,1,5,0
274308,reinforce_4001,2学期開始記念 精源石,ヨーグルティング 2学期開始を記念して贈られた、スピリットに装着する源石。<br>(パワーゲージ最大値 +1)<br>(交換不可),装備アイテム強化,11,1,5,0
274309,reinforce_4001,2学期開始記念 精源石,ヨーグルティング 2学期開始を記念して贈られた、スピリットに装着する源石。<br>(パワーゲージ最大値 +1)<br>(交換不可),装備アイテム強化,11,1,5,0
274310,reinforce_4001,2学期開始記念 精源石,ヨーグルティング 2学期開始を記念して贈られた、スピリットに装着する源石。<br>(パワーゲージ最大値 +1)<br>(交換不可),装備アイテム強化,11,1,5,0
274311,reinforce_4001,2学期開始記念 精源石,ヨーグルティング 2学期開始を記念して贈られた、スピリットに装着する源石。<br>(パワーゲージ最大値 +1)<br>(交換不可),装備アイテム強化,11,1,5,0
274312,reinforce_4001,2学期開始記念 精源石,ヨーグルティング 2学期開始を記念して贈られた、スピリットに装着する源石。<br>(パワーゲージ最大値 +1)<br>(交換不可),装備アイテム強化,11,1,5,0
274313,reinforce_4001,2学期開始記念 精源石,ヨーグルティング 2学期開始を記念して贈られた、スピリットに装着する源石。<br>(パワーゲージ最大値 +1)<br>(交換不可),装備アイテム強化,11,1,5,0
274314,reinforce_4001,2学期開始記念 精源石,ヨーグルティング 2学期開始を記念して贈られた、スピリットに装着する源石。<br>(パワーゲージ最大値 +1)<br>(交換不可),装備アイテム強化,11,1,5,0
274315,reinforce_4001,2学期開始記念 精源石,ヨーグルティング 2学期開始を記念して贈られた、スピリットに装着する源石。<br>(パワーゲージ最大値 +1)<br>(交換不可),装備アイテム強化,11,1,5,0
274316,reinforce_4001,2学期開始記念 精源石,ヨーグルティング 2学期開始を記念して贈られた、スピリットに装着する源石。<br>(パワーゲージ最大値 +1)<br>(交換不可),装備アイテム強化,11,1,5,0
274317,reinforce_4001,2学期開始記念 精源石,ヨーグルティング 2学期開始を記念して贈られた、スピリットに装着する源石。<br>(パワーゲージ最大値 +1)<br>(交換不可),装備アイテム強化,11,1,5,0
274318,reinforce_4001,2学期開始記念 精源石,ヨーグルティング 2学期開始を記念して贈られた、スピリットに装着する源石。<br>(パワーゲージ最大値 +1)<br>(交換不可),装備アイテム強化,11,1,5,0
274319,reinforce_4001,2学期開始記念 精源石,ヨーグルティング 2学期開始を記念して贈られた、スピリットに装着する源石。<br>(パワーゲージ最大値 +1)<br>(交換不可),装備アイテム強化,11,1,5,0
274320,reinforce_4001,2学期開始記念 精源石,ヨーグルティング 2学期開始を記念して贈られた、スピリットに装着する源石。<br>(パワーゲージ最大値 +1)<br>(交換不可),装備アイテム強化,11,1,5,0
274321,reinforce_4001,2学期開始記念 精源石,ヨーグルティング 2学期開始を記念して贈られた、スピリットに装着する源石。<br>(パワーゲージ最大値 +1)<br>(交換不可),装備アイテム強化,11,1,5,0
274322,reinforce_4001,2学期開始記念 精源石,ヨーグルティング 2学期開始を記念して贈られた、スピリットに装着する源石。<br>(パワーゲージ最大値 +1)<br>(交換不可),装備アイテム強化,11,1,5,0
274323,reinforce_4001,2学期開始記念 精源石,ヨーグルティング 2学期開始を記念して贈られた、スピリットに装着する源石。<br>(パワーゲージ最大値 +1)<br>(交換不可),装備アイテム強化,11,1,5,0
274324,reinforce_4001,2学期開始記念 精源石,ヨーグルティング 2学期開始を記念して贈られた、スピリットに装着する源石。<br>(パワーゲージ最大値 +1)<br>(交換不可),装備アイテム強化,11,1,5,0
274325,reinforce_4001,2学期開始記念 精源石,ヨーグルティング 2学期開始を記念して贈られた、スピリットに装着する源石。<br>(パワーゲージ最大値 +1)<br>(交換不可),装備アイテム強化,11,1,5,0
274326,reinforce_4001,2学期開始記念 精源石,ヨーグルティング 2学期開始を記念して贈られた、スピリットに装着する源石。<br>(パワーゲージ最大値 +1)<br>(交換不可),装備アイテム強化,11,1,5,0
274327,reinforce_4001,2学期開始記念 精源石,ヨーグルティング 2学期開始を記念して贈られた、スピリットに装着する源石。<br>(パワーゲージ最大値 +1)<br>(交換不可),装備アイテム強化,11,1,5,0
274328,reinforce_4001,2学期開始記念 精源石,ヨーグルティング 2学期開始を記念して贈られた、スピリットに装着する源石。<br>(パワーゲージ最大値 +1)<br>(交換不可),装備アイテム強化,11,1,5,0
274329,reinforce_4001,2学期開始記念 精源石,ヨーグルティング 2学期開始を記念して贈られた、スピリットに装着する源石。<br>(パワーゲージ最大値 +1)<br>(交換不可),装備アイテム強化,11,1,5,0
274330,reinforce_4001,2学期開始記念 精源石,ヨーグルティング 2学期開始を記念して贈られた、スピリットに装着する源石。<br>(パワーゲージ最大値 +1)<br>(交換不可),装備アイテム強化,11,1,5,0
274331,reinforce_4001,2学期開始記念 精源石,ヨーグルティング 2学期開始を記念して贈られた、スピリットに装着する源石。<br>(パワーゲージ最大値 +1)<br>(交換不可),装備アイテム強化,11,1,5,0
274332,reinforce_4001,2学期開始記念 精源石,ヨーグルティング 2学期開始を記念して贈られた、スピリットに装着する源石。<br>(パワーゲージ最大値 +1)<br>(交換不可),装備アイテム強化,11,1,5,0
274333,reinforce_4001,2学期開始記念 精源石,ヨーグルティング 2学期開始を記念して贈られた、スピリットに装着する源石。<br>(パワーゲージ最大値 +1)<br>(交換不可),装備アイテム強化,11,1,5,0
274334,reinforce_4001,2学期開始記念 精源石,ヨーグルティング 2学期開始を記念して贈られた、スピリットに装着する源石。<br>(パワーゲージ最大値 +1)<br>(交換不可),装備アイテム強化,11,1,5,0
274335,reinforce_4001,2学期開始記念 精源石,ヨーグルティング 2学期開始を記念して贈られた、スピリットに装着する源石。<br>(パワーゲージ最大値 +1)<br>(交換不可),装備アイテム強化,11,1,5,0
274336,reinforce_4001,2学期開始記念 精源石,ヨーグルティング 2学期開始を記念して贈られた、スピリットに装着する源石。<br>(パワーゲージ最大値 +1)<br>(交換不可),装備アイテム強化,11,1,5,0
274337,reinforce_4001,2学期開始記念 精源石,ヨーグルティング 2学期開始を記念して贈られた、スピリットに装着する源石。<br>(パワーゲージ最大値 +1)<br>(交換不可),装備アイテム強化,11,1,5,0
274338,reinforce_4001,2学期開始記念 精源石,ヨーグルティング 2学期開始を記念して贈られた、スピリットに装着する源石。<br>(パワーゲージ最大値 +1)<br>(交換不可),装備アイテム強化,11,1,5,0
274339,reinforce_4001,2学期開始記念 精源石,ヨーグルティング 2学期開始を記念して贈られた、スピリットに装着する源石。<br>(パワーゲージ最大値 +1)<br>(交換不可),装備アイテム強化,11,1,5,0
274340,reinforce_4001,2学期開始記念 精源石,ヨーグルティング 2学期開始を記念して贈られた、スピリットに装着する源石。<br>(パワーゲージ最大値 +1)<br>(交換不可),装備アイテム強化,11,1,5,0
274341,reinforce_4001,2学期開始記念 精源石,ヨーグルティング 2学期開始を記念して贈られた、スピリットに装着する源石。<br>(パワーゲージ最大値 +1)<br>(交換不可),装備アイテム強化,11,1,5,0
274342,reinforce_4001,2学期開始記念 精源石,ヨーグルティング 2学期開始を記念して贈られた、スピリットに装着する源石。<br>(パワーゲージ最大値 +1)<br>(交換不可),装備アイテム強化,11,1,5,0
274343,reinforce_4001,2学期開始記念 精源石,ヨーグルティング 2学期開始を記念して贈られた、スピリットに装着する源石。<br>(パワーゲージ最大値 +1)<br>(交換不可),装備アイテム強化,11,1,5,0
274344,reinforce_4001,2学期開始記念 精源石,ヨーグルティング 2学期開始を記念して贈られた、スピリットに装着する源石。<br>(パワーゲージ最大値 +1)<br>(交換不可),装備アイテム強化,11,1,5,0
274345,reinforce_4001,2学期開始記念 精源石,ヨーグルティング 2学期開始を記念して贈られた、スピリットに装着する源石。<br>(パワーゲージ最大値 +1)<br>(交換不可),装備アイテム強化,11,1,5,0
274346,reinforce_4001,2学期開始記念 精源石,ヨーグルティング 2学期開始を記念して贈られた、スピリットに装着する源石。<br>(パワーゲージ最大値 +1)<br>(交換不可),装備アイテム強化,11,1,5,0
274347,reinforce_4001,2学期開始記念 精源石,ヨーグルティング 2学期開始を記念して贈られた、スピリットに装着する源石。<br>(パワーゲージ最大値 +1)<br>(交換不可),装備アイテム強化,11,1,5,0
274348,reinforce_4001,2学期開始記念 精源石,ヨーグルティング 2学期開始を記念して贈られた、スピリットに装着する源石。<br>(パワーゲージ最大値 +1)<br>(交換不可),装備アイテム強化,11,1,5,0
274349,reinforce_4001,2学期開始記念 精源石,ヨーグルティング 2学期開始を記念して贈られた、スピリットに装着する源石。<br>(パワーゲージ最大値 +1)<br>(交換不可),装備アイテム強化,11,1,5,0
274350,reinforce_4001,2学期開始記念 精源石,ヨーグルティング 2学期開始を記念して贈られた、スピリットに装着する源石。<br>(パワーゲージ最大値 +1)<br>(交換不可),装備アイテム強化,11,1,5,0
274351,reinforce_4001,2学期開始記念 精源石,ヨーグルティング 2学期開始を記念して贈られた、スピリットに装着する源石。<br>(パワーゲージ最大値 +1)<br>(交換不可),装備アイテム強化,11,1,5,0
274352,reinforce_4001,2学期開始記念 精源石,ヨーグルティング 2学期開始を記念して贈られた、スピリットに装着する源石。<br>(パワーゲージ最大値 +1)<br>(交換不可),装備アイテム強化,11,1,5,0
274353,reinforce_4001,2学期開始記念 精源石,ヨーグルティング 2学期開始を記念して贈られた、スピリットに装着する源石。<br>(パワーゲージ最大値 +1)<br>(交換不可),装備アイテム強化,11,1,5,0
274354,reinforce_4001,2学期開始記念 精源石,ヨーグルティング 2学期開始を記念して贈られた、スピリットに装着する源石。<br>(パワーゲージ最大値 +1)<br>(交換不可),装備アイテム強化,11,1,5,0
274355,reinforce_4001,2学期開始記念 精源石,ヨーグルティング 2学期開始を記念して贈られた、スピリットに装着する源石。<br>(パワーゲージ最大値 +1)<br>(交換不可),装備アイテム強化,11,1,5,0
274356,reinforce_4001,2学期開始記念 精源石,ヨーグルティング 2学期開始を記念して贈られた、スピリットに装着する源石。<br>(パワーゲージ最大値 +1)<br>(交換不可),装備アイテム強化,11,1,5,0
274357,reinforce_4001,2学期開始記念 精源石,ヨーグルティング 2学期開始を記念して贈られた、スピリットに装着する源石。<br>(パワーゲージ最大値 +1)<br>(交換不可),装備アイテム強化,11,1,5,0
274358,reinforce_4001,2学期開始記念 精源石,ヨーグルティング 2学期開始を記念して贈られた、スピリットに装着する源石。<br>(パワーゲージ最大値 +1)<br>(交換不可),装備アイテム強化,11,1,5,0
274359,reinforce_4001,2学期開始記念 精源石,ヨーグルティング 2学期開始を記念して贈られた、スピリットに装着する源石。<br>(パワーゲージ最大値 +1)<br>(交換不可),装備アイテム強化,11,1,5,0
274360,reinforce_4001,2学期開始記念 精源石,ヨーグルティング 2学期開始を記念して贈られた、スピリットに装着する源石。<br>(パワーゲージ最大値 +1)<br>(交換不可),装備アイテム強化,11,1,5,0
274361,reinforce_4001,2学期開始記念 精源石,ヨーグルティング 2学期開始を記念して贈られた、スピリットに装着する源石。<br>(パワーゲージ最大値 +1)<br>(交換不可),装備アイテム強化,11,1,5,0
274362,reinforce_4001,2学期開始記念 精源石,ヨーグルティング 2学期開始を記念して贈られた、スピリットに装着する源石。<br>(パワーゲージ最大値 +1)<br>(交換不可),装備アイテム強化,11,1,5,0
274363,reinforce_4001,2学期開始記念 精源石,ヨーグルティング 2学期開始を記念して贈られた、スピリットに装着する源石。<br>(パワーゲージ最大値 +1)<br>(交換不可),装備アイテム強化,11,1,5,0
274364,reinforce_4001,2学期開始記念 精源石,ヨーグルティング 2学期開始を記念して贈られた、スピリットに装着する源石。<br>(パワーゲージ最大値 +1)<br>(交換不可),装備アイテム強化,11,1,5,0
274365,reinforce_4001,2学期開始記念 精源石,ヨーグルティング 2学期開始を記念して贈られた、スピリットに装着する源石。<br>(パワーゲージ最大値 +1)<br>(交換不可),装備アイテム強化,11,1,5,0
274366,reinforce_4001,2学期開始記念 精源石,ヨーグルティング 2学期開始を記念して贈られた、スピリットに装着する源石。<br>(パワーゲージ最大値 +1)<br>(交換不可),装備アイテム強化,11,1,5,0
274367,reinforce_4001,2学期開始記念 精源石,ヨーグルティング 2学期開始を記念して贈られた、スピリットに装着する源石。<br>(パワーゲージ最大値 +1)<br>(交換不可),装備アイテム強化,11,1,5,0
274368,reinforce_4001,2学期開始記念 精源石,ヨーグルティング 2学期開始を記念して贈られた、スピリットに装着する源石。<br>(パワーゲージ最大値 +1)<br>(交換不可),装備アイテム強化,11,1,5,0
274369,reinforce_4001,2学期開始記念 精源石,ヨーグルティング 2学期開始を記念して贈られた、スピリットに装着する源石。<br>(パワーゲージ最大値 +1)<br>(交換不可),装備アイテム強化,11,1,5,0
274370,reinforce_4001,2学期開始記念 精源石,ヨーグルティング 2学期開始を記念して贈られた、スピリットに装着する源石。<br>(パワーゲージ最大値 +1)<br>(交換不可),装備アイテム強化,11,1,5,0
274371,reinforce_4001,2学期開始記念 精源石,ヨーグルティング 2学期開始を記念して贈られた、スピリットに装着する源石。<br>(パワーゲージ最大値 +1)<br>(交換不可),装備アイテム強化,11,1,5,0
274372,reinforce_4001,2学期開始記念 精源石,ヨーグルティング 2学期開始を記念して贈られた、スピリットに装着する源石。<br>(パワーゲージ最大値 +1)<br>(交換不可),装備アイテム強化,11,1,5,0
274373,reinforce_4001,2学期開始記念 精源石,ヨーグルティング 2学期開始を記念して贈られた、スピリットに装着する源石。<br>(パワーゲージ最大値 +1)<br>(交換不可),装備アイテム強化,11,1,5,0
274374,reinforce_4001,2学期開始記念 精源石,ヨーグルティング 2学期開始を記念して贈られた、スピリットに装着する源石。<br>(パワーゲージ最大値 +1)<br>(交換不可),装備アイテム強化,11,1,5,0
274375,reinforce_4001,2学期開始記念 精源石,ヨーグルティング 2学期開始を記念して贈られた、スピリットに装着する源石。<br>(パワーゲージ最大値 +1)<br>(交換不可),装備アイテム強化,11,1,5,0
274376,reinforce_4001,2学期開始記念 精源石,ヨーグルティング 2学期開始を記念して贈られた、スピリットに装着する源石。<br>(パワーゲージ最大値 +1)<br>(交換不可),装備アイテム強化,11,1,5,0
274377,reinforce_4001,2学期開始記念 精源石,ヨーグルティング 2学期開始を記念して贈られた、スピリットに装着する源石。<br>(パワーゲージ最大値 +1)<br>(交換不可),装備アイテム強化,11,1,5,0
274378,reinforce_4001,2学期開始記念 精源石,ヨーグルティング 2学期開始を記念して贈られた、スピリットに装着する源石。<br>(パワーゲージ最大値 +1)<br>(交換不可),装備アイテム強化,11,1,5,0
274379,reinforce_4001,2学期開始記念 精源石,ヨーグルティング 2学期開始を記念して贈られた、スピリットに装着する源石。<br>(パワーゲージ最大値 +1)<br>(交換不可),装備アイテム強化,11,1,5,0
274380,reinforce_4001,2学期開始記念 精源石,ヨーグルティング 2学期開始を記念して贈られた、スピリットに装着する源石。<br>(パワーゲージ最大値 +1)<br>(交換不可),装備アイテム強化,11,1,5,0
274381,reinforce_4001,2学期開始記念 精源石,ヨーグルティング 2学期開始を記念して贈られた、スピリットに装着する源石。<br>(パワーゲージ最大値 +1)<br>(交換不可),装備アイテム強化,11,1,5,0
274382,reinforce_4001,2学期開始記念 精源石,ヨーグルティング 2学期開始を記念して贈られた、スピリットに装着する源石。<br>(パワーゲージ最大値 +1)<br>(交換不可),装備アイテム強化,11,1,5,0
274383,reinforce_4001,2学期開始記念 精源石,ヨーグルティング 2学期開始を記念して贈られた、スピリットに装着する源石。<br>(パワーゲージ最大値 +1)<br>(交換不可),装備アイテム強化,11,1,5,0
274384,reinforce_4001,2学期開始記念 精源石,ヨーグルティング 2学期開始を記念して贈られた、スピリットに装着する源石。<br>(パワーゲージ最大値 +1)<br>(交換不可),装備アイテム強化,11,1,5,0
274385,reinforce_4001,2学期開始記念 精源石,ヨーグルティング 2学期開始を記念して贈られた、スピリットに装着する源石。<br>(パワーゲージ最大値 +1)<br>(交換不可),装備アイテム強化,11,1,5,0
274386,reinforce_4001,2学期開始記念 精源石,ヨーグルティング 2学期開始を記念して贈られた、スピリットに装着する源石。<br>(パワーゲージ最大値 +1)<br>(交換不可),装備アイテム強化,11,1,5,0
274387,reinforce_4001,2学期開始記念 精源石,ヨーグルティング 2学期開始を記念して贈られた、スピリットに装着する源石。<br>(パワーゲージ最大値 +1)<br>(交換不可),装備アイテム強化,11,1,5,0
274388,reinforce_4001,2学期開始記念 精源石,ヨーグルティング 2学期開始を記念して贈られた、スピリットに装着する源石。<br>(パワーゲージ最大値 +1)<br>(交換不可),装備アイテム強化,11,1,5,0
274389,reinforce_4001,2学期開始記念 精源石,ヨーグルティング 2学期開始を記念して贈られた、スピリットに装着する源石。<br>(パワーゲージ最大値 +1)<br>(交換不可),装備アイテム強化,11,1,5,0
274390,reinforce_4001,2学期開始記念 精源石,ヨーグルティング 2学期開始を記念して贈られた、スピリットに装着する源石。<br>(パワーゲージ最大値 +1)<br>(交換不可),装備アイテム強化,11,1,5,0
274391,reinforce_4001,2学期開始記念 精源石,ヨーグルティング 2学期開始を記念して贈られた、スピリットに装着する源石。<br>(パワーゲージ最大値 +1)<br>(交換不可),装備アイテム強化,11,1,5,0
274392,reinforce_4001,2学期開始記念 精源石,ヨーグルティング 2学期開始を記念して贈られた、スピリットに装着する源石。<br>(パワーゲージ最大値 +1)<br>(交換不可),装備アイテム強化,11,1,5,0
274393,reinforce_4001,2学期開始記念 精源石,ヨーグルティング 2学期開始を記念して贈られた、スピリットに装着する源石。<br>(パワーゲージ最大値 +1)<br>(交換不可),装備アイテム強化,11,1,5,0
274394,reinforce_4001,2学期開始記念 精源石,ヨーグルティング 2学期開始を記念して贈られた、スピリットに装着する源石。<br>(パワーゲージ最大値 +1)<br>(交換不可),装備アイテム強化,11,1,5,0
274395,reinforce_4001,2学期開始記念 精源石,ヨーグルティング 2学期開始を記念して贈られた、スピリットに装着する源石。<br>(パワーゲージ最大値 +1)<br>(交換不可),装備アイテム強化,11,1,5,0
274396,reinforce_4001,2学期開始記念 精源石,ヨーグルティング 2学期開始を記念して贈られた、スピリットに装着する源石。<br>(パワーゲージ最大値 +1)<br>(交換不可),装備アイテム強化,11,1,5,0
274397,reinforce_4001,2学期開始記念 精源石,ヨーグルティング 2学期開始を記念して贈られた、スピリットに装着する源石。<br>(パワーゲージ最大値 +1)<br>(交換不可),装備アイテム強化,11,1,5,0
274398,reinforce_4001,2学期開始記念 精源石,ヨーグルティング 2学期開始を記念して贈られた、スピリットに装着する源石。<br>(パワーゲージ最大値 +1)<br>(交換不可),装備アイテム強化,11,1,5,0
274399,reinforce_4001,2学期開始記念 精源石,ヨーグルティング 2学期開始を記念して贈られた、スピリットに装着する源石。<br>(パワーゲージ最大値 +1)<br>(交換不可),装備アイテム強化,11,1,5,0
274400,reinforce_4001,2学期開始記念 精源石,ヨーグルティング 2学期開始を記念して贈られた、スピリットに装着する源石。<br>(パワーゲージ最大値 +1)<br>(交換不可),装備アイテム強化,11,1,5,0
274401,reinforce_4001,2学期開始記念 精源石,ヨーグルティング 2学期開始を記念して贈られた、スピリットに装着する源石。<br>(パワーゲージ最大値 +1)<br>(交換不可),装備アイテム強化,11,1,5,0
274402,reinforce_4001,2学期開始記念 精源石,ヨーグルティング 2学期開始を記念して贈られた、スピリットに装着する源石。<br>(パワーゲージ最大値 +1)<br>(交換不可),装備アイテム強化,11,1,5,0
274403,reinforce_4001,2学期開始記念 精源石,ヨーグルティング 2学期開始を記念して贈られた、スピリットに装着する源石。<br>(パワーゲージ最大値 +1)<br>(交換不可),装備アイテム強化,11,1,5,0
274404,reinforce_4001,2学期開始記念 精源石,ヨーグルティング 2学期開始を記念して贈られた、スピリットに装着する源石。<br>(パワーゲージ最大値 +1)<br>(交換不可),装備アイテム強化,11,1,5,0
274405,reinforce_4001,2学期開始記念 精源石,ヨーグルティング 2学期開始を記念して贈られた、スピリットに装着する源石。<br>(パワーゲージ最大値 +1)<br>(交換不可),装備アイテム強化,11,1,5,0
274406,reinforce_4001,2学期開始記念 精源石,ヨーグルティング 2学期開始を記念して贈られた、スピリットに装着する源石。<br>(パワーゲージ最大値 +1)<br>(交換不可),装備アイテム強化,11,1,5,0
274407,reinforce_4001,2学期開始記念 精源石,ヨーグルティング 2学期開始を記念して贈られた、スピリットに装着する源石。<br>(パワーゲージ最大値 +1)<br>(交換不可),装備アイテム強化,11,1,5,0
274408,reinforce_4001,2学期開始記念 精源石,ヨーグルティング 2学期開始を記念して贈られた、スピリットに装着する源石。<br>(パワーゲージ最大値 +1)<br>(交換不可),装備アイテム強化,11,1,5,0
274409,reinforce_4001,2学期開始記念 精源石,ヨーグルティング 2学期開始を記念して贈られた、スピリットに装着する源石。<br>(パワーゲージ最大値 +1)<br>(交換不可),装備アイテム強化,11,1,5,0
274410,reinforce_4001,2学期開始記念 精源石,ヨーグルティング 2学期開始を記念して贈られた、スピリットに装着する源石。<br>(パワーゲージ最大値 +1)<br>(交換不可),装備アイテム強化,11,1,5,0
274411,reinforce_4001,2学期開始記念 精源石,ヨーグルティング 2学期開始を記念して贈られた、スピリットに装着する源石。<br>(パワーゲージ最大値 +1)<br>(交換不可),装備アイテム強化,11,1,5,0
274412,reinforce_4001,2学期開始記念 精源石,ヨーグルティング 2学期開始を記念して贈られた、スピリットに装着する源石。<br>(パワーゲージ最大値 +1)<br>(交換不可),装備アイテム強化,11,1,5,0
274413,reinforce_4001,2学期開始記念 精源石,ヨーグルティング 2学期開始を記念して贈られた、スピリットに装着する源石。<br>(パワーゲージ最大値 +1)<br>(交換不可),装備アイテム強化,11,1,5,0
274414,reinforce_4001,2学期開始記念 精源石,ヨーグルティング 2学期開始を記念して贈られた、スピリットに装着する源石。<br>(パワーゲージ最大値 +1)<br>(交換不可),装備アイテム強化,11,1,5,0
274415,reinforce_4001,2学期開始記念 精源石,ヨーグルティング 2学期開始を記念して贈られた、スピリットに装着する源石。<br>(パワーゲージ最大値 +1)<br>(交換不可),装備アイテム強化,11,1,5,0
274416,reinforce_4001,2学期開始記念 精源石,ヨーグルティング 2学期開始を記念して贈られた、スピリットに装着する源石。<br>(パワーゲージ最大値 +1)<br>(交換不可),装備アイテム強化,11,1,5,0
274417,reinforce_4001,2学期開始記念 精源石,ヨーグルティング 2学期開始を記念して贈られた、スピリットに装着する源石。<br>(パワーゲージ最大値 +1)<br>(交換不可),装備アイテム強化,11,1,5,0
274418,reinforce_4001,2学期開始記念 精源石,ヨーグルティング 2学期開始を記念して贈られた、スピリットに装着する源石。<br>(パワーゲージ最大値 +1)<br>(交換不可),装備アイテム強化,11,1,5,0
274419,reinforce_4001,2学期開始記念 精源石,ヨーグルティング 2学期開始を記念して贈られた、スピリットに装着する源石。<br>(パワーゲージ最大値 +1)<br>(交換不可),装備アイテム強化,11,1,5,0
274420,reinforce_4001,2学期開始記念 精源石,ヨーグルティング 2学期開始を記念して贈られた、スピリットに装着する源石。<br>(パワーゲージ最大値 +1)<br>(交換不可),装備アイテム強化,11,1,5,0
274421,reinforce_4001,2学期開始記念 精源石,ヨーグルティング 2学期開始を記念して贈られた、スピリットに装着する源石。<br>(パワーゲージ最大値 +1)<br>(交換不可),装備アイテム強化,11,1,5,0
274422,reinforce_4001,2学期開始記念 精源石,ヨーグルティング 2学期開始を記念して贈られた、スピリットに装着する源石。<br>(パワーゲージ最大値 +1)<br>(交換不可),装備アイテム強化,11,1,5,0
274423,reinforce_4001,2学期開始記念 精源石,ヨーグルティング 2学期開始を記念して贈られた、スピリットに装着する源石。<br>(パワーゲージ最大値 +1)<br>(交換不可),装備アイテム強化,11,1,5,0
274424,reinforce_4001,2学期開始記念 精源石,ヨーグルティング 2学期開始を記念して贈られた、スピリットに装着する源石。<br>(パワーゲージ最大値 +1)<br>(交換不可),装備アイテム強化,11,1,5,0
274425,reinforce_4001,2学期開始記念 精源石,ヨーグルティング 2学期開始を記念して贈られた、スピリットに装着する源石。<br>(パワーゲージ最大値 +1)<br>(交換不可),装備アイテム強化,11,1,5,0
274426,reinforce_4001,2学期開始記念 精源石,ヨーグルティング 2学期開始を記念して贈られた、スピリットに装着する源石。<br>(パワーゲージ最大値 +1)<br>(交換不可),装備アイテム強化,11,1,5,0
275100,reinforce_5001,2学期開始記念 胸衣源石,ヨーグルティング 2学期開始を記念して贈られた、上半身用の制服に装着する源石。<br>(交換不可),装備アイテム強化,7,1,5,0
275101,reinforce_5001,2学期開始記念 胸衣源石,ヨーグルティング 2学期開始を記念して贈られた、上半身用の制服に装着する源石。<br>(交換不可),装備アイテム強化,7,1,5,0
275102,reinforce_5001,2学期開始記念 胸衣源石,ヨーグルティング 2学期開始を記念して贈られた、上半身用の制服に装着する源石。<br>(交換不可),装備アイテム強化,7,1,5,0
275103,reinforce_5001,2学期開始記念 胸衣源石,ヨーグルティング 2学期開始を記念して贈られた、上半身用の制服に装着する源石。<br>(交換不可),装備アイテム強化,7,1,5,0
275104,reinforce_5001,2学期開始記念 胸衣源石,ヨーグルティング 2学期開始を記念して贈られた、上半身用の制服に装着する源石。<br>(交換不可),装備アイテム強化,7,1,5,0
275105,reinforce_5001,2学期開始記念 胸衣源石,ヨーグルティング 2学期開始を記念して贈られた、上半身用の制服に装着する源石。<br>(交換不可),装備アイテム強化,7,1,5,0
275106,reinforce_5001,2学期開始記念 胸衣源石,ヨーグルティング 2学期開始を記念して贈られた、上半身用の制服に装着する源石。<br>(交換不可),装備アイテム強化,7,1,5,0
275107,reinforce_5001,2学期開始記念 胸衣源石,ヨーグルティング 2学期開始を記念して贈られた、上半身用の制服に装着する源石。<br>(交換不可),装備アイテム強化,7,1,5,0
275108,reinforce_5001,2学期開始記念 胸衣源石,ヨーグルティング 2学期開始を記念して贈られた、上半身用の制服に装着する源石。<br>(交換不可),装備アイテム強化,7,1,5,0
275109,reinforce_5001,2学期開始記念 胸衣源石,ヨーグルティング 2学期開始を記念して贈られた、上半身用の制服に装着する源石。<br>(交換不可),装備アイテム強化,7,1,5,0
275110,reinforce_5001,2学期開始記念 胸衣源石,ヨーグルティング 2学期開始を記念して贈られた、上半身用の制服に装着する源石。<br>(交換不可),装備アイテム強化,7,1,5,0
275111,reinforce_5001,2学期開始記念 胸衣源石,ヨーグルティング 2学期開始を記念して贈られた、上半身用の制服に装着する源石。<br>(交換不可),装備アイテム強化,7,1,5,0
275112,reinforce_5001,2学期開始記念 胸衣源石,ヨーグルティング 2学期開始を記念して贈られた、上半身用の制服に装着する源石。<br>(交換不可),装備アイテム強化,7,1,5,0
275113,reinforce_5001,2学期開始記念 胸衣源石,ヨーグルティング 2学期開始を記念して贈られた、上半身用の制服に装着する源石。<br>(交換不可),装備アイテム強化,7,1,5,0
275114,reinforce_5001,2学期開始記念 胸衣源石,ヨーグルティング 2学期開始を記念して贈られた、上半身用の制服に装着する源石。<br>(交換不可),装備アイテム強化,7,1,5,0
275115,reinforce_5001,2学期開始記念 胸衣源石,ヨーグルティング 2学期開始を記念して贈られた、上半身用の制服に装着する源石。<br>(交換不可),装備アイテム強化,7,1,5,0
275116,reinforce_5001,2学期開始記念 胸衣源石,ヨーグルティング 2学期開始を記念して贈られた、上半身用の制服に装着する源石。<br>(交換不可),装備アイテム強化,7,1,5,0
275117,reinforce_5001,2学期開始記念 胸衣源石,ヨーグルティング 2学期開始を記念して贈られた、上半身用の制服に装着する源石。<br>(交換不可),装備アイテム強化,7,1,5,0
275118,reinforce_5001,2学期開始記念 胸衣源石,ヨーグルティング 2学期開始を記念して贈られた、上半身用の制服に装着する源石。<br>(交換不可),装備アイテム強化,7,1,5,0
275119,reinforce_5001,2学期開始記念 胸衣源石,ヨーグルティング 2学期開始を記念して贈られた、上半身用の制服に装着する源石。<br>(交換不可),装備アイテム強化,7,1,5,0
275120,reinforce_5001,2学期開始記念 胸衣源石,ヨーグルティング 2学期開始を記念して贈られた、上半身用の制服に装着する源石。<br>(交換不可),装備アイテム強化,7,1,5,0
275121,reinforce_5001,2学期開始記念 胸衣源石,ヨーグルティング 2学期開始を記念して贈られた、上半身用の制服に装着する源石。<br>(交換不可),装備アイテム強化,7,1,5,0
275122,reinforce_5001,2学期開始記念 胸衣源石,ヨーグルティング 2学期開始を記念して贈られた、上半身用の制服に装着する源石。<br>(交換不可),装備アイテム強化,7,1,5,0
275123,reinforce_5001,2学期開始記念 胸衣源石,ヨーグルティング 2学期開始を記念して贈られた、上半身用の制服に装着する源石。<br>(交換不可),装備アイテム強化,7,1,5,0
275124,reinforce_5001,2学期開始記念 胸衣源石,ヨーグルティング 2学期開始を記念して贈られた、上半身用の制服に装着する源石。<br>(交換不可),装備アイテム強化,7,1,5,0
275125,reinforce_5001,2学期開始記念 胸衣源石,ヨーグルティング 2学期開始を記念して贈られた、上半身用の制服に装着する源石。<br>(交換不可),装備アイテム強化,7,1,5,0
275126,reinforce_5001,2学期開始記念 胸衣源石,ヨーグルティング 2学期開始を記念して贈られた、上半身用の制服に装着する源石。<br>(交換不可),装備アイテム強化,7,1,5,0
275127,reinforce_5001,2学期開始記念 胸衣源石,ヨーグルティング 2学期開始を記念して贈られた、上半身用の制服に装着する源石。<br>(交換不可),装備アイテム強化,7,1,5,0
275128,reinforce_5001,2学期開始記念 胸衣源石,ヨーグルティング 2学期開始を記念して贈られた、上半身用の制服に装着する源石。<br>(交換不可),装備アイテム強化,7,1,5,0
275129,reinforce_5001,2学期開始記念 胸衣源石,ヨーグルティング 2学期開始を記念して贈られた、上半身用の制服に装着する源石。<br>(交換不可),装備アイテム強化,7,1,5,0
275130,reinforce_5001,2学期開始記念 胸衣源石,ヨーグルティング 2学期開始を記念して贈られた、上半身用の制服に装着する源石。<br>(交換不可),装備アイテム強化,7,1,5,0
275131,reinforce_5001,2学期開始記念 胸衣源石,ヨーグルティング 2学期開始を記念して贈られた、上半身用の制服に装着する源石。<br>(交換不可),装備アイテム強化,7,1,5,0
275132,reinforce_5001,2学期開始記念 胸衣源石,ヨーグルティング 2学期開始を記念して贈られた、上半身用の制服に装着する源石。<br>(交換不可),装備アイテム強化,7,1,5,0
275133,reinforce_5001,2学期開始記念 胸衣源石,ヨーグルティング 2学期開始を記念して贈られた、上半身用の制服に装着する源石。<br>(交換不可),装備アイテム強化,7,1,5,0
275134,reinforce_5001,2学期開始記念 胸衣源石,ヨーグルティング 2学期開始を記念して贈られた、上半身用の制服に装着する源石。<br>(交換不可),装備アイテム強化,7,1,5,0
275135,reinforce_5001,2学期開始記念 胸衣源石,ヨーグルティング 2学期開始を記念して贈られた、上半身用の制服に装着する源石。<br>(交換不可),装備アイテム強化,7,1,5,0
275136,reinforce_5001,2学期開始記念 胸衣源石,ヨーグルティング 2学期開始を記念して贈られた、上半身用の制服に装着する源石。<br>(交換不可),装備アイテム強化,7,1,5,0
275137,reinforce_5001,2学期開始記念 胸衣源石,ヨーグルティング 2学期開始を記念して贈られた、上半身用の制服に装着する源石。<br>(交換不可),装備アイテム強化,7,1,5,0
275138,reinforce_5001,2学期開始記念 胸衣源石,ヨーグルティング 2学期開始を記念して贈られた、上半身用の制服に装着する源石。<br>(交換不可),装備アイテム強化,7,1,5,0
275139,reinforce_5001,2学期開始記念 胸衣源石,ヨーグルティング 2学期開始を記念して贈られた、上半身用の制服に装着する源石。<br>(交換不可),装備アイテム強化,7,1,5,0
275140,reinforce_5001,2学期開始記念 胸衣源石,ヨーグルティング 2学期開始を記念して贈られた、上半身用の制服に装着する源石。<br>(交換不可),装備アイテム強化,7,1,5,0
275141,reinforce_5001,2学期開始記念 胸衣源石,ヨーグルティング 2学期開始を記念して贈られた、上半身用の制服に装着する源石。<br>(交換不可),装備アイテム強化,7,1,5,0
275142,reinforce_5001,2学期開始記念 胸衣源石,ヨーグルティング 2学期開始を記念して贈られた、上半身用の制服に装着する源石。<br>(交換不可),装備アイテム強化,7,1,5,0
275143,reinforce_5001,2学期開始記念 胸衣源石,ヨーグルティング 2学期開始を記念して贈られた、上半身用の制服に装着する源石。<br>(交換不可),装備アイテム強化,7,1,5,0
275144,reinforce_5001,2学期開始記念 胸衣源石,ヨーグルティング 2学期開始を記念して贈られた、上半身用の制服に装着する源石。<br>(交換不可),装備アイテム強化,8,1,5,0
275145,reinforce_5001,2学期開始記念 胸衣源石,ヨーグルティング 2学期開始を記念して贈られた、上半身用の制服に装着する源石。<br>(交換不可),装備アイテム強化,8,1,5,0
275146,reinforce_5001,2学期開始記念 胸衣源石,ヨーグルティング 2学期開始を記念して贈られた、上半身用の制服に装着する源石。<br>(交換不可),装備アイテム強化,8,1,5,0
275147,reinforce_5001,2学期開始記念 胸衣源石,ヨーグルティング 2学期開始を記念して贈られた、上半身用の制服に装着する源石。<br>(交換不可),装備アイテム強化,8,1,5,0
275148,reinforce_5001,2学期開始記念 胸衣源石,ヨーグルティング 2学期開始を記念して贈られた、上半身用の制服に装着する源石。<br>(交換不可),装備アイテム強化,8,1,5,0
275149,reinforce_5001,2学期開始記念 胸衣源石,ヨーグルティング 2学期開始を記念して贈られた、上半身用の制服に装着する源石。<br>(交換不可),装備アイテム強化,8,1,5,0
275150,reinforce_5001,2学期開始記念 胸衣源石,ヨーグルティング 2学期開始を記念して贈られた、上半身用の制服に装着する源石。<br>(交換不可),装備アイテム強化,8,1,5,0
275151,reinforce_5001,2学期開始記念 胸衣源石,ヨーグルティング 2学期開始を記念して贈られた、上半身用の制服に装着する源石。<br>(交換不可),装備アイテム強化,8,1,5,0
275152,reinforce_5001,2学期開始記念 胸衣源石,ヨーグルティング 2学期開始を記念して贈られた、上半身用の制服に装着する源石。<br>(交換不可),装備アイテム強化,8,1,5,0
275153,reinforce_5001,2学期開始記念 胸衣源石,ヨーグルティング 2学期開始を記念して贈られた、上半身用の制服に装着する源石。<br>(交換不可),装備アイテム強化,8,1,5,0
275154,reinforce_5001,2学期開始記念 胸衣源石,ヨーグルティング 2学期開始を記念して贈られた、上半身用の制服に装着する源石。<br>(交換不可),装備アイテム強化,8,1,5,0
275155,reinforce_5001,2学期開始記念 胸衣源石,ヨーグルティング 2学期開始を記念して贈られた、上半身用の制服に装着する源石。<br>(交換不可),装備アイテム強化,8,1,5,0
275156,reinforce_5001,2学期開始記念 胸衣源石,ヨーグルティング 2学期開始を記念して贈られた、上半身用の制服に装着する源石。<br>(交換不可),装備アイテム強化,8,1,5,0
275157,reinforce_5001,2学期開始記念 胸衣源石,ヨーグルティング 2学期開始を記念して贈られた、上半身用の制服に装着する源石。<br>(交換不可),装備アイテム強化,8,1,5,0
275158,reinforce_5001,2学期開始記念 胸衣源石,ヨーグルティング 2学期開始を記念して贈られた、上半身用の制服に装着する源石。<br>(交換不可),装備アイテム強化,8,1,5,0
275159,reinforce_5001,2学期開始記念 胸衣源石,ヨーグルティング 2学期開始を記念して贈られた、上半身用の制服に装着する源石。<br>(交換不可),装備アイテム強化,8,1,5,0
275160,reinforce_5001,2学期開始記念 胸衣源石,ヨーグルティング 2学期開始を記念して贈られた、上半身用の制服に装着する源石。<br>(交換不可),装備アイテム強化,8,1,5,0
275161,reinforce_5001,2学期開始記念 胸衣源石,ヨーグルティング 2学期開始を記念して贈られた、上半身用の制服に装着する源石。<br>(交換不可),装備アイテム強化,8,1,5,0
275162,reinforce_5001,2学期開始記念 胸衣源石,ヨーグルティング 2学期開始を記念して贈られた、上半身用の制服に装着する源石。<br>(交換不可),装備アイテム強化,8,1,5,0
275163,reinforce_5001,2学期開始記念 胸衣源石,ヨーグルティング 2学期開始を記念して贈られた、上半身用の制服に装着する源石。<br>(交換不可),装備アイテム強化,8,1,5,0
275164,reinforce_5001,2学期開始記念 胸衣源石,ヨーグルティング 2学期開始を記念して贈られた、上半身用の制服に装着する源石。<br>(交換不可),装備アイテム強化,8,1,5,0
275165,reinforce_5001,2学期開始記念 胸衣源石,ヨーグルティング 2学期開始を記念して贈られた、上半身用の制服に装着する源石。<br>(交換不可),装備アイテム強化,8,1,5,0
275166,reinforce_5001,2学期開始記念 胸衣源石,ヨーグルティング 2学期開始を記念して贈られた、上半身用の制服に装着する源石。<br>(交換不可),装備アイテム強化,8,1,5,0
275167,reinforce_5001,2学期開始記念 胸衣源石,ヨーグルティング 2学期開始を記念して贈られた、上半身用の制服に装着する源石。<br>(交換不可),装備アイテム強化,8,1,5,0
275168,reinforce_5001,2学期開始記念 胸衣源石,ヨーグルティング 2学期開始を記念して贈られた、上半身用の制服に装着する源石。<br>(交換不可),装備アイテム強化,8,1,5,0
275169,reinforce_5001,2学期開始記念 胸衣源石,ヨーグルティング 2学期開始を記念して贈られた、上半身用の制服に装着する源石。<br>(交換不可),装備アイテム強化,8,1,5,0
275170,reinforce_5001,2学期開始記念 胸衣源石,ヨーグルティング 2学期開始を記念して贈られた、上半身用の制服に装着する源石。<br>(交換不可),装備アイテム強化,8,1,5,0
275171,reinforce_5001,2学期開始記念 胸衣源石,ヨーグルティング 2学期開始を記念して贈られた、上半身用の制服に装着する源石。<br>(交換不可),装備アイテム強化,8,1,5,0
275172,reinforce_5001,2学期開始記念 胸衣源石,ヨーグルティング 2学期開始を記念して贈られた、上半身用の制服に装着する源石。<br>(交換不可),装備アイテム強化,8,1,5,0
275173,reinforce_5001,2学期開始記念 胸衣源石,ヨーグルティング 2学期開始を記念して贈られた、上半身用の制服に装着する源石。<br>(交換不可),装備アイテム強化,8,1,5,0
275174,reinforce_5001,2学期開始記念 胸衣源石,ヨーグルティング 2学期開始を記念して贈られた、上半身用の制服に装着する源石。<br>(交換不可),装備アイテム強化,8,1,5,0
275175,reinforce_5001,2学期開始記念 胸衣源石,ヨーグルティング 2学期開始を記念して贈られた、上半身用の制服に装着する源石。<br>(交換不可),装備アイテム強化,8,1,5,0
275176,reinforce_5001,2学期開始記念 胸衣源石,ヨーグルティング 2学期開始を記念して贈られた、上半身用の制服に装着する源石。<br>(交換不可),装備アイテム強化,8,1,5,0
275177,reinforce_5001,2学期開始記念 胸衣源石,ヨーグルティング 2学期開始を記念して贈られた、上半身用の制服に装着する源石。<br>(交換不可),装備アイテム強化,8,1,5,0
275178,reinforce_5001,2学期開始記念 胸衣源石,ヨーグルティング 2学期開始を記念して贈られた、上半身用の制服に装着する源石。<br>(交換不可),装備アイテム強化,8,1,5,0
275179,reinforce_5001,2学期開始記念 胸衣源石,ヨーグルティング 2学期開始を記念して贈られた、上半身用の制服に装着する源石。<br>(交換不可),装備アイテム強化,8,1,5,0
275180,reinforce_5001,2学期開始記念 胸衣源石,ヨーグルティング 2学期開始を記念して贈られた、上半身用の制服に装着する源石。<br>(交換不可),装備アイテム強化,8,1,5,0
275181,reinforce_5001,2学期開始記念 胸衣源石,ヨーグルティング 2学期開始を記念して贈られた、上半身用の制服に装着する源石。<br>(交換不可),装備アイテム強化,8,1,5,0
275182,reinforce_5001,2学期開始記念 胸衣源石,ヨーグルティング 2学期開始を記念して贈られた、上半身用の制服に装着する源石。<br>(交換不可),装備アイテム強化,8,1,5,0
275183,reinforce_5001,2学期開始記念 胸衣源石,ヨーグルティング 2学期開始を記念して贈られた、上半身用の制服に装着する源石。<br>(交換不可),装備アイテム強化,8,1,5,0
275184,reinforce_5001,2学期開始記念 胸衣源石,ヨーグルティング 2学期開始を記念して贈られた、上半身用の制服に装着する源石。<br>(交換不可),装備アイテム強化,8,1,5,0
275185,reinforce_5001,2学期開始記念 胸衣源石,ヨーグルティング 2学期開始を記念して贈られた、上半身用の制服に装着する源石。<br>(交換不可),装備アイテム強化,8,1,5,0
275186,reinforce_5001,2学期開始記念 胸衣源石,ヨーグルティング 2学期開始を記念して贈られた、上半身用の制服に装着する源石。<br>(交換不可),装備アイテム強化,8,1,5,0
275187,reinforce_5001,2学期開始記念 胸衣源石,ヨーグルティング 2学期開始を記念して贈られた、上半身用の制服に装着する源石。<br>(交換不可),装備アイテム強化,8,1,5,0
275188,reinforce_5001,2学期開始記念 胸衣源石,ヨーグルティング 2学期開始を記念して贈られた、上半身用の制服に装着する源石。<br>(交換不可),装備アイテム強化,9,1,5,0
275189,reinforce_5001,2学期開始記念 胸衣源石,ヨーグルティング 2学期開始を記念して贈られた、上半身用の制服に装着する源石。<br>(交換不可),装備アイテム強化,9,1,5,0
275190,reinforce_5001,2学期開始記念 胸衣源石,ヨーグルティング 2学期開始を記念して贈られた、上半身用の制服に装着する源石。<br>(交換不可),装備アイテム強化,9,1,5,0
275191,reinforce_5001,2学期開始記念 胸衣源石,ヨーグルティング 2学期開始を記念して贈られた、上半身用の制服に装着する源石。<br>(交換不可),装備アイテム強化,9,1,5,0
275192,reinforce_5001,2学期開始記念 胸衣源石,ヨーグルティング 2学期開始を記念して贈られた、上半身用の制服に装着する源石。<br>(交換不可),装備アイテム強化,9,1,5,0
275193,reinforce_5001,2学期開始記念 胸衣源石,ヨーグルティング 2学期開始を記念して贈られた、上半身用の制服に装着する源石。<br>(交換不可),装備アイテム強化,9,1,5,0
275194,reinforce_5001,2学期開始記念 胸衣源石,ヨーグルティング 2学期開始を記念して贈られた、上半身用の制服に装着する源石。<br>(交換不可),装備アイテム強化,9,1,5,0
275195,reinforce_5001,2学期開始記念 胸衣源石,ヨーグルティング 2学期開始を記念して贈られた、上半身用の制服に装着する源石。<br>(交換不可),装備アイテム強化,9,1,5,0
275196,reinforce_5001,2学期開始記念 胸衣源石,ヨーグルティング 2学期開始を記念して贈られた、上半身用の制服に装着する源石。<br>(交換不可),装備アイテム強化,9,1,5,0
275197,reinforce_5001,2学期開始記念 胸衣源石,ヨーグルティング 2学期開始を記念して贈られた、上半身用の制服に装着する源石。<br>(交換不可),装備アイテム強化,9,1,5,0
275198,reinforce_5001,2学期開始記念 胸衣源石,ヨーグルティング 2学期開始を記念して贈られた、上半身用の制服に装着する源石。<br>(交換不可),装備アイテム強化,9,1,5,0
275199,reinforce_5001,2学期開始記念 胸衣源石,ヨーグルティング 2学期開始を記念して贈られた、上半身用の制服に装着する源石。<br>(交換不可),装備アイテム強化,9,1,5,0
275200,reinforce_5001,2学期開始記念 胸衣源石,ヨーグルティング 2学期開始を記念して贈られた、上半身用の制服に装着する源石。<br>(交換不可),装備アイテム強化,9,1,5,0
275201,reinforce_5001,2学期開始記念 胸衣源石,ヨーグルティング 2学期開始を記念して贈られた、上半身用の制服に装着する源石。<br>(交換不可),装備アイテム強化,9,1,5,0
275202,reinforce_5001,2学期開始記念 胸衣源石,ヨーグルティング 2学期開始を記念して贈られた、上半身用の制服に装着する源石。<br>(交換不可),装備アイテム強化,9,1,5,0
275203,reinforce_5001,2学期開始記念 胸衣源石,ヨーグルティング 2学期開始を記念して贈られた、上半身用の制服に装着する源石。<br>(交換不可),装備アイテム強化,9,1,5,0
275204,reinforce_5001,2学期開始記念 胸衣源石,ヨーグルティング 2学期開始を記念して贈られた、上半身用の制服に装着する源石。<br>(交換不可),装備アイテム強化,9,1,5,0
275205,reinforce_5001,2学期開始記念 胸衣源石,ヨーグルティング 2学期開始を記念して贈られた、上半身用の制服に装着する源石。<br>(交換不可),装備アイテム強化,9,1,5,0
275206,reinforce_5001,2学期開始記念 胸衣源石,ヨーグルティング 2学期開始を記念して贈られた、上半身用の制服に装着する源石。<br>(交換不可),装備アイテム強化,9,1,5,0
275207,reinforce_5001,2学期開始記念 胸衣源石,ヨーグルティング 2学期開始を記念して贈られた、上半身用の制服に装着する源石。<br>(交換不可),装備アイテム強化,9,1,5,0
275208,reinforce_5001,2学期開始記念 胸衣源石,ヨーグルティング 2学期開始を記念して贈られた、上半身用の制服に装着する源石。<br>(交換不可),装備アイテム強化,9,1,5,0
275209,reinforce_5001,2学期開始記念 胸衣源石,ヨーグルティング 2学期開始を記念して贈られた、上半身用の制服に装着する源石。<br>(交換不可),装備アイテム強化,9,1,5,0
275210,reinforce_5001,2学期開始記念 胸衣源石,ヨーグルティング 2学期開始を記念して贈られた、上半身用の制服に装着する源石。<br>(交換不可),装備アイテム強化,9,1,5,0
275211,reinforce_5001,2学期開始記念 胸衣源石,ヨーグルティング 2学期開始を記念して贈られた、上半身用の制服に装着する源石。<br>(交換不可),装備アイテム強化,9,1,5,0
275212,reinforce_5001,2学期開始記念 胸衣源石,ヨーグルティング 2学期開始を記念して贈られた、上半身用の制服に装着する源石。<br>(交換不可),装備アイテム強化,9,1,5,0
275213,reinforce_5001,2学期開始記念 胸衣源石,ヨーグルティング 2学期開始を記念して贈られた、上半身用の制服に装着する源石。<br>(交換不可),装備アイテム強化,9,1,5,0
275214,reinforce_5001,2学期開始記念 胸衣源石,ヨーグルティング 2学期開始を記念して贈られた、上半身用の制服に装着する源石。<br>(交換不可),装備アイテム強化,9,1,5,0
275215,reinforce_5001,2学期開始記念 胸衣源石,ヨーグルティング 2学期開始を記念して贈られた、上半身用の制服に装着する源石。<br>(交換不可),装備アイテム強化,9,1,5,0
275216,reinforce_5001,2学期開始記念 胸衣源石,ヨーグルティング 2学期開始を記念して贈られた、上半身用の制服に装着する源石。<br>(交換不可),装備アイテム強化,9,1,5,0
275217,reinforce_5001,2学期開始記念 胸衣源石,ヨーグルティング 2学期開始を記念して贈られた、上半身用の制服に装着する源石。<br>(交換不可),装備アイテム強化,9,1,5,0
275218,reinforce_5001,2学期開始記念 胸衣源石,ヨーグルティング 2学期開始を記念して贈られた、上半身用の制服に装着する源石。<br>(交換不可),装備アイテム強化,9,1,5,0
275219,reinforce_5001,2学期開始記念 胸衣源石,ヨーグルティング 2学期開始を記念して贈られた、上半身用の制服に装着する源石。<br>(交換不可),装備アイテム強化,9,1,5,0
275220,reinforce_5001,2学期開始記念 胸衣源石,ヨーグルティング 2学期開始を記念して贈られた、上半身用の制服に装着する源石。<br>(交換不可),装備アイテム強化,9,1,5,0
275221,reinforce_5001,2学期開始記念 胸衣源石,ヨーグルティング 2学期開始を記念して贈られた、上半身用の制服に装着する源石。<br>(交換不可),装備アイテム強化,9,1,5,0
275222,reinforce_5001,2学期開始記念 胸衣源石,ヨーグルティング 2学期開始を記念して贈られた、上半身用の制服に装着する源石。<br>(交換不可),装備アイテム強化,9,1,5,0
275223,reinforce_5001,2学期開始記念 胸衣源石,ヨーグルティング 2学期開始を記念して贈られた、上半身用の制服に装着する源石。<br>(交換不可),装備アイテム強化,9,1,5,0
275224,reinforce_5001,2学期開始記念 胸衣源石,ヨーグルティング 2学期開始を記念して贈られた、上半身用の制服に装着する源石。<br>(交換不可),装備アイテム強化,9,1,5,0
275225,reinforce_5001,2学期開始記念 胸衣源石,ヨーグルティング 2学期開始を記念して贈られた、上半身用の制服に装着する源石。<br>(交換不可),装備アイテム強化,9,1,5,0
275226,reinforce_5001,2学期開始記念 胸衣源石,ヨーグルティング 2学期開始を記念して贈られた、上半身用の制服に装着する源石。<br>(交換不可),装備アイテム強化,9,1,5,0
275227,reinforce_5001,2学期開始記念 胸衣源石,ヨーグルティング 2学期開始を記念して贈られた、上半身用の制服に装着する源石。<br>(交換不可),装備アイテム強化,9,1,5,0
275228,reinforce_5001,2学期開始記念 胸衣源石,ヨーグルティング 2学期開始を記念して贈られた、上半身用の制服に装着する源石。<br>(交換不可),装備アイテム強化,9,1,5,0
275229,reinforce_5001,2学期開始記念 胸衣源石,ヨーグルティング 2学期開始を記念して贈られた、上半身用の制服に装着する源石。<br>(交換不可),装備アイテム強化,9,1,5,0
275230,reinforce_5001,2学期開始記念 胸衣源石,ヨーグルティング 2学期開始を記念して贈られた、上半身用の制服に装着する源石。<br>(交換不可),装備アイテム強化,9,1,5,0
275231,reinforce_5001,2学期開始記念 胸衣源石,ヨーグルティング 2学期開始を記念して贈られた、上半身用の制服に装着する源石。<br>(交換不可),装備アイテム強化,9,1,5,0
275232,reinforce_5001,2学期開始記念 胸衣源石,ヨーグルティング 2学期開始を記念して贈られた、上半身用の制服に装着する源石。<br>(交換不可),装備アイテム強化,10,1,5,0
275233,reinforce_5001,2学期開始記念 胸衣源石,ヨーグルティング 2学期開始を記念して贈られた、上半身用の制服に装着する源石。<br>(交換不可),装備アイテム強化,10,1,5,0
275234,reinforce_5001,2学期開始記念 胸衣源石,ヨーグルティング 2学期開始を記念して贈られた、上半身用の制服に装着する源石。<br>(交換不可),装備アイテム強化,10,1,5,0
275235,reinforce_5001,2学期開始記念 胸衣源石,ヨーグルティング 2学期開始を記念して贈られた、上半身用の制服に装着する源石。<br>(交換不可),装備アイテム強化,10,1,5,0
275236,reinforce_5001,2学期開始記念 胸衣源石,ヨーグルティング 2学期開始を記念して贈られた、上半身用の制服に装着する源石。<br>(交換不可),装備アイテム強化,10,1,5,0
275237,reinforce_5001,2学期開始記念 胸衣源石,ヨーグルティング 2学期開始を記念して贈られた、上半身用の制服に装着する源石。<br>(交換不可),装備アイテム強化,10,1,5,0
275238,reinforce_5001,2学期開始記念 胸衣源石,ヨーグルティング 2学期開始を記念して贈られた、上半身用の制服に装着する源石。<br>(交換不可),装備アイテム強化,10,1,5,0
275239,reinforce_5001,2学期開始記念 胸衣源石,ヨーグルティング 2学期開始を記念して贈られた、上半身用の制服に装着する源石。<br>(交換不可),装備アイテム強化,10,1,5,0
275240,reinforce_5001,2学期開始記念 胸衣源石,ヨーグルティング 2学期開始を記念して贈られた、上半身用の制服に装着する源石。<br>(交換不可),装備アイテム強化,10,1,5,0
275241,reinforce_5001,2学期開始記念 胸衣源石,ヨーグルティング 2学期開始を記念して贈られた、上半身用の制服に装着する源石。<br>(交換不可),装備アイテム強化,10,1,5,0
275242,reinforce_5001,2学期開始記念 胸衣源石,ヨーグルティング 2学期開始を記念して贈られた、上半身用の制服に装着する源石。<br>(交換不可),装備アイテム強化,10,1,5,0
275243,reinforce_5001,2学期開始記念 胸衣源石,ヨーグルティング 2学期開始を記念して贈られた、上半身用の制服に装着する源石。<br>(交換不可),装備アイテム強化,10,1,5,0
275244,reinforce_5001,2学期開始記念 胸衣源石,ヨーグルティング 2学期開始を記念して贈られた、上半身用の制服に装着する源石。<br>(交換不可),装備アイテム強化,10,1,5,0
275245,reinforce_5001,2学期開始記念 胸衣源石,ヨーグルティング 2学期開始を記念して贈られた、上半身用の制服に装着する源石。<br>(交換不可),装備アイテム強化,10,1,5,0
275246,reinforce_5001,2学期開始記念 胸衣源石,ヨーグルティング 2学期開始を記念して贈られた、上半身用の制服に装着する源石。<br>(交換不可),装備アイテム強化,10,1,5,0
275247,reinforce_5001,2学期開始記念 胸衣源石,ヨーグルティング 2学期開始を記念して贈られた、上半身用の制服に装着する源石。<br>(交換不可),装備アイテム強化,10,1,5,0
275248,reinforce_5001,2学期開始記念 胸衣源石,ヨーグルティング 2学期開始を記念して贈られた、上半身用の制服に装着する源石。<br>(交換不可),装備アイテム強化,10,1,5,0
275249,reinforce_5001,2学期開始記念 胸衣源石,ヨーグルティング 2学期開始を記念して贈られた、上半身用の制服に装着する源石。<br>(交換不可),装備アイテム強化,10,1,5,0
275250,reinforce_5001,2学期開始記念 胸衣源石,ヨーグルティング 2学期開始を記念して贈られた、上半身用の制服に装着する源石。<br>(交換不可),装備アイテム強化,10,1,5,0
275251,reinforce_5001,2学期開始記念 胸衣源石,ヨーグルティング 2学期開始を記念して贈られた、上半身用の制服に装着する源石。<br>(交換不可),装備アイテム強化,10,1,5,0
275252,reinforce_5001,2学期開始記念 胸衣源石,ヨーグルティング 2学期開始を記念して贈られた、上半身用の制服に装着する源石。<br>(交換不可),装備アイテム強化,10,1,5,0
275253,reinforce_5001,2学期開始記念 胸衣源石,ヨーグルティング 2学期開始を記念して贈られた、上半身用の制服に装着する源石。<br>(交換不可),装備アイテム強化,10,1,5,0
275254,reinforce_5001,2学期開始記念 胸衣源石,ヨーグルティング 2学期開始を記念して贈られた、上半身用の制服に装着する源石。<br>(交換不可),装備アイテム強化,10,1,5,0
275255,reinforce_5001,2学期開始記念 胸衣源石,ヨーグルティング 2学期開始を記念して贈られた、上半身用の制服に装着する源石。<br>(交換不可),装備アイテム強化,10,1,5,0
275256,reinforce_5001,2学期開始記念 胸衣源石,ヨーグルティング 2学期開始を記念して贈られた、上半身用の制服に装着する源石。<br>(交換不可),装備アイテム強化,10,1,5,0
275257,reinforce_5001,2学期開始記念 胸衣源石,ヨーグルティング 2学期開始を記念して贈られた、上半身用の制服に装着する源石。<br>(交換不可),装備アイテム強化,10,1,5,0
275258,reinforce_5001,2学期開始記念 胸衣源石,ヨーグルティング 2学期開始を記念して贈られた、上半身用の制服に装着する源石。<br>(交換不可),装備アイテム強化,10,1,5,0
275259,reinforce_5001,2学期開始記念 胸衣源石,ヨーグルティング 2学期開始を記念して贈られた、上半身用の制服に装着する源石。<br>(交換不可),装備アイテム強化,10,1,5,0
275260,reinforce_5001,2学期開始記念 胸衣源石,ヨーグルティング 2学期開始を記念して贈られた、上半身用の制服に装着する源石。<br>(交換不可),装備アイテム強化,10,1,5,0
275261,reinforce_5001,2学期開始記念 胸衣源石,ヨーグルティング 2学期開始を記念して贈られた、上半身用の制服に装着する源石。<br>(交換不可),装備アイテム強化,10,1,5,0
275262,reinforce_5001,2学期開始記念 胸衣源石,ヨーグルティング 2学期開始を記念して贈られた、上半身用の制服に装着する源石。<br>(交換不可),装備アイテム強化,10,1,5,0
275263,reinforce_5001,2学期開始記念 胸衣源石,ヨーグルティング 2学期開始を記念して贈られた、上半身用の制服に装着する源石。<br>(交換不可),装備アイテム強化,10,1,5,0
275264,reinforce_5001,2学期開始記念 胸衣源石,ヨーグルティング 2学期開始を記念して贈られた、上半身用の制服に装着する源石。<br>(交換不可),装備アイテム強化,10,1,5,0
275265,reinforce_5001,2学期開始記念 胸衣源石,ヨーグルティング 2学期開始を記念して贈られた、上半身用の制服に装着する源石。<br>(交換不可),装備アイテム強化,10,1,5,0
275266,reinforce_5001,2学期開始記念 胸衣源石,ヨーグルティング 2学期開始を記念して贈られた、上半身用の制服に装着する源石。<br>(交換不可),装備アイテム強化,10,1,5,0
275267,reinforce_5001,2学期開始記念 胸衣源石,ヨーグルティング 2学期開始を記念して贈られた、上半身用の制服に装着する源石。<br>(交換不可),装備アイテム強化,10,1,5,0
275268,reinforce_5001,2学期開始記念 胸衣源石,ヨーグルティング 2学期開始を記念して贈られた、上半身用の制服に装着する源石。<br>(交換不可),装備アイテム強化,10,1,5,0
275269,reinforce_5001,2学期開始記念 胸衣源石,ヨーグルティング 2学期開始を記念して贈られた、上半身用の制服に装着する源石。<br>(交換不可),装備アイテム強化,10,1,5,0
275270,reinforce_5001,2学期開始記念 胸衣源石,ヨーグルティング 2学期開始を記念して贈られた、上半身用の制服に装着する源石。<br>(交換不可),装備アイテム強化,10,1,5,0
275271,reinforce_5001,2学期開始記念 胸衣源石,ヨーグルティング 2学期開始を記念して贈られた、上半身用の制服に装着する源石。<br>(交換不可),装備アイテム強化,10,1,5,0
275272,reinforce_5001,2学期開始記念 胸衣源石,ヨーグルティング 2学期開始を記念して贈られた、上半身用の制服に装着する源石。<br>(交換不可),装備アイテム強化,10,1,5,0
275273,reinforce_5001,2学期開始記念 胸衣源石,ヨーグルティング 2学期開始を記念して贈られた、上半身用の制服に装着する源石。<br>(交換不可),装備アイテム強化,10,1,5,0
275274,reinforce_5001,2学期開始記念 胸衣源石,ヨーグルティング 2学期開始を記念して贈られた、上半身用の制服に装着する源石。<br>(交換不可),装備アイテム強化,10,1,5,0
275275,reinforce_5001,2学期開始記念 胸衣源石,ヨーグルティング 2学期開始を記念して贈られた、上半身用の制服に装着する源石。<br>(交換不可),装備アイテム強化,10,1,5,0
275276,reinforce_5001,2学期開始記念 胸衣源石,ヨーグルティング 2学期開始を記念して贈られた、上半身用の制服に装着する源石。<br>(交換不可),装備アイテム強化,10,1,5,0
275277,reinforce_5001,2学期開始記念 胸衣源石,ヨーグルティング 2学期開始を記念して贈られた、上半身用の制服に装着する源石。<br>(交換不可),装備アイテム強化,10,1,5,0
275278,reinforce_5001,2学期開始記念 胸衣源石,ヨーグルティング 2学期開始を記念して贈られた、上半身用の制服に装着する源石。<br>(交換不可),装備アイテム強化,10,1,5,0
275279,reinforce_5001,2学期開始記念 胸衣源石,ヨーグルティング 2学期開始を記念して贈られた、上半身用の制服に装着する源石。<br>(交換不可),装備アイテム強化,10,1,5,0
275280,reinforce_5001,2学期開始記念 胸衣源石,ヨーグルティング 2学期開始を記念して贈られた、上半身用の制服に装着する源石。<br>(交換不可),装備アイテム強化,10,1,5,0
275281,reinforce_5001,2学期開始記念 胸衣源石,ヨーグルティング 2学期開始を記念して贈られた、上半身用の制服に装着する源石。<br>(交換不可),装備アイテム強化,10,1,5,0
275282,reinforce_5001,2学期開始記念 胸衣源石,ヨーグルティング 2学期開始を記念して贈られた、上半身用の制服に装着する源石。<br>(交換不可),装備アイテム強化,10,1,5,0
275283,reinforce_5001,2学期開始記念 胸衣源石,ヨーグルティング 2学期開始を記念して贈られた、上半身用の制服に装着する源石。<br>(交換不可),装備アイテム強化,10,1,5,0
275284,reinforce_5001,2学期開始記念 胸衣源石,ヨーグルティング 2学期開始を記念して贈られた、上半身用の制服に装着する源石。<br>(交換不可),装備アイテム強化,10,1,5,0
275285,reinforce_5001,2学期開始記念 胸衣源石,ヨーグルティング 2学期開始を記念して贈られた、上半身用の制服に装着する源石。<br>(交換不可),装備アイテム強化,10,1,5,0
275286,reinforce_5001,2学期開始記念 胸衣源石,ヨーグルティング 2学期開始を記念して贈られた、上半身用の制服に装着する源石。<br>(交換不可),装備アイテム強化,10,1,5,0
275287,reinforce_5001,2学期開始記念 胸衣源石,ヨーグルティング 2学期開始を記念して贈られた、上半身用の制服に装着する源石。<br>(交換不可),装備アイテム強化,11,1,5,0
275288,reinforce_5001,2学期開始記念 胸衣源石,ヨーグルティング 2学期開始を記念して贈られた、上半身用の制服に装着する源石。<br>(交換不可),装備アイテム強化,11,1,5,0
275289,reinforce_5001,2学期開始記念 胸衣源石,ヨーグルティング 2学期開始を記念して贈られた、上半身用の制服に装着する源石。<br>(交換不可),装備アイテム強化,11,1,5,0
275290,reinforce_5001,2学期開始記念 胸衣源石,ヨーグルティング 2学期開始を記念して贈られた、上半身用の制服に装着する源石。<br>(交換不可),装備アイテム強化,11,1,5,0
275291,reinforce_5001,2学期開始記念 胸衣源石,ヨーグルティング 2学期開始を記念して贈られた、上半身用の制服に装着する源石。<br>(交換不可),装備アイテム強化,11,1,5,0
275292,reinforce_5001,2学期開始記念 胸衣源石,ヨーグルティング 2学期開始を記念して贈られた、上半身用の制服に装着する源石。<br>(交換不可),装備アイテム強化,11,1,5,0
275293,reinforce_5001,2学期開始記念 胸衣源石,ヨーグルティング 2学期開始を記念して贈られた、上半身用の制服に装着する源石。<br>(交換不可),装備アイテム強化,11,1,5,0
275294,reinforce_5001,2学期開始記念 胸衣源石,ヨーグルティング 2学期開始を記念して贈られた、上半身用の制服に装着する源石。<br>(交換不可),装備アイテム強化,11,1,5,0
275295,reinforce_5001,2学期開始記念 胸衣源石,ヨーグルティング 2学期開始を記念して贈られた、上半身用の制服に装着する源石。<br>(交換不可),装備アイテム強化,11,1,5,0
275296,reinforce_5001,2学期開始記念 胸衣源石,ヨーグルティング 2学期開始を記念して贈られた、上半身用の制服に装着する源石。<br>(交換不可),装備アイテム強化,11,1,5,0
275297,reinforce_5001,2学期開始記念 胸衣源石,ヨーグルティング 2学期開始を記念して贈られた、上半身用の制服に装着する源石。<br>(交換不可),装備アイテム強化,11,1,5,0
275298,reinforce_5001,2学期開始記念 胸衣源石,ヨーグルティング 2学期開始を記念して贈られた、上半身用の制服に装着する源石。<br>(交換不可),装備アイテム強化,11,1,5,0
275299,reinforce_5001,2学期開始記念 胸衣源石,ヨーグルティング 2学期開始を記念して贈られた、上半身用の制服に装着する源石。<br>(交換不可),装備アイテム強化,11,1,5,0
275300,reinforce_5001,2学期開始記念 胸衣源石,ヨーグルティング 2学期開始を記念して贈られた、上半身用の制服に装着する源石。<br>(交換不可),装備アイテム強化,11,1,5,0
275301,reinforce_5001,2学期開始記念 胸衣源石,ヨーグルティング 2学期開始を記念して贈られた、上半身用の制服に装着する源石。<br>(交換不可),装備アイテム強化,11,1,5,0
275302,reinforce_5001,2学期開始記念 胸衣源石,ヨーグルティング 2学期開始を記念して贈られた、上半身用の制服に装着する源石。<br>(交換不可),装備アイテム強化,11,1,5,0
275303,reinforce_5001,2学期開始記念 胸衣源石,ヨーグルティング 2学期開始を記念して贈られた、上半身用の制服に装着する源石。<br>(交換不可),装備アイテム強化,11,1,5,0
275304,reinforce_5001,2学期開始記念 胸衣源石,ヨーグルティング 2学期開始を記念して贈られた、上半身用の制服に装着する源石。<br>(交換不可),装備アイテム強化,11,1,5,0
275305,reinforce_5001,2学期開始記念 胸衣源石,ヨーグルティング 2学期開始を記念して贈られた、上半身用の制服に装着する源石。<br>(交換不可),装備アイテム強化,11,1,5,0
275306,reinforce_5001,2学期開始記念 胸衣源石,ヨーグルティング 2学期開始を記念して贈られた、上半身用の制服に装着する源石。<br>(交換不可),装備アイテム強化,11,1,5,0
275307,reinforce_5001,2学期開始記念 胸衣源石,ヨーグルティング 2学期開始を記念して贈られた、上半身用の制服に装着する源石。<br>(交換不可),装備アイテム強化,11,1,5,0
275308,reinforce_5001,2学期開始記念 胸衣源石,ヨーグルティング 2学期開始を記念して贈られた、上半身用の制服に装着する源石。<br>(交換不可),装備アイテム強化,11,1,5,0
275309,reinforce_5001,2学期開始記念 胸衣源石,ヨーグルティング 2学期開始を記念して贈られた、上半身用の制服に装着する源石。<br>(交換不可),装備アイテム強化,11,1,5,0
275310,reinforce_5001,2学期開始記念 胸衣源石,ヨーグルティング 2学期開始を記念して贈られた、上半身用の制服に装着する源石。<br>(交換不可),装備アイテム強化,11,1,5,0
275311,reinforce_5001,2学期開始記念 胸衣源石,ヨーグルティング 2学期開始を記念して贈られた、上半身用の制服に装着する源石。<br>(交換不可),装備アイテム強化,11,1,5,0
275312,reinforce_5001,2学期開始記念 胸衣源石,ヨーグルティング 2学期開始を記念して贈られた、上半身用の制服に装着する源石。<br>(交換不可),装備アイテム強化,11,1,5,0
275313,reinforce_5001,2学期開始記念 胸衣源石,ヨーグルティング 2学期開始を記念して贈られた、上半身用の制服に装着する源石。<br>(交換不可),装備アイテム強化,11,1,5,0
275314,reinforce_5001,2学期開始記念 胸衣源石,ヨーグルティング 2学期開始を記念して贈られた、上半身用の制服に装着する源石。<br>(交換不可),装備アイテム強化,11,1,5,0
275315,reinforce_5001,2学期開始記念 胸衣源石,ヨーグルティング 2学期開始を記念して贈られた、上半身用の制服に装着する源石。<br>(交換不可),装備アイテム強化,11,1,5,0
275316,reinforce_5001,2学期開始記念 胸衣源石,ヨーグルティング 2学期開始を記念して贈られた、上半身用の制服に装着する源石。<br>(交換不可),装備アイテム強化,11,1,5,0
275317,reinforce_5001,2学期開始記念 胸衣源石,ヨーグルティング 2学期開始を記念して贈られた、上半身用の制服に装着する源石。<br>(交換不可),装備アイテム強化,11,1,5,0
275318,reinforce_5001,2学期開始記念 胸衣源石,ヨーグルティング 2学期開始を記念して贈られた、上半身用の制服に装着する源石。<br>(交換不可),装備アイテム強化,11,1,5,0
275319,reinforce_5001,2学期開始記念 胸衣源石,ヨーグルティング 2学期開始を記念して贈られた、上半身用の制服に装着する源石。<br>(交換不可),装備アイテム強化,11,1,5,0
275320,reinforce_5001,2学期開始記念 胸衣源石,ヨーグルティング 2学期開始を記念して贈られた、上半身用の制服に装着する源石。<br>(交換不可),装備アイテム強化,11,1,5,0
275321,reinforce_5001,2学期開始記念 胸衣源石,ヨーグルティング 2学期開始を記念して贈られた、上半身用の制服に装着する源石。<br>(交換不可),装備アイテム強化,11,1,5,0
275322,reinforce_5001,2学期開始記念 胸衣源石,ヨーグルティング 2学期開始を記念して贈られた、上半身用の制服に装着する源石。<br>(交換不可),装備アイテム強化,11,1,5,0
275323,reinforce_5001,2学期開始記念 胸衣源石,ヨーグルティング 2学期開始を記念して贈られた、上半身用の制服に装着する源石。<br>(交換不可),装備アイテム強化,11,1,5,0
275324,reinforce_5001,2学期開始記念 胸衣源石,ヨーグルティング 2学期開始を記念して贈られた、上半身用の制服に装着する源石。<br>(交換不可),装備アイテム強化,11,1,5,0
275325,reinforce_5001,2学期開始記念 胸衣源石,ヨーグルティング 2学期開始を記念して贈られた、上半身用の制服に装着する源石。<br>(交換不可),装備アイテム強化,11,1,5,0
275326,reinforce_5001,2学期開始記念 胸衣源石,ヨーグルティング 2学期開始を記念して贈られた、上半身用の制服に装着する源石。<br>(交換不可),装備アイテム強化,11,1,5,0
275327,reinforce_5001,2学期開始記念 胸衣源石,ヨーグルティング 2学期開始を記念して贈られた、上半身用の制服に装着する源石。<br>(交換不可),装備アイテム強化,11,1,5,0
275328,reinforce_5001,2学期開始記念 胸衣源石,ヨーグルティング 2学期開始を記念して贈られた、上半身用の制服に装着する源石。<br>(交換不可),装備アイテム強化,11,1,5,0
275329,reinforce_5001,2学期開始記念 胸衣源石,ヨーグルティング 2学期開始を記念して贈られた、上半身用の制服に装着する源石。<br>(交換不可),装備アイテム強化,11,1,5,0
275330,reinforce_5001,2学期開始記念 胸衣源石,ヨーグルティング 2学期開始を記念して贈られた、上半身用の制服に装着する源石。<br>(交換不可),装備アイテム強化,11,1,5,0
275331,reinforce_5001,2学期開始記念 胸衣源石,ヨーグルティング 2学期開始を記念して贈られた、上半身用の制服に装着する源石。<br>(交換不可),装備アイテム強化,11,1,5,0
275332,reinforce_5001,2学期開始記念 胸衣源石,ヨーグルティング 2学期開始を記念して贈られた、上半身用の制服に装着する源石。<br>(交換不可),装備アイテム強化,11,1,5,0
275333,reinforce_5001,2学期開始記念 胸衣源石,ヨーグルティング 2学期開始を記念して贈られた、上半身用の制服に装着する源石。<br>(交換不可),装備アイテム強化,11,1,5,0
275334,reinforce_5001,2学期開始記念 胸衣源石,ヨーグルティング 2学期開始を記念して贈られた、上半身用の制服に装着する源石。<br>(交換不可),装備アイテム強化,11,1,5,0
275335,reinforce_5001,2学期開始記念 胸衣源石,ヨーグルティング 2学期開始を記念して贈られた、上半身用の制服に装着する源石。<br>(交換不可),装備アイテム強化,11,1,5,0
275336,reinforce_5001,2学期開始記念 胸衣源石,ヨーグルティング 2学期開始を記念して贈られた、上半身用の制服に装着する源石。<br>(交換不可),装備アイテム強化,11,1,5,0
275337,reinforce_5001,2学期開始記念 胸衣源石,ヨーグルティング 2学期開始を記念して贈られた、上半身用の制服に装着する源石。<br>(交換不可),装備アイテム強化,11,1,5,0
275338,reinforce_5001,2学期開始記念 胸衣源石,ヨーグルティング 2学期開始を記念して贈られた、上半身用の制服に装着する源石。<br>(交換不可),装備アイテム強化,11,1,5,0
275339,reinforce_5001,2学期開始記念 胸衣源石,ヨーグルティング 2学期開始を記念して贈られた、上半身用の制服に装着する源石。<br>(交換不可),装備アイテム強化,11,1,5,0
275340,reinforce_5001,2学期開始記念 胸衣源石,ヨーグルティング 2学期開始を記念して贈られた、上半身用の制服に装着する源石。<br>(交換不可),装備アイテム強化,11,1,5,0
275341,reinforce_5001,2学期開始記念 胸衣源石,ヨーグルティング 2学期開始を記念して贈られた、上半身用の制服に装着する源石。<br>(交換不可),装備アイテム強化,11,1,5,0
275342,reinforce_5001,2学期開始記念 胸衣源石,ヨーグルティング 2学期開始を記念して贈られた、上半身用の制服に装着する源石。<br>(交換不可),装備アイテム強化,11,1,5,0
275343,reinforce_5001,2学期開始記念 胸衣源石,ヨーグルティング 2学期開始を記念して贈られた、上半身用の制服に装着する源石。<br>(交換不可),装備アイテム強化,11,1,5,0
275344,reinforce_5001,2学期開始記念 胸衣源石,ヨーグルティング 2学期開始を記念して贈られた、上半身用の制服に装着する源石。<br>(交換不可),装備アイテム強化,11,1,5,0
275345,reinforce_5001,2学期開始記念 胸衣源石,ヨーグルティング 2学期開始を記念して贈られた、上半身用の制服に装着する源石。<br>(交換不可),装備アイテム強化,11,1,5,0
275346,reinforce_5001,2学期開始記念 胸衣源石,ヨーグルティング 2学期開始を記念して贈られた、上半身用の制服に装着する源石。<br>(交換不可),装備アイテム強化,11,1,5,0
275347,reinforce_5001,2学期開始記念 胸衣源石,ヨーグルティング 2学期開始を記念して贈られた、上半身用の制服に装着する源石。<br>(交換不可),装備アイテム強化,11,1,5,0
275348,reinforce_5001,2学期開始記念 胸衣源石,ヨーグルティング 2学期開始を記念して贈られた、上半身用の制服に装着する源石。<br>(交換不可),装備アイテム強化,11,1,5,0
275349,reinforce_5001,2学期開始記念 胸衣源石,ヨーグルティング 2学期開始を記念して贈られた、上半身用の制服に装着する源石。<br>(交換不可),装備アイテム強化,11,1,5,0
275350,reinforce_5001,2学期開始記念 胸衣源石,ヨーグルティング 2学期開始を記念して贈られた、上半身用の制服に装着する源石。<br>(交換不可),装備アイテム強化,11,1,5,0
275351,reinforce_5001,2学期開始記念 胸衣源石,ヨーグルティング 2学期開始を記念して贈られた、上半身用の制服に装着する源石。<br>(交換不可),装備アイテム強化,11,1,5,0
275352,reinforce_5001,2学期開始記念 胸衣源石,ヨーグルティング 2学期開始を記念して贈られた、上半身用の制服に装着する源石。<br>(交換不可),装備アイテム強化,11,1,5,0
275353,reinforce_5001,2学期開始記念 胸衣源石,ヨーグルティング 2学期開始を記念して贈られた、上半身用の制服に装着する源石。<br>(交換不可),装備アイテム強化,11,1,5,0
275354,reinforce_5001,2学期開始記念 胸衣源石,ヨーグルティング 2学期開始を記念して贈られた、上半身用の制服に装着する源石。<br>(交換不可),装備アイテム強化,11,1,5,0
275355,reinforce_5001,2学期開始記念 胸衣源石,ヨーグルティング 2学期開始を記念して贈られた、上半身用の制服に装着する源石。<br>(交換不可),装備アイテム強化,11,1,5,0
275356,reinforce_5001,2学期開始記念 胸衣源石,ヨーグルティング 2学期開始を記念して贈られた、上半身用の制服に装着する源石。<br>(交換不可),装備アイテム強化,11,1,5,0
275357,reinforce_5001,2学期開始記念 胸衣源石,ヨーグルティング 2学期開始を記念して贈られた、上半身用の制服に装着する源石。<br>(交換不可),装備アイテム強化,11,1,5,0
275358,reinforce_5001,2学期開始記念 胸衣源石,ヨーグルティング 2学期開始を記念して贈られた、上半身用の制服に装着する源石。<br>(交換不可),装備アイテム強化,11,1,5,0
275359,reinforce_5001,2学期開始記念 胸衣源石,ヨーグルティング 2学期開始を記念して贈られた、上半身用の制服に装着する源石。<br>(交換不可),装備アイテム強化,11,1,5,0
275360,reinforce_5001,2学期開始記念 胸衣源石,ヨーグルティング 2学期開始を記念して贈られた、上半身用の制服に装着する源石。<br>(交換不可),装備アイテム強化,11,1,5,0
275361,reinforce_5001,2学期開始記念 胸衣源石,ヨーグルティング 2学期開始を記念して贈られた、上半身用の制服に装着する源石。<br>(交換不可),装備アイテム強化,11,1,5,0
275362,reinforce_5001,2学期開始記念 胸衣源石,ヨーグルティング 2学期開始を記念して贈られた、上半身用の制服に装着する源石。<br>(交換不可),装備アイテム強化,11,1,5,0
275363,reinforce_5001,2学期開始記念 胸衣源石,ヨーグルティング 2学期開始を記念して贈られた、上半身用の制服に装着する源石。<br>(交換不可),装備アイテム強化,11,1,5,0
275364,reinforce_5001,2学期開始記念 胸衣源石,ヨーグルティング 2学期開始を記念して贈られた、上半身用の制服に装着する源石。<br>(交換不可),装備アイテム強化,11,1,5,0
275365,reinforce_5001,2学期開始記念 胸衣源石,ヨーグルティング 2学期開始を記念して贈られた、上半身用の制服に装着する源石。<br>(交換不可),装備アイテム強化,11,1,5,0
275366,reinforce_5001,2学期開始記念 胸衣源石,ヨーグルティング 2学期開始を記念して贈られた、上半身用の制服に装着する源石。<br>(交換不可),装備アイテム強化,11,1,5,0
275367,reinforce_5001,2学期開始記念 胸衣源石,ヨーグルティング 2学期開始を記念して贈られた、上半身用の制服に装着する源石。<br>(交換不可),装備アイテム強化,11,1,5,0
275368,reinforce_5001,2学期開始記念 胸衣源石,ヨーグルティング 2学期開始を記念して贈られた、上半身用の制服に装着する源石。<br>(交換不可),装備アイテム強化,11,1,5,0
275369,reinforce_5001,2学期開始記念 胸衣源石,ヨーグルティング 2学期開始を記念して贈られた、上半身用の制服に装着する源石。<br>(交換不可),装備アイテム強化,11,1,5,0
275370,reinforce_5001,2学期開始記念 胸衣源石,ヨーグルティング 2学期開始を記念して贈られた、上半身用の制服に装着する源石。<br>(交換不可),装備アイテム強化,11,1,5,0
275371,reinforce_5001,2学期開始記念 胸衣源石,ヨーグルティング 2学期開始を記念して贈られた、上半身用の制服に装着する源石。<br>(交換不可),装備アイテム強化,11,1,5,0
275372,reinforce_5001,2学期開始記念 胸衣源石,ヨーグルティング 2学期開始を記念して贈られた、上半身用の制服に装着する源石。<br>(交換不可),装備アイテム強化,11,1,5,0
275373,reinforce_5001,2学期開始記念 胸衣源石,ヨーグルティング 2学期開始を記念して贈られた、上半身用の制服に装着する源石。<br>(交換不可),装備アイテム強化,11,1,5,0
275374,reinforce_5001,2学期開始記念 胸衣源石,ヨーグルティング 2学期開始を記念して贈られた、上半身用の制服に装着する源石。<br>(交換不可),装備アイテム強化,11,1,5,0
275375,reinforce_5001,2学期開始記念 胸衣源石,ヨーグルティング 2学期開始を記念して贈られた、上半身用の制服に装着する源石。<br>(交換不可),装備アイテム強化,11,1,5,0
275376,reinforce_5001,2学期開始記念 胸衣源石,ヨーグルティング 2学期開始を記念して贈られた、上半身用の制服に装着する源石。<br>(交換不可),装備アイテム強化,11,1,5,0
275377,reinforce_5001,2学期開始記念 胸衣源石,ヨーグルティング 2学期開始を記念して贈られた、上半身用の制服に装着する源石。<br>(交換不可),装備アイテム強化,11,1,5,0
275378,reinforce_5001,2学期開始記念 胸衣源石,ヨーグルティング 2学期開始を記念して贈られた、上半身用の制服に装着する源石。<br>(交換不可),装備アイテム強化,11,1,5,0
275379,reinforce_5001,2学期開始記念 胸衣源石,ヨーグルティング 2学期開始を記念して贈られた、上半身用の制服に装着する源石。<br>(交換不可),装備アイテム強化,11,1,5,0
275380,reinforce_5001,2学期開始記念 胸衣源石,ヨーグルティング 2学期開始を記念して贈られた、上半身用の制服に装着する源石。<br>(交換不可),装備アイテム強化,11,1,5,0
275381,reinforce_5001,2学期開始記念 胸衣源石,ヨーグルティング 2学期開始を記念して贈られた、上半身用の制服に装着する源石。<br>(交換不可),装備アイテム強化,11,1,5,0
275382,reinforce_5001,2学期開始記念 胸衣源石,ヨーグルティング 2学期開始を記念して贈られた、上半身用の制服に装着する源石。<br>(交換不可),装備アイテム強化,11,1,5,0
275383,reinforce_5001,2学期開始記念 胸衣源石,ヨーグルティング 2学期開始を記念して贈られた、上半身用の制服に装着する源石。<br>(交換不可),装備アイテム強化,11,1,5,0
275384,reinforce_5001,2学期開始記念 胸衣源石,ヨーグルティング 2学期開始を記念して贈られた、上半身用の制服に装着する源石。<br>(交換不可),装備アイテム強化,11,1,5,0
275385,reinforce_5001,2学期開始記念 胸衣源石,ヨーグルティング 2学期開始を記念して贈られた、上半身用の制服に装着する源石。<br>(交換不可),装備アイテム強化,11,1,5,0
275386,reinforce_5001,2学期開始記念 胸衣源石,ヨーグルティング 2学期開始を記念して贈られた、上半身用の制服に装着する源石。<br>(交換不可),装備アイテム強化,11,1,5,0
275387,reinforce_5001,2学期開始記念 胸衣源石,ヨーグルティング 2学期開始を記念して贈られた、上半身用の制服に装着する源石。<br>(交換不可),装備アイテム強化,11,1,5,0
275388,reinforce_5001,2学期開始記念 胸衣源石,ヨーグルティング 2学期開始を記念して贈られた、上半身用の制服に装着する源石。<br>(交換不可),装備アイテム強化,11,1,5,0
275389,reinforce_5001,2学期開始記念 胸衣源石,ヨーグルティング 2学期開始を記念して贈られた、上半身用の制服に装着する源石。<br>(交換不可),装備アイテム強化,11,1,5,0
275390,reinforce_5001,2学期開始記念 胸衣源石,ヨーグルティング 2学期開始を記念して贈られた、上半身用の制服に装着する源石。<br>(交換不可),装備アイテム強化,11,1,5,0
275391,reinforce_5001,2学期開始記念 胸衣源石,ヨーグルティング 2学期開始を記念して贈られた、上半身用の制服に装着する源石。<br>(交換不可),装備アイテム強化,11,1,5,0
275392,reinforce_5001,2学期開始記念 胸衣源石,ヨーグルティング 2学期開始を記念して贈られた、上半身用の制服に装着する源石。<br>(交換不可),装備アイテム強化,11,1,5,0
275393,reinforce_5001,2学期開始記念 胸衣源石,ヨーグルティング 2学期開始を記念して贈られた、上半身用の制服に装着する源石。<br>(交換不可),装備アイテム強化,11,1,5,0
275394,reinforce_5001,2学期開始記念 胸衣源石,ヨーグルティング 2学期開始を記念して贈られた、上半身用の制服に装着する源石。<br>(交換不可),装備アイテム強化,11,1,5,0
275395,reinforce_5001,2学期開始記念 胸衣源石,ヨーグルティング 2学期開始を記念して贈られた、上半身用の制服に装着する源石。<br>(交換不可),装備アイテム強化,11,1,5,0
275396,reinforce_5001,2学期開始記念 胸衣源石,ヨーグルティング 2学期開始を記念して贈られた、上半身用の制服に装着する源石。<br>(交換不可),装備アイテム強化,11,1,5,0
275397,reinforce_5001,2学期開始記念 胸衣源石,ヨーグルティング 2学期開始を記念して贈られた、上半身用の制服に装着する源石。<br>(交換不可),装備アイテム強化,11,1,5,0
275398,reinforce_5001,2学期開始記念 胸衣源石,ヨーグルティング 2学期開始を記念して贈られた、上半身用の制服に装着する源石。<br>(交換不可),装備アイテム強化,11,1,5,0
275399,reinforce_5001,2学期開始記念 胸衣源石,ヨーグルティング 2学期開始を記念して贈られた、上半身用の制服に装着する源石。<br>(交換不可),装備アイテム強化,11,1,5,0
275400,reinforce_5001,2学期開始記念 胸衣源石,ヨーグルティング 2学期開始を記念して贈られた、上半身用の制服に装着する源石。<br>(交換不可),装備アイテム強化,11,1,5,0
275401,reinforce_5001,2学期開始記念 胸衣源石,ヨーグルティング 2学期開始を記念して贈られた、上半身用の制服に装着する源石。<br>(交換不可),装備アイテム強化,11,1,5,0
275402,reinforce_5001,2学期開始記念 胸衣源石,ヨーグルティング 2学期開始を記念して贈られた、上半身用の制服に装着する源石。<br>(交換不可),装備アイテム強化,11,1,5,0
275403,reinforce_5001,2学期開始記念 胸衣源石,ヨーグルティング 2学期開始を記念して贈られた、上半身用の制服に装着する源石。<br>(交換不可),装備アイテム強化,11,1,5,0
275404,reinforce_5001,2学期開始記念 胸衣源石,ヨーグルティング 2学期開始を記念して贈られた、上半身用の制服に装着する源石。<br>(交換不可),装備アイテム強化,11,1,5,0
275405,reinforce_5001,2学期開始記念 胸衣源石,ヨーグルティング 2学期開始を記念して贈られた、上半身用の制服に装着する源石。<br>(交換不可),装備アイテム強化,11,1,5,0
275406,reinforce_5001,2学期開始記念 胸衣源石,ヨーグルティング 2学期開始を記念して贈られた、上半身用の制服に装着する源石。<br>(交換不可),装備アイテム強化,11,1,5,0
275407,reinforce_5001,2学期開始記念 胸衣源石,ヨーグルティング 2学期開始を記念して贈られた、上半身用の制服に装着する源石。<br>(交換不可),装備アイテム強化,11,1,5,0
275408,reinforce_5001,2学期開始記念 胸衣源石,ヨーグルティング 2学期開始を記念して贈られた、上半身用の制服に装着する源石。<br>(交換不可),装備アイテム強化,11,1,5,0
275409,reinforce_5001,2学期開始記念 胸衣源石,ヨーグルティング 2学期開始を記念して贈られた、上半身用の制服に装着する源石。<br>(交換不可),装備アイテム強化,11,1,5,0
275410,reinforce_5001,2学期開始記念 胸衣源石,ヨーグルティング 2学期開始を記念して贈られた、上半身用の制服に装着する源石。<br>(交換不可),装備アイテム強化,11,1,5,0
275411,reinforce_5001,2学期開始記念 胸衣源石,ヨーグルティング 2学期開始を記念して贈られた、上半身用の制服に装着する源石。<br>(交換不可),装備アイテム強化,11,1,5,0
275412,reinforce_5001,2学期開始記念 胸衣源石,ヨーグルティング 2学期開始を記念して贈られた、上半身用の制服に装着する源石。<br>(交換不可),装備アイテム強化,11,1,5,0
275413,reinforce_5001,2学期開始記念 胸衣源石,ヨーグルティング 2学期開始を記念して贈られた、上半身用の制服に装着する源石。<br>(交換不可),装備アイテム強化,11,1,5,0
275414,reinforce_5001,2学期開始記念 胸衣源石,ヨーグルティング 2学期開始を記念して贈られた、上半身用の制服に装着する源石。<br>(交換不可),装備アイテム強化,11,1,5,0
275415,reinforce_5001,2学期開始記念 胸衣源石,ヨーグルティング 2学期開始を記念して贈られた、上半身用の制服に装着する源石。<br>(交換不可),装備アイテム強化,11,1,5,0
275416,reinforce_5001,2学期開始記念 胸衣源石,ヨーグルティング 2学期開始を記念して贈られた、上半身用の制服に装着する源石。<br>(交換不可),装備アイテム強化,11,1,5,0
275417,reinforce_5001,2学期開始記念 胸衣源石,ヨーグルティング 2学期開始を記念して贈られた、上半身用の制服に装着する源石。<br>(交換不可),装備アイテム強化,11,1,5,0
275418,reinforce_5001,2学期開始記念 胸衣源石,ヨーグルティング 2学期開始を記念して贈られた、上半身用の制服に装着する源石。<br>(交換不可),装備アイテム強化,11,1,5,0
275419,reinforce_5001,2学期開始記念 胸衣源石,ヨーグルティング 2学期開始を記念して贈られた、上半身用の制服に装着する源石。<br>(交換不可),装備アイテム強化,11,1,5,0
275420,reinforce_5001,2学期開始記念 胸衣源石,ヨーグルティング 2学期開始を記念して贈られた、上半身用の制服に装着する源石。<br>(交換不可),装備アイテム強化,11,1,5,0
275421,reinforce_5001,2学期開始記念 胸衣源石,ヨーグルティング 2学期開始を記念して贈られた、上半身用の制服に装着する源石。<br>(交換不可),装備アイテム強化,11,1,5,0
275422,reinforce_5001,2学期開始記念 胸衣源石,ヨーグルティング 2学期開始を記念して贈られた、上半身用の制服に装着する源石。<br>(交換不可),装備アイテム強化,11,1,5,0
275423,reinforce_5001,2学期開始記念 胸衣源石,ヨーグルティング 2学期開始を記念して贈られた、上半身用の制服に装着する源石。<br>(交換不可),装備アイテム強化,11,1,5,0
275424,reinforce_5001,2学期開始記念 胸衣源石,ヨーグルティング 2学期開始を記念して贈られた、上半身用の制服に装着する源石。<br>(交換不可),装備アイテム強化,11,1,5,0
275425,reinforce_5001,2学期開始記念 胸衣源石,ヨーグルティング 2学期開始を記念して贈られた、上半身用の制服に装着する源石。<br>(交換不可),装備アイテム強化,11,1,5,0
275426,reinforce_5001,2学期開始記念 胸衣源石,ヨーグルティング 2学期開始を記念して贈られた、上半身用の制服に装着する源石。<br>(交換不可),装備アイテム強化,11,1,5,0
276100,reinforce_6001,2学期開始記念 腰衣源石,ヨーグルティング 2学期開始を記念して贈られた、下半身用の制服に装着する源石。<br>(交換不可),装備アイテム強化,7,1,5,0
276101,reinforce_6001,2学期開始記念 腰衣源石,ヨーグルティング 2学期開始を記念して贈られた、下半身用の制服に装着する源石。<br>(交換不可),装備アイテム強化,7,1,5,0
276102,reinforce_6001,2学期開始記念 腰衣源石,ヨーグルティング 2学期開始を記念して贈られた、下半身用の制服に装着する源石。<br>(交換不可),装備アイテム強化,7,1,5,0
276103,reinforce_6001,2学期開始記念 腰衣源石,ヨーグルティング 2学期開始を記念して贈られた、下半身用の制服に装着する源石。<br>(交換不可),装備アイテム強化,7,1,5,0
276104,reinforce_6001,2学期開始記念 腰衣源石,ヨーグルティング 2学期開始を記念して贈られた、下半身用の制服に装着する源石。<br>(交換不可),装備アイテム強化,7,1,5,0
276105,reinforce_6001,2学期開始記念 腰衣源石,ヨーグルティング 2学期開始を記念して贈られた、下半身用の制服に装着する源石。<br>(交換不可),装備アイテム強化,7,1,5,0
276106,reinforce_6001,2学期開始記念 腰衣源石,ヨーグルティング 2学期開始を記念して贈られた、下半身用の制服に装着する源石。<br>(交換不可),装備アイテム強化,7,1,5,0
276107,reinforce_6001,2学期開始記念 腰衣源石,ヨーグルティング 2学期開始を記念して贈られた、下半身用の制服に装着する源石。<br>(交換不可),装備アイテム強化,7,1,5,0
276108,reinforce_6001,2学期開始記念 腰衣源石,ヨーグルティング 2学期開始を記念して贈られた、下半身用の制服に装着する源石。<br>(交換不可),装備アイテム強化,7,1,5,0
276109,reinforce_6001,2学期開始記念 腰衣源石,ヨーグルティング 2学期開始を記念して贈られた、下半身用の制服に装着する源石。<br>(交換不可),装備アイテム強化,7,1,5,0
276110,reinforce_6001,2学期開始記念 腰衣源石,ヨーグルティング 2学期開始を記念して贈られた、下半身用の制服に装着する源石。<br>(交換不可),装備アイテム強化,7,1,5,0
276111,reinforce_6001,2学期開始記念 腰衣源石,ヨーグルティング 2学期開始を記念して贈られた、下半身用の制服に装着する源石。<br>(交換不可),装備アイテム強化,7,1,5,0
276112,reinforce_6001,2学期開始記念 腰衣源石,ヨーグルティング 2学期開始を記念して贈られた、下半身用の制服に装着する源石。<br>(交換不可),装備アイテム強化,7,1,5,0
276113,reinforce_6001,2学期開始記念 腰衣源石,ヨーグルティング 2学期開始を記念して贈られた、下半身用の制服に装着する源石。<br>(交換不可),装備アイテム強化,7,1,5,0
276114,reinforce_6001,2学期開始記念 腰衣源石,ヨーグルティング 2学期開始を記念して贈られた、下半身用の制服に装着する源石。<br>(交換不可),装備アイテム強化,7,1,5,0
276115,reinforce_6001,2学期開始記念 腰衣源石,ヨーグルティング 2学期開始を記念して贈られた、下半身用の制服に装着する源石。<br>(交換不可),装備アイテム強化,7,1,5,0
276116,reinforce_6001,2学期開始記念 腰衣源石,ヨーグルティング 2学期開始を記念して贈られた、下半身用の制服に装着する源石。<br>(交換不可),装備アイテム強化,7,1,5,0
276117,reinforce_6001,2学期開始記念 腰衣源石,ヨーグルティング 2学期開始を記念して贈られた、下半身用の制服に装着する源石。<br>(交換不可),装備アイテム強化,7,1,5,0
276118,reinforce_6001,2学期開始記念 腰衣源石,ヨーグルティング 2学期開始を記念して贈られた、下半身用の制服に装着する源石。<br>(交換不可),装備アイテム強化,7,1,5,0
276119,reinforce_6001,2学期開始記念 腰衣源石,ヨーグルティング 2学期開始を記念して贈られた、下半身用の制服に装着する源石。<br>(交換不可),装備アイテム強化,7,1,5,0
276120,reinforce_6001,2学期開始記念 腰衣源石,ヨーグルティング 2学期開始を記念して贈られた、下半身用の制服に装着する源石。<br>(交換不可),装備アイテム強化,7,1,5,0
276121,reinforce_6001,2学期開始記念 腰衣源石,ヨーグルティング 2学期開始を記念して贈られた、下半身用の制服に装着する源石。<br>(交換不可),装備アイテム強化,7,1,5,0
276122,reinforce_6001,2学期開始記念 腰衣源石,ヨーグルティング 2学期開始を記念して贈られた、下半身用の制服に装着する源石。<br>(交換不可),装備アイテム強化,7,1,5,0
276123,reinforce_6001,2学期開始記念 腰衣源石,ヨーグルティング 2学期開始を記念して贈られた、下半身用の制服に装着する源石。<br>(交換不可),装備アイテム強化,7,1,5,0
276124,reinforce_6001,2学期開始記念 腰衣源石,ヨーグルティング 2学期開始を記念して贈られた、下半身用の制服に装着する源石。<br>(交換不可),装備アイテム強化,7,1,5,0
276125,reinforce_6001,2学期開始記念 腰衣源石,ヨーグルティング 2学期開始を記念して贈られた、下半身用の制服に装着する源石。<br>(交換不可),装備アイテム強化,7,1,5,0
276126,reinforce_6001,2学期開始記念 腰衣源石,ヨーグルティング 2学期開始を記念して贈られた、下半身用の制服に装着する源石。<br>(交換不可),装備アイテム強化,7,1,5,0
276127,reinforce_6001,2学期開始記念 腰衣源石,ヨーグルティング 2学期開始を記念して贈られた、下半身用の制服に装着する源石。<br>(交換不可),装備アイテム強化,7,1,5,0
276128,reinforce_6001,2学期開始記念 腰衣源石,ヨーグルティング 2学期開始を記念して贈られた、下半身用の制服に装着する源石。<br>(交換不可),装備アイテム強化,7,1,5,0
276129,reinforce_6001,2学期開始記念 腰衣源石,ヨーグルティング 2学期開始を記念して贈られた、下半身用の制服に装着する源石。<br>(交換不可),装備アイテム強化,7,1,5,0
276130,reinforce_6001,2学期開始記念 腰衣源石,ヨーグルティング 2学期開始を記念して贈られた、下半身用の制服に装着する源石。<br>(交換不可),装備アイテム強化,7,1,5,0
276131,reinforce_6001,2学期開始記念 腰衣源石,ヨーグルティング 2学期開始を記念して贈られた、下半身用の制服に装着する源石。<br>(交換不可),装備アイテム強化,7,1,5,0
276132,reinforce_6001,2学期開始記念 腰衣源石,ヨーグルティング 2学期開始を記念して贈られた、下半身用の制服に装着する源石。<br>(交換不可),装備アイテム強化,7,1,5,0
276133,reinforce_6001,2学期開始記念 腰衣源石,ヨーグルティング 2学期開始を記念して贈られた、下半身用の制服に装着する源石。<br>(交換不可),装備アイテム強化,7,1,5,0
276134,reinforce_6001,2学期開始記念 腰衣源石,ヨーグルティング 2学期開始を記念して贈られた、下半身用の制服に装着する源石。<br>(交換不可),装備アイテム強化,7,1,5,0
276135,reinforce_6001,2学期開始記念 腰衣源石,ヨーグルティング 2学期開始を記念して贈られた、下半身用の制服に装着する源石。<br>(交換不可),装備アイテム強化,7,1,5,0
276136,reinforce_6001,2学期開始記念 腰衣源石,ヨーグルティング 2学期開始を記念して贈られた、下半身用の制服に装着する源石。<br>(交換不可),装備アイテム強化,7,1,5,0
276137,reinforce_6001,2学期開始記念 腰衣源石,ヨーグルティング 2学期開始を記念して贈られた、下半身用の制服に装着する源石。<br>(交換不可),装備アイテム強化,7,1,5,0
276138,reinforce_6001,2学期開始記念 腰衣源石,ヨーグルティング 2学期開始を記念して贈られた、下半身用の制服に装着する源石。<br>(交換不可),装備アイテム強化,7,1,5,0
276139,reinforce_6001,2学期開始記念 腰衣源石,ヨーグルティング 2学期開始を記念して贈られた、下半身用の制服に装着する源石。<br>(交換不可),装備アイテム強化,7,1,5,0
276140,reinforce_6001,2学期開始記念 腰衣源石,ヨーグルティング 2学期開始を記念して贈られた、下半身用の制服に装着する源石。<br>(交換不可),装備アイテム強化,7,1,5,0
276141,reinforce_6001,2学期開始記念 腰衣源石,ヨーグルティング 2学期開始を記念して贈られた、下半身用の制服に装着する源石。<br>(交換不可),装備アイテム強化,7,1,5,0
276142,reinforce_6001,2学期開始記念 腰衣源石,ヨーグルティング 2学期開始を記念して贈られた、下半身用の制服に装着する源石。<br>(交換不可),装備アイテム強化,7,1,5,0
276143,reinforce_6001,2学期開始記念 腰衣源石,ヨーグルティング 2学期開始を記念して贈られた、下半身用の制服に装着する源石。<br>(交換不可),装備アイテム強化,7,1,5,0
276144,reinforce_6001,2学期開始記念 腰衣源石,ヨーグルティング 2学期開始を記念して贈られた、下半身用の制服に装着する源石。<br>(交換不可),装備アイテム強化,8,1,5,0
276145,reinforce_6001,2学期開始記念 腰衣源石,ヨーグルティング 2学期開始を記念して贈られた、下半身用の制服に装着する源石。<br>(交換不可),装備アイテム強化,8,1,5,0
276146,reinforce_6001,2学期開始記念 腰衣源石,ヨーグルティング 2学期開始を記念して贈られた、下半身用の制服に装着する源石。<br>(交換不可),装備アイテム強化,8,1,5,0
276147,reinforce_6001,2学期開始記念 腰衣源石,ヨーグルティング 2学期開始を記念して贈られた、下半身用の制服に装着する源石。<br>(交換不可),装備アイテム強化,8,1,5,0
276148,reinforce_6001,2学期開始記念 腰衣源石,ヨーグルティング 2学期開始を記念して贈られた、下半身用の制服に装着する源石。<br>(交換不可),装備アイテム強化,8,1,5,0
276149,reinforce_6001,2学期開始記念 腰衣源石,ヨーグルティング 2学期開始を記念して贈られた、下半身用の制服に装着する源石。<br>(交換不可),装備アイテム強化,8,1,5,0
276150,reinforce_6001,2学期開始記念 腰衣源石,ヨーグルティング 2学期開始を記念して贈られた、下半身用の制服に装着する源石。<br>(交換不可),装備アイテム強化,8,1,5,0
276151,reinforce_6001,2学期開始記念 腰衣源石,ヨーグルティング 2学期開始を記念して贈られた、下半身用の制服に装着する源石。<br>(交換不可),装備アイテム強化,8,1,5,0
276152,reinforce_6001,2学期開始記念 腰衣源石,ヨーグルティング 2学期開始を記念して贈られた、下半身用の制服に装着する源石。<br>(交換不可),装備アイテム強化,8,1,5,0
276153,reinforce_6001,2学期開始記念 腰衣源石,ヨーグルティング 2学期開始を記念して贈られた、下半身用の制服に装着する源石。<br>(交換不可),装備アイテム強化,8,1,5,0
276154,reinforce_6001,2学期開始記念 腰衣源石,ヨーグルティング 2学期開始を記念して贈られた、下半身用の制服に装着する源石。<br>(交換不可),装備アイテム強化,8,1,5,0
276155,reinforce_6001,2学期開始記念 腰衣源石,ヨーグルティング 2学期開始を記念して贈られた、下半身用の制服に装着する源石。<br>(交換不可),装備アイテム強化,8,1,5,0
276156,reinforce_6001,2学期開始記念 腰衣源石,ヨーグルティング 2学期開始を記念して贈られた、下半身用の制服に装着する源石。<br>(交換不可),装備アイテム強化,8,1,5,0
276157,reinforce_6001,2学期開始記念 腰衣源石,ヨーグルティング 2学期開始を記念して贈られた、下半身用の制服に装着する源石。<br>(交換不可),装備アイテム強化,8,1,5,0
276158,reinforce_6001,2学期開始記念 腰衣源石,ヨーグルティング 2学期開始を記念して贈られた、下半身用の制服に装着する源石。<br>(交換不可),装備アイテム強化,8,1,5,0
276159,reinforce_6001,2学期開始記念 腰衣源石,ヨーグルティング 2学期開始を記念して贈られた、下半身用の制服に装着する源石。<br>(交換不可),装備アイテム強化,8,1,5,0
276160,reinforce_6001,2学期開始記念 腰衣源石,ヨーグルティング 2学期開始を記念して贈られた、下半身用の制服に装着する源石。<br>(交換不可),装備アイテム強化,8,1,5,0
276161,reinforce_6001,2学期開始記念 腰衣源石,ヨーグルティング 2学期開始を記念して贈られた、下半身用の制服に装着する源石。<br>(交換不可),装備アイテム強化,8,1,5,0
276162,reinforce_6001,2学期開始記念 腰衣源石,ヨーグルティング 2学期開始を記念して贈られた、下半身用の制服に装着する源石。<br>(交換不可),装備アイテム強化,8,1,5,0
276163,reinforce_6001,2学期開始記念 腰衣源石,ヨーグルティング 2学期開始を記念して贈られた、下半身用の制服に装着する源石。<br>(交換不可),装備アイテム強化,8,1,5,0
276164,reinforce_6001,2学期開始記念 腰衣源石,ヨーグルティング 2学期開始を記念して贈られた、下半身用の制服に装着する源石。<br>(交換不可),装備アイテム強化,8,1,5,0
276165,reinforce_6001,2学期開始記念 腰衣源石,ヨーグルティング 2学期開始を記念して贈られた、下半身用の制服に装着する源石。<br>(交換不可),装備アイテム強化,8,1,5,0
276166,reinforce_6001,2学期開始記念 腰衣源石,ヨーグルティング 2学期開始を記念して贈られた、下半身用の制服に装着する源石。<br>(交換不可),装備アイテム強化,8,1,5,0
276167,reinforce_6001,2学期開始記念 腰衣源石,ヨーグルティング 2学期開始を記念して贈られた、下半身用の制服に装着する源石。<br>(交換不可),装備アイテム強化,8,1,5,0
276168,reinforce_6001,2学期開始記念 腰衣源石,ヨーグルティング 2学期開始を記念して贈られた、下半身用の制服に装着する源石。<br>(交換不可),装備アイテム強化,8,1,5,0
276169,reinforce_6001,2学期開始記念 腰衣源石,ヨーグルティング 2学期開始を記念して贈られた、下半身用の制服に装着する源石。<br>(交換不可),装備アイテム強化,8,1,5,0
276170,reinforce_6001,2学期開始記念 腰衣源石,ヨーグルティング 2学期開始を記念して贈られた、下半身用の制服に装着する源石。<br>(交換不可),装備アイテム強化,8,1,5,0
276171,reinforce_6001,2学期開始記念 腰衣源石,ヨーグルティング 2学期開始を記念して贈られた、下半身用の制服に装着する源石。<br>(交換不可),装備アイテム強化,8,1,5,0
276172,reinforce_6001,2学期開始記念 腰衣源石,ヨーグルティング 2学期開始を記念して贈られた、下半身用の制服に装着する源石。<br>(交換不可),装備アイテム強化,8,1,5,0
276173,reinforce_6001,2学期開始記念 腰衣源石,ヨーグルティング 2学期開始を記念して贈られた、下半身用の制服に装着する源石。<br>(交換不可),装備アイテム強化,8,1,5,0
276174,reinforce_6001,2学期開始記念 腰衣源石,ヨーグルティング 2学期開始を記念して贈られた、下半身用の制服に装着する源石。<br>(交換不可),装備アイテム強化,8,1,5,0
276175,reinforce_6001,2学期開始記念 腰衣源石,ヨーグルティング 2学期開始を記念して贈られた、下半身用の制服に装着する源石。<br>(交換不可),装備アイテム強化,8,1,5,0
276176,reinforce_6001,2学期開始記念 腰衣源石,ヨーグルティング 2学期開始を記念して贈られた、下半身用の制服に装着する源石。<br>(交換不可),装備アイテム強化,8,1,5,0
276177,reinforce_6001,2学期開始記念 腰衣源石,ヨーグルティング 2学期開始を記念して贈られた、下半身用の制服に装着する源石。<br>(交換不可),装備アイテム強化,8,1,5,0
276178,reinforce_6001,2学期開始記念 腰衣源石,ヨーグルティング 2学期開始を記念して贈られた、下半身用の制服に装着する源石。<br>(交換不可),装備アイテム強化,8,1,5,0
276179,reinforce_6001,2学期開始記念 腰衣源石,ヨーグルティング 2学期開始を記念して贈られた、下半身用の制服に装着する源石。<br>(交換不可),装備アイテム強化,8,1,5,0
276180,reinforce_6001,2学期開始記念 腰衣源石,ヨーグルティング 2学期開始を記念して贈られた、下半身用の制服に装着する源石。<br>(交換不可),装備アイテム強化,8,1,5,0
276181,reinforce_6001,2学期開始記念 腰衣源石,ヨーグルティング 2学期開始を記念して贈られた、下半身用の制服に装着する源石。<br>(交換不可),装備アイテム強化,8,1,5,0
276182,reinforce_6001,2学期開始記念 腰衣源石,ヨーグルティング 2学期開始を記念して贈られた、下半身用の制服に装着する源石。<br>(交換不可),装備アイテム強化,8,1,5,0
276183,reinforce_6001,2学期開始記念 腰衣源石,ヨーグルティング 2学期開始を記念して贈られた、下半身用の制服に装着する源石。<br>(交換不可),装備アイテム強化,8,1,5,0
276184,reinforce_6001,2学期開始記念 腰衣源石,ヨーグルティング 2学期開始を記念して贈られた、下半身用の制服に装着する源石。<br>(交換不可),装備アイテム強化,8,1,5,0
276185,reinforce_6001,2学期開始記念 腰衣源石,ヨーグルティング 2学期開始を記念して贈られた、下半身用の制服に装着する源石。<br>(交換不可),装備アイテム強化,8,1,5,0
276186,reinforce_6001,2学期開始記念 腰衣源石,ヨーグルティング 2学期開始を記念して贈られた、下半身用の制服に装着する源石。<br>(交換不可),装備アイテム強化,8,1,5,0
276187,reinforce_6001,2学期開始記念 腰衣源石,ヨーグルティング 2学期開始を記念して贈られた、下半身用の制服に装着する源石。<br>(交換不可),装備アイテム強化,8,1,5,0
276188,reinforce_6001,2学期開始記念 腰衣源石,ヨーグルティング 2学期開始を記念して贈られた、下半身用の制服に装着する源石。<br>(交換不可),装備アイテム強化,9,1,5,0
276189,reinforce_6001,2学期開始記念 腰衣源石,ヨーグルティング 2学期開始を記念して贈られた、下半身用の制服に装着する源石。<br>(交換不可),装備アイテム強化,9,1,5,0
276190,reinforce_6001,2学期開始記念 腰衣源石,ヨーグルティング 2学期開始を記念して贈られた、下半身用の制服に装着する源石。<br>(交換不可),装備アイテム強化,9,1,5,0
276191,reinforce_6001,2学期開始記念 腰衣源石,ヨーグルティング 2学期開始を記念して贈られた、下半身用の制服に装着する源石。<br>(交換不可),装備アイテム強化,9,1,5,0
276192,reinforce_6001,2学期開始記念 腰衣源石,ヨーグルティング 2学期開始を記念して贈られた、下半身用の制服に装着する源石。<br>(交換不可),装備アイテム強化,9,1,5,0
276193,reinforce_6001,2学期開始記念 腰衣源石,ヨーグルティング 2学期開始を記念して贈られた、下半身用の制服に装着する源石。<br>(交換不可),装備アイテム強化,9,1,5,0
276194,reinforce_6001,2学期開始記念 腰衣源石,ヨーグルティング 2学期開始を記念して贈られた、下半身用の制服に装着する源石。<br>(交換不可),装備アイテム強化,9,1,5,0
276195,reinforce_6001,2学期開始記念 腰衣源石,ヨーグルティング 2学期開始を記念して贈られた、下半身用の制服に装着する源石。<br>(交換不可),装備アイテム強化,9,1,5,0
276196,reinforce_6001,2学期開始記念 腰衣源石,ヨーグルティング 2学期開始を記念して贈られた、下半身用の制服に装着する源石。<br>(交換不可),装備アイテム強化,9,1,5,0
276197,reinforce_6001,2学期開始記念 腰衣源石,ヨーグルティング 2学期開始を記念して贈られた、下半身用の制服に装着する源石。<br>(交換不可),装備アイテム強化,9,1,5,0
276198,reinforce_6001,2学期開始記念 腰衣源石,ヨーグルティング 2学期開始を記念して贈られた、下半身用の制服に装着する源石。<br>(交換不可),装備アイテム強化,9,1,5,0
276199,reinforce_6001,2学期開始記念 腰衣源石,ヨーグルティング 2学期開始を記念して贈られた、下半身用の制服に装着する源石。<br>(交換不可),装備アイテム強化,9,1,5,0
276200,reinforce_6001,2学期開始記念 腰衣源石,ヨーグルティング 2学期開始を記念して贈られた、下半身用の制服に装着する源石。<br>(交換不可),装備アイテム強化,9,1,5,0
276201,reinforce_6001,2学期開始記念 腰衣源石,ヨーグルティング 2学期開始を記念して贈られた、下半身用の制服に装着する源石。<br>(交換不可),装備アイテム強化,9,1,5,0
276202,reinforce_6001,2学期開始記念 腰衣源石,ヨーグルティング 2学期開始を記念して贈られた、下半身用の制服に装着する源石。<br>(交換不可),装備アイテム強化,9,1,5,0
276203,reinforce_6001,2学期開始記念 腰衣源石,ヨーグルティング 2学期開始を記念して贈られた、下半身用の制服に装着する源石。<br>(交換不可),装備アイテム強化,9,1,5,0
276204,reinforce_6001,2学期開始記念 腰衣源石,ヨーグルティング 2学期開始を記念して贈られた、下半身用の制服に装着する源石。<br>(交換不可),装備アイテム強化,9,1,5,0
276205,reinforce_6001,2学期開始記念 腰衣源石,ヨーグルティング 2学期開始を記念して贈られた、下半身用の制服に装着する源石。<br>(交換不可),装備アイテム強化,9,1,5,0
276206,reinforce_6001,2学期開始記念 腰衣源石,ヨーグルティング 2学期開始を記念して贈られた、下半身用の制服に装着する源石。<br>(交換不可),装備アイテム強化,9,1,5,0
276207,reinforce_6001,2学期開始記念 腰衣源石,ヨーグルティング 2学期開始を記念して贈られた、下半身用の制服に装着する源石。<br>(交換不可),装備アイテム強化,9,1,5,0
276208,reinforce_6001,2学期開始記念 腰衣源石,ヨーグルティング 2学期開始を記念して贈られた、下半身用の制服に装着する源石。<br>(交換不可),装備アイテム強化,9,1,5,0
276209,reinforce_6001,2学期開始記念 腰衣源石,ヨーグルティング 2学期開始を記念して贈られた、下半身用の制服に装着する源石。<br>(交換不可),装備アイテム強化,9,1,5,0
276210,reinforce_6001,2学期開始記念 腰衣源石,ヨーグルティング 2学期開始を記念して贈られた、下半身用の制服に装着する源石。<br>(交換不可),装備アイテム強化,9,1,5,0
276211,reinforce_6001,2学期開始記念 腰衣源石,ヨーグルティング 2学期開始を記念して贈られた、下半身用の制服に装着する源石。<br>(交換不可),装備アイテム強化,9,1,5,0
276212,reinforce_6001,2学期開始記念 腰衣源石,ヨーグルティング 2学期開始を記念して贈られた、下半身用の制服に装着する源石。<br>(交換不可),装備アイテム強化,9,1,5,0
276213,reinforce_6001,2学期開始記念 腰衣源石,ヨーグルティング 2学期開始を記念して贈られた、下半身用の制服に装着する源石。<br>(交換不可),装備アイテム強化,9,1,5,0
276214,reinforce_6001,2学期開始記念 腰衣源石,ヨーグルティング 2学期開始を記念して贈られた、下半身用の制服に装着する源石。<br>(交換不可),装備アイテム強化,9,1,5,0
276215,reinforce_6001,2学期開始記念 腰衣源石,ヨーグルティング 2学期開始を記念して贈られた、下半身用の制服に装着する源石。<br>(交換不可),装備アイテム強化,9,1,5,0
276216,reinforce_6001,2学期開始記念 腰衣源石,ヨーグルティング 2学期開始を記念して贈られた、下半身用の制服に装着する源石。<br>(交換不可),装備アイテム強化,9,1,5,0
276217,reinforce_6001,2学期開始記念 腰衣源石,ヨーグルティング 2学期開始を記念して贈られた、下半身用の制服に装着する源石。<br>(交換不可),装備アイテム強化,9,1,5,0
276218,reinforce_6001,2学期開始記念 腰衣源石,ヨーグルティング 2学期開始を記念して贈られた、下半身用の制服に装着する源石。<br>(交換不可),装備アイテム強化,9,1,5,0
276219,reinforce_6001,2学期開始記念 腰衣源石,ヨーグルティング 2学期開始を記念して贈られた、下半身用の制服に装着する源石。<br>(交換不可),装備アイテム強化,9,1,5,0
276220,reinforce_6001,2学期開始記念 腰衣源石,ヨーグルティング 2学期開始を記念して贈られた、下半身用の制服に装着する源石。<br>(交換不可),装備アイテム強化,9,1,5,0
276221,reinforce_6001,2学期開始記念 腰衣源石,ヨーグルティング 2学期開始を記念して贈られた、下半身用の制服に装着する源石。<br>(交換不可),装備アイテム強化,9,1,5,0
276222,reinforce_6001,2学期開始記念 腰衣源石,ヨーグルティング 2学期開始を記念して贈られた、下半身用の制服に装着する源石。<br>(交換不可),装備アイテム強化,9,1,5,0
276223,reinforce_6001,2学期開始記念 腰衣源石,ヨーグルティング 2学期開始を記念して贈られた、下半身用の制服に装着する源石。<br>(交換不可),装備アイテム強化,9,1,5,0
276224,reinforce_6001,2学期開始記念 腰衣源石,ヨーグルティング 2学期開始を記念して贈られた、下半身用の制服に装着する源石。<br>(交換不可),装備アイテム強化,9,1,5,0
276225,reinforce_6001,2学期開始記念 腰衣源石,ヨーグルティング 2学期開始を記念して贈られた、下半身用の制服に装着する源石。<br>(交換不可),装備アイテム強化,9,1,5,0
276226,reinforce_6001,2学期開始記念 腰衣源石,ヨーグルティング 2学期開始を記念して贈られた、下半身用の制服に装着する源石。<br>(交換不可),装備アイテム強化,9,1,5,0
276227,reinforce_6001,2学期開始記念 腰衣源石,ヨーグルティング 2学期開始を記念して贈られた、下半身用の制服に装着する源石。<br>(交換不可),装備アイテム強化,9,1,5,0
276228,reinforce_6001,2学期開始記念 腰衣源石,ヨーグルティング 2学期開始を記念して贈られた、下半身用の制服に装着する源石。<br>(交換不可),装備アイテム強化,9,1,5,0
276229,reinforce_6001,2学期開始記念 腰衣源石,ヨーグルティング 2学期開始を記念して贈られた、下半身用の制服に装着する源石。<br>(交換不可),装備アイテム強化,9,1,5,0
276230,reinforce_6001,2学期開始記念 腰衣源石,ヨーグルティング 2学期開始を記念して贈られた、下半身用の制服に装着する源石。<br>(交換不可),装備アイテム強化,9,1,5,0
276231,reinforce_6001,2学期開始記念 腰衣源石,ヨーグルティング 2学期開始を記念して贈られた、下半身用の制服に装着する源石。<br>(交換不可),装備アイテム強化,9,1,5,0
276232,reinforce_6001,2学期開始記念 腰衣源石,ヨーグルティング 2学期開始を記念して贈られた、下半身用の制服に装着する源石。<br>(交換不可),装備アイテム強化,10,1,5,0
276233,reinforce_6001,2学期開始記念 腰衣源石,ヨーグルティング 2学期開始を記念して贈られた、下半身用の制服に装着する源石。<br>(交換不可),装備アイテム強化,10,1,5,0
276234,reinforce_6001,2学期開始記念 腰衣源石,ヨーグルティング 2学期開始を記念して贈られた、下半身用の制服に装着する源石。<br>(交換不可),装備アイテム強化,10,1,5,0
276235,reinforce_6001,2学期開始記念 腰衣源石,ヨーグルティング 2学期開始を記念して贈られた、下半身用の制服に装着する源石。<br>(交換不可),装備アイテム強化,10,1,5,0
276236,reinforce_6001,2学期開始記念 腰衣源石,ヨーグルティング 2学期開始を記念して贈られた、下半身用の制服に装着する源石。<br>(交換不可),装備アイテム強化,10,1,5,0
276237,reinforce_6001,2学期開始記念 腰衣源石,ヨーグルティング 2学期開始を記念して贈られた、下半身用の制服に装着する源石。<br>(交換不可),装備アイテム強化,10,1,5,0
276238,reinforce_6001,2学期開始記念 腰衣源石,ヨーグルティング 2学期開始を記念して贈られた、下半身用の制服に装着する源石。<br>(交換不可),装備アイテム強化,10,1,5,0
276239,reinforce_6001,2学期開始記念 腰衣源石,ヨーグルティング 2学期開始を記念して贈られた、下半身用の制服に装着する源石。<br>(交換不可),装備アイテム強化,10,1,5,0
276240,reinforce_6001,2学期開始記念 腰衣源石,ヨーグルティング 2学期開始を記念して贈られた、下半身用の制服に装着する源石。<br>(交換不可),装備アイテム強化,10,1,5,0
276241,reinforce_6001,2学期開始記念 腰衣源石,ヨーグルティング 2学期開始を記念して贈られた、下半身用の制服に装着する源石。<br>(交換不可),装備アイテム強化,10,1,5,0
276242,reinforce_6001,2学期開始記念 腰衣源石,ヨーグルティング 2学期開始を記念して贈られた、下半身用の制服に装着する源石。<br>(交換不可),装備アイテム強化,10,1,5,0
276243,reinforce_6001,2学期開始記念 腰衣源石,ヨーグルティング 2学期開始を記念して贈られた、下半身用の制服に装着する源石。<br>(交換不可),装備アイテム強化,10,1,5,0
276244,reinforce_6001,2学期開始記念 腰衣源石,ヨーグルティング 2学期開始を記念して贈られた、下半身用の制服に装着する源石。<br>(交換不可),装備アイテム強化,10,1,5,0
276245,reinforce_6001,2学期開始記念 腰衣源石,ヨーグルティング 2学期開始を記念して贈られた、下半身用の制服に装着する源石。<br>(交換不可),装備アイテム強化,10,1,5,0
276246,reinforce_6001,2学期開始記念 腰衣源石,ヨーグルティング 2学期開始を記念して贈られた、下半身用の制服に装着する源石。<br>(交換不可),装備アイテム強化,10,1,5,0
276247,reinforce_6001,2学期開始記念 腰衣源石,ヨーグルティング 2学期開始を記念して贈られた、下半身用の制服に装着する源石。<br>(交換不可),装備アイテム強化,10,1,5,0
276248,reinforce_6001,2学期開始記念 腰衣源石,ヨーグルティング 2学期開始を記念して贈られた、下半身用の制服に装着する源石。<br>(交換不可),装備アイテム強化,10,1,5,0
276249,reinforce_6001,2学期開始記念 腰衣源石,ヨーグルティング 2学期開始を記念して贈られた、下半身用の制服に装着する源石。<br>(交換不可),装備アイテム強化,10,1,5,0
276250,reinforce_6001,2学期開始記念 腰衣源石,ヨーグルティング 2学期開始を記念して贈られた、下半身用の制服に装着する源石。<br>(交換不可),装備アイテム強化,10,1,5,0
276251,reinforce_6001,2学期開始記念 腰衣源石,ヨーグルティング 2学期開始を記念して贈られた、下半身用の制服に装着する源石。<br>(交換不可),装備アイテム強化,10,1,5,0
276252,reinforce_6001,2学期開始記念 腰衣源石,ヨーグルティング 2学期開始を記念して贈られた、下半身用の制服に装着する源石。<br>(交換不可),装備アイテム強化,10,1,5,0
276253,reinforce_6001,2学期開始記念 腰衣源石,ヨーグルティング 2学期開始を記念して贈られた、下半身用の制服に装着する源石。<br>(交換不可),装備アイテム強化,10,1,5,0
276254,reinforce_6001,2学期開始記念 腰衣源石,ヨーグルティング 2学期開始を記念して贈られた、下半身用の制服に装着する源石。<br>(交換不可),装備アイテム強化,10,1,5,0
276255,reinforce_6001,2学期開始記念 腰衣源石,ヨーグルティング 2学期開始を記念して贈られた、下半身用の制服に装着する源石。<br>(交換不可),装備アイテム強化,10,1,5,0
276256,reinforce_6001,2学期開始記念 腰衣源石,ヨーグルティング 2学期開始を記念して贈られた、下半身用の制服に装着する源石。<br>(交換不可),装備アイテム強化,10,1,5,0
276257,reinforce_6001,2学期開始記念 腰衣源石,ヨーグルティング 2学期開始を記念して贈られた、下半身用の制服に装着する源石。<br>(交換不可),装備アイテム強化,10,1,5,0
276258,reinforce_6001,2学期開始記念 腰衣源石,ヨーグルティング 2学期開始を記念して贈られた、下半身用の制服に装着する源石。<br>(交換不可),装備アイテム強化,10,1,5,0
276259,reinforce_6001,2学期開始記念 腰衣源石,ヨーグルティング 2学期開始を記念して贈られた、下半身用の制服に装着する源石。<br>(交換不可),装備アイテム強化,10,1,5,0
276260,reinforce_6001,2学期開始記念 腰衣源石,ヨーグルティング 2学期開始を記念して贈られた、下半身用の制服に装着する源石。<br>(交換不可),装備アイテム強化,10,1,5,0
276261,reinforce_6001,2学期開始記念 腰衣源石,ヨーグルティング 2学期開始を記念して贈られた、下半身用の制服に装着する源石。<br>(交換不可),装備アイテム強化,10,1,5,0
276262,reinforce_6001,2学期開始記念 腰衣源石,ヨーグルティング 2学期開始を記念して贈られた、下半身用の制服に装着する源石。<br>(交換不可),装備アイテム強化,10,1,5,0
276263,reinforce_6001,2学期開始記念 腰衣源石,ヨーグルティング 2学期開始を記念して贈られた、下半身用の制服に装着する源石。<br>(交換不可),装備アイテム強化,10,1,5,0
276264,reinforce_6001,2学期開始記念 腰衣源石,ヨーグルティング 2学期開始を記念して贈られた、下半身用の制服に装着する源石。<br>(交換不可),装備アイテム強化,10,1,5,0
276265,reinforce_6001,2学期開始記念 腰衣源石,ヨーグルティング 2学期開始を記念して贈られた、下半身用の制服に装着する源石。<br>(交換不可),装備アイテム強化,10,1,5,0
276266,reinforce_6001,2学期開始記念 腰衣源石,ヨーグルティング 2学期開始を記念して贈られた、下半身用の制服に装着する源石。<br>(交換不可),装備アイテム強化,10,1,5,0
276267,reinforce_6001,2学期開始記念 腰衣源石,ヨーグルティング 2学期開始を記念して贈られた、下半身用の制服に装着する源石。<br>(交換不可),装備アイテム強化,10,1,5,0
276268,reinforce_6001,2学期開始記念 腰衣源石,ヨーグルティング 2学期開始を記念して贈られた、下半身用の制服に装着する源石。<br>(交換不可),装備アイテム強化,10,1,5,0
276269,reinforce_6001,2学期開始記念 腰衣源石,ヨーグルティング 2学期開始を記念して贈られた、下半身用の制服に装着する源石。<br>(交換不可),装備アイテム強化,10,1,5,0
276270,reinforce_6001,2学期開始記念 腰衣源石,ヨーグルティング 2学期開始を記念して贈られた、下半身用の制服に装着する源石。<br>(交換不可),装備アイテム強化,10,1,5,0
276271,reinforce_6001,2学期開始記念 腰衣源石,ヨーグルティング 2学期開始を記念して贈られた、下半身用の制服に装着する源石。<br>(交換不可),装備アイテム強化,10,1,5,0
276272,reinforce_6001,2学期開始記念 腰衣源石,ヨーグルティング 2学期開始を記念して贈られた、下半身用の制服に装着する源石。<br>(交換不可),装備アイテム強化,10,1,5,0
276273,reinforce_6001,2学期開始記念 腰衣源石,ヨーグルティング 2学期開始を記念して贈られた、下半身用の制服に装着する源石。<br>(交換不可),装備アイテム強化,10,1,5,0
276274,reinforce_6001,2学期開始記念 腰衣源石,ヨーグルティング 2学期開始を記念して贈られた、下半身用の制服に装着する源石。<br>(交換不可),装備アイテム強化,10,1,5,0
276275,reinforce_6001,2学期開始記念 腰衣源石,ヨーグルティング 2学期開始を記念して贈られた、下半身用の制服に装着する源石。<br>(交換不可),装備アイテム強化,10,1,5,0
276276,reinforce_6001,2学期開始記念 腰衣源石,ヨーグルティング 2学期開始を記念して贈られた、下半身用の制服に装着する源石。<br>(交換不可),装備アイテム強化,10,1,5,0
276277,reinforce_6001,2学期開始記念 腰衣源石,ヨーグルティング 2学期開始を記念して贈られた、下半身用の制服に装着する源石。<br>(交換不可),装備アイテム強化,10,1,5,0
276278,reinforce_6001,2学期開始記念 腰衣源石,ヨーグルティング 2学期開始を記念して贈られた、下半身用の制服に装着する源石。<br>(交換不可),装備アイテム強化,10,1,5,0
276279,reinforce_6001,2学期開始記念 腰衣源石,ヨーグルティング 2学期開始を記念して贈られた、下半身用の制服に装着する源石。<br>(交換不可),装備アイテム強化,10,1,5,0
276280,reinforce_6001,2学期開始記念 腰衣源石,ヨーグルティング 2学期開始を記念して贈られた、下半身用の制服に装着する源石。<br>(交換不可),装備アイテム強化,10,1,5,0
276281,reinforce_6001,2学期開始記念 腰衣源石,ヨーグルティング 2学期開始を記念して贈られた、下半身用の制服に装着する源石。<br>(交換不可),装備アイテム強化,10,1,5,0
276282,reinforce_6001,2学期開始記念 腰衣源石,ヨーグルティング 2学期開始を記念して贈られた、下半身用の制服に装着する源石。<br>(交換不可),装備アイテム強化,10,1,5,0
276283,reinforce_6001,2学期開始記念 腰衣源石,ヨーグルティング 2学期開始を記念して贈られた、下半身用の制服に装着する源石。<br>(交換不可),装備アイテム強化,10,1,5,0
276284,reinforce_6001,2学期開始記念 腰衣源石,ヨーグルティング 2学期開始を記念して贈られた、下半身用の制服に装着する源石。<br>(交換不可),装備アイテム強化,10,1,5,0
276285,reinforce_6001,2学期開始記念 腰衣源石,ヨーグルティング 2学期開始を記念して贈られた、下半身用の制服に装着する源石。<br>(交換不可),装備アイテム強化,10,1,5,0
276286,reinforce_6001,2学期開始記念 腰衣源石,ヨーグルティング 2学期開始を記念して贈られた、下半身用の制服に装着する源石。<br>(交換不可),装備アイテム強化,10,1,5,0
276287,reinforce_6001,2学期開始記念 腰衣源石,ヨーグルティング 2学期開始を記念して贈られた、下半身用の制服に装着する源石。<br>(交換不可),装備アイテム強化,11,1,5,0
276288,reinforce_6001,2学期開始記念 腰衣源石,ヨーグルティング 2学期開始を記念して贈られた、下半身用の制服に装着する源石。<br>(交換不可),装備アイテム強化,11,1,5,0
276289,reinforce_6001,2学期開始記念 腰衣源石,ヨーグルティング 2学期開始を記念して贈られた、下半身用の制服に装着する源石。<br>(交換不可),装備アイテム強化,11,1,5,0
276290,reinforce_6001,2学期開始記念 腰衣源石,ヨーグルティング 2学期開始を記念して贈られた、下半身用の制服に装着する源石。<br>(交換不可),装備アイテム強化,11,1,5,0
276291,reinforce_6001,2学期開始記念 腰衣源石,ヨーグルティング 2学期開始を記念して贈られた、下半身用の制服に装着する源石。<br>(交換不可),装備アイテム強化,11,1,5,0
276292,reinforce_6001,2学期開始記念 腰衣源石,ヨーグルティング 2学期開始を記念して贈られた、下半身用の制服に装着する源石。<br>(交換不可),装備アイテム強化,11,1,5,0
276293,reinforce_6001,2学期開始記念 腰衣源石,ヨーグルティング 2学期開始を記念して贈られた、下半身用の制服に装着する源石。<br>(交換不可),装備アイテム強化,11,1,5,0
276294,reinforce_6001,2学期開始記念 腰衣源石,ヨーグルティング 2学期開始を記念して贈られた、下半身用の制服に装着する源石。<br>(交換不可),装備アイテム強化,11,1,5,0
276295,reinforce_6001,2学期開始記念 腰衣源石,ヨーグルティング 2学期開始を記念して贈られた、下半身用の制服に装着する源石。<br>(交換不可),装備アイテム強化,11,1,5,0
276296,reinforce_6001,2学期開始記念 腰衣源石,ヨーグルティング 2学期開始を記念して贈られた、下半身用の制服に装着する源石。<br>(交換不可),装備アイテム強化,11,1,5,0
276297,reinforce_6001,2学期開始記念 腰衣源石,ヨーグルティング 2学期開始を記念して贈られた、下半身用の制服に装着する源石。<br>(交換不可),装備アイテム強化,11,1,5,0
276298,reinforce_6001,2学期開始記念 腰衣源石,ヨーグルティング 2学期開始を記念して贈られた、下半身用の制服に装着する源石。<br>(交換不可),装備アイテム強化,11,1,5,0
276299,reinforce_6001,2学期開始記念 腰衣源石,ヨーグルティング 2学期開始を記念して贈られた、下半身用の制服に装着する源石。<br>(交換不可),装備アイテム強化,11,1,5,0
276300,reinforce_6001,2学期開始記念 腰衣源石,ヨーグルティング 2学期開始を記念して贈られた、下半身用の制服に装着する源石。<br>(交換不可),装備アイテム強化,11,1,399048709,-442526020
276302,reinforce_6001,2学期開始記念 腰衣源石,ヨーグルティング 2学期開始を記念して贈られた、下半身用の制服に装着する源石。<br>(交換不可),装備アイテム強化,11,1,5,0
276303,reinforce_6001,2学期開始記念 腰衣源石,ヨーグルティング 2学期開始を記念して贈られた、下半身用の制服に装着する源石。<br>(交換不可),装備アイテム強化,11,1,5,0
276304,reinforce_6001,2学期開始記念 腰衣源石,ヨーグルティング 2学期開始を記念して贈られた、下半身用の制服に装着する源石。<br>(交換不可),装備アイテム強化,11,1,5,0
276305,reinforce_6001,2学期開始記念 腰衣源石,ヨーグルティング 2学期開始を記念して贈られた、下半身用の制服に装着する源石。<br>(交換不可),装備アイテム強化,11,1,5,0
276306,reinforce_6001,2学期開始記念 腰衣源石,ヨーグルティング 2学期開始を記念して贈られた、下半身用の制服に装着する源石。<br>(交換不可),装備アイテム強化,11,1,5,0
276307,reinforce_6001,2学期開始記念 腰衣源石,ヨーグルティング 2学期開始を記念して贈られた、下半身用の制服に装着する源石。<br>(交換不可),装備アイテム強化,11,1,5,0
276308,reinforce_6001,2学期開始記念 腰衣源石,ヨーグルティング 2学期開始を記念して贈られた、下半身用の制服に装着する源石。<br>(交換不可),装備アイテム強化,11,1,5,0
276309,reinforce_6001,2学期開始記念 腰衣源石,ヨーグルティング 2学期開始を記念して贈られた、下半身用の制服に装着する源石。<br>(交換不可),装備アイテム強化,11,1,5,0
276310,reinforce_6001,2学期開始記念 腰衣源石,ヨーグルティング 2学期開始を記念して贈られた、下半身用の制服に装着する源石。<br>(交換不可),装備アイテム強化,11,1,5,0
276311,reinforce_6001,2学期開始記念 腰衣源石,ヨーグルティング 2学期開始を記念して贈られた、下半身用の制服に装着する源石。<br>(交換不可),装備アイテム強化,11,1,5,0
276312,reinforce_6001,2学期開始記念 腰衣源石,ヨーグルティング 2学期開始を記念して贈られた、下半身用の制服に装着する源石。<br>(交換不可),装備アイテム強化,11,1,5,0
276313,reinforce_6001,2学期開始記念 腰衣源石,ヨーグルティング 2学期開始を記念して贈られた、下半身用の制服に装着する源石。<br>(交換不可),装備アイテム強化,11,1,5,0
276314,reinforce_6001,2学期開始記念 腰衣源石,ヨーグルティング 2学期開始を記念して贈られた、下半身用の制服に装着する源石。<br>(交換不可),装備アイテム強化,11,1,5,0
276315,reinforce_6001,2学期開始記念 腰衣源石,ヨーグルティング 2学期開始を記念して贈られた、下半身用の制服に装着する源石。<br>(交換不可),装備アイテム強化,11,1,5,0
276316,reinforce_6001,2学期開始記念 腰衣源石,ヨーグルティング 2学期開始を記念して贈られた、下半身用の制服に装着する源石。<br>(交換不可),装備アイテム強化,11,1,5,0
276317,reinforce_6001,2学期開始記念 腰衣源石,ヨーグルティング 2学期開始を記念して贈られた、下半身用の制服に装着する源石。<br>(交換不可),装備アイテム強化,11,1,5,0
276318,reinforce_6001,2学期開始記念 腰衣源石,ヨーグルティング 2学期開始を記念して贈られた、下半身用の制服に装着する源石。<br>(交換不可),装備アイテム強化,11,1,5,0
276319,reinforce_6001,2学期開始記念 腰衣源石,ヨーグルティング 2学期開始を記念して贈られた、下半身用の制服に装着する源石。<br>(交換不可),装備アイテム強化,11,1,5,0
276320,reinforce_6001,2学期開始記念 腰衣源石,ヨーグルティング 2学期開始を記念して贈られた、下半身用の制服に装着する源石。<br>(交換不可),装備アイテム強化,11,1,5,0
276321,reinforce_6001,2学期開始記念 腰衣源石,ヨーグルティング 2学期開始を記念して贈られた、下半身用の制服に装着する源石。<br>(交換不可),装備アイテム強化,11,1,5,0
276322,reinforce_6001,2学期開始記念 腰衣源石,ヨーグルティング 2学期開始を記念して贈られた、下半身用の制服に装着する源石。<br>(交換不可),装備アイテム強化,11,1,5,0
276323,reinforce_6001,2学期開始記念 腰衣源石,ヨーグルティング 2学期開始を記念して贈られた、下半身用の制服に装着する源石。<br>(交換不可),装備アイテム強化,11,1,5,0
276324,reinforce_6001,2学期開始記念 腰衣源石,ヨーグルティング 2学期開始を記念して贈られた、下半身用の制服に装着する源石。<br>(交換不可),装備アイテム強化,11,1,5,0
276325,reinforce_6001,2学期開始記念 腰衣源石,ヨーグルティング 2学期開始を記念して贈られた、下半身用の制服に装着する源石。<br>(交換不可),装備アイテム強化,11,1,5,0
276326,reinforce_6001,2学期開始記念 腰衣源石,ヨーグルティング 2学期開始を記念して贈られた、下半身用の制服に装着する源石。<br>(交換不可),装備アイテム強化,11,1,5,0
276327,reinforce_6001,2学期開始記念 腰衣源石,ヨーグルティング 2学期開始を記念して贈られた、下半身用の制服に装着する源石。<br>(交換不可),装備アイテム強化,11,1,5,0
276328,reinforce_6001,2学期開始記念 腰衣源石,ヨーグルティング 2学期開始を記念して贈られた、下半身用の制服に装着する源石。<br>(交換不可),装備アイテム強化,11,1,5,0
276329,reinforce_6001,2学期開始記念 腰衣源石,ヨーグルティング 2学期開始を記念して贈られた、下半身用の制服に装着する源石。<br>(交換不可),装備アイテム強化,11,1,5,0
276330,reinforce_6001,2学期開始記念 腰衣源石,ヨーグルティング 2学期開始を記念して贈られた、下半身用の制服に装着する源石。<br>(交換不可),装備アイテム強化,11,1,5,0
276331,reinforce_6001,2学期開始記念 腰衣源石,ヨーグルティング 2学期開始を記念して贈られた、下半身用の制服に装着する源石。<br>(交換不可),装備アイテム強化,11,1,5,0
276332,reinforce_6001,2学期開始記念 腰衣源石,ヨーグルティング 2学期開始を記念して贈られた、下半身用の制服に装着する源石。<br>(交換不可),装備アイテム強化,11,1,5,0
276333,reinforce_6001,2学期開始記念 腰衣源石,ヨーグルティング 2学期開始を記念して贈られた、下半身用の制服に装着する源石。<br>(交換不可),装備アイテム強化,11,1,5,0
276334,reinforce_6001,2学期開始記念 腰衣源石,ヨーグルティング 2学期開始を記念して贈られた、下半身用の制服に装着する源石。<br>(交換不可),装備アイテム強化,11,1,5,0
276335,reinforce_6001,2学期開始記念 腰衣源石,ヨーグルティング 2学期開始を記念して贈られた、下半身用の制服に装着する源石。<br>(交換不可),装備アイテム強化,11,1,5,0
276336,reinforce_6001,2学期開始記念 腰衣源石,ヨーグルティング 2学期開始を記念して贈られた、下半身用の制服に装着する源石。<br>(交換不可),装備アイテム強化,11,1,5,0
276337,reinforce_6001,2学期開始記念 腰衣源石,ヨーグルティング 2学期開始を記念して贈られた、下半身用の制服に装着する源石。<br>(交換不可),装備アイテム強化,11,1,5,0
276338,reinforce_6001,2学期開始記念 腰衣源石,ヨーグルティング 2学期開始を記念して贈られた、下半身用の制服に装着する源石。<br>(交換不可),装備アイテム強化,11,1,5,0
276339,reinforce_6001,2学期開始記念 腰衣源石,ヨーグルティング 2学期開始を記念して贈られた、下半身用の制服に装着する源石。<br>(交換不可),装備アイテム強化,11,1,5,0
276340,reinforce_6001,2学期開始記念 腰衣源石,ヨーグルティング 2学期開始を記念して贈られた、下半身用の制服に装着する源石。<br>(交換不可),装備アイテム強化,11,1,5,0
276341,reinforce_6001,2学期開始記念 腰衣源石,ヨーグルティング 2学期開始を記念して贈られた、下半身用の制服に装着する源石。<br>(交換不可),装備アイテム強化,11,1,5,0
276342,reinforce_6001,2学期開始記念 腰衣源石,ヨーグルティング 2学期開始を記念して贈られた、下半身用の制服に装着する源石。<br>(交換不可),装備アイテム強化,11,1,5,0
276343,reinforce_6001,2学期開始記念 腰衣源石,ヨーグルティング 2学期開始を記念して贈られた、下半身用の制服に装着する源石。<br>(交換不可),装備アイテム強化,11,1,5,0
276344,reinforce_6001,2学期開始記念 腰衣源石,ヨーグルティング 2学期開始を記念して贈られた、下半身用の制服に装着する源石。<br>(交換不可),装備アイテム強化,11,1,5,0
276345,reinforce_6001,2学期開始記念 腰衣源石,ヨーグルティング 2学期開始を記念して贈られた、下半身用の制服に装着する源石。<br>(交換不可),装備アイテム強化,11,1,5,0
276346,reinforce_6001,2学期開始記念 腰衣源石,ヨーグルティング 2学期開始を記念して贈られた、下半身用の制服に装着する源石。<br>(交換不可),装備アイテム強化,11,1,5,0
276347,reinforce_6001,2学期開始記念 腰衣源石,ヨーグルティング 2学期開始を記念して贈られた、下半身用の制服に装着する源石。<br>(交換不可),装備アイテム強化,11,1,5,0
276348,reinforce_6001,2学期開始記念 腰衣源石,ヨーグルティング 2学期開始を記念して贈られた、下半身用の制服に装着する源石。<br>(交換不可),装備アイテム強化,11,1,5,0
276349,reinforce_6001,2学期開始記念 腰衣源石,ヨーグルティング 2学期開始を記念して贈られた、下半身用の制服に装着する源石。<br>(交換不可),装備アイテム強化,11,1,5,0
276350,reinforce_6001,2学期開始記念 腰衣源石,ヨーグルティング 2学期開始を記念して贈られた、下半身用の制服に装着する源石。<br>(交換不可),装備アイテム強化,11,1,5,0
276351,reinforce_6001,2学期開始記念 腰衣源石,ヨーグルティング 2学期開始を記念して贈られた、下半身用の制服に装着する源石。<br>(交換不可),装備アイテム強化,11,1,5,0
276352,reinforce_6001,2学期開始記念 腰衣源石,ヨーグルティング 2学期開始を記念して贈られた、下半身用の制服に装着する源石。<br>(交換不可),装備アイテム強化,11,1,5,0
276353,reinforce_6001,2学期開始記念 腰衣源石,ヨーグルティング 2学期開始を記念して贈られた、下半身用の制服に装着する源石。<br>(交換不可),装備アイテム強化,11,1,5,0
276354,reinforce_6001,2学期開始記念 腰衣源石,ヨーグルティング 2学期開始を記念して贈られた、下半身用の制服に装着する源石。<br>(交換不可),装備アイテム強化,11,1,5,0
276355,reinforce_6001,2学期開始記念 腰衣源石,ヨーグルティング 2学期開始を記念して贈られた、下半身用の制服に装着する源石。<br>(交換不可),装備アイテム強化,11,1,5,0
276356,reinforce_6001,2学期開始記念 腰衣源石,ヨーグルティング 2学期開始を記念して贈られた、下半身用の制服に装着する源石。<br>(交換不可),装備アイテム強化,11,1,5,0
276357,reinforce_6001,2学期開始記念 腰衣源石,ヨーグルティング 2学期開始を記念して贈られた、下半身用の制服に装着する源石。<br>(交換不可),装備アイテム強化,11,1,5,0
276358,reinforce_6001,2学期開始記念 腰衣源石,ヨーグルティング 2学期開始を記念して贈られた、下半身用の制服に装着する源石。<br>(交換不可),装備アイテム強化,11,1,5,0
276359,reinforce_6001,2学期開始記念 腰衣源石,ヨーグルティング 2学期開始を記念して贈られた、下半身用の制服に装着する源石。<br>(交換不可),装備アイテム強化,11,1,5,0
276360,reinforce_6001,2学期開始記念 腰衣源石,ヨーグルティング 2学期開始を記念して贈られた、下半身用の制服に装着する源石。<br>(交換不可),装備アイテム強化,11,1,5,0
276361,reinforce_6001,2学期開始記念 腰衣源石,ヨーグルティング 2学期開始を記念して贈られた、下半身用の制服に装着する源石。<br>(交換不可),装備アイテム強化,11,1,5,0
276362,reinforce_6001,2学期開始記念 腰衣源石,ヨーグルティング 2学期開始を記念して贈られた、下半身用の制服に装着する源石。<br>(交換不可),装備アイテム強化,11,1,5,0
276363,reinforce_6001,2学期開始記念 腰衣源石,ヨーグルティング 2学期開始を記念して贈られた、下半身用の制服に装着する源石。<br>(交換不可),装備アイテム強化,11,1,5,0
276364,reinforce_6001,2学期開始記念 腰衣源石,ヨーグルティング 2学期開始を記念して贈られた、下半身用の制服に装着する源石。<br>(交換不可),装備アイテム強化,11,1,5,0
276365,reinforce_6001,2学期開始記念 腰衣源石,ヨーグルティング 2学期開始を記念して贈られた、下半身用の制服に装着する源石。<br>(交換不可),装備アイテム強化,11,1,5,0
276366,reinforce_6001,2学期開始記念 腰衣源石,ヨーグルティング 2学期開始を記念して贈られた、下半身用の制服に装着する源石。<br>(交換不可),装備アイテム強化,11,1,5,0
276367,reinforce_6001,2学期開始記念 腰衣源石,ヨーグルティング 2学期開始を記念して贈られた、下半身用の制服に装着する源石。<br>(交換不可),装備アイテム強化,11,1,5,0
276368,reinforce_6001,2学期開始記念 腰衣源石,ヨーグルティング 2学期開始を記念して贈られた、下半身用の制服に装着する源石。<br>(交換不可),装備アイテム強化,11,1,5,0
276369,reinforce_6001,2学期開始記念 腰衣源石,ヨーグルティング 2学期開始を記念して贈られた、下半身用の制服に装着する源石。<br>(交換不可),装備アイテム強化,11,1,5,0
276370,reinforce_6001,2学期開始記念 腰衣源石,ヨーグルティング 2学期開始を記念して贈られた、下半身用の制服に装着する源石。<br>(交換不可),装備アイテム強化,11,1,5,0
276371,reinforce_6001,2学期開始記念 腰衣源石,ヨーグルティング 2学期開始を記念して贈られた、下半身用の制服に装着する源石。<br>(交換不可),装備アイテム強化,11,1,5,0
276372,reinforce_6001,2学期開始記念 腰衣源石,ヨーグルティング 2学期開始を記念して贈られた、下半身用の制服に装着する源石。<br>(交換不可),装備アイテム強化,11,1,5,0
276373,reinforce_6001,2学期開始記念 腰衣源石,ヨーグルティング 2学期開始を記念して贈られた、下半身用の制服に装着する源石。<br>(交換不可),装備アイテム強化,11,1,5,0
276374,reinforce_6001,2学期開始記念 腰衣源石,ヨーグルティング 2学期開始を記念して贈られた、下半身用の制服に装着する源石。<br>(交換不可),装備アイテム強化,11,1,5,0
276375,reinforce_6001,2学期開始記念 腰衣源石,ヨーグルティング 2学期開始を記念して贈られた、下半身用の制服に装着する源石。<br>(交換不可),装備アイテム強化,11,1,5,0
276376,reinforce_6001,2学期開始記念 腰衣源石,ヨーグルティング 2学期開始を記念して贈られた、下半身用の制服に装着する源石。<br>(交換不可),装備アイテム強化,11,1,5,0
276377,reinforce_6001,2学期開始記念 腰衣源石,ヨーグルティング 2学期開始を記念して贈られた、下半身用の制服に装着する源石。<br>(交換不可),装備アイテム強化,11,1,5,0
276378,reinforce_6001,2学期開始記念 腰衣源石,ヨーグルティング 2学期開始を記念して贈られた、下半身用の制服に装着する源石。<br>(交換不可),装備アイテム強化,11,1,5,0
276379,reinforce_6001,2学期開始記念 腰衣源石,ヨーグルティング 2学期開始を記念して贈られた、下半身用の制服に装着する源石。<br>(交換不可),装備アイテム強化,11,1,5,0
276380,reinforce_6001,2学期開始記念 腰衣源石,ヨーグルティング 2学期開始を記念して贈られた、下半身用の制服に装着する源石。<br>(交換不可),装備アイテム強化,11,1,5,0
276381,reinforce_6001,2学期開始記念 腰衣源石,ヨーグルティング 2学期開始を記念して贈られた、下半身用の制服に装着する源石。<br>(交換不可),装備アイテム強化,11,1,5,0
276382,reinforce_6001,2学期開始記念 腰衣源石,ヨーグルティング 2学期開始を記念して贈られた、下半身用の制服に装着する源石。<br>(交換不可),装備アイテム強化,11,1,5,0
276383,reinforce_6001,2学期開始記念 腰衣源石,ヨーグルティング 2学期開始を記念して贈られた、下半身用の制服に装着する源石。<br>(交換不可),装備アイテム強化,11,1,5,0
276384,reinforce_6001,2学期開始記念 腰衣源石,ヨーグルティング 2学期開始を記念して贈られた、下半身用の制服に装着する源石。<br>(交換不可),装備アイテム強化,11,1,5,0
276385,reinforce_6001,2学期開始記念 腰衣源石,ヨーグルティング 2学期開始を記念して贈られた、下半身用の制服に装着する源石。<br>(交換不可),装備アイテム強化,11,1,5,0
276386,reinforce_6001,2学期開始記念 腰衣源石,ヨーグルティング 2学期開始を記念して贈られた、下半身用の制服に装着する源石。<br>(交換不可),装備アイテム強化,11,1,5,0
276387,reinforce_6001,2学期開始記念 腰衣源石,ヨーグルティング 2学期開始を記念して贈られた、下半身用の制服に装着する源石。<br>(交換不可),装備アイテム強化,11,1,5,0
276388,reinforce_6001,2学期開始記念 腰衣源石,ヨーグルティング 2学期開始を記念して贈られた、下半身用の制服に装着する源石。<br>(交換不可),装備アイテム強化,11,1,5,0
276389,reinforce_6001,2学期開始記念 腰衣源石,ヨーグルティング 2学期開始を記念して贈られた、下半身用の制服に装着する源石。<br>(交換不可),装備アイテム強化,11,1,5,0
276390,reinforce_6001,2学期開始記念 腰衣源石,ヨーグルティング 2学期開始を記念して贈られた、下半身用の制服に装着する源石。<br>(交換不可),装備アイテム強化,11,1,5,0
276391,reinforce_6001,2学期開始記念 腰衣源石,ヨーグルティング 2学期開始を記念して贈られた、下半身用の制服に装着する源石。<br>(交換不可),装備アイテム強化,11,1,5,0
276392,reinforce_6001,2学期開始記念 腰衣源石,ヨーグルティング 2学期開始を記念して贈られた、下半身用の制服に装着する源石。<br>(交換不可),装備アイテム強化,11,1,5,0
276393,reinforce_6001,2学期開始記念 腰衣源石,ヨーグルティング 2学期開始を記念して贈られた、下半身用の制服に装着する源石。<br>(交換不可),装備アイテム強化,11,1,5,0
276394,reinforce_6001,2学期開始記念 腰衣源石,ヨーグルティング 2学期開始を記念して贈られた、下半身用の制服に装着する源石。<br>(交換不可),装備アイテム強化,11,1,5,0
276395,reinforce_6001,2学期開始記念 腰衣源石,ヨーグルティング 2学期開始を記念して贈られた、下半身用の制服に装着する源石。<br>(交換不可),装備アイテム強化,11,1,5,0
276396,reinforce_6001,2学期開始記念 腰衣源石,ヨーグルティング 2学期開始を記念して贈られた、下半身用の制服に装着する源石。<br>(交換不可),装備アイテム強化,11,1,5,0
276397,reinforce_6001,2学期開始記念 腰衣源石,ヨーグルティング 2学期開始を記念して贈られた、下半身用の制服に装着する源石。<br>(交換不可),装備アイテム強化,11,1,5,0
276398,reinforce_6001,2学期開始記念 腰衣源石,ヨーグルティング 2学期開始を記念して贈られた、下半身用の制服に装着する源石。<br>(交換不可),装備アイテム強化,11,1,5,0
276399,reinforce_6001,2学期開始記念 腰衣源石,ヨーグルティング 2学期開始を記念して贈られた、下半身用の制服に装着する源石。<br>(交換不可),装備アイテム強化,11,1,5,0
276400,reinforce_6001,2学期開始記念 腰衣源石,ヨーグルティング 2学期開始を記念して贈られた、下半身用の制服に装着する源石。<br>(交換不可),装備アイテム強化,11,1,5,0
276401,reinforce_6001,2学期開始記念 腰衣源石,ヨーグルティング 2学期開始を記念して贈られた、下半身用の制服に装着する源石。<br>(交換不可),装備アイテム強化,11,1,5,0
276402,reinforce_6001,2学期開始記念 腰衣源石,ヨーグルティング 2学期開始を記念して贈られた、下半身用の制服に装着する源石。<br>(交換不可),装備アイテム強化,11,1,5,0
276403,reinforce_6001,2学期開始記念 腰衣源石,ヨーグルティング 2学期開始を記念して贈られた、下半身用の制服に装着する源石。<br>(交換不可),装備アイテム強化,11,1,5,0
276404,reinforce_6001,2学期開始記念 腰衣源石,ヨーグルティング 2学期開始を記念して贈られた、下半身用の制服に装着する源石。<br>(交換不可),装備アイテム強化,11,1,5,0
276405,reinforce_6001,2学期開始記念 腰衣源石,ヨーグルティング 2学期開始を記念して贈られた、下半身用の制服に装着する源石。<br>(交換不可),装備アイテム強化,11,1,5,0
276406,reinforce_6001,2学期開始記念 腰衣源石,ヨーグルティング 2学期開始を記念して贈られた、下半身用の制服に装着する源石。<br>(交換不可),装備アイテム強化,11,1,5,0
276407,reinforce_6001,2学期開始記念 腰衣源石,ヨーグルティング 2学期開始を記念して贈られた、下半身用の制服に装着する源石。<br>(交換不可),装備アイテム強化,11,1,5,0
276408,reinforce_6001,2学期開始記念 腰衣源石,ヨーグルティング 2学期開始を記念して贈られた、下半身用の制服に装着する源石。<br>(交換不可),装備アイテム強化,11,1,5,0
276409,reinforce_6001,2学期開始記念 腰衣源石,ヨーグルティング 2学期開始を記念して贈られた、下半身用の制服に装着する源石。<br>(交換不可),装備アイテム強化,11,1,5,0
276410,reinforce_6001,2学期開始記念 腰衣源石,ヨーグルティング 2学期開始を記念して贈られた、下半身用の制服に装着する源石。<br>(交換不可),装備アイテム強化,11,1,5,0
276411,reinforce_6001,2学期開始記念 腰衣源石,ヨーグルティング 2学期開始を記念して贈られた、下半身用の制服に装着する源石。<br>(交換不可),装備アイテム強化,11,1,5,0
276412,reinforce_6001,2学期開始記念 腰衣源石,ヨーグルティング 2学期開始を記念して贈られた、下半身用の制服に装着する源石。<br>(交換不可),装備アイテム強化,11,1,5,0
276413,reinforce_6001,2学期開始記念 腰衣源石,ヨーグルティング 2学期開始を記念して贈られた、下半身用の制服に装着する源石。<br>(交換不可),装備アイテム強化,11,1,5,0
276414,reinforce_6001,2学期開始記念 腰衣源石,ヨーグルティング 2学期開始を記念して贈られた、下半身用の制服に装着する源石。<br>(交換不可),装備アイテム強化,11,1,5,0
276415,reinforce_6001,2学期開始記念 腰衣源石,ヨーグルティング 2学期開始を記念して贈られた、下半身用の制服に装着する源石。<br>(交換不可),装備アイテム強化,11,1,5,0
276416,reinforce_6001,2学期開始記念 腰衣源石,ヨーグルティング 2学期開始を記念して贈られた、下半身用の制服に装着する源石。<br>(交換不可),装備アイテム強化,11,1,5,0
276417,reinforce_6001,2学期開始記念 腰衣源石,ヨーグルティング 2学期開始を記念して贈られた、下半身用の制服に装着する源石。<br>(交換不可),装備アイテム強化,11,1,5,0
276418,reinforce_6001,2学期開始記念 腰衣源石,ヨーグルティング 2学期開始を記念して贈られた、下半身用の制服に装着する源石。<br>(交換不可),装備アイテム強化,11,1,5,0
276419,reinforce_6001,2学期開始記念 腰衣源石,ヨーグルティング 2学期開始を記念して贈られた、下半身用の制服に装着する源石。<br>(交換不可),装備アイテム強化,11,1,5,0
276420,reinforce_6001,2学期開始記念 腰衣源石,ヨーグルティング 2学期開始を記念して贈られた、下半身用の制服に装着する源石。<br>(交換不可),装備アイテム強化,11,1,5,0
276421,reinforce_6001,2学期開始記念 腰衣源石,ヨーグルティング 2学期開始を記念して贈られた、下半身用の制服に装着する源石。<br>(交換不可),装備アイテム強化,11,1,5,0
276422,reinforce_6001,2学期開始記念 腰衣源石,ヨーグルティング 2学期開始を記念して贈られた、下半身用の制服に装着する源石。<br>(交換不可),装備アイテム強化,11,1,5,0
276423,reinforce_6001,2学期開始記念 腰衣源石,ヨーグルティング 2学期開始を記念して贈られた、下半身用の制服に装着する源石。<br>(交換不可),装備アイテム強化,11,1,5,0
276424,reinforce_6001,2学期開始記念 腰衣源石,ヨーグルティング 2学期開始を記念して贈られた、下半身用の制服に装着する源石。<br>(交換不可),装備アイテム強化,11,1,5,0
276425,reinforce_6001,2学期開始記念 腰衣源石,ヨーグルティング 2学期開始を記念して贈られた、下半身用の制服に装着する源石。<br>(交換不可),装備アイテム強化,11,1,5,0
276426,reinforce_6001,2学期開始記念 腰衣源石,ヨーグルティング 2学期開始を記念して贈られた、下半身用の制服に装着する源石。<br>(交換不可),装備アイテム強化,11,1,5,0
277100,reinforce_7001,2学期開始記念 走源石,ヨーグルティング 2学期開始を記念して贈られた、靴に装着する源石。<br>(交換不可),装備アイテム強化,7,1,5,0
277101,reinforce_7001,2学期開始記念 走源石,ヨーグルティング 2学期開始を記念して贈られた、靴に装着する源石。<br>(交換不可),装備アイテム強化,7,1,5,0
277102,reinforce_7001,2学期開始記念 走源石,ヨーグルティング 2学期開始を記念して贈られた、靴に装着する源石。<br>(交換不可),装備アイテム強化,7,1,5,0
277103,reinforce_7001,2学期開始記念 走源石,ヨーグルティング 2学期開始を記念して贈られた、靴に装着する源石。<br>(交換不可),装備アイテム強化,7,1,5,0
277104,reinforce_7001,2学期開始記念 走源石,ヨーグルティング 2学期開始を記念して贈られた、靴に装着する源石。<br>(交換不可),装備アイテム強化,7,1,5,0
277105,reinforce_7001,2学期開始記念 走源石,ヨーグルティング 2学期開始を記念して贈られた、靴に装着する源石。<br>(交換不可),装備アイテム強化,7,1,5,0
277106,reinforce_7001,2学期開始記念 走源石,ヨーグルティング 2学期開始を記念して贈られた、靴に装着する源石。<br>(交換不可),装備アイテム強化,7,1,5,0
277107,reinforce_7001,2学期開始記念 走源石,ヨーグルティング 2学期開始を記念して贈られた、靴に装着する源石。<br>(交換不可),装備アイテム強化,7,1,5,0
277108,reinforce_7001,2学期開始記念 走源石,ヨーグルティング 2学期開始を記念して贈られた、靴に装着する源石。<br>(交換不可),装備アイテム強化,7,1,5,0
277109,reinforce_7001,2学期開始記念 走源石,ヨーグルティング 2学期開始を記念して贈られた、靴に装着する源石。<br>(交換不可),装備アイテム強化,7,1,5,0
277110,reinforce_7001,2学期開始記念 走源石,ヨーグルティング 2学期開始を記念して贈られた、靴に装着する源石。<br>(交換不可),装備アイテム強化,7,1,5,0
277111,reinforce_7001,2学期開始記念 走源石,ヨーグルティング 2学期開始を記念して贈られた、靴に装着する源石。<br>(交換不可),装備アイテム強化,7,1,5,0
277112,reinforce_7001,2学期開始記念 走源石,ヨーグルティング 2学期開始を記念して贈られた、靴に装着する源石。<br>(交換不可),装備アイテム強化,7,1,5,0
277113,reinforce_7001,2学期開始記念 走源石,ヨーグルティング 2学期開始を記念して贈られた、靴に装着する源石。<br>(交換不可),装備アイテム強化,7,1,5,0
277114,reinforce_7001,2学期開始記念 走源石,ヨーグルティング 2学期開始を記念して贈られた、靴に装着する源石。<br>(交換不可),装備アイテム強化,7,1,5,0
277115,reinforce_7001,2学期開始記念 走源石,ヨーグルティング 2学期開始を記念して贈られた、靴に装着する源石。<br>(交換不可),装備アイテム強化,7,1,5,0
277116,reinforce_7001,2学期開始記念 走源石,ヨーグルティング 2学期開始を記念して贈られた、靴に装着する源石。<br>(交換不可),装備アイテム強化,7,1,5,0
277117,reinforce_7001,2学期開始記念 走源石,ヨーグルティング 2学期開始を記念して贈られた、靴に装着する源石。<br>(交換不可),装備アイテム強化,7,1,5,0
277118,reinforce_7001,2学期開始記念 走源石,ヨーグルティング 2学期開始を記念して贈られた、靴に装着する源石。<br>(交換不可),装備アイテム強化,7,1,5,0
277119,reinforce_7001,2学期開始記念 走源石,ヨーグルティング 2学期開始を記念して贈られた、靴に装着する源石。<br>(交換不可),装備アイテム強化,7,1,5,0
277120,reinforce_7001,2学期開始記念 走源石,ヨーグルティング 2学期開始を記念して贈られた、靴に装着する源石。<br>(交換不可),装備アイテム強化,7,1,5,0
277121,reinforce_7001,2学期開始記念 走源石,ヨーグルティング 2学期開始を記念して贈られた、靴に装着する源石。<br>(交換不可),装備アイテム強化,7,1,5,0
277122,reinforce_7001,2学期開始記念 走源石,ヨーグルティング 2学期開始を記念して贈られた、靴に装着する源石。<br>(交換不可),装備アイテム強化,7,1,5,0
277123,reinforce_7001,2学期開始記念 走源石,ヨーグルティング 2学期開始を記念して贈られた、靴に装着する源石。<br>(交換不可),装備アイテム強化,7,1,5,0
277124,reinforce_7001,2学期開始記念 走源石,ヨーグルティング 2学期開始を記念して贈られた、靴に装着する源石。<br>(交換不可),装備アイテム強化,7,1,5,0
277125,reinforce_7001,2学期開始記念 走源石,ヨーグルティング 2学期開始を記念して贈られた、靴に装着する源石。<br>(交換不可),装備アイテム強化,7,1,5,0
277126,reinforce_7001,2学期開始記念 走源石,ヨーグルティング 2学期開始を記念して贈られた、靴に装着する源石。<br>(交換不可),装備アイテム強化,7,1,5,0
277127,reinforce_7001,2学期開始記念 走源石,ヨーグルティング 2学期開始を記念して贈られた、靴に装着する源石。<br>(交換不可),装備アイテム強化,7,1,5,0
277128,reinforce_7001,2学期開始記念 走源石,ヨーグルティング 2学期開始を記念して贈られた、靴に装着する源石。<br>(交換不可),装備アイテム強化,7,1,5,0
277129,reinforce_7001,2学期開始記念 走源石,ヨーグルティング 2学期開始を記念して贈られた、靴に装着する源石。<br>(交換不可),装備アイテム強化,7,1,5,0
277130,reinforce_7001,2学期開始記念 走源石,ヨーグルティング 2学期開始を記念して贈られた、靴に装着する源石。<br>(交換不可),装備アイテム強化,7,1,5,0
277131,reinforce_7001,2学期開始記念 走源石,ヨーグルティング 2学期開始を記念して贈られた、靴に装着する源石。<br>(交換不可),装備アイテム強化,7,1,5,0
277132,reinforce_7001,2学期開始記念 走源石,ヨーグルティング 2学期開始を記念して贈られた、靴に装着する源石。<br>(交換不可),装備アイテム強化,7,1,5,0
277133,reinforce_7001,2学期開始記念 走源石,ヨーグルティング 2学期開始を記念して贈られた、靴に装着する源石。<br>(交換不可),装備アイテム強化,7,1,5,0
277134,reinforce_7001,2学期開始記念 走源石,ヨーグルティング 2学期開始を記念して贈られた、靴に装着する源石。<br>(交換不可),装備アイテム強化,7,1,5,0
277135,reinforce_7001,2学期開始記念 走源石,ヨーグルティング 2学期開始を記念して贈られた、靴に装着する源石。<br>(交換不可),装備アイテム強化,7,1,5,0
277136,reinforce_7001,2学期開始記念 走源石,ヨーグルティング 2学期開始を記念して贈られた、靴に装着する源石。<br>(交換不可),装備アイテム強化,7,1,5,0
277137,reinforce_7001,2学期開始記念 走源石,ヨーグルティング 2学期開始を記念して贈られた、靴に装着する源石。<br>(交換不可),装備アイテム強化,7,1,5,0
277138,reinforce_7001,2学期開始記念 走源石,ヨーグルティング 2学期開始を記念して贈られた、靴に装着する源石。<br>(交換不可),装備アイテム強化,7,1,5,0
277139,reinforce_7001,2学期開始記念 走源石,ヨーグルティング 2学期開始を記念して贈られた、靴に装着する源石。<br>(交換不可),装備アイテム強化,7,1,5,0
277140,reinforce_7001,2学期開始記念 走源石,ヨーグルティング 2学期開始を記念して贈られた、靴に装着する源石。<br>(交換不可),装備アイテム強化,7,1,5,0
277141,reinforce_7001,2学期開始記念 走源石,ヨーグルティング 2学期開始を記念して贈られた、靴に装着する源石。<br>(交換不可),装備アイテム強化,7,1,5,0
277142,reinforce_7001,2学期開始記念 走源石,ヨーグルティング 2学期開始を記念して贈られた、靴に装着する源石。<br>(交換不可),装備アイテム強化,7,1,5,0
277143,reinforce_7001,2学期開始記念 走源石,ヨーグルティング 2学期開始を記念して贈られた、靴に装着する源石。<br>(交換不可),装備アイテム強化,7,1,5,0
277144,reinforce_7001,2学期開始記念 走源石,ヨーグルティング 2学期開始を記念して贈られた、靴に装着する源石。<br>(交換不可),装備アイテム強化,8,1,5,0
277145,reinforce_7001,2学期開始記念 走源石,ヨーグルティング 2学期開始を記念して贈られた、靴に装着する源石。<br>(交換不可),装備アイテム強化,8,1,5,0
277146,reinforce_7001,2学期開始記念 走源石,ヨーグルティング 2学期開始を記念して贈られた、靴に装着する源石。<br>(交換不可),装備アイテム強化,8,1,5,0
277147,reinforce_7001,2学期開始記念 走源石,ヨーグルティング 2学期開始を記念して贈られた、靴に装着する源石。<br>(交換不可),装備アイテム強化,8,1,5,0
277148,reinforce_7001,2学期開始記念 走源石,ヨーグルティング 2学期開始を記念して贈られた、靴に装着する源石。<br>(交換不可),装備アイテム強化,8,1,5,0
277149,reinforce_7001,2学期開始記念 走源石,ヨーグルティング 2学期開始を記念して贈られた、靴に装着する源石。<br>(交換不可),装備アイテム強化,8,1,5,0
277150,reinforce_7001,2学期開始記念 走源石,ヨーグルティング 2学期開始を記念して贈られた、靴に装着する源石。<br>(交換不可),装備アイテム強化,8,1,5,0
277151,reinforce_7001,2学期開始記念 走源石,ヨーグルティング 2学期開始を記念して贈られた、靴に装着する源石。<br>(交換不可),装備アイテム強化,8,1,5,0
277152,reinforce_7001,2学期開始記念 走源石,ヨーグルティング 2学期開始を記念して贈られた、靴に装着する源石。<br>(交換不可),装備アイテム強化,8,1,5,0
277153,reinforce_7001,2学期開始記念 走源石,ヨーグルティング 2学期開始を記念して贈られた、靴に装着する源石。<br>(交換不可),装備アイテム強化,8,1,5,0
277154,reinforce_7001,2学期開始記念 走源石,ヨーグルティング 2学期開始を記念して贈られた、靴に装着する源石。<br>(交換不可),装備アイテム強化,8,1,5,0
277155,reinforce_7001,2学期開始記念 走源石,ヨーグルティング 2学期開始を記念して贈られた、靴に装着する源石。<br>(交換不可),装備アイテム強化,8,1,5,0
277156,reinforce_7001,2学期開始記念 走源石,ヨーグルティング 2学期開始を記念して贈られた、靴に装着する源石。<br>(交換不可),装備アイテム強化,8,1,5,0
277157,reinforce_7001,2学期開始記念 走源石,ヨーグルティング 2学期開始を記念して贈られた、靴に装着する源石。<br>(交換不可),装備アイテム強化,8,1,5,0
277158,reinforce_7001,2学期開始記念 走源石,ヨーグルティング 2学期開始を記念して贈られた、靴に装着する源石。<br>(交換不可),装備アイテム強化,8,1,5,0
277159,reinforce_7001,2学期開始記念 走源石,ヨーグルティング 2学期開始を記念して贈られた、靴に装着する源石。<br>(交換不可),装備アイテム強化,8,1,5,0
277160,reinforce_7001,2学期開始記念 走源石,ヨーグルティング 2学期開始を記念して贈られた、靴に装着する源石。<br>(交換不可),装備アイテム強化,8,1,5,0
277161,reinforce_7001,2学期開始記念 走源石,ヨーグルティング 2学期開始を記念して贈られた、靴に装着する源石。<br>(交換不可),装備アイテム強化,8,1,5,0
277162,reinforce_7001,2学期開始記念 走源石,ヨーグルティング 2学期開始を記念して贈られた、靴に装着する源石。<br>(交換不可),装備アイテム強化,8,1,5,0
277163,reinforce_7001,2学期開始記念 走源石,ヨーグルティング 2学期開始を記念して贈られた、靴に装着する源石。<br>(交換不可),装備アイテム強化,8,1,5,0
277164,reinforce_7001,2学期開始記念 走源石,ヨーグルティング 2学期開始を記念して贈られた、靴に装着する源石。<br>(交換不可),装備アイテム強化,8,1,5,0
277165,reinforce_7001,2学期開始記念 走源石,ヨーグルティング 2学期開始を記念して贈られた、靴に装着する源石。<br>(交換不可),装備アイテム強化,8,1,5,0
277166,reinforce_7001,2学期開始記念 走源石,ヨーグルティング 2学期開始を記念して贈られた、靴に装着する源石。<br>(交換不可),装備アイテム強化,8,1,5,0
277167,reinforce_7001,2学期開始記念 走源石,ヨーグルティング 2学期開始を記念して贈られた、靴に装着する源石。<br>(交換不可),装備アイテム強化,8,1,5,0
277168,reinforce_7001,2学期開始記念 走源石,ヨーグルティング 2学期開始を記念して贈られた、靴に装着する源石。<br>(交換不可),装備アイテム強化,8,1,5,0
277169,reinforce_7001,2学期開始記念 走源石,ヨーグルティング 2学期開始を記念して贈られた、靴に装着する源石。<br>(交換不可),装備アイテム強化,8,1,5,0
277170,reinforce_7001,2学期開始記念 走源石,ヨーグルティング 2学期開始を記念して贈られた、靴に装着する源石。<br>(交換不可),装備アイテム強化,8,1,5,0
277171,reinforce_7001,2学期開始記念 走源石,ヨーグルティング 2学期開始を記念して贈られた、靴に装着する源石。<br>(交換不可),装備アイテム強化,8,1,5,0
277172,reinforce_7001,2学期開始記念 走源石,ヨーグルティング 2学期開始を記念して贈られた、靴に装着する源石。<br>(交換不可),装備アイテム強化,8,1,5,0
277173,reinforce_7001,2学期開始記念 走源石,ヨーグルティング 2学期開始を記念して贈られた、靴に装着する源石。<br>(交換不可),装備アイテム強化,8,1,5,0
277174,reinforce_7001,2学期開始記念 走源石,ヨーグルティング 2学期開始を記念して贈られた、靴に装着する源石。<br>(交換不可),装備アイテム強化,8,1,5,0
277175,reinforce_7001,2学期開始記念 走源石,ヨーグルティング 2学期開始を記念して贈られた、靴に装着する源石。<br>(交換不可),装備アイテム強化,8,1,5,0
277176,reinforce_7001,2学期開始記念 走源石,ヨーグルティング 2学期開始を記念して贈られた、靴に装着する源石。<br>(交換不可),装備アイテム強化,8,1,5,0
277177,reinforce_7001,2学期開始記念 走源石,ヨーグルティング 2学期開始を記念して贈られた、靴に装着する源石。<br>(交換不可),装備アイテム強化,8,1,5,0
277178,reinforce_7001,2学期開始記念 走源石,ヨーグルティング 2学期開始を記念して贈られた、靴に装着する源石。<br>(交換不可),装備アイテム強化,8,1,5,0
277179,reinforce_7001,2学期開始記念 走源石,ヨーグルティング 2学期開始を記念して贈られた、靴に装着する源石。<br>(交換不可),装備アイテム強化,8,1,5,0
277180,reinforce_7001,2学期開始記念 走源石,ヨーグルティング 2学期開始を記念して贈られた、靴に装着する源石。<br>(交換不可),装備アイテム強化,8,1,5,0
277181,reinforce_7001,2学期開始記念 走源石,ヨーグルティング 2学期開始を記念して贈られた、靴に装着する源石。<br>(交換不可),装備アイテム強化,8,1,5,0
277182,reinforce_7001,2学期開始記念 走源石,ヨーグルティング 2学期開始を記念して贈られた、靴に装着する源石。<br>(交換不可),装備アイテム強化,8,1,5,0
277183,reinforce_7001,2学期開始記念 走源石,ヨーグルティング 2学期開始を記念して贈られた、靴に装着する源石。<br>(交換不可),装備アイテム強化,8,1,5,0
277184,reinforce_7001,2学期開始記念 走源石,ヨーグルティング 2学期開始を記念して贈られた、靴に装着する源石。<br>(交換不可),装備アイテム強化,8,1,5,0
277185,reinforce_7001,2学期開始記念 走源石,ヨーグルティング 2学期開始を記念して贈られた、靴に装着する源石。<br>(交換不可),装備アイテム強化,8,1,5,0
277186,reinforce_7001,2学期開始記念 走源石,ヨーグルティング 2学期開始を記念して贈られた、靴に装着する源石。<br>(交換不可),装備アイテム強化,8,1,5,0
277187,reinforce_7001,2学期開始記念 走源石,ヨーグルティング 2学期開始を記念して贈られた、靴に装着する源石。<br>(交換不可),装備アイテム強化,8,1,5,0
277188,reinforce_7001,2学期開始記念 走源石,ヨーグルティング 2学期開始を記念して贈られた、靴に装着する源石。<br>(交換不可),装備アイテム強化,9,1,5,0
277189,reinforce_7001,2学期開始記念 走源石,ヨーグルティング 2学期開始を記念して贈られた、靴に装着する源石。<br>(交換不可),装備アイテム強化,9,1,5,0
277190,reinforce_7001,2学期開始記念 走源石,ヨーグルティング 2学期開始を記念して贈られた、靴に装着する源石。<br>(交換不可),装備アイテム強化,9,1,5,0
277191,reinforce_7001,2学期開始記念 走源石,ヨーグルティング 2学期開始を記念して贈られた、靴に装着する源石。<br>(交換不可),装備アイテム強化,9,1,5,0
277192,reinforce_7001,2学期開始記念 走源石,ヨーグルティング 2学期開始を記念して贈られた、靴に装着する源石。<br>(交換不可),装備アイテム強化,9,1,5,0
277193,reinforce_7001,2学期開始記念 走源石,ヨーグルティング 2学期開始を記念して贈られた、靴に装着する源石。<br>(交換不可),装備アイテム強化,9,1,5,0
277194,reinforce_7001,2学期開始記念 走源石,ヨーグルティング 2学期開始を記念して贈られた、靴に装着する源石。<br>(交換不可),装備アイテム強化,9,1,5,0
277195,reinforce_7001,2学期開始記念 走源石,ヨーグルティング 2学期開始を記念して贈られた、靴に装着する源石。<br>(交換不可),装備アイテム強化,9,1,5,0
277196,reinforce_7001,2学期開始記念 走源石,ヨーグルティング 2学期開始を記念して贈られた、靴に装着する源石。<br>(交換不可),装備アイテム強化,9,1,5,0
277197,reinforce_7001,2学期開始記念 走源石,ヨーグルティング 2学期開始を記念して贈られた、靴に装着する源石。<br>(交換不可),装備アイテム強化,9,1,5,0
277198,reinforce_7001,2学期開始記念 走源石,ヨーグルティング 2学期開始を記念して贈られた、靴に装着する源石。<br>(交換不可),装備アイテム強化,9,1,5,0
277199,reinforce_7001,2学期開始記念 走源石,ヨーグルティング 2学期開始を記念して贈られた、靴に装着する源石。<br>(交換不可),装備アイテム強化,9,1,5,0
277200,reinforce_7001,2学期開始記念 走源石,ヨーグルティング 2学期開始を記念して贈られた、靴に装着する源石。<br>(交換不可),装備アイテム強化,9,1,5,0
277201,reinforce_7001,2学期開始記念 走源石,ヨーグルティング 2学期開始を記念して贈られた、靴に装着する源石。<br>(交換不可),装備アイテム強化,9,1,5,0
277202,reinforce_7001,2学期開始記念 走源石,ヨーグルティング 2学期開始を記念して贈られた、靴に装着する源石。<br>(交換不可),装備アイテム強化,9,1,5,0
277203,reinforce_7001,2学期開始記念 走源石,ヨーグルティング 2学期開始を記念して贈られた、靴に装着する源石。<br>(交換不可),装備アイテム強化,9,1,5,0
277204,reinforce_7001,2学期開始記念 走源石,ヨーグルティング 2学期開始を記念して贈られた、靴に装着する源石。<br>(交換不可),装備アイテム強化,9,1,5,0
277205,reinforce_7001,2学期開始記念 走源石,ヨーグルティング 2学期開始を記念して贈られた、靴に装着する源石。<br>(交換不可),装備アイテム強化,9,1,5,0
277206,reinforce_7001,2学期開始記念 走源石,ヨーグルティング 2学期開始を記念して贈られた、靴に装着する源石。<br>(交換不可),装備アイテム強化,9,1,5,0
277207,reinforce_7001,2学期開始記念 走源石,ヨーグルティング 2学期開始を記念して贈られた、靴に装着する源石。<br>(交換不可),装備アイテム強化,9,1,5,0
277208,reinforce_7001,2学期開始記念 走源石,ヨーグルティング 2学期開始を記念して贈られた、靴に装着する源石。<br>(交換不可),装備アイテム強化,9,1,5,0
277209,reinforce_7001,2学期開始記念 走源石,ヨーグルティング 2学期開始を記念して贈られた、靴に装着する源石。<br>(交換不可),装備アイテム強化,9,1,5,0
277210,reinforce_7001,2学期開始記念 走源石,ヨーグルティング 2学期開始を記念して贈られた、靴に装着する源石。<br>(交換不可),装備アイテム強化,9,1,5,0
277211,reinforce_7001,2学期開始記念 走源石,ヨーグルティング 2学期開始を記念して贈られた、靴に装着する源石。<br>(交換不可),装備アイテム強化,9,1,5,0
277212,reinforce_7001,2学期開始記念 走源石,ヨーグルティング 2学期開始を記念して贈られた、靴に装着する源石。<br>(交換不可),装備アイテム強化,9,1,5,0
277213,reinforce_7001,2学期開始記念 走源石,ヨーグルティング 2学期開始を記念して贈られた、靴に装着する源石。<br>(交換不可),装備アイテム強化,9,1,5,0
277214,reinforce_7001,2学期開始記念 走源石,ヨーグルティング 2学期開始を記念して贈られた、靴に装着する源石。<br>(交換不可),装備アイテム強化,9,1,5,0
277215,reinforce_7001,2学期開始記念 走源石,ヨーグルティング 2学期開始を記念して贈られた、靴に装着する源石。<br>(交換不可),装備アイテム強化,9,1,5,0
277216,reinforce_7001,2学期開始記念 走源石,ヨーグルティング 2学期開始を記念して贈られた、靴に装着する源石。<br>(交換不可),装備アイテム強化,9,1,5,0
277217,reinforce_7001,2学期開始記念 走源石,ヨーグルティング 2学期開始を記念して贈られた、靴に装着する源石。<br>(交換不可),装備アイテム強化,9,1,5,0
277218,reinforce_7001,2学期開始記念 走源石,ヨーグルティング 2学期開始を記念して贈られた、靴に装着する源石。<br>(交換不可),装備アイテム強化,9,1,5,0
277219,reinforce_7001,2学期開始記念 走源石,ヨーグルティング 2学期開始を記念して贈られた、靴に装着する源石。<br>(交換不可),装備アイテム強化,9,1,5,0
277220,reinforce_7001,2学期開始記念 走源石,ヨーグルティング 2学期開始を記念して贈られた、靴に装着する源石。<br>(交換不可),装備アイテム強化,9,1,5,0
277221,reinforce_7001,2学期開始記念 走源石,ヨーグルティング 2学期開始を記念して贈られた、靴に装着する源石。<br>(交換不可),装備アイテム強化,9,1,5,0
277222,reinforce_7001,2学期開始記念 走源石,ヨーグルティング 2学期開始を記念して贈られた、靴に装着する源石。<br>(交換不可),装備アイテム強化,9,1,5,0
277223,reinforce_7001,2学期開始記念 走源石,ヨーグルティング 2学期開始を記念して贈られた、靴に装着する源石。<br>(交換不可),装備アイテム強化,9,1,5,0
277224,reinforce_7001,2学期開始記念 走源石,ヨーグルティング 2学期開始を記念して贈られた、靴に装着する源石。<br>(交換不可),装備アイテム強化,9,1,5,0
277225,reinforce_7001,2学期開始記念 走源石,ヨーグルティング 2学期開始を記念して贈られた、靴に装着する源石。<br>(交換不可),装備アイテム強化,9,1,5,0
277226,reinforce_7001,2学期開始記念 走源石,ヨーグルティング 2学期開始を記念して贈られた、靴に装着する源石。<br>(交換不可),装備アイテム強化,9,1,5,0
277227,reinforce_7001,2学期開始記念 走源石,ヨーグルティング 2学期開始を記念して贈られた、靴に装着する源石。<br>(交換不可),装備アイテム強化,9,1,5,0
277228,reinforce_7001,2学期開始記念 走源石,ヨーグルティング 2学期開始を記念して贈られた、靴に装着する源石。<br>(交換不可),装備アイテム強化,9,1,5,0
277229,reinforce_7001,2学期開始記念 走源石,ヨーグルティング 2学期開始を記念して贈られた、靴に装着する源石。<br>(交換不可),装備アイテム強化,9,1,5,0
277230,reinforce_7001,2学期開始記念 走源石,ヨーグルティング 2学期開始を記念して贈られた、靴に装着する源石。<br>(交換不可),装備アイテム強化,9,1,5,0
277231,reinforce_7001,2学期開始記念 走源石,ヨーグルティング 2学期開始を記念して贈られた、靴に装着する源石。<br>(交換不可),装備アイテム強化,9,1,5,0
277232,reinforce_7001,2学期開始記念 走源石,ヨーグルティング 2学期開始を記念して贈られた、靴に装着する源石。<br>(交換不可),装備アイテム強化,10,1,5,0
277233,reinforce_7001,2学期開始記念 走源石,ヨーグルティング 2学期開始を記念して贈られた、靴に装着する源石。<br>(交換不可),装備アイテム強化,10,1,5,0
277234,reinforce_7001,2学期開始記念 走源石,ヨーグルティング 2学期開始を記念して贈られた、靴に装着する源石。<br>(交換不可),装備アイテム強化,10,1,5,0
277235,reinforce_7001,2学期開始記念 走源石,ヨーグルティング 2学期開始を記念して贈られた、靴に装着する源石。<br>(交換不可),装備アイテム強化,10,1,5,0
277236,reinforce_7001,2学期開始記念 走源石,ヨーグルティング 2学期開始を記念して贈られた、靴に装着する源石。<br>(交換不可),装備アイテム強化,10,1,5,0
277237,reinforce_7001,2学期開始記念 走源石,ヨーグルティング 2学期開始を記念して贈られた、靴に装着する源石。<br>(交換不可),装備アイテム強化,10,1,5,0
277238,reinforce_7001,2学期開始記念 走源石,ヨーグルティング 2学期開始を記念して贈られた、靴に装着する源石。<br>(交換不可),装備アイテム強化,10,1,5,0
277239,reinforce_7001,2学期開始記念 走源石,ヨーグルティング 2学期開始を記念して贈られた、靴に装着する源石。<br>(交換不可),装備アイテム強化,10,1,5,0
277240,reinforce_7001,2学期開始記念 走源石,ヨーグルティング 2学期開始を記念して贈られた、靴に装着する源石。<br>(交換不可),装備アイテム強化,10,1,5,0
277241,reinforce_7001,2学期開始記念 走源石,ヨーグルティング 2学期開始を記念して贈られた、靴に装着する源石。<br>(交換不可),装備アイテム強化,10,1,5,0
277242,reinforce_7001,2学期開始記念 走源石,ヨーグルティング 2学期開始を記念して贈られた、靴に装着する源石。<br>(交換不可),装備アイテム強化,10,1,5,0
277243,reinforce_7001,2学期開始記念 走源石,ヨーグルティング 2学期開始を記念して贈られた、靴に装着する源石。<br>(交換不可),装備アイテム強化,10,1,5,0
277244,reinforce_7001,2学期開始記念 走源石,ヨーグルティング 2学期開始を記念して贈られた、靴に装着する源石。<br>(交換不可),装備アイテム強化,10,1,5,0
277245,reinforce_7001,2学期開始記念 走源石,ヨーグルティング 2学期開始を記念して贈られた、靴に装着する源石。<br>(交換不可),装備アイテム強化,10,1,5,0
277246,reinforce_7001,2学期開始記念 走源石,ヨーグルティング 2学期開始を記念して贈られた、靴に装着する源石。<br>(交換不可),装備アイテム強化,10,1,5,0
277247,reinforce_7001,2学期開始記念 走源石,ヨーグルティング 2学期開始を記念して贈られた、靴に装着する源石。<br>(交換不可),装備アイテム強化,10,1,5,0
277248,reinforce_7001,2学期開始記念 走源石,ヨーグルティング 2学期開始を記念して贈られた、靴に装着する源石。<br>(交換不可),装備アイテム強化,10,1,5,0
277249,reinforce_7001,2学期開始記念 走源石,ヨーグルティング 2学期開始を記念して贈られた、靴に装着する源石。<br>(交換不可),装備アイテム強化,10,1,5,0
277250,reinforce_7001,2学期開始記念 走源石,ヨーグルティング 2学期開始を記念して贈られた、靴に装着する源石。<br>(交換不可),装備アイテム強化,10,1,5,0
277251,reinforce_7001,2学期開始記念 走源石,ヨーグルティング 2学期開始を記念して贈られた、靴に装着する源石。<br>(交換不可),装備アイテム強化,10,1,5,0
277252,reinforce_7001,2学期開始記念 走源石,ヨーグルティング 2学期開始を記念して贈られた、靴に装着する源石。<br>(交換不可),装備アイテム強化,10,1,5,0
277253,reinforce_7001,2学期開始記念 走源石,ヨーグルティング 2学期開始を記念して贈られた、靴に装着する源石。<br>(交換不可),装備アイテム強化,10,1,5,0
277254,reinforce_7001,2学期開始記念 走源石,ヨーグルティング 2学期開始を記念して贈られた、靴に装着する源石。<br>(交換不可),装備アイテム強化,10,1,5,0
277255,reinforce_7001,2学期開始記念 走源石,ヨーグルティング 2学期開始を記念して贈られた、靴に装着する源石。<br>(交換不可),装備アイテム強化,10,1,5,0
277256,reinforce_7001,2学期開始記念 走源石,ヨーグルティング 2学期開始を記念して贈られた、靴に装着する源石。<br>(交換不可),装備アイテム強化,10,1,5,0
277257,reinforce_7001,2学期開始記念 走源石,ヨーグルティング 2学期開始を記念して贈られた、靴に装着する源石。<br>(交換不可),装備アイテム強化,10,1,5,0
277258,reinforce_7001,2学期開始記念 走源石,ヨーグルティング 2学期開始を記念して贈られた、靴に装着する源石。<br>(交換不可),装備アイテム強化,10,1,5,0
277259,reinforce_7001,2学期開始記念 走源石,ヨーグルティング 2学期開始を記念して贈られた、靴に装着する源石。<br>(交換不可),装備アイテム強化,10,1,5,0
277260,reinforce_7001,2学期開始記念 走源石,ヨーグルティング 2学期開始を記念して贈られた、靴に装着する源石。<br>(交換不可),装備アイテム強化,10,1,5,0
277261,reinforce_7001,2学期開始記念 走源石,ヨーグルティング 2学期開始を記念して贈られた、靴に装着する源石。<br>(交換不可),装備アイテム強化,10,1,5,0
277262,reinforce_7001,2学期開始記念 走源石,ヨーグルティング 2学期開始を記念して贈られた、靴に装着する源石。<br>(交換不可),装備アイテム強化,10,1,5,0
277263,reinforce_7001,2学期開始記念 走源石,ヨーグルティング 2学期開始を記念して贈られた、靴に装着する源石。<br>(交換不可),装備アイテム強化,10,1,5,0
277264,reinforce_7001,2学期開始記念 走源石,ヨーグルティング 2学期開始を記念して贈られた、靴に装着する源石。<br>(交換不可),装備アイテム強化,10,1,5,0
277265,reinforce_7001,2学期開始記念 走源石,ヨーグルティング 2学期開始を記念して贈られた、靴に装着する源石。<br>(交換不可),装備アイテム強化,10,1,5,0
277266,reinforce_7001,2学期開始記念 走源石,ヨーグルティング 2学期開始を記念して贈られた、靴に装着する源石。<br>(交換不可),装備アイテム強化,10,1,5,0
277267,reinforce_7001,2学期開始記念 走源石,ヨーグルティング 2学期開始を記念して贈られた、靴に装着する源石。<br>(交換不可),装備アイテム強化,10,1,5,0
277268,reinforce_7001,2学期開始記念 走源石,ヨーグルティング 2学期開始を記念して贈られた、靴に装着する源石。<br>(交換不可),装備アイテム強化,10,1,5,0
277269,reinforce_7001,2学期開始記念 走源石,ヨーグルティング 2学期開始を記念して贈られた、靴に装着する源石。<br>(交換不可),装備アイテム強化,10,1,5,0
277270,reinforce_7001,2学期開始記念 走源石,ヨーグルティング 2学期開始を記念して贈られた、靴に装着する源石。<br>(交換不可),装備アイテム強化,10,1,5,0
277271,reinforce_7001,2学期開始記念 走源石,ヨーグルティング 2学期開始を記念して贈られた、靴に装着する源石。<br>(交換不可),装備アイテム強化,10,1,5,0
277272,reinforce_7001,2学期開始記念 走源石,ヨーグルティング 2学期開始を記念して贈られた、靴に装着する源石。<br>(交換不可),装備アイテム強化,10,1,5,0
277273,reinforce_7001,2学期開始記念 走源石,ヨーグルティング 2学期開始を記念して贈られた、靴に装着する源石。<br>(交換不可),装備アイテム強化,10,1,5,0
277274,reinforce_7001,2学期開始記念 走源石,ヨーグルティング 2学期開始を記念して贈られた、靴に装着する源石。<br>(交換不可),装備アイテム強化,10,1,5,0
277275,reinforce_7001,2学期開始記念 走源石,ヨーグルティング 2学期開始を記念して贈られた、靴に装着する源石。<br>(交換不可),装備アイテム強化,10,1,5,0
277276,reinforce_7001,2学期開始記念 走源石,ヨーグルティング 2学期開始を記念して贈られた、靴に装着する源石。<br>(交換不可),装備アイテム強化,10,1,5,0
277277,reinforce_7001,2学期開始記念 走源石,ヨーグルティング 2学期開始を記念して贈られた、靴に装着する源石。<br>(交換不可),装備アイテム強化,10,1,5,0
277278,reinforce_7001,2学期開始記念 走源石,ヨーグルティング 2学期開始を記念して贈られた、靴に装着する源石。<br>(交換不可),装備アイテム強化,10,1,5,0
277279,reinforce_7001,2学期開始記念 走源石,ヨーグルティング 2学期開始を記念して贈られた、靴に装着する源石。<br>(交換不可),装備アイテム強化,10,1,5,0
277280,reinforce_7001,2学期開始記念 走源石,ヨーグルティング 2学期開始を記念して贈られた、靴に装着する源石。<br>(交換不可),装備アイテム強化,10,1,5,0
277281,reinforce_7001,2学期開始記念 走源石,ヨーグルティング 2学期開始を記念して贈られた、靴に装着する源石。<br>(交換不可),装備アイテム強化,10,1,5,0
277282,reinforce_7001,2学期開始記念 走源石,ヨーグルティング 2学期開始を記念して贈られた、靴に装着する源石。<br>(交換不可),装備アイテム強化,10,1,5,0
277283,reinforce_7001,2学期開始記念 走源石,ヨーグルティング 2学期開始を記念して贈られた、靴に装着する源石。<br>(交換不可),装備アイテム強化,10,1,5,0
277284,reinforce_7001,2学期開始記念 走源石,ヨーグルティング 2学期開始を記念して贈られた、靴に装着する源石。<br>(交換不可),装備アイテム強化,10,1,5,0
277285,reinforce_7001,2学期開始記念 走源石,ヨーグルティング 2学期開始を記念して贈られた、靴に装着する源石。<br>(交換不可),装備アイテム強化,10,1,5,0
277286,reinforce_7001,2学期開始記念 走源石,ヨーグルティング 2学期開始を記念して贈られた、靴に装着する源石。<br>(交換不可),装備アイテム強化,10,1,5,0
277287,reinforce_7001,2学期開始記念 走源石,ヨーグルティング 2学期開始を記念して贈られた、靴に装着する源石。<br>(交換不可),装備アイテム強化,11,1,5,0
277288,reinforce_7001,2学期開始記念 走源石,ヨーグルティング 2学期開始を記念して贈られた、靴に装着する源石。<br>(交換不可),装備アイテム強化,11,1,5,0
277289,reinforce_7001,2学期開始記念 走源石,ヨーグルティング 2学期開始を記念して贈られた、靴に装着する源石。<br>(交換不可),装備アイテム強化,11,1,5,0
277290,reinforce_7001,2学期開始記念 走源石,ヨーグルティング 2学期開始を記念して贈られた、靴に装着する源石。<br>(交換不可),装備アイテム強化,11,1,5,0
277291,reinforce_7001,2学期開始記念 走源石,ヨーグルティング 2学期開始を記念して贈られた、靴に装着する源石。<br>(交換不可),装備アイテム強化,11,1,5,0
277292,reinforce_7001,2学期開始記念 走源石,ヨーグルティング 2学期開始を記念して贈られた、靴に装着する源石。<br>(交換不可),装備アイテム強化,11,1,5,0
277293,reinforce_7001,2学期開始記念 走源石,ヨーグルティング 2学期開始を記念して贈られた、靴に装着する源石。<br>(交換不可),装備アイテム強化,11,1,5,0
277294,reinforce_7001,2学期開始記念 走源石,ヨーグルティング 2学期開始を記念して贈られた、靴に装着する源石。<br>(交換不可),装備アイテム強化,11,1,5,0
277295,reinforce_7001,2学期開始記念 走源石,ヨーグルティング 2学期開始を記念して贈られた、靴に装着する源石。<br>(交換不可),装備アイテム強化,11,1,5,0
277296,reinforce_7001,2学期開始記念 走源石,ヨーグルティング 2学期開始を記念して贈られた、靴に装着する源石。<br>(交換不可),装備アイテム強化,11,1,5,0
277297,reinforce_7001,2学期開始記念 走源石,ヨーグルティング 2学期開始を記念して贈られた、靴に装着する源石。<br>(交換不可),装備アイテム強化,11,1,5,0
277298,reinforce_7001,2学期開始記念 走源石,ヨーグルティング 2学期開始を記念して贈られた、靴に装着する源石。<br>(交換不可),装備アイテム強化,11,1,5,0
277299,reinforce_7001,2学期開始記念 走源石,ヨーグルティング 2学期開始を記念して贈られた、靴に装着する源石。<br>(交換不可),装備アイテム強化,11,1,5,0
277300,reinforce_7001,2学期開始記念 走源石,ヨーグルティング 2学期開始を記念して贈られた、靴に装着する源石。<br>(交換不可),装備アイテム強化,11,1,5,0
277301,reinforce_7001,2学期開始記念 走源石,ヨーグルティング 2学期開始を記念して贈られた、靴に装着する源石。<br>(交換不可),装備アイテム強化,11,1,5,0
277302,reinforce_7001,2学期開始記念 走源石,ヨーグルティング 2学期開始を記念して贈られた、靴に装着する源石。<br>(交換不可),装備アイテム強化,11,1,5,0
277303,reinforce_7001,2学期開始記念 走源石,ヨーグルティング 2学期開始を記念して贈られた、靴に装着する源石。<br>(交換不可),装備アイテム強化,11,1,5,0
277304,reinforce_7001,2学期開始記念 走源石,ヨーグルティング 2学期開始を記念して贈られた、靴に装着する源石。<br>(交換不可),装備アイテム強化,11,1,5,0
277305,reinforce_7001,2学期開始記念 走源石,ヨーグルティング 2学期開始を記念して贈られた、靴に装着する源石。<br>(交換不可),装備アイテム強化,11,1,5,0
277306,reinforce_7001,2学期開始記念 走源石,ヨーグルティング 2学期開始を記念して贈られた、靴に装着する源石。<br>(交換不可),装備アイテム強化,11,1,5,0
277307,reinforce_7001,2学期開始記念 走源石,ヨーグルティング 2学期開始を記念して贈られた、靴に装着する源石。<br>(交換不可),装備アイテム強化,11,1,5,0
277308,reinforce_7001,2学期開始記念 走源石,ヨーグルティング 2学期開始を記念して贈られた、靴に装着する源石。<br>(交換不可),装備アイテム強化,11,1,5,0
277309,reinforce_7001,2学期開始記念 走源石,ヨーグルティング 2学期開始を記念して贈られた、靴に装着する源石。<br>(交換不可),装備アイテム強化,11,1,5,0
277310,reinforce_7001,2学期開始記念 走源石,ヨーグルティング 2学期開始を記念して贈られた、靴に装着する源石。<br>(交換不可),装備アイテム強化,11,1,5,0
277311,reinforce_7001,2学期開始記念 走源石,ヨーグルティング 2学期開始を記念して贈られた、靴に装着する源石。<br>(交換不可),装備アイテム強化,11,1,5,0
277312,reinforce_7001,2学期開始記念 走源石,ヨーグルティング 2学期開始を記念して贈られた、靴に装着する源石。<br>(交換不可),装備アイテム強化,11,1,5,0
277313,reinforce_7001,2学期開始記念 走源石,ヨーグルティング 2学期開始を記念して贈られた、靴に装着する源石。<br>(交換不可),装備アイテム強化,11,1,5,0
277314,reinforce_7001,2学期開始記念 走源石,ヨーグルティング 2学期開始を記念して贈られた、靴に装着する源石。<br>(交換不可),装備アイテム強化,11,1,5,0
277315,reinforce_7001,2学期開始記念 走源石,ヨーグルティング 2学期開始を記念して贈られた、靴に装着する源石。<br>(交換不可),装備アイテム強化,11,1,5,0
277316,reinforce_7001,2学期開始記念 走源石,ヨーグルティング 2学期開始を記念して贈られた、靴に装着する源石。<br>(交換不可),装備アイテム強化,11,1,5,0
277317,reinforce_7001,2学期開始記念 走源石,ヨーグルティング 2学期開始を記念して贈られた、靴に装着する源石。<br>(交換不可),装備アイテム強化,11,1,5,0
277318,reinforce_7001,2学期開始記念 走源石,ヨーグルティング 2学期開始を記念して贈られた、靴に装着する源石。<br>(交換不可),装備アイテム強化,11,1,5,0
277319,reinforce_7001,2学期開始記念 走源石,ヨーグルティング 2学期開始を記念して贈られた、靴に装着する源石。<br>(交換不可),装備アイテム強化,11,1,5,0
277320,reinforce_7001,2学期開始記念 走源石,ヨーグルティング 2学期開始を記念して贈られた、靴に装着する源石。<br>(交換不可),装備アイテム強化,11,1,5,0
277321,reinforce_7001,2学期開始記念 走源石,ヨーグルティング 2学期開始を記念して贈られた、靴に装着する源石。<br>(交換不可),装備アイテム強化,11,1,5,0
277322,reinforce_7001,2学期開始記念 走源石,ヨーグルティング 2学期開始を記念して贈られた、靴に装着する源石。<br>(交換不可),装備アイテム強化,11,1,5,0
277323,reinforce_7001,2学期開始記念 走源石,ヨーグルティング 2学期開始を記念して贈られた、靴に装着する源石。<br>(交換不可),装備アイテム強化,11,1,5,0
277324,reinforce_7001,2学期開始記念 走源石,ヨーグルティング 2学期開始を記念して贈られた、靴に装着する源石。<br>(交換不可),装備アイテム強化,11,1,5,0
277325,reinforce_7001,2学期開始記念 走源石,ヨーグルティング 2学期開始を記念して贈られた、靴に装着する源石。<br>(交換不可),装備アイテム強化,11,1,5,0
277326,reinforce_7001,2学期開始記念 走源石,ヨーグルティング 2学期開始を記念して贈られた、靴に装着する源石。<br>(交換不可),装備アイテム強化,11,1,5,0
277327,reinforce_7001,2学期開始記念 走源石,ヨーグルティング 2学期開始を記念して贈られた、靴に装着する源石。<br>(交換不可),装備アイテム強化,11,1,5,0
277328,reinforce_7001,2学期開始記念 走源石,ヨーグルティング 2学期開始を記念して贈られた、靴に装着する源石。<br>(交換不可),装備アイテム強化,11,1,5,0
277329,reinforce_7001,2学期開始記念 走源石,ヨーグルティング 2学期開始を記念して贈られた、靴に装着する源石。<br>(交換不可),装備アイテム強化,11,1,5,0
277330,reinforce_7001,2学期開始記念 走源石,ヨーグルティング 2学期開始を記念して贈られた、靴に装着する源石。<br>(交換不可),装備アイテム強化,11,1,5,0
277331,reinforce_7001,2学期開始記念 走源石,ヨーグルティング 2学期開始を記念して贈られた、靴に装着する源石。<br>(交換不可),装備アイテム強化,11,1,5,0
277332,reinforce_7001,2学期開始記念 走源石,ヨーグルティング 2学期開始を記念して贈られた、靴に装着する源石。<br>(交換不可),装備アイテム強化,11,1,5,0
277333,reinforce_7001,2学期開始記念 走源石,ヨーグルティング 2学期開始を記念して贈られた、靴に装着する源石。<br>(交換不可),装備アイテム強化,11,1,5,0
277334,reinforce_7001,2学期開始記念 走源石,ヨーグルティング 2学期開始を記念して贈られた、靴に装着する源石。<br>(交換不可),装備アイテム強化,11,1,5,0
277335,reinforce_7001,2学期開始記念 走源石,ヨーグルティング 2学期開始を記念して贈られた、靴に装着する源石。<br>(交換不可),装備アイテム強化,11,1,5,0
277336,reinforce_7001,2学期開始記念 走源石,ヨーグルティング 2学期開始を記念して贈られた、靴に装着する源石。<br>(交換不可),装備アイテム強化,11,1,5,0
277337,reinforce_7001,2学期開始記念 走源石,ヨーグルティング 2学期開始を記念して贈られた、靴に装着する源石。<br>(交換不可),装備アイテム強化,11,1,5,0
277338,reinforce_7001,2学期開始記念 走源石,ヨーグルティング 2学期開始を記念して贈られた、靴に装着する源石。<br>(交換不可),装備アイテム強化,11,1,5,0
277339,reinforce_7001,2学期開始記念 走源石,ヨーグルティング 2学期開始を記念して贈られた、靴に装着する源石。<br>(交換不可),装備アイテム強化,11,1,5,0
277340,reinforce_7001,2学期開始記念 走源石,ヨーグルティング 2学期開始を記念して贈られた、靴に装着する源石。<br>(交換不可),装備アイテム強化,11,1,5,0
277341,reinforce_7001,2学期開始記念 走源石,ヨーグルティング 2学期開始を記念して贈られた、靴に装着する源石。<br>(交換不可),装備アイテム強化,11,1,5,0
277342,reinforce_7001,2学期開始記念 走源石,ヨーグルティング 2学期開始を記念して贈られた、靴に装着する源石。<br>(交換不可),装備アイテム強化,11,1,5,0
277343,reinforce_7001,2学期開始記念 走源石,ヨーグルティング 2学期開始を記念して贈られた、靴に装着する源石。<br>(交換不可),装備アイテム強化,11,1,5,0
277344,reinforce_7001,2学期開始記念 走源石,ヨーグルティング 2学期開始を記念して贈られた、靴に装着する源石。<br>(交換不可),装備アイテム強化,11,1,5,0
277345,reinforce_7001,2学期開始記念 走源石,ヨーグルティング 2学期開始を記念して贈られた、靴に装着する源石。<br>(交換不可),装備アイテム強化,11,1,5,0
277346,reinforce_7001,2学期開始記念 走源石,ヨーグルティング 2学期開始を記念して贈られた、靴に装着する源石。<br>(交換不可),装備アイテム強化,11,1,5,0
277347,reinforce_7001,2学期開始記念 走源石,ヨーグルティング 2学期開始を記念して贈られた、靴に装着する源石。<br>(交換不可),装備アイテム強化,11,1,5,0
277348,reinforce_7001,2学期開始記念 走源石,ヨーグルティング 2学期開始を記念して贈られた、靴に装着する源石。<br>(交換不可),装備アイテム強化,11,1,5,0
277349,reinforce_7001,2学期開始記念 走源石,ヨーグルティング 2学期開始を記念して贈られた、靴に装着する源石。<br>(交換不可),装備アイテム強化,11,1,5,0
277350,reinforce_7001,2学期開始記念 走源石,ヨーグルティング 2学期開始を記念して贈られた、靴に装着する源石。<br>(交換不可),装備アイテム強化,11,1,5,0
277351,reinforce_7001,2学期開始記念 走源石,ヨーグルティング 2学期開始を記念して贈られた、靴に装着する源石。<br>(交換不可),装備アイテム強化,11,1,5,0
277352,reinforce_7001,2学期開始記念 走源石,ヨーグルティング 2学期開始を記念して贈られた、靴に装着する源石。<br>(交換不可),装備アイテム強化,11,1,5,0
277353,reinforce_7001,2学期開始記念 走源石,ヨーグルティング 2学期開始を記念して贈られた、靴に装着する源石。<br>(交換不可),装備アイテム強化,11,1,5,0
277354,reinforce_7001,2学期開始記念 走源石,ヨーグルティング 2学期開始を記念して贈られた、靴に装着する源石。<br>(交換不可),装備アイテム強化,11,1,5,0
277355,reinforce_7001,2学期開始記念 走源石,ヨーグルティング 2学期開始を記念して贈られた、靴に装着する源石。<br>(交換不可),装備アイテム強化,11,1,5,0
277356,reinforce_7001,2学期開始記念 走源石,ヨーグルティング 2学期開始を記念して贈られた、靴に装着する源石。<br>(交換不可),装備アイテム強化,11,1,5,0
277357,reinforce_7001,2学期開始記念 走源石,ヨーグルティング 2学期開始を記念して贈られた、靴に装着する源石。<br>(交換不可),装備アイテム強化,11,1,5,0
277358,reinforce_7001,2学期開始記念 走源石,ヨーグルティング 2学期開始を記念して贈られた、靴に装着する源石。<br>(交換不可),装備アイテム強化,11,1,5,0
277359,reinforce_7001,2学期開始記念 走源石,ヨーグルティング 2学期開始を記念して贈られた、靴に装着する源石。<br>(交換不可),装備アイテム強化,11,1,5,0
277360,reinforce_7001,2学期開始記念 走源石,ヨーグルティング 2学期開始を記念して贈られた、靴に装着する源石。<br>(交換不可),装備アイテム強化,11,1,5,0
277361,reinforce_7001,2学期開始記念 走源石,ヨーグルティング 2学期開始を記念して贈られた、靴に装着する源石。<br>(交換不可),装備アイテム強化,11,1,5,0
277362,reinforce_7001,2学期開始記念 走源石,ヨーグルティング 2学期開始を記念して贈られた、靴に装着する源石。<br>(交換不可),装備アイテム強化,11,1,5,0
277363,reinforce_7001,2学期開始記念 走源石,ヨーグルティング 2学期開始を記念して贈られた、靴に装着する源石。<br>(交換不可),装備アイテム強化,11,1,5,0
277364,reinforce_7001,2学期開始記念 走源石,ヨーグルティング 2学期開始を記念して贈られた、靴に装着する源石。<br>(交換不可),装備アイテム強化,11,1,5,0
277365,reinforce_7001,2学期開始記念 走源石,ヨーグルティング 2学期開始を記念して贈られた、靴に装着する源石。<br>(交換不可),装備アイテム強化,11,1,5,0
277366,reinforce_7001,2学期開始記念 走源石,ヨーグルティング 2学期開始を記念して贈られた、靴に装着する源石。<br>(交換不可),装備アイテム強化,11,1,5,0
277367,reinforce_7001,2学期開始記念 走源石,ヨーグルティング 2学期開始を記念して贈られた、靴に装着する源石。<br>(交換不可),装備アイテム強化,11,1,5,0
277368,reinforce_7001,2学期開始記念 走源石,ヨーグルティング 2学期開始を記念して贈られた、靴に装着する源石。<br>(交換不可),装備アイテム強化,11,1,5,0
277369,reinforce_7001,2学期開始記念 走源石,ヨーグルティング 2学期開始を記念して贈られた、靴に装着する源石。<br>(交換不可),装備アイテム強化,11,1,5,0
277370,reinforce_7001,2学期開始記念 走源石,ヨーグルティング 2学期開始を記念して贈られた、靴に装着する源石。<br>(交換不可),装備アイテム強化,11,1,5,0
277371,reinforce_7001,2学期開始記念 走源石,ヨーグルティング 2学期開始を記念して贈られた、靴に装着する源石。<br>(交換不可),装備アイテム強化,11,1,5,0
277372,reinforce_7001,2学期開始記念 走源石,ヨーグルティング 2学期開始を記念して贈られた、靴に装着する源石。<br>(交換不可),装備アイテム強化,11,1,5,0
277373,reinforce_7001,2学期開始記念 走源石,ヨーグルティング 2学期開始を記念して贈られた、靴に装着する源石。<br>(交換不可),装備アイテム強化,11,1,5,0
277374,reinforce_7001,2学期開始記念 走源石,ヨーグルティング 2学期開始を記念して贈られた、靴に装着する源石。<br>(交換不可),装備アイテム強化,11,1,5,0
277375,reinforce_7001,2学期開始記念 走源石,ヨーグルティング 2学期開始を記念して贈られた、靴に装着する源石。<br>(交換不可),装備アイテム強化,11,1,5,0
277376,reinforce_7001,2学期開始記念 走源石,ヨーグルティング 2学期開始を記念して贈られた、靴に装着する源石。<br>(交換不可),装備アイテム強化,11,1,5,0
277377,reinforce_7001,2学期開始記念 走源石,ヨーグルティング 2学期開始を記念して贈られた、靴に装着する源石。<br>(交換不可),装備アイテム強化,11,1,5,0
277378,reinforce_7001,2学期開始記念 走源石,ヨーグルティング 2学期開始を記念して贈られた、靴に装着する源石。<br>(交換不可),装備アイテム強化,11,1,5,0
277379,reinforce_7001,2学期開始記念 走源石,ヨーグルティング 2学期開始を記念して贈られた、靴に装着する源石。<br>(交換不可),装備アイテム強化,11,1,5,0
277380,reinforce_7001,2学期開始記念 走源石,ヨーグルティング 2学期開始を記念して贈られた、靴に装着する源石。<br>(交換不可),装備アイテム強化,11,1,5,0
277381,reinforce_7001,2学期開始記念 走源石,ヨーグルティング 2学期開始を記念して贈られた、靴に装着する源石。<br>(交換不可),装備アイテム強化,11,1,5,0
277382,reinforce_7001,2学期開始記念 走源石,ヨーグルティング 2学期開始を記念して贈られた、靴に装着する源石。<br>(交換不可),装備アイテム強化,11,1,5,0
277383,reinforce_7001,2学期開始記念 走源石,ヨーグルティング 2学期開始を記念して贈られた、靴に装着する源石。<br>(交換不可),装備アイテム強化,11,1,5,0
277384,reinforce_7001,2学期開始記念 走源石,ヨーグルティング 2学期開始を記念して贈られた、靴に装着する源石。<br>(交換不可),装備アイテム強化,11,1,5,0
277385,reinforce_7001,2学期開始記念 走源石,ヨーグルティング 2学期開始を記念して贈られた、靴に装着する源石。<br>(交換不可),装備アイテム強化,11,1,5,0
277386,reinforce_7001,2学期開始記念 走源石,ヨーグルティング 2学期開始を記念して贈られた、靴に装着する源石。<br>(交換不可),装備アイテム強化,11,1,5,0
277387,reinforce_7001,2学期開始記念 走源石,ヨーグルティング 2学期開始を記念して贈られた、靴に装着する源石。<br>(交換不可),装備アイテム強化,11,1,5,0
277388,reinforce_7001,2学期開始記念 走源石,ヨーグルティング 2学期開始を記念して贈られた、靴に装着する源石。<br>(交換不可),装備アイテム強化,11,1,5,0
277389,reinforce_7001,2学期開始記念 走源石,ヨーグルティング 2学期開始を記念して贈られた、靴に装着する源石。<br>(交換不可),装備アイテム強化,11,1,5,0
277390,reinforce_7001,2学期開始記念 走源石,ヨーグルティング 2学期開始を記念して贈られた、靴に装着する源石。<br>(交換不可),装備アイテム強化,11,1,5,0
277391,reinforce_7001,2学期開始記念 走源石,ヨーグルティング 2学期開始を記念して贈られた、靴に装着する源石。<br>(交換不可),装備アイテム強化,11,1,5,0
277392,reinforce_7001,2学期開始記念 走源石,ヨーグルティング 2学期開始を記念して贈られた、靴に装着する源石。<br>(交換不可),装備アイテム強化,11,1,5,0
277393,reinforce_7001,2学期開始記念 走源石,ヨーグルティング 2学期開始を記念して贈られた、靴に装着する源石。<br>(交換不可),装備アイテム強化,11,1,5,0
277394,reinforce_7001,2学期開始記念 走源石,ヨーグルティング 2学期開始を記念して贈られた、靴に装着する源石。<br>(交換不可),装備アイテム強化,11,1,5,0
277395,reinforce_7001,2学期開始記念 走源石,ヨーグルティング 2学期開始を記念して贈られた、靴に装着する源石。<br>(交換不可),装備アイテム強化,11,1,5,0
277396,reinforce_7001,2学期開始記念 走源石,ヨーグルティング 2学期開始を記念して贈られた、靴に装着する源石。<br>(交換不可),装備アイテム強化,11,1,5,0
277397,reinforce_7001,2学期開始記念 走源石,ヨーグルティング 2学期開始を記念して贈られた、靴に装着する源石。<br>(交換不可),装備アイテム強化,11,1,5,0
277398,reinforce_7001,2学期開始記念 走源石,ヨーグルティング 2学期開始を記念して贈られた、靴に装着する源石。<br>(交換不可),装備アイテム強化,11,1,5,0
277399,reinforce_7001,2学期開始記念 走源石,ヨーグルティング 2学期開始を記念して贈られた、靴に装着する源石。<br>(交換不可),装備アイテム強化,11,1,5,0
277400,reinforce_7001,2学期開始記念 走源石,ヨーグルティング 2学期開始を記念して贈られた、靴に装着する源石。<br>(交換不可),装備アイテム強化,11,1,5,0
277401,reinforce_7001,2学期開始記念 走源石,ヨーグルティング 2学期開始を記念して贈られた、靴に装着する源石。<br>(交換不可),装備アイテム強化,11,1,5,0
277402,reinforce_7001,2学期開始記念 走源石,ヨーグルティング 2学期開始を記念して贈られた、靴に装着する源石。<br>(交換不可),装備アイテム強化,11,1,5,0
277403,reinforce_7001,2学期開始記念 走源石,ヨーグルティング 2学期開始を記念して贈られた、靴に装着する源石。<br>(交換不可),装備アイテム強化,11,1,5,0
277404,reinforce_7001,2学期開始記念 走源石,ヨーグルティング 2学期開始を記念して贈られた、靴に装着する源石。<br>(交換不可),装備アイテム強化,11,1,5,0
277405,reinforce_7001,2学期開始記念 走源石,ヨーグルティング 2学期開始を記念して贈られた、靴に装着する源石。<br>(交換不可),装備アイテム強化,11,1,5,0
277406,reinforce_7001,2学期開始記念 走源石,ヨーグルティング 2学期開始を記念して贈られた、靴に装着する源石。<br>(交換不可),装備アイテム強化,11,1,5,0
277407,reinforce_7001,2学期開始記念 走源石,ヨーグルティング 2学期開始を記念して贈られた、靴に装着する源石。<br>(交換不可),装備アイテム強化,11,1,5,0
277408,reinforce_7001,2学期開始記念 走源石,ヨーグルティング 2学期開始を記念して贈られた、靴に装着する源石。<br>(交換不可),装備アイテム強化,11,1,5,0
277409,reinforce_7001,2学期開始記念 走源石,ヨーグルティング 2学期開始を記念して贈られた、靴に装着する源石。<br>(交換不可),装備アイテム強化,11,1,5,0
277410,reinforce_7001,2学期開始記念 走源石,ヨーグルティング 2学期開始を記念して贈られた、靴に装着する源石。<br>(交換不可),装備アイテム強化,11,1,5,0
277411,reinforce_7001,2学期開始記念 走源石,ヨーグルティング 2学期開始を記念して贈られた、靴に装着する源石。<br>(交換不可),装備アイテム強化,11,1,5,0
277412,reinforce_7001,2学期開始記念 走源石,ヨーグルティング 2学期開始を記念して贈られた、靴に装着する源石。<br>(交換不可),装備アイテム強化,11,1,5,0
277413,reinforce_7001,2学期開始記念 走源石,ヨーグルティング 2学期開始を記念して贈られた、靴に装着する源石。<br>(交換不可),装備アイテム強化,11,1,5,0
277414,reinforce_7001,2学期開始記念 走源石,ヨーグルティング 2学期開始を記念して贈られた、靴に装着する源石。<br>(交換不可),装備アイテム強化,11,1,5,0
277415,reinforce_7001,2学期開始記念 走源石,ヨーグルティング 2学期開始を記念して贈られた、靴に装着する源石。<br>(交換不可),装備アイテム強化,11,1,5,0
277416,reinforce_7001,2学期開始記念 走源石,ヨーグルティング 2学期開始を記念して贈られた、靴に装着する源石。<br>(交換不可),装備アイテム強化,11,1,5,0
277417,reinforce_7001,2学期開始記念 走源石,ヨーグルティング 2学期開始を記念して贈られた、靴に装着する源石。<br>(交換不可),装備アイテム強化,11,1,5,0
277418,reinforce_7001,2学期開始記念 走源石,ヨーグルティング 2学期開始を記念して贈られた、靴に装着する源石。<br>(交換不可),装備アイテム強化,11,1,5,0
277419,reinforce_7001,2学期開始記念 走源石,ヨーグルティング 2学期開始を記念して贈られた、靴に装着する源石。<br>(交換不可),装備アイテム強化,11,1,5,0
277420,reinforce_7001,2学期開始記念 走源石,ヨーグルティング 2学期開始を記念して贈られた、靴に装着する源石。<br>(交換不可),装備アイテム強化,11,1,5,0
277421,reinforce_7001,2学期開始記念 走源石,ヨーグルティング 2学期開始を記念して贈られた、靴に装着する源石。<br>(交換不可),装備アイテム強化,11,1,5,0
277422,reinforce_7001,2学期開始記念 走源石,ヨーグルティング 2学期開始を記念して贈られた、靴に装着する源石。<br>(交換不可),装備アイテム強化,11,1,5,0
277423,reinforce_7001,2学期開始記念 走源石,ヨーグルティング 2学期開始を記念して贈られた、靴に装着する源石。<br>(交換不可),装備アイテム強化,11,1,5,0
277424,reinforce_7001,2学期開始記念 走源石,ヨーグルティング 2学期開始を記念して贈られた、靴に装着する源石。<br>(交換不可),装備アイテム強化,11,1,5,0
277425,reinforce_7001,2学期開始記念 走源石,ヨーグルティング 2学期開始を記念して贈られた、靴に装着する源石。<br>(交換不可),装備アイテム強化,11,1,5,0
277426,reinforce_7001,2学期開始記念 走源石,ヨーグルティング 2学期開始を記念して贈られた、靴に装着する源石。<br>(交換不可),装備アイテム強化,11,1,5,0
278100,reinforce_8001,2学期開始記念 胴衣源石,ヨーグルティング 2学期開始を記念して贈られた、上下一体の制服に装着する源石。<br>(交換不可),装備アイテム強化,7,1,5,0
278101,reinforce_8001,2学期開始記念 胴衣源石,ヨーグルティング 2学期開始を記念して贈られた、上下一体の制服に装着する源石。<br>(交換不可),装備アイテム強化,7,1,5,0
278102,reinforce_8001,2学期開始記念 胴衣源石,ヨーグルティング 2学期開始を記念して贈られた、上下一体の制服に装着する源石。<br>(交換不可),装備アイテム強化,7,1,5,0
278103,reinforce_8001,2学期開始記念 胴衣源石,ヨーグルティング 2学期開始を記念して贈られた、上下一体の制服に装着する源石。<br>(交換不可),装備アイテム強化,7,1,5,0
278104,reinforce_8001,2学期開始記念 胴衣源石,ヨーグルティング 2学期開始を記念して贈られた、上下一体の制服に装着する源石。<br>(交換不可),装備アイテム強化,7,1,5,0
278105,reinforce_8001,2学期開始記念 胴衣源石,ヨーグルティング 2学期開始を記念して贈られた、上下一体の制服に装着する源石。<br>(交換不可),装備アイテム強化,7,1,5,0
278106,reinforce_8001,2学期開始記念 胴衣源石,ヨーグルティング 2学期開始を記念して贈られた、上下一体の制服に装着する源石。<br>(交換不可),装備アイテム強化,7,1,5,0
278107,reinforce_8001,2学期開始記念 胴衣源石,ヨーグルティング 2学期開始を記念して贈られた、上下一体の制服に装着する源石。<br>(交換不可),装備アイテム強化,7,1,5,0
278108,reinforce_8001,2学期開始記念 胴衣源石,ヨーグルティング 2学期開始を記念して贈られた、上下一体の制服に装着する源石。<br>(交換不可),装備アイテム強化,7,1,5,0
278109,reinforce_8001,2学期開始記念 胴衣源石,ヨーグルティング 2学期開始を記念して贈られた、上下一体の制服に装着する源石。<br>(交換不可),装備アイテム強化,7,1,5,0
278110,reinforce_8001,2学期開始記念 胴衣源石,ヨーグルティング 2学期開始を記念して贈られた、上下一体の制服に装着する源石。<br>(交換不可),装備アイテム強化,7,1,5,0
278111,reinforce_8001,2学期開始記念 胴衣源石,ヨーグルティング 2学期開始を記念して贈られた、上下一体の制服に装着する源石。<br>(交換不可),装備アイテム強化,7,1,5,0
278112,reinforce_8001,2学期開始記念 胴衣源石,ヨーグルティング 2学期開始を記念して贈られた、上下一体の制服に装着する源石。<br>(交換不可),装備アイテム強化,7,1,5,0
278113,reinforce_8001,2学期開始記念 胴衣源石,ヨーグルティング 2学期開始を記念して贈られた、上下一体の制服に装着する源石。<br>(交換不可),装備アイテム強化,7,1,5,0
278114,reinforce_8001,2学期開始記念 胴衣源石,ヨーグルティング 2学期開始を記念して贈られた、上下一体の制服に装着する源石。<br>(交換不可),装備アイテム強化,7,1,5,0
278115,reinforce_8001,2学期開始記念 胴衣源石,ヨーグルティング 2学期開始を記念して贈られた、上下一体の制服に装着する源石。<br>(交換不可),装備アイテム強化,7,1,5,0
278116,reinforce_8001,2学期開始記念 胴衣源石,ヨーグルティング 2学期開始を記念して贈られた、上下一体の制服に装着する源石。<br>(交換不可),装備アイテム強化,7,1,5,0
278117,reinforce_8001,2学期開始記念 胴衣源石,ヨーグルティング 2学期開始を記念して贈られた、上下一体の制服に装着する源石。<br>(交換不可),装備アイテム強化,7,1,5,0
278118,reinforce_8001,2学期開始記念 胴衣源石,ヨーグルティング 2学期開始を記念して贈られた、上下一体の制服に装着する源石。<br>(交換不可),装備アイテム強化,7,1,5,0
278119,reinforce_8001,2学期開始記念 胴衣源石,ヨーグルティング 2学期開始を記念して贈られた、上下一体の制服に装着する源石。<br>(交換不可),装備アイテム強化,7,1,5,0
278120,reinforce_8001,2学期開始記念 胴衣源石,ヨーグルティング 2学期開始を記念して贈られた、上下一体の制服に装着する源石。<br>(交換不可),装備アイテム強化,7,1,5,0
278121,reinforce_8001,2学期開始記念 胴衣源石,ヨーグルティング 2学期開始を記念して贈られた、上下一体の制服に装着する源石。<br>(交換不可),装備アイテム強化,7,1,5,0
278122,reinforce_8001,2学期開始記念 胴衣源石,ヨーグルティング 2学期開始を記念して贈られた、上下一体の制服に装着する源石。<br>(交換不可),装備アイテム強化,7,1,5,0
278123,reinforce_8001,2学期開始記念 胴衣源石,ヨーグルティング 2学期開始を記念して贈られた、上下一体の制服に装着する源石。<br>(交換不可),装備アイテム強化,7,1,5,0
278124,reinforce_8001,2学期開始記念 胴衣源石,ヨーグルティング 2学期開始を記念して贈られた、上下一体の制服に装着する源石。<br>(交換不可),装備アイテム強化,7,1,5,0
278125,reinforce_8001,2学期開始記念 胴衣源石,ヨーグルティング 2学期開始を記念して贈られた、上下一体の制服に装着する源石。<br>(交換不可),装備アイテム強化,7,1,5,0
278126,reinforce_8001,2学期開始記念 胴衣源石,ヨーグルティング 2学期開始を記念して贈られた、上下一体の制服に装着する源石。<br>(交換不可),装備アイテム強化,7,1,5,0
278127,reinforce_8001,2学期開始記念 胴衣源石,ヨーグルティング 2学期開始を記念して贈られた、上下一体の制服に装着する源石。<br>(交換不可),装備アイテム強化,7,1,5,0
278128,reinforce_8001,2学期開始記念 胴衣源石,ヨーグルティング 2学期開始を記念して贈られた、上下一体の制服に装着する源石。<br>(交換不可),装備アイテム強化,7,1,5,0
278129,reinforce_8001,2学期開始記念 胴衣源石,ヨーグルティング 2学期開始を記念して贈られた、上下一体の制服に装着する源石。<br>(交換不可),装備アイテム強化,7,1,5,0
278130,reinforce_8001,2学期開始記念 胴衣源石,ヨーグルティング 2学期開始を記念して贈られた、上下一体の制服に装着する源石。<br>(交換不可),装備アイテム強化,7,1,5,0
278131,reinforce_8001,2学期開始記念 胴衣源石,ヨーグルティング 2学期開始を記念して贈られた、上下一体の制服に装着する源石。<br>(交換不可),装備アイテム強化,7,1,5,0
278132,reinforce_8001,2学期開始記念 胴衣源石,ヨーグルティング 2学期開始を記念して贈られた、上下一体の制服に装着する源石。<br>(交換不可),装備アイテム強化,7,1,5,0
278133,reinforce_8001,2学期開始記念 胴衣源石,ヨーグルティング 2学期開始を記念して贈られた、上下一体の制服に装着する源石。<br>(交換不可),装備アイテム強化,7,1,5,0
278134,reinforce_8001,2学期開始記念 胴衣源石,ヨーグルティング 2学期開始を記念して贈られた、上下一体の制服に装着する源石。<br>(交換不可),装備アイテム強化,7,1,5,0
278135,reinforce_8001,2学期開始記念 胴衣源石,ヨーグルティング 2学期開始を記念して贈られた、上下一体の制服に装着する源石。<br>(交換不可),装備アイテム強化,7,1,5,0
278136,reinforce_8001,2学期開始記念 胴衣源石,ヨーグルティング 2学期開始を記念して贈られた、上下一体の制服に装着する源石。<br>(交換不可),装備アイテム強化,7,1,5,0
278137,reinforce_8001,2学期開始記念 胴衣源石,ヨーグルティング 2学期開始を記念して贈られた、上下一体の制服に装着する源石。<br>(交換不可),装備アイテム強化,7,1,5,0
278138,reinforce_8001,2学期開始記念 胴衣源石,ヨーグルティング 2学期開始を記念して贈られた、上下一体の制服に装着する源石。<br>(交換不可),装備アイテム強化,7,1,5,0
278139,reinforce_8001,2学期開始記念 胴衣源石,ヨーグルティング 2学期開始を記念して贈られた、上下一体の制服に装着する源石。<br>(交換不可),装備アイテム強化,7,1,5,0
278140,reinforce_8001,2学期開始記念 胴衣源石,ヨーグルティング 2学期開始を記念して贈られた、上下一体の制服に装着する源石。<br>(交換不可),装備アイテム強化,7,1,5,0
278141,reinforce_8001,2学期開始記念 胴衣源石,ヨーグルティング 2学期開始を記念して贈られた、上下一体の制服に装着する源石。<br>(交換不可),装備アイテム強化,7,1,5,0
278142,reinforce_8001,2学期開始記念 胴衣源石,ヨーグルティング 2学期開始を記念して贈られた、上下一体の制服に装着する源石。<br>(交換不可),装備アイテム強化,7,1,5,0
278143,reinforce_8001,2学期開始記念 胴衣源石,ヨーグルティング 2学期開始を記念して贈られた、上下一体の制服に装着する源石。<br>(交換不可),装備アイテム強化,7,1,5,0
278144,reinforce_8001,2学期開始記念 胴衣源石,ヨーグルティング 2学期開始を記念して贈られた、上下一体の制服に装着する源石。<br>(交換不可),装備アイテム強化,8,1,5,0
278145,reinforce_8001,2学期開始記念 胴衣源石,ヨーグルティング 2学期開始を記念して贈られた、上下一体の制服に装着する源石。<br>(交換不可),装備アイテム強化,8,1,5,0
278146,reinforce_8001,2学期開始記念 胴衣源石,ヨーグルティング 2学期開始を記念して贈られた、上下一体の制服に装着する源石。<br>(交換不可),装備アイテム強化,8,1,5,0
278147,reinforce_8001,2学期開始記念 胴衣源石,ヨーグルティング 2学期開始を記念して贈られた、上下一体の制服に装着する源石。<br>(交換不可),装備アイテム強化,8,1,5,0
278148,reinforce_8001,2学期開始記念 胴衣源石,ヨーグルティング 2学期開始を記念して贈られた、上下一体の制服に装着する源石。<br>(交換不可),装備アイテム強化,8,1,5,0
278149,reinforce_8001,2学期開始記念 胴衣源石,ヨーグルティング 2学期開始を記念して贈られた、上下一体の制服に装着する源石。<br>(交換不可),装備アイテム強化,8,1,5,0
278150,reinforce_8001,2学期開始記念 胴衣源石,ヨーグルティング 2学期開始を記念して贈られた、上下一体の制服に装着する源石。<br>(交換不可),装備アイテム強化,8,1,5,0
278151,reinforce_8001,2学期開始記念 胴衣源石,ヨーグルティング 2学期開始を記念して贈られた、上下一体の制服に装着する源石。<br>(交換不可),装備アイテム強化,8,1,5,0
278152,reinforce_8001,2学期開始記念 胴衣源石,ヨーグルティング 2学期開始を記念して贈られた、上下一体の制服に装着する源石。<br>(交換不可),装備アイテム強化,8,1,5,0
278153,reinforce_8001,2学期開始記念 胴衣源石,ヨーグルティング 2学期開始を記念して贈られた、上下一体の制服に装着する源石。<br>(交換不可),装備アイテム強化,8,1,5,0
278154,reinforce_8001,2学期開始記念 胴衣源石,ヨーグルティング 2学期開始を記念して贈られた、上下一体の制服に装着する源石。<br>(交換不可),装備アイテム強化,8,1,5,0
278155,reinforce_8001,2学期開始記念 胴衣源石,ヨーグルティング 2学期開始を記念して贈られた、上下一体の制服に装着する源石。<br>(交換不可),装備アイテム強化,8,1,5,0
278156,reinforce_8001,2学期開始記念 胴衣源石,ヨーグルティング 2学期開始を記念して贈られた、上下一体の制服に装着する源石。<br>(交換不可),装備アイテム強化,8,1,5,0
278157,reinforce_8001,2学期開始記念 胴衣源石,ヨーグルティング 2学期開始を記念して贈られた、上下一体の制服に装着する源石。<br>(交換不可),装備アイテム強化,8,1,5,0
278158,reinforce_8001,2学期開始記念 胴衣源石,ヨーグルティング 2学期開始を記念して贈られた、上下一体の制服に装着する源石。<br>(交換不可),装備アイテム強化,8,1,5,0
278159,reinforce_8001,2学期開始記念 胴衣源石,ヨーグルティング 2学期開始を記念して贈られた、上下一体の制服に装着する源石。<br>(交換不可),装備アイテム強化,8,1,5,0
278160,reinforce_8001,2学期開始記念 胴衣源石,ヨーグルティング 2学期開始を記念して贈られた、上下一体の制服に装着する源石。<br>(交換不可),装備アイテム強化,8,1,5,0
278161,reinforce_8001,2学期開始記念 胴衣源石,ヨーグルティング 2学期開始を記念して贈られた、上下一体の制服に装着する源石。<br>(交換不可),装備アイテム強化,8,1,5,0
278162,reinforce_8001,2学期開始記念 胴衣源石,ヨーグルティング 2学期開始を記念して贈られた、上下一体の制服に装着する源石。<br>(交換不可),装備アイテム強化,8,1,5,0
278163,reinforce_8001,2学期開始記念 胴衣源石,ヨーグルティング 2学期開始を記念して贈られた、上下一体の制服に装着する源石。<br>(交換不可),装備アイテム強化,8,1,5,0
278164,reinforce_8001,2学期開始記念 胴衣源石,ヨーグルティング 2学期開始を記念して贈られた、上下一体の制服に装着する源石。<br>(交換不可),装備アイテム強化,8,1,5,0
278165,reinforce_8001,2学期開始記念 胴衣源石,ヨーグルティング 2学期開始を記念して贈られた、上下一体の制服に装着する源石。<br>(交換不可),装備アイテム強化,8,1,5,0
278166,reinforce_8001,2学期開始記念 胴衣源石,ヨーグルティング 2学期開始を記念して贈られた、上下一体の制服に装着する源石。<br>(交換不可),装備アイテム強化,8,1,5,0
278167,reinforce_8001,2学期開始記念 胴衣源石,ヨーグルティング 2学期開始を記念して贈られた、上下一体の制服に装着する源石。<br>(交換不可),装備アイテム強化,8,1,5,0
278168,reinforce_8001,2学期開始記念 胴衣源石,ヨーグルティング 2学期開始を記念して贈られた、上下一体の制服に装着する源石。<br>(交換不可),装備アイテム強化,8,1,5,0
278169,reinforce_8001,2学期開始記念 胴衣源石,ヨーグルティング 2学期開始を記念して贈られた、上下一体の制服に装着する源石。<br>(交換不可),装備アイテム強化,8,1,5,0
278170,reinforce_8001,2学期開始記念 胴衣源石,ヨーグルティング 2学期開始を記念して贈られた、上下一体の制服に装着する源石。<br>(交換不可),装備アイテム強化,8,1,5,0
278171,reinforce_8001,2学期開始記念 胴衣源石,ヨーグルティング 2学期開始を記念して贈られた、上下一体の制服に装着する源石。<br>(交換不可),装備アイテム強化,8,1,5,0
278172,reinforce_8001,2学期開始記念 胴衣源石,ヨーグルティング 2学期開始を記念して贈られた、上下一体の制服に装着する源石。<br>(交換不可),装備アイテム強化,8,1,5,0
278173,reinforce_8001,2学期開始記念 胴衣源石,ヨーグルティング 2学期開始を記念して贈られた、上下一体の制服に装着する源石。<br>(交換不可),装備アイテム強化,8,1,5,0
278174,reinforce_8001,2学期開始記念 胴衣源石,ヨーグルティング 2学期開始を記念して贈られた、上下一体の制服に装着する源石。<br>(交換不可),装備アイテム強化,8,1,5,0
278175,reinforce_8001,2学期開始記念 胴衣源石,ヨーグルティング 2学期開始を記念して贈られた、上下一体の制服に装着する源石。<br>(交換不可),装備アイテム強化,8,1,5,0
278176,reinforce_8001,2学期開始記念 胴衣源石,ヨーグルティング 2学期開始を記念して贈られた、上下一体の制服に装着する源石。<br>(交換不可),装備アイテム強化,8,1,5,0
278177,reinforce_8001,2学期開始記念 胴衣源石,ヨーグルティング 2学期開始を記念して贈られた、上下一体の制服に装着する源石。<br>(交換不可),装備アイテム強化,8,1,5,0
278178,reinforce_8001,2学期開始記念 胴衣源石,ヨーグルティング 2学期開始を記念して贈られた、上下一体の制服に装着する源石。<br>(交換不可),装備アイテム強化,8,1,5,0
278179,reinforce_8001,2学期開始記念 胴衣源石,ヨーグルティング 2学期開始を記念して贈られた、上下一体の制服に装着する源石。<br>(交換不可),装備アイテム強化,8,1,5,0
278180,reinforce_8001,2学期開始記念 胴衣源石,ヨーグルティング 2学期開始を記念して贈られた、上下一体の制服に装着する源石。<br>(交換不可),装備アイテム強化,8,1,5,0
278181,reinforce_8001,2学期開始記念 胴衣源石,ヨーグルティング 2学期開始を記念して贈られた、上下一体の制服に装着する源石。<br>(交換不可),装備アイテム強化,8,1,5,0
278182,reinforce_8001,2学期開始記念 胴衣源石,ヨーグルティング 2学期開始を記念して贈られた、上下一体の制服に装着する源石。<br>(交換不可),装備アイテム強化,8,1,5,0
278183,reinforce_8001,2学期開始記念 胴衣源石,ヨーグルティング 2学期開始を記念して贈られた、上下一体の制服に装着する源石。<br>(交換不可),装備アイテム強化,8,1,5,0
278184,reinforce_8001,2学期開始記念 胴衣源石,ヨーグルティング 2学期開始を記念して贈られた、上下一体の制服に装着する源石。<br>(交換不可),装備アイテム強化,8,1,5,0
278185,reinforce_8001,2学期開始記念 胴衣源石,ヨーグルティング 2学期開始を記念して贈られた、上下一体の制服に装着する源石。<br>(交換不可),装備アイテム強化,8,1,5,0
278186,reinforce_8001,2学期開始記念 胴衣源石,ヨーグルティング 2学期開始を記念して贈られた、上下一体の制服に装着する源石。<br>(交換不可),装備アイテム強化,8,1,5,0
278187,reinforce_8001,2学期開始記念 胴衣源石,ヨーグルティング 2学期開始を記念して贈られた、上下一体の制服に装着する源石。<br>(交換不可),装備アイテム強化,8,1,5,0
278188,reinforce_8001,2学期開始記念 胴衣源石,ヨーグルティング 2学期開始を記念して贈られた、上下一体の制服に装着する源石。<br>(交換不可),装備アイテム強化,9,1,5,0
278189,reinforce_8001,2学期開始記念 胴衣源石,ヨーグルティング 2学期開始を記念して贈られた、上下一体の制服に装着する源石。<br>(交換不可),装備アイテム強化,9,1,5,0
278190,reinforce_8001,2学期開始記念 胴衣源石,ヨーグルティング 2学期開始を記念して贈られた、上下一体の制服に装着する源石。<br>(交換不可),装備アイテム強化,9,1,5,0
278191,reinforce_8001,2学期開始記念 胴衣源石,ヨーグルティング 2学期開始を記念して贈られた、上下一体の制服に装着する源石。<br>(交換不可),装備アイテム強化,9,1,5,0
278192,reinforce_8001,2学期開始記念 胴衣源石,ヨーグルティング 2学期開始を記念して贈られた、上下一体の制服に装着する源石。<br>(交換不可),装備アイテム強化,9,1,5,0
278193,reinforce_8001,2学期開始記念 胴衣源石,ヨーグルティング 2学期開始を記念して贈られた、上下一体の制服に装着する源石。<br>(交換不可),装備アイテム強化,9,1,5,0
278194,reinforce_8001,2学期開始記念 胴衣源石,ヨーグルティング 2学期開始を記念して贈られた、上下一体の制服に装着する源石。<br>(交換不可),装備アイテム強化,9,1,5,0
278195,reinforce_8001,2学期開始記念 胴衣源石,ヨーグルティング 2学期開始を記念して贈られた、上下一体の制服に装着する源石。<br>(交換不可),装備アイテム強化,9,1,5,0
278196,reinforce_8001,2学期開始記念 胴衣源石,ヨーグルティング 2学期開始を記念して贈られた、上下一体の制服に装着する源石。<br>(交換不可),装備アイテム強化,9,1,5,0
278197,reinforce_8001,2学期開始記念 胴衣源石,ヨーグルティング 2学期開始を記念して贈られた、上下一体の制服に装着する源石。<br>(交換不可),装備アイテム強化,9,1,5,0
278198,reinforce_8001,2学期開始記念 胴衣源石,ヨーグルティング 2学期開始を記念して贈られた、上下一体の制服に装着する源石。<br>(交換不可),装備アイテム強化,9,1,5,0
278199,reinforce_8001,2学期開始記念 胴衣源石,ヨーグルティング 2学期開始を記念して贈られた、上下一体の制服に装着する源石。<br>(交換不可),装備アイテム強化,9,1,5,0
278200,reinforce_8001,2学期開始記念 胴衣源石,ヨーグルティング 2学期開始を記念して贈られた、上下一体の制服に装着する源石。<br>(交換不可),装備アイテム強化,9,1,5,0
278201,reinforce_8001,2学期開始記念 胴衣源石,ヨーグルティング 2学期開始を記念して贈られた、上下一体の制服に装着する源石。<br>(交換不可),装備アイテム強化,9,1,5,0
278202,reinforce_8001,2学期開始記念 胴衣源石,ヨーグルティング 2学期開始を記念して贈られた、上下一体の制服に装着する源石。<br>(交換不可),装備アイテム強化,9,1,5,0
278203,reinforce_8001,2学期開始記念 胴衣源石,ヨーグルティング 2学期開始を記念して贈られた、上下一体の制服に装着する源石。<br>(交換不可),装備アイテム強化,9,1,5,0
278204,reinforce_8001,2学期開始記念 胴衣源石,ヨーグルティング 2学期開始を記念して贈られた、上下一体の制服に装着する源石。<br>(交換不可),装備アイテム強化,9,1,5,0
278205,reinforce_8001,2学期開始記念 胴衣源石,ヨーグルティング 2学期開始を記念して贈られた、上下一体の制服に装着する源石。<br>(交換不可),装備アイテム強化,9,1,5,0
278206,reinforce_8001,2学期開始記念 胴衣源石,ヨーグルティング 2学期開始を記念して贈られた、上下一体の制服に装着する源石。<br>(交換不可),装備アイテム強化,9,1,5,0
278207,reinforce_8001,2学期開始記念 胴衣源石,ヨーグルティング 2学期開始を記念して贈られた、上下一体の制服に装着する源石。<br>(交換不可),装備アイテム強化,9,1,5,0
278208,reinforce_8001,2学期開始記念 胴衣源石,ヨーグルティング 2学期開始を記念して贈られた、上下一体の制服に装着する源石。<br>(交換不可),装備アイテム強化,9,1,5,0
278209,reinforce_8001,2学期開始記念 胴衣源石,ヨーグルティング 2学期開始を記念して贈られた、上下一体の制服に装着する源石。<br>(交換不可),装備アイテム強化,9,1,5,0
278210,reinforce_8001,2学期開始記念 胴衣源石,ヨーグルティング 2学期開始を記念して贈られた、上下一体の制服に装着する源石。<br>(交換不可),装備アイテム強化,9,1,5,0
278211,reinforce_8001,2学期開始記念 胴衣源石,ヨーグルティング 2学期開始を記念して贈られた、上下一体の制服に装着する源石。<br>(交換不可),装備アイテム強化,9,1,5,0
278212,reinforce_8001,2学期開始記念 胴衣源石,ヨーグルティング 2学期開始を記念して贈られた、上下一体の制服に装着する源石。<br>(交換不可),装備アイテム強化,9,1,5,0
278213,reinforce_8001,2学期開始記念 胴衣源石,ヨーグルティング 2学期開始を記念して贈られた、上下一体の制服に装着する源石。<br>(交換不可),装備アイテム強化,9,1,5,0
278214,reinforce_8001,2学期開始記念 胴衣源石,ヨーグルティング 2学期開始を記念して贈られた、上下一体の制服に装着する源石。<br>(交換不可),装備アイテム強化,9,1,5,0
278215,reinforce_8001,2学期開始記念 胴衣源石,ヨーグルティング 2学期開始を記念して贈られた、上下一体の制服に装着する源石。<br>(交換不可),装備アイテム強化,9,1,5,0
278216,reinforce_8001,2学期開始記念 胴衣源石,ヨーグルティング 2学期開始を記念して贈られた、上下一体の制服に装着する源石。<br>(交換不可),装備アイテム強化,9,1,5,0
278217,reinforce_8001,2学期開始記念 胴衣源石,ヨーグルティング 2学期開始を記念して贈られた、上下一体の制服に装着する源石。<br>(交換不可),装備アイテム強化,9,1,5,0
278218,reinforce_8001,2学期開始記念 胴衣源石,ヨーグルティング 2学期開始を記念して贈られた、上下一体の制服に装着する源石。<br>(交換不可),装備アイテム強化,9,1,5,0
278219,reinforce_8001,2学期開始記念 胴衣源石,ヨーグルティング 2学期開始を記念して贈られた、上下一体の制服に装着する源石。<br>(交換不可),装備アイテム強化,9,1,5,0
278220,reinforce_8001,2学期開始記念 胴衣源石,ヨーグルティング 2学期開始を記念して贈られた、上下一体の制服に装着する源石。<br>(交換不可),装備アイテム強化,9,1,5,0
278221,reinforce_8001,2学期開始記念 胴衣源石,ヨーグルティング 2学期開始を記念して贈られた、上下一体の制服に装着する源石。<br>(交換不可),装備アイテム強化,9,1,5,0
278222,reinforce_8001,2学期開始記念 胴衣源石,ヨーグルティング 2学期開始を記念して贈られた、上下一体の制服に装着する源石。<br>(交換不可),装備アイテム強化,9,1,5,0
278223,reinforce_8001,2学期開始記念 胴衣源石,ヨーグルティング 2学期開始を記念して贈られた、上下一体の制服に装着する源石。<br>(交換不可),装備アイテム強化,9,1,5,0
278224,reinforce_8001,2学期開始記念 胴衣源石,ヨーグルティング 2学期開始を記念して贈られた、上下一体の制服に装着する源石。<br>(交換不可),装備アイテム強化,9,1,5,0
278225,reinforce_8001,2学期開始記念 胴衣源石,ヨーグルティング 2学期開始を記念して贈られた、上下一体の制服に装着する源石。<br>(交換不可),装備アイテム強化,9,1,5,0
278226,reinforce_8001,2学期開始記念 胴衣源石,ヨーグルティング 2学期開始を記念して贈られた、上下一体の制服に装着する源石。<br>(交換不可),装備アイテム強化,9,1,5,0
278227,reinforce_8001,2学期開始記念 胴衣源石,ヨーグルティング 2学期開始を記念して贈られた、上下一体の制服に装着する源石。<br>(交換不可),装備アイテム強化,9,1,5,0
278228,reinforce_8001,2学期開始記念 胴衣源石,ヨーグルティング 2学期開始を記念して贈られた、上下一体の制服に装着する源石。<br>(交換不可),装備アイテム強化,9,1,5,0
278229,reinforce_8001,2学期開始記念 胴衣源石,ヨーグルティング 2学期開始を記念して贈られた、上下一体の制服に装着する源石。<br>(交換不可),装備アイテム強化,9,1,5,0
278230,reinforce_8001,2学期開始記念 胴衣源石,ヨーグルティング 2学期開始を記念して贈られた、上下一体の制服に装着する源石。<br>(交換不可),装備アイテム強化,9,1,5,0
278231,reinforce_8001,2学期開始記念 胴衣源石,ヨーグルティング 2学期開始を記念して贈られた、上下一体の制服に装着する源石。<br>(交換不可),装備アイテム強化,9,1,5,0
278232,reinforce_8001,2学期開始記念 胴衣源石,ヨーグルティング 2学期開始を記念して贈られた、上下一体の制服に装着する源石。<br>(交換不可),装備アイテム強化,10,1,5,0
278233,reinforce_8001,2学期開始記念 胴衣源石,ヨーグルティング 2学期開始を記念して贈られた、上下一体の制服に装着する源石。<br>(交換不可),装備アイテム強化,10,1,5,0
278234,reinforce_8001,2学期開始記念 胴衣源石,ヨーグルティング 2学期開始を記念して贈られた、上下一体の制服に装着する源石。<br>(交換不可),装備アイテム強化,10,1,5,0
278235,reinforce_8001,2学期開始記念 胴衣源石,ヨーグルティング 2学期開始を記念して贈られた、上下一体の制服に装着する源石。<br>(交換不可),装備アイテム強化,10,1,5,0
278236,reinforce_8001,2学期開始記念 胴衣源石,ヨーグルティング 2学期開始を記念して贈られた、上下一体の制服に装着する源石。<br>(交換不可),装備アイテム強化,10,1,5,0
278237,reinforce_8001,2学期開始記念 胴衣源石,ヨーグルティング 2学期開始を記念して贈られた、上下一体の制服に装着する源石。<br>(交換不可),装備アイテム強化,10,1,5,0
278238,reinforce_8001,2学期開始記念 胴衣源石,ヨーグルティング 2学期開始を記念して贈られた、上下一体の制服に装着する源石。<br>(交換不可),装備アイテム強化,10,1,5,0
278239,reinforce_8001,2学期開始記念 胴衣源石,ヨーグルティング 2学期開始を記念して贈られた、上下一体の制服に装着する源石。<br>(交換不可),装備アイテム強化,10,1,5,0
278240,reinforce_8001,2学期開始記念 胴衣源石,ヨーグルティング 2学期開始を記念して贈られた、上下一体の制服に装着する源石。<br>(交換不可),装備アイテム強化,10,1,5,0
278241,reinforce_8001,2学期開始記念 胴衣源石,ヨーグルティング 2学期開始を記念して贈られた、上下一体の制服に装着する源石。<br>(交換不可),装備アイテム強化,10,1,5,0
278242,reinforce_8001,2学期開始記念 胴衣源石,ヨーグルティング 2学期開始を記念して贈られた、上下一体の制服に装着する源石。<br>(交換不可),装備アイテム強化,10,1,5,0
278243,reinforce_8001,2学期開始記念 胴衣源石,ヨーグルティング 2学期開始を記念して贈られた、上下一体の制服に装着する源石。<br>(交換不可),装備アイテム強化,10,1,5,0
278244,reinforce_8001,2学期開始記念 胴衣源石,ヨーグルティング 2学期開始を記念して贈られた、上下一体の制服に装着する源石。<br>(交換不可),装備アイテム強化,10,1,5,0
278245,reinforce_8001,2学期開始記念 胴衣源石,ヨーグルティング 2学期開始を記念して贈られた、上下一体の制服に装着する源石。<br>(交換不可),装備アイテム強化,10,1,5,0
278246,reinforce_8001,2学期開始記念 胴衣源石,ヨーグルティング 2学期開始を記念して贈られた、上下一体の制服に装着する源石。<br>(交換不可),装備アイテム強化,10,1,5,0
278247,reinforce_8001,2学期開始記念 胴衣源石,ヨーグルティング 2学期開始を記念して贈られた、上下一体の制服に装着する源石。<br>(交換不可),装備アイテム強化,10,1,5,0
278248,reinforce_8001,2学期開始記念 胴衣源石,ヨーグルティング 2学期開始を記念して贈られた、上下一体の制服に装着する源石。<br>(交換不可),装備アイテム強化,10,1,5,0
278249,reinforce_8001,2学期開始記念 胴衣源石,ヨーグルティング 2学期開始を記念して贈られた、上下一体の制服に装着する源石。<br>(交換不可),装備アイテム強化,10,1,5,0
278250,reinforce_8001,2学期開始記念 胴衣源石,ヨーグルティング 2学期開始を記念して贈られた、上下一体の制服に装着する源石。<br>(交換不可),装備アイテム強化,10,1,5,0
278251,reinforce_8001,2学期開始記念 胴衣源石,ヨーグルティング 2学期開始を記念して贈られた、上下一体の制服に装着する源石。<br>(交換不可),装備アイテム強化,10,1,5,0
278252,reinforce_8001,2学期開始記念 胴衣源石,ヨーグルティング 2学期開始を記念して贈られた、上下一体の制服に装着する源石。<br>(交換不可),装備アイテム強化,10,1,5,0
278253,reinforce_8001,2学期開始記念 胴衣源石,ヨーグルティング 2学期開始を記念して贈られた、上下一体の制服に装着する源石。<br>(交換不可),装備アイテム強化,10,1,5,0
278254,reinforce_8001,2学期開始記念 胴衣源石,ヨーグルティング 2学期開始を記念して贈られた、上下一体の制服に装着する源石。<br>(交換不可),装備アイテム強化,10,1,5,0
278255,reinforce_8001,2学期開始記念 胴衣源石,ヨーグルティング 2学期開始を記念して贈られた、上下一体の制服に装着する源石。<br>(交換不可),装備アイテム強化,10,1,5,0
278256,reinforce_8001,2学期開始記念 胴衣源石,ヨーグルティング 2学期開始を記念して贈られた、上下一体の制服に装着する源石。<br>(交換不可),装備アイテム強化,10,1,5,0
278257,reinforce_8001,2学期開始記念 胴衣源石,ヨーグルティング 2学期開始を記念して贈られた、上下一体の制服に装着する源石。<br>(交換不可),装備アイテム強化,10,1,5,0
278258,reinforce_8001,2学期開始記念 胴衣源石,ヨーグルティング 2学期開始を記念して贈られた、上下一体の制服に装着する源石。<br>(交換不可),装備アイテム強化,10,1,5,0
278259,reinforce_8001,2学期開始記念 胴衣源石,ヨーグルティング 2学期開始を記念して贈られた、上下一体の制服に装着する源石。<br>(交換不可),装備アイテム強化,10,1,5,0
278260,reinforce_8001,2学期開始記念 胴衣源石,ヨーグルティング 2学期開始を記念して贈られた、上下一体の制服に装着する源石。<br>(交換不可),装備アイテム強化,10,1,5,0
278261,reinforce_8001,2学期開始記念 胴衣源石,ヨーグルティング 2学期開始を記念して贈られた、上下一体の制服に装着する源石。<br>(交換不可),装備アイテム強化,10,1,5,0
278262,reinforce_8001,2学期開始記念 胴衣源石,ヨーグルティング 2学期開始を記念して贈られた、上下一体の制服に装着する源石。<br>(交換不可),装備アイテム強化,10,1,5,0
278263,reinforce_8001,2学期開始記念 胴衣源石,ヨーグルティング 2学期開始を記念して贈られた、上下一体の制服に装着する源石。<br>(交換不可),装備アイテム強化,10,1,5,0
278264,reinforce_8001,2学期開始記念 胴衣源石,ヨーグルティング 2学期開始を記念して贈られた、上下一体の制服に装着する源石。<br>(交換不可),装備アイテム強化,10,1,5,0
278265,reinforce_8001,2学期開始記念 胴衣源石,ヨーグルティング 2学期開始を記念して贈られた、上下一体の制服に装着する源石。<br>(交換不可),装備アイテム強化,10,1,5,0
278266,reinforce_8001,2学期開始記念 胴衣源石,ヨーグルティング 2学期開始を記念して贈られた、上下一体の制服に装着する源石。<br>(交換不可),装備アイテム強化,10,1,5,0
278267,reinforce_8001,2学期開始記念 胴衣源石,ヨーグルティング 2学期開始を記念して贈られた、上下一体の制服に装着する源石。<br>(交換不可),装備アイテム強化,10,1,5,0
278268,reinforce_8001,2学期開始記念 胴衣源石,ヨーグルティング 2学期開始を記念して贈られた、上下一体の制服に装着する源石。<br>(交換不可),装備アイテム強化,10,1,5,0
278269,reinforce_8001,2学期開始記念 胴衣源石,ヨーグルティング 2学期開始を記念して贈られた、上下一体の制服に装着する源石。<br>(交換不可),装備アイテム強化,10,1,5,0
278270,reinforce_8001,2学期開始記念 胴衣源石,ヨーグルティング 2学期開始を記念して贈られた、上下一体の制服に装着する源石。<br>(交換不可),装備アイテム強化,10,1,5,0
278271,reinforce_8001,2学期開始記念 胴衣源石,ヨーグルティング 2学期開始を記念して贈られた、上下一体の制服に装着する源石。<br>(交換不可),装備アイテム強化,10,1,5,0
278272,reinforce_8001,2学期開始記念 胴衣源石,ヨーグルティング 2学期開始を記念して贈られた、上下一体の制服に装着する源石。<br>(交換不可),装備アイテム強化,10,1,5,0
278273,reinforce_8001,2学期開始記念 胴衣源石,ヨーグルティング 2学期開始を記念して贈られた、上下一体の制服に装着する源石。<br>(交換不可),装備アイテム強化,10,1,5,0
278274,reinforce_8001,2学期開始記念 胴衣源石,ヨーグルティング 2学期開始を記念して贈られた、上下一体の制服に装着する源石。<br>(交換不可),装備アイテム強化,10,1,5,0
278275,reinforce_8001,2学期開始記念 胴衣源石,ヨーグルティング 2学期開始を記念して贈られた、上下一体の制服に装着する源石。<br>(交換不可),装備アイテム強化,10,1,5,0
278276,reinforce_8001,2学期開始記念 胴衣源石,ヨーグルティング 2学期開始を記念して贈られた、上下一体の制服に装着する源石。<br>(交換不可),装備アイテム強化,10,1,5,0
278277,reinforce_8001,2学期開始記念 胴衣源石,ヨーグルティング 2学期開始を記念して贈られた、上下一体の制服に装着する源石。<br>(交換不可),装備アイテム強化,10,1,5,0
278278,reinforce_8001,2学期開始記念 胴衣源石,ヨーグルティング 2学期開始を記念して贈られた、上下一体の制服に装着する源石。<br>(交換不可),装備アイテム強化,10,1,5,0
278279,reinforce_8001,2学期開始記念 胴衣源石,ヨーグルティング 2学期開始を記念して贈られた、上下一体の制服に装着する源石。<br>(交換不可),装備アイテム強化,10,1,5,0
278280,reinforce_8001,2学期開始記念 胴衣源石,ヨーグルティング 2学期開始を記念して贈られた、上下一体の制服に装着する源石。<br>(交換不可),装備アイテム強化,10,1,5,0
278281,reinforce_8001,2学期開始記念 胴衣源石,ヨーグルティング 2学期開始を記念して贈られた、上下一体の制服に装着する源石。<br>(交換不可),装備アイテム強化,10,1,5,0
278282,reinforce_8001,2学期開始記念 胴衣源石,ヨーグルティング 2学期開始を記念して贈られた、上下一体の制服に装着する源石。<br>(交換不可),装備アイテム強化,10,1,5,0
278283,reinforce_8001,2学期開始記念 胴衣源石,ヨーグルティング 2学期開始を記念して贈られた、上下一体の制服に装着する源石。<br>(交換不可),装備アイテム強化,10,1,5,0
278284,reinforce_8001,2学期開始記念 胴衣源石,ヨーグルティング 2学期開始を記念して贈られた、上下一体の制服に装着する源石。<br>(交換不可),装備アイテム強化,10,1,5,0
278285,reinforce_8001,2学期開始記念 胴衣源石,ヨーグルティング 2学期開始を記念して贈られた、上下一体の制服に装着する源石。<br>(交換不可),装備アイテム強化,10,1,5,0
278286,reinforce_8001,2学期開始記念 胴衣源石,ヨーグルティング 2学期開始を記念して贈られた、上下一体の制服に装着する源石。<br>(交換不可),装備アイテム強化,10,1,5,0
278287,reinforce_8001,2学期開始記念 胴衣源石,ヨーグルティング 2学期開始を記念して贈られた、上下一体の制服に装着する源石。<br>(交換不可),装備アイテム強化,11,1,5,0
278288,reinforce_8001,2学期開始記念 胴衣源石,ヨーグルティング 2学期開始を記念して贈られた、上下一体の制服に装着する源石。<br>(交換不可),装備アイテム強化,11,1,5,0
278289,reinforce_8001,2学期開始記念 胴衣源石,ヨーグルティング 2学期開始を記念して贈られた、上下一体の制服に装着する源石。<br>(交換不可),装備アイテム強化,11,1,5,0
278290,reinforce_8001,2学期開始記念 胴衣源石,ヨーグルティング 2学期開始を記念して贈られた、上下一体の制服に装着する源石。<br>(交換不可),装備アイテム強化,11,1,5,0
278291,reinforce_8001,2学期開始記念 胴衣源石,ヨーグルティング 2学期開始を記念して贈られた、上下一体の制服に装着する源石。<br>(交換不可),装備アイテム強化,11,1,5,0
278292,reinforce_8001,2学期開始記念 胴衣源石,ヨーグルティング 2学期開始を記念して贈られた、上下一体の制服に装着する源石。<br>(交換不可),装備アイテム強化,11,1,5,0
278293,reinforce_8001,2学期開始記念 胴衣源石,ヨーグルティング 2学期開始を記念して贈られた、上下一体の制服に装着する源石。<br>(交換不可),装備アイテム強化,11,1,5,0
278294,reinforce_8001,2学期開始記念 胴衣源石,ヨーグルティング 2学期開始を記念して贈られた、上下一体の制服に装着する源石。<br>(交換不可),装備アイテム強化,11,1,5,0
278295,reinforce_8001,2学期開始記念 胴衣源石,ヨーグルティング 2学期開始を記念して贈られた、上下一体の制服に装着する源石。<br>(交換不可),装備アイテム強化,11,1,5,0
278296,reinforce_8001,2学期開始記念 胴衣源石,ヨーグルティング 2学期開始を記念して贈られた、上下一体の制服に装着する源石。<br>(交換不可),装備アイテム強化,11,1,5,0
278297,reinforce_8001,2学期開始記念 胴衣源石,ヨーグルティング 2学期開始を記念して贈られた、上下一体の制服に装着する源石。<br>(交換不可),装備アイテム強化,11,1,5,0
278298,reinforce_8001,2学期開始記念 胴衣源石,ヨーグルティング 2学期開始を記念して贈られた、上下一体の制服に装着する源石。<br>(交換不可),装備アイテム強化,11,1,5,0
278299,reinforce_8001,2学期開始記念 胴衣源石,ヨーグルティング 2学期開始を記念して贈られた、上下一体の制服に装着する源石。<br>(交換不可),装備アイテム強化,11,1,5,0
278300,reinforce_8001,2学期開始記念 胴衣源石,ヨーグルティング 2学期開始を記念して贈られた、上下一体の制服に装着する源石。<br>(交換不可),装備アイテム強化,11,1,5,0
278301,reinforce_8001,2学期開始記念 胴衣源石,ヨーグルティング 2学期開始を記念して贈られた、上下一体の制服に装着する源石。<br>(交換不可),装備アイテム強化,11,1,5,0
278302,reinforce_8001,2学期開始記念 胴衣源石,ヨーグルティング 2学期開始を記念して贈られた、上下一体の制服に装着する源石。<br>(交換不可),装備アイテム強化,11,1,5,0
278303,reinforce_8001,2学期開始記念 胴衣源石,ヨーグルティング 2学期開始を記念して贈られた、上下一体の制服に装着する源石。<br>(交換不可),装備アイテム強化,11,1,5,0
278304,reinforce_8001,2学期開始記念 胴衣源石,ヨーグルティング 2学期開始を記念して贈られた、上下一体の制服に装着する源石。<br>(交換不可),装備アイテム強化,11,1,5,0
278305,reinforce_8001,2学期開始記念 胴衣源石,ヨーグルティング 2学期開始を記念して贈られた、上下一体の制服に装着する源石。<br>(交換不可),装備アイテム強化,11,1,5,0
278306,reinforce_8001,2学期開始記念 胴衣源石,ヨーグルティング 2学期開始を記念して贈られた、上下一体の制服に装着する源石。<br>(交換不可),装備アイテム強化,11,1,5,0
278307,reinforce_8001,2学期開始記念 胴衣源石,ヨーグルティング 2学期開始を記念して贈られた、上下一体の制服に装着する源石。<br>(交換不可),装備アイテム強化,11,1,5,0
278308,reinforce_8001,2学期開始記念 胴衣源石,ヨーグルティング 2学期開始を記念して贈られた、上下一体の制服に装着する源石。<br>(交換不可),装備アイテム強化,11,1,5,0
278309,reinforce_8001,2学期開始記念 胴衣源石,ヨーグルティング 2学期開始を記念して贈られた、上下一体の制服に装着する源石。<br>(交換不可),装備アイテム強化,11,1,5,0
278310,reinforce_8001,2学期開始記念 胴衣源石,ヨーグルティング 2学期開始を記念して贈られた、上下一体の制服に装着する源石。<br>(交換不可),装備アイテム強化,11,1,5,0
278311,reinforce_8001,2学期開始記念 胴衣源石,ヨーグルティング 2学期開始を記念して贈られた、上下一体の制服に装着する源石。<br>(交換不可),装備アイテム強化,11,1,5,0
278312,reinforce_8001,2学期開始記念 胴衣源石,ヨーグルティング 2学期開始を記念して贈られた、上下一体の制服に装着する源石。<br>(交換不可),装備アイテム強化,11,1,5,0
278313,reinforce_8001,2学期開始記念 胴衣源石,ヨーグルティング 2学期開始を記念して贈られた、上下一体の制服に装着する源石。<br>(交換不可),装備アイテム強化,11,1,5,0
278314,reinforce_8001,2学期開始記念 胴衣源石,ヨーグルティング 2学期開始を記念して贈られた、上下一体の制服に装着する源石。<br>(交換不可),装備アイテム強化,11,1,5,0
278315,reinforce_8001,2学期開始記念 胴衣源石,ヨーグルティング 2学期開始を記念して贈られた、上下一体の制服に装着する源石。<br>(交換不可),装備アイテム強化,11,1,5,0
278316,reinforce_8001,2学期開始記念 胴衣源石,ヨーグルティング 2学期開始を記念して贈られた、上下一体の制服に装着する源石。<br>(交換不可),装備アイテム強化,11,1,5,0
278317,reinforce_8001,2学期開始記念 胴衣源石,ヨーグルティング 2学期開始を記念して贈られた、上下一体の制服に装着する源石。<br>(交換不可),装備アイテム強化,11,1,5,0
278318,reinforce_8001,2学期開始記念 胴衣源石,ヨーグルティング 2学期開始を記念して贈られた、上下一体の制服に装着する源石。<br>(交換不可),装備アイテム強化,11,1,5,0
278319,reinforce_8001,2学期開始記念 胴衣源石,ヨーグルティング 2学期開始を記念して贈られた、上下一体の制服に装着する源石。<br>(交換不可),装備アイテム強化,11,1,5,0
278320,reinforce_8001,2学期開始記念 胴衣源石,ヨーグルティング 2学期開始を記念して贈られた、上下一体の制服に装着する源石。<br>(交換不可),装備アイテム強化,11,1,5,0
278321,reinforce_8001,2学期開始記念 胴衣源石,ヨーグルティング 2学期開始を記念して贈られた、上下一体の制服に装着する源石。<br>(交換不可),装備アイテム強化,11,1,5,0
278322,reinforce_8001,2学期開始記念 胴衣源石,ヨーグルティング 2学期開始を記念して贈られた、上下一体の制服に装着する源石。<br>(交換不可),装備アイテム強化,11,1,5,0
278323,reinforce_8001,2学期開始記念 胴衣源石,ヨーグルティング 2学期開始を記念して贈られた、上下一体の制服に装着する源石。<br>(交換不可),装備アイテム強化,11,1,5,0
278324,reinforce_8001,2学期開始記念 胴衣源石,ヨーグルティング 2学期開始を記念して贈られた、上下一体の制服に装着する源石。<br>(交換不可),装備アイテム強化,11,1,5,0
278325,reinforce_8001,2学期開始記念 胴衣源石,ヨーグルティング 2学期開始を記念して贈られた、上下一体の制服に装着する源石。<br>(交換不可),装備アイテム強化,11,1,5,0
278326,reinforce_8001,2学期開始記念 胴衣源石,ヨーグルティング 2学期開始を記念して贈られた、上下一体の制服に装着する源石。<br>(交換不可),装備アイテム強化,11,1,5,0
278327,reinforce_8001,2学期開始記念 胴衣源石,ヨーグルティング 2学期開始を記念して贈られた、上下一体の制服に装着する源石。<br>(交換不可),装備アイテム強化,11,1,5,0
278328,reinforce_8001,2学期開始記念 胴衣源石,ヨーグルティング 2学期開始を記念して贈られた、上下一体の制服に装着する源石。<br>(交換不可),装備アイテム強化,11,1,5,0
278329,reinforce_8001,2学期開始記念 胴衣源石,ヨーグルティング 2学期開始を記念して贈られた、上下一体の制服に装着する源石。<br>(交換不可),装備アイテム強化,11,1,5,0
278330,reinforce_8001,2学期開始記念 胴衣源石,ヨーグルティング 2学期開始を記念して贈られた、上下一体の制服に装着する源石。<br>(交換不可),装備アイテム強化,11,1,5,0
278331,reinforce_8001,2学期開始記念 胴衣源石,ヨーグルティング 2学期開始を記念して贈られた、上下一体の制服に装着する源石。<br>(交換不可),装備アイテム強化,11,1,5,0
278332,reinforce_8001,2学期開始記念 胴衣源石,ヨーグルティング 2学期開始を記念して贈られた、上下一体の制服に装着する源石。<br>(交換不可),装備アイテム強化,11,1,5,0
278333,reinforce_8001,2学期開始記念 胴衣源石,ヨーグルティング 2学期開始を記念して贈られた、上下一体の制服に装着する源石。<br>(交換不可),装備アイテム強化,11,1,5,0
278334,reinforce_8001,2学期開始記念 胴衣源石,ヨーグルティング 2学期開始を記念して贈られた、上下一体の制服に装着する源石。<br>(交換不可),装備アイテム強化,11,1,5,0
278335,reinforce_8001,2学期開始記念 胴衣源石,ヨーグルティング 2学期開始を記念して贈られた、上下一体の制服に装着する源石。<br>(交換不可),装備アイテム強化,11,1,5,0
278336,reinforce_8001,2学期開始記念 胴衣源石,ヨーグルティング 2学期開始を記念して贈られた、上下一体の制服に装着する源石。<br>(交換不可),装備アイテム強化,11,1,5,0
278337,reinforce_8001,2学期開始記念 胴衣源石,ヨーグルティング 2学期開始を記念して贈られた、上下一体の制服に装着する源石。<br>(交換不可),装備アイテム強化,11,1,5,0
278338,reinforce_8001,2学期開始記念 胴衣源石,ヨーグルティング 2学期開始を記念して贈られた、上下一体の制服に装着する源石。<br>(交換不可),装備アイテム強化,11,1,5,0
278339,reinforce_8001,2学期開始記念 胴衣源石,ヨーグルティング 2学期開始を記念して贈られた、上下一体の制服に装着する源石。<br>(交換不可),装備アイテム強化,11,1,5,0
278340,reinforce_8001,2学期開始記念 胴衣源石,ヨーグルティング 2学期開始を記念して贈られた、上下一体の制服に装着する源石。<br>(交換不可),装備アイテム強化,11,1,5,0
278341,reinforce_8001,2学期開始記念 胴衣源石,ヨーグルティング 2学期開始を記念して贈られた、上下一体の制服に装着する源石。<br>(交換不可),装備アイテム強化,11,1,5,0
278342,reinforce_8001,2学期開始記念 胴衣源石,ヨーグルティング 2学期開始を記念して贈られた、上下一体の制服に装着する源石。<br>(交換不可),装備アイテム強化,11,1,5,0
278343,reinforce_8001,2学期開始記念 胴衣源石,ヨーグルティング 2学期開始を記念して贈られた、上下一体の制服に装着する源石。<br>(交換不可),装備アイテム強化,11,1,5,0
278344,reinforce_8001,2学期開始記念 胴衣源石,ヨーグルティング 2学期開始を記念して贈られた、上下一体の制服に装着する源石。<br>(交換不可),装備アイテム強化,11,1,5,0
278345,reinforce_8001,2学期開始記念 胴衣源石,ヨーグルティング 2学期開始を記念して贈られた、上下一体の制服に装着する源石。<br>(交換不可),装備アイテム強化,11,1,5,0
278346,reinforce_8001,2学期開始記念 胴衣源石,ヨーグルティング 2学期開始を記念して贈られた、上下一体の制服に装着する源石。<br>(交換不可),装備アイテム強化,11,1,5,0
278347,reinforce_8001,2学期開始記念 胴衣源石,ヨーグルティング 2学期開始を記念して贈られた、上下一体の制服に装着する源石。<br>(交換不可),装備アイテム強化,11,1,5,0
278348,reinforce_8001,2学期開始記念 胴衣源石,ヨーグルティング 2学期開始を記念して贈られた、上下一体の制服に装着する源石。<br>(交換不可),装備アイテム強化,11,1,5,0
278349,reinforce_8001,2学期開始記念 胴衣源石,ヨーグルティング 2学期開始を記念して贈られた、上下一体の制服に装着する源石。<br>(交換不可),装備アイテム強化,11,1,5,0
278350,reinforce_8001,2学期開始記念 胴衣源石,ヨーグルティング 2学期開始を記念して贈られた、上下一体の制服に装着する源石。<br>(交換不可),装備アイテム強化,11,1,5,0
278351,reinforce_8001,2学期開始記念 胴衣源石,ヨーグルティング 2学期開始を記念して贈られた、上下一体の制服に装着する源石。<br>(交換不可),装備アイテム強化,11,1,5,0
278352,reinforce_8001,2学期開始記念 胴衣源石,ヨーグルティング 2学期開始を記念して贈られた、上下一体の制服に装着する源石。<br>(交換不可),装備アイテム強化,11,1,5,0
278353,reinforce_8001,2学期開始記念 胴衣源石,ヨーグルティング 2学期開始を記念して贈られた、上下一体の制服に装着する源石。<br>(交換不可),装備アイテム強化,11,1,5,0
278354,reinforce_8001,2学期開始記念 胴衣源石,ヨーグルティング 2学期開始を記念して贈られた、上下一体の制服に装着する源石。<br>(交換不可),装備アイテム強化,11,1,5,0
278355,reinforce_8001,2学期開始記念 胴衣源石,ヨーグルティング 2学期開始を記念して贈られた、上下一体の制服に装着する源石。<br>(交換不可),装備アイテム強化,11,1,5,0
278356,reinforce_8001,2学期開始記念 胴衣源石,ヨーグルティング 2学期開始を記念して贈られた、上下一体の制服に装着する源石。<br>(交換不可),装備アイテム強化,11,1,5,0
278357,reinforce_8001,2学期開始記念 胴衣源石,ヨーグルティング 2学期開始を記念して贈られた、上下一体の制服に装着する源石。<br>(交換不可),装備アイテム強化,11,1,5,0
278358,reinforce_8001,2学期開始記念 胴衣源石,ヨーグルティング 2学期開始を記念して贈られた、上下一体の制服に装着する源石。<br>(交換不可),装備アイテム強化,11,1,5,0
278359,reinforce_8001,2学期開始記念 胴衣源石,ヨーグルティング 2学期開始を記念して贈られた、上下一体の制服に装着する源石。<br>(交換不可),装備アイテム強化,11,1,5,0
278360,reinforce_8001,2学期開始記念 胴衣源石,ヨーグルティング 2学期開始を記念して贈られた、上下一体の制服に装着する源石。<br>(交換不可),装備アイテム強化,11,1,5,0
278361,reinforce_8001,2学期開始記念 胴衣源石,ヨーグルティング 2学期開始を記念して贈られた、上下一体の制服に装着する源石。<br>(交換不可),装備アイテム強化,11,1,5,0
278362,reinforce_8001,2学期開始記念 胴衣源石,ヨーグルティング 2学期開始を記念して贈られた、上下一体の制服に装着する源石。<br>(交換不可),装備アイテム強化,11,1,5,0
278363,reinforce_8001,2学期開始記念 胴衣源石,ヨーグルティング 2学期開始を記念して贈られた、上下一体の制服に装着する源石。<br>(交換不可),装備アイテム強化,11,1,5,0
278364,reinforce_8001,2学期開始記念 胴衣源石,ヨーグルティング 2学期開始を記念して贈られた、上下一体の制服に装着する源石。<br>(交換不可),装備アイテム強化,11,1,5,0
278365,reinforce_8001,2学期開始記念 胴衣源石,ヨーグルティング 2学期開始を記念して贈られた、上下一体の制服に装着する源石。<br>(交換不可),装備アイテム強化,11,1,5,0
278366,reinforce_8001,2学期開始記念 胴衣源石,ヨーグルティング 2学期開始を記念して贈られた、上下一体の制服に装着する源石。<br>(交換不可),装備アイテム強化,11,1,5,0
278367,reinforce_8001,2学期開始記念 胴衣源石,ヨーグルティング 2学期開始を記念して贈られた、上下一体の制服に装着する源石。<br>(交換不可),装備アイテム強化,11,1,5,0
278368,reinforce_8001,2学期開始記念 胴衣源石,ヨーグルティング 2学期開始を記念して贈られた、上下一体の制服に装着する源石。<br>(交換不可),装備アイテム強化,11,1,5,0
278369,reinforce_8001,2学期開始記念 胴衣源石,ヨーグルティング 2学期開始を記念して贈られた、上下一体の制服に装着する源石。<br>(交換不可),装備アイテム強化,11,1,5,0
278370,reinforce_8001,2学期開始記念 胴衣源石,ヨーグルティング 2学期開始を記念して贈られた、上下一体の制服に装着する源石。<br>(交換不可),装備アイテム強化,11,1,5,0
278371,reinforce_8001,2学期開始記念 胴衣源石,ヨーグルティング 2学期開始を記念して贈られた、上下一体の制服に装着する源石。<br>(交換不可),装備アイテム強化,11,1,5,0
278372,reinforce_8001,2学期開始記念 胴衣源石,ヨーグルティング 2学期開始を記念して贈られた、上下一体の制服に装着する源石。<br>(交換不可),装備アイテム強化,11,1,5,0
278373,reinforce_8001,2学期開始記念 胴衣源石,ヨーグルティング 2学期開始を記念して贈られた、上下一体の制服に装着する源石。<br>(交換不可),装備アイテム強化,11,1,5,0
278374,reinforce_8001,2学期開始記念 胴衣源石,ヨーグルティング 2学期開始を記念して贈られた、上下一体の制服に装着する源石。<br>(交換不可),装備アイテム強化,11,1,5,0
278375,reinforce_8001,2学期開始記念 胴衣源石,ヨーグルティング 2学期開始を記念して贈られた、上下一体の制服に装着する源石。<br>(交換不可),装備アイテム強化,11,1,5,0
278376,reinforce_8001,2学期開始記念 胴衣源石,ヨーグルティング 2学期開始を記念して贈られた、上下一体の制服に装着する源石。<br>(交換不可),装備アイテム強化,11,1,5,0
278377,reinforce_8001,2学期開始記念 胴衣源石,ヨーグルティング 2学期開始を記念して贈られた、上下一体の制服に装着する源石。<br>(交換不可),装備アイテム強化,11,1,5,0
278378,reinforce_8001,2学期開始記念 胴衣源石,ヨーグルティング 2学期開始を記念して贈られた、上下一体の制服に装着する源石。<br>(交換不可),装備アイテム強化,11,1,5,0
278379,reinforce_8001,2学期開始記念 胴衣源石,ヨーグルティング 2学期開始を記念して贈られた、上下一体の制服に装着する源石。<br>(交換不可),装備アイテム強化,11,1,5,0
278380,reinforce_8001,2学期開始記念 胴衣源石,ヨーグルティング 2学期開始を記念して贈られた、上下一体の制服に装着する源石。<br>(交換不可),装備アイテム強化,11,1,5,0
278381,reinforce_8001,2学期開始記念 胴衣源石,ヨーグルティング 2学期開始を記念して贈られた、上下一体の制服に装着する源石。<br>(交換不可),装備アイテム強化,11,1,5,0
278382,reinforce_8001,2学期開始記念 胴衣源石,ヨーグルティング 2学期開始を記念して贈られた、上下一体の制服に装着する源石。<br>(交換不可),装備アイテム強化,11,1,5,0
278383,reinforce_8001,2学期開始記念 胴衣源石,ヨーグルティング 2学期開始を記念して贈られた、上下一体の制服に装着する源石。<br>(交換不可),装備アイテム強化,11,1,5,0
278384,reinforce_8001,2学期開始記念 胴衣源石,ヨーグルティング 2学期開始を記念して贈られた、上下一体の制服に装着する源石。<br>(交換不可),装備アイテム強化,11,1,5,0
278385,reinforce_8001,2学期開始記念 胴衣源石,ヨーグルティング 2学期開始を記念して贈られた、上下一体の制服に装着する源石。<br>(交換不可),装備アイテム強化,11,1,5,0
278386,reinforce_8001,2学期開始記念 胴衣源石,ヨーグルティング 2学期開始を記念して贈られた、上下一体の制服に装着する源石。<br>(交換不可),装備アイテム強化,11,1,5,0
278387,reinforce_8001,2学期開始記念 胴衣源石,ヨーグルティング 2学期開始を記念して贈られた、上下一体の制服に装着する源石。<br>(交換不可),装備アイテム強化,11,1,5,0
278388,reinforce_8001,2学期開始記念 胴衣源石,ヨーグルティング 2学期開始を記念して贈られた、上下一体の制服に装着する源石。<br>(交換不可),装備アイテム強化,11,1,5,0
278389,reinforce_8001,2学期開始記念 胴衣源石,ヨーグルティング 2学期開始を記念して贈られた、上下一体の制服に装着する源石。<br>(交換不可),装備アイテム強化,11,1,5,0
278390,reinforce_8001,2学期開始記念 胴衣源石,ヨーグルティング 2学期開始を記念して贈られた、上下一体の制服に装着する源石。<br>(交換不可),装備アイテム強化,11,1,5,0
278391,reinforce_8001,2学期開始記念 胴衣源石,ヨーグルティング 2学期開始を記念して贈られた、上下一体の制服に装着する源石。<br>(交換不可),装備アイテム強化,11,1,5,0
278392,reinforce_8001,2学期開始記念 胴衣源石,ヨーグルティング 2学期開始を記念して贈られた、上下一体の制服に装着する源石。<br>(交換不可),装備アイテム強化,11,1,5,0
278393,reinforce_8001,2学期開始記念 胴衣源石,ヨーグルティング 2学期開始を記念して贈られた、上下一体の制服に装着する源石。<br>(交換不可),装備アイテム強化,11,1,5,0
278394,reinforce_8001,2学期開始記念 胴衣源石,ヨーグルティング 2学期開始を記念して贈られた、上下一体の制服に装着する源石。<br>(交換不可),装備アイテム強化,11,1,5,0
278395,reinforce_8001,2学期開始記念 胴衣源石,ヨーグルティング 2学期開始を記念して贈られた、上下一体の制服に装着する源石。<br>(交換不可),装備アイテム強化,11,1,5,0
278396,reinforce_8001,2学期開始記念 胴衣源石,ヨーグルティング 2学期開始を記念して贈られた、上下一体の制服に装着する源石。<br>(交換不可),装備アイテム強化,11,1,5,0
278397,reinforce_8001,2学期開始記念 胴衣源石,ヨーグルティング 2学期開始を記念して贈られた、上下一体の制服に装着する源石。<br>(交換不可),装備アイテム強化,11,1,5,0
278398,reinforce_8001,2学期開始記念 胴衣源石,ヨーグルティング 2学期開始を記念して贈られた、上下一体の制服に装着する源石。<br>(交換不可),装備アイテム強化,11,1,5,0
278399,reinforce_8001,2学期開始記念 胴衣源石,ヨーグルティング 2学期開始を記念して贈られた、上下一体の制服に装着する源石。<br>(交換不可),装備アイテム強化,11,1,5,0
278400,reinforce_8001,2学期開始記念 胴衣源石,ヨーグルティング 2学期開始を記念して贈られた、上下一体の制服に装着する源石。<br>(交換不可),装備アイテム強化,11,1,5,0
278401,reinforce_8001,2学期開始記念 胴衣源石,ヨーグルティング 2学期開始を記念して贈られた、上下一体の制服に装着する源石。<br>(交換不可),装備アイテム強化,11,1,5,0
278402,reinforce_8001,2学期開始記念 胴衣源石,ヨーグルティング 2学期開始を記念して贈られた、上下一体の制服に装着する源石。<br>(交換不可),装備アイテム強化,11,1,5,0
278403,reinforce_8001,2学期開始記念 胴衣源石,ヨーグルティング 2学期開始を記念して贈られた、上下一体の制服に装着する源石。<br>(交換不可),装備アイテム強化,11,1,5,0
278404,reinforce_8001,2学期開始記念 胴衣源石,ヨーグルティング 2学期開始を記念して贈られた、上下一体の制服に装着する源石。<br>(交換不可),装備アイテム強化,11,1,5,0
278405,reinforce_8001,2学期開始記念 胴衣源石,ヨーグルティング 2学期開始を記念して贈られた、上下一体の制服に装着する源石。<br>(交換不可),装備アイテム強化,11,1,5,0
278406,reinforce_8001,2学期開始記念 胴衣源石,ヨーグルティング 2学期開始を記念して贈られた、上下一体の制服に装着する源石。<br>(交換不可),装備アイテム強化,11,1,5,0
278407,reinforce_8001,2学期開始記念 胴衣源石,ヨーグルティング 2学期開始を記念して贈られた、上下一体の制服に装着する源石。<br>(交換不可),装備アイテム強化,11,1,5,0
278408,reinforce_8001,2学期開始記念 胴衣源石,ヨーグルティング 2学期開始を記念して贈られた、上下一体の制服に装着する源石。<br>(交換不可),装備アイテム強化,11,1,5,0
278409,reinforce_8001,2学期開始記念 胴衣源石,ヨーグルティング 2学期開始を記念して贈られた、上下一体の制服に装着する源石。<br>(交換不可),装備アイテム強化,11,1,5,0
278410,reinforce_8001,2学期開始記念 胴衣源石,ヨーグルティング 2学期開始を記念して贈られた、上下一体の制服に装着する源石。<br>(交換不可),装備アイテム強化,11,1,5,0
278411,reinforce_8001,2学期開始記念 胴衣源石,ヨーグルティング 2学期開始を記念して贈られた、上下一体の制服に装着する源石。<br>(交換不可),装備アイテム強化,11,1,5,0
278412,reinforce_8001,2学期開始記念 胴衣源石,ヨーグルティング 2学期開始を記念して贈られた、上下一体の制服に装着する源石。<br>(交換不可),装備アイテム強化,11,1,5,0
278413,reinforce_8001,2学期開始記念 胴衣源石,ヨーグルティング 2学期開始を記念して贈られた、上下一体の制服に装着する源石。<br>(交換不可),装備アイテム強化,11,1,5,0
278414,reinforce_8001,2学期開始記念 胴衣源石,ヨーグルティング 2学期開始を記念して贈られた、上下一体の制服に装着する源石。<br>(交換不可),装備アイテム強化,11,1,5,0
278415,reinforce_8001,2学期開始記念 胴衣源石,ヨーグルティング 2学期開始を記念して贈られた、上下一体の制服に装着する源石。<br>(交換不可),装備アイテム強化,11,1,5,0
278416,reinforce_8001,2学期開始記念 胴衣源石,ヨーグルティング 2学期開始を記念して贈られた、上下一体の制服に装着する源石。<br>(交換不可),装備アイテム強化,11,1,5,0
278417,reinforce_8001,2学期開始記念 胴衣源石,ヨーグルティング 2学期開始を記念して贈られた、上下一体の制服に装着する源石。<br>(交換不可),装備アイテム強化,11,1,5,0
278418,reinforce_8001,2学期開始記念 胴衣源石,ヨーグルティング 2学期開始を記念して贈られた、上下一体の制服に装着する源石。<br>(交換不可),装備アイテム強化,11,1,5,0
278419,reinforce_8001,2学期開始記念 胴衣源石,ヨーグルティング 2学期開始を記念して贈られた、上下一体の制服に装着する源石。<br>(交換不可),装備アイテム強化,11,1,5,0
278420,reinforce_8001,2学期開始記念 胴衣源石,ヨーグルティング 2学期開始を記念して贈られた、上下一体の制服に装着する源石。<br>(交換不可),装備アイテム強化,11,1,5,0
278421,reinforce_8001,2学期開始記念 胴衣源石,ヨーグルティング 2学期開始を記念して贈られた、上下一体の制服に装着する源石。<br>(交換不可),装備アイテム強化,11,1,5,0
278422,reinforce_8001,2学期開始記念 胴衣源石,ヨーグルティング 2学期開始を記念して贈られた、上下一体の制服に装着する源石。<br>(交換不可),装備アイテム強化,11,1,5,0
278423,reinforce_8001,2学期開始記念 胴衣源石,ヨーグルティング 2学期開始を記念して贈られた、上下一体の制服に装着する源石。<br>(交換不可),装備アイテム強化,11,1,5,0
278424,reinforce_8001,2学期開始記念 胴衣源石,ヨーグルティング 2学期開始を記念して贈られた、上下一体の制服に装着する源石。<br>(交換不可),装備アイテム強化,11,1,5,0
278425,reinforce_8001,2学期開始記念 胴衣源石,ヨーグルティング 2学期開始を記念して贈られた、上下一体の制服に装着する源石。<br>(交換不可),装備アイテム強化,11,1,5,0
278426,reinforce_8001,2学期開始記念 胴衣源石,ヨーグルティング 2学期開始を記念して贈られた、上下一体の制服に装着する源石。<br>(交換不可),装備アイテム強化,11,1,5,0
10001,potion_0001,三角牛乳,懐かしい三角パック入りの牛乳,HP 150 回復,8,4,1,0
10002,potion_0002,パック牛乳,普通の四角パック入りの牛乳,HP 500 回復,8,4,1,0
10003,potion_0003,瓶牛乳,飲むと元気になる瓶牛乳,HP 960 回復,8,4,1,0
10004,potion_0004,大瓶牛乳,栄養たっぷりの牛乳を思う存分飲もう！,HP 1440 回復,8,4,1,0
10005,potion_0001,新入生牛乳,新入生に配給される牛乳,HP 150 回復,8,7,1,0
19001,potion_9001,ファンタオレンジ,さっぱりしたい時にはオレンジ味のファンタ！,体力を小回復,8,4,1,0
19002,potion_9002,ファンタパインアップル,すっきりしたい時にはパインアップル味のファンタ！,体力を小回復,8,4,1,0
19003,potion_9003,ファンタオレンジPET,すごくさっぱりしたい時に思いっきり飲める、ファンタオレンジ 1.5リットル！,体力を中回復,8,4,1,0
19004,potion_9004,ファンタパインアップルPET,すごくすっきりしたい時に思いっきり飲める、ファンタパインアップル 1.5リットル！,体力を中回復,8,4,1,0
19005,potion_9005,フラマンドル,おいしいフラマンドルパン,体力を中回復,8,4,1,0
19006,potion_0004,イベント大瓶牛乳,栄養たっぷりの牛乳を思う存分飲もう！,体力を特大回復,8,4,1,0
19007,potion_0001,頂点の三角牛乳,超高級な三角牛乳。これを飲んだ者は、将来何かの分野で頂点に立てるという噂がある,HP 150 回復,8,6,1,0
19008,potion_0002,最強のパック牛乳,超高級なパック牛乳。これを飲んだ者は、やがて人類最強になれるという噂がある,HP 500 回復,8,6,1,0
19009,potion_0003,選ばれし者の瓶牛乳,超高級な瓶牛乳。運命の女神に選ばれた一握りの者だけが口に出来るという噂がある,HP 960 回復,8,6,1,0
19010,potion_0004,覇王の大瓶牛乳,超高級な大瓶牛乳。これを飲んだ者は、いずれ世界を支配できるという噂がある,HP 1440 回復,8,6,1,0
10006,potion_0006,高級三角牛乳,懐かしい三角パック入りの牛乳。栄養成分が高い、産地限定のブランド物だ,HP 300 回復,8,4,1,0
10007,potion_0007,高級パック牛乳,四角パック入りの牛乳。栄養成分が高い、産地限定のブランド物だ,HP 730 回復,8,4,1,0
10008,potion_0008,高級瓶牛乳,飲むと元気になる瓶牛乳。栄養成分が高い、産地限定のブランド物だ,HP 1200 回復,8,4,1,0
10009,potion_0009,高級大瓶牛乳,栄養成分が高い、産地限定の牛乳を思う存分飲もう！,HP 1750 回復,8,4,1,0
10010,potion_0010,PETボトル牛乳,牛乳マニアのために作られた、ペットボトル入り特製牛乳！,HP 2060 回復,8,4,1,0
10011,potion_0011,高級PETボトル牛乳,牛乳マニアのために作られた、ペットボトル入り特製牛乳！　しかも栄養成分が高い、産地限定のブランド物だ！,HP 2410 回復,8,4,1,0
20001,potionhigh_0001,ガンバミン 101,瞬間的に栄養補給してくれる神秘のドリンク,瞬間的に HPを 110 回復,8,4,1,1
20002,potionhigh_0002,ガンバミン 404,瞬間的に栄養補給してくれる神秘のドリンク,瞬間的に HPを 1440 回復,8,4,1,1
29001,potionhigh_9001,ファンタミニオレンジ,瞬間的に体力を回復してくれるファンタミニボトルオレンジ味,瞬間的に HPを 60 回復,8,4,1,1
29002,potionhigh_9002,ファンタミニアイスベリー,瞬間的に多くの体力を回復してくれるファンタミニボトルアイスベリー味,瞬間的に HPを 120 回復,8,4,1,1
29003,potionhigh_9003,BIGフラマンドル,おなかが空いたらおいしいフラマンドルパンを食べよう！,瞬間的に HPを 120 回復,8,4,1,1
29010,potionhigh_9010,バレンタインチョコ,あの子からもらったバレンタインチョコ。食べると瞬間的に HPが完全回復し、さらにパワーゲージが1回分チャージされる,HP完全回復、パワー +1,8,7,1,1
29011,potionhigh_9011,ガンバミンV,スポーツマンにオススメの勝利のドリンク。飲むと瞬間的に HPが完全回復し、さらにパワーゲージが1回分チャージされる,HP完全回復、パワー +1,8,7,1,1
29012,potionhigh_9012,ガンバミンS,スポーツマンにオススメの勝利のドリンク。飲むとパワーゲージが1回分チャージされる,パワー +1,8,7,1,1
29013,potionhigh_0001,イベントガンバミン 101,瞬間的に栄養補給してくれる神秘のドリンク,瞬間的に HPを 60 回復,8,4,1,1
29014,potionhigh_0002,イベントガンバミン 404,瞬間的に栄養補給してくれる神秘のドリンク,瞬間的に HPを 120 回復,8,4,1,1
29015,potionhigh_9011,イベントガンバミンV,スポーツマンにオススメの勝利のドリンク。飲むとパワーゲージが1回分チャージされる,HP完全回復、パワー +1,8,7,1,1
29016,potionhigh_0001,ガンバミン01,稀少な薬草やスパイスを混ぜて作られたという、超高級な栄養ドリンクの試作品。量産化されたガンバミンはこれの廉価版。これを飲んだ者はいつか人間の限界を越えられるという噂がある,瞬間的に HPを 110 回復,8,6,1,1
20003,potionhigh_0003,ガンバミン 202,瞬間的に栄養補給してくれる神秘のドリンク,瞬間的に HPを 670 回復,8,4,1,1
30001,etc_cs030001,温室のカードキー,温室のカードキー。温室内のどこかの門を開くのに使われる,温室の門を開く,7,1,0,0
30002,etc_cs030002,折り紙,あざやかな色の紙。いろいろな形を折って遊ぶ,購買に売れる,7,0,0,0
30003,etc_cs030003,折り鶴,折り紙を折って作った、代表的な紙工作。1000個折って、病人へのお見舞いに贈ったりする,購買に売れる,7,0,0,0
30004,etc_cs030004,STARキャンディー,星の形をしたキャンディー。特別おいしいわけではないが、意外に人気がある,購買に売れる,7,0,0,0
30005,etc_cs030005,破られたページ,本から破り取られたらしい紙切れ。損傷が激しく、書かれた内容はほとんどわからない,購買に売れる,9,0,0,0
30006,etc_cs030006,ハードカバー,本の中身を保護するための硬い表紙。何があったのか、表紙の内側には何も残っていない,購買に売れる,9,0,0,0
30007,etc_cs030007,古文書の一部,図書館で行方不明になった、非常に貴重な古文書から破り取られたページ。損傷は軽微なので、残りの部分を全て集めれば修繕可能に見える,購買に売れる,9,0,0,0
30008,etc_cs030008,ラッチューのしっぽ,ラッチューのしっぽ。風車の形をしている,購買に売れる,11,0,0,0
30009,etc_cs030009,カワハギの干物,カワハギを干して作った保存食。焼いて食べるとおいしい,購買に売れる,11,0,0,0
30010,etc_cs030010,鋼鉄の破片,鋼鉄で出来た何かの破片。ロボット研究部が集めて精錬しているといううわさがある,購買に売れる,10,0,0,0
30011,etc_cs030011,歯車,少し古びた歯車。でもまだ使えそう,購買に売れる,10,0,0,0
30012,etc_cs030012,リボン,アクセサリーとしてよく使われるリボン,購買に売れる,7,0,0,0
30013,etc_cs030013,発条,木で作られたゼンマイ装置。からくり人形などの動力源として使われる,購買に売れる,7,0,0,0
30014,etc_cs030014,モネラのトゲ,モネラに生えている、トゲみたいにデコボコした部分。鋭くはない,購買に売れる,8,0,0,0
30015,etc_cs030015,蛍光物質,真っ暗な場所でしか分からないくらい、仄かな光を放つ神秘の物質。たくさん集めれば、夜に本を読む時の明かりになる,購買に売れる,8,0,0,0
30016,etc_cs030016,布切れ,引き裂かれた布の切れ,購買に売れる,9,0,0,0
30017,etc_cs030017,綿,柔らかくて断熱効果が良く、服の裏地としてよく使われる材料,購買に売れる,7,0,0,0
30018,etc_cs030018,葉っぱ,平べったい植物の葉っぱ,購買に売れる,9,0,0,0
30019,etc_cs030019,粘る液体,粘っこい液体。触るとベトベトとまとわりついて、なかなか取れない,購買に売れる,8,0,0,0
30020,etc_cs030020,緑色のゼリー,食べられる緑色のゼリー。抹茶の味がするらしい,購買に売れる,8,0,0,0
30021,etc_cs030021,植物のトゲ,鋭く尖った植物の刺。植物が自分を保護するため、幹の一部を変形させて進化した結果だといわれている,購買に売れる,9,0,0,0
30022,etc_cs030022,花の種,どんな植物の種子なのかは不明。植えたら結果が分かるかも？,購買に売れる,9,0,0,0
30023,etc_cs030023,グレートバラウスの実,グレートバラウスの実。実ではなく一種の中心核であるという学説もある。簡単には手に入らないため、高価で売れるようだ,購買に高く売れる,9,0,0,0
30024,etc_cs030024,木切れ,よくある木切れ。細工すれば、木工の材料に使えそうだ,購買に売れる,9,0,0,0
30025,etc_cs030025,胞子,きのこ類などの菌類から放出される、種子の一種。無性生殖が可能,購買に売れる,8,0,0,0
30026,etc_cs030026,空っぽの財布,中に何も入っていない財布。一体誰の物だったんだろう？,購買に売れる,7,0,0,0
30027,etc_cs030027,マッチ,火を付けるための道具だ。表には XX喫茶店と書かれている,購買に売れる,7,0,0,0
30028,etc_cs030028,ヘアムース,ヘアースタイルを整える時に使うアイテム。校則では使用禁止になっている,購買に売れる,7,0,0,0
30029,etc_cs030029,薬莢,弾丸を撃った後、排出される殻,購買に売れる,10,0,0,0
30030,etc_cs030030,弾倉,弾丸が詰まったカートリッジ。入手が難しいので、高価で取り引きされているらしい,購買に売れる,10,0,0,0
30031,etc_cs030031,鉄パイプ,鉄製のパイプ。かなり重たい,購買に売れる,10,0,0,0
30032,etc_cs030032,ばんそうこう,小さな傷に貼る、応急処置の道具,購買に売れる,7,0,0,0
30033,etc_cs030033,赤い薬,どんな傷にもよく効くというウワサのある、赤い薬だ。その成分は誰も知らない,購買に売れる,7,0,0,0
30034,etc_cs030034,キセル,セレブっぽくタバコを吸える道具,購買に高く売れる,7,0,0,0
30035,etc_cs030035,ミネラルウォーター,体に必要なミネラルがたっぷり入ったきれいな水,購買に売れる,8,0,0,0
30036,etc_cs030036,ウォーターゼリー,透明なゼリー。味は無い,購買に売れる,8,0,0,0
30037,etc_cs030037,カタツムリの肉,どこかの国では料理して食べるらしい、カタツムリの肉。水気が多い,購買に売れる,8,0,0,0
30038,etc_cs030038,鈴,動く度にチリンチリンと音がする、小さな鈴,購買に高く売れる,7,0,0,0
30039,etc_cs030039,肉,正体不明の肉。たぶん食べても大丈夫,購買に売れる,11,0,0,0
30040,etc_cs030040,ワニ革,高級皮革製品の材料として使われるらしい,購買に売れる,11,0,0,0
30041,etc_cs030041,キャッツアイ,猫目模様の宝石。宝石の中ではあまり高い方ではないが、愛好家がいるため比較的高価で取り引きされるらしい,購買に売れる,10,0,0,0
30042,etc_cs030042,木の食器,あちこちに傷が付いた古い食器。小銭を恵んでもらいたい時に便利,購買に売れる,7,0,0,0
30043,etc_cs030043,麦藁帽,わらを編んで作った帽子。風情があるが、サイズが小さくて生徒は被れない,購買に売れる,7,0,0,0
30044,etc_cs030044,寝袋,アウトドア派の必須アイテム。これさえあればどこでも眠れるという,購買に売れる,7,0,0,0
30045,etc_cs030045,知識の泉の水,名前とは異なり、キラキラしたパウダーの一種。人々の思考が実体化したものだといわれている,購買に売れる,10,0,0,0
30046,etc_cs030046,星のかけら,美しくきらめく結晶だ。知識の泉の水が結晶化したものだといわれている,購買に売れる,10,0,0,0
30047,etc_cs030047,羊毛,保温性に優れた羊の毛。布の材料に使われたりする,購買に売れる,11,0,0,0
30048,etc_cs030048,角,立派に育った角,購買に売れる,11,0,0,0
30049,etc_cs030049,毛付きの手枷,柔らかい毛の付いた手枷。何に使う物なのかは不明,購買に高く売れる,7,0,0,0
30050,etc_cs030050,手裏剣,忍者の暗殺道具として有名な武器。刃が鋭いので取り扱いに注意！,購買に売れる,10,0,0,0
30051,etc_cs030051,鎧の破片,鉄の鎧の破片だ,購買に高く売れる,10,0,0,0
30052,etc_cs030052,アンティークの錠前,アンティーク風の飾りが付いている金属製の錠前,購買に高く売れる,10,0,0,0
30053,etc_cs030053,コウモリの羽,コウモリの羽の一部,購買に売れる,11,0,0,0
30054,etc_cs030054,羊の焼肉,羊の肉に塩と胡椒を振って、こんがり焼いたおいしい肉,購買に売れる,7,0,0,0
30055,etc_cs030055,カタツムリ・クレームブリュレ,カタツムリの肉に、牛乳や様々な調味料で味付けをして、鍋で煮詰めた栄養万点の料理,購買に売れる,7,0,0,0
30056,etc_cs030056,骨,出処不明の骨,購買に売れる,11,0,0,0
30057,etc_cs030057,頭蓋骨,人の骨か動物の骨かわからない、不気味なドクロ,購買に売れる,11,0,0,0
30058,etc_cs030058,黒板消し,黒板を消す時に使う。レイスがたまに持って行って遊ぶ,購買に売れる,7,0,0,0
30059,etc_cs030059,チョーク,黒板に字を書くための物。角度を間違えると、嫌な音がして鳥肌が立つ,購買に売れる,7,0,0,0
30060,etc_cs030060,マフラー,冬場の愛用品。フォクシーがよく使っている,購買に売れる,7,0,0,0
30061,etc_cs030061,夜光玉,闇の中できれいに輝く玉,購買に売れる,7,0,0,0
30062,etc_cs030062,狐毛,細くてツヤがある、狐の毛,購買に売れる,10,0,0,0
30063,etc_cs030063,鉛筆,勉強の必需品。スケッチにも使える,購買に売れる,9,0,0,0
30064,etc_cs030064,生徒証,どの学校の何年生なのかを証明する,購買に売れる,9,0,0,0
30065,etc_cs030065,消しゴム,間違った字や見られたくない文章を消せる,購買に売れる,9,0,0,0
30066,etc_cs030066,鏡,女生徒たちの必需品。たまに男子生徒も持っていたりする,購買に売れる,10,0,0,0
30067,etc_cs030067,石の破片,共同墓地で簡単に手に入る,購買に売れる,10,0,0,0
30068,etc_cs030068,霊石,人が死んだ場所に残される石。魂の結晶とも、死の痕跡とも呼ばれる,購買に売れる,10,0,0,0
30069,etc_cs030069,カボチャ頭,ハロウィーンが持っているカボチャ頭。これを奪うとハロウィーンは前が見えなくなって、よろよろ歩く,購買に売れる,9,0,0,0
30070,etc_cs030070,キャンドル,夜の闇を明るく照らしてくれるキャンドル。ロマンチックな夜を演出する必需品,購買に売れる,7,0,0,0
30071,etc_cs030071,仮面,モンスターが正体を隠すために使っている,購買に売れる,10,0,0,0
30072,etc_cs030072,錆びた十字架,邪悪な幽霊がよく持っている。毒が染み付いているという説もある,購買に売れる,10,0,0,0
30073,etc_cs030073,ロザリオ,ナインフォックスの首を飾っている品。実際はロザリオではなく数珠だとか、様々な説がある,購買に売れる,9,0,0,0
30074,etc_cs030074,狐火,フォクシーが灯りに使っている火。ヒトダマやナインフォックスが攻撃時に放つ炎と同じもの,購買に売れる,7,0,0,0
30075,etc_cs030075,暗黒のオーブ,メガデスの力の源といわれる宝玉。このオーブで、悪魔と契約出来るともいわれている,購買に高く売れる,11,0,0,0
30076,etc_cs030076,髪の毛,学校の床によく落ちている。エミリーを倒すとたくさん手に入る,購買に売れる,10,0,0,0
30077,etc_cs030077,卵の殻,もんたるが被っているのが、世界最大の卵の殻だ,購買に売れる,11,0,0,0
30078,etc_cs030078,目玉,食べると目が良くなるといううわさがある,購買に売れる,11,0,0,0
30079,etc_cs030079,蛙のお下げ髪,生徒たちが狐の洞窟で度胸試しをする時、証拠として持ち返ったりする、下男蛙のお下げ髪,購買に売れる,11,0,0,0
30080,etc_cs030080,モモ肉,揚げ物に最適、とってもおいしい,購買に売れる,11,0,0,0
30081,etc_cs030081,下駄,慣れてないと歩きにくいが、夏は浴衣と下駄で過ごすのが「粋」なスタイル,購買に売れる,9,0,0,0
30082,etc_cs030082,福袋,「福」と書かれた袋。お正月セールの時によく売られる,購買に売れる,7,0,0,0
30083,etc_cs030083,かめ,梅干やみそを入れるかめ,購買に売れる,7,0,0,0
30084,etc_cs030084,綿あめ,おいしい綿あめ。デンプが乗っている雲は、実は綿あめだという説がある,購買に売れる,7,0,0,0
30086,etc_cs030086,とっくり,金大鑑が持っている、お酒の入れ物,購買に売れる,11,0,0,0
30087,etc_cs030087,絹,きめの細かい絹。高級な衣類に使われる,購買に売れる,7,0,0,0
30088,etc_cs030088,真珠,女性のジュエリーによく使われる宝石。女生徒に告白する時、最高のプレゼントの一つ,購買に売れる,11,0,0,0
30089,etc_cs030089,電球,キャンドルよりも明るい光を出す。でも電気が必要,購買に売れる,7,0,0,0
30090,etc_cs030090,封印の鎖,千年狐を封印する時にも使われたという、封印の鎖。好きな異性を封印してしまうことも出来るという……,購買に売れる,10,0,0,0
30091,etc_cs030091,御札,様々な用途に使われる御札。たまに暗田が偽物の御札を売ったりするからご用心！,購買に売れる,7,0,0,0
30092,etc_cs030092,金大艦の帽子,金大鑑が被っている帽子。これを被って変装すれば、モンスターに攻撃されなくなるかも？,購買に売れる,11,0,0,0
30093,etc_cs030093,純粋な星のかけら,知識の泉の水が結晶化したものだといわれている、キラキラと輝く結晶。純度が高いほど、価値も高くなる,購買に売れる,10,0,0,0
30094,etc_cs030094,楽譜,ファントムを呼び出すオペラの楽譜,購買に売れる,9,0,0,0
30095,etc_cs030095,「オズの魔法使い」の表紙,「オズの魔法使い」の本の表紙,購買に売れる,9,0,0,0
30096,etc_cs030096,殺人事件報告書,温室で発生した殺人事件について調査した報告書,購買に売れる,9,0,0,0
30097,etc_cs030097,生徒会ボランティア証,エスティバー生徒会（スーチョン）を助けると配られるボランティア証。献血証に似ているが、使い道はない,購買に売れる,9,0,0,0
30098,etc_cs030098,強さの証,力こぶの形の小さな像,購買に売れる,10,0,0,0
30099,etc_cs030099,爆竹 (赤),お祝いの時使う、赤い爆竹,0,7,0,1,0
30100,etc_cs030100,爆竹 (オレンジ色),お祝いの時使う、オレンジ色の爆竹,0,7,0,1,0
30101,etc_cs030101,爆竹 (黄色),お祝いの時使う、黄色の爆竹,0,7,0,1,0
30102,etc_cs030102,爆竹 (緑),お祝いの時使う、緑色の爆竹,0,7,0,1,0
30103,etc_cs030103,爆竹 (青),お祝いの時使う、青い爆竹,0,7,0,1,0
30104,etc_cs030104,爆竹 (藍色),お祝いの時使う、藍色の爆竹,0,7,0,1,0
30105,etc_cs030105,爆竹 (紫),お祝いの時使う、紫色の爆竹,0,7,0,1,0
30106,etc_cs030106,ラッチューの触角,モンスター・ラッチューの頭に付いている触角,購買に売れる,10,0,0,0
30107,etc_cs030107,ラッチューの毛皮,モンスター・ラッチューの皮,購買に売れる,10,0,0,0
30108,etc_cs030108,タバコ,タバコ。健康を損なうので、善良な生徒は手を出してはいけない,購買に売れる,7,0,0,0
30109,etc_cs030109,堅い木片,植物の堅い茎。トゲと同じく、幹の一部分が堅く変化したもの,購買に売れる,10,0,0,0
30110,etc_cs030110,鋼鉄の狐火,鋼鉄で作られたランプ。フォクシーの頭上にあるものと似ていて、狐火を灯しておくことが出来る,購買に売れる,10,0,0,0
30111,etc_cs030111,包丁,テディの背中に刺さっていた包丁。刃がなまくらで料理には使えないが、迫力がある,購買に売れる,10,0,0,0
30112,etc_cs030112,鋼鉄のトゲ,植物のトゲの一部が非常に固くなったもので、鋼鉄並に固いため「鋼鉄のトゲ」と呼ばれる,購買に売れる,10,0,0,0
30113,etc_cs030113,鉄の食器,鉄で作られた食器。誰の物かはわからない,購買に売れる,10,0,0,0
30114,etc_cs030114,木の骨,木で精巧に作られた骨。しかし彫刻としての価値はなさそうだ,購買に売れる,9,0,0,0
30115,etc_cs030115,木の頭蓋骨,木で精巧に作られた頭蓋骨。ぞっとするほどよく出来ている,購買に売れる,9,0,0,0
30116,etc_cs030116,球体関節,人形の可動性を飛躍的に上昇させるボールジョイント,購買に売れる,9,0,0,0
30117,etc_cs030117,人形の破片,木で出来た人形を倒した時に得られる破片。小さいが、異様な感じがする,購買に売れる,9,0,0,0
30118,etc_cs030118,刃の尾,鋭い鎌の形をしたしっぽ。見た目通り非常に鋭く、不用意に振り回すと切り傷を負う。武器の代わりとして使えるほどなので、絶対気を付けること！,購買に売れる,11,0,0,0
30119,etc_cs030119,不幸の手紙,「この手紙を受け取った人は、これと全く同じ文面の手紙を７人に送らなければなりません。そうしないと呪われます……」と書かれている,購買に売れる,7,0,0,0
30120,etc_cs030120,笠,つばが広い、伝統的な帽子の一種。日の光を避けたり、雨をしのぐ時に便利,購買に売れる,9,0,0,0
30121,etc_cs030121,鉄釘,鉄で作られた太いくぎ。一般的には、壁に何かを固定させるために使用される。一般的でない使用法は……,購買に売れる,10,0,0,0
30122,etc_cs030122,手枷,相手を拘束するための道具。時には誤った使い方をされる場合も……,購買に売れる,7,0,0,0
30123,etc_cs030123,糸巻き,太い糸が巻きつけられた糸巻き。糸がしっちゃかめっちゃかにこんがらがらない様にするための道具。,購買に売れる,9,0,0,0
30124,etc_cs030124,薬ビン,薬品が入った小さなビン。紫外線による内容物の変質を防ぐため、茶色のガラスで作られている,購買に売れる,11,0,0,0
30125,etc_cs030125,エクトプラズム,タバコの煙みたいな物が、ねっとりと集まっている流動体。時々、具体的な形を映したりする。心霊現象によって発生する物体,購買に売れる,8,0,0,0
30126,etc_cs030126,呼び子,白い色の、ごく普通の形の呼び子。首にぶらさげ、ピィーッと吹くと誰か（？）が現われるかも,購買に売れる,7,0,0,0
30127,etc_cs030127,派手な皮,まだらの柄がある毛皮。何の毛皮かはわからないが、派手な柄で女性に好まれる,購買に売れる,11,0,0,0
30128,club_0001,友情の石 (開設),同好会開設用アイテム,同好会開設,10,0,0,0
30129,club_0002,友情の石 (ＬｖＵＰ),同好会レベルアップ用アイテム,同好会レベルアップ,10,0,0,0
30130,club_0003,友情の石 (マーク変更),同好会マーク変更用アイテム,同好会マーク変更,10,0,0,0
30131,club_0004,友情の石 (名前変更),同好会名変更用アイテム,同好会名変更,10,0,0,0
30132,etc_cs030132,パペット御札,ホギーパペットに付いていた御札。暗田の作る御札とは、模様の感じが違う,購買に売れる,9,0,0,0
30133,etc_cs030133,鉄製の関節,ホギーパペットの関節。とても頑丈そうだ,購買に売れる,10,0,0,0
30134,etc_cs030134,魂の袋,パペットマスターが持っていた袋。自分の「作品」に込めるために集めた魂を入れるのに使っていた,購買に高く売れる,9,0,0,0
30135,etc_cs030135,呪いの御札,パペットマスターが持っていた呪いの御札。人形を操る時に使う,購買に売れる,9,0,0,0
30136,etc_cs030136,守衛腕章,守衛としての権威の象徴,購買に売れる,7,0,0,0
30137,etc_cs030137,風の玉,風の力が込められた玉。カマイタチが瞬間移動する力の源だと言われている,購買に売れる,11,0,0,0
30138,etc_cs030138,かんしゃく玉,悪ガキ達がいたずらに使う、かんしゃく玉。投げつけると衝撃で破裂する。人を狙うのは禁止！,購買に売れる,7,0,0,0
30139,etc_cs030139,硫黄,火薬の材料になる硫黄の塊。元素記号はＳ、原子番号は16、原子量は32,購買に売れる,7,0,0,0
30140,etc_cs030140,鎖,プリズナーを拘束していた鎖。すごく重そう,購買に売れる,10,0,0,0
30141,etc_cs030141,塩,ざるかぶりがあちこちから集めておいた塩。ミネラル分も豊富に含まれている,購買に売れる,8,0,0,0
30142,etc_cs030142,ざる,ざるかぶりが頭に被っていた笊（ざる）。穀物を脱穀して、実と籾殻に分けるのにも使えるが、たぶんそうやって使う日は来ない,購買に売れる,8,0,0,0
30143,etc_cs030143,三枚肉,バラ肉。肉と脂肪が層を成しているので三枚肉と呼ばれる。煮てよし焼いてよし、とてもおいしい,購買に売れる,11,0,0,0
30144,etc_cs030144,ソーセージ,ピギーの肉で作られたソーセージ。とてもおいしそうだが、製造過程は考えないようにしよう,購買に売れる,11,0,0,0
30145,etc_cs030145,トホホの角,トホホの頭から生えていた角。特に使い道はない,購買に売れる,8,0,0,0
30146,etc_cs030146,トホホの舌,トホホの長い舌。気色悪い色と模様をしている,購買に売れる,8,0,0,0
30147,etc_cs030147,サイレン,パトロボに付いていた、やかましい音を出すサイレン。まだ使えそうだが、これでいたずらすると本物の警察に怒られるかもしれない,購買に売れる,7,0,0,0
30148,etc_cs030148,規律指針書,パトロボの行動指針が書かれた本。生徒取り締まり要領、交通整理要領、犯人逮捕要領などが書かれている,購買に売れる,9,0,0,0
30149,etc_cs030149,包帯,いいかげんに巻かれた包帯。汚れていて、使う気にはなれない,購買に売れる,7,0,0,0
30150,etc_cs030150,グレゴリーの心臓,ハート型の、アンティーク風な機械飾り。取り外されてもカチカチと刻み続けている,購買に売れる,10,0,0,0
30151,etc_cs030151,アンティーク制御装置,アンティークのコントロール装置。何をどうコントロールするかは不明,購買に売れる,11,0,0,0
30152,etc_cs030152,アンティークの玉,球形のアンティーク。アンティークと気付かなかったら、キャッチボールに使ってたかもしれない,購買に売れる,11,0,0,0
30153,etc_cs030153,アンティークのネジ,星型のネジ頭が独特な、アンティークのネジ。一般的な機械には使われず、アンティークにだけ用いられている,購買に売れる,11,0,0,0
30154,etc_cs030154,古い楽譜,古くボロボロになった楽譜。譜面も汚れていて、何の曲が書かれているのかわからない,購買に売れる,9,0,0,0
30155,etc_cs030155,オルゴールボックス,中身がない、オルゴールの外箱。箱だけだけど、キレイなのでインテリアに良さそう,購買に売れる,9,0,0,0
30156,etc_cs030156,時計の針,時、分、秒を示す時計の針。意外と鋭いので、指を突かないように注意,購買に売れる,10,0,0,0
30157,etc_cs030157,いちごゼリー,おいしそうなゼリー。ピンク色なので、たぶんいちご味。食べてみる？,購買に売れる,8,0,0,0
30158,etc_cs030158,いちごジュース,きれいなピンク色をした、いちご味のジュース。成分は不明,購買に売れる,8,0,0,0
30159,etc_cs030159,騎士の紋章,誇り高い騎士の紋章。かっこいいのでファッションアイテムとして身に着けてもよさそう,購買に売れる,10,0,0,0
30160,etc_cs030160,砕けた槍,クズ鉄にしかならない、バラバラに砕けた槍の破片。修理しても武器として使えるかは微妙,購買に売れる,10,0,0,0
30161,etc_cs030161,毒手裏剣,忍者の暗殺道具として有名な武器に、毒を塗りつけて殺傷力を高めたもの。ほんのかすり傷でも命に関わるので、投げる方も命がけだ,購買に売れる,10,0,0,0
30162,etc_cs030162,忍者の面,忍者が被っていた仮面。残念ながらサイズが合わず、被ることは出来ない,購買に売れる,10,0,0,0
30163,etc_cs030163,布団,気持ちよく眠れそうな、ふわふわで暖かい綿布団,購買に売れる,11,0,0,0
30164,etc_cs030164,亀の甲羅,亀の背中を守る、頑丈な皮。昔はこれを火で燃やして、ヒビの入り方で吉凶を占っていた,購買に売れる,11,0,0,0
30165,etc_cs030165,車輪,頑丈そうな、赤い色の車輪。まだ充分使えそうに見える,購買に売れる,7,0,0,0
30166,etc_cs030166,闇の松明,狐火と同じ、青い炎の松明。熱くはないが、代わりにすごい妖気を発していて、触れるのはためらわれる,購買に売れる,7,0,0,0
30167,etc_cs030167,クモの足,黒後家蜘蛛の折れた足。戦利品ではあるが気持ち悪い,購買に売れる,9,0,0,0
30168,etc_cs030168,クモの巣,クモが住んでいる場所に必ずある、糸を編んで作られた網。同じ太さの鉄線の５倍の強度を持つというクモの糸だが、集めたら何かの材料に出来るだろうか？,購買に売れる,9,0,0,0
30169,etc_cs030169,地球儀,生徒たちのロマンと好奇心を駆り立てる、素晴らしい教材。悪の組織の首領が、ぐるぐる回して悦に入ることもある,購買に売れる,9,0,0,0
30170,etc_cs030170,プラスチックの破片,何かのプラスチック製品が壊れた破片。何かの模様が描かれていたようだが、確かめるには地道な組立作業が必要だ,購買に売れる,9,0,0,0
30171,etc_cs030171,昔のマンガ,遠い昔にはやっていたらしい、古いマンガの本。ページもすっかり黄色くなっている。ギャグのセンスも古くてついていけない,購買に売れる,9,0,0,0
30172,etc_cs030172,赤いはちまき,イスファイターの頭（？）に巻かれていた、情熱と闘魂の赤い色のはちまき,購買に売れる,7,0,0,0
30173,etc_cs030173,ヌンチャク,イスファイターが使っていた武器。かなり上達しないと、敵じゃなくて自分の頭が痛くなる,購買に売れる,7,0,0,0
30174,etc_cs030174,浮遊組織,次元魚が空を飛ぶ力の源らしい。これを利用すれば空を飛べるかもしれないが、成功例はない,購買に売れる,8,0,0,0
30175,etc_cs030175,魚の骨,きれいに肉がはぎ取られた魚の骨。猫にあげたら喜ばれそうだ,購買に売れる,8,0,0,0
30176,etc_cs030176,黒インク,普通の市販品と違って、あやしい雰囲気が漂っている。これで不幸の手紙を書いたら効果抜群かもしれない,購買に売れる,8,0,0,0
30177,etc_cs030177,影の破片,実際に触れることが出来る影。シャドービーストの体の一部らしい,購買に売れる,8,0,0,0
30178,etc_cs030178,破れた雑巾,汚くて触るのもためらわれるボロボロの雑巾。これで掃除したら余計に汚れそうだ,購買に売れる,9,0,0,0
30179,etc_cs030179,折れた木の棒,折れたモップの柄の部分。武器にはなりそうもない,購買に売れる,9,0,0,0
30180,etc_cs030180,赤いはしご,赤い塗装をされたはしご。非常時に使えそうなイメージだが、実用性はなさそうだ,購買に売れる,7,0,0,0
30181,etc_cs030181,非常灯の電球,電気がないと点かないので、非常時に役に立つかは微妙,購買に売れる,7,0,0,0
30182,etc_cs030182,月のかけら,三日月形をした黄色い破片,購買に売れる,8,0,0,0
30183,etc_cs030183,クィラの足の爪,クィラの足の指から生えた、鋭い爪。注意して扱わないとケガをしそう,購買に売れる,10,0,0,0
30184,etc_cs030184,クリスタル,キラキラ輝く水晶の破片。宝石の一種で、割と高価で売れる,購買に売れる,10,0,0,0
30185,etc_cs030185,宇宙食,宇宙人の軍隊用の食料。地球人には想像も出来ない味がする,購買に売れる,8,0,0,0
30186,etc_cs030186,光線銃,どうみてもおもちゃに見えるけど、ちゃんと光線が発射される、昔のＳＦチックな武器,購買に売れる,8,0,0,0
30187,etc_cs030187,サングラス,PTAのおばさんが着用しているサングラス。安物らしいけど、かけてると威圧感が増大する,購買に売れる,7,0,0,0
30188,etc_cs030188,PTAネクタイ,PTAの制服用ネクタイ。よく見ると安物っぽい,購買に売れる,7,0,0,0
30189,etc_cs030189,ヘアカーラー,おばさん達が素敵なウェーブヘアを維持するための必須アイテム,購買に売れる,7,0,0,0
30190,etc_cs030190,金の指輪,特におばさん達に大人気の、金ピカの指輪,購買に売れる,7,0,0,0
30191,etc_cs030191,烈火の羽,炎のように鮮やかな赤い色の羽毛,購買に売れる,7,0,0,0
30192,etc_cs030192,赤い玉,神秘的に輝く赤い色の玉。アクセサリーに使えそう,購買に売れる,7,0,0,0
30193,etc_cs030193,パイナップル,みんな大好きな熱帯の果物。ケーキとかデザート以外にも、ピザのトッピングに使われたりもする,購買に売れる,7,0,0,0
30194,etc_cs030194,空の酒ビン,中身は空。善良な生徒じゃなくても、お酒は大人になってから！,購買に売れる,7,0,0,0
30195,etc_cs030195,燃え残った紙切れ,完全には燃えなかった紙切れ。残った部分に何か書いてあるみたいだが、重要な部分は焼け落ちてしまっている,購買に売れる,7,0,0,0
30196,etc_cs030196,紙片,何も書かれていない白い紙,購買に売れる,7,0,0,0
30197,etc_cs030197,赤い紙,赤いトイレットペーパー,購買に売れる,7,0,0,0
30198,etc_cs030198,青い紙,青いトイレットペーパー,購買に売れる,7,0,0,0
30199,etc_cs030199,黒い綿あめ,黒い色の綿あめ。綿あめというよりはほこりの塊みたいで、食欲をそそらない,購買に売れる,7,0,0,0
30200,etc_cs030200,ほこりの塊,白いほこりが集まって出来た塊。長い間掃除してない場所によくある,購買に売れる,7,0,0,0
30201,etc_cs030201,ニワトリの足,成長期の生徒たちにピッタリの、高タンパク栄養食。おいしく、食べやすく、大人気！,購買に売れる,7,0,0,0
30202,etc_cs030202,卵,高タンパクの完全食品。料理法も非常に多彩。ただし、食べ過ぎるのはよくないという説もある,購買に売れる,7,0,0,0
30203,etc_cs030203,堅い歯,ロージーの堅い歯。ロージーの歯はサメと同様、抜けてもすぐ次が生えてくるそうだ,購買に売れる,7,0,0,0
30204,etc_cs030204,花のかたまり,ロージーが野の花を集めて、心を込めて作った花束…のようなもの。見た目はともかく、心意気だけは汲んであげよう,購買に売れる,7,0,0,0
30205,etc_cs030205,宵月学院生徒証,宵月学院の生徒であることを証明する。生徒証の写真と実物が違っても気にしないように,購買に売れる,7,0,0,0
30206,etc_cs030206,エッチな本,男子生徒たちの間で密かに流通しているエッチな本。健全で善良な生徒は持つべきでない品,購買に売れる,7,0,0,0
30207,etc_cs030207,宵月学院生徒手帳,宵月学院で生徒たちに支給する生徒手帳。校則がぎっしり書かれているが、わざわざ読むヒマな生徒は少ない,購買に売れる,7,0,0,0
30208,etc_cs030208,生徒会長マル秘写真集,女生徒の間で秘密裏に流通している、宵月学院生徒会長・ルーベン＝シェパードの写真集。全部盗撮写真のはずなんだけど、なぜかどれもこれもカメラ目線,購買に売れる,7,0,0,0
30209,etc_cs030209,漢の勲章,ステファノの訓練をやり遂げた者に与えられる、真の男たちの勲章。しかし女生徒には人気がなく、持っててもモテない,購買に売れる,7,0,0,0
30210,etc_cs030210,昔の宵月学院生徒証,昔のデザインの宵月学院生徒証。モノクロ写真と、色あせた紙が歳月の重みを語っている,購買に売れる,7,0,0,0
30211,etc_cs030211,古びた色鉛筆,使い古された色鉛筆。既に無くなった製造元の印章が刻まれている,購買に売れる,7,0,0,0
30212,etc_cs030212,ボロボロの上履き,もう誰にも履かれない古い上履き。元々白かったかどうかも怪しいくらいに真っ黒に汚れていて、いやなニオイがする,購買に売れる,9,0,0,0
30213,etc_cs030213,古い参考書,現在の学習指導要領とは合わない、昔の参考書。黄色く古びたページは落書きだらけで、持ち主の学習意欲の程がうかがえる,購買に売れる,9,0,0,0
30214,etc_cs030214,木製関節,木で出来た人形の関節。もろくなっていて、材料として再利用するのは無理っぽい,購買に売れる,9,0,0,0
30215,etc_cs030215,きびがら,とうもろこしの茎。これを材料として作られた民芸品を「きびがら細工」という,購買に売れる,9,0,0,0
30216,etc_cs030216,エスティバー乗車券,エスティバーから他の学校に行くバスに乗るための乗車券,バスに乗れる,9,0,0,0
30217,etc_cs030217,宵月乗車券,宵月学院から他の学校に行くバスに乗るための乗車券,バスに乗れる,9,0,0,0
30218,etc_cs030218,共通乗車券,他の学校に行くバスに乗るための乗車券,バスに乗れる,9,0,0,0
30219,etc_cs030207,某会員の手帳,何かの団体のメンバーが持っていそうな手帳。落とし物らしい,購買に売れる,8,0,0,0
30220,etc_cs030209,某幹部の勲章,何かの団体の幹部の必需品っぽい勲章。落し物らしい,購買に高く売れる,8,0,0,0
30221,qe000010,太い針,縫い物で使う、太い針,購買に高く売れる,7,0,0,0
30222,qe000011,太い糸巻,縫い物用の太い糸を巻きつけた糸巻き,購買に高く売れる,9,0,0,0
30223,qe000012,ヘリアンウメの実,ウッドヘリアンの頭によく似た梅の実。そのため、ヘリアンウメの実と呼ばれている,購買に高く売れる,11,0,0,0
39001,etc_cs039001,ヨ,「ヨ」「ー」「グ」「ル」「！」の５色のカラーボールを集めて、ランダムボックスと交換しよう！,合言葉,7,0,0,0
39002,etc_cs039002,ー,「ヨ」「ー」「グ」「ル」「！」の５色のカラーボールを集めて、ランダムボックスと交換しよう！,合言葉,8,0,0,0
39003,etc_cs039003,グ,「ヨ」「ー」「グ」「ル」「！」の５色のカラーボールを集めて、ランダムボックスと交換しよう！,合言葉,9,0,0,0
39004,etc_cs039004,ル,「ヨ」「ー」「グ」「ル」「！」の５色のカラーボールを集めて、ランダムボックスと交換しよう！,合言葉,10,0,0,0
39005,etc_cs039005,！,「ヨ」「ー」「グ」「ル」「！」の５色のカラーボールを集めて、ランダムボックスと交換しよう！,合言葉,11,0,0,0
39006,etc_cs039006,NDS クーポン,このクーポンをたくさん集めた人は、順位に応じて賞品をもらえる,韓国でそういうイベントがありました,9,0,0,0
39007,etc_cs039007,センター試験問題用紙,謎の異世界から飛来したという謎の文書。アンナに10枚渡すとランダムボックスがもらえる,韓国でそういうイベントがありました,7,0,0,0
39008,etc_cs039008,赤い靴下,クリスマスプレゼントを入れるための靴下<br>(イベントは終了しました。2007年1月18日に消滅します),プレゼントと交換できる,7,1,0,0
39009,etc_cs039009,バレンタインリング,学校を祝福しに来た聖バレンタインの落し物？　校庭にいるアンナかナナに渡そう！,プレゼントと交換できる,10,0,0,0
39999,etc_cs039999,カボチャの種,カボチャの種を剥くと、友達をすぐに呼び寄せられる,友達の呼び出しが出来る,10,0,0,0
39010,etc_cs039010,必,「必」「勝」「日」「本」の4つを集めて、校庭にいるアンナに渡そう！<br>（注：2006年7月13日に交換不可能になり、7月20日に消滅します）,プレゼントと交換できる,7,0,0,0
39011,etc_cs039011,勝,「必」「勝」「日」「本」の4つを集めて、校庭にいるアンナに渡そう！<br>（注：2006年7月13日に交換不可能になり、7月20日に消滅します）,プレゼントと交換できる,8,0,0,0
39012,etc_cs039012,日,「必」「勝」「日」「本」の4つを集めて、校庭にいるアンナに渡そう！<br>（注：2006年7月13日に交換不可能になり、7月20日に消滅します）,プレゼントと交換できる,9,0,0,0
39013,etc_cs039013,本,「必」「勝」「日」「本」の4つを集めて、校庭にいるアンナに渡そう！<br>（注：2006年7月13日に交換不可能になり、7月20日に消滅します）,プレゼントと交換できる,10,0,0,0
39014,club_0004,EX友情の石 (名前変更),同好会名変更用アイテム。通常版よりもいい名前を思いつく確率が高いという噂がある。,同好会名変更,10,0,0,0
39015,etc_cs039014,チョキ,アンナとナナとのジャンケン勝負が出来る。<br>勝っても負けてもプレゼントをもらえるらしい？,ジャンケンでチョキを出せる,9,0,0,0
39016,etc_cs039015,グー,アンナとナナとのジャンケン勝負が出来る。<br>勝っても負けてもプレゼントをもらえるらしい？,ジャンケンでグーを出せる,9,0,0,0
39017,etc_cs039016,パー,アンナとナナとのジャンケン勝負が出来る。<br>勝っても負けてもプレゼントをもらえるらしい？,ジャンケンでパーを出せる,9,0,-2063597568,-1522014006
39019,etc_cs030001,伝統韓服引替券,アンナとナナに渡すと、伝統韓服と交換してもらえる。イベント期間を過ぎると使えなくなるので注意！,伝統韓服と交換できる,9,0,0,0
69999,etc_di069999,Secret!!!,???,???,7,4,3,0
60001,etc_di060001,Stand001,立ち姿勢1,ダンスができる,7,4,3,0
60002,etc_di060002,Basic001,落ちている物を拾うポーズ,ダンスができる,8,4,3,0
60003,etc_di060003,Basic002,左に方向修正,ダンスができる,8,4,3,0
60004,etc_di060004,Basic003,右に方向修正,ダンスができる,8,4,3,0
60005,etc_di060005,Basic004,ばったりと倒れる,ダンスができる,8,4,3,0
60006,etc_di060006,Stand002,立ち姿勢2,ダンスができる,7,4,3,0
60007,etc_di060007,Stand003,立ち姿勢3,ダンスができる,7,4,3,0
60008,etc_di060008,Act001,アクションポーズ1,ダンスができる,9,4,3,0
60009,etc_di060009,Act002,アクションポーズ2,ダンスができる,9,4,3,0
60010,etc_di060010,Act011,アクションポーズ3,ダンスができる,9,4,3,0
60011,etc_di060011,Act012,アクションポーズ4,ダンスができる,9,4,3,0
60012,etc_di060012,Act013,アクションポーズ5,ダンスができる,9,4,3,0
60013,etc_di060013,Act014,アクションポーズ6,ダンスができる,9,4,3,0
60014,etc_di060014,Act021,アクションポーズ7,ダンスができる,9,4,3,0
60015,etc_di060015,Act022,アクションポーズ8,ダンスができる,9,4,3,0
60016,etc_di060016,Act023,アクションポーズ9,ダンスができる,9,4,3,0
60017,etc_di060017,Act024,アクションポーズ10,ダンスができる,9,4,3,0
60018,etc_di060018,Stand004,立ち姿勢4,ダンスができる,7,4,3,0
60019,etc_di060019,Special001,スペシャルダンス1,ダンスができる,10,4,3,0
60020,etc_di060020,Special002,スペシャルダンス2,ダンスができる,10,4,3,0
60021,etc_di060021,Stand005,立ち姿勢5,ダンスができる,7,4,3,0
60022,etc_di060022,Act003,アクションポーズ11,ダンスができる,9,4,3,0
60023,etc_di060023,Act004,アクションポーズ12,ダンスができる,9,4,3,0
60024,etc_di060024,Basic005,左に 90度回る,ダンスができる,8,4,3,0
60025,etc_di060025,Act005,アクションポーズ13,ダンスができる,9,4,3,0
60026,etc_di060026,Special003,スペシャルダンス3,ダンスができる,10,4,3,0
60027,etc_di060027,Special004,スペシャルダンス4,ダンスができる,10,4,3,0
40001,etc_rb040001,バトルボックス[エスティバー1年],エスティバー学園 1年生用の競争エピソードで手に入るボックス。<br>中身は開けてみてのお楽しみ！,ダブルクリックで開けられる,7,0,2,0
40002,etc_rb040002,バトルボックス[エスティバー2年],エスティバー学園 2年生用の競争エピソードで手に入るボックス。<br>中身は開けてみてのお楽しみ！,ダブルクリックで開けられる,7,0,2,0
40003,etc_rb040001,武器源石ボックス[1年生用],刀源石 1年 2次 C<br>拳源石 1年 2次 C<br>音源石 1年 2次 C<br>精源石 1年 2次 C<br>の4つが入ったセット,ダブルクリックで開けられる,7,0,4,0
40004,etc_rb040002,武器源石ボックス[2年生用],刀源石 2年 1次 C<br>拳源石 2年 1次 C<br>音源石 2年 1次 C<br>精源石 2年 1次 C<br>の4つが入ったセット,ダブルクリックで開けられる,7,0,4,0
40005,etc_rb040003,武器源石ボックス[3年生用],刀源石 3年 1次 C<br>拳源石 3年 1次 C<br>音源石 3年 1次 C<br>精源石 3年 1次 C<br>の4つが入ったセット,ダブルクリックで開けられる,7,0,4,0
40006,etc_rb040004,武器源石ボックス[4年生用],刀源石 4年 1次 C<br>拳源石 4年 1次 C<br>音源石 4年 1次 C<br>精源石 4年 1次 C<br>の4つが入ったセット,ダブルクリックで開けられる,7,0,4,0
40007,etc_rb040005,武器源石ボックス[5年生用],刀源石 5年 1次 C<br>拳源石 5年 1次 C<br>音源石 5年 1次 C<br>精源石 5年 1次 C<br>の4つが入ったセット,ダブルクリックで開けられる,7,0,4,0
40008,etc_rb040008,バトルボックス[エスティバー3年],エスティバー学園 3年生用の競争エピソードで手に入るボックス。<br>中身は開けてみてのお楽しみ！,ダブルクリックで開けられる,7,0,2,0
40009,etc_rb040009,春爛漫ボックス[5年生用],わくわくドキドキ、何が出るかな？<br>中身は開けてみてのお楽しみ！,ダブルクリックで開けられる,7,0,2,0
40010,etc_rb040010,ランダムボックス,わくわくドキドキ、何が出るかな？<br>中身は開けてみてのお楽しみ！,ダブルクリックで開けられる,7,0,2,0
40011,etc_rb040011,ランダムボックス,わくわくドキドキ、何が出るかな？<br>中身は開けてみてのお楽しみ！,ダブルクリックで開けられる,7,0,2,0
40012,etc_rb040012,バトルボックス[宵月2年],宵月学院 2年生用の競争エピソードで手に入るボックス。<br>中身は開けてみてのお楽しみ！,ダブルクリックで開けられる,7,0,2,0
40013,etc_rb040013,ランダムボックス,わくわくドキドキ、何が出るかな？<br>中身は開けてみてのお楽しみ！,ダブルクリックで開けられる,7,0,2,0
40014,etc_rb040014,ランダムボックス,わくわくドキドキ、何が出るかな？<br>中身は開けてみてのお楽しみ！,ダブルクリックで開けられる,7,0,2,0
40015,etc_rb040015,ランダムボックス,わくわくドキドキ、何が出るかな？<br>中身は開けてみてのお楽しみ！,ダブルクリックで開けられる,7,0,2,0
40016,etc_rb040016,バトルボックス[宵月1年],宵月学院 1年生用の競争エピソードで手に入るボックス。<br>中身は開けてみてのお楽しみ！,ダブルクリックで開けられる,7,0,2,0
40017,etc_rb040017,ランダムボックス,わくわくドキドキ、何が出るかな？<br>中身は開けてみてのお楽しみ！,ダブルクリックで開けられる,7,0,2,0
40018,etc_rb040018,バトルボックス[宵月3年],宵月学院 3年生用の競争エピソードで手に入るボックス。<br>中身は開けてみてのお楽しみ！,ダブルクリックで開けられる,7,0,2,0
40019,etc_rb040019,ランダムボックス,わくわくドキドキ、何が出るかな？<br>中身は開けてみてのお楽しみ！,ダブルクリックで開けられる,7,0,2,0
40020,etc_rb040020,ランダムボックス,わくわくドキドキ、何が出るかな？<br>中身は開けてみてのお楽しみ！,ダブルクリックで開けられる,7,0,2,0
40021,etc_rb040021,ランダムボックス[1年生用],1年生用のエピソードクリア時に手に入るボックス。<br>中身は開けてみてのお楽しみ！,ダブルクリックで開けられる,7,0,2,0
40022,etc_rb040022,ランダムボックス[2年生用],2年生用のエピソードクリア時に手に入るボックス。<br>中身は開けてみてのお楽しみ！,ダブルクリックで開けられる,7,0,2,0
40023,etc_rb040023,ランダムボックス[3年生用],3年生用のエピソードクリア時に手に入るボックス。<br>中身は開けてみてのお楽しみ！,ダブルクリックで開けられる,7,0,2,0
40024,etc_rb040024,ランダムボックス[4年生用],4年生用のエピソードクリア時に手に入るボックス。<br>中身は開けてみてのお楽しみ！,ダブルクリックで開けられる,7,0,2,0
40025,etc_rb040025,ランダムボックス[5年生用],5年生用のエピソードクリア時に手に入るボックス。<br>中身は開けてみてのお楽しみ！,ダブルクリックで開けられる,7,0,2,0
40026,etc_rb040001,制服源石ボックス[1年生用],胸衣源石 1年 2次 C<br>腰衣源石 1年 2次 C<br>胴衣源石 1年 2次 C<br>走源石 1年 2次 C<br>の4つが入ったセット,ダブルクリックで開けられる,7,0,4,0
40027,etc_rb040002,制服源石ボックス[2年生用],胸衣源石 2年 1次 C<br>腰衣源石 2年 1次 C<br>胴衣源石 2年 1次 C<br>走源石 2年 1次 C<br>の4つが入ったセット,ダブルクリックで開けられる,7,0,4,0
40028,etc_rb040003,制服源石ボックス[3年生用],胸衣源石 3年 1次 C<br>腰衣源石 3年 1次 C<br>胴衣源石 3年 1次 C<br>走源石 3年 1次 C<br>の4つが入ったセット,ダブルクリックで開けられる,7,0,4,0
40029,etc_rb040004,制服源石ボックス[4年生用],胸衣源石 4年 1次 C<br>腰衣源石 4年 1次 C<br>胴衣源石 4年 1次 C<br>走源石 4年 1次 C<br>の4つが入ったセット,ダブルクリックで開けられる,7,0,4,0
40030,etc_rb040005,制服源石ボックス[5年生用],胸衣源石 5年 1次 C<br>腰衣源石 5年 1次 C<br>胴衣源石 5年 1次 C<br>走源石 5年 1次 C<br>の4つが入ったセット,ダブルクリックで開けられる,7,0,4,0
40031,etc_rb049041,ホワイトデーボックス[金],周囲に祝福されてるベストカップルへのプレゼント！<br>中身は開けてみてのお楽しみ！,ダブルクリックで開けられる,7,0,2,0
40032,etc_rb049041,ホワイトデーボックス[銀],気持ちの通じ合ったカップルへのプレゼント！<br>中身は開けてみてのお楽しみ！,ダブルクリックで開けられる,7,0,2,0
40033,etc_rb049041,ホワイトデーボックス[銅],ホワイトデーのプレゼント！<br>中身は開けてみてのお楽しみ！,ダブルクリックで開けられる,7,0,2,0
40034,etc_rb049041,春爛漫ボックス[新入生用],わくわくドキドキ、何が出るかな？<br>中身は開けてみてのお楽しみ！,ダブルクリックで開けられる,7,0,2,0
40035,etc_rb049041,春爛漫ボックス[1年生用],わくわくドキドキ、何が出るかな？<br>中身は開けてみてのお楽しみ！,ダブルクリックで開けられる,7,0,2,0
40036,etc_rb049041,春爛漫ボックス[2年生用],わくわくドキドキ、何が出るかな？<br>中身は開けてみてのお楽しみ！,ダブルクリックで開けられる,7,0,2,0
40037,etc_rb049041,春爛漫ボックス[3年生用],わくわくドキドキ、何が出るかな？<br>中身は開けてみてのお楽しみ！,ダブルクリックで開けられる,7,0,2,0
40038,etc_rb049041,春爛漫ボックス[4年生用],わくわくドキドキ、何が出るかな？<br>中身は開けてみてのお楽しみ！,ダブルクリックで開けられる,7,0,2,0
40039,etc_rb049041,レア武器ボックス,中にレア武器のどれかが入っている箱,ダブルクリックで開けられる,7,0,2,0
40040,etc_rb049041,意思統一戦ボックス,学校対抗意思統一戦を記念して贈られたボックス。<br>中身は開けてみてのお楽しみ！,ダブルクリックで開けられる,7,0,2,0
40101,etc_rb000001,보물상자,안에 무엇이 들어있는지 알수는 없지만 흔들어보면 뭔가 짤랑거리는 소리가 들린다,사용하면 무언가를 얻을 수 있다.,7,3,2,0
49001,etc_rb049001,ファンタボックス,ファンタの提供でお送りします,韓国イベント用,7,0,2,0
49002,etc_rb049002,ファンタボックス,ファンタの提供でお送りします,韓国イベント用,7,0,2,0
49003,etc_rb049003,ファンタボックス,ファンタの提供でお送りします,韓国イベント用,7,0,2,0
49004,etc_rb049004,ファンタボックス,ファンタの提供でお送りします,韓国イベント用,7,0,2,0
49005,etc_rb049005,ファンタボックス,ファンタの提供でお送りします,韓国イベント用,7,0,2,0
49006,etc_rb049005,ファンタボックス,ファンタの提供でお送りします,韓国イベント用,7,0,2,0
49007,etc_rb049007,ファミマボックス,ファミリーマートの提供でお送りします,韓国イベント用,7,0,2,0
49008,etc_rb049008,ファミマボックス,ファミリーマートの提供でお送りします,韓国イベント用,7,0,2,0
49009,etc_rb049009,ファミマボックス,ファミリーマートの提供でお送りします,韓国イベント用,7,0,2,0
49010,etc_rb049010,ファミマボックス,ファミリーマートの提供でお送りします,韓国イベント用,7,0,2,0
49011,etc_rb040005,ランダムボックス,わくわくドキドキ、何が出るかな？<br>中身は開けてみてのお楽しみ！,ダブルクリックで開けられる,7,0,2,0
49012,etc_rb040005,ランダムボックス,わくわくドキドキ、何が出るかな？<br>中身は開けてみてのお楽しみ！,ダブルクリックで開けられる,7,0,2,0
49013,etc_rb040005,ランダムボックス,わくわくドキドキ、何が出るかな？<br>中身は開けてみてのお楽しみ！,ダブルクリックで開けられる,7,0,2,0
49014,etc_rb040005,ランダムボックス,わくわくドキドキ、何が出るかな？<br>中身は開けてみてのお楽しみ！,ダブルクリックで開けられる,7,0,2,0
49015,etc_rb040005,ランダムボックス,わくわくドキドキ、何が出るかな？<br>中身は開けてみてのお楽しみ！,ダブルクリックで開けられる,7,0,2,0
49016,etc_rb040005,ランダムボックス,わくわくドキドキ、何が出るかな？<br>中身は開けてみてのお楽しみ！,ダブルクリックで開けられる,7,0,2,0
49017,etc_rb040005,ランダムボックス,わくわくドキドキ、何が出るかな？<br>中身は開けてみてのお楽しみ！,ダブルクリックで開けられる,7,0,2,0
49018,etc_rb040005,ランダムボックス,わくわくドキドキ、何が出るかな？<br>中身は開けてみてのお楽しみ！,ダブルクリックで開けられる,7,0,2,0
49019,etc_rb040005,ランダムボックス,わくわくドキドキ、何が出るかな？<br>中身は開けてみてのお楽しみ！,ダブルクリックで開けられる,7,0,2,0
49021,etc_rb049021,イベントボックス,アンナからのプレゼント。エスティバー男子生徒用,韓国イベント用,7,0,2,0
49022,etc_rb049021,イベントボックス,アンナからのプレゼント。エスティバー女生徒用,韓国イベント用,7,0,2,0
49023,etc_rb049021,イベントボックス,アンナからのプレゼント。宵月男子生徒用,韓国イベント用,7,0,2,0
49024,etc_rb049021,イベントボックス,アンナからのプレゼント。宵月女生徒用,韓国イベント用,7,0,2,0
49031,etc_rb049031,クリスマスプレゼント,男子生徒用のクリスマスプレゼント！<br>中身は開けてみてのお楽しみ！<br>(使用しなくても、2007年1月18日に消滅します。お早めにご使用下さい),ダブルクリックで開けられる,7,1,2,0
49032,etc_rb049031,クリスマスプレゼント,女生徒用のクリスマスプレゼント！<br>中身は開けてみてのお楽しみ！<br>(使用しなくても、2007年1月18日に消滅します。お早めにご使用下さい),ダブルクリックで開けられる,7,1,2,0
49041,etc_rb049041,祝！進級ボックス,アンナからのプレゼント。エスティバー男子生徒用,韓国イベント用,7,3,2,0
49042,etc_rb049041,祝！進級ボックス,アンナからのプレゼント。エスティバー女生徒用,韓国イベント用,7,3,2,0
49043,etc_rb049041,祝！進級ボックス,アンナからのプレゼント。宵月男子生徒用,韓国イベント用,7,3,2,0
49044,etc_rb049041,祝！進級ボックス,アンナからのプレゼント。宵月女生徒用,韓国イベント用,7,3,2,0
49051,etc_rb049051,バレンタインプレゼント・1年,1年生の男子生徒用のバレンタインプレゼント！<br>中身は開けてみてのお楽しみ！,ダブルクリックで開けられる,7,0,2,0
49052,etc_rb049051,バレンタインプレゼント・2年,2年生の男子生徒用のバレンタインプレゼント！<br>中身は開けてみてのお楽しみ！,ダブルクリックで開けられる,7,0,2,0
49053,etc_rb049051,バレンタインプレゼント・3年,3年生の男子生徒用のバレンタインプレゼント！<br>中身は開けてみてのお楽しみ！,ダブルクリックで開けられる,7,0,2,0
49054,etc_rb049051,バレンタインプレゼント・4年,4年生の男子生徒用のバレンタインプレゼント！<br>中身は開けてみてのお楽しみ！,ダブルクリックで開けられる,7,0,2,0
49055,etc_rb049051,バレンタインプレゼント・5年,5年生の男子生徒用のバレンタインプレゼント！<br>中身は開けてみてのお楽しみ！,ダブルクリックで開けられる,7,0,2,0
49056,etc_rb049051,バレンタインプレゼント・1年,1年生の女生徒用のバレンタインプレゼント！<br>中身は開けてみてのお楽しみ！,ダブルクリックで開けられる,7,0,2,0
49057,etc_rb049051,バレンタインプレゼント・2年,2年生の女生徒用のバレンタインプレゼント！<br>中身は開けてみてのお楽しみ！,ダブルクリックで開けられる,7,0,2,0
49058,etc_rb049051,バレンタインプレゼント・3年,3年生の女生徒用のバレンタインプレゼント！<br>中身は開けてみてのお楽しみ！,ダブルクリックで開けられる,7,0,2,0
49059,etc_rb049051,バレンタインプレゼント・4年,4年生の女生徒用のバレンタインプレゼント！<br>中身は開けてみてのお楽しみ！,ダブルクリックで開けられる,7,0,2,0
49060,etc_rb049051,バレンタインプレゼント・5年,5年生の女生徒用のバレンタインプレゼント！<br>中身は開けてみてのお楽しみ！,ダブルクリックで開けられる,7,0,2,0
49061,etc_rb049041,祝！進級ボックス,アンナからのプレゼント。エスティバー男子生徒用その１,韓国イベント用,7,3,2,0
49062,etc_rb049041,祝！進級ボックス,アンナからのプレゼント。エスティバー男子生徒用その２,韓国イベント用,7,3,2,0
49063,etc_rb049041,祝！進級ボックス,アンナからのプレゼント。エスティバー男子生徒用その３,韓国イベント用,7,3,2,0
49064,etc_rb049041,祝！進級ボックス,アンナからのプレゼント。エスティバー男子生徒用その４,韓国イベント用,7,3,2,0
49065,etc_rb049041,祝！進級ボックス,アンナからのプレゼント。エスティバー女生徒用その１,韓国イベント用,7,3,2,0
49066,etc_rb049041,祝！進級ボックス,アンナからのプレゼント。エスティバー女生徒用その２,韓国イベント用,7,3,2,0
49067,etc_rb049041,祝！進級ボックス,アンナからのプレゼント。エスティバー女生徒用その３,韓国イベント用,7,3,2,0
49071,etc_rb049041,祝！進級ボックス,アンナからのプレゼント。宵月男子生徒用その１,韓国イベント用,7,3,2,0
49072,etc_rb049041,祝！進級ボックス,アンナからのプレゼント。宵月男子生徒用その２,韓国イベント用,7,3,2,0
49073,etc_rb049041,祝！進級ボックス,アンナからのプレゼント。宵月男子生徒用その３,韓国イベント用,7,3,2,0
49074,etc_rb049041,祝！進級ボックス,アンナからのプレゼント。宵月男子生徒用その４,韓国イベント用,7,3,2,0
49075,etc_rb049041,祝！進級ボックス,アンナからのプレゼント。宵月女生徒用その１,韓国イベント用,7,3,2,0
49076,etc_rb049041,祝！進級ボックス,アンナからのプレゼント。宵月女生徒用その２,韓国イベント用,7,3,2,0
49077,etc_rb049041,祝！進級ボックス,アンナからのプレゼント。宵月女生徒用その３,韓国イベント用,7,3,2,0
49081,etc_rb049041,祝！進級ボックス,5年生進級のプレゼント！　エスティバー男子用ロボティックジャケットが入っている,韓国イベント用,7,3,2,0
49082,etc_rb049041,祝！進級ボックス,5年生進級のプレゼント！　エスティバー男子用ロボティックパンツが入っている,韓国イベント用,7,3,2,0
49083,etc_rb049041,祝！進級ボックス,5年生進級のプレゼント！　エスティバー男子用ロボティックブーツが入っている,韓国イベント用,7,3,2,0
49084,etc_rb049041,祝！進級ボックス,5年生進級のプレゼント！　エスティバー男子用ロボティックハンドが入っている,韓国イベント用,7,3,2,0
49085,etc_rb049041,祝！進級ボックス,5年生進級のプレゼント！　エスティバー女子用ロボティックスーツが入っている,韓国イベント用,7,3,2,0
49086,etc_rb049041,祝！進級ボックス,5年生進級のプレゼント！　エスティバー女子用ロボティックブーツが入っている,韓国イベント用,7,3,2,0
49087,etc_rb049041,祝！進級ボックス,5年生進級のプレゼント！　エスティバー女子用ロボティックハンドが入っている,韓国イベント用,7,3,2,0
49088,etc_rb049041,祝！進級ボックス,5年生進級のプレゼント！　宵月男子用スペランカーシャツが入っている,韓国イベント用,7,3,2,0
49089,etc_rb049041,祝！進級ボックス,5年生進級のプレゼント！　宵月男子用スペランカーズボンが入っている,韓国イベント用,7,3,2,0
49090,etc_rb049041,祝！進級ボックス,5年生進級のプレゼント！　宵月男子用スペランカーブーツが入っている,韓国イベント用,7,3,2,0
49091,etc_rb049041,祝！進級ボックス,5年生進級のプレゼント！　宵月男子用スペランカーグローブが入っている,韓国イベント用,7,3,2,0
49092,etc_rb049041,祝！進級ボックス,5年生進級のプレゼント！　宵月男子用スペランカーハットが入っている,韓国イベント用,7,3,2,0
49093,etc_rb049041,祝！進級ボックス,5年生進級のプレゼント！　宵月男子用スペランカーポーチが入っている,韓国イベント用,7,3,2,0
49094,etc_rb049041,祝！進級ボックス,5年生進級のプレゼント！　宵月女子用スペランカーシャツが入っている,韓国イベント用,7,3,2,0
49095,etc_rb049041,祝！進級ボックス,5年生進級のプレゼント！　宵月女子用スペランカースカートが入っている,韓国イベント用,7,3,2,0
49096,etc_rb049041,祝！進級ボックス,5年生進級のプレゼント！　宵月女子用スペランカーブーツが入っている,韓国イベント用,7,3,2,0
49097,etc_rb049041,祝！進級ボックス,5年生進級のプレゼント！　宵月女子用スペランカーグローブが入っている,韓国イベント用,7,3,2,0
49098,etc_rb049041,祝！進級ボックス,5年生進級のプレゼント！　宵月女子用スペランカーハットが入っている,韓国イベント用,7,3,2,0
49099,etc_rb049041,祝！進級ボックス,5年生進級のプレゼント！　宵月女子用スペランカーポーチが入っている,韓国イベント用,7,3,2,0
49100,etc_rb049041,祝！進級ボックス,5年生進級のプレゼント！　宵月男子用飲茶服が入っている,韓国イベント用,7,3,2,0
49101,etc_rb049041,祝！進級ボックス,5年生進級のプレゼント！　宵月男子用飲茶ズボンが入っている,韓国イベント用,7,3,2,0
49102,etc_rb049041,祝！進級ボックス,5年生進級のプレゼント！　宵月男子用飲茶帽が入っている,韓国イベント用,7,3,2,0
49103,etc_rb049041,祝！進級ボックス,5年生進級のプレゼント！　宵月男子用飲茶靴が入っている,韓国イベント用,7,3,2,0
49104,etc_rb049041,祝！進級ボックス,5年生進級のプレゼント！　宵月女子用飲茶ドレスが入っている,韓国イベント用,7,3,2,0
49105,etc_rb049041,祝！進級ボックス,5年生進級のプレゼント！　宵月女子用飲茶シニョンが入っている,韓国イベント用,7,3,2,0
49106,etc_rb049041,祝！進級ボックス,5年生進級のプレゼント！　宵月女子用飲茶靴が入っている,韓国イベント用,7,3,2,0
49107,etc_rb049041,祝！進級ボックス,5年生進級のプレゼント！　エスティバー男子用ジェントルマンスーツが入っている,韓国イベント用,7,3,2,0
49108,etc_rb049041,祝！進級ボックス,5年生進級のプレゼント！　エスティバー男子用ジェントルマンズボンが入っている,韓国イベント用,7,3,2,0
49109,etc_rb049041,祝！進級ボックス,5年生進級のプレゼント！　エスティバー男子用シルクハットが入っている,韓国イベント用,7,3,2,0
49110,etc_rb049041,祝！進級ボックス,5年生進級のプレゼント！　エスティバー男子用ジェントルマンシューズが入っている,韓国イベント用,7,3,2,0
49111,etc_rb049041,祝！進級ボックス,5年生進級のプレゼント！　エスティバー女子用マドモワゼルドレスが入っている,韓国イベント用,7,3,2,0
49112,etc_rb049041,祝！進級ボックス,5年生進級のプレゼント！　エスティバー女子用マドモワゼルハットが入っている,韓国イベント用,7,3,2,0
49113,etc_rb049041,祝！進級ボックス,5年生進級のプレゼント！　エスティバー女子用マドモワゼルシューズが入っている,韓国イベント用,7,3,2,0
49114,etc_rb049041,祝！進級ボックス,5年生進級のプレゼント！　5年生用武器が 1つ入っている,韓国イベント用,7,3,2,0
49115,etc_rb049041,祝！進級ボックス,5年生進級のプレゼント！　5年生用武器が 1つ入っている,韓国イベント用,7,3,2,0
49116,etc_rb049041,祝！進級ボックス,5年生進級のプレゼント！　5年生用武器が 1つ入っている,韓国イベント用,7,3,2,0
49117,etc_rb049041,祝！進級ボックス,5年生進級のプレゼント！　5年生用武器が 1つ入っている,韓国イベント用,7,3,2,0
49118,etc_rb040001,코믹스 선물상자,요구르팅 코믹스 출간 기념 선물!<br>에스티바의 남학생을 위한 락밴드부 상의가 담겨있다.,대원CI 코믹스 출간 기념,7,3,2,0
49119,etc_rb040001,코믹스 선물상자,요구르팅 코믹스 출간 기념 선물!<br>에스티바의 남학생을 위한 락밴드부 하의가 담겨있다.,대원CI 코믹스 출간 기념,7,3,2,0
49120,etc_rb040001,코믹스 선물상자,요구르팅 코믹스 출간 기념 선물!<br>에스티바의 남학생을 위한 락밴드부 신발이 담겨있다.,대원CI 코믹스 출간 기념,7,3,2,0
49121,etc_rb040001,코믹스 선물상자,요구르팅 코믹스 출간 기념 선물!<br>에스티바의 남학생을 위한 락밴드부 장갑이 담겨있다.,대원CI 코믹스 출간 기념,7,3,2,0
49122,etc_rb040002,코믹스 선물상자,요구르팅 코믹스 출간 기념 선물!<br>에스티바의 여학생을 위한 락밴드부 상의가 담겨있다.,대원CI 코믹스 출간 기념,7,3,2,0
49123,etc_rb040002,코믹스 선물상자,요구르팅 코믹스 출간 기념 선물!<br>에스티바의 여학생을 위한 락밴드부 하의가 담겨있다.,대원CI 코믹스 출간 기념,7,3,2,0
49124,etc_rb040002,코믹스 선물상자,요구르팅 코믹스 출간 기념 선물!<br>에스티바의 여학생을 위한 락밴드부 신발이 담겨있다.,대원CI 코믹스 출간 기념,7,3,2,0
49125,etc_rb040002,코믹스 선물상자,요구르팅 코믹스 출간 기념 선물!<br>에스티바의 여학생을 위한 락밴드부 장갑이 담겨있다.,대원CI 코믹스 출간 기념,7,3,2,0
49126,etc_rb040003,코믹스 선물상자,요구르팅 코믹스 출간 기념 선물!<br>소월학원의 남학생을 위한 밴드부 상의가 담겨있다.,대원CI 코믹스 출간 기념,7,3,2,0
49127,etc_rb040003,코믹스 선물상자,요구르팅 코믹스 출간 기념 선물!<br>소월학원의 남학생을 위한 밴드부 하의가 담겨있다.,대원CI 코믹스 출간 기념,7,3,2,0
49128,etc_rb040003,코믹스 선물상자,요구르팅 코믹스 출간 기념 선물!<br>소월학원의 남학생을 위한 밴드부 신발이 담겨있다.,대원CI 코믹스 출간 기념,7,3,2,0
49129,etc_rb040003,코믹스 선물상자,요구르팅 코믹스 출간 기념 선물!<br>소월학원의 남학생을 위한 밴드부 모자이 담겨있다.,대원CI 코믹스 출간 기념,7,3,2,0
49130,etc_rb040004,코믹스 선물상자,요구르팅 코믹스 출간 기념 선물!<br>소월학원의 여학생을 위한 밴드부 상의가 담겨있다.,대원CI 코믹스 출간 기념,7,3,2,0
49131,etc_rb040004,코믹스 선물상자,요구르팅 코믹스 출간 기념 선물!<br>소월학원의 여학생을 위한 밴드부 하의가 담겨있다.,대원CI 코믹스 출간 기념,7,3,2,0
49132,etc_rb040004,코믹스 선물상자,요구르팅 코믹스 출간 기념 선물!<br>소월학원의 여학생을 위한 밴드부 신발이 담겨있다.,대원CI 코믹스 출간 기념,7,3,2,0
49133,etc_rb040004,코믹스 선물상자,요구르팅 코믹스 출간 기념 선물!<br>소월학원의 여학생을 위한 밴드부 모자이 담겨있다.,대원CI 코믹스 출간 기념,7,3,2,0
49134,etc_rb040001,학습만화 선물상자,요구르팅 학습만화 출간 기념!<br>에스티바 학원의 남학생을 위한 로봇연구부 상의,삼성당 학습만화 출간 기념,7,3,2,0
49135,etc_rb040001,학습만화 선물상자,요구르팅 학습만화 출간 기념!<br>에스티바 학원의 남학생을 위한 로봇연구부 하의,삼성당 학습만화 출간 기념,7,3,2,0
49136,etc_rb040001,학습만화 선물상자,요구르팅 학습만화 출간 기념!<br>에스티바 학원의 남학생을 위한 로봇연구부 신발,삼성당 학습만화 출간 기념,7,3,2,0
49137,etc_rb040001,학습만화 선물상자,요구르팅 학습만화 출간 기념!<br>에스티바 학원의 남학생을 위한 로봇연구부 장갑,삼성당 학습만화 출간 기념,7,3,2,0
49138,etc_rb040002,학습만화 선물상자,요구르팅 학습만화 출간 기념!<br>에스티바 학원의 여학생을 위한 로봇연구부 원피스,삼성당 학습만화 출간 기념,7,3,2,0
49139,etc_rb040002,학습만화 선물상자,요구르팅 학습만화 출간 기념!<br>에스티바 학원의 여학생을 위한 로봇연구부 신발,삼성당 학습만화 출간 기념,7,3,2,0
49140,etc_rb040002,학습만화 선물상자,요구르팅 학습만화 출간 기념!<br>에스티바 학원의 여학생을 위한 로봇연구부 장갑,삼성당 학습만화 출간 기념,7,3,2,0
49141,etc_rb040003,학습만화 선물상자,요구르팅 학습만화 출간 기념!<br>소월학원의 남학생을 위한 고고학연구부 상의,삼성당 학습만화 출간 기념,7,3,2,0
49142,etc_rb040003,학습만화 선물상자,요구르팅 학습만화 출간 기념!<br>소월학원의 남학생을 위한 고고학연구부 하의,삼성당 학습만화 출간 기념,7,3,2,0
49143,etc_rb040003,학습만화 선물상자,요구르팅 학습만화 출간 기념!<br>소월학원의 남학생을 위한 고고학연구부 신발,삼성당 학습만화 출간 기념,7,3,2,0
49144,etc_rb040003,학습만화 선물상자,요구르팅 학습만화 출간 기념!<br>소월학원의 남학생을 위한 고고학연구부 장갑,삼성당 학습만화 출간 기념,7,3,2,0
49145,etc_rb040003,학습만화 선물상자,요구르팅 학습만화 출간 기념!<br>소월학원의 남학생을 위한 고고학연구부 모자,삼성당 학습만화 출간 기념,7,3,2,0
49146,etc_rb040003,학습만화 선물상자,요구르팅 학습만화 출간 기념!<br>소월학원의 남학생을 위한 고고학연구부 가방,삼성당 학습만화 출간 기념,7,3,2,0
49147,etc_rb040004,학습만화 선물상자,요구르팅 학습만화 출간 기념!<br>소월학원의 여학생을 위한 고고학연구부 상의,삼성당 학습만화 출간 기념,7,3,2,0
49148,etc_rb040004,학습만화 선물상자,요구르팅 학습만화 출간 기념!<br>소월학원의 여학생을 위한 고고학연구부 하의,삼성당 학습만화 출간 기념,7,3,2,0
49149,etc_rb040004,학습만화 선물상자,요구르팅 학습만화 출간 기념!<br>소월학원의 여학생을 위한 고고학연구부 신발,삼성당 학습만화 출간 기념,7,3,2,0
49150,etc_rb040004,학습만화 선물상자,요구르팅 학습만화 출간 기념!<br>소월학원의 여학생을 위한 고고학연구부 장갑,삼성당 학습만화 출간 기념,7,3,2,0
49151,etc_rb040004,학습만화 선물상자,요구르팅 학습만화 출간 기념!<br>소월학원의 여학생을 위한 고고학연구부 모자,삼성당 학습만화 출간 기념,7,3,2,0
49152,etc_rb040004,학습만화 선물상자,요구르팅 학습만화 출간 기념!<br>소월학원의 여학생을 위한 고고학연구부 가방,삼성당 학습만화 출간 기념,7,3,2,0
49153,etc_tb041001,코믹스 선물상자,요구르팅 코믹스 출간 기념 선물!<br>에스티바의 남학생을 위한 락밴드부 의상이 담겨있다.,대원CI 코믹스 출간 기념,7,3,4,0
49154,etc_tb041001,코믹스 선물상자,요구르팅 코믹스 출간 기념 선물!<br>에스티바의 여학생을 위한 락밴드부 의상이 담겨있다.,대원CI 코믹스 출간 기념,7,3,4,0
49155,etc_tb041001,코믹스 선물상자,요구르팅 코믹스 출간 기념 선물!<br>소월학원의 남학생을 위한 밴드부 의상이 담겨있다.,대원CI 코믹스 출간 기념,7,3,4,0
49156,etc_tb041001,코믹스 선물상자,요구르팅 코믹스 출간 기념 선물!<br>소월학원의 여학생을 위한 밴드부 의상이 담겨있다.,대원CI 코믹스 출간 기념,7,3,4,0
49157,etc_tb041001,학습만화 선물상자,요구르팅 학습만화 출간 기념!<br>에스티바 학원의 남학생을 위한 로봇연구부 의상이 담겨있다.,삼성당 학습만화 출간 기념,7,3,4,0
49158,etc_tb041001,학습만화 선물상자,요구르팅 학습만화 출간 기념!<br>에스티바 학원의 여학생을 위한 로봇연구부 의상이 담겨있다.,삼성당 학습만화 출간 기념,7,3,4,0
49159,etc_tb041001,학습만화 선물상자,요구르팅 학습만화 출간 기념!<br>소월학원의 남학생을 위한 고고학연구부 의상이 담겨있다.,삼성당 학습만화 출간 기념,7,3,4,0
49160,etc_tb041001,학습만화 선물상자,요구르팅 학습만화 출간 기념!<br>소월학원의 여학생을 위한 고고학연구부 의상이 담겨있다.,삼성당 학습만화 출간 기념,7,3,4,0
49161,etc_rb049041,요구르팅 1주년 선물 하나,요구르팅 오픈 1주년을 맞이하여 여러분께 드리는 선물!<br>필승 101이 101개! ,요구르팅 1주년 이벤트,7,3,2,0
49162,etc_rb049041,요구르팅 1주년 선물 둘,"요구르팅 오픈 1주년을 맞이하여 여러분께 드리는 선물!<br>필승 101, 404, 레어 무기 등이 듬뿍!",요구르팅 1주년 이벤트,7,3,2,0
49163,etc_rb049041,요구르팅 1주년 선물 셋,요구르팅 오픈 1주년을 맞이하여 여러분께 드리는 선물!<br>그 동안 못 즐겼던 요구르팅을 더욱 즐겁게!,요구르팅 1주년 이벤트,7,3,2,0
49164,etc_rb049041,サッカー応援ボックス,「必勝日本」の合言葉で手に入れたプレゼント。みんなで日本代表を応援しよう！<br>男子生徒用,ダブルクリックで開けられる,7,3,2,0
49165,etc_rb049041,サッカー応援ボックス,「必勝日本」の合言葉で手に入れたプレゼント。みんなで日本代表を応援しよう！<br>女生徒用,ダブルクリックで開けられる,7,3,2,0
49166,etc_rb049041,サッカー応援ボックス,.,ダブルクリックで開けられる,7,3,2,0
49167,etc_rb049041,サッカー応援ボックス,.,ダブルクリックで開けられる,7,3,2,0
49168,etc_rb049041,グッドブレインボックス,「抜き打ち！ブレインチェッカー！」イベントの勝者に贈られるプレゼント。<br>中身は開けてみてのお楽しみ！<br>男子生徒用,ダブルクリックで開けられる,7,0,2,0
49169,etc_rb049041,グッドブレインボックス,「抜き打ち！ブレインチェッカー！」イベントの勝者に贈られるプレゼント。<br>中身は開けてみてのお楽しみ！<br>女生徒用,ダブルクリックで開けられる,7,0,2,0
49170,etc_rb049041,文武両道ボックス,「学期末の挑戦！～目指せ文武両道!?～」イベントの勝者に贈られるプレゼント。<br>中身は開けてみてのお楽しみ！,ダブルクリックで開けられる,7,0,2,0
49171,etc_rb049041,応援贈り物セット1,대~한~민~국~<br>모두 함께 응원해 보아요~,韓国イベント用,7,3,4,0
49172,etc_rb049041,応援贈り物セット1,대~한~민~국~<br>모두 함께 응원해 보아요~,韓国イベント用,7,3,4,0
49173,etc_rb049041,同好会ボックス[丙],「みんなで同好会を作ろう！」キャンペーンのプレゼント。<br>中身は開けてみてのお楽しみ！,ダブルクリックで開けられる,7,3,2,0
49174,etc_rb049041,同好会ボックス[乙],「みんなで同好会を作ろう！」キャンペーンのプレゼント。<br>中身は開けてみてのお楽しみ！,ダブルクリックで開けられる,7,3,2,0
49175,etc_rb049041,同好会ボックス[甲],「みんなで同好会を作ろう！」キャンペーンのプレゼント。<br>中身は開けてみてのお楽しみ！,ダブルクリックで開けられる,7,3,2,0
49176,etc_tb041001,サマーレインボーボックス,男子生徒用[レインボー水着]が入っているボックス,ダブルクリックで開けられる,7,3,2,0
49177,etc_tb041001,サマーシャインボックス,女生徒用[白スクール水着]が入っているボックス,ダブルクリックで開けられる,7,3,2,0
49178,etc_tb041001,エスティバー男声コーラスボックス,エスティバー学園男子生徒用[コーラス部制服]が入っているボックス,ダブルクリックで開けられる,7,3,4,0
49179,etc_tb041001,エスティバー女声コーラスボックス,エスティバー学園女生徒用[コーラス部制服]が入っているボックス,ダブルクリックで開けられる,7,3,4,0
49180,etc_tb041001,宵月男子コーラスボックス,宵月学院男子生徒用[コーラス部制服]が入っているボックス,ダブルクリックで開けられる,7,3,4,0
49181,etc_tb041001,宵月女子コーラスボックス,宵月学院女生徒用[コーラス部制服]が入っているボックス,ダブルクリックで開けられる,7,3,4,0
49182,etc_rb049041,夏燦々ボックス[1年生用],わくわくドキドキ、何が出るかな？<br>中身は開けてみてのお楽しみ！,ダブルクリックで開けられる,7,0,2,0
49183,etc_rb049041,夏燦々ボックス[2年生用],わくわくドキドキ、何が出るかな？<br>中身は開けてみてのお楽しみ！,ダブルクリックで開けられる,7,0,2,0
49184,etc_rb049041,夏燦々ボックス[3年生用],わくわくドキドキ、何が出るかな？<br>中身は開けてみてのお楽しみ！,ダブルクリックで開けられる,7,0,2,0
49185,etc_rb049041,夏燦々ボックス[4年生用],わくわくドキドキ、何が出るかな？<br>中身は開けてみてのお楽しみ！,ダブルクリックで開けられる,7,0,2,0
49186,etc_rb049041,夏燦々ボックス[5年生用],わくわくドキドキ、何が出るかな？<br>中身は開けてみてのお楽しみ！,ダブルクリックで開けられる,7,0,2,0
49187,etc_rb049041,夏燦々ボックス,わくわくドキドキ、何が出るかな？<br>中身は開けてみてのお楽しみ！,ダブルクリックで開けられる,7,0,2,0
49188,etc_rb049041,夏コレボックス,夏をテーマにした制服一式がセットで入った箱が入ってます！　どんな服が出るか、中身は開けてみてのお楽しみ！,ダブルクリックで開けられる,7,0,2,0
49189,etc_tb041001,夏コレボックス[ダイヤのＫ],エスティバー学園　男子生徒用　ギャンブル部制服一式が入っている,ダブルクリックで開けられる,7,0,4,0
49190,etc_tb041001,夏コレボックス[爽快サマーボーイ],エスティバー学園　男子生徒用　夏服バリエーション一式が入っている,ダブルクリックで開けられる,7,0,4,0
49191,etc_tb041001,夏コレボックス[君に贈るエール],エスティバー学園　男子生徒用　応援部制服一式が入っている,ダブルクリックで開けられる,7,0,4,0
49192,etc_tb041001,夏コレボックス[アトランティスの謎],エスティバー学園　男子生徒用　水泳部ユニフォームが入っている,ダブルクリックで開けられる,7,0,4,0
49193,etc_tb041001,夏コレボックス[未知への挑戦者],エスティバー学園　男子生徒用　探検部制服一式が入っている,ダブルクリックで開けられる,7,0,4,0
49194,etc_tb041001,夏コレボックス[ハートのＱ],エスティバー学園　女生徒用　ギャンブル部制服一式が入っている,ダブルクリックで開けられる,7,0,4,0
49195,etc_tb041001,夏コレボックス[快活サマーガール],エスティバー学園　女生徒用　夏服バリエーション一式が入っている,ダブルクリックで開けられる,7,0,4,0
49196,etc_tb041001,夏コレボックス[勝利の女神],エスティバー学園　女生徒用　応援部制服一式が入っている,ダブルクリックで開けられる,7,0,4,0
49197,etc_tb041001,夏コレボックス[ニンギョヒメ],エスティバー学園　女生徒用　水泳部ユニフォームが入っている,ダブルクリックで開けられる,7,0,4,0
49198,etc_tb041001,夏コレボックス[自分だけの地図],エスティバー学園　女生徒用　探検部制服一式が入っている,ダブルクリックで開けられる,7,0,4,0
49199,etc_tb041001,夏コレボックス[刃の下に心],宵月学院　男子生徒用　忍者部制服一式が入っている,ダブルクリックで開けられる,7,0,4,0
49200,etc_tb041001,夏コレボックス[清涼宵月男児],宵月学院　男子生徒用　夏服バリエーション一式が入っている,ダブルクリックで開けられる,7,0,4,0
49201,etc_tb041001,夏コレボックス[凱歌絶唱],宵月学院　男子生徒用　応援部制服一式が入っている,ダブルクリックで開けられる,7,0,4,0
49202,etc_tb041001,夏コレボックス[海底二万マイル],宵月学院　男子生徒用　水泳部ユニフォームが入っている,ダブルクリックで開けられる,7,0,4,0
49203,etc_tb041001,夏コレボックス[人間になりたい],宵月学院　男子生徒用　着ぐるみ部制服一式が入っている,ダブルクリックで開けられる,7,0,4,0
49204,etc_tb041001,夏コレボックス[闇に咲く花一輪],宵月学院　女生徒用　忍者部制服一式が入っている,ダブルクリックで開けられる,7,0,4,0
49205,etc_tb041001,夏コレボックス[一夏の思い出を],宵月学院　女生徒用　夏服バリエーション一式が入っている,ダブルクリックで開けられる,7,0,4,0
49206,etc_tb041001,夏コレボックス[あなたならきっと],宵月学院　女生徒用　応援部制服一式が入っている,ダブルクリックで開けられる,7,0,4,0
49207,etc_tb041001,夏コレボックス[清廉セイレーン],宵月学院　女生徒用　水泳部ユニフォームが入っている,ダブルクリックで開けられる,7,0,4,0
49208,etc_tb041001,夏コレボックス[いつか羽ばたく],宵月学院　女生徒用　着ぐるみ部制服一式が入っている,ダブルクリックで開けられる,7,0,4,0
49209,etc_rb049041,チャレンジボックス,「ヨーグルチャレンジ！」イベントの勝者に贈られるプレゼント。<br>中身は開けてみてのお楽しみ！,ダブルクリックで開けられる,7,0,2,0
49210,etc_rb049041,チャレンジボックス・エスティバー男,「ヨーグルチャレンジ！」イベントの勝者に贈られる、エスティバー学園の男子生徒のためのプレゼント。<br>中身は開けてみてのお楽しみ！,ダブルクリックで開けられる,7,0,2,0
49211,etc_rb049041,チャレンジボックス・エスティバー女,「ヨーグルチャレンジ！」イベントの勝者に贈られる、エスティバー学園の女生徒のためのプレゼント。<br>中身は開けてみてのお楽しみ！,ダブルクリックで開けられる,7,0,2,0
49212,etc_rb049041,チャレンジボックス・宵月男,「ヨーグルチャレンジ！」イベントの勝者に贈られる、宵月学院の男子生徒のためのプレゼント。<br>中身は開けてみてのお楽しみ！,ダブルクリックで開けられる,7,0,2,0
49213,etc_rb049041,チャレンジボックス・宵月女,「ヨーグルチャレンジ！」イベントの勝者に贈られる、宵月学院の女生徒のためのプレゼント。<br>中身は開けてみてのお楽しみ！,ダブルクリックで開けられる,7,0,2,0
49214,etc_tb041001,"""사.괜"" 선물상자","요구르팅이 ""사랑하니까, 괜찮아…""와 함께 합니다.","""사랑하니까, 괜찮아…"" 이벤트",7,3,4,0
49215,etc_tb041001,"""사.괜"" 선물상자","요구르팅이 ""사랑하니까, 괜찮아…""와 함께 합니다.","""사랑하니까, 괜찮아…"" 이벤트",7,3,4,0
49216,etc_rb049041,진급 선물상자 (2학년),여름방학 맞이 진급 이벤트 기간 중 2학년 진급한 분들을 위한 선물!,여름방학 진급 이벤트,7,3,2,0
49217,etc_rb049041,진급 선물상자 (3학년),여름방학 맞이 진급 이벤트 기간 중 3학년 진급한 분들을 위한 선물!,여름방학 진급 이벤트,7,3,2,0
49218,etc_rb049041,진급 선물상자 (4학년),여름방학 맞이 진급 이벤트 기간 중 4학년 진급한 분들을 위한 선물!,여름방학 진급 이벤트,7,3,2,0
49219,etc_rb049041,진급 선물상자 (5학년),여름방학 맞이 진급 이벤트 기간 중 5학년 진급한 분들을 위한 선물!,여름방학 진급 이벤트,7,3,2,0
49220,etc_tb041001,동호회 선물상자 (1레벨),동호회 레벨 1과 회원 10명을 갖춘 분들을 위한 선물!,동호회 이벤트,7,3,4,0
49221,etc_tb041001,동호회 선물상자 (2레벨),동호회 레벨 2과 회원 20명을 갖춘 분들을 위한 선물!<br>에스티바 남자 하복 바리에이션이 들어있습니다.,동호회 이벤트,7,3,4,0
49222,etc_tb041001,동호회 선물상자 (2레벨),동호회 레벨 2과 회원 20명을 갖춘 분들을 위한 선물!<br>에스티바 여자 하복 바리에이션이 들어있습니다.,동호회 이벤트,7,3,4,0
49223,etc_tb041001,동호회 선물상자 (2레벨),동호회 레벨 2과 회원 20명을 갖춘 분들을 위한 선물!<br>소월학원 남자 하복 바리에이션이 들어있습니다.,동호회 이벤트,7,3,4,0
49224,etc_tb041001,동호회 선물상자 (2레벨),동호회 레벨 2과 회원 20명을 갖춘 분들을 위한 선물!<br>소월학원 여자 하복 바리에이션이 들어있습니다.,동호회 이벤트,7,3,4,0
49225,etc_tb041001,코믹스 선물상자,요구르팅 코믹스 2권 출간 기념 선물!<br>에스티바의 남학생을 위한 테니스부 의상이 담겨있다.,대원CI 코믹스 2권 출간,7,3,4,0
49226,etc_tb041001,코믹스 선물상자,요구르팅 코믹스 2권 출간 기념 선물!<br>에스티바의 여학생을 위한 테니스부 의상이 담겨있다.,대원CI 코믹스 2권 출간,7,3,4,0
49227,etc_tb041001,코믹스 선물상자,요구르팅 코믹스 2권 출간 기념 선물!<br>소월학원의 남학생을 위한 배드민턴부 의상이 담겨있다.,대원CI 코믹스 2권 출간,7,3,4,0
49228,etc_tb041001,코믹스 선물상자,요구르팅 코믹스 2권 출간 기념 선물!<br>소월학원의 여학생을 위한 배드민턴부 의상이 담겨있다.,대원CI 코믹스 2권 출간,7,3,4,0
49229,etc_tb041001,모바일 선물상자,요구르팅 모바일 게임을 구입한 분들께 드리는 선물!<br>남자 사이버 의상이 담겨있다.,요구르팅 모바일 게임,7,3,4,0
49230,etc_tb041001,모바일 선물상자,요구르팅 모바일 게임을 구입한 분들께 드리는 선물!<br>여자 사이버 의상이 담겨있다.,요구르팅 모바일 게임,7,3,4,0
49231,etc_tb041001,모바일 선물상자,요구르팅 모바일 게임을 선물한 분들께 드리는 선물!<br>명찰 3일권이 담겨있다.,요구르팅 모바일 게임,7,3,4,0
49232,etc_rb049041,반가워요 선물상자,여름방학 맞이 진급 이벤트 기간 중 오랜만에 접속한 분들을 위한 선물!,여름방학 진급 이벤트,7,3,2,0
49233,etc_rb049041,みんなの仲間ボックス,「友達たくさんキャンペーン」で、20人以上友達がいる生徒に贈られたプレゼント。<br>中身は開けてみてのお楽しみ！,ダブルクリックで開けられる,7,1,2,0
49234,etc_rb049041,みんなの友達ボックス,「友達たくさんキャンペーン」で、30人以上友達がいる生徒に贈られたプレゼント。<br>中身は開けてみてのお楽しみ！,ダブルクリックで開けられる,7,1,2,0
49235,etc_rb049041,みんなのアイドルボックス,「友達たくさんキャンペーン」で、40人以上友達がいる生徒に贈られたプレゼント。<br>中身は開けてみてのお楽しみ！,ダブルクリックで開けられる,7,1,2,0
49236,etc_rb049041,お年玉ボックス[男の子用],新年を祝うスペシャルなアイテムが入ってるかも？<br>中身は開けてみてのお楽しみ！<br>男子生徒用,ダブルクリックで開けられる,7,0,2,0
49237,etc_rb049041,お年玉ボックス[女の子用],新年を祝うスペシャルなアイテムが入ってるかも？<br>中身は開けてみてのお楽しみ！<br>女生徒用,ダブルクリックで開けられる,7,0,2,0
49238,etc_tb041001,동호회 선물상자 (2레벨),동호회 레벨 2과 회원 20명을 갖춘 분들을 위한 선물!<br>에스티바 남자 하복 바리에이션이 들어있습니다.<br>(교환/판매 불가),동호회 이벤트,7,3,4,0
49239,etc_tb041001,동호회 선물상자 (2레벨),동호회 레벨 2과 회원 20명을 갖춘 분들을 위한 선물!<br>에스티바 여자 하복 바리에이션이 들어있습니다.<br>(교환/판매 불가),동호회 이벤트,7,3,4,0
49240,etc_tb041001,동호회 선물상자 (2레벨),동호회 레벨 2과 회원 20명을 갖춘 분들을 위한 선물!<br>소월학원 남자 하복 바리에이션이 들어있습니다.<br>(교환/판매 불가),동호회 이벤트,7,3,4,0
49241,etc_tb041001,동호회 선물상자 (2레벨),동호회 레벨 2과 회원 20명을 갖춘 분들을 위한 선물!<br>소월학원 여자 하복 바리에이션이 들어있습니다.<br>(교환/판매 불가),동호회 이벤트,7,3,4,0
49242,etc_rb040001,勝ってうれしいボックス[1年生],ジャンケンで勝った 1年生へのプレゼント。<br>勝者にふさわしいものが入ってるはず！？,ダブルクリックで開けられる,11,0,2,0
49243,etc_rb040002,あいこでしょ！ボックス[1年生],ジャンケンで引き分けた 1年生へのプレゼント。<br>それなりにいいものが入ってるかな？,ダブルクリックで開けられる,11,0,2,0
49244,etc_rb040003,負けてくやしいボックス[1年生],ジャンケンで負けた 1年生へのプレゼント。<br>負けたつらさを癒せるものが入ってるといいね,ダブルクリックで開けられる,11,0,2,0
49245,etc_tb041001,ヨーグルティング 2学期ボックス,ヨーグルティング 2学期が始まった記念に贈られたプレゼント。<br>1レベルの生徒のためのプレゼントが入っている。<br>(交換/販売不可),ダブルクリックで開けられる,7,3,4,0
49246,etc_tb041001,ヨーグルティング 2学期ボックス,ヨーグルティング 2学期が始まった記念に贈られたプレゼント。<br>2レベルの生徒のためのプレゼントが入っている。<br>(交換/販売不可),ダブルクリックで開けられる,7,3,4,0
49247,etc_tb041001,ヨーグルティング 2学期ボックス,ヨーグルティング 2学期が始まった記念に贈られたプレゼント。<br>3レベルの生徒のためのプレゼントが入っている。<br>(交換/販売不可),ダブルクリックで開けられる,7,3,4,0
49248,etc_tb041001,ヨーグルティング 2学期ボックス,ヨーグルティング 2学期が始まった記念に贈られたプレゼント。<br>4レベルの生徒のためのプレゼントが入っている。<br>(交換/販売不可),ダブルクリックで開けられる,7,3,4,0
49249,etc_tb041001,ヨーグルティング 2学期ボックス,ヨーグルティング 2学期が始まった記念に贈られたプレゼント。<br>5レベルの生徒のためのプレゼントが入っている。<br>(交換/販売不可),ダブルクリックで開けられる,7,3,4,0
49250,etc_tb041001,ヨーグルティング 2学期ボックス,ヨーグルティング 2学期が始まった記念に贈られたプレゼント。<br>6レベルの生徒のためのプレゼントが入っている。<br>(交換/販売不可),ダブルクリックで開けられる,7,3,4,0
49251,etc_tb041001,ヨーグルティング 2学期ボックス,ヨーグルティング 2学期が始まった記念に贈られたプレゼント。<br>7レベルの生徒のためのプレゼントが入っている。<br>(交換/販売不可),ダブルクリックで開けられる,7,3,4,0
49252,etc_tb041001,ヨーグルティング 2学期ボックス,ヨーグルティング 2学期が始まった記念に贈られたプレゼント。<br>8レベルの生徒のためのプレゼントが入っている。<br>(交換/販売不可),ダブルクリックで開けられる,7,3,4,0
49253,etc_tb041001,ヨーグルティング 2学期ボックス,ヨーグルティング 2学期が始まった記念に贈られたプレゼント。<br>9レベルの生徒のためのプレゼントが入っている。<br>(交換/販売不可),ダブルクリックで開けられる,7,3,4,0
49254,etc_tb041001,ヨーグルティング 2学期ボックス,ヨーグルティング 2学期が始まった記念に贈られたプレゼント。<br>10レベルの生徒のためのプレゼントが入っている。<br>(交換/販売不可),ダブルクリックで開けられる,7,3,4,0
49255,etc_tb041001,ヨーグルティング 2学期ボックス,ヨーグルティング 2学期が始まった記念に贈られたプレゼント。<br>11レベルの生徒のためのプレゼントが入っている。<br>(交換/販売不可),ダブルクリックで開けられる,7,3,4,0
49256,etc_tb041001,ヨーグルティング 2学期ボックス,ヨーグルティング 2学期が始まった記念に贈られたプレゼント。<br>12レベルの生徒のためのプレゼントが入っている。<br>(交換/販売不可),ダブルクリックで開けられる,7,3,4,0
49257,etc_tb041001,ヨーグルティング 2学期ボックス,ヨーグルティング 2学期が始まった記念に贈られたプレゼント。<br>13レベルの生徒のためのプレゼントが入っている。<br>(交換/販売不可),ダブルクリックで開けられる,7,3,4,0
49258,etc_tb041001,ヨーグルティング 2学期ボックス,ヨーグルティング 2学期が始まった記念に贈られたプレゼント。<br>14レベルの生徒のためのプレゼントが入っている。<br>(交換/販売不可),ダブルクリックで開けられる,7,3,4,0
49259,etc_tb041001,ヨーグルティング 2学期ボックス,ヨーグルティング 2学期が始まった記念に贈られたプレゼント。<br>15レベルの生徒のためのプレゼントが入っている。<br>(交換/販売不可),ダブルクリックで開けられる,7,3,4,0
49260,etc_tb041001,ヨーグルティング 2学期ボックス,ヨーグルティング 2学期が始まった記念に贈られたプレゼント。<br>16レベルの生徒のためのプレゼントが入っている。<br>(交換/販売不可),ダブルクリックで開けられる,7,3,4,0
49261,etc_tb041001,ヨーグルティング 2学期ボックス,ヨーグルティング 2学期が始まった記念に贈られたプレゼント。<br>17レベルの生徒のためのプレゼントが入っている。<br>(交換/販売不可),ダブルクリックで開けられる,7,3,4,0
49262,etc_tb041001,ヨーグルティング 2学期ボックス,ヨーグルティング 2学期が始まった記念に贈られたプレゼント。<br>18レベルの生徒のためのプレゼントが入っている。<br>(交換/販売不可),ダブルクリックで開けられる,7,3,4,0
49263,etc_tb041001,ヨーグルティング 2学期ボックス,ヨーグルティング 2学期が始まった記念に贈られたプレゼント。<br>19レベルの生徒のためのプレゼントが入っている。<br>(交換/販売不可),ダブルクリックで開けられる,7,3,4,0
49264,etc_tb041001,ヨーグルティング 2学期ボックス,ヨーグルティング 2学期が始まった記念に贈られたプレゼント。<br>20レベルの生徒のためのプレゼントが入っている。<br>(交換/販売不可),ダブルクリックで開けられる,7,3,4,0
49265,etc_tb041001,ヨーグルティング 2学期ボックス,ヨーグルティング 2学期が始まった記念に贈られたプレゼント。<br>21レベルの生徒のためのプレゼントが入っている。<br>(交換/販売不可),ダブルクリックで開けられる,7,3,4,0
49266,etc_tb041001,ヨーグルティング 2学期ボックス,ヨーグルティング 2学期が始まった記念に贈られたプレゼント。<br>22レベルの生徒のためのプレゼントが入っている。<br>(交換/販売不可),ダブルクリックで開けられる,7,3,4,0
49267,etc_tb041001,ヨーグルティング 2学期ボックス,ヨーグルティング 2学期が始まった記念に贈られたプレゼント。<br>23レベルの生徒のためのプレゼントが入っている。<br>(交換/販売不可),ダブルクリックで開けられる,7,3,4,0
49268,etc_tb041001,ヨーグルティング 2学期ボックス,ヨーグルティング 2学期が始まった記念に贈られたプレゼント。<br>24レベルの生徒のためのプレゼントが入っている。<br>(交換/販売不可),ダブルクリックで開けられる,7,3,4,0
49269,etc_tb041001,ヨーグルティング 2学期ボックス,ヨーグルティング 2学期が始まった記念に贈られたプレゼント。<br>25レベルの生徒のためのプレゼントが入っている。<br>(交換/販売不可),ダブルクリックで開けられる,7,3,4,0
49270,etc_tb041001,ヨーグルティング 2学期ボックス,ヨーグルティング 2学期が始まった記念に贈られたプレゼント。<br>26レベルの生徒のためのプレゼントが入っている。<br>(交換/販売不可),ダブルクリックで開けられる,7,3,4,0
49271,etc_tb041001,ヨーグルティング 2学期ボックス,ヨーグルティング 2学期が始まった記念に贈られたプレゼント。<br>27レベルの生徒のためのプレゼントが入っている。<br>(交換/販売不可),ダブルクリックで開けられる,7,3,4,0
49272,etc_tb041001,ヨーグルティング 2学期ボックス,ヨーグルティング 2学期が始まった記念に贈られたプレゼント。<br>28レベルの生徒のためのプレゼントが入っている。<br>(交換/販売不可),ダブルクリックで開けられる,7,3,4,0
49273,etc_tb041001,ヨーグルティング 2学期ボックス,ヨーグルティング 2学期が始まった記念に贈られたプレゼント。<br>29レベルの生徒のためのプレゼントが入っている。<br>(交換/販売不可),ダブルクリックで開けられる,7,3,4,0
49274,etc_tb041001,ヨーグルティング 2学期ボックス,ヨーグルティング 2学期が始まった記念に贈られたプレゼント。<br>30レベルの生徒のためのプレゼントが入っている。<br>(交換/販売不可),ダブルクリックで開けられる,7,3,4,0
49275,etc_tb041001,ヨーグルティング 2学期ボックス,ヨーグルティング 2学期が始まった記念に贈られたプレゼント。<br>31レベルの生徒のためのプレゼントが入っている。<br>(交換/販売不可),ダブルクリックで開けられる,7,3,4,0
49276,etc_tb041001,ヨーグルティング 2学期ボックス,ヨーグルティング 2学期が始まった記念に贈られたプレゼント。<br>32レベルの生徒のためのプレゼントが入っている。<br>(交換/販売不可),ダブルクリックで開けられる,7,3,4,0
49277,etc_tb041001,ヨーグルティング 2学期ボックス,ヨーグルティング 2学期が始まった記念に贈られたプレゼント。<br>33レベルの生徒のためのプレゼントが入っている。<br>(交換/販売不可),ダブルクリックで開けられる,7,3,4,0
49278,etc_tb041001,ヨーグルティング 2学期ボックス,ヨーグルティング 2学期が始まった記念に贈られたプレゼント。<br>34レベルの生徒のためのプレゼントが入っている。<br>(交換/販売不可),ダブルクリックで開けられる,7,3,4,0
49279,etc_tb041001,ヨーグルティング 2学期ボックス,ヨーグルティング 2学期が始まった記念に贈られたプレゼント。<br>35レベルの生徒のためのプレゼントが入っている。<br>(交換/販売不可),ダブルクリックで開けられる,7,3,4,0
49280,etc_tb041001,ヨーグルティング 2学期ボックス,ヨーグルティング 2学期が始まった記念に贈られたプレゼント。<br>36レベルの生徒のためのプレゼントが入っている。<br>(交換/販売不可),ダブルクリックで開けられる,7,3,4,0
49281,etc_tb041001,ヨーグルティング 2学期ボックス,ヨーグルティング 2学期が始まった記念に贈られたプレゼント。<br>37レベルの生徒のためのプレゼントが入っている。<br>(交換/販売不可),ダブルクリックで開けられる,7,3,4,0
49282,etc_tb041001,ヨーグルティング 2学期ボックス,ヨーグルティング 2学期が始まった記念に贈られたプレゼント。<br>38レベルの生徒のためのプレゼントが入っている。<br>(交換/販売不可),ダブルクリックで開けられる,7,3,4,0
49283,etc_tb041001,ヨーグルティング 2学期ボックス,ヨーグルティング 2学期が始まった記念に贈られたプレゼント。<br>39レベルの生徒のためのプレゼントが入っている。<br>(交換/販売不可),ダブルクリックで開けられる,7,3,4,0
49284,etc_tb041001,ヨーグルティング 2学期ボックス,ヨーグルティング 2学期が始まった記念に贈られたプレゼント。<br>40レベルの生徒のためのプレゼントが入っている。<br>(交換/販売不可),ダブルクリックで開けられる,7,3,4,0
49285,etc_tb041001,ヨーグルティング 2学期ボックス,ヨーグルティング 2学期が始まった記念に贈られたプレゼント。<br>41レベルの生徒のためのプレゼントが入っている。<br>(交換/販売不可),ダブルクリックで開けられる,7,3,4,0
49286,etc_tb041001,ヨーグルティング 2学期ボックス,ヨーグルティング 2学期が始まった記念に贈られたプレゼント。<br>42レベルの生徒のためのプレゼントが入っている。<br>(交換/販売不可),ダブルクリックで開けられる,7,3,4,0
49287,etc_tb041001,ヨーグルティング 2学期ボックス,ヨーグルティング 2学期が始まった記念に贈られたプレゼント。<br>43レベルの生徒のためのプレゼントが入っている。<br>(交換/販売不可),ダブルクリックで開けられる,7,3,4,0
49288,etc_tb041001,ヨーグルティング 2学期ボックス,ヨーグルティング 2学期が始まった記念に贈られたプレゼント。<br>44レベルの生徒のためのプレゼントが入っている。<br>(交換/販売不可),ダブルクリックで開けられる,7,3,4,0
49289,etc_tb041001,ヨーグルティング 2学期ボックス,ヨーグルティング 2学期が始まった記念に贈られたプレゼント。<br>45レベルの生徒のためのプレゼントが入っている。<br>(交換/販売不可),ダブルクリックで開けられる,7,3,4,0
49290,etc_tb041001,ヨーグルティング 2学期ボックス,ヨーグルティング 2学期が始まった記念に贈られたプレゼント。<br>46レベルの生徒のためのプレゼントが入っている。<br>(交換/販売不可),ダブルクリックで開けられる,7,3,4,0
49291,etc_tb041001,ヨーグルティング 2学期ボックス,ヨーグルティング 2学期が始まった記念に贈られたプレゼント。<br>47レベルの生徒のためのプレゼントが入っている。<br>(交換/販売不可),ダブルクリックで開けられる,7,3,4,0
49292,etc_tb041001,ヨーグルティング 2学期ボックス,ヨーグルティング 2学期が始まった記念に贈られたプレゼント。<br>48レベルの生徒のためのプレゼントが入っている。<br>(交換/販売不可),ダブルクリックで開けられる,7,3,4,0
49293,etc_tb041001,ヨーグルティング 2学期ボックス,ヨーグルティング 2学期が始まった記念に贈られたプレゼント。<br>49レベルの生徒のためのプレゼントが入っている。<br>(交換/販売不可),ダブルクリックで開けられる,7,3,4,0
49294,etc_tb041001,ヨーグルティング 2学期ボックス,ヨーグルティング 2学期が始まった記念に贈られたプレゼント。<br>50レベルの生徒のためのプレゼントが入っている。<br>(交換/販売不可),ダブルクリックで開けられる,7,3,4,0
49295,etc_tb041001,ヨーグルティング 2学期ボックス,ヨーグルティング 2学期が始まった記念に贈られたプレゼント。<br>51レベルの生徒のためのプレゼントが入っている。<br>(交換/販売不可),ダブルクリックで開けられる,7,3,4,0
49296,etc_tb041001,ヨーグルティング 2学期ボックス,ヨーグルティング 2学期が始まった記念に贈られたプレゼント。<br>52レベルの生徒のためのプレゼントが入っている。<br>(交換/販売不可),ダブルクリックで開けられる,7,3,4,0
49297,etc_tb041001,ヨーグルティング 2学期ボックス,ヨーグルティング 2学期が始まった記念に贈られたプレゼント。<br>53レベルの生徒のためのプレゼントが入っている。<br>(交換/販売不可),ダブルクリックで開けられる,7,3,4,0
49298,etc_tb041001,ヨーグルティング 2学期ボックス,ヨーグルティング 2学期が始まった記念に贈られたプレゼント。<br>54レベルの生徒のためのプレゼントが入っている。<br>(交換/販売不可),ダブルクリックで開けられる,7,3,4,0
49299,etc_tb041001,ヨーグルティング 2学期ボックス,ヨーグルティング 2学期が始まった記念に贈られたプレゼント。<br>55レベルの生徒のためのプレゼントが入っている。<br>(交換/販売不可),ダブルクリックで開けられる,7,3,4,0
49300,etc_tb041001,ヨーグルティング 2学期ボックス,ヨーグルティング 2学期が始まった記念に贈られたプレゼント。<br>56レベルの生徒のためのプレゼントが入っている。<br>(交換/販売不可),ダブルクリックで開けられる,7,3,4,0
49301,etc_tb041001,ヨーグルティング 2学期ボックス,ヨーグルティング 2学期が始まった記念に贈られたプレゼント。<br>57レベルの生徒のためのプレゼントが入っている。<br>(交換/販売不可),ダブルクリックで開けられる,7,3,4,0
49302,etc_tb041001,ヨーグルティング 2学期ボックス,ヨーグルティング 2学期が始まった記念に贈られたプレゼント。<br>58レベルの生徒のためのプレゼントが入っている。<br>(交換/販売不可),ダブルクリックで開けられる,7,3,4,0
49303,etc_tb041001,ヨーグルティング 2学期ボックス,ヨーグルティング 2学期が始まった記念に贈られたプレゼント。<br>59レベルの生徒のためのプレゼントが入っている。<br>(交換/販売不可),ダブルクリックで開けられる,7,3,4,0
49304,etc_tb041001,ヨーグルティング 2学期ボックス,ヨーグルティング 2学期が始まった記念に贈られたプレゼント。<br>60レベルの生徒のためのプレゼントが入っている。<br>(交換/販売不可),ダブルクリックで開けられる,7,3,4,0
49305,etc_tb041001,ヨーグルティング 2学期ボックス,ヨーグルティング 2学期が始まった記念に贈られたプレゼント。<br>61レベルの生徒のためのプレゼントが入っている。<br>(交換/販売不可),ダブルクリックで開けられる,7,3,4,0
49306,etc_tb041001,ヨーグルティング 2学期ボックス,ヨーグルティング 2学期が始まった記念に贈られたプレゼント。<br>62レベルの生徒のためのプレゼントが入っている。<br>(交換/販売不可),ダブルクリックで開けられる,7,3,4,0
49307,etc_tb041001,ヨーグルティング 2学期ボックス,ヨーグルティング 2学期が始まった記念に贈られたプレゼント。<br>63レベルの生徒のためのプレゼントが入っている。<br>(交換/販売不可),ダブルクリックで開けられる,7,3,4,0
49308,etc_tb041001,ヨーグルティング 2学期ボックス,ヨーグルティング 2学期が始まった記念に贈られたプレゼント。<br>64レベルの生徒のためのプレゼントが入っている。<br>(交換/販売不可),ダブルクリックで開けられる,7,3,4,0
49309,etc_tb041001,ヨーグルティング 2学期ボックス,ヨーグルティング 2学期が始まった記念に贈られたプレゼント。<br>65レベルの生徒のためのプレゼントが入っている。<br>(交換/販売不可),ダブルクリックで開けられる,7,3,4,0
49310,etc_tb041001,ヨーグルティング 2学期ボックス,ヨーグルティング 2学期が始まった記念に贈られたプレゼント。<br>66レベルの生徒のためのプレゼントが入っている。<br>(交換/販売不可),ダブルクリックで開けられる,7,3,4,0
49311,etc_tb041001,ヨーグルティング 2学期ボックス,ヨーグルティング 2学期が始まった記念に贈られたプレゼント。<br>67レベルの生徒のためのプレゼントが入っている。<br>(交換/販売不可),ダブルクリックで開けられる,7,3,4,0
49312,etc_tb041001,ヨーグルティング 2学期ボックス,ヨーグルティング 2学期が始まった記念に贈られたプレゼント。<br>68レベルの生徒のためのプレゼントが入っている。<br>(交換/販売不可),ダブルクリックで開けられる,7,3,4,0
49313,etc_tb041001,ヨーグルティング 2学期ボックス,ヨーグルティング 2学期が始まった記念に贈られたプレゼント。<br>69レベルの生徒のためのプレゼントが入っている。<br>(交換/販売不可),ダブルクリックで開けられる,7,3,4,0
49314,etc_tb041001,ヨーグルティング 2学期ボックス,ヨーグルティング 2学期が始まった記念に贈られたプレゼント。<br>70レベルの生徒のためのプレゼントが入っている。<br>(交換/販売不可),ダブルクリックで開けられる,7,3,4,0
49315,etc_tb041001,ヨーグルティング 2学期ボックス,ヨーグルティング 2学期が始まった記念に贈られたプレゼント。<br>71レベルの生徒のためのプレゼントが入っている。<br>(交換/販売不可),ダブルクリックで開けられる,7,3,4,0
49316,etc_tb041001,ヨーグルティング 2学期ボックス,ヨーグルティング 2学期が始まった記念に贈られたプレゼント。<br>72レベルの生徒のためのプレゼントが入っている。<br>(交換/販売不可),ダブルクリックで開けられる,7,3,4,0
49317,etc_tb041001,ヨーグルティング 2学期ボックス,ヨーグルティング 2学期が始まった記念に贈られたプレゼント。<br>73レベルの生徒のためのプレゼントが入っている。<br>(交換/販売不可),ダブルクリックで開けられる,7,3,4,0
49318,etc_tb041001,ヨーグルティング 2学期ボックス,ヨーグルティング 2学期が始まった記念に贈られたプレゼント。<br>74レベルの生徒のためのプレゼントが入っている。<br>(交換/販売不可),ダブルクリックで開けられる,7,3,4,0
49319,etc_tb041001,ヨーグルティング 2学期ボックス,ヨーグルティング 2学期が始まった記念に贈られたプレゼント。<br>75レベルの生徒のためのプレゼントが入っている。<br>(交換/販売不可),ダブルクリックで開けられる,7,3,4,0
49320,etc_tb041001,ヨーグルティング 2学期ボックス,ヨーグルティング 2学期が始まった記念に贈られたプレゼント。<br>76レベルの生徒のためのプレゼントが入っている。<br>(交換/販売不可),ダブルクリックで開けられる,7,3,4,0
49321,etc_tb041001,ヨーグルティング 2学期ボックス,ヨーグルティング 2学期が始まった記念に贈られたプレゼント。<br>77レベルの生徒のためのプレゼントが入っている。<br>(交換/販売不可),ダブルクリックで開けられる,7,3,4,0
49322,etc_tb041001,ヨーグルティング 2学期ボックス,ヨーグルティング 2学期が始まった記念に贈られたプレゼント。<br>78レベルの生徒のためのプレゼントが入っている。<br>(交換/販売不可),ダブルクリックで開けられる,7,3,4,0
49323,etc_tb041001,ヨーグルティング 2学期ボックス,ヨーグルティング 2学期が始まった記念に贈られたプレゼント。<br>79レベルの生徒のためのプレゼントが入っている。<br>(交換/販売不可),ダブルクリックで開けられる,7,3,4,0
49324,etc_tb041001,ヨーグルティング 2学期ボックス,ヨーグルティング 2学期が始まった記念に贈られたプレゼント。<br>80レベルの生徒のためのプレゼントが入っている。<br>(交換/販売不可),ダブルクリックで開けられる,7,3,4,0
49325,etc_tb041001,ヨーグルティング 2学期ボックス,ヨーグルティング 2学期が始まった記念に贈られたプレゼント。<br>81レベルの生徒のためのプレゼントが入っている。<br>(交換/販売不可),ダブルクリックで開けられる,7,3,4,0
49326,etc_tb041001,ヨーグルティング 2学期ボックス,ヨーグルティング 2学期が始まった記念に贈られたプレゼント。<br>82レベルの生徒のためのプレゼントが入っている。<br>(交換/販売不可),ダブルクリックで開けられる,7,3,4,0
49327,etc_tb041001,ヨーグルティング 2学期ボックス,ヨーグルティング 2学期が始まった記念に贈られたプレゼント。<br>83レベルの生徒のためのプレゼントが入っている。<br>(交換/販売不可),ダブルクリックで開けられる,7,3,4,0
49328,etc_tb041001,ヨーグルティング 2学期ボックス,ヨーグルティング 2学期が始まった記念に贈られたプレゼント。<br>84レベルの生徒のためのプレゼントが入っている。<br>(交換/販売不可),ダブルクリックで開けられる,7,3,4,0
49329,etc_tb041001,ヨーグルティング 2学期ボックス,ヨーグルティング 2学期が始まった記念に贈られたプレゼント。<br>85レベルの生徒のためのプレゼントが入っている。<br>(交換/販売不可),ダブルクリックで開けられる,7,3,4,0
49330,etc_tb041001,ヨーグルティング 2学期ボックス,ヨーグルティング 2学期が始まった記念に贈られたプレゼント。<br>86レベルの生徒のためのプレゼントが入っている。<br>(交換/販売不可),ダブルクリックで開けられる,7,3,4,0
49331,etc_tb041001,ヨーグルティング 2学期ボックス,ヨーグルティング 2学期が始まった記念に贈られたプレゼント。<br>87レベルの生徒のためのプレゼントが入っている。<br>(交換/販売不可),ダブルクリックで開けられる,7,3,4,0
49332,etc_tb041001,ヨーグルティング 2学期ボックス,ヨーグルティング 2学期が始まった記念に贈られたプレゼント。<br>88レベルの生徒のためのプレゼントが入っている。<br>(交換/販売不可),ダブルクリックで開けられる,7,3,4,0
49333,etc_tb041001,ヨーグルティング 2学期ボックス,ヨーグルティング 2学期が始まった記念に贈られたプレゼント。<br>89レベルの生徒のためのプレゼントが入っている。<br>(交換/販売不可),ダブルクリックで開けられる,7,3,4,0
49334,etc_tb041001,ヨーグルティング 2学期ボックス,ヨーグルティング 2学期が始まった記念に贈られたプレゼント。<br>90レベルの生徒のためのプレゼントが入っている。<br>(交換/販売不可),ダブルクリックで開けられる,7,3,4,0
49335,etc_tb041001,ヨーグルティング 2学期ボックス,ヨーグルティング 2学期が始まった記念に贈られたプレゼント。<br>91レベルの生徒のためのプレゼントが入っている。<br>(交換/販売不可),ダブルクリックで開けられる,7,3,4,0
49336,etc_tb041001,ヨーグルティング 2学期ボックス,ヨーグルティング 2学期が始まった記念に贈られたプレゼント。<br>92レベルの生徒のためのプレゼントが入っている。<br>(交換/販売不可),ダブルクリックで開けられる,7,3,4,0
49337,etc_tb041001,ヨーグルティング 2学期ボックス,ヨーグルティング 2学期が始まった記念に贈られたプレゼント。<br>93レベルの生徒のためのプレゼントが入っている。<br>(交換/販売不可),ダブルクリックで開けられる,7,3,4,0
49338,etc_tb041001,ヨーグルティング 2学期ボックス,ヨーグルティング 2学期が始まった記念に贈られたプレゼント。<br>94レベルの生徒のためのプレゼントが入っている。<br>(交換/販売不可),ダブルクリックで開けられる,7,3,4,0
49339,etc_tb041001,ヨーグルティング 2学期ボックス,ヨーグルティング 2学期が始まった記念に贈られたプレゼント。<br>95レベルの生徒のためのプレゼントが入っている。<br>(交換/販売不可),ダブルクリックで開けられる,7,3,4,0
49340,etc_tb041001,ヨーグルティング 2学期ボックス,ヨーグルティング 2学期が始まった記念に贈られたプレゼント。<br>96レベルの生徒のためのプレゼントが入っている。<br>(交換/販売不可),ダブルクリックで開けられる,7,3,4,0
49341,etc_tb041001,ヨーグルティング 2学期ボックス,ヨーグルティング 2学期が始まった記念に贈られたプレゼント。<br>97レベルの生徒のためのプレゼントが入っている。<br>(交換/販売不可),ダブルクリックで開けられる,7,3,4,0
49342,etc_tb041001,ヨーグルティング 2学期ボックス,ヨーグルティング 2学期が始まった記念に贈られたプレゼント。<br>98レベルの生徒のためのプレゼントが入っている。<br>(交換/販売不可),ダブルクリックで開けられる,7,3,4,0
49343,etc_tb041001,ヨーグルティング 2学期ボックス,ヨーグルティング 2学期が始まった記念に贈られたプレゼント。<br>99レベルの生徒のためのプレゼントが入っている。<br>(交換/販売不可),ダブルクリックで開けられる,7,3,4,0
49344,etc_tb041001,ヨーグルティング 2学期ボックス,ヨーグルティング 2学期が始まった記念に贈られたプレゼント。<br>100レベルの生徒のためのプレゼントが入っている。<br>(交換/販売不可),ダブルクリックで開けられる,7,3,4,0
49345,etc_tb041001,ヨーグルティング 2学期ボックス,ヨーグルティング 2学期が始まった記念に贈られたプレゼント。<br>101レベルの生徒のためのプレゼントが入っている。<br>(交換/販売不可),ダブルクリックで開けられる,7,3,4,0
49346,etc_tb041001,ヨーグルティング 2学期ボックス,ヨーグルティング 2学期が始まった記念に贈られたプレゼント。<br>102レベルの生徒のためのプレゼントが入っている。<br>(交換/販売不可),ダブルクリックで開けられる,7,3,4,0
49347,etc_tb041001,ヨーグルティング 2学期ボックス,ヨーグルティング 2学期が始まった記念に贈られたプレゼント。<br>103レベルの生徒のためのプレゼントが入っている。<br>(交換/販売不可),ダブルクリックで開けられる,7,3,4,0
49348,etc_tb041001,ヨーグルティング 2学期ボックス,ヨーグルティング 2学期が始まった記念に贈られたプレゼント。<br>104レベルの生徒のためのプレゼントが入っている。<br>(交換/販売不可),ダブルクリックで開けられる,7,3,4,0
49349,etc_tb041001,ヨーグルティング 2学期ボックス,ヨーグルティング 2学期が始まった記念に贈られたプレゼント。<br>105レベルの生徒のためのプレゼントが入っている。<br>(交換/販売不可),ダブルクリックで開けられる,7,3,4,0
49350,etc_tb041001,ヨーグルティング 2学期ボックス,ヨーグルティング 2学期が始まった記念に贈られたプレゼント。<br>106レベルの生徒のためのプレゼントが入っている。<br>(交換/販売不可),ダブルクリックで開けられる,7,3,4,0
49351,etc_tb041001,ヨーグルティング 2学期ボックス,ヨーグルティング 2学期が始まった記念に贈られたプレゼント。<br>107レベルの生徒のためのプレゼントが入っている。<br>(交換/販売不可),ダブルクリックで開けられる,7,3,4,0
49352,etc_tb041001,ヨーグルティング 2学期ボックス,ヨーグルティング 2学期が始まった記念に贈られたプレゼント。<br>108レベルの生徒のためのプレゼントが入っている。<br>(交換/販売不可),ダブルクリックで開けられる,7,3,4,0
49353,etc_tb041001,ヨーグルティング 2学期ボックス,ヨーグルティング 2学期が始まった記念に贈られたプレゼント。<br>109レベルの生徒のためのプレゼントが入っている。<br>(交換/販売不可),ダブルクリックで開けられる,7,3,4,0
49354,etc_tb041001,ヨーグルティング 2学期ボックス,ヨーグルティング 2学期が始まった記念に贈られたプレゼント。<br>110レベルの生徒のためのプレゼントが入っている。<br>(交換/販売不可),ダブルクリックで開けられる,7,3,4,0
49355,etc_tb041001,ヨーグルティング 2学期ボックス,ヨーグルティング 2学期が始まった記念に贈られたプレゼント。<br>111レベルの生徒のためのプレゼントが入っている。<br>(交換/販売不可),ダブルクリックで開けられる,7,3,4,0
49356,etc_tb041001,ヨーグルティング 2学期ボックス,ヨーグルティング 2学期が始まった記念に贈られたプレゼント。<br>112レベルの生徒のためのプレゼントが入っている。<br>(交換/販売不可),ダブルクリックで開けられる,7,3,4,0
49357,etc_tb041001,ヨーグルティング 2学期ボックス,ヨーグルティング 2学期が始まった記念に贈られたプレゼント。<br>113レベルの生徒のためのプレゼントが入っている。<br>(交換/販売不可),ダブルクリックで開けられる,7,3,4,0
49358,etc_tb041001,ヨーグルティング 2学期ボックス,ヨーグルティング 2学期が始まった記念に贈られたプレゼント。<br>114レベルの生徒のためのプレゼントが入っている。<br>(交換/販売不可),ダブルクリックで開けられる,7,3,4,0
49359,etc_tb041001,ヨーグルティング 2学期ボックス,ヨーグルティング 2学期が始まった記念に贈られたプレゼント。<br>115レベルの生徒のためのプレゼントが入っている。<br>(交換/販売不可),ダブルクリックで開けられる,7,3,4,0
49360,etc_tb041001,ヨーグルティング 2学期ボックス,ヨーグルティング 2学期が始まった記念に贈られたプレゼント。<br>116レベルの生徒のためのプレゼントが入っている。<br>(交換/販売不可),ダブルクリックで開けられる,7,3,4,0
49361,etc_tb041001,ヨーグルティング 2学期ボックス,ヨーグルティング 2学期が始まった記念に贈られたプレゼント。<br>117レベルの生徒のためのプレゼントが入っている。<br>(交換/販売不可),ダブルクリックで開けられる,7,3,4,0
49362,etc_tb041001,ヨーグルティング 2学期ボックス,ヨーグルティング 2学期が始まった記念に贈られたプレゼント。<br>118レベルの生徒のためのプレゼントが入っている。<br>(交換/販売不可),ダブルクリックで開けられる,7,3,4,0
49363,etc_tb041001,ヨーグルティング 2学期ボックス,ヨーグルティング 2学期が始まった記念に贈られたプレゼント。<br>119レベルの生徒のためのプレゼントが入っている。<br>(交換/販売不可),ダブルクリックで開けられる,7,3,4,0
49364,etc_tb041001,ヨーグルティング 2学期ボックス,ヨーグルティング 2学期が始まった記念に贈られたプレゼント。<br>120レベルの生徒のためのプレゼントが入っている。<br>(交換/販売不可),ダブルクリックで開けられる,7,3,4,0
49365,etc_tb041001,ヨーグルティング 2学期ボックス,ヨーグルティング 2学期が始まった記念に贈られたプレゼント。<br>121レベルの生徒のためのプレゼントが入っている。<br>(交換/販売不可),ダブルクリックで開けられる,7,3,4,0
49366,etc_tb041001,ヨーグルティング 2学期ボックス,ヨーグルティング 2学期が始まった記念に贈られたプレゼント。<br>122レベルの生徒のためのプレゼントが入っている。<br>(交換/販売不可),ダブルクリックで開けられる,7,3,4,0
49367,etc_tb041001,ヨーグルティング 2学期ボックス,ヨーグルティング 2学期が始まった記念に贈られたプレゼント。<br>123レベルの生徒のためのプレゼントが入っている。<br>(交換/販売不可),ダブルクリックで開けられる,7,3,4,0
49368,etc_tb041001,ヨーグルティング 2学期ボックス,ヨーグルティング 2学期が始まった記念に贈られたプレゼント。<br>124レベルの生徒のためのプレゼントが入っている。<br>(交換/販売不可),ダブルクリックで開けられる,7,3,4,0
49369,etc_tb041001,ヨーグルティング 2学期ボックス,ヨーグルティング 2学期が始まった記念に贈られたプレゼント。<br>125レベルの生徒のためのプレゼントが入っている。<br>(交換/販売不可),ダブルクリックで開けられる,7,3,4,0
49370,etc_tb041001,ヨーグルティング 2学期ボックス,ヨーグルティング 2学期が始まった記念に贈られたプレゼント。<br>126レベルの生徒のためのプレゼントが入っている。<br>(交換/販売不可),ダブルクリックで開けられる,7,3,4,0
49371,etc_tb041001,ヨーグルティング 2学期ボックス,ヨーグルティング 2学期が始まった記念に贈られたプレゼント。<br>127レベルの生徒のためのプレゼントが入っている。<br>(交換/販売不可),ダブルクリックで開けられる,7,3,4,0
49372,etc_tb041001,ヨーグルティング 2学期ボックス,ヨーグルティング 2学期が始まった記念に贈られたプレゼント。<br>128レベルの生徒のためのプレゼントが入っている。<br>(交換/販売不可),ダブルクリックで開けられる,7,3,4,0
49373,etc_tb041001,ヨーグルティング 2学期ボックス,ヨーグルティング 2学期が始まった記念に贈られたプレゼント。<br>129レベルの生徒のためのプレゼントが入っている。<br>(交換/販売不可),ダブルクリックで開けられる,7,3,4,0
49374,etc_tb041001,ヨーグルティング 2学期ボックス,ヨーグルティング 2学期が始まった記念に贈られたプレゼント。<br>130レベルの生徒のためのプレゼントが入っている。<br>(交換/販売不可),ダブルクリックで開けられる,7,3,4,0
49375,etc_tb041001,ヨーグルティング 2学期ボックス,ヨーグルティング 2学期が始まった記念に贈られたプレゼント。<br>131レベルの生徒のためのプレゼントが入っている。<br>(交換/販売不可),ダブルクリックで開けられる,7,3,4,0
49376,etc_tb041001,ヨーグルティング 2学期ボックス,ヨーグルティング 2学期が始まった記念に贈られたプレゼント。<br>132レベルの生徒のためのプレゼントが入っている。<br>(交換/販売不可),ダブルクリックで開けられる,7,3,4,0
49377,etc_tb041001,ヨーグルティング 2学期ボックス,ヨーグルティング 2学期が始まった記念に贈られたプレゼント。<br>133レベルの生徒のためのプレゼントが入っている。<br>(交換/販売不可),ダブルクリックで開けられる,7,3,4,0
49378,etc_tb041001,ヨーグルティング 2学期ボックス,ヨーグルティング 2学期が始まった記念に贈られたプレゼント。<br>134レベルの生徒のためのプレゼントが入っている。<br>(交換/販売不可),ダブルクリックで開けられる,7,3,4,0
49379,etc_tb041001,ヨーグルティング 2学期ボックス,ヨーグルティング 2学期が始まった記念に贈られたプレゼント。<br>135レベルの生徒のためのプレゼントが入っている。<br>(交換/販売不可),ダブルクリックで開けられる,7,3,4,0
49380,etc_tb041001,ヨーグルティング 2学期ボックス,ヨーグルティング 2学期が始まった記念に贈られたプレゼント。<br>136レベルの生徒のためのプレゼントが入っている。<br>(交換/販売不可),ダブルクリックで開けられる,7,3,4,0
49381,etc_tb041001,ヨーグルティング 2学期ボックス,ヨーグルティング 2学期が始まった記念に贈られたプレゼント。<br>137レベルの生徒のためのプレゼントが入っている。<br>(交換/販売不可),ダブルクリックで開けられる,7,3,4,0
49382,etc_tb041001,ヨーグルティング 2学期ボックス,ヨーグルティング 2学期が始まった記念に贈られたプレゼント。<br>138レベルの生徒のためのプレゼントが入っている。<br>(交換/販売不可),ダブルクリックで開けられる,7,3,4,0
49383,etc_tb041001,ヨーグルティング 2学期ボックス,ヨーグルティング 2学期が始まった記念に贈られたプレゼント。<br>139レベルの生徒のためのプレゼントが入っている。<br>(交換/販売不可),ダブルクリックで開けられる,7,3,4,0
49384,etc_tb041001,ヨーグルティング 2学期ボックス,ヨーグルティング 2学期が始まった記念に贈られたプレゼント。<br>140レベルの生徒のためのプレゼントが入っている。<br>(交換/販売不可),ダブルクリックで開けられる,7,3,4,0
49385,etc_tb041001,ヨーグルティング 2学期ボックス,ヨーグルティング 2学期が始まった記念に贈られたプレゼント。<br>141レベルの生徒のためのプレゼントが入っている。<br>(交換/販売不可),ダブルクリックで開けられる,7,3,4,0
49386,etc_tb041001,ヨーグルティング 2学期ボックス,ヨーグルティング 2学期が始まった記念に贈られたプレゼント。<br>142レベルの生徒のためのプレゼントが入っている。<br>(交換/販売不可),ダブルクリックで開けられる,7,3,4,0
49387,etc_tb041001,ヨーグルティング 2学期ボックス,ヨーグルティング 2学期が始まった記念に贈られたプレゼント。<br>143レベルの生徒のためのプレゼントが入っている。<br>(交換/販売不可),ダブルクリックで開けられる,7,3,4,0
49388,etc_tb041001,ヨーグルティング 2学期ボックス,ヨーグルティング 2学期が始まった記念に贈られたプレゼント。<br>144レベルの生徒のためのプレゼントが入っている。<br>(交換/販売不可),ダブルクリックで開けられる,7,3,4,0
49389,etc_tb041001,ヨーグルティング 2学期ボックス,ヨーグルティング 2学期が始まった記念に贈られたプレゼント。<br>145レベルの生徒のためのプレゼントが入っている。<br>(交換/販売不可),ダブルクリックで開けられる,7,3,4,0
49390,etc_tb041001,ヨーグルティング 2学期ボックス,ヨーグルティング 2学期が始まった記念に贈られたプレゼント。<br>146レベルの生徒のためのプレゼントが入っている。<br>(交換/販売不可),ダブルクリックで開けられる,7,3,4,0
49391,etc_tb041001,ヨーグルティング 2学期ボックス,ヨーグルティング 2学期が始まった記念に贈られたプレゼント。<br>147レベルの生徒のためのプレゼントが入っている。<br>(交換/販売不可),ダブルクリックで開けられる,7,3,4,0
49392,etc_tb041001,ヨーグルティング 2学期ボックス,ヨーグルティング 2学期が始まった記念に贈られたプレゼント。<br>148レベルの生徒のためのプレゼントが入っている。<br>(交換/販売不可),ダブルクリックで開けられる,7,3,4,0
49393,etc_tb041001,ヨーグルティング 2学期ボックス,ヨーグルティング 2学期が始まった記念に贈られたプレゼント。<br>149レベルの生徒のためのプレゼントが入っている。<br>(交換/販売不可),ダブルクリックで開けられる,7,3,4,0
49394,etc_tb041001,ヨーグルティング 2学期ボックス,ヨーグルティング 2学期が始まった記念に贈られたプレゼント。<br>150レベルの生徒のためのプレゼントが入っている。<br>(交換/販売不可),ダブルクリックで開けられる,7,3,4,0
49395,etc_tb041001,ヨーグルティング 2学期ボックス,ヨーグルティング 2学期が始まった記念に贈られたプレゼント。<br>151レベルの生徒のためのプレゼントが入っている。<br>(交換/販売不可),ダブルクリックで開けられる,7,3,4,0
49396,etc_tb041001,ヨーグルティング 2学期ボックス,ヨーグルティング 2学期が始まった記念に贈られたプレゼント。<br>152レベルの生徒のためのプレゼントが入っている。<br>(交換/販売不可),ダブルクリックで開けられる,7,3,4,0
49397,etc_tb041001,ヨーグルティング 2学期ボックス,ヨーグルティング 2学期が始まった記念に贈られたプレゼント。<br>153レベルの生徒のためのプレゼントが入っている。<br>(交換/販売不可),ダブルクリックで開けられる,7,3,4,0
49398,etc_tb041001,ヨーグルティング 2学期ボックス,ヨーグルティング 2学期が始まった記念に贈られたプレゼント。<br>154レベルの生徒のためのプレゼントが入っている。<br>(交換/販売不可),ダブルクリックで開けられる,7,3,4,0
49399,etc_tb041001,ヨーグルティング 2学期ボックス,ヨーグルティング 2学期が始まった記念に贈られたプレゼント。<br>155レベルの生徒のためのプレゼントが入っている。<br>(交換/販売不可),ダブルクリックで開けられる,7,3,4,0
49400,etc_tb041001,ヨーグルティング 2学期ボックス,ヨーグルティング 2学期が始まった記念に贈られたプレゼント。<br>156レベルの生徒のためのプレゼントが入っている。<br>(交換/販売不可),ダブルクリックで開けられる,7,3,4,0
49401,etc_tb041001,ヨーグルティング 2学期ボックス,ヨーグルティング 2学期が始まった記念に贈られたプレゼント。<br>157レベルの生徒のためのプレゼントが入っている。<br>(交換/販売不可),ダブルクリックで開けられる,7,3,4,0
49402,etc_tb041001,ヨーグルティング 2学期ボックス,ヨーグルティング 2学期が始まった記念に贈られたプレゼント。<br>158レベルの生徒のためのプレゼントが入っている。<br>(交換/販売不可),ダブルクリックで開けられる,7,3,4,0
49403,etc_tb041001,ヨーグルティング 2学期ボックス,ヨーグルティング 2学期が始まった記念に贈られたプレゼント。<br>159レベルの生徒のためのプレゼントが入っている。<br>(交換/販売不可),ダブルクリックで開けられる,7,3,4,0
49404,etc_tb041001,ヨーグルティング 2学期ボックス,ヨーグルティング 2学期が始まった記念に贈られたプレゼント。<br>160レベルの生徒のためのプレゼントが入っている。<br>(交換/販売不可),ダブルクリックで開けられる,7,3,4,0
49405,etc_tb041001,ヨーグルティング 2学期ボックス,ヨーグルティング 2学期が始まった記念に贈られたプレゼント。<br>161レベルの生徒のためのプレゼントが入っている。<br>(交換/販売不可),ダブルクリックで開けられる,7,3,4,0
49406,etc_tb041001,ヨーグルティング 2学期ボックス,ヨーグルティング 2学期が始まった記念に贈られたプレゼント。<br>162レベルの生徒のためのプレゼントが入っている。<br>(交換/販売不可),ダブルクリックで開けられる,7,3,4,0
49407,etc_tb041001,ヨーグルティング 2学期ボックス,ヨーグルティング 2学期が始まった記念に贈られたプレゼント。<br>163レベルの生徒のためのプレゼントが入っている。<br>(交換/販売不可),ダブルクリックで開けられる,7,3,4,0
49408,etc_tb041001,ヨーグルティング 2学期ボックス,ヨーグルティング 2学期が始まった記念に贈られたプレゼント。<br>164レベルの生徒のためのプレゼントが入っている。<br>(交換/販売不可),ダブルクリックで開けられる,7,3,4,0
49409,etc_tb041001,ヨーグルティング 2学期ボックス,ヨーグルティング 2学期が始まった記念に贈られたプレゼント。<br>165レベルの生徒のためのプレゼントが入っている。<br>(交換/販売不可),ダブルクリックで開けられる,7,3,4,0
49410,etc_tb041001,ヨーグルティング 2学期ボックス,ヨーグルティング 2学期が始まった記念に贈られたプレゼント。<br>166レベルの生徒のためのプレゼントが入っている。<br>(交換/販売不可),ダブルクリックで開けられる,7,3,4,0
49411,etc_tb041001,ヨーグルティング 2学期ボックス,ヨーグルティング 2学期が始まった記念に贈られたプレゼント。<br>167レベルの生徒のためのプレゼントが入っている。<br>(交換/販売不可),ダブルクリックで開けられる,7,3,4,0
49412,etc_tb041001,ヨーグルティング 2学期ボックス,ヨーグルティング 2学期が始まった記念に贈られたプレゼント。<br>168レベルの生徒のためのプレゼントが入っている。<br>(交換/販売不可),ダブルクリックで開けられる,7,3,4,0
49413,etc_tb041001,ヨーグルティング 2学期ボックス,ヨーグルティング 2学期が始まった記念に贈られたプレゼント。<br>169レベルの生徒のためのプレゼントが入っている。<br>(交換/販売不可),ダブルクリックで開けられる,7,3,4,0
49414,etc_tb041001,ヨーグルティング 2学期ボックス,ヨーグルティング 2学期が始まった記念に贈られたプレゼント。<br>170レベルの生徒のためのプレゼントが入っている。<br>(交換/販売不可),ダブルクリックで開けられる,7,3,4,0
49415,etc_tb041001,ヨーグルティング 2学期ボックス,ヨーグルティング 2学期が始まった記念に贈られたプレゼント。<br>171レベルの生徒のためのプレゼントが入っている。<br>(交換/販売不可),ダブルクリックで開けられる,7,3,4,0
49416,etc_tb041001,ヨーグルティング 2学期ボックス,ヨーグルティング 2学期が始まった記念に贈られたプレゼント。<br>172レベルの生徒のためのプレゼントが入っている。<br>(交換/販売不可),ダブルクリックで開けられる,7,3,4,0
49417,etc_tb041001,ヨーグルティング 2学期ボックス,ヨーグルティング 2学期が始まった記念に贈られたプレゼント。<br>173レベルの生徒のためのプレゼントが入っている。<br>(交換/販売不可),ダブルクリックで開けられる,7,3,4,0
49418,etc_tb041001,ヨーグルティング 2学期ボックス,ヨーグルティング 2学期が始まった記念に贈られたプレゼント。<br>174レベルの生徒のためのプレゼントが入っている。<br>(交換/販売不可),ダブルクリックで開けられる,7,3,4,0
49419,etc_tb041001,ヨーグルティング 2学期ボックス,ヨーグルティング 2学期が始まった記念に贈られたプレゼント。<br>175レベルの生徒のためのプレゼントが入っている。<br>(交換/販売不可),ダブルクリックで開けられる,7,3,4,0
49420,etc_tb041001,ヨーグルティング 2学期ボックス,ヨーグルティング 2学期が始まった記念に贈られたプレゼント。<br>176レベルの生徒のためのプレゼントが入っている。<br>(交換/販売不可),ダブルクリックで開けられる,7,3,4,0
49421,etc_tb041001,ヨーグルティング 2学期ボックス,ヨーグルティング 2学期が始まった記念に贈られたプレゼント。<br>177レベルの生徒のためのプレゼントが入っている。<br>(交換/販売不可),ダブルクリックで開けられる,7,3,4,0
49422,etc_tb041001,ヨーグルティング 2学期ボックス,ヨーグルティング 2学期が始まった記念に贈られたプレゼント。<br>178レベルの生徒のためのプレゼントが入っている。<br>(交換/販売不可),ダブルクリックで開けられる,7,3,4,0
49423,etc_tb041001,ヨーグルティング 2学期ボックス,ヨーグルティング 2学期が始まった記念に贈られたプレゼント。<br>179レベルの生徒のためのプレゼントが入っている。<br>(交換/販売不可),ダブルクリックで開けられる,7,3,4,0
49424,etc_tb041001,ヨーグルティング 2学期ボックス,ヨーグルティング 2学期が始まった記念に贈られたプレゼント。<br>180レベルの生徒のためのプレゼントが入っている。<br>(交換/販売不可),ダブルクリックで開けられる,7,3,4,0
49425,etc_tb041001,ヨーグルティング 2学期ボックス,ヨーグルティング 2学期が始まった記念に贈られたプレゼント。<br>181レベルの生徒のためのプレゼントが入っている。<br>(交換/販売不可),ダブルクリックで開けられる,7,3,4,0
49426,etc_tb041001,ヨーグルティング 2学期ボックス,ヨーグルティング 2学期が始まった記念に贈られたプレゼント。<br>182レベルの生徒のためのプレゼントが入っている。<br>(交換/販売不可),ダブルクリックで開けられる,7,3,4,0
49427,etc_tb041001,ヨーグルティング 2学期ボックス,ヨーグルティング 2学期が始まった記念に贈られたプレゼント。<br>183レベルの生徒のためのプレゼントが入っている。<br>(交換/販売不可),ダブルクリックで開けられる,7,3,4,0
49428,etc_tb041001,ヨーグルティング 2学期ボックス,ヨーグルティング 2学期が始まった記念に贈られたプレゼント。<br>184レベルの生徒のためのプレゼントが入っている。<br>(交換/販売不可),ダブルクリックで開けられる,7,3,4,0
49429,etc_tb041001,ヨーグルティング 2学期ボックス,ヨーグルティング 2学期が始まった記念に贈られたプレゼント。<br>185レベルの生徒のためのプレゼントが入っている。<br>(交換/販売不可),ダブルクリックで開けられる,7,3,4,0
49430,etc_tb041001,ヨーグルティング 2学期ボックス,ヨーグルティング 2学期が始まった記念に贈られたプレゼント。<br>186レベルの生徒のためのプレゼントが入っている。<br>(交換/販売不可),ダブルクリックで開けられる,7,3,4,0
49431,etc_tb041001,ヨーグルティング 2学期ボックス,ヨーグルティング 2学期が始まった記念に贈られたプレゼント。<br>187レベルの生徒のためのプレゼントが入っている。<br>(交換/販売不可),ダブルクリックで開けられる,7,3,4,0
49432,etc_tb041001,ヨーグルティング 2学期ボックス,ヨーグルティング 2学期が始まった記念に贈られたプレゼント。<br>188レベルの生徒のためのプレゼントが入っている。<br>(交換/販売不可),ダブルクリックで開けられる,7,3,4,0
49433,etc_tb041001,ヨーグルティング 2学期ボックス,ヨーグルティング 2学期が始まった記念に贈られたプレゼント。<br>189レベルの生徒のためのプレゼントが入っている。<br>(交換/販売不可),ダブルクリックで開けられる,7,3,4,0
49434,etc_tb041001,ヨーグルティング 2学期ボックス,ヨーグルティング 2学期が始まった記念に贈られたプレゼント。<br>190レベルの生徒のためのプレゼントが入っている。<br>(交換/販売不可),ダブルクリックで開けられる,7,3,4,0
49435,etc_tb041001,ヨーグルティング 2学期ボックス,ヨーグルティング 2学期が始まった記念に贈られたプレゼント。<br>191レベルの生徒のためのプレゼントが入っている。<br>(交換/販売不可),ダブルクリックで開けられる,7,3,4,0
49436,etc_tb041001,ヨーグルティング 2学期ボックス,ヨーグルティング 2学期が始まった記念に贈られたプレゼント。<br>192レベルの生徒のためのプレゼントが入っている。<br>(交換/販売不可),ダブルクリックで開けられる,7,3,4,0
49437,etc_tb041001,ヨーグルティング 2学期ボックス,ヨーグルティング 2学期が始まった記念に贈られたプレゼント。<br>193レベルの生徒のためのプレゼントが入っている。<br>(交換/販売不可),ダブルクリックで開けられる,7,3,4,0
49438,etc_tb041001,ヨーグルティング 2学期ボックス,ヨーグルティング 2学期が始まった記念に贈られたプレゼント。<br>194レベルの生徒のためのプレゼントが入っている。<br>(交換/販売不可),ダブルクリックで開けられる,7,3,4,0
49439,etc_tb041001,ヨーグルティング 2学期ボックス,ヨーグルティング 2学期が始まった記念に贈られたプレゼント。<br>195レベルの生徒のためのプレゼントが入っている。<br>(交換/販売不可),ダブルクリックで開けられる,7,3,4,0
49440,etc_tb041001,ヨーグルティング 2学期ボックス,ヨーグルティング 2学期が始まった記念に贈られたプレゼント。<br>196レベルの生徒のためのプレゼントが入っている。<br>(交換/販売不可),ダブルクリックで開けられる,7,3,4,0
49441,etc_tb041001,ヨーグルティング 2学期ボックス,ヨーグルティング 2学期が始まった記念に贈られたプレゼント。<br>197レベルの生徒のためのプレゼントが入っている。<br>(交換/販売不可),ダブルクリックで開けられる,7,3,4,0
49442,etc_tb041001,ヨーグルティング 2学期ボックス,ヨーグルティング 2学期が始まった記念に贈られたプレゼント。<br>198レベルの生徒のためのプレゼントが入っている。<br>(交換/販売不可),ダブルクリックで開けられる,7,3,4,0
49443,etc_tb041001,ヨーグルティング 2学期ボックス,ヨーグルティング 2学期が始まった記念に贈られたプレゼント。<br>199レベルの生徒のためのプレゼントが入っている。<br>(交換/販売不可),ダブルクリックで開けられる,7,3,4,0
49444,etc_tb041001,ヨーグルティング 2学期ボックス,ヨーグルティング 2学期が始まった記念に贈られたプレゼント。<br>200レベルの生徒のためのプレゼントが入っている。<br>(交換/販売不可),ダブルクリックで開けられる,7,3,4,0
49445,etc_rb040001,勝ってうれしいボックス[2年生],ジャンケンで勝った 2年生へのプレゼント。<br>勝者にふさわしいものが入ってるはず！？,ダブルクリックで開けられる,11,0,2,0
49446,etc_rb040002,あいこでしょ！ボックス[2年生],ジャンケンで引き分けた 2年生へのプレゼント。<br>それなりにいいものが入ってるかな？,ダブルクリックで開けられる,11,0,2,0
49447,etc_rb040003,負けてくやしいボックス[2年生],ジャンケンで負けた 2年生へのプレゼント。<br>負けたつらさを癒せるものが入ってるといいね,ダブルクリックで開けられる,11,0,2,0
49448,etc_rb040001,勝ってうれしいボックス[3年生],ジャンケンで勝った 3年生へのプレゼント。<br>勝者にふさわしいものが入ってるはず！？,ダブルクリックで開けられる,11,0,2,0
49449,etc_rb040002,あいこでしょ！ボックス[3年生],ジャンケンで引き分けた 3年生へのプレゼント。<br>それなりにいいものが入ってるかな？,ダブルクリックで開けられる,11,0,2,0
49450,etc_rb040003,負けてくやしいボックス[3年生],ジャンケンで負けた 3年生へのプレゼント。<br>負けたつらさを癒せるものが入ってるといいね,ダブルクリックで開けられる,11,0,2,0
49451,etc_rb040001,勝ってうれしいボックス[4年生],ジャンケンで勝った 4年生へのプレゼント。<br>勝者にふさわしいものが入ってるはず！？,ダブルクリックで開けられる,11,0,2,0
49452,etc_rb040002,あいこでしょ！ボックス[4年生],ジャンケンで引き分けた 4年生へのプレゼント。<br>それなりにいいものが入ってるかな？,ダブルクリックで開けられる,11,0,2,0
49453,etc_rb040003,負けてくやしいボックス[4年生],ジャンケンで負けた 4年生へのプレゼント。<br>負けたつらさを癒せるものが入ってるといいね,ダブルクリックで開けられる,11,0,2,0
49454,etc_rb040001,勝ってうれしいボックス[5年生],ジャンケンで勝った 5年生へのプレゼント。<br>勝者にふさわしいものが入ってるはず！？,ダブルクリックで開けられる,11,0,2,0
49455,etc_rb040002,あいこでしょ！ボックス[5年生],ジャンケンで引き分けた 5年生へのプレゼント。<br>それなりにいいものが入ってるかな？,ダブルクリックで開けられる,11,0,2,0
49456,etc_rb040003,負けてくやしいボックス[5年生],ジャンケンで負けた 5年生へのプレゼント。<br>負けたつらさを癒せるものが入ってるといいね,ダブルクリックで開けられる,11,0,2,0
49457,qe000136,ジャンケンボックス,グー、チョキ、パーのどれかが入ってる箱。運がよければ…？,ダブルクリックで開けられる,10,0,2,0
49458,etc_rb040001,1年生用実力証明ボックス[C],1年生用の「ヨーグル実力テスト」に合格した生徒に贈られるプレゼント。<br>中身は開けてみてのお楽しみ！,ダブルクリックで開けられる,7,0,2,0
49459,etc_rb040001,1年生用実力証明ボックス[B],1年生用の「ヨーグル実力テスト」で充分な実力を証明した生徒に贈られるプレゼント。<br>中身は開けてみてのお楽しみ！,ダブルクリックで開けられる,7,0,2,0
49460,etc_rb040001,1年生用実力証明ボックス[A],1年生用の「ヨーグル実力テスト」で優秀な成績を修めた生徒に贈られるプレゼント。<br>中身は開けてみてのお楽しみ！,ダブルクリックで開けられる,7,0,2,0
49461,etc_rb040001,1年生用実力証明ボックス[S],1年生用の「ヨーグル実力テスト」で最高の成績を修めた生徒だけに贈られるプレゼント。<br>中身は開けてみてのお楽しみ！,ダブルクリックで開けられる,7,0,2,0
49462,etc_rb040002,2年生用実力証明ボックス[C],2年生用の「ヨーグル実力テスト」に合格した生徒に贈られるプレゼント。<br>中身は開けてみてのお楽しみ！,ダブルクリックで開けられる,7,0,2,0
49463,etc_rb040002,2年生用実力証明ボックス[B],2年生用の「ヨーグル実力テスト」で充分な実力を証明した生徒に贈られるプレゼント。<br>中身は開けてみてのお楽しみ！,ダブルクリックで開けられる,7,0,2,0
49464,etc_rb040002,2年生用実力証明ボックス[A],2年生用の「ヨーグル実力テスト」で優秀な成績を修めた生徒に贈られるプレゼント。<br>中身は開けてみてのお楽しみ！,ダブルクリックで開けられる,7,0,2,0
49465,etc_rb040002,2年生用実力証明ボックス[S],2年生用の「ヨーグル実力テスト」で最高の成績を修めた生徒だけに贈られるプレゼント。<br>中身は開けてみてのお楽しみ！,ダブルクリックで開けられる,7,0,2,0
49466,etc_rb040003,3年生用実力証明ボックス[C],3年生用の「ヨーグル実力テスト」に合格した生徒に贈られるプレゼント。<br>中身は開けてみてのお楽しみ！,ダブルクリックで開けられる,7,0,2,0
49467,etc_rb040003,3年生用実力証明ボックス[B],3年生用の「ヨーグル実力テスト」で充分な実力を証明した生徒に贈られるプレゼント。<br>中身は開けてみてのお楽しみ！,ダブルクリックで開けられる,7,0,2,0
49468,etc_rb040003,3年生用実力証明ボックス[A],3年生用の「ヨーグル実力テスト」で優秀な成績を修めた生徒に贈られるプレゼント。<br>中身は開けてみてのお楽しみ！,ダブルクリックで開けられる,7,0,2,0
49469,etc_rb040003,3年生用実力証明ボックス[S],3年生用の「ヨーグル実力テスト」で最高の成績を修めた生徒だけに贈られるプレゼント。<br>中身は開けてみてのお楽しみ！,ダブルクリックで開けられる,7,0,2,0
49470,etc_rb040004,4年生用実力証明ボックス[C],4年生用の「ヨーグル実力テスト」に合格した生徒に贈られるプレゼント。<br>中身は開けてみてのお楽しみ！,ダブルクリックで開けられる,7,0,2,0
49471,etc_rb040004,4年生用実力証明ボックス[B],4年生用の「ヨーグル実力テスト」で充分な実力を証明した生徒に贈られるプレゼント。<br>中身は開けてみてのお楽しみ！,ダブルクリックで開けられる,7,0,2,0
49472,etc_rb040004,4年生用実力証明ボックス[A],4年生用の「ヨーグル実力テスト」で優秀な成績を修めた生徒に贈られるプレゼント。<br>中身は開けてみてのお楽しみ！,ダブルクリックで開けられる,7,0,2,0
49473,etc_rb040004,4年生用実力証明ボックス[S],4年生用の「ヨーグル実力テスト」で最高の成績を修めた生徒だけに贈られるプレゼント。<br>中身は開けてみてのお楽しみ！,ダブルクリックで開けられる,7,0,2,0
49474,etc_rb040005,5年生用実力証明ボックス[C],5年生用の「ヨーグル実力テスト」に合格した生徒に贈られるプレゼント。<br>中身は開けてみてのお楽しみ！,ダブルクリックで開けられる,7,0,2,0
49475,etc_rb040005,5年生用実力証明ボックス[B],5年生用の「ヨーグル実力テスト」で充分な実力を証明した生徒に贈られるプレゼント。<br>中身は開けてみてのお楽しみ！,ダブルクリックで開けられる,7,0,2,0
49476,etc_rb040005,5年生用実力証明ボックス[A],5年生用の「ヨーグル実力テスト」で優秀な成績を修めた生徒に贈られるプレゼント。<br>中身は開けてみてのお楽しみ！,ダブルクリックで開けられる,7,0,2,0
49477,etc_rb040005,5年生用実力証明ボックス[S],5年生用の「ヨーグル実力テスト」で最高の成績を修めた生徒だけに贈られるプレゼント。<br>中身は開けてみてのお楽しみ！,ダブルクリックで開けられる,7,0,2,0
49478,etc_rb049041,アンナ応援感謝ボックス,「春の総選挙！」で 1位になったアンナに投票した人に贈られるプレゼント。<br>オリジナル武器の出現率高し！<br>中身は開けてみてのお楽しみ！,ダブルクリックで開けられる,7,0,2,0
49479,etc_rb049041,人気投票ボックス,「春の総選挙！」でNPC人気投票に参加した人に贈られるプレゼント。<br>オリジナル武器が出るかも？<br>中身は開けてみてのお楽しみ！,ダブルクリックで開けられる,7,0,2,0
49480,etc_rb049041,秋トレボックス[エスティバー学園],秋の学校対抗戦に勝利した記念に贈られるプレゼント。<br>寒い季節に役立つアイテムが入ってます！<br>エスティバー学園の生徒用,ダブルクリックで開けられる,7,0,2,0
49481,etc_rb049041,秋トレボックス[宵月学院],秋の学校対抗戦に勝利した記念に贈られるプレゼント。<br>寒い季節に役立つアイテムが入ってます！<br>宵月学院の生徒用,ダブルクリックで開けられる,7,0,2,0
49482,etc_rb049041,秋トレボックス[エスティバー男子],秋の学校対抗戦に勝利した記念に贈られるプレゼント。<br>寒い季節に役立つアイテムが入ってます！<br>エスティバー学園の男子生徒用,ダブルクリックで開けられる,7,0,2,0
49483,etc_rb049041,秋トレボックス[エスティバー女子],秋の学校対抗戦に勝利した記念に贈られるプレゼント。<br>寒い季節に役立つアイテムが入ってます！<br>エスティバー学園の女生徒用,ダブルクリックで開けられる,7,0,2,0
49484,etc_rb049041,秋トレボックス[宵月男子],秋の学校対抗戦に勝利した記念に贈られるプレゼント。<br>寒い季節に役立つアイテムが入ってます！<br>宵月学院の男子生徒用,ダブルクリックで開けられる,7,0,2,0
49485,etc_rb049041,秋トレボックス[宵月女子],秋の学校対抗戦に勝利した記念に贈られるプレゼント。<br>寒い季節に役立つアイテムが入ってます！<br>宵月学院の女生徒用,ダブルクリックで開けられる,7,0,2,0
49486,etc_rb040001,ヨーグル！ボックス[1年生用],わくわくドキドキ、何が出るかな？<br>中身は開けてみてのお楽しみ！,ダブルクリックで開けられる,7,0,2,0
49487,etc_rb040002,ヨーグル！ボックス[2年生用],わくわくドキドキ、何が出るかな？<br>中身は開けてみてのお楽しみ！,ダブルクリックで開けられる,7,0,2,0
49488,etc_rb040003,ヨーグル！ボックス[3年生用],わくわくドキドキ、何が出るかな？<br>中身は開けてみてのお楽しみ！,ダブルクリックで開けられる,7,0,2,0
49489,etc_rb040004,ヨーグル！ボックス[4年生用],わくわくドキドキ、何が出るかな？<br>中身は開けてみてのお楽しみ！,ダブルクリックで開けられる,7,0,2,0
49490,etc_rb040005,ヨーグル！ボックス[5年生用],わくわくドキドキ、何が出るかな？<br>中身は開けてみてのお楽しみ！,ダブルクリックで開けられる,7,0,2,0
49491,qe000136,宝箱,トレジャーモンスターを倒すと手に入る箱。どんな宝物が入ってるんだろう？　空っぽかも？！<br>中身は開けてみてのお楽しみ！,ダブルクリックで開けられる,10,0,2,0
49492,etc_rb041001,伝統衣装ボックス,男子生徒用の伝統衣装が入っているボックス,ダブルクリックで開けられる,10,1,4,0
49493,etc_rb041001,伝統衣装ボックス,女生徒用の伝統衣装が入っているボックス,ダブルクリックで開けられる,10,1,4,0
49494,etc_rb049041,ステップアップボックス・Hop,EVP解決のため学校に戻ってきた生徒のために、特別に用意されたプレゼント。,ダブルクリックで開けられる,7,0,2,0
49495,etc_rb049041,ステップアップボックス・Step,EVP第二段階の先行調査に協力した、勇気ある生徒のために特別に用意されたプレゼント。<br>激しさを増したEVPに立ち向かうためのアイテムが入っている！,ダブルクリックで開けられる,7,0,2,0
49496,etc_rb049041,ステップアップボックス・Jump！,EVP解決のために努力している生徒のために、特別に用意されたプレゼント。<br>このアイテムで勝利をつかもう！,ダブルクリックで開けられる,7,0,2,0
49497,etc_rb049041,ヨーグルリンクボックス,ヨーグルリンクに登録している生徒のために、特別に用意されたプレゼント。<br>中身は開けてみてのお楽しみ！,ダブルクリックで開けられる,7,0,2,0
49498,etc_rb049041,アニバーサリーボックス[1年生用],わくわくドキドキ、何が出るかな？<br>中身は開けてみてのお楽しみ！,ダブルクリックで開けられる,7,0,2,0
49499,etc_rb049041,アニバーサリーボックス[2年生用],わくわくドキドキ、何が出るかな？<br>中身は開けてみてのお楽しみ！,ダブルクリックで開けられる,7,0,2,0
49500,etc_rb049041,アニバーサリーボックス[3年生用],わくわくドキドキ、何が出るかな？<br>中身は開けてみてのお楽しみ！,ダブルクリックで開けられる,7,0,2,0
49501,etc_rb049041,アニバーサリーボックス[4年生用],わくわくドキドキ、何が出るかな？<br>中身は開けてみてのお楽しみ！,ダブルクリックで開けられる,7,0,2,0
49502,etc_rb049041,アニバーサリーボックス[5年生用],わくわくドキドキ、何が出るかな？<br>中身は開けてみてのお楽しみ！,ダブルクリックで開けられる,7,0,2,0
49503,etc_rb049041,秋コレボックス,スペシャルな制服が入ってるかも！？<br>中身は開けてみてのお楽しみ！,ダブルクリックで開けられる,7,0,2,0
49504,etc_rb049041,秋コレボックス[クールスタイル],エスティバー学園　男子生徒用冬服のバリエーション上着が入っている,ダブルクリックで開けられる,7,0,4,0
49505,etc_rb049041,秋コレボックス[オータムドレス],エスティバー学園　女生徒用冬服のバリエーション制服が入っている,ダブルクリックで開けられる,7,0,4,0
49506,etc_rb049041,秋コレボックス[寒空の半月],宵月学院　男子生徒用冬服のバリエーション上着が入っている,ダブルクリックで開けられる,7,0,4,0
49507,etc_rb049041,秋コレボックス[秋の夜長に],宵月学院　女生徒用冬服のバリエーションスカートが入っている,ダブルクリックで開けられる,7,0,4,0
49508,etc_rb049041,秋コレボックス[未来少年],男子生徒用　サイバー制服一式が入っている,ダブルクリックで開けられる,7,0,4,0
49509,etc_rb049041,秋コレボックス[未来世紀],女生徒用　サイバー制服一式が入っている,ダブルクリックで開けられる,7,0,4,0
49510,etc_rb049041,秋コレボックス[爆発アーティスト],エスティバー学園　男子生徒用　アトリエエプロンが入っている,ダブルクリックで開けられる,7,0,4,0
49511,etc_rb049041,秋コレボックス[ルネッサンスNow],エスティバー学園　女生徒用　アトリエエプロンが入っている,ダブルクリックで開けられる,7,0,4,0
49512,etc_rb049041,秋コレボックス[晩秋の色彩],宵月学院　男子生徒用　美術部制服一式が入っている,ダブルクリックで開けられる,7,0,4,0
49513,etc_rb049041,秋コレボックス[郷愁の風景],宵月学院　女生徒用　美術部制服一式が入っている,ダブルクリックで開けられる,7,0,4,0
49514,etc_rb049041,秋コレボックス[スクールファイター],エスティバー学園　男子生徒用　格闘部制服一式が入っている,ダブルクリックで開けられる,7,0,4,0
49515,etc_rb049041,秋コレボックス[乙女のプライド],エスティバー学園　女生徒用　格闘部制服一式が入っている,ダブルクリックで開けられる,7,0,4,0
49516,etc_rb049041,秋コレボックス[色足是空],宵月学院　男子生徒用　テコンドー部制服一式が入っている,ダブルクリックで開けられる,7,0,4,0
49517,etc_rb049041,秋コレボックス[当意足妙],宵月学院　女生徒用　テコンドー部制服一式が入っている,ダブルクリックで開けられる,7,0,4,0
49518,etc_rb049041,秋コレボックス[男の友情],エスティバー学園　男子生徒用　カーディガンが入っている。<br>放送委員キリンの手編みらしい,ダブルクリックで開けられる,7,0,4,0
49519,etc_rb049041,秋コレボックス[愛を込めて],エスティバー学園　女生徒用　ガーディガンが入っている。<br>放送委員キリンの手編みらしい,ダブルクリックで開けられる,7,0,4,0
49520,etc_rb049041,秋コレボックス[男の誓い],宵月学院　男子生徒用　ニットが入っている。<br>放送委員キリンの手編みらしい,ダブルクリックで開けられる,7,0,4,0
49521,etc_rb049041,秋コレボックス[想いを込めて],宵月学院　女生徒用　ニットが入っている。<br>放送委員キリンの手編みらしい,ダブルクリックで開けられる,7,0,4,0
49522,etc_rb049041,秋コレボックス[オホーツクの冬],エスティバー学園　男子生徒用　コートが入っている,ダブルクリックで開けられる,7,0,4,0
49523,etc_rb049041,秋コレボックス[秋の彼方],エスティバー学園　女生徒用　コートが入っている,ダブルクリックで開けられる,7,0,4,0
49524,etc_rb049041,秋コレボックス[冬の備え],宵月学院　男子生徒用　コートが入っている,ダブルクリックで開けられる,7,0,4,0
49525,etc_rb049041,秋コレボックス[白い吐息],宵月学院　女生徒用　コートが入っている,ダブルクリックで開けられる,7,0,4,0
49526,etc_rb049041,秋コレボックス[？],一周年を記念するにふさわしいスペシャルなアイテムが入ってるかも！？<br>中身は開けてみてのお楽しみ！,ダブルクリックで開けられる,7,0,4,0
49527,etc_rb049041,秋コレボックス[？],一周年を記念するにふさわしいスペシャルなアイテムが入ってるかも！？<br>中身は開けてみてのお楽しみ！,ダブルクリックで開けられる,7,0,4,0
49528,etc_rb049041,秋コレボックス[？],一周年を記念するにふさわしいスペシャルなアイテムが入ってるかも！？<br>中身は開けてみてのお楽しみ！,ダブルクリックで開けられる,7,0,4,0
49529,etc_rb049041,秋コレボックス[？],一周年を記念するにふさわしいスペシャルなアイテムが入ってるかも！？<br>中身は開けてみてのお楽しみ！,ダブルクリックで開けられる,7,0,4,0
49530,etc_rb049041,若君ボックス,期間限定で使用可能な、男子生徒用　紋付袴と履物が入っているボックス,ダブルクリックで開けられる,10,3,4,0
49531,etc_rb049041,姫御前ボックス,期間限定で使用可能な、女生徒用　着物と履物が入っているボックス,ダブルクリックで開けられる,10,3,4,0
49532,etc_rb049041,キラ☆フワ☆クマさんボックス,制服デザインコンテスト雑誌部門の最優秀作品。イラストレーター・濱元隆輔氏がデザインした、男子生徒用「キラ☆フワ☆クマさんライフ」制服一式が入っている,ダブルクリックで開けられる,10,3,4,0
49533,etc_rb049041,キラ☆フワ☆クマさんボックス,制服デザインコンテスト雑誌部門の最優秀作品。イラストレーター・濱元隆輔氏がデザインした、女生徒用「キラ☆フワ☆クマさんライフ」制服一式が入っている,ダブルクリックで開けられる,10,3,4,0
49534,etc_rb049041,天文学ボックス,制服デザインコンテスト一般部門の最優秀作品。ペンネーム・遠野四季さんがデザインした、男子生徒用「天文学部」制服一式が入っている,ダブルクリックで開けられる,10,3,4,0
49535,etc_rb049041,天文学ボックス,制服デザインコンテスト一般部門の最優秀作品。ペンネーム・遠野四季さんがデザインした、女生徒用「天文学部」制服一式が入っている,ダブルクリックで開けられる,10,3,4,0
49536,etc_rb049041,吹奏楽ボックス,制服デザインコンテスト学生部門の最優秀作品。<br>ペンネーム・コテラさんがデザインした、男子生徒用「吹奏楽部」制服一式が入っている,ダブルクリックで開けられる,10,3,4,0
49537,etc_rb049041,吹奏楽ボックス,制服デザインコンテスト学生部門の最優秀作品。<br>ペンネーム・コテラさんがデザインした、女生徒用「吹奏楽部」制服一式が入っている,ダブルクリックで開けられる,10,3,4,0
99001,etc_rb049007,テスト用ランダムボックス,テスト用ランダムボックス<br>ヨーグルト 1日権入り,テスト専用！配布禁止！,7,3,2,0
99002,etc_rb049007,テスト用ランダムボックス,テスト用ランダムボックス<br>ヨーグルト 3日権入り,テスト専用！配布禁止！,7,3,2,0
99003,etc_rb049007,テスト用ランダムボックス,テスト用ランダムボックス<br>ヨーグルト 7日権入り,テスト専用！配布禁止！,7,3,2,0
99004,etc_rb049007,テスト用ランダムボックス,テスト用ランダムボックス<br>ヨーグルト 30日権入り,テスト専用！配布禁止！,7,3,2,0
99005,etc_rb049007,テスト用ランダムボックス,テスト用ランダムボックス<br>ヨーグルト 90日権入り,テスト専用！配布禁止！,7,3,2,0
99006,etc_rb049007,テスト用ランダムボックス,テスト用ランダムボックス<br>ヨーグルト 180日権入り,テスト専用！配布禁止！,7,3,2,0
99007,etc_rb049007,テスト用ランダムボックス,テスト用ランダムボックス<br>ヨーグルト 365日権入り,テスト専用！配布禁止！,7,3,2,0
99008,etc_rb049007,テスト用ランダムボックス,テスト用ランダムボックス<br>1年生用強化保険証入り,テスト専用！配布禁止！,7,3,2,0
99009,etc_rb049007,テスト用ランダムボックス,テスト用ランダムボックス<br>2年生用強化保険証入り,テスト専用！配布禁止！,7,3,2,0
99010,etc_rb049007,テスト用ランダムボックス,テスト用ランダムボックス<br>3年生用強化保険証入り,テスト専用！配布禁止！,7,3,2,0
99011,etc_rb049007,テスト用ランダムボックス,テスト用ランダムボックス<br>4年生用強化保険証入り,テスト専用！配布禁止！,7,3,2,0
99012,etc_rb049007,テスト用ランダムボックス,テスト用ランダムボックス<br>5年生用強化保険証入り,テスト専用！配布禁止！,7,3,2,0
99013,etc_rb049007,テスト用ランダムボックス,テスト用ランダムボックス<br>1年生用強化保険証(特約付)入り,テスト専用！配布禁止！,7,3,2,0
99014,etc_rb049007,テスト用ランダムボックス,テスト用ランダムボックス<br>2年生用強化保険証(特約付)入り,テスト専用！配布禁止！,7,3,2,0
99015,etc_rb049007,テスト用ランダムボックス,テスト用ランダムボックス<br>3年生用強化保険証(特約付)入り,テスト専用！配布禁止！,7,3,2,0
99016,etc_rb049007,テスト用ランダムボックス,テスト用ランダムボックス<br>4年生用強化保険証(特約付)入り,テスト専用！配布禁止！,7,3,2,0
99017,etc_rb049007,テスト用ランダムボックス,テスト用ランダムボックス<br>5年生用強化保険証(特約付)入り,テスト専用！配布禁止！,7,3,2,0
99018,etc_rb049007,テスト用ランダムボックス,테스트용 랜덤박스<br>거래 불가 4-3차 블레이드 탑재,テスト専用！配布禁止！,7,3,2,0
99019,etc_rb049007,テスト用ランダムボックス,테스트용 랜덤박스<br>거래 불가 4-3차 블레이드 탑재,テスト専用！配布禁止！,7,3,2,0
99020,etc_rb049007,テスト用ランダムボックス,테스트용 랜덤박스<br>거래 불가 4-3차 블레이드 탑재,テスト専用！配布禁止！,7,3,2,0
99021,etc_rb049007,テスト用ランダムボックス,테스트용 랜덤박스<br>거래 불가 4-3차 블레이드 탑재,テスト専用！配布禁止！,7,3,2,0
99022,etc_rb049007,テスト用ランダムボックス,테스트용 랜덤박스<br>결정 아이템 탑재,テスト専用！配布禁止！,7,3,2,0
99023,etc_rb049007,テスト用ランダムボックス,테스트용 랜덤박스<br>결정 아이템 탑재,テスト専用！配布禁止！,7,3,2,0
99024,etc_rb049007,テスト用ランダムボックス,테스트용 랜덤박스<br>결정 아이템 탑재,テスト専用！配布禁止！,7,3,2,0
99025,etc_rb049007,テスト用ランダムボックス,테스트용 랜덤박스<br>결정 아이템 탑재,テスト専用！配布禁止！,7,3,2,0
99026,etc_rb049007,テスト用ランダムボックス,테스트용 랜덤박스<br>결정 아이템 탑재,テスト専用！配布禁止！,7,3,2,0
99027,etc_rb049007,テスト用ランダムボックス,테스트용 랜덤박스<br>참고서 아이템 탑재,テスト専用！配布禁止！,7,3,2,0
99028,etc_rb049007,テスト用ランダムボックス,테스트용 랜덤박스<br>참고서 아이템 탑재,テスト専用！配布禁止！,7,3,2,0
99029,etc_rb049007,テスト用ランダムボックス,테스트용 랜덤박스<br>참고서 아이템 탑재,テスト専用！配布禁止！,7,3,2,0
99030,etc_rb049007,テスト用ランダムボックス,테스트용 랜덤박스<br>참고서 아이템 탑재,テスト専用！配布禁止！,7,3,2,0
99031,etc_rb049007,テスト用ランダムボックス,테스트용 랜덤박스<br>참고서 아이템 탑재,テスト専用！配布禁止！,7,3,2,0
99032,etc_rb049007,テスト用ランダムボックス,테스트용 랜덤박스<br>Taff 탑재,テスト専用！配布禁止！,7,3,2,0
99033,etc_rb049007,テスト用ランダムボックス,테스트용 랜덤박스<br>퀘스트 아이템 탑재,テスト専用！配布禁止！,7,3,2,0
99034,etc_tb041001,プレゼントボックス,テスト用 (エス男),複数のアイテムをプレゼント可能,6,3,4,0
99035,etc_tb041001,プレゼントボックス,テスト用 (エス女),複数のアイテムをプレゼント可能,6,3,4,0
99036,etc_tb041001,プレゼントボックス,テスト用 (宵月男),複数のアイテムをプレゼント可能,6,3,4,0
99037,etc_tb041001,プレゼントボックス,テスト用 (宵月女),複数のアイテムをプレゼント可能,6,3,4,0
99038,etc_tb041001,プレゼントボックス,テスト用 (消費/装備),複数のアイテムをプレゼント可能,6,3,4,0
