index,stone_id,v1,v2,v3,v4,v5,v6,v7,v8,v9,v10,v11,v12,v13,v14,v15,v16,v17,v18,v19,v20,v21,v22,v23,v24,v25,v26,v27,v28,v29,v30,v31,v32
0,101100,0,0,1,0,0,0,0,0,0,0,0,0,0,0,1,0,0,0,0,0,0,0,0,0,0,1,0,1,3,1,8,0
1,101101,0,0,1,0,0,0,0,0,0,0,0,0,0,0,13,0,0,0,0,0,0,0,0,0,0,1,0,1,3,1,8,110100
2,101102,0,0,1,0,0,0,0,0,0,0,0,0,0,0,25,0,0,0,0,0,0,0,0,0,0,1,0,1,3,1,8,110200
3,101110,0,0,1,15,0,0,0,0,0,0,0,0,0,0,23,0,0,0,0,0,0,0,0,0,0,1,0,1,3,1,8,0
4,101111,0,0,1,15,5,0,0,0,0,0,0,0,0,0,35,0,0,0,0,0,0,0,0,0,0,1,0,1,3,1,8,110100
5,101112,0,0,1,15,10,0,0,0,0,0,0,0,0,0,47,0,0,0,0,0,0,0,0,0,0,1,0,1,3,1,8,110200
6,101200,0,0,2,0,0,0,0,0,0,0,0,0,0,0,45,0,0,0,0,0,0,0,0,0,0,1,0,1,3,1,8,0
7,101201,0,0,2,0,0,0,0,0,0,0,0,0,0,0,57,0,0,0,0,0,0,0,0,0,0,1,0,1,3,1,8,110100
8,101202,0,0,2,0,0,0,0,0,0,0,0,0,0,0,69,0,0,0,0,0,0,0,0,0,0,1,0,1,3,1,8,110200
9,101210,0,0,2,40,0,0,0,0,0,0,0,0,0,0,67,0,0,0,0,0,0,0,0,0,0,1,0,1,3,1,8,0
10,101211,0,0,2,40,10,0,0,0,0,0,0,0,0,0,79,0,0,0,0,0,0,0,0,0,0,1,0,1,3,1,8,110100
11,101212,0,0,2,40,25,0,0,0,0,0,0,0,0,0,91,0,0,0,0,0,0,0,0,0,0,1,0,1,3,1,8,110200
12,101220,0,0,2,55,0,0,0,0,0,0,0,0,0,0,89,0,0,0,0,0,0,0,0,0,0,1,0,1,3,1,8,0
13,101221,0,0,2,55,25,0,0,0,0,0,0,0,0,0,101,0,0,0,0,0,0,0,0,0,0,1,0,1,3,1,8,110100
14,101222,0,0,2,55,40,0,0,0,0,0,0,0,0,0,113,0,0,0,0,0,0,0,0,0,0,1,0,1,3,1,8,110200
15,101300,0,0,3,0,0,0,0,0,0,0,0,0,0,0,111,0,0,0,0,0,0,0,0,0,0,1,0,1,3,1,8,0
16,101301,0,0,3,0,0,0,0,0,0,0,0,0,0,0,123,0,0,0,0,0,0,0,0,0,0,1,0,1,3,1,8,110100
17,101302,0,0,3,0,0,0,0,0,0,0,0,0,0,0,135,0,0,0,0,0,0,0,0,0,0,1,0,1,3,1,8,110200
18,101310,0,0,3,70,0,0,0,0,0,0,0,0,0,0,133,0,0,0,0,0,0,0,0,0,0,1,0,1,3,1,8,112000
19,101311,0,0,3,70,20,0,0,0,0,0,0,0,0,0,145,0,0,0,0,0,0,0,0,0,0,1,0,1,3,1,8,112100
20,101312,0,0,3,70,45,0,0,0,0,0,0,0,0,0,157,0,0,0,0,0,0,0,0,0,0,1,0,1,3,1,8,112200
21,101320,0,0,3,85,0,0,0,0,0,0,0,0,0,0,155,0,0,0,0,0,0,0,0,0,0,1,0,1,3,1,8,112000
22,101321,0,0,3,85,35,0,0,0,0,0,0,0,0,0,167,0,0,0,0,0,0,0,0,0,0,1,0,1,3,1,8,112100
23,101322,0,0,3,85,60,0,0,0,0,0,0,0,0,0,179,0,0,0,0,0,0,0,0,0,0,1,0,1,3,1,8,112200
24,101400,0,0,4,0,0,0,0,0,0,0,0,0,0,0,177,0,0,0,0,0,0,0,0,0,0,1,0,1,3,1,8,0
25,101401,0,0,4,0,0,0,0,0,0,0,0,0,0,0,189,0,0,0,0,0,0,0,0,0,0,1,0,1,3,1,8,110100
26,101402,0,0,4,0,0,0,0,0,0,0,0,0,0,0,201,0,0,0,0,0,0,0,0,0,0,1,0,1,3,1,8,110200
27,101410,0,0,4,100,0,0,0,0,0,0,0,0,0,0,199,0,0,0,0,0,0,0,0,0,0,1,0,1,3,1,8,113000
28,101411,0,0,4,100,30,0,0,0,0,0,0,0,0,0,211,0,0,0,0,0,0,0,0,0,0,1,0,1,3,1,8,113100
29,101412,0,0,4,100,65,0,0,0,0,0,0,0,0,0,223,0,0,0,0,0,0,0,0,0,0,1,0,1,3,1,8,113200
30,101420,0,0,4,115,0,0,0,0,0,0,0,0,0,0,221,0,0,0,0,0,0,0,0,0,0,1,0,1,3,1,8,113000
31,101421,0,0,4,115,45,0,0,0,0,0,0,0,0,0,233,0,0,0,0,0,0,0,0,0,0,1,0,1,3,1,8,113100
32,101422,0,0,4,115,80,0,0,0,0,0,0,0,0,0,245,0,0,0,0,0,0,0,0,0,0,1,0,1,3,1,8,113200
33,101430,0,0,4,125,0,0,0,0,0,0,0,0,0,0,243,0,0,0,0,0,0,0,0,0,0,1,0,1,3,1,8,113000
34,101431,0,0,4,125,55,0,0,0,0,0,0,0,0,0,255,0,0,0,0,0,0,0,0,0,0,1,0,1,3,1,8,113100
35,101432,0,0,4,125,90,0,0,0,0,0,0,0,0,0,267,0,0,0,0,0,0,0,0,0,0,1,0,1,3,1,8,113200
36,101500,0,0,5,0,0,0,0,0,0,0,0,0,0,0,265,0,0,0,0,0,0,0,0,0,0,1,0,1,3,1,8,0
37,101501,0,0,5,0,0,0,0,0,0,0,0,0,0,0,277,0,0,0,0,0,0,0,0,0,0,1,0,1,3,1,8,110100
38,101502,0,0,5,0,0,0,0,0,0,0,0,0,0,0,289,0,0,0,0,0,0,0,0,0,0,1,0,1,3,1,8,110200
39,101510,0,0,5,140,0,0,0,0,0,0,0,0,0,0,287,0,0,0,0,0,0,0,0,0,0,1,0,1,3,1,8,114000
40,101511,0,0,5,140,60,0,0,0,0,0,0,0,0,0,299,0,0,0,0,0,0,0,0,0,0,1,0,1,3,1,8,114100
41,101512,0,0,5,140,100,0,0,0,0,0,0,0,0,0,311,0,0,0,0,0,0,0,0,0,0,1,0,1,3,1,8,114200
42,101520,0,0,5,155,0,0,0,0,0,0,0,0,0,0,309,0,0,0,0,0,0,0,0,0,0,1,0,1,3,1,8,114000
43,101521,0,0,5,155,75,0,0,0,0,0,0,0,0,0,321,0,0,0,0,0,0,0,0,0,0,1,0,1,3,1,8,114100
44,101522,0,0,5,155,115,0,0,0,0,0,0,0,0,0,333,0,0,0,0,0,0,0,0,0,0,1,0,1,3,1,8,114200
45,101530,0,0,5,170,0,0,0,0,0,0,0,0,0,0,331,0,0,0,0,0,0,0,0,0,0,1,0,1,3,1,8,115000
46,101531,0,0,5,170,90,0,0,0,0,0,0,0,0,0,343,0,0,0,0,0,0,0,0,0,0,1,0,1,3,1,8,115100
47,101532,0,0,5,170,130,0,0,0,0,0,0,0,0,0,355,0,0,0,0,0,0,0,0,0,0,1,0,1,3,1,8,115200
48,101540,0,0,5,185,0,0,0,0,0,0,0,0,0,0,353,0,0,0,0,0,0,0,0,0,0,1,0,1,3,1,8,115000
49,101541,0,0,5,185,105,0,0,0,0,0,0,0,0,0,365,0,0,0,0,0,0,0,0,0,0,1,0,1,3,1,8,115100
50,101542,0,0,5,185,145,0,0,0,0,0,0,0,0,0,377,0,0,0,0,0,0,0,0,0,0,1,0,1,3,1,8,115200
51,102100,0,0,1,0,0,0,0,0,0,0,0,0,0,0,3,0,0,0,0,0,0,0,0,0,0,1,0,1,3,2,8,0
52,102101,0,0,1,0,0,0,0,0,0,0,0,0,0,0,15,0,0,0,0,0,0,0,0,0,0,1,0,1,3,2,8,120100
53,102102,0,0,1,0,0,0,0,0,0,0,0,0,0,0,27,0,0,0,0,0,0,0,0,0,0,1,0,1,3,2,8,120200
54,102110,0,0,1,15,0,0,0,0,0,0,0,0,0,0,25,0,0,0,0,0,0,0,0,0,0,1,0,1,3,2,8,0
55,102111,0,0,1,15,0,5,0,0,0,0,0,0,0,0,37,0,0,0,0,0,0,0,0,0,0,1,0,1,3,2,8,120100
56,102112,0,0,1,15,0,10,0,0,0,0,0,0,0,0,49,0,0,0,0,0,0,0,0,0,0,1,0,1,3,2,8,120200
57,102200,0,0,2,0,0,0,0,0,0,0,0,0,0,0,47,0,0,0,0,0,0,0,0,0,0,1,0,1,3,2,8,0
58,102201,0,0,2,0,0,0,0,0,0,0,0,0,0,0,59,0,0,0,0,0,0,0,0,0,0,1,0,1,3,2,8,120100
59,102202,0,0,2,0,0,0,0,0,0,0,0,0,0,0,71,0,0,0,0,0,0,0,0,0,0,1,0,1,3,2,8,120200
60,102210,0,0,2,40,0,0,0,0,0,0,0,0,0,0,69,0,0,0,0,0,0,0,0,0,0,1,0,1,3,2,8,0
61,102211,0,0,2,40,0,10,0,0,0,0,0,0,0,0,81,0,0,0,0,0,0,0,0,0,0,1,0,1,3,2,8,120100
62,102212,0,0,2,40,0,25,0,0,0,0,0,0,0,0,93,0,0,0,0,0,0,0,0,0,0,1,0,1,3,2,8,120200
63,102220,0,0,2,55,0,0,0,0,0,0,0,0,0,0,91,0,0,0,0,0,0,0,0,0,0,1,0,1,3,2,8,0
64,102221,0,0,2,55,0,25,0,0,0,0,0,0,0,0,103,0,0,0,0,0,0,0,0,0,0,1,0,1,3,2,8,120100
65,102222,0,0,2,55,0,40,0,0,0,0,0,0,0,0,115,0,0,0,0,0,0,0,0,0,0,1,0,1,3,2,8,120200
66,102300,0,0,3,0,0,0,0,0,0,0,0,0,0,0,113,0,0,0,0,0,0,0,0,0,0,1,0,1,3,2,8,0
67,102301,0,0,3,0,0,0,0,0,0,0,0,0,0,0,125,0,0,0,0,0,0,0,0,0,0,1,0,1,3,2,8,120100
68,102302,0,0,3,0,0,0,0,0,0,0,0,0,0,0,137,0,0,0,0,0,0,0,0,0,0,1,0,1,3,2,8,120200
69,102310,0,0,3,70,0,0,0,0,0,0,0,0,0,0,135,0,0,0,0,0,0,0,0,0,0,1,0,1,3,2,8,122000
70,102311,0,0,3,70,0,20,0,0,0,0,0,0,0,0,147,0,0,0,0,0,0,0,0,0,0,1,0,1,3,2,8,122100
71,102312,0,0,3,70,0,45,0,0,0,0,0,0,0,0,159,0,0,0,0,0,0,0,0,0,0,1,0,1,3,2,8,122200
72,102320,0,0,3,85,0,0,0,0,0,0,0,0,0,0,157,0,0,0,0,0,0,0,0,0,0,1,0,1,3,2,8,122000
73,102321,0,0,3,85,0,35,0,0,0,0,0,0,0,0,169,0,0,0,0,0,0,0,0,0,0,1,0,1,3,2,8,122100
74,102322,0,0,3,85,0,60,0,0,0,0,0,0,0,0,181,0,0,0,0,0,0,0,0,0,0,1,0,1,3,2,8,122200
75,102400,0,0,4,0,0,0,0,0,0,0,0,0,0,0,179,0,0,0,0,0,0,0,0,0,0,1,0,1,3,2,8,0
76,102401,0,0,4,0,0,0,0,0,0,0,0,0,0,0,191,0,0,0,0,0,0,0,0,0,0,1,0,1,3,2,8,120100
77,102402,0,0,4,0,0,0,0,0,0,0,0,0,0,0,203,0,0,0,0,0,0,0,0,0,0,1,0,1,3,2,8,120200
78,102410,0,0,4,100,0,0,0,0,0,0,0,0,0,0,201,0,0,0,0,0,0,0,0,0,0,1,0,1,3,2,8,123000
79,102411,0,0,4,100,0,30,0,0,0,0,0,0,0,0,213,0,0,0,0,0,0,0,0,0,0,1,0,1,3,2,8,123100
80,102412,0,0,4,100,0,65,0,0,0,0,0,0,0,0,225,0,0,0,0,0,0,0,0,0,0,1,0,1,3,2,8,123200
81,102420,0,0,4,115,0,0,0,0,0,0,0,0,0,0,223,0,0,0,0,0,0,0,0,0,0,1,0,1,3,2,8,123000
82,102421,0,0,4,115,0,45,0,0,0,0,0,0,0,0,235,0,0,0,0,0,0,0,0,0,0,1,0,1,3,2,8,123100
83,102422,0,0,4,115,0,80,0,0,0,0,0,0,0,0,247,0,0,0,0,0,0,0,0,0,0,1,0,1,3,2,8,123200
84,102430,0,0,4,125,0,0,0,0,0,0,0,0,0,0,245,0,0,0,0,0,0,0,0,0,0,1,0,1,3,2,8,123000
85,102431,0,0,4,125,0,55,0,0,0,0,0,0,0,0,257,0,0,0,0,0,0,0,0,0,0,1,0,1,3,2,8,123100
86,102432,0,0,4,125,0,90,0,0,0,0,0,0,0,0,269,0,0,0,0,0,0,0,0,0,0,1,0,1,3,2,8,123200
87,102500,0,0,5,0,0,0,0,0,0,0,0,0,0,0,267,0,0,0,0,0,0,0,0,0,0,1,0,1,3,2,8,0
88,102501,0,0,5,0,0,0,0,0,0,0,0,0,0,0,279,0,0,0,0,0,0,0,0,0,0,1,0,1,3,2,8,120100
89,102502,0,0,5,0,0,0,0,0,0,0,0,0,0,0,291,0,0,0,0,0,0,0,0,0,0,1,0,1,3,2,8,120200
90,102510,0,0,5,140,0,0,0,0,0,0,0,0,0,0,289,0,0,0,0,0,0,0,0,0,0,1,0,1,3,2,8,124000
91,102511,0,0,5,140,0,60,0,0,0,0,0,0,0,0,301,0,0,0,0,0,0,0,0,0,0,1,0,1,3,2,8,124100
92,102512,0,0,5,140,0,100,0,0,0,0,0,0,0,0,313,0,0,0,0,0,0,0,0,0,0,1,0,1,3,2,8,124200
93,102520,0,0,5,155,0,0,0,0,0,0,0,0,0,0,311,0,0,0,0,0,0,0,0,0,0,1,0,1,3,2,8,124000
94,102521,0,0,5,155,0,75,0,0,0,0,0,0,0,0,323,0,0,0,0,0,0,0,0,0,0,1,0,1,3,2,8,124100
95,102522,0,0,5,155,0,115,0,0,0,0,0,0,0,0,335,0,0,0,0,0,0,0,0,0,0,1,0,1,3,2,8,124200
96,102530,0,0,5,170,0,0,0,0,0,0,0,0,0,0,333,0,0,0,0,0,0,0,0,0,0,1,0,1,3,2,8,125000
97,102531,0,0,5,170,0,90,0,0,0,0,0,0,0,0,345,0,0,0,0,0,0,0,0,0,0,1,0,1,3,2,8,125100
98,102532,0,0,5,170,0,130,0,0,0,0,0,0,0,0,357,0,0,0,0,0,0,0,0,0,0,1,0,1,3,2,8,125200
99,102540,0,0,5,185,0,0,0,0,0,0,0,0,0,0,355,0,0,0,0,0,0,0,0,0,0,1,0,1,3,2,8,125000
100,102541,0,0,5,185,0,105,0,0,0,0,0,0,0,0,367,0,0,0,0,0,0,0,0,0,0,1,0,1,3,2,8,125100
101,102542,0,0,5,185,0,145,0,0,0,0,0,0,0,0,379,0,0,0,0,0,0,0,0,0,0,1,0,1,3,2,8,125200
102,103100,0,0,1,0,0,0,0,0,0,0,0,0,0,0,1,0,0,0,0,0,0,0,0,0,0,1,0,1,3,3,1,0
103,103101,0,0,1,0,0,0,0,0,0,0,0,0,0,0,13,0,0,0,0,0,0,0,0,0,0,1,0,1,3,3,1,130100
104,103102,0,0,1,0,0,0,0,0,0,0,0,0,0,0,25,0,0,0,0,0,0,0,0,0,0,1,0,1,3,3,1,130200
105,103110,0,0,1,15,0,0,0,0,0,0,0,0,0,0,23,0,0,0,0,0,0,0,0,0,0,1,0,1,3,3,1,0
106,103111,0,0,1,15,0,0,5,0,0,0,0,0,0,0,35,0,0,0,0,0,0,0,0,0,0,1,0,1,3,3,1,130100
107,103112,0,0,1,15,0,0,10,0,0,0,0,0,0,0,47,0,0,0,0,0,0,0,0,0,0,1,0,1,3,3,1,130200
108,103200,0,0,2,0,0,0,0,0,0,0,0,0,0,0,34,0,0,0,0,0,0,0,0,0,0,1,0,1,3,3,1,0
109,103201,0,0,2,0,0,0,0,0,0,0,0,0,0,0,46,0,0,0,0,0,0,0,0,0,0,1,0,1,3,3,1,130100
110,103202,0,0,2,0,0,0,0,0,0,0,0,0,0,0,58,0,0,0,0,0,0,0,0,0,0,1,0,1,3,3,1,130200
111,103210,0,0,2,40,0,0,0,0,0,0,0,0,0,0,56,0,0,0,0,0,0,0,0,0,0,1,0,1,3,3,1,0
112,103211,0,0,2,40,0,0,10,0,0,0,0,0,0,0,68,0,0,0,0,0,0,0,0,0,0,1,0,1,3,3,1,130100
113,103212,0,0,2,40,0,0,25,0,0,0,0,0,0,0,80,0,0,0,0,0,0,0,0,0,0,1,0,1,3,3,1,130200
114,103220,0,0,2,55,0,0,0,0,0,0,0,0,0,0,78,0,0,0,0,0,0,0,0,0,0,1,0,1,3,3,1,0
115,103221,0,0,2,55,0,0,25,0,0,0,0,0,0,0,90,0,0,0,0,0,0,0,0,0,0,1,0,1,3,3,1,130100
116,103222,0,0,2,55,0,0,40,0,0,0,0,0,0,0,102,0,0,0,0,0,0,0,0,0,0,1,0,1,3,3,1,130200
117,103300,0,0,3,0,0,0,0,0,0,0,0,0,0,0,89,0,0,0,0,0,0,0,0,0,0,1,0,1,3,3,1,0
118,103301,0,0,3,0,0,0,0,0,0,0,0,0,0,0,101,0,0,0,0,0,0,0,0,0,0,1,0,1,3,3,1,130100
119,103302,0,0,3,0,0,0,0,0,0,0,0,0,0,0,113,0,0,0,0,0,0,0,0,0,0,1,0,1,3,3,1,130200
120,103310,0,0,3,70,0,0,0,0,0,0,0,0,0,0,111,0,0,0,0,0,0,0,0,0,0,1,0,1,3,3,1,132000
121,103311,0,0,3,70,0,0,20,0,0,0,0,0,0,0,123,0,0,0,0,0,0,0,0,0,0,1,0,1,3,3,1,132100
122,103312,0,0,3,70,0,0,45,0,0,0,0,0,0,0,135,0,0,0,0,0,0,0,0,0,0,1,0,1,3,3,1,132200
123,103320,0,0,3,85,0,0,0,0,0,0,0,0,0,0,133,0,0,0,0,0,0,0,0,0,0,1,0,1,3,3,1,132000
124,103321,0,0,3,85,0,0,35,0,0,0,0,0,0,0,145,0,0,0,0,0,0,0,0,0,0,1,0,1,3,3,1,132100
125,103322,0,0,3,85,0,0,60,0,0,0,0,0,0,0,157,0,0,0,0,0,0,0,0,0,0,1,0,1,3,3,1,132200
126,103400,0,0,4,0,0,0,0,0,0,0,0,0,0,0,144,0,0,0,0,0,0,0,0,0,0,1,0,1,3,3,1,0
127,103401,0,0,4,0,0,0,0,0,0,0,0,0,0,0,156,0,0,0,0,0,0,0,0,0,0,1,0,1,3,3,1,130100
128,103402,0,0,4,0,0,0,0,0,0,0,0,0,0,0,168,0,0,0,0,0,0,0,0,0,0,1,0,1,3,3,1,130200
129,103410,0,0,4,100,0,0,0,0,0,0,0,0,0,0,166,0,0,0,0,0,0,0,0,0,0,1,0,1,3,3,1,133000
130,103411,0,0,4,100,0,0,30,0,0,0,0,0,0,0,178,0,0,0,0,0,0,0,0,0,0,1,0,1,3,3,1,133100
131,103412,0,0,4,100,0,0,65,0,0,0,0,0,0,0,190,0,0,0,0,0,0,0,0,0,0,1,0,1,3,3,1,133200
132,103420,0,0,4,115,0,0,0,0,0,0,0,0,0,0,188,0,0,0,0,0,0,0,0,0,0,1,0,1,3,3,1,133000
133,103421,0,0,4,115,0,0,45,0,0,0,0,0,0,0,200,0,0,0,0,0,0,0,0,0,0,1,0,1,3,3,1,133100
134,103422,0,0,4,115,0,0,80,0,0,0,0,0,0,0,212,0,0,0,0,0,0,0,0,0,0,1,0,1,3,3,1,133200
135,103430,0,0,4,125,0,0,0,0,0,0,0,0,0,0,210,0,0,0,0,0,0,0,0,0,0,1,0,1,3,3,1,133000
136,103431,0,0,4,125,0,0,55,0,0,0,0,0,0,0,222,0,0,0,0,0,0,0,0,0,0,1,0,1,3,3,1,133100
137,103432,0,0,4,125,0,0,90,0,0,0,0,0,0,0,234,0,0,0,0,0,0,0,0,0,0,1,0,1,3,3,1,133200
138,103500,0,0,5,0,0,0,0,0,0,0,0,0,0,0,221,0,0,0,0,0,0,0,0,0,0,1,0,1,3,3,1,0
139,103501,0,0,5,0,0,0,0,0,0,0,0,0,0,0,233,0,0,0,0,0,0,0,0,0,0,1,0,1,3,3,1,130100
140,103502,0,0,5,0,0,0,0,0,0,0,0,0,0,0,245,0,0,0,0,0,0,0,0,0,0,1,0,1,3,3,1,130200
141,103510,0,0,5,140,0,0,0,0,0,0,0,0,0,0,243,0,0,0,0,0,0,0,0,0,0,1,0,1,3,3,1,134000
142,103511,0,0,5,140,0,0,60,0,0,0,0,0,0,0,255,0,0,0,0,0,0,0,0,0,0,1,0,1,3,3,1,134100
143,103512,0,0,5,140,0,0,100,0,0,0,0,0,0,0,267,0,0,0,0,0,0,0,0,0,0,1,0,1,3,3,1,134200
144,103520,0,0,5,155,0,0,0,0,0,0,0,0,0,0,265,0,0,0,0,0,0,0,0,0,0,1,0,1,3,3,1,134000
145,103521,0,0,5,155,0,0,75,0,0,0,0,0,0,0,277,0,0,0,0,0,0,0,0,0,0,1,0,1,3,3,1,134100
146,103522,0,0,5,155,0,0,115,0,0,0,0,0,0,0,289,0,0,0,0,0,0,0,0,0,0,1,0,1,3,3,1,134200
147,103530,0,0,5,170,0,0,0,0,0,0,0,0,0,0,287,0,0,0,0,0,0,0,0,0,0,1,0,1,3,3,1,135000
148,103531,0,0,5,170,0,0,90,0,0,0,0,0,0,0,299,0,0,0,0,0,0,0,0,0,0,1,0,1,3,3,1,135100
149,103532,0,0,5,170,0,0,130,0,0,0,0,0,0,0,311,0,0,0,0,0,0,0,0,0,0,1,0,1,3,3,1,135200
150,103540,0,0,5,185,0,0,0,0,0,0,0,0,0,0,309,0,0,0,0,0,0,0,0,0,0,1,0,1,3,3,1,135000
151,103541,0,0,5,185,0,0,105,0,0,0,0,0,0,0,321,0,0,0,0,0,0,0,0,0,0,1,0,1,3,3,1,135100
152,103542,0,0,5,185,0,0,145,0,0,0,0,0,0,0,333,0,0,0,0,0,0,0,0,0,0,1,0,1,3,3,1,135200
153,104100,0,0,1,0,0,0,0,0,0,0,0,0,0,0,1,0,0,0,0,0,0,0,0,0,0,1,0,1,3,4,4,0
154,104101,0,0,1,0,0,0,0,0,0,0,0,0,0,0,13,0,0,0,0,0,0,0,0,0,0,1,0,1,3,4,4,140100
155,104102,0,0,1,0,0,0,0,0,0,0,0,0,0,0,25,0,0,0,0,0,0,0,0,0,0,1,0,1,3,4,4,140200
156,104110,0,0,1,15,0,0,0,0,0,0,0,0,0,0,23,0,0,0,0,0,0,0,0,0,0,1,0,1,3,4,4,0
157,104111,0,0,1,15,0,0,0,5,0,0,0,0,0,0,35,0,0,0,0,0,0,0,0,0,0,1,0,1,3,4,4,140100
158,104112,0,0,1,15,0,0,0,10,0,0,0,0,0,0,47,0,0,0,0,0,0,0,0,0,0,1,0,1,3,4,4,140200
159,104200,0,0,2,0,0,0,0,0,0,0,0,0,0,0,24,0,0,0,0,0,0,0,0,0,0,1,0,1,3,4,4,0
160,104201,0,0,2,0,0,0,0,0,0,0,0,0,0,0,36,0,0,0,0,0,0,0,0,0,0,1,0,1,3,4,4,140100
161,104202,0,0,2,0,0,0,0,0,0,0,0,0,0,0,48,0,0,0,0,0,0,0,0,0,0,1,0,1,3,4,4,140200
162,104210,0,0,2,40,0,0,0,0,0,0,0,0,0,0,46,0,0,0,0,0,0,0,0,0,0,1,0,1,3,4,4,0
163,104211,0,0,2,40,0,0,0,10,0,0,0,0,0,0,58,0,0,0,0,0,0,0,0,0,0,1,0,1,3,4,4,140100
164,104212,0,0,2,40,0,0,0,25,0,0,0,0,0,0,70,0,0,0,0,0,0,0,0,0,0,1,0,1,3,4,4,140200
165,104220,0,0,2,55,0,0,0,0,0,0,0,0,0,0,68,0,0,0,0,0,0,0,0,0,0,1,0,1,3,4,4,0
166,104221,0,0,2,55,0,0,0,25,0,0,0,0,0,0,80,0,0,0,0,0,0,0,0,0,0,1,0,1,3,4,4,140100
167,104222,0,0,2,55,0,0,0,40,0,0,0,0,0,0,92,0,0,0,0,0,0,0,0,0,0,1,0,1,3,4,4,140200
168,104300,0,0,3,0,0,0,0,0,0,0,0,0,0,0,69,0,0,0,0,0,0,0,0,0,0,1,0,1,3,4,4,0
169,104301,0,0,3,0,0,0,0,0,0,0,0,0,0,0,81,0,0,0,0,0,0,0,0,0,0,1,0,1,3,4,4,140100
170,104302,0,0,3,0,0,0,0,0,0,0,0,0,0,0,93,0,0,0,0,0,0,0,0,0,0,1,0,1,3,4,4,140200
171,104310,0,0,3,70,0,0,0,0,0,0,0,0,0,0,91,0,0,0,0,0,0,0,0,0,0,1,0,1,3,4,4,142000
172,104311,0,0,3,70,0,0,0,20,0,0,0,0,0,0,103,0,0,0,0,0,0,0,0,0,0,1,0,1,3,4,4,142100
173,104312,0,0,3,70,0,0,0,45,0,0,0,0,0,0,115,0,0,0,0,0,0,0,0,0,0,1,0,1,3,4,4,142200
174,104320,0,0,3,85,0,0,0,0,0,0,0,0,0,0,113,0,0,0,0,0,0,0,0,0,0,1,0,1,3,4,4,142000
175,104321,0,0,3,85,0,0,0,35,0,0,0,0,0,0,125,0,0,0,0,0,0,0,0,0,0,1,0,1,3,4,4,142100
176,104322,0,0,3,85,0,0,0,60,0,0,0,0,0,0,137,0,0,0,0,0,0,0,0,0,0,1,0,1,3,4,4,142200
177,104400,0,0,4,0,0,0,0,0,0,0,0,0,0,0,114,0,0,0,0,0,0,0,0,0,0,1,0,1,3,4,4,0
178,104401,0,0,4,0,0,0,0,0,0,0,0,0,0,0,126,0,0,0,0,0,0,0,0,0,0,1,0,1,3,4,4,140100
179,104402,0,0,4,0,0,0,0,0,0,0,0,0,0,0,138,0,0,0,0,0,0,0,0,0,0,1,0,1,3,4,4,140200
180,104410,0,0,4,100,0,0,0,0,0,0,0,0,0,0,136,0,0,0,0,0,0,0,0,0,0,1,0,1,3,4,4,143000
181,104411,0,0,4,100,0,0,0,30,0,0,0,0,0,0,148,0,0,0,0,0,0,0,0,0,0,1,0,1,3,4,4,143100
182,104412,0,0,4,100,0,0,0,65,0,0,0,0,0,0,160,0,0,0,0,0,0,0,0,0,0,1,0,1,3,4,4,143200
183,104420,0,0,4,115,0,0,0,0,0,0,0,0,0,0,158,0,0,0,0,0,0,0,0,0,0,1,0,1,3,4,4,143000
184,104421,0,0,4,115,0,0,0,45,0,0,0,0,0,0,170,0,0,0,0,0,0,0,0,0,0,1,0,1,3,4,4,143100
185,104422,0,0,4,115,0,0,0,80,0,0,0,0,0,0,182,0,0,0,0,0,0,0,0,0,0,1,0,1,3,4,4,143200
186,104430,0,0,4,125,0,0,0,0,0,0,0,0,0,0,180,0,0,0,0,0,0,0,0,0,0,1,0,1,3,4,4,143000
187,104431,0,0,4,125,0,0,0,55,0,0,0,0,0,0,192,0,0,0,0,0,0,0,0,0,0,1,0,1,3,4,4,143100
188,104432,0,0,4,125,0,0,0,90,0,0,0,0,0,0,204,0,0,0,0,0,0,0,0,0,0,1,0,1,3,4,4,143200
189,104500,0,0,5,0,0,0,0,0,0,0,0,0,0,0,181,0,0,0,0,0,0,0,0,0,0,1,0,1,3,4,4,0
190,104501,0,0,5,0,0,0,0,0,0,0,0,0,0,0,193,0,0,0,0,0,0,0,0,0,0,1,0,1,3,4,4,140100
191,104502,0,0,5,0,0,0,0,0,0,0,0,0,0,0,205,0,0,0,0,0,0,0,0,0,0,1,0,1,3,4,4,140200
192,104510,0,0,5,140,0,0,0,0,0,0,0,0,0,0,203,0,0,0,0,0,0,0,0,0,0,1,0,1,3,4,4,144000
193,104511,0,0,5,140,0,0,0,60,0,0,0,0,0,0,215,0,0,0,0,0,0,0,0,0,0,1,0,1,3,4,4,144100
194,104512,0,0,5,140,0,0,0,100,0,0,0,0,0,0,227,0,0,0,0,0,0,0,0,0,0,1,0,1,3,4,4,144200
195,104520,0,0,5,155,0,0,0,0,0,0,0,0,0,0,225,0,0,0,0,0,0,0,0,0,0,1,0,1,3,4,4,144000
196,104521,0,0,5,155,0,0,0,75,0,0,0,0,0,0,237,0,0,0,0,0,0,0,0,0,0,1,0,1,3,4,4,144100
197,104522,0,0,5,155,0,0,0,115,0,0,0,0,0,0,249,0,0,0,0,0,0,0,0,0,0,1,0,1,3,4,4,144200
198,104530,0,0,5,170,0,0,0,0,0,0,0,0,0,0,247,0,0,0,0,0,0,0,0,0,0,1,0,1,3,4,4,145000
199,104531,0,0,5,170,0,0,0,90,0,0,0,0,0,0,259,0,0,0,0,0,0,0,0,0,0,1,0,1,3,4,4,145100
200,104532,0,0,5,170,0,0,0,130,0,0,0,0,0,0,271,0,0,0,0,0,0,0,0,0,0,1,0,1,3,4,4,145200
201,104540,0,0,5,185,0,0,0,0,0,0,0,0,0,0,269,0,0,0,0,0,0,0,0,0,0,1,0,1,3,4,4,145000
202,104541,0,0,5,185,0,0,0,105,0,0,0,0,0,0,281,0,0,0,0,0,0,0,0,0,0,1,0,1,3,4,4,145100
203,104542,0,0,5,185,0,0,0,145,0,0,0,0,0,0,293,0,0,0,0,0,0,0,0,0,0,1,0,1,3,4,4,145200
204,105100,0,0,1,0,0,0,0,0,0,0,0,0,9,0,0,1,0,0,0,0,0,0,0,0,0,0,0,1,3,0,64,0
205,105101,0,0,1,0,0,0,0,0,0,0,0,0,60,0,0,6,0,0,0,0,0,0,0,0,0,0,0,1,3,0,64,0
206,105102,0,0,1,0,0,0,0,0,0,0,0,0,111,0,0,11,0,0,0,0,0,0,0,0,0,0,0,1,3,0,64,0
207,105110,0,0,1,15,0,0,0,0,0,0,0,0,136,0,0,13,0,0,0,0,0,0,0,0,0,0,0,1,3,0,64,0
208,105111,0,0,1,15,0,0,0,0,0,0,0,0,187,0,0,18,0,0,0,0,0,0,0,0,0,0,0,1,3,0,64,0
209,105112,0,0,1,15,0,0,0,0,0,0,0,0,238,0,0,23,0,0,0,0,0,0,0,0,0,0,0,1,3,0,64,0
210,105200,0,0,2,0,0,0,0,0,0,0,0,0,188,0,0,17,0,0,0,0,0,0,0,0,0,0,0,1,3,0,64,0
211,105201,0,0,2,0,0,0,0,0,0,0,0,0,239,0,0,22,0,0,0,0,0,0,0,0,0,0,0,1,3,0,64,0
212,105202,0,0,2,0,0,0,0,0,0,0,0,0,290,0,0,27,0,0,0,0,0,0,0,0,0,0,0,1,3,0,64,0
213,105210,0,0,2,40,0,0,0,0,0,0,0,0,315,0,0,29,0,0,0,0,0,0,0,0,0,0,0,1,3,0,64,0
214,105211,0,0,2,40,0,0,0,0,0,0,0,0,366,0,0,34,0,0,0,0,0,0,0,0,0,0,0,1,3,0,64,0
215,105212,0,0,2,40,0,0,0,0,0,0,0,0,417,0,0,39,0,0,0,0,0,0,0,0,0,0,0,1,3,0,64,0
216,105220,0,0,2,55,0,0,0,0,0,0,0,0,442,0,0,41,0,0,0,0,0,0,0,0,0,0,0,1,3,0,64,0
217,105221,0,0,2,55,0,0,0,0,0,0,0,0,493,0,0,46,0,0,0,0,0,0,0,0,0,0,0,1,3,0,64,0
218,105222,0,0,2,55,0,0,0,0,0,0,0,0,544,0,0,51,0,0,0,0,0,0,0,0,0,0,0,1,3,0,64,0
219,105300,0,0,3,0,0,0,0,0,0,0,0,0,494,0,0,45,0,0,0,0,0,0,0,0,0,0,0,1,3,0,64,0
220,105301,0,0,3,0,0,0,0,0,0,0,0,0,545,0,0,50,0,0,0,0,0,0,0,0,0,0,0,1,3,0,64,0
221,105302,0,0,3,0,0,0,0,0,0,0,0,0,596,0,0,55,0,0,0,0,0,0,0,0,0,0,0,1,3,0,64,0
222,105310,0,0,3,70,0,0,0,0,0,0,0,0,621,0,0,57,0,0,0,0,0,0,0,0,0,0,0,1,3,0,64,0
223,105311,0,0,3,70,0,0,0,0,0,0,0,0,672,0,0,62,0,0,0,0,0,0,0,0,0,0,0,1,3,0,64,0
224,105312,0,0,3,70,0,0,0,0,0,0,0,0,723,0,0,67,0,0,0,0,0,0,0,0,0,0,0,1,3,0,64,0
225,105320,0,0,3,85,0,0,0,0,0,0,0,0,748,0,0,69,0,0,0,0,0,0,0,0,0,0,0,1,3,0,64,0
226,105321,0,0,3,85,0,0,0,0,0,0,0,0,799,0,0,74,0,0,0,0,0,0,0,0,0,0,0,1,3,0,64,0
227,105322,0,0,3,85,0,0,0,0,0,0,0,0,850,0,0,79,0,0,0,0,0,0,0,0,0,0,0,1,3,0,64,0
228,105400,0,0,4,0,0,0,0,0,0,0,0,0,800,0,0,73,0,0,0,0,0,0,0,0,0,0,0,1,3,0,64,0
229,105401,0,0,4,0,0,0,0,0,0,0,0,0,851,0,0,78,0,0,0,0,0,0,0,0,0,0,0,1,3,0,64,0
230,105402,0,0,4,0,0,0,0,0,0,0,0,0,902,0,0,83,0,0,0,0,0,0,0,0,0,0,0,1,3,0,64,0
231,105410,0,0,4,100,0,0,0,0,0,0,0,0,927,0,0,85,0,0,0,0,0,0,0,0,0,0,0,1,3,0,64,0
232,105411,0,0,4,100,0,0,0,0,0,0,0,0,978,0,0,90,0,0,0,0,0,0,0,0,0,0,0,1,3,0,64,0
233,105412,0,0,4,100,0,0,0,0,0,0,0,0,1029,0,0,95,0,0,0,0,0,0,0,0,0,0,0,1,3,0,64,0
234,105420,0,0,4,115,0,0,0,0,0,0,0,0,1054,0,0,97,0,0,0,0,0,0,0,0,0,0,0,1,3,0,64,0
235,105421,0,0,4,115,0,0,0,0,0,0,0,0,1105,0,0,102,0,0,0,0,0,0,0,0,0,0,0,1,3,0,64,0
236,105422,0,0,4,115,0,0,0,0,0,0,0,0,1156,0,0,107,0,0,0,0,0,0,0,0,0,0,0,1,3,0,64,0
237,105430,0,0,4,125,0,0,0,0,0,0,0,0,1181,0,0,109,0,0,0,0,0,0,0,0,0,0,0,1,3,0,64,0
238,105431,0,0,4,125,0,0,0,0,0,0,0,0,1232,0,0,114,0,0,0,0,0,0,0,0,0,0,0,1,3,0,64,0
239,105432,0,0,4,125,0,0,0,0,0,0,0,0,1283,0,0,119,0,0,0,0,0,0,0,0,0,0,0,1,3,0,64,0
240,105500,0,0,5,0,0,0,0,0,0,0,0,0,1233,0,0,113,0,0,0,0,0,0,0,0,0,0,0,1,3,0,64,0
241,105501,0,0,5,0,0,0,0,0,0,0,0,0,1284,0,0,118,0,0,0,0,0,0,0,0,0,0,0,1,3,0,64,0
242,105502,0,0,5,0,0,0,0,0,0,0,0,0,1335,0,0,123,0,0,0,0,0,0,0,0,0,0,0,1,3,0,64,0
243,105510,0,0,5,140,0,0,0,0,0,0,0,0,1360,0,0,125,0,0,0,0,0,0,0,0,0,0,0,1,3,0,64,0
244,105511,0,0,5,140,0,0,0,0,0,0,0,0,1411,0,0,130,0,0,0,0,0,0,0,0,0,0,0,1,3,0,64,0
245,105512,0,0,5,140,0,0,0,0,0,0,0,0,1462,0,0,135,0,0,0,0,0,0,0,0,0,0,0,1,3,0,64,0
246,105520,0,0,5,155,0,0,0,0,0,0,0,0,1487,0,0,137,0,0,0,0,0,0,0,0,0,0,0,1,3,0,64,0
247,105521,0,0,5,155,0,0,0,0,0,0,0,0,1538,0,0,142,0,0,0,0,0,0,0,0,0,0,0,1,3,0,64,0
248,105522,0,0,5,155,0,0,0,0,0,0,0,0,1589,0,0,147,0,0,0,0,0,0,0,0,0,0,0,1,3,0,64,0
249,105530,0,0,5,170,0,0,0,0,0,0,0,0,1614,0,0,149,0,0,0,0,0,0,0,0,0,0,0,1,3,0,64,0
250,105531,0,0,5,170,0,0,0,0,0,0,0,0,1665,0,0,154,0,0,0,0,0,0,0,0,0,0,0,1,3,0,64,0
251,105532,0,0,5,170,0,0,0,0,0,0,0,0,1716,0,0,159,0,0,0,0,0,0,0,0,0,0,0,1,3,0,64,0
252,105540,0,0,5,185,0,0,0,0,0,0,0,0,1741,0,0,161,0,0,0,0,0,0,0,0,0,0,0,1,3,0,64,0
253,105541,0,0,5,185,0,0,0,0,0,0,0,0,1792,0,0,166,0,0,0,0,0,0,0,0,0,0,0,1,3,0,64,0
254,105542,0,0,5,185,0,0,0,0,0,0,0,0,1843,0,0,171,0,0,0,0,0,0,0,0,0,0,0,1,3,0,64,0
255,106100,0,0,1,0,0,0,0,0,0,0,0,0,9,0,0,1,0,0,0,0,0,0,0,0,0,0,0,1,3,0,128,0
256,106101,0,0,1,0,0,0,0,0,0,0,0,0,60,0,0,6,0,0,0,0,0,0,0,0,0,0,0,1,3,0,128,0
257,106102,0,0,1,0,0,0,0,0,0,0,0,0,111,0,0,11,0,0,0,0,0,0,0,0,0,0,0,1,3,0,128,0
258,106110,0,0,1,15,0,0,0,0,0,0,0,0,136,0,0,13,0,0,0,0,0,0,0,0,0,0,0,1,3,0,128,0
259,106111,0,0,1,15,0,0,0,0,0,0,0,0,187,0,0,18,0,0,0,0,0,0,0,0,0,0,0,1,3,0,128,0
260,106112,0,0,1,15,0,0,0,0,0,0,0,0,238,0,0,23,0,0,0,0,0,0,0,0,0,0,0,1,3,0,128,0
261,106200,0,0,2,0,0,0,0,0,0,0,0,0,188,0,0,17,0,0,0,0,0,0,0,0,0,0,0,1,3,0,128,0
262,106201,0,0,2,0,0,0,0,0,0,0,0,0,239,0,0,22,0,0,0,0,0,0,0,0,0,0,0,1,3,0,128,0
263,106202,0,0,2,0,0,0,0,0,0,0,0,0,290,0,0,27,0,0,0,0,0,0,0,0,0,0,0,1,3,0,128,0
264,106210,0,0,2,40,0,0,0,0,0,0,0,0,315,0,0,29,0,0,0,0,0,0,0,0,0,0,0,1,3,0,128,0
265,106211,0,0,2,40,0,0,0,0,0,0,0,0,366,0,0,34,0,0,0,0,0,0,0,0,0,0,0,1,3,0,128,0
266,106212,0,0,2,40,0,0,0,0,0,0,0,0,417,0,0,39,0,0,0,0,0,0,0,0,0,0,0,1,3,0,128,0
267,106220,0,0,2,55,0,0,0,0,0,0,0,0,442,0,0,41,0,0,0,0,0,0,0,0,0,0,0,1,3,0,128,0
268,106221,0,0,2,55,0,0,0,0,0,0,0,0,493,0,0,46,0,0,0,0,0,0,0,0,0,0,0,1,3,0,128,0
269,106222,0,0,2,55,0,0,0,0,0,0,0,0,544,0,0,51,0,0,0,0,0,0,0,0,0,0,0,1,3,0,128,0
270,106300,0,0,3,0,0,0,0,0,0,0,0,0,494,0,0,45,0,0,0,0,0,0,0,0,0,0,0,1,3,0,128,0
271,106301,0,0,3,0,0,0,0,0,0,0,0,0,545,0,0,50,0,0,0,0,0,0,0,0,0,0,0,1,3,0,128,0
272,106302,0,0,3,0,0,0,0,0,0,0,0,0,596,0,0,55,0,0,0,0,0,0,0,0,0,0,0,1,3,0,128,0
273,106310,0,0,3,70,0,0,0,0,0,0,0,0,621,0,0,57,0,0,0,0,0,0,0,0,0,0,0,1,3,0,128,0
274,106311,0,0,3,70,0,0,0,0,0,0,0,0,672,0,0,62,0,0,0,0,0,0,0,0,0,0,0,1,3,0,128,0
275,106312,0,0,3,70,0,0,0,0,0,0,0,0,723,0,0,67,0,0,0,0,0,0,0,0,0,0,0,1,3,0,128,0
276,106320,0,0,3,85,0,0,0,0,0,0,0,0,748,0,0,69,0,0,0,0,0,0,0,0,0,0,0,1,3,0,128,0
277,106321,0,0,3,85,0,0,0,0,0,0,0,0,799,0,0,74,0,0,0,0,0,0,0,0,0,0,0,1,3,0,128,0
278,106322,0,0,3,85,0,0,0,0,0,0,0,0,850,0,0,79,0,0,0,0,0,0,0,0,0,0,0,1,3,0,128,0
279,106400,0,0,4,0,0,0,0,0,0,0,0,0,800,0,0,73,0,0,0,0,0,0,0,0,0,0,0,1,3,0,128,0
280,106401,0,0,4,0,0,0,0,0,0,0,0,0,851,0,0,78,0,0,0,0,0,0,0,0,0,0,0,1,3,0,128,0
281,106402,0,0,4,0,0,0,0,0,0,0,0,0,902,0,0,83,0,0,0,0,0,0,0,0,0,0,0,1,3,0,128,0
282,106410,0,0,4,100,0,0,0,0,0,0,0,0,927,0,0,85,0,0,0,0,0,0,0,0,0,0,0,1,3,0,128,0
283,106411,0,0,4,100,0,0,0,0,0,0,0,0,978,0,0,90,0,0,0,0,0,0,0,0,0,0,0,1,3,0,128,0
284,106412,0,0,4,100,0,0,0,0,0,0,0,0,1029,0,0,95,0,0,0,0,0,0,0,0,0,0,0,1,3,0,128,0
285,106420,0,0,4,115,0,0,0,0,0,0,0,0,1054,0,0,97,0,0,0,0,0,0,0,0,0,0,0,1,3,0,128,0
286,106421,0,0,4,115,0,0,0,0,0,0,0,0,1105,0,0,102,0,0,0,0,0,0,0,0,0,0,0,1,3,0,128,0
287,106422,0,0,4,115,0,0,0,0,0,0,0,0,1156,0,0,107,0,0,0,0,0,0,0,0,0,0,0,1,3,0,128,0
288,106430,0,0,4,125,0,0,0,0,0,0,0,0,1181,0,0,109,0,0,0,0,0,0,0,0,0,0,0,1,3,0,128,0
289,106431,0,0,4,125,0,0,0,0,0,0,0,0,1232,0,0,114,0,0,0,0,0,0,0,0,0,0,0,1,3,0,128,0
290,106432,0,0,4,125,0,0,0,0,0,0,0,0,1283,0,0,119,0,0,0,0,0,0,0,0,0,0,0,1,3,0,128,0
291,106500,0,0,5,0,0,0,0,0,0,0,0,0,1233,0,0,113,0,0,0,0,0,0,0,0,0,0,0,1,3,0,128,0
292,106501,0,0,5,0,0,0,0,0,0,0,0,0,1284,0,0,118,0,0,0,0,0,0,0,0,0,0,0,1,3,0,128,0
293,106502,0,0,5,0,0,0,0,0,0,0,0,0,1335,0,0,123,0,0,0,0,0,0,0,0,0,0,0,1,3,0,128,0
294,106510,0,0,5,140,0,0,0,0,0,0,0,0,1360,0,0,125,0,0,0,0,0,0,0,0,0,0,0,1,3,0,128,0
295,106511,0,0,5,140,0,0,0,0,0,0,0,0,1411,0,0,130,0,0,0,0,0,0,0,0,0,0,0,1,3,0,128,0
296,106512,0,0,5,140,0,0,0,0,0,0,0,0,1462,0,0,135,0,0,0,0,0,0,0,0,0,0,0,1,3,0,128,0
297,106520,0,0,5,155,0,0,0,0,0,0,0,0,1487,0,0,137,0,0,0,0,0,0,0,0,0,0,0,1,3,0,128,0
298,106521,0,0,5,155,0,0,0,0,0,0,0,0,1538,0,0,142,0,0,0,0,0,0,0,0,0,0,0,1,3,0,128,0
299,106522,0,0,5,155,0,0,0,0,0,0,0,0,1589,0,0,147,0,0,0,0,0,0,0,0,0,0,0,1,3,0,128,0
300,106530,0,0,5,170,0,0,0,0,0,0,0,0,1614,0,0,149,0,0,0,0,0,0,0,0,0,0,0,1,3,0,128,0
301,106531,0,0,5,170,0,0,0,0,0,0,0,0,1665,0,0,154,0,0,0,0,0,0,0,0,0,0,0,1,3,0,128,0
302,106532,0,0,5,170,0,0,0,0,0,0,0,0,1716,0,0,159,0,0,0,0,0,0,0,0,0,0,0,1,3,0,128,0
303,106540,0,0,5,185,0,0,0,0,0,0,0,0,1741,0,0,161,0,0,0,0,0,0,0,0,0,0,0,1,3,0,128,0
304,106541,0,0,5,185,0,0,0,0,0,0,0,0,1792,0,0,166,0,0,0,0,0,0,0,0,0,0,0,1,3,0,128,0
305,106542,0,0,5,185,0,0,0,0,0,0,0,0,1843,0,0,171,0,0,0,0,0,0,0,0,0,0,0,1,3,0,128,0
306,107100,0,0,1,0,0,0,0,0,0,0,0,0,9,0,0,1,0,0,0,0,0,0,0,0,0,0,0,1,3,0,256,0
307,107101,0,0,1,0,0,0,0,0,0,0,0,0,35,0,0,3,0,0,0,0,0,0,0,0,0,0,0,1,3,0,256,0
308,107102,0,0,1,0,0,0,0,0,0,0,0,0,61,0,0,5,0,0,0,0,0,0,0,0,0,0,0,1,3,0,256,0
309,107110,0,0,1,15,0,0,0,0,0,0,0,0,77,0,0,7,0,0,0,0,0,0,0,0,0,0,0,1,3,0,256,0
310,107111,0,0,1,15,0,0,0,0,0,0,0,0,103,0,0,9,0,0,0,0,0,0,0,0,0,0,0,1,3,0,256,0
311,107112,0,0,1,15,0,0,0,0,0,0,0,0,129,0,0,11,0,0,0,0,0,0,0,0,0,0,0,1,3,0,256,0
312,107200,0,0,2,0,0,0,0,0,0,0,0,0,79,0,0,8,0,0,0,0,0,0,0,0,0,0,0,1,3,0,256,0
313,107201,0,0,2,0,0,0,0,0,0,0,0,0,105,0,0,10,0,0,0,0,0,0,0,0,0,0,0,1,3,0,256,0
314,107202,0,0,2,0,0,0,0,0,0,0,0,0,131,0,0,12,0,0,0,0,0,0,0,0,0,0,0,1,3,0,256,0
315,107210,0,0,2,40,0,0,0,0,0,0,0,0,147,0,0,14,0,0,0,0,0,0,0,0,0,0,0,1,3,0,256,0
316,107211,0,0,2,40,0,0,0,0,0,0,0,0,173,0,0,16,0,0,0,0,0,0,0,0,0,0,0,1,3,0,256,0
317,107212,0,0,2,40,0,0,0,0,0,0,0,0,199,0,0,18,0,0,0,0,0,0,0,0,0,0,0,1,3,0,256,0
318,107220,0,0,2,55,0,0,0,0,0,0,0,0,215,0,0,20,0,0,0,0,0,0,0,0,0,0,0,1,3,0,256,0
319,107221,0,0,2,55,0,0,0,0,0,0,0,0,241,0,0,22,0,0,0,0,0,0,0,0,0,0,0,1,3,0,256,0
320,107222,0,0,2,55,0,0,0,0,0,0,0,0,267,0,0,24,0,0,0,0,0,0,0,0,0,0,0,1,3,0,256,0
321,107300,0,0,3,0,0,0,0,0,0,0,0,0,217,0,0,21,0,0,0,0,0,0,0,0,0,0,0,1,3,0,256,0
322,107301,0,0,3,0,0,0,0,0,0,0,0,0,243,0,0,23,0,0,0,0,0,0,0,0,0,0,0,1,3,0,256,0
323,107302,0,0,3,0,0,0,0,0,0,0,0,0,269,0,0,25,0,0,0,0,0,0,0,0,0,0,0,1,3,0,256,0
324,107310,0,0,3,70,0,0,0,0,0,0,0,0,285,0,0,27,0,0,0,0,0,0,0,0,0,0,0,1,3,0,256,0
325,107311,0,0,3,70,0,0,0,0,0,0,0,0,311,0,0,29,0,0,0,0,0,0,0,0,0,0,0,1,3,0,256,0
326,107312,0,0,3,70,0,0,0,0,0,0,0,0,337,0,0,31,0,0,0,0,0,0,0,0,0,0,0,1,3,0,256,0
327,107320,0,0,3,85,0,0,0,0,0,0,0,0,353,0,0,33,0,0,0,0,0,0,0,0,0,0,0,1,3,0,256,0
328,107321,0,0,3,85,0,0,0,0,0,0,0,0,379,0,0,35,0,0,0,0,0,0,0,0,0,0,0,1,3,0,256,0
329,107322,0,0,3,85,0,0,0,0,0,0,0,0,405,0,0,37,0,0,0,0,0,0,0,0,0,0,0,1,3,0,256,0
330,107400,0,0,4,0,0,0,0,0,0,0,0,0,355,0,0,34,0,0,0,0,0,0,0,0,0,0,0,1,3,0,256,0
331,107401,0,0,4,0,0,0,0,0,0,0,0,0,381,0,0,36,0,0,0,0,0,0,0,0,0,0,0,1,3,0,256,0
332,107402,0,0,4,0,0,0,0,0,0,0,0,0,407,0,0,38,0,0,0,0,0,0,0,0,0,0,0,1,3,0,256,0
333,107410,0,0,4,100,0,0,0,0,0,0,0,0,423,0,0,40,0,0,0,0,0,0,0,0,0,0,0,1,3,0,256,0
334,107411,0,0,4,100,0,0,0,0,0,0,0,0,449,0,0,42,0,0,0,0,0,0,0,0,0,0,0,1,3,0,256,0
335,107412,0,0,4,100,0,0,0,0,0,0,0,0,475,0,0,44,0,0,0,0,0,0,0,0,0,0,0,1,3,0,256,0
336,107420,0,0,4,115,0,0,0,0,0,0,0,0,491,0,0,46,0,0,0,0,0,0,0,0,0,0,0,1,3,0,256,0
337,107421,0,0,4,115,0,0,0,0,0,0,0,0,517,0,0,48,0,0,0,0,0,0,0,0,0,0,0,1,3,0,256,0
338,107422,0,0,4,115,0,0,0,0,0,0,0,0,543,0,0,50,0,0,0,0,0,0,0,0,0,0,0,1,3,0,256,0
339,107430,0,0,4,125,0,0,0,0,0,0,0,0,559,0,0,52,0,0,0,0,0,0,0,0,0,0,0,1,3,0,256,0
340,107431,0,0,4,125,0,0,0,0,0,0,0,0,585,0,0,54,0,0,0,0,0,0,0,0,0,0,0,1,3,0,256,0
341,107432,0,0,4,125,0,0,0,0,0,0,0,0,611,0,0,56,0,0,0,0,0,0,0,0,0,0,0,1,3,0,256,0
342,107500,0,0,5,0,0,0,0,0,0,0,0,0,561,0,0,53,0,0,0,0,0,0,0,0,0,0,0,1,3,0,256,0
343,107501,0,0,5,0,0,0,0,0,0,0,0,0,587,0,0,55,0,0,0,0,0,0,0,0,0,0,0,1,3,0,256,0
344,107502,0,0,5,0,0,0,0,0,0,0,0,0,613,0,0,57,0,0,0,0,0,0,0,0,0,0,0,1,3,0,256,0
345,107510,0,0,5,140,0,0,0,0,0,0,0,0,629,0,0,59,0,0,0,0,0,0,0,0,0,0,0,1,3,0,256,0
346,107511,0,0,5,140,0,0,0,0,0,0,0,0,655,0,0,61,0,0,0,0,0,0,0,0,0,0,0,1,3,0,256,0
347,107512,0,0,5,140,0,0,0,0,0,0,0,0,681,0,0,63,0,0,0,0,0,0,0,0,0,0,0,1,3,0,256,0
348,107520,0,0,5,155,0,0,0,0,0,0,0,0,697,0,0,65,0,0,0,0,0,0,0,0,0,0,0,1,3,0,256,0
349,107521,0,0,5,155,0,0,0,0,0,0,0,0,723,0,0,67,0,0,0,0,0,0,0,0,0,0,0,1,3,0,256,0
350,107522,0,0,5,155,0,0,0,0,0,0,0,0,749,0,0,69,0,0,0,0,0,0,0,0,0,0,0,1,3,0,256,0
351,107530,0,0,5,170,0,0,0,0,0,0,0,0,765,0,0,71,0,0,0,0,0,0,0,0,0,0,0,1,3,0,256,0
352,107531,0,0,5,170,0,0,0,0,0,0,0,0,791,0,0,73,0,0,0,0,0,0,0,0,0,0,0,1,3,0,256,0
353,107532,0,0,5,170,0,0,0,0,0,0,0,0,817,0,0,75,0,0,0,0,0,0,0,0,0,0,0,1,3,0,256,0
354,107540,0,0,5,185,0,0,0,0,0,0,0,0,833,0,0,77,0,0,0,0,0,0,0,0,0,0,0,1,3,0,256,0
355,107541,0,0,5,185,0,0,0,0,0,0,0,0,859,0,0,79,0,0,0,0,0,0,0,0,0,0,0,1,3,0,256,0
356,107542,0,0,5,185,0,0,0,0,0,0,0,0,885,0,0,81,0,0,0,0,0,0,0,0,0,0,0,1,3,0,256,0
357,108100,0,0,1,0,0,0,0,0,0,0,0,0,18,0,0,2,0,0,0,0,0,0,0,0,0,0,0,1,3,0,192,0
358,108101,0,0,1,0,0,0,0,0,0,0,0,0,120,0,0,12,0,0,0,0,0,0,0,0,0,0,0,1,3,0,192,0
359,108102,0,0,1,0,0,0,0,0,0,0,0,0,222,0,0,22,0,0,0,0,0,0,0,0,0,0,0,1,3,0,192,0
360,108110,0,0,1,15,0,0,0,0,0,0,0,0,272,0,0,26,0,0,0,0,0,0,0,0,0,0,0,1,3,0,192,0
361,108111,0,0,1,15,0,0,0,0,0,0,0,0,374,0,0,36,0,0,0,0,0,0,0,0,0,0,0,1,3,0,192,0
362,108112,0,0,1,15,0,0,0,0,0,0,0,0,476,0,0,46,0,0,0,0,0,0,0,0,0,0,0,1,3,0,192,0
363,108200,0,0,2,0,0,0,0,0,0,0,0,0,376,0,0,34,0,0,0,0,0,0,0,0,0,0,0,1,3,0,192,0
364,108201,0,0,2,0,0,0,0,0,0,0,0,0,478,0,0,44,0,0,0,0,0,0,0,0,0,0,0,1,3,0,192,0
365,108202,0,0,2,0,0,0,0,0,0,0,0,0,580,0,0,54,0,0,0,0,0,0,0,0,0,0,0,1,3,0,192,0
366,108210,0,0,2,40,0,0,0,0,0,0,0,0,630,0,0,58,0,0,0,0,0,0,0,0,0,0,0,1,3,0,192,0
367,108211,0,0,2,40,0,0,0,0,0,0,0,0,732,0,0,68,0,0,0,0,0,0,0,0,0,0,0,1,3,0,192,0
368,108212,0,0,2,40,0,0,0,0,0,0,0,0,834,0,0,78,0,0,0,0,0,0,0,0,0,0,0,1,3,0,192,0
369,108220,0,0,2,55,0,0,0,0,0,0,0,0,884,0,0,82,0,0,0,0,0,0,0,0,0,0,0,1,3,0,192,0
370,108221,0,0,2,55,0,0,0,0,0,0,0,0,986,0,0,92,0,0,0,0,0,0,0,0,0,0,0,1,3,0,192,0
371,108222,0,0,2,55,0,0,0,0,0,0,0,0,1088,0,0,102,0,0,0,0,0,0,0,0,0,0,0,1,3,0,192,0
372,108300,0,0,3,0,0,0,0,0,0,0,0,0,988,0,0,90,0,0,0,0,0,0,0,0,0,0,0,1,3,0,192,0
373,108301,0,0,3,0,0,0,0,0,0,0,0,0,1090,0,0,100,0,0,0,0,0,0,0,0,0,0,0,1,3,0,192,0
374,108302,0,0,3,0,0,0,0,0,0,0,0,0,1192,0,0,110,0,0,0,0,0,0,0,0,0,0,0,1,3,0,192,0
375,108310,0,0,3,70,0,0,0,0,0,0,0,0,1242,0,0,114,0,0,0,0,0,0,0,0,0,0,0,1,3,0,192,0
376,108311,0,0,3,70,0,0,0,0,0,0,0,0,1344,0,0,124,0,0,0,0,0,0,0,0,0,0,0,1,3,0,192,0
377,108312,0,0,3,70,0,0,0,0,0,0,0,0,1446,0,0,134,0,0,0,0,0,0,0,0,0,0,0,1,3,0,192,0
378,108320,0,0,3,85,0,0,0,0,0,0,0,0,1496,0,0,138,0,0,0,0,0,0,0,0,0,0,0,1,3,0,192,0
379,108321,0,0,3,85,0,0,0,0,0,0,0,0,1598,0,0,148,0,0,0,0,0,0,0,0,0,0,0,1,3,0,192,0
380,108322,0,0,3,85,0,0,0,0,0,0,0,0,1700,0,0,158,0,0,0,0,0,0,0,0,0,0,0,1,3,0,192,0
381,108400,0,0,4,0,0,0,0,0,0,0,0,0,1600,0,0,146,0,0,0,0,0,0,0,0,0,0,0,1,3,0,192,0
382,108401,0,0,4,0,0,0,0,0,0,0,0,0,1702,0,0,156,0,0,0,0,0,0,0,0,0,0,0,1,3,0,192,0
383,108402,0,0,4,0,0,0,0,0,0,0,0,0,1804,0,0,166,0,0,0,0,0,0,0,0,0,0,0,1,3,0,192,0
384,108410,0,0,4,100,0,0,0,0,0,0,0,0,1854,0,0,170,0,0,0,0,0,0,0,0,0,0,0,1,3,0,192,0
385,108411,0,0,4,100,0,0,0,0,0,0,0,0,1956,0,0,180,0,0,0,0,0,0,0,0,0,0,0,1,3,0,192,0
386,108412,0,0,4,100,0,0,0,0,0,0,0,0,2058,0,0,190,0,0,0,0,0,0,0,0,0,0,0,1,3,0,192,0
387,108420,0,0,4,115,0,0,0,0,0,0,0,0,2108,0,0,194,0,0,0,0,0,0,0,0,0,0,0,1,3,0,192,0
388,108421,0,0,4,115,0,0,0,0,0,0,0,0,2210,0,0,204,0,0,0,0,0,0,0,0,0,0,0,1,3,0,192,0
389,108422,0,0,4,115,0,0,0,0,0,0,0,0,2312,0,0,214,0,0,0,0,0,0,0,0,0,0,0,1,3,0,192,0
390,108430,0,0,4,125,0,0,0,0,0,0,0,0,2362,0,0,218,0,0,0,0,0,0,0,0,0,0,0,1,3,0,192,0
391,108431,0,0,4,125,0,0,0,0,0,0,0,0,2464,0,0,228,0,0,0,0,0,0,0,0,0,0,0,1,3,0,192,0
392,108432,0,0,4,125,0,0,0,0,0,0,0,0,2566,0,0,238,0,0,0,0,0,0,0,0,0,0,0,1,3,0,192,0
393,108500,0,0,5,0,0,0,0,0,0,0,0,0,2466,0,0,226,0,0,0,0,0,0,0,0,0,0,0,1,3,0,192,0
394,108501,0,0,5,0,0,0,0,0,0,0,0,0,2568,0,0,236,0,0,0,0,0,0,0,0,0,0,0,1,3,0,192,0
395,108502,0,0,5,0,0,0,0,0,0,0,0,0,2670,0,0,246,0,0,0,0,0,0,0,0,0,0,0,1,3,0,192,0
396,108510,0,0,5,140,0,0,0,0,0,0,0,0,2720,0,0,250,0,0,0,0,0,0,0,0,0,0,0,1,3,0,192,0
397,108511,0,0,5,140,0,0,0,0,0,0,0,0,2822,0,0,260,0,0,0,0,0,0,0,0,0,0,0,1,3,0,192,0
398,108512,0,0,5,140,0,0,0,0,0,0,0,0,2924,0,0,270,0,0,0,0,0,0,0,0,0,0,0,1,3,0,192,0
399,108520,0,0,5,155,0,0,0,0,0,0,0,0,2974,0,0,274,0,0,0,0,0,0,0,0,0,0,0,1,3,0,192,0
400,108521,0,0,5,155,0,0,0,0,0,0,0,0,3076,0,0,284,0,0,0,0,0,0,0,0,0,0,0,1,3,0,192,0
401,108522,0,0,5,155,0,0,0,0,0,0,0,0,3178,0,0,294,0,0,0,0,0,0,0,0,0,0,0,1,3,0,192,0
402,108530,0,0,5,170,0,0,0,0,0,0,0,0,3228,0,0,298,0,0,0,0,0,0,0,0,0,0,0,1,3,0,192,0
403,108531,0,0,5,170,0,0,0,0,0,0,0,0,3330,0,0,308,0,0,0,0,0,0,0,0,0,0,0,1,3,0,192,0
404,108532,0,0,5,170,0,0,0,0,0,0,0,0,3432,0,0,318,0,0,0,0,0,0,0,0,0,0,0,1,3,0,192,0
405,108540,0,0,5,185,0,0,0,0,0,0,0,0,3482,0,0,322,0,0,0,0,0,0,0,0,0,0,0,1,3,0,192,0
406,108541,0,0,5,185,0,0,0,0,0,0,0,0,3584,0,0,332,0,0,0,0,0,0,0,0,0,0,0,1,3,0,192,0
407,108542,0,0,5,185,0,0,0,0,0,0,0,0,3686,0,0,342,0,0,0,0,0,0,0,0,0,0,0,1,3,0,192,0
408,91100,0,0,1,10,10,0,0,0,100,0,0,0,0,0,100,0,0,100,0,0,0,0,0,0,0,1,0,1,0,1,8,0
409,91110,0,0,2,20,20,0,0,0,200,0,0,0,0,0,200,0,0,200,0,0,0,0,0,0,0,2,0,1,1,1,8,11000
410,91120,0,0,3,30,30,0,0,0,300,0,0,0,0,0,300,0,0,300,0,0,0,0,0,0,0,3,0,1,2,1,8,12000
411,91130,0,0,4,40,40,0,0,0,400,0,0,0,0,0,400,0,0,400,0,0,0,0,0,0,0,3,0,1,3,1,8,13000
412,91200,0,0,1,10,10,0,0,0,0,100,0,100,0,0,0,0,0,0,0,0,0,0,0,0,0,1,0,2,0,1,8,0
413,91210,0,0,2,20,20,0,0,0,0,200,0,200,0,0,0,0,0,0,0,0,0,0,0,0,0,2,0,2,1,1,8,11000
414,91220,0,0,3,30,30,0,0,0,0,300,0,300,0,0,0,0,0,0,0,0,0,0,0,0,0,3,0,2,2,1,8,12000
415,91230,0,0,4,40,40,0,0,0,0,400,0,400,0,0,0,0,0,0,0,0,0,0,0,0,0,3,0,2,3,1,8,13000
416,91300,0,0,1,10,10,0,0,0,0,0,100,100,0,0,0,0,0,0,0,0,0,0,0,0,0,1,0,3,0,1,8,0
417,91310,0,0,2,20,20,0,0,0,0,0,200,200,0,0,0,0,0,0,0,0,0,0,0,0,0,2,0,3,1,1,8,11000
418,91320,0,0,3,30,30,0,0,0,0,0,300,300,0,0,0,0,0,0,0,0,0,0,0,0,0,3,0,3,2,1,8,12000
419,91330,0,0,4,40,40,0,0,0,0,0,400,400,0,0,0,0,0,0,0,0,0,0,0,0,0,3,0,3,3,1,8,13000
420,91400,0,0,1,10,10,0,0,0,0,0,0,0,100,100,0,0,0,0,0,0,0,0,100,0,100,1,0,4,0,1,8,0
421,91410,0,0,2,20,20,0,0,0,0,0,0,0,200,200,0,0,0,0,0,0,0,0,200,0,200,2,0,4,1,1,8,11000
422,91420,0,0,3,30,30,0,0,0,0,0,0,0,300,300,0,0,0,0,0,0,0,0,300,0,300,3,0,4,2,1,8,12000
423,91430,0,0,4,40,40,0,0,0,0,0,0,0,400,400,0,0,0,0,0,0,0,0,400,0,400,3,0,4,3,1,8,13000
424,91500,0,0,1,10,10,0,0,0,0,0,0,0,100,100,0,0,0,0,0,0,0,0,0,100,0,1,100,5,0,1,8,0
425,91510,0,0,2,20,20,0,0,0,0,0,0,0,200,200,0,0,0,0,0,0,0,0,0,200,0,2,200,5,1,1,8,11000
426,91520,0,0,3,30,30,0,0,0,0,0,0,0,300,300,0,0,0,0,0,0,0,0,0,300,0,3,300,5,2,1,8,12000
427,91530,0,0,4,40,40,0,0,0,0,0,0,0,400,400,0,0,0,0,0,0,0,0,0,400,0,3,400,5,3,1,8,13000
428,91501,0,0,1,10,10,0,0,0,0,0,0,0,100,100,0,0,0,0,0,0,0,0,0,100,0,1,100,5,3,1,8,11000
429,91502,0,0,1,10,10,0,0,0,0,0,0,0,100,100,0,0,0,0,0,0,0,0,0,100,0,1,100,5,3,1,8,11200
430,91503,0,0,1,10,10,0,0,0,0,0,0,0,100,100,0,0,0,0,0,0,0,0,0,100,0,1,100,5,3,1,8,11300
431,91504,0,0,1,10,10,0,0,0,0,0,0,0,100,100,0,0,0,0,0,0,0,0,0,100,0,1,100,5,3,1,8,12000
432,91505,0,0,1,10,10,0,0,0,0,0,0,0,100,100,0,0,0,0,0,0,0,0,0,100,0,1,100,5,3,1,8,12300
433,91506,0,0,1,10,10,0,0,0,0,0,0,0,100,100,0,0,0,0,0,0,0,0,0,100,0,1,100,5,3,1,8,13000
434,92100,0,0,1,10,0,10,0,0,100,0,0,0,0,0,100,0,0,100,0,0,0,0,0,0,0,1,0,1,0,2,8,0
435,92110,0,0,2,20,0,20,0,0,200,0,0,0,0,0,200,0,0,200,0,0,0,0,0,0,0,2,0,1,1,2,8,21000
436,92120,0,0,3,30,0,30,0,0,300,0,0,0,0,0,300,0,0,300,0,0,0,0,0,0,0,3,0,1,2,2,8,22000
437,92130,0,0,4,40,0,40,0,0,400,0,0,0,0,0,400,0,0,400,0,0,0,0,0,0,0,3,0,1,3,2,8,23000
438,92200,0,0,1,10,0,10,0,0,0,100,0,100,0,0,0,0,0,0,0,0,0,0,0,0,0,1,0,2,0,2,8,0
439,92210,0,0,2,20,0,20,0,0,0,200,0,200,0,0,0,0,0,0,0,0,0,0,0,0,0,2,0,2,1,2,8,21000
440,92220,0,0,3,30,0,30,0,0,0,300,0,300,0,0,0,0,0,0,0,0,0,0,0,0,0,3,0,2,2,2,8,22000
441,92230,0,0,4,40,0,40,0,0,0,400,0,400,0,0,0,0,0,0,0,0,0,0,0,0,0,3,0,2,3,2,8,23000
442,92300,0,0,1,10,0,10,0,0,0,0,100,100,0,0,0,0,0,0,0,0,0,0,0,0,0,1,0,3,0,2,8,0
443,92310,0,0,2,20,0,20,0,0,0,0,200,200,0,0,0,0,0,0,0,0,0,0,0,0,0,2,0,3,1,2,8,21000
444,92320,0,0,3,30,0,30,0,0,0,0,300,300,0,0,0,0,0,0,0,0,0,0,0,0,0,3,0,3,2,2,8,22000
445,92330,0,0,4,40,0,40,0,0,0,0,400,400,0,0,0,0,0,0,0,0,0,0,0,0,0,3,0,3,3,2,8,23000
446,92400,0,0,1,10,0,10,0,0,0,0,0,0,100,100,0,0,0,0,0,0,0,0,100,0,100,1,0,4,0,2,8,0
447,92410,0,0,2,20,0,20,0,0,0,0,0,0,200,200,0,0,0,0,0,0,0,0,200,0,200,2,0,4,1,2,8,21000
448,92420,0,0,3,30,0,30,0,0,0,0,0,0,300,300,0,0,0,0,0,0,0,0,300,0,300,3,0,4,2,2,8,22000
449,92430,0,0,4,40,0,40,0,0,0,0,0,0,400,400,0,0,0,0,0,0,0,0,400,0,400,3,0,4,3,2,8,23000
450,92500,0,0,1,10,0,10,0,0,0,0,0,0,100,100,0,0,0,0,0,0,0,0,0,100,0,1,100,5,0,2,8,0
451,92510,0,0,2,20,0,20,0,0,0,0,0,0,200,200,0,0,0,0,0,0,0,0,0,200,0,2,200,5,1,2,8,21000
452,92520,0,0,3,30,0,30,0,0,0,0,0,0,300,300,0,0,0,0,0,0,0,0,0,300,0,3,300,5,2,2,8,22000
453,92530,0,0,4,40,0,40,0,0,0,0,0,0,400,400,0,0,0,0,0,0,0,0,0,400,0,3,400,5,3,2,8,23000
454,93100,0,0,1,10,0,0,10,0,100,0,0,0,0,0,100,0,0,100,0,0,0,0,0,0,0,1,0,1,0,3,1,0
455,93110,0,0,2,20,0,0,20,0,200,0,0,0,0,0,200,0,0,200,0,0,0,0,0,0,0,2,0,1,1,3,1,31000
456,93120,0,0,3,30,0,0,30,0,300,0,0,0,0,0,300,0,0,300,0,0,0,0,0,0,0,3,0,1,2,3,1,32000
457,93130,0,0,4,40,0,0,40,0,400,0,0,0,0,0,400,0,0,400,0,0,0,0,0,0,0,3,0,1,3,3,1,33000
458,93200,0,0,1,10,0,0,10,0,0,100,0,100,0,0,0,0,0,0,0,0,0,0,0,0,0,1,0,2,0,3,1,0
459,93210,0,0,2,20,0,0,20,0,0,200,0,200,0,0,0,0,0,0,0,0,0,0,0,0,0,2,0,2,1,3,1,31000
460,93220,0,0,3,30,0,0,30,0,0,300,0,300,0,0,0,0,0,0,0,0,0,0,0,0,0,3,0,2,2,3,1,32000
461,93230,0,0,4,40,0,0,40,0,0,400,0,400,0,0,0,0,0,0,0,0,0,0,0,0,0,3,0,2,3,3,1,33000
462,93300,0,0,1,10,0,0,10,0,0,0,100,100,0,0,0,0,0,0,0,0,0,0,0,0,0,1,0,3,0,3,1,0
463,93310,0,0,2,20,0,0,20,0,0,0,200,200,0,0,0,0,0,0,0,0,0,0,0,0,0,2,0,3,1,3,1,31000
464,93320,0,0,3,30,0,0,30,0,0,0,300,300,0,0,0,0,0,0,0,0,0,0,0,0,0,3,0,3,2,3,1,32000
465,93330,0,0,4,40,0,0,40,0,0,0,400,400,0,0,0,0,0,0,0,0,0,0,0,0,0,3,0,3,3,3,1,33000
466,93400,0,0,1,10,0,0,10,0,0,0,0,0,100,100,0,0,0,0,0,0,0,0,100,0,100,1,0,4,0,3,1,0
467,93410,0,0,2,20,0,0,20,0,0,0,0,0,200,200,0,0,0,0,0,0,0,0,200,0,200,2,0,4,1,3,1,31000
468,93420,0,0,3,30,0,0,30,0,0,0,0,0,300,300,0,0,0,0,0,0,0,0,300,0,300,3,0,4,2,3,1,32000
469,93430,0,0,4,40,0,0,40,0,0,0,0,0,400,400,0,0,0,0,0,0,0,0,400,0,400,3,0,4,3,3,1,33000
470,93500,0,0,1,10,0,0,10,0,0,0,0,0,100,100,0,0,0,0,0,0,0,0,0,100,0,1,100,5,0,3,1,0
471,93510,0,0,2,20,0,0,20,0,0,0,0,0,200,200,0,0,0,0,0,0,0,0,0,200,0,2,200,5,1,3,1,31000
472,93520,0,0,3,30,0,0,30,0,0,0,0,0,300,300,0,0,0,0,0,0,0,0,0,300,0,3,300,5,2,3,1,32000
473,93530,0,0,4,40,0,0,40,0,0,0,0,0,400,400,0,0,0,0,0,0,0,0,0,400,0,3,400,5,3,3,1,33000
474,94100,0,0,1,10,0,0,0,10,100,0,0,0,0,0,100,0,0,100,0,0,0,0,0,0,0,1,0,1,0,4,4,0
475,94110,0,0,2,20,0,0,0,20,200,0,0,0,0,0,200,0,0,200,0,0,0,0,0,0,0,2,0,1,1,4,4,41000
476,94120,0,0,3,30,0,0,0,30,300,0,0,0,0,0,300,0,0,300,0,0,0,0,0,0,0,3,0,1,2,4,4,42000
477,94130,0,0,4,40,0,0,0,40,400,0,0,0,0,0,400,0,0,400,0,0,0,0,0,0,0,3,0,1,3,4,4,43000
478,94200,0,0,1,10,0,0,0,10,0,100,0,100,0,0,0,0,0,0,0,0,0,0,0,0,0,1,0,2,0,4,4,0
479,94210,0,0,2,20,0,0,0,20,0,200,0,200,0,0,0,0,0,0,0,0,0,0,0,0,0,2,0,2,1,4,4,41000
480,94220,0,0,3,30,0,0,0,30,0,300,0,300,0,0,0,0,0,0,0,0,0,0,0,0,0,3,0,2,2,4,4,42000
481,94230,0,0,4,40,0,0,0,40,0,400,0,400,0,0,0,0,0,0,0,0,0,0,0,0,0,3,0,2,3,4,4,43000
482,94300,0,0,1,10,0,0,0,10,0,0,100,100,0,0,0,0,0,0,0,0,0,0,0,0,0,1,0,3,0,4,4,0
483,94310,0,0,2,20,0,0,0,20,0,0,200,200,0,0,0,0,0,0,0,0,0,0,0,0,0,2,0,3,1,4,4,41000
484,94320,0,0,3,30,0,0,0,30,0,0,300,300,0,0,0,0,0,0,0,0,0,0,0,0,0,3,0,3,2,4,4,42000
485,94330,0,0,4,40,0,0,0,40,0,0,400,400,0,0,0,0,0,0,0,0,0,0,0,0,0,3,0,3,3,4,4,43000
486,94400,0,0,1,10,0,0,0,10,0,0,0,0,100,100,0,0,0,0,0,0,0,0,100,0,100,1,0,4,0,4,4,0
487,94410,0,0,2,20,0,0,0,20,0,0,0,0,200,200,0,0,0,0,0,0,0,0,200,0,200,2,0,4,1,4,4,41000
488,94420,0,0,3,30,0,0,0,30,0,0,0,0,300,300,0,0,0,0,0,0,0,0,300,0,300,3,0,4,2,4,4,42000
489,94430,0,0,4,40,0,0,0,40,0,0,0,0,400,400,0,0,0,0,0,0,0,0,400,0,400,3,0,4,3,4,4,43000
490,94500,0,0,1,10,0,0,0,10,0,0,0,0,100,100,0,0,0,0,0,0,0,0,0,100,0,1,100,5,0,4,4,0
491,94510,0,0,2,20,0,0,0,20,0,0,0,0,200,200,0,0,0,0,0,0,0,0,0,200,0,2,200,5,1,4,4,41000
492,94520,0,0,3,30,0,0,0,30,0,0,0,0,300,300,0,0,0,0,0,0,0,0,0,300,0,3,300,5,2,4,4,42000
493,94530,0,0,4,40,0,0,0,40,0,0,0,0,400,400,0,0,0,0,0,0,0,0,0,400,0,3,400,5,3,4,4,43000
494,95100,0,0,1,10,0,0,0,0,100,0,0,0,0,0,0,100,0,0,0,0,0,0,0,0,0,1,0,1,0,0,192,0
495,95110,0,0,2,20,0,0,0,0,200,0,0,0,0,0,0,200,0,0,0,0,0,0,0,0,0,2,0,1,1,0,192,0
496,95120,0,0,3,30,0,0,0,0,300,0,0,0,0,0,0,300,0,0,0,0,0,0,0,0,0,3,0,1,2,0,192,0
497,95130,0,0,4,40,0,0,0,0,400,0,0,0,0,0,0,400,0,0,0,0,0,0,0,0,0,3,0,1,3,0,192,0
498,95200,0,0,1,10,0,0,0,0,0,100,0,0,0,0,0,0,100,0,0,0,0,0,0,0,0,1,0,2,0,0,192,0
499,95210,0,0,2,20,0,0,0,0,0,200,0,0,0,0,0,0,200,0,0,0,0,0,0,0,0,2,0,2,1,0,192,0
500,95220,0,0,3,30,0,0,0,0,0,300,0,0,0,0,0,0,300,0,0,0,0,0,0,0,0,3,0,2,2,0,192,0
501,95230,0,0,4,40,0,0,0,0,0,400,0,0,0,0,0,0,400,0,0,0,0,0,0,0,0,3,0,2,3,0,192,0
502,95300,0,0,1,10,0,0,0,0,0,0,100,0,0,0,0,0,0,0,100,0,0,0,0,0,0,1,0,3,0,0,192,0
503,95310,0,0,2,20,0,0,0,0,0,0,200,0,0,0,0,0,0,0,200,0,0,0,0,0,0,2,0,3,1,0,192,0
504,95320,0,0,3,30,0,0,0,0,0,0,300,0,0,0,0,0,0,0,300,0,0,0,0,0,0,3,0,3,2,0,192,0
505,95330,0,0,4,40,0,0,0,0,0,0,400,0,0,0,0,0,0,0,400,0,0,0,0,0,0,3,0,3,3,0,192,0
506,95400,0,0,1,10,0,0,0,0,0,0,0,100,0,0,0,0,0,0,0,100,0,0,0,0,0,1,0,4,0,0,192,0
507,95410,0,0,2,20,0,0,0,0,0,0,0,200,0,0,0,0,0,0,0,200,0,0,0,0,0,2,0,4,1,0,192,0
508,95420,0,0,3,30,0,0,0,0,0,0,0,300,0,0,0,0,0,0,0,300,0,0,0,0,0,3,0,4,2,0,192,0
509,95430,0,0,4,40,0,0,0,0,0,0,0,400,0,0,0,0,0,0,0,400,0,0,0,0,0,3,0,4,3,0,192,0
510,95500,0,0,1,10,0,0,0,0,0,0,0,0,100,0,0,0,0,0,0,0,100,0,0,0,0,1,0,5,0,0,192,0
511,95510,0,0,2,20,0,0,0,0,0,0,0,0,200,0,0,0,0,0,0,0,200,0,0,0,0,2,0,5,1,0,192,0
512,95520,0,0,3,30,0,0,0,0,0,0,0,0,300,0,0,0,0,0,0,0,300,0,0,0,0,3,0,5,2,0,192,0
513,95530,0,0,4,40,0,0,0,0,0,0,0,0,400,0,0,0,0,0,0,0,400,0,0,0,0,3,0,5,3,0,192,0
514,96100,0,0,1,10,0,0,0,0,100,0,0,0,0,0,0,100,0,0,0,0,0,0,0,0,0,1,0,1,0,0,64,0
515,96110,0,0,2,20,0,0,0,0,200,0,0,0,0,0,0,200,0,0,0,0,0,0,0,0,0,2,0,1,1,0,64,0
516,96120,0,0,3,30,0,0,0,0,300,0,0,0,0,0,0,300,0,0,0,0,0,0,0,0,0,3,0,1,2,0,64,0
517,96130,0,0,4,40,0,0,0,0,400,0,0,0,0,0,0,400,0,0,0,0,0,0,0,0,0,3,0,1,3,0,64,0
518,96200,0,0,1,10,0,0,0,0,0,100,0,0,0,0,0,0,100,0,0,0,0,0,0,0,0,1,0,2,0,0,64,0
519,96210,0,0,2,20,0,0,0,0,0,200,0,0,0,0,0,0,200,0,0,0,0,0,0,0,0,2,0,2,1,0,64,0
520,96220,0,0,3,30,0,0,0,0,0,300,0,0,0,0,0,0,300,0,0,0,0,0,0,0,0,3,0,2,2,0,64,0
521,96230,0,0,4,40,0,0,0,0,0,400,0,0,0,0,0,0,400,0,0,0,0,0,0,0,0,3,0,2,3,0,64,0
522,96300,0,0,1,10,0,0,0,0,0,0,100,0,0,0,0,0,0,0,100,0,0,0,0,0,0,1,0,3,0,0,64,0
523,96310,0,0,2,20,0,0,0,0,0,0,200,0,0,0,0,0,0,0,200,0,0,0,0,0,0,2,0,3,1,0,64,0
524,96320,0,0,3,30,0,0,0,0,0,0,300,0,0,0,0,0,0,0,300,0,0,0,0,0,0,3,0,3,2,0,64,0
525,96330,0,0,4,40,0,0,0,0,0,0,400,0,0,0,0,0,0,0,400,0,0,0,0,0,0,3,0,3,3,0,64,0
526,96400,0,0,1,10,0,0,0,0,0,0,0,100,0,0,0,0,0,0,0,100,0,0,0,0,0,1,0,4,0,0,64,0
527,96410,0,0,2,20,0,0,0,0,0,0,0,200,0,0,0,0,0,0,0,200,0,0,0,0,0,2,0,4,1,0,64,0
528,96420,0,0,3,30,0,0,0,0,0,0,0,300,0,0,0,0,0,0,0,300,0,0,0,0,0,3,0,4,2,0,64,0
529,96430,0,0,4,40,0,0,0,0,0,0,0,400,0,0,0,0,0,0,0,400,0,0,0,0,0,3,0,4,3,0,64,0
530,96500,0,0,1,10,0,0,0,0,0,0,0,0,100,0,0,0,0,0,0,0,100,0,0,0,0,1,0,5,0,0,64,0
531,96510,0,0,2,20,0,0,0,0,0,0,0,0,200,0,0,0,0,0,0,0,200,0,0,0,0,2,0,5,1,0,64,0
532,96520,0,0,3,30,0,0,0,0,0,0,0,0,300,0,0,0,0,0,0,0,300,0,0,0,0,3,0,5,2,0,64,0
533,96530,0,0,4,40,0,0,0,0,0,0,0,0,400,0,0,0,0,0,0,0,400,0,0,0,0,3,0,5,3,0,64,0
534,97100,0,0,1,10,0,0,0,0,100,0,0,0,0,0,0,100,0,0,0,0,0,0,0,0,0,1,0,1,0,0,128,0
535,97110,0,0,2,20,0,0,0,0,200,0,0,0,0,0,0,200,0,0,0,0,0,0,0,0,0,2,0,1,1,0,128,0
536,97120,0,0,3,30,0,0,0,0,300,0,0,0,0,0,0,300,0,0,0,0,0,0,0,0,0,3,0,1,2,0,128,0
537,97130,0,0,4,40,0,0,0,0,400,0,0,0,0,0,0,400,0,0,0,0,0,0,0,0,0,3,0,1,3,0,128,0
538,97200,0,0,1,10,0,0,0,0,0,100,0,0,0,0,0,0,100,0,0,0,0,0,0,0,0,1,0,2,0,0,128,0
539,97210,0,0,2,20,0,0,0,0,0,200,0,0,0,0,0,0,200,0,0,0,0,0,0,0,0,2,0,2,1,0,128,0
540,97220,0,0,3,30,0,0,0,0,0,300,0,0,0,0,0,0,300,0,0,0,0,0,0,0,0,3,0,2,2,0,128,0
541,97230,0,0,4,40,0,0,0,0,0,400,0,0,0,0,0,0,400,0,0,0,0,0,0,0,0,3,0,2,3,0,128,0
542,97300,0,0,1,10,0,0,0,0,0,0,100,0,0,0,0,0,0,0,100,0,0,0,0,0,0,1,0,3,0,0,128,0
543,97310,0,0,2,20,0,0,0,0,0,0,200,0,0,0,0,0,0,0,200,0,0,0,0,0,0,2,0,3,1,0,128,0
544,97320,0,0,3,30,0,0,0,0,0,0,300,0,0,0,0,0,0,0,300,0,0,0,0,0,0,3,0,3,2,0,128,0
545,97330,0,0,4,40,0,0,0,0,0,0,400,0,0,0,0,0,0,0,400,0,0,0,0,0,0,3,0,3,3,0,128,0
546,97400,0,0,1,10,0,0,0,0,0,0,0,100,0,0,0,0,0,0,0,100,0,0,0,0,0,1,0,4,0,0,128,0
547,97410,0,0,2,20,0,0,0,0,0,0,0,200,0,0,0,0,0,0,0,200,0,0,0,0,0,2,0,4,1,0,128,0
548,97420,0,0,3,30,0,0,0,0,0,0,0,300,0,0,0,0,0,0,0,300,0,0,0,0,0,3,0,4,2,0,128,0
549,97430,0,0,4,40,0,0,0,0,0,0,0,400,0,0,0,0,0,0,0,400,0,0,0,0,0,3,0,4,3,0,128,0
550,97500,0,0,1,10,0,0,0,0,0,0,0,0,100,0,0,0,0,0,0,0,100,0,0,0,0,1,0,5,0,0,128,0
551,97510,0,0,2,20,0,0,0,0,0,0,0,0,200,0,0,0,0,0,0,0,200,0,0,0,0,2,0,5,1,0,128,0
552,97520,0,0,3,30,0,0,0,0,0,0,0,0,300,0,0,0,0,0,0,0,300,0,0,0,0,3,0,5,2,0,128,0
553,97530,0,0,4,40,0,0,0,0,0,0,0,0,400,0,0,0,0,0,0,0,400,0,0,0,0,3,0,5,3,0,128,0
554,98100,0,0,1,10,0,0,0,0,100,0,0,0,0,0,0,100,0,0,0,0,0,0,0,0,0,1,0,1,0,0,256,0
555,98110,0,0,2,20,0,0,0,0,200,0,0,0,0,0,0,200,0,0,0,0,0,0,0,0,0,2,0,1,1,0,256,0
556,98120,0,0,3,30,0,0,0,0,300,0,0,0,0,0,0,300,0,0,0,0,0,0,0,0,0,3,0,1,2,0,256,0
557,98130,0,0,4,40,0,0,0,0,400,0,0,0,0,0,0,400,0,0,0,0,0,0,0,0,0,3,0,1,3,0,256,0
558,98200,0,0,1,10,0,0,0,0,0,100,0,0,0,0,0,0,100,0,0,0,0,0,0,0,0,1,0,2,0,0,256,0
559,98210,0,0,2,20,0,0,0,0,0,200,0,0,0,0,0,0,200,0,0,0,0,0,0,0,0,2,0,2,1,0,256,0
560,98220,0,0,3,30,0,0,0,0,0,300,0,0,0,0,0,0,300,0,0,0,0,0,0,0,0,3,0,2,2,0,256,0
561,98230,0,0,4,40,0,0,0,0,0,400,0,0,0,0,0,0,400,0,0,0,0,0,0,0,0,3,0,2,3,0,256,0
562,98300,0,0,1,10,0,0,0,0,0,0,100,0,0,0,0,0,0,0,100,0,0,0,0,0,0,1,0,3,0,0,256,0
563,98310,0,0,2,20,0,0,0,0,0,0,200,0,0,0,0,0,0,0,200,0,0,0,0,0,0,2,0,3,1,0,256,0
564,98320,0,0,3,30,0,0,0,0,0,0,300,0,0,0,0,0,0,0,300,0,0,0,0,0,0,3,0,3,2,0,256,0
565,98330,0,0,4,40,0,0,0,0,0,0,400,0,0,0,0,0,0,0,400,0,0,0,0,0,0,3,0,3,3,0,256,0
566,98400,0,0,1,10,0,0,0,0,0,0,0,100,0,0,0,0,0,0,0,100,0,0,0,0,0,1,0,4,0,0,256,0
567,98410,0,0,2,20,0,0,0,0,0,0,0,200,0,0,0,0,0,0,0,200,0,0,0,0,0,2,0,4,1,0,256,0
568,98420,0,0,3,30,0,0,0,0,0,0,0,300,0,0,0,0,0,0,0,300,0,0,0,0,0,3,0,4,2,0,256,0
569,98430,0,0,4,40,0,0,0,0,0,0,0,400,0,0,0,0,0,0,0,400,0,0,0,0,0,3,0,4,3,0,256,0
570,98500,0,0,1,10,0,0,0,0,0,0,0,0,100,0,0,0,0,0,0,0,100,0,0,0,0,1,0,5,0,0,256,0
571,98510,0,0,2,20,0,0,0,0,0,0,0,0,200,0,0,0,0,0,0,0,200,0,0,0,0,2,0,5,1,0,256,0
572,98520,0,0,3,30,0,0,0,0,0,0,0,0,300,0,0,0,0,0,0,0,300,0,0,0,0,3,0,5,2,0,256,0
573,98530,0,0,4,40,0,0,0,0,0,0,0,0,400,0,0,0,0,0,0,0,400,0,0,0,0,3,0,5,3,0,256,0
574,99100,0,0,1,10,0,0,0,0,100,0,0,0,0,0,0,100,0,0,0,0,0,0,0,0,0,1,0,1,0,0,1,0
575,99110,0,0,2,20,0,0,0,0,200,0,0,0,0,0,0,200,0,0,0,0,0,0,0,0,0,2,0,1,1,0,1,0
576,99120,0,0,3,30,0,0,0,0,300,0,0,0,0,0,0,300,0,0,0,0,0,0,0,0,0,3,0,1,2,0,1,0
577,99130,0,0,4,40,0,0,0,0,400,0,0,0,0,0,0,400,0,0,0,0,0,0,0,0,0,3,0,1,3,0,1,0
578,99200,0,0,1,10,0,0,0,0,0,100,0,0,0,0,0,0,100,0,0,0,0,0,0,0,0,1,0,2,0,0,1,0
579,99210,0,0,2,20,0,0,0,0,0,200,0,0,0,0,0,0,200,0,0,0,0,0,0,0,0,2,0,2,1,0,1,0
580,99220,0,0,3,30,0,0,0,0,0,300,0,0,0,0,0,0,300,0,0,0,0,0,0,0,0,3,0,2,2,0,1,0
581,99230,0,0,4,40,0,0,0,0,0,400,0,0,0,0,0,0,400,0,0,0,0,0,0,0,0,3,0,2,3,0,1,0
582,99300,0,0,1,10,0,0,0,0,0,0,100,0,0,0,0,0,0,0,100,0,0,0,0,0,0,1,0,3,0,0,1,0
583,99310,0,0,2,20,0,0,0,0,0,0,200,0,0,0,0,0,0,0,200,0,0,0,0,0,0,2,0,3,1,0,1,0
584,99320,0,0,3,30,0,0,0,0,0,0,300,0,0,0,0,0,0,0,300,0,0,0,0,0,0,3,0,3,2,0,1,0
585,99330,0,0,4,40,0,0,0,0,0,0,400,0,0,0,0,0,0,0,400,0,0,0,0,0,0,3,0,3,3,0,1,0
586,99400,0,0,1,10,0,0,0,0,0,0,0,100,0,0,0,0,0,0,0,100,0,0,0,0,0,1,0,4,0,0,1,0
587,99410,0,0,2,20,0,0,0,0,0,0,0,200,0,0,0,0,0,0,0,200,0,0,0,0,0,2,0,4,1,0,1,0
588,99420,0,0,3,30,0,0,0,0,0,0,0,300,0,0,0,0,0,0,0,300,0,0,0,0,0,3,0,4,2,0,1,0
589,99430,0,0,4,40,0,0,0,0,0,0,0,400,0,0,0,0,0,0,0,400,0,0,0,0,0,3,0,4,3,0,1,0
590,99500,0,0,1,10,0,0,0,0,0,0,0,0,100,0,0,0,0,0,0,0,100,0,0,0,0,1,0,5,0,0,1,0
591,99510,0,0,2,20,0,0,0,0,0,0,0,0,200,0,0,0,0,0,0,0,200,0,0,0,0,2,0,5,1,0,1,0
592,99520,0,0,3,30,0,0,0,0,0,0,0,0,300,0,0,0,0,0,0,0,300,0,0,0,0,3,0,5,2,0,1,0
593,99530,0,0,4,40,0,0,0,0,0,0,0,0,400,0,0,0,0,0,0,0,400,0,0,0,0,3,0,5,3,0,1,0
594,99501,0,0,1,10,0,0,0,0,0,0,0,0,100,0,0,0,0,0,0,0,100,0,0,0,0,1,0,5,3,0,1,91000
595,99502,0,0,1,10,0,0,0,0,0,0,0,0,100,0,0,0,0,0,0,0,100,0,0,0,0,1,0,5,3,0,1,91200
596,99503,0,0,1,10,0,0,0,0,0,0,0,0,100,0,0,0,0,0,0,0,100,0,0,0,0,1,0,5,3,0,1,91300
597,99504,0,0,1,10,0,0,0,0,0,0,0,0,100,0,0,0,0,0,0,0,100,0,0,0,0,1,0,5,3,0,1,92000
598,99505,0,0,1,10,0,0,0,0,0,0,0,0,100,0,0,0,0,0,0,0,100,0,0,0,0,1,0,5,3,0,1,92300
599,99506,0,0,1,10,0,0,0,0,0,0,0,0,100,0,0,0,0,0,0,0,100,0,0,0,0,1,0,5,3,0,1,93000
600,71100,0,0,1,1,0,0,0,0,0,0,0,0,0,0,1,0,0,0,0,0,0,0,0,0,0,1,0,1,3,1,8,0
601,71101,0,0,1,1,0,0,0,0,0,0,0,0,0,0,3,0,0,0,0,0,0,0,0,0,0,1,0,1,3,1,8,0
602,71102,0,0,1,1,0,0,0,0,0,0,0,0,0,0,4,0,0,0,0,0,0,0,0,0,0,1,0,1,3,1,8,0
603,71103,0,0,1,1,0,0,0,0,0,0,0,0,0,0,6,0,0,0,0,0,0,0,0,0,0,1,0,1,3,1,8,11000
604,71104,0,0,1,1,0,0,0,0,0,0,0,0,0,0,7,0,0,0,0,0,0,0,0,0,0,1,0,1,3,1,8,11000
605,71105,0,0,1,1,0,0,0,0,0,0,0,0,0,0,9,0,0,0,0,0,0,0,0,0,0,1,0,1,3,1,8,11000
606,71106,0,0,1,1,0,0,0,0,0,0,0,0,0,0,10,0,0,0,0,0,0,0,0,0,0,1,0,1,3,1,8,12000
607,71107,0,0,1,1,0,0,0,0,0,0,0,0,0,0,12,0,0,0,0,0,0,0,0,0,0,1,0,1,3,1,8,12000
608,71108,0,0,1,1,0,0,0,0,0,0,0,0,0,0,13,0,0,0,0,0,0,0,0,0,0,1,0,1,3,1,8,12000
609,71109,0,0,1,1,0,0,0,0,0,0,0,0,0,0,15,0,0,0,0,0,0,0,0,0,0,1,0,1,3,1,8,13000
610,71110,0,0,1,1,0,0,0,0,0,0,0,0,0,0,16,0,0,0,0,0,0,0,0,0,0,1,0,1,3,1,8,13000
611,71111,0,0,1,9,0,0,0,0,0,0,0,0,0,0,13,0,0,0,0,0,0,0,0,0,0,1,0,1,3,1,8,0
612,71112,0,0,1,9,0,0,0,0,0,0,0,0,0,0,15,0,0,0,0,0,0,0,0,0,0,1,0,1,3,1,8,0
613,71113,0,0,1,9,0,0,0,0,0,0,0,0,0,0,16,0,0,0,0,0,0,0,0,0,0,1,0,1,3,1,8,0
614,71114,0,0,1,9,0,0,0,0,0,0,0,0,0,0,18,0,0,0,0,0,0,0,0,0,0,1,0,1,3,1,8,11000
615,71115,0,0,1,9,0,0,0,0,0,0,0,0,0,0,19,0,0,0,0,0,0,0,0,0,0,1,0,1,3,1,8,11000
616,71116,0,0,1,9,0,0,0,0,0,0,0,0,0,0,20,0,0,0,0,0,0,0,0,0,0,1,0,1,3,1,8,11000
617,71117,0,0,1,9,0,0,0,0,0,0,0,0,0,0,22,0,0,0,0,0,0,0,0,0,0,1,0,1,3,1,8,12000
618,71118,0,0,1,9,0,0,0,0,0,0,0,0,0,0,23,0,0,0,0,0,0,0,0,0,0,1,0,1,3,1,8,12000
619,71119,0,0,1,9,0,0,0,0,0,0,0,0,0,0,25,0,0,0,0,0,0,0,0,0,0,1,0,1,3,1,8,12000
620,71120,0,0,1,9,0,0,0,0,0,0,0,0,0,0,26,0,0,0,0,0,0,0,0,0,0,1,0,1,3,1,8,13000
621,71121,0,0,1,9,0,0,0,0,0,0,0,0,0,0,28,0,0,0,0,0,0,0,0,0,0,1,0,1,3,1,8,13000
622,71122,0,0,1,17,0,0,0,0,0,0,0,0,0,0,25,0,0,0,0,0,0,0,0,0,0,1,0,1,3,1,8,0
623,71123,0,0,1,17,0,0,0,0,0,0,0,0,0,0,26,0,0,0,0,0,0,0,0,0,0,1,0,1,3,1,8,0
624,71124,0,0,1,17,0,0,0,0,0,0,0,0,0,0,28,0,0,0,0,0,0,0,0,0,0,1,0,1,3,1,8,0
625,71125,0,0,1,17,0,0,0,0,0,0,0,0,0,0,29,0,0,0,0,0,0,0,0,0,0,1,0,1,3,1,8,11000
626,71126,0,0,1,17,0,0,0,0,0,0,0,0,0,0,31,0,0,0,0,0,0,0,0,0,0,1,0,1,3,1,8,11000
627,71127,0,0,1,17,0,0,0,0,0,0,0,0,0,0,32,0,0,0,0,0,0,0,0,0,0,1,0,1,3,1,8,11000
628,71128,0,0,1,17,0,0,0,0,0,0,0,0,0,0,34,0,0,0,0,0,0,0,0,0,0,1,0,1,3,1,8,12000
629,71129,0,0,1,17,0,0,0,0,0,0,0,0,0,0,35,0,0,0,0,0,0,0,0,0,0,1,0,1,3,1,8,12000
630,71130,0,0,1,17,0,0,0,0,0,0,0,0,0,0,37,0,0,0,0,0,0,0,0,0,0,1,0,1,3,1,8,12000
631,71131,0,0,1,17,0,0,0,0,0,0,0,0,0,0,38,0,0,0,0,0,0,0,0,0,0,1,0,1,3,1,8,13000
632,71132,0,0,1,17,0,0,0,0,0,0,0,0,0,0,39,0,0,0,0,0,0,0,0,0,0,1,0,1,3,1,8,13000
633,71133,0,0,1,25,0,0,0,0,0,0,0,0,0,0,37,0,0,0,0,0,0,0,0,0,0,1,0,1,3,1,8,0
634,71134,0,0,1,25,0,0,0,0,0,0,0,0,0,0,38,0,0,0,0,0,0,0,0,0,0,1,0,1,3,1,8,0
635,71135,0,0,1,25,0,0,0,0,0,0,0,0,0,0,39,0,0,0,0,0,0,0,0,0,0,1,0,1,3,1,8,0
636,71136,0,0,1,25,0,0,0,0,0,0,0,0,0,0,41,0,0,0,0,0,0,0,0,0,0,1,0,1,3,1,8,11000
637,71137,0,0,1,25,0,0,0,0,0,0,0,0,0,0,42,0,0,0,0,0,0,0,0,0,0,1,0,1,3,1,8,11000
638,71138,0,0,1,25,0,0,0,0,0,0,0,0,0,0,44,0,0,0,0,0,0,0,0,0,0,1,0,1,3,1,8,11000
639,71139,0,0,1,25,0,0,0,0,0,0,0,0,0,0,45,0,0,0,0,0,0,0,0,0,0,1,0,1,3,1,8,12000
640,71140,0,0,1,25,0,0,0,0,0,0,0,0,0,0,47,0,0,0,0,0,0,0,0,0,0,1,0,1,3,1,8,12000
641,71141,0,0,1,25,0,0,0,0,0,0,0,0,0,0,48,0,0,0,0,0,0,0,0,0,0,1,0,1,3,1,8,12000
642,71142,0,0,1,25,0,0,0,0,0,0,0,0,0,0,50,0,0,0,0,0,0,0,0,0,0,1,0,1,3,1,8,13000
643,71143,0,0,1,25,0,0,0,0,0,0,0,0,0,0,51,0,0,0,0,0,0,0,0,0,0,1,0,1,3,1,8,13000
644,71144,0,0,2,33,0,0,0,0,0,0,0,0,0,0,48,0,0,0,0,0,0,0,0,0,0,1,0,1,3,1,8,0
645,71145,0,0,2,33,0,0,0,0,0,0,0,0,0,0,50,0,0,0,0,0,0,0,0,0,0,1,0,1,3,1,8,0
646,71146,0,0,2,33,0,0,0,0,0,0,0,0,0,0,51,0,0,0,0,0,0,0,0,0,0,1,0,1,3,1,8,0
647,71147,0,0,2,33,0,0,0,0,0,0,0,0,0,0,53,0,0,0,0,0,0,0,0,0,0,1,0,1,3,1,8,11000
648,71148,0,0,2,33,0,0,0,0,0,0,0,0,0,0,54,0,0,0,0,0,0,0,0,0,0,1,0,1,3,1,8,11000
649,71149,0,0,2,33,0,0,0,0,0,0,0,0,0,0,56,0,0,0,0,0,0,0,0,0,0,1,0,1,3,1,8,11000
650,71150,0,0,2,33,0,0,0,0,0,0,0,0,0,0,57,0,0,0,0,0,0,0,0,0,0,1,0,1,3,1,8,12000
651,71151,0,0,2,33,0,0,0,0,0,0,0,0,0,0,59,0,0,0,0,0,0,0,0,0,0,1,0,1,3,1,8,12000
652,71152,0,0,2,33,0,0,0,0,0,0,0,0,0,0,60,0,0,0,0,0,0,0,0,0,0,1,0,1,3,1,8,12000
653,71153,0,0,2,33,0,0,0,0,0,0,0,0,0,0,61,0,0,0,0,0,0,0,0,0,0,1,0,1,3,1,8,13000
654,71154,0,0,2,33,0,0,0,0,0,0,0,0,0,0,63,0,0,0,0,0,0,0,0,0,0,1,0,1,3,1,8,13000
655,71155,0,0,2,41,0,0,0,0,0,0,0,0,0,0,60,0,0,0,0,0,0,0,0,0,0,1,0,1,3,1,8,0
656,71156,0,0,2,41,0,0,0,0,0,0,0,0,0,0,61,0,0,0,0,0,0,0,0,0,0,1,0,1,3,1,8,0
657,71157,0,0,2,41,0,0,0,0,0,0,0,0,0,0,63,0,0,0,0,0,0,0,0,0,0,1,0,1,3,1,8,0
658,71158,0,0,2,41,0,0,0,0,0,0,0,0,0,0,64,0,0,0,0,0,0,0,0,0,0,1,0,1,3,1,8,11000
659,71159,0,0,2,41,0,0,0,0,0,0,0,0,0,0,66,0,0,0,0,0,0,0,0,0,0,1,0,1,3,1,8,11000
660,71160,0,0,2,41,0,0,0,0,0,0,0,0,0,0,67,0,0,0,0,0,0,0,0,0,0,1,0,1,3,1,8,11000
661,71161,0,0,2,41,0,0,0,0,0,0,0,0,0,0,69,0,0,0,0,0,0,0,0,0,0,1,0,1,3,1,8,12000
662,71162,0,0,2,41,0,0,0,0,0,0,0,0,0,0,70,0,0,0,0,0,0,0,0,0,0,1,0,1,3,1,8,12000
663,71163,0,0,2,41,0,0,0,0,0,0,0,0,0,0,72,0,0,0,0,0,0,0,0,0,0,1,0,1,3,1,8,12000
664,71164,0,0,2,41,0,0,0,0,0,0,0,0,0,0,73,0,0,0,0,0,0,0,0,0,0,1,0,1,3,1,8,13000
665,71165,0,0,2,41,0,0,0,0,0,0,0,0,0,0,75,0,0,0,0,0,0,0,0,0,0,1,0,1,3,1,8,13000
666,71166,0,0,2,49,0,0,0,0,0,0,0,0,0,0,72,0,0,0,0,0,0,0,0,0,0,1,0,1,3,1,8,0
667,71167,0,0,2,49,0,0,0,0,0,0,0,0,0,0,73,0,0,0,0,0,0,0,0,0,0,1,0,1,3,1,8,0
668,71168,0,0,2,49,0,0,0,0,0,0,0,0,0,0,75,0,0,0,0,0,0,0,0,0,0,1,0,1,3,1,8,0
669,71169,0,0,2,49,0,0,0,0,0,0,0,0,0,0,76,0,0,0,0,0,0,0,0,0,0,1,0,1,3,1,8,11000
670,71170,0,0,2,49,0,0,0,0,0,0,0,0,0,0,78,0,0,0,0,0,0,0,0,0,0,1,0,1,3,1,8,11000
671,71171,0,0,2,49,0,0,0,0,0,0,0,0,0,0,79,0,0,0,0,0,0,0,0,0,0,1,0,1,3,1,8,11000
672,71172,0,0,2,49,0,0,0,0,0,0,0,0,0,0,80,0,0,0,0,0,0,0,0,0,0,1,0,1,3,1,8,12000
673,71173,0,0,2,49,0,0,0,0,0,0,0,0,0,0,82,0,0,0,0,0,0,0,0,0,0,1,0,1,3,1,8,12000
674,71174,0,0,2,49,0,0,0,0,0,0,0,0,0,0,83,0,0,0,0,0,0,0,0,0,0,1,0,1,3,1,8,12000
675,71175,0,0,2,49,0,0,0,0,0,0,0,0,0,0,85,0,0,0,0,0,0,0,0,0,0,1,0,1,3,1,8,13000
676,71176,0,0,2,49,0,0,0,0,0,0,0,0,0,0,86,0,0,0,0,0,0,0,0,0,0,1,0,1,3,1,8,13000
677,71177,0,0,2,57,0,0,0,0,0,0,0,0,0,0,83,0,0,0,0,0,0,0,0,0,0,1,0,1,3,1,8,0
678,71178,0,0,2,57,0,0,0,0,0,0,0,0,0,0,85,0,0,0,0,0,0,0,0,0,0,1,0,1,3,1,8,0
679,71179,0,0,2,57,0,0,0,0,0,0,0,0,0,0,86,0,0,0,0,0,0,0,0,0,0,1,0,1,3,1,8,0
680,71180,0,0,2,57,0,0,0,0,0,0,0,0,0,0,88,0,0,0,0,0,0,0,0,0,0,1,0,1,3,1,8,11000
681,71181,0,0,2,57,0,0,0,0,0,0,0,0,0,0,90,0,0,0,0,0,0,0,0,0,0,1,0,1,3,1,8,11000
682,71182,0,0,2,57,0,0,0,0,0,0,0,0,0,0,92,0,0,0,0,0,0,0,0,0,0,1,0,1,3,1,8,11000
683,71183,0,0,2,57,0,0,0,0,0,0,0,0,0,0,94,0,0,0,0,0,0,0,0,0,0,1,0,1,3,1,8,12000
684,71184,0,0,2,57,0,0,0,0,0,0,0,0,0,0,96,0,0,0,0,0,0,0,0,0,0,1,0,1,3,1,8,12000
685,71185,0,0,2,57,0,0,0,0,0,0,0,0,0,0,98,0,0,0,0,0,0,0,0,0,0,1,0,1,3,1,8,12000
686,71186,0,0,2,57,0,0,0,0,0,0,0,0,0,0,99,0,0,0,0,0,0,0,0,0,0,1,0,1,3,1,8,13000
687,71187,0,0,2,57,0,0,0,0,0,0,0,0,0,0,101,0,0,0,0,0,0,0,0,0,0,1,0,1,3,1,8,13000
688,71188,0,0,3,65,0,0,0,0,0,0,0,0,0,0,98,0,0,0,0,0,0,0,0,0,0,1,0,1,3,1,8,0
689,71189,0,0,3,65,0,0,0,0,0,0,0,0,0,0,99,0,0,0,0,0,0,0,0,0,0,1,0,1,3,1,8,0
690,71190,0,0,3,65,0,0,0,0,0,0,0,0,0,0,101,0,0,0,0,0,0,0,0,0,0,1,0,1,3,1,8,0
691,71191,0,0,3,65,0,0,0,0,0,0,0,0,0,0,103,0,0,0,0,0,0,0,0,0,0,1,0,1,3,1,8,11000
692,71192,0,0,3,65,0,0,0,0,0,0,0,0,0,0,105,0,0,0,0,0,0,0,0,0,0,1,0,1,3,1,8,11000
693,71193,0,0,3,65,0,0,0,0,0,0,0,0,0,0,107,0,0,0,0,0,0,0,0,0,0,1,0,1,3,1,8,11000
694,71194,0,0,3,65,0,0,0,0,0,0,0,0,0,0,109,0,0,0,0,0,0,0,0,0,0,1,0,1,3,1,8,12000
695,71195,0,0,3,65,0,0,0,0,0,0,0,0,0,0,111,0,0,0,0,0,0,0,0,0,0,1,0,1,3,1,8,12000
696,71196,0,0,3,65,0,0,0,0,0,0,0,0,0,0,113,0,0,0,0,0,0,0,0,0,0,1,0,1,3,1,8,12000
697,71197,0,0,3,65,0,0,0,0,0,0,0,0,0,0,115,0,0,0,0,0,0,0,0,0,0,1,0,1,3,1,8,13000
698,71198,0,0,3,65,0,0,0,0,0,0,0,0,0,0,117,0,0,0,0,0,0,0,0,0,0,1,0,1,3,1,8,13000
699,71199,0,0,3,73,0,0,0,0,0,0,0,0,0,0,113,0,0,0,0,0,0,0,0,0,0,1,0,1,3,1,8,0
700,71200,0,0,3,73,0,0,0,0,0,0,0,0,0,0,115,0,0,0,0,0,0,0,0,0,0,1,0,1,3,1,8,0
701,71201,0,0,3,73,0,0,0,0,0,0,0,0,0,0,117,0,0,0,0,0,0,0,0,0,0,1,0,1,3,1,8,0
702,71202,0,0,3,73,0,0,0,0,0,0,0,0,0,0,119,0,0,0,0,0,0,0,0,0,0,1,0,1,3,1,8,11000
703,71203,0,0,3,73,0,0,0,0,0,0,0,0,0,0,121,0,0,0,0,0,0,0,0,0,0,1,0,1,3,1,8,11000
704,71204,0,0,3,73,0,0,0,0,0,0,0,0,0,0,123,0,0,0,0,0,0,0,0,0,0,1,0,1,3,1,8,11000
705,71205,0,0,3,73,0,0,0,0,0,0,0,0,0,0,125,0,0,0,0,0,0,0,0,0,0,1,0,1,3,1,8,12000
706,71206,0,0,3,73,0,0,0,0,0,0,0,0,0,0,127,0,0,0,0,0,0,0,0,0,0,1,0,1,3,1,8,12000
707,71207,0,0,3,73,0,0,0,0,0,0,0,0,0,0,129,0,0,0,0,0,0,0,0,0,0,1,0,1,3,1,8,12000
708,71208,0,0,3,73,0,0,0,0,0,0,0,0,0,0,131,0,0,0,0,0,0,0,0,0,0,1,0,1,3,1,8,13000
709,71209,0,0,3,73,0,0,0,0,0,0,0,0,0,0,133,0,0,0,0,0,0,0,0,0,0,1,0,1,3,1,8,13000
710,71210,0,0,3,81,0,0,0,0,0,0,0,0,0,0,129,0,0,0,0,0,0,0,0,0,0,1,0,1,3,1,8,0
711,71211,0,0,3,81,0,0,0,0,0,0,0,0,0,0,131,0,0,0,0,0,0,0,0,0,0,1,0,1,3,1,8,0
712,71212,0,0,3,81,0,0,0,0,0,0,0,0,0,0,133,0,0,0,0,0,0,0,0,0,0,1,0,1,3,1,8,0
713,71213,0,0,3,81,0,0,0,0,0,0,0,0,0,0,135,0,0,0,0,0,0,0,0,0,0,1,0,1,3,1,8,11000
714,71214,0,0,3,81,0,0,0,0,0,0,0,0,0,0,137,0,0,0,0,0,0,0,0,0,0,1,0,1,3,1,8,11000
715,71215,0,0,3,81,0,0,0,0,0,0,0,0,0,0,138,0,0,0,0,0,0,0,0,0,0,1,0,1,3,1,8,11000
716,71216,0,0,3,81,0,0,0,0,0,0,0,0,0,0,140,0,0,0,0,0,0,0,0,0,0,1,0,1,3,1,8,12000
717,71217,0,0,3,81,0,0,0,0,0,0,0,0,0,0,142,0,0,0,0,0,0,0,0,0,0,1,0,1,3,1,8,12000
718,71218,0,0,3,81,0,0,0,0,0,0,0,0,0,0,144,0,0,0,0,0,0,0,0,0,0,1,0,1,3,1,8,12000
719,71219,0,0,3,81,0,0,0,0,0,0,0,0,0,0,146,0,0,0,0,0,0,0,0,0,0,1,0,1,3,1,8,13000
720,71220,0,0,3,81,0,0,0,0,0,0,0,0,0,0,148,0,0,0,0,0,0,0,0,0,0,1,0,1,3,1,8,13000
721,71221,0,0,3,89,0,0,0,0,0,0,0,0,0,0,144,0,0,0,0,0,0,0,0,0,0,1,0,1,3,1,8,0
722,71222,0,0,3,89,0,0,0,0,0,0,0,0,0,0,146,0,0,0,0,0,0,0,0,0,0,1,0,1,3,1,8,0
723,71223,0,0,3,89,0,0,0,0,0,0,0,0,0,0,148,0,0,0,0,0,0,0,0,0,0,1,0,1,3,1,8,0
724,71224,0,0,3,89,0,0,0,0,0,0,0,0,0,0,150,0,0,0,0,0,0,0,0,0,0,1,0,1,3,1,8,11000
725,71225,0,0,3,89,0,0,0,0,0,0,0,0,0,0,152,0,0,0,0,0,0,0,0,0,0,1,0,1,3,1,8,11000
726,71226,0,0,3,89,0,0,0,0,0,0,0,0,0,0,154,0,0,0,0,0,0,0,0,0,0,1,0,1,3,1,8,11000
727,71227,0,0,3,89,0,0,0,0,0,0,0,0,0,0,156,0,0,0,0,0,0,0,0,0,0,1,0,1,3,1,8,12000
728,71228,0,0,3,89,0,0,0,0,0,0,0,0,0,0,158,0,0,0,0,0,0,0,0,0,0,1,0,1,3,1,8,12000
729,71229,0,0,3,89,0,0,0,0,0,0,0,0,0,0,160,0,0,0,0,0,0,0,0,0,0,1,0,1,3,1,8,12000
730,71230,0,0,3,89,0,0,0,0,0,0,0,0,0,0,162,0,0,0,0,0,0,0,0,0,0,1,0,1,3,1,8,13000
731,71231,0,0,3,89,0,0,0,0,0,0,0,0,0,0,164,0,0,0,0,0,0,0,0,0,0,1,0,1,3,1,8,13000
732,71232,0,0,4,97,0,0,0,0,0,0,0,0,0,0,160,0,0,0,0,0,0,0,0,0,0,1,0,1,3,1,8,0
733,71233,0,0,4,97,0,0,0,0,0,0,0,0,0,0,162,0,0,0,0,0,0,0,0,0,0,1,0,1,3,1,8,0
734,71234,0,0,4,97,0,0,0,0,0,0,0,0,0,0,164,0,0,0,0,0,0,0,0,0,0,1,0,1,3,1,8,0
735,71235,0,0,4,97,0,0,0,0,0,0,0,0,0,0,166,0,0,0,0,0,0,0,0,0,0,1,0,1,3,1,8,11000
736,71236,0,0,4,97,0,0,0,0,0,0,0,0,0,0,168,0,0,0,0,0,0,0,0,0,0,1,0,1,3,1,8,11000
737,71237,0,0,4,97,0,0,0,0,0,0,0,0,0,0,170,0,0,0,0,0,0,0,0,0,0,1,0,1,3,1,8,11000
738,71238,0,0,4,97,0,0,0,0,0,0,0,0,0,0,172,0,0,0,0,0,0,0,0,0,0,1,0,1,3,1,8,12000
739,71239,0,0,4,97,0,0,0,0,0,0,0,0,0,0,174,0,0,0,0,0,0,0,0,0,0,1,0,1,3,1,8,12000
740,71240,0,0,4,97,0,0,0,0,0,0,0,0,0,0,176,0,0,0,0,0,0,0,0,0,0,1,0,1,3,1,8,12000
741,71241,0,0,4,97,0,0,0,0,0,0,0,0,0,0,177,0,0,0,0,0,0,0,0,0,0,1,0,1,3,1,8,13000
742,71242,0,0,4,97,0,0,0,0,0,0,0,0,0,0,179,0,0,0,0,0,0,0,0,0,0,1,0,1,3,1,8,13000
743,71243,0,0,4,105,0,0,0,0,0,0,0,0,0,0,176,0,0,0,0,0,0,0,0,0,0,1,0,1,3,1,8,0
744,71244,0,0,4,105,0,0,0,0,0,0,0,0,0,0,177,0,0,0,0,0,0,0,0,0,0,1,0,1,3,1,8,0
745,71245,0,0,4,105,0,0,0,0,0,0,0,0,0,0,179,0,0,0,0,0,0,0,0,0,0,1,0,1,3,1,8,0
746,71246,0,0,4,105,0,0,0,0,0,0,0,0,0,0,181,0,0,0,0,0,0,0,0,0,0,1,0,1,3,1,8,11000
747,71247,0,0,4,105,0,0,0,0,0,0,0,0,0,0,183,0,0,0,0,0,0,0,0,0,0,1,0,1,3,1,8,11000
748,71248,0,0,4,105,0,0,0,0,0,0,0,0,0,0,185,0,0,0,0,0,0,0,0,0,0,1,0,1,3,1,8,11000
749,71249,0,0,4,105,0,0,0,0,0,0,0,0,0,0,187,0,0,0,0,0,0,0,0,0,0,1,0,1,3,1,8,12000
750,71250,0,0,4,105,0,0,0,0,0,0,0,0,0,0,189,0,0,0,0,0,0,0,0,0,0,1,0,1,3,1,8,12000
751,71251,0,0,4,105,0,0,0,0,0,0,0,0,0,0,191,0,0,0,0,0,0,0,0,0,0,1,0,1,3,1,8,12000
752,71252,0,0,4,105,0,0,0,0,0,0,0,0,0,0,193,0,0,0,0,0,0,0,0,0,0,1,0,1,3,1,8,13000
753,71253,0,0,4,105,0,0,0,0,0,0,0,0,0,0,195,0,0,0,0,0,0,0,0,0,0,1,0,1,3,1,8,13000
754,71254,0,0,4,113,0,0,0,0,0,0,0,0,0,0,191,0,0,0,0,0,0,0,0,0,0,1,0,1,3,1,8,0
755,71255,0,0,4,113,0,0,0,0,0,0,0,0,0,0,193,0,0,0,0,0,0,0,0,0,0,1,0,1,3,1,8,0
756,71256,0,0,4,113,0,0,0,0,0,0,0,0,0,0,195,0,0,0,0,0,0,0,0,0,0,1,0,1,3,1,8,0
757,71257,0,0,4,113,0,0,0,0,0,0,0,0,0,0,197,0,0,0,0,0,0,0,0,0,0,1,0,1,3,1,8,11000
758,71258,0,0,4,113,0,0,0,0,0,0,0,0,0,0,199,0,0,0,0,0,0,0,0,0,0,1,0,1,3,1,8,11000
759,71259,0,0,4,113,0,0,0,0,0,0,0,0,0,0,201,0,0,0,0,0,0,0,0,0,0,1,0,1,3,1,8,11000
760,71260,0,0,4,113,0,0,0,0,0,0,0,0,0,0,203,0,0,0,0,0,0,0,0,0,0,1,0,1,3,1,8,12000
761,71261,0,0,4,113,0,0,0,0,0,0,0,0,0,0,205,0,0,0,0,0,0,0,0,0,0,1,0,1,3,1,8,12000
762,71262,0,0,4,113,0,0,0,0,0,0,0,0,0,0,207,0,0,0,0,0,0,0,0,0,0,1,0,1,3,1,8,12000
763,71263,0,0,4,113,0,0,0,0,0,0,0,0,0,0,209,0,0,0,0,0,0,0,0,0,0,1,0,1,3,1,8,13000
764,71264,0,0,4,113,0,0,0,0,0,0,0,0,0,0,211,0,0,0,0,0,0,0,0,0,0,1,0,1,3,1,8,13000
765,71265,0,0,4,121,0,0,0,0,0,0,0,0,0,0,207,0,0,0,0,0,0,0,0,0,0,1,0,1,3,1,8,0
766,71266,0,0,4,121,0,0,0,0,0,0,0,0,0,0,209,0,0,0,0,0,0,0,0,0,0,1,0,1,3,1,8,0
767,71267,0,0,4,121,0,0,0,0,0,0,0,0,0,0,211,0,0,0,0,0,0,0,0,0,0,1,0,1,3,1,8,0
768,71268,0,0,4,121,0,0,0,0,0,0,0,0,0,0,213,0,0,0,0,0,0,0,0,0,0,1,0,1,3,1,8,11000
769,71269,0,0,4,121,0,0,0,0,0,0,0,0,0,0,215,0,0,0,0,0,0,0,0,0,0,1,0,1,3,1,8,11000
770,71270,0,0,4,121,0,0,0,0,0,0,0,0,0,0,216,0,0,0,0,0,0,0,0,0,0,1,0,1,3,1,8,11000
771,71271,0,0,4,121,0,0,0,0,0,0,0,0,0,0,218,0,0,0,0,0,0,0,0,0,0,1,0,1,3,1,8,12000
772,71272,0,0,4,121,0,0,0,0,0,0,0,0,0,0,220,0,0,0,0,0,0,0,0,0,0,1,0,1,3,1,8,12000
773,71273,0,0,4,121,0,0,0,0,0,0,0,0,0,0,222,0,0,0,0,0,0,0,0,0,0,1,0,1,3,1,8,12000
774,71274,0,0,4,121,0,0,0,0,0,0,0,0,0,0,224,0,0,0,0,0,0,0,0,0,0,1,0,1,3,1,8,13000
775,71275,0,0,4,121,0,0,0,0,0,0,0,0,0,0,226,0,0,0,0,0,0,0,0,0,0,1,0,1,3,1,8,13000
776,71276,0,0,4,129,0,0,0,0,0,0,0,0,0,0,222,0,0,0,0,0,0,0,0,0,0,1,0,1,3,1,8,0
777,71277,0,0,4,129,0,0,0,0,0,0,0,0,0,0,224,0,0,0,0,0,0,0,0,0,0,1,0,1,3,1,8,0
778,71278,0,0,4,129,0,0,0,0,0,0,0,0,0,0,226,0,0,0,0,0,0,0,0,0,0,1,0,1,3,1,8,0
779,71279,0,0,4,129,0,0,0,0,0,0,0,0,0,0,228,0,0,0,0,0,0,0,0,0,0,1,0,1,3,1,8,11000
780,71280,0,0,4,129,0,0,0,0,0,0,0,0,0,0,230,0,0,0,0,0,0,0,0,0,0,1,0,1,3,1,8,11000
781,71281,0,0,4,129,0,0,0,0,0,0,0,0,0,0,232,0,0,0,0,0,0,0,0,0,0,1,0,1,3,1,8,11000
782,71282,0,0,4,129,0,0,0,0,0,0,0,0,0,0,234,0,0,0,0,0,0,0,0,0,0,1,0,1,3,1,8,12000
783,71283,0,0,4,129,0,0,0,0,0,0,0,0,0,0,236,0,0,0,0,0,0,0,0,0,0,1,0,1,3,1,8,12000
784,71284,0,0,4,129,0,0,0,0,0,0,0,0,0,0,238,0,0,0,0,0,0,0,0,0,0,1,0,1,3,1,8,12000
785,71285,0,0,4,129,0,0,0,0,0,0,0,0,0,0,240,0,0,0,0,0,0,0,0,0,0,1,0,1,3,1,8,13000
786,71286,0,0,4,129,0,0,0,0,0,0,0,0,0,0,242,0,0,0,0,0,0,0,0,0,0,1,0,1,3,1,8,13000
787,71287,0,0,5,137,0,0,0,0,0,0,0,0,0,0,238,0,0,0,0,0,0,0,0,0,0,1,0,1,3,1,8,0
788,71288,0,0,5,137,0,0,0,0,0,0,0,0,0,0,240,0,0,0,0,0,0,0,0,0,0,1,0,1,3,1,8,0
789,71289,0,0,5,137,0,0,0,0,0,0,0,0,0,0,242,0,0,0,0,0,0,0,0,0,0,1,0,1,3,1,8,0
790,71290,0,0,5,137,0,0,0,0,0,0,0,0,0,0,244,0,0,0,0,0,0,0,0,0,0,1,0,1,3,1,8,11000
791,71291,0,0,5,137,0,0,0,0,0,0,0,0,0,0,246,0,0,0,0,0,0,0,0,0,0,1,0,1,3,1,8,11000
792,71292,0,0,5,137,0,0,0,0,0,0,0,0,0,0,248,0,0,0,0,0,0,0,0,0,0,1,0,1,3,1,8,11000
793,71293,0,0,5,137,0,0,0,0,0,0,0,0,0,0,250,0,0,0,0,0,0,0,0,0,0,1,0,1,3,1,8,12000
794,71294,0,0,5,137,0,0,0,0,0,0,0,0,0,0,252,0,0,0,0,0,0,0,0,0,0,1,0,1,3,1,8,12000
795,71295,0,0,5,137,0,0,0,0,0,0,0,0,0,0,254,0,0,0,0,0,0,0,0,0,0,1,0,1,3,1,8,12000
796,71296,0,0,5,137,0,0,0,0,0,0,0,0,0,0,255,0,0,0,0,0,0,0,0,0,0,1,0,1,3,1,8,13000
797,71297,0,0,5,137,0,0,0,0,0,0,0,0,0,0,257,0,0,0,0,0,0,0,0,0,0,1,0,1,3,1,8,13000
798,71298,0,0,5,145,0,0,0,0,0,0,0,0,0,0,254,0,0,0,0,0,0,0,0,0,0,1,0,1,3,1,8,0
799,71299,0,0,5,145,0,0,0,0,0,0,0,0,0,0,255,0,0,0,0,0,0,0,0,0,0,1,0,1,3,1,8,0
800,71300,0,0,5,145,0,0,0,0,0,0,0,0,0,0,257,0,0,0,0,0,0,0,0,0,0,1,0,1,3,1,8,0
801,71301,0,0,5,145,0,0,0,0,0,0,0,0,0,0,259,0,0,0,0,0,0,0,0,0,0,1,0,1,3,1,8,11000
802,71302,0,0,5,145,0,0,0,0,0,0,0,0,0,0,261,0,0,0,0,0,0,0,0,0,0,1,0,1,3,1,8,11000
803,71303,0,0,5,145,0,0,0,0,0,0,0,0,0,0,263,0,0,0,0,0,0,0,0,0,0,1,0,1,3,1,8,11000
804,71304,0,0,5,145,0,0,0,0,0,0,0,0,0,0,265,0,0,0,0,0,0,0,0,0,0,1,0,1,3,1,8,12000
805,71305,0,0,5,145,0,0,0,0,0,0,0,0,0,0,267,0,0,0,0,0,0,0,0,0,0,1,0,1,3,1,8,12000
806,71306,0,0,5,145,0,0,0,0,0,0,0,0,0,0,269,0,0,0,0,0,0,0,0,0,0,1,0,1,3,1,8,12000
807,71307,0,0,5,145,0,0,0,0,0,0,0,0,0,0,271,0,0,0,0,0,0,0,0,0,0,1,0,1,3,1,8,13000
808,71308,0,0,5,145,0,0,0,0,0,0,0,0,0,0,273,0,0,0,0,0,0,0,0,0,0,1,0,1,3,1,8,13000
809,71309,0,0,5,153,0,0,0,0,0,0,0,0,0,0,269,0,0,0,0,0,0,0,0,0,0,1,0,1,3,1,8,0
810,71310,0,0,5,153,0,0,0,0,0,0,0,0,0,0,271,0,0,0,0,0,0,0,0,0,0,1,0,1,3,1,8,0
811,71311,0,0,5,153,0,0,0,0,0,0,0,0,0,0,273,0,0,0,0,0,0,0,0,0,0,1,0,1,3,1,8,0
812,71312,0,0,5,153,0,0,0,0,0,0,0,0,0,0,275,0,0,0,0,0,0,0,0,0,0,1,0,1,3,1,8,11000
813,71313,0,0,5,153,0,0,0,0,0,0,0,0,0,0,277,0,0,0,0,0,0,0,0,0,0,1,0,1,3,1,8,11000
814,71314,0,0,5,153,0,0,0,0,0,0,0,0,0,0,279,0,0,0,0,0,0,0,0,0,0,1,0,1,3,1,8,11000
815,71315,0,0,5,153,0,0,0,0,0,0,0,0,0,0,281,0,0,0,0,0,0,0,0,0,0,1,0,1,3,1,8,12000
816,71316,0,0,5,153,0,0,0,0,0,0,0,0,0,0,283,0,0,0,0,0,0,0,0,0,0,1,0,1,3,1,8,12000
817,71317,0,0,5,153,0,0,0,0,0,0,0,0,0,0,285,0,0,0,0,0,0,0,0,0,0,1,0,1,3,1,8,12000
818,71318,0,0,5,153,0,0,0,0,0,0,0,0,0,0,287,0,0,0,0,0,0,0,0,0,0,1,0,1,3,1,8,13000
819,71319,0,0,5,153,0,0,0,0,0,0,0,0,0,0,289,0,0,0,0,0,0,0,0,0,0,1,0,1,3,1,8,13000
820,71320,0,0,5,161,0,0,0,0,0,0,0,0,0,0,285,0,0,0,0,0,0,0,0,0,0,1,0,1,3,1,8,0
821,71321,0,0,5,161,0,0,0,0,0,0,0,0,0,0,287,0,0,0,0,0,0,0,0,0,0,1,0,1,3,1,8,0
822,71322,0,0,5,161,0,0,0,0,0,0,0,0,0,0,289,0,0,0,0,0,0,0,0,0,0,1,0,1,3,1,8,0
823,71323,0,0,5,161,0,0,0,0,0,0,0,0,0,0,291,0,0,0,0,0,0,0,0,0,0,1,0,1,3,1,8,11000
824,71324,0,0,5,161,0,0,0,0,0,0,0,0,0,0,293,0,0,0,0,0,0,0,0,0,0,1,0,1,3,1,8,11000
825,71325,0,0,5,161,0,0,0,0,0,0,0,0,0,0,294,0,0,0,0,0,0,0,0,0,0,1,0,1,3,1,8,11000
826,71326,0,0,5,161,0,0,0,0,0,0,0,0,0,0,296,0,0,0,0,0,0,0,0,0,0,1,0,1,3,1,8,12000
827,71327,0,0,5,161,0,0,0,0,0,0,0,0,0,0,298,0,0,0,0,0,0,0,0,0,0,1,0,1,3,1,8,12000
828,71328,0,0,5,161,0,0,0,0,0,0,0,0,0,0,300,0,0,0,0,0,0,0,0,0,0,1,0,1,3,1,8,12000
829,71329,0,0,5,161,0,0,0,0,0,0,0,0,0,0,302,0,0,0,0,0,0,0,0,0,0,1,0,1,3,1,8,13000
830,71330,0,0,5,161,0,0,0,0,0,0,0,0,0,0,304,0,0,0,0,0,0,0,0,0,0,1,0,1,3,1,8,13000
831,71331,0,0,5,169,0,0,0,0,0,0,0,0,0,0,300,0,0,0,0,0,0,0,0,0,0,1,0,1,3,1,8,0
832,71332,0,0,5,169,0,0,0,0,0,0,0,0,0,0,302,0,0,0,0,0,0,0,0,0,0,1,0,1,3,1,8,0
833,71333,0,0,5,169,0,0,0,0,0,0,0,0,0,0,304,0,0,0,0,0,0,0,0,0,0,1,0,1,3,1,8,0
834,71334,0,0,5,169,0,0,0,0,0,0,0,0,0,0,306,0,0,0,0,0,0,0,0,0,0,1,0,1,3,1,8,11000
835,71335,0,0,5,169,0,0,0,0,0,0,0,0,0,0,308,0,0,0,0,0,0,0,0,0,0,1,0,1,3,1,8,11000
836,71336,0,0,5,169,0,0,0,0,0,0,0,0,0,0,310,0,0,0,0,0,0,0,0,0,0,1,0,1,3,1,8,11000
837,71337,0,0,5,169,0,0,0,0,0,0,0,0,0,0,312,0,0,0,0,0,0,0,0,0,0,1,0,1,3,1,8,12000
838,71338,0,0,5,169,0,0,0,0,0,0,0,0,0,0,314,0,0,0,0,0,0,0,0,0,0,1,0,1,3,1,8,12000
839,71339,0,0,5,169,0,0,0,0,0,0,0,0,0,0,316,0,0,0,0,0,0,0,0,0,0,1,0,1,3,1,8,12000
840,71340,0,0,5,169,0,0,0,0,0,0,0,0,0,0,318,0,0,0,0,0,0,0,0,0,0,1,0,1,3,1,8,13000
841,71341,0,0,5,169,0,0,0,0,0,0,0,0,0,0,320,0,0,0,0,0,0,0,0,0,0,1,0,1,3,1,8,13000
842,71342,0,0,5,177,0,0,0,0,0,0,0,0,0,0,316,0,0,0,0,0,0,0,0,0,0,1,0,1,3,1,8,0
843,71343,0,0,5,177,0,0,0,0,0,0,0,0,0,0,318,0,0,0,0,0,0,0,0,0,0,1,0,1,3,1,8,0
844,71344,0,0,5,177,0,0,0,0,0,0,0,0,0,0,320,0,0,0,0,0,0,0,0,0,0,1,0,1,3,1,8,0
845,71345,0,0,5,177,0,0,0,0,0,0,0,0,0,0,322,0,0,0,0,0,0,0,0,0,0,1,0,1,3,1,8,11000
846,71346,0,0,5,177,0,0,0,0,0,0,0,0,0,0,324,0,0,0,0,0,0,0,0,0,0,1,0,1,3,1,8,11000
847,71347,0,0,5,177,0,0,0,0,0,0,0,0,0,0,327,0,0,0,0,0,0,0,0,0,0,1,0,1,3,1,8,11000
848,71348,0,0,5,177,0,0,0,0,0,0,0,0,0,0,329,0,0,0,0,0,0,0,0,0,0,1,0,1,3,1,8,12000
849,71349,0,0,5,177,0,0,0,0,0,0,0,0,0,0,332,0,0,0,0,0,0,0,0,0,0,1,0,1,3,1,8,12000
850,71350,0,0,5,177,0,0,0,0,0,0,0,0,0,0,334,0,0,0,0,0,0,0,0,0,0,1,0,1,3,1,8,12000
851,71351,0,0,5,177,0,0,0,0,0,0,0,0,0,0,336,0,0,0,0,0,0,0,0,0,0,1,0,1,3,1,8,13000
852,71352,0,0,5,177,0,0,0,0,0,0,0,0,0,0,339,0,0,0,0,0,0,0,0,0,0,1,0,1,3,1,8,13000
853,71353,0,0,5,185,0,0,0,0,0,0,0,0,0,0,334,0,0,0,0,0,0,0,0,0,0,1,0,1,3,1,8,0
854,71354,0,0,5,185,0,0,0,0,0,0,0,0,0,0,336,0,0,0,0,0,0,0,0,0,0,1,0,1,3,1,8,0
855,71355,0,0,5,185,0,0,0,0,0,0,0,0,0,0,339,0,0,0,0,0,0,0,0,0,0,1,0,1,3,1,8,0
856,71356,0,0,5,185,0,0,0,0,0,0,0,0,0,0,341,0,0,0,0,0,0,0,0,0,0,1,0,1,3,1,8,11000
857,71357,0,0,5,185,0,0,0,0,0,0,0,0,0,0,344,0,0,0,0,0,0,0,0,0,0,1,0,1,3,1,8,11000
858,71358,0,0,5,185,0,0,0,0,0,0,0,0,0,0,346,0,0,0,0,0,0,0,0,0,0,1,0,1,3,1,8,11000
859,71359,0,0,5,185,0,0,0,0,0,0,0,0,0,0,349,0,0,0,0,0,0,0,0,0,0,1,0,1,3,1,8,12000
860,71360,0,0,5,185,0,0,0,0,0,0,0,0,0,0,351,0,0,0,0,0,0,0,0,0,0,1,0,1,3,1,8,12000
861,71361,0,0,5,185,0,0,0,0,0,0,0,0,0,0,353,0,0,0,0,0,0,0,0,0,0,1,0,1,3,1,8,12000
862,71362,0,0,5,185,0,0,0,0,0,0,0,0,0,0,356,0,0,0,0,0,0,0,0,0,0,1,0,1,3,1,8,13000
863,71363,0,0,5,185,0,0,0,0,0,0,0,0,0,0,358,0,0,0,0,0,0,0,0,0,0,1,0,1,3,1,8,13000
864,71364,0,0,5,193,0,0,0,0,0,0,0,0,0,0,353,0,0,0,0,0,0,0,0,0,0,1,0,1,3,1,8,0
865,71365,0,0,5,193,0,0,0,0,0,0,0,0,0,0,356,0,0,0,0,0,0,0,0,0,0,1,0,1,3,1,8,0
866,71366,0,0,5,193,0,0,0,0,0,0,0,0,0,0,358,0,0,0,0,0,0,0,0,0,0,1,0,1,3,1,8,0
867,71367,0,0,5,193,0,0,0,0,0,0,0,0,0,0,361,0,0,0,0,0,0,0,0,0,0,1,0,1,3,1,8,11000
868,71368,0,0,5,193,0,0,0,0,0,0,0,0,0,0,363,0,0,0,0,0,0,0,0,0,0,1,0,1,3,1,8,11000
869,71369,0,0,5,193,0,0,0,0,0,0,0,0,0,0,366,0,0,0,0,0,0,0,0,0,0,1,0,1,3,1,8,11000
870,71370,0,0,5,193,0,0,0,0,0,0,0,0,0,0,368,0,0,0,0,0,0,0,0,0,0,1,0,1,3,1,8,12000
871,71371,0,0,6,193,0,0,0,0,0,0,0,0,0,0,371,0,0,0,0,0,0,0,0,0,0,1,0,1,3,1,8,12000
872,71372,0,0,6,193,0,0,0,0,0,0,0,0,0,0,373,0,0,0,0,0,0,0,0,0,0,1,0,1,3,1,8,12000
873,71373,0,0,6,193,0,0,0,0,0,0,0,0,0,0,375,0,0,0,0,0,0,0,0,0,0,1,0,1,3,1,8,13000
874,71374,0,0,6,193,0,0,0,0,0,0,0,0,0,0,378,0,0,0,0,0,0,0,0,0,0,1,0,1,3,1,8,13000
875,71375,0,0,6,201,0,0,0,0,0,0,0,0,0,0,373,0,0,0,0,0,0,0,0,0,0,1,0,1,3,1,8,0
876,71376,0,0,6,201,0,0,0,0,0,0,0,0,0,0,375,0,0,0,0,0,0,0,0,0,0,1,0,1,3,1,8,0
877,71377,0,0,6,201,0,0,0,0,0,0,0,0,0,0,378,0,0,0,0,0,0,0,0,0,0,1,0,1,3,1,8,0
878,71378,0,0,6,201,0,0,0,0,0,0,0,0,0,0,380,0,0,0,0,0,0,0,0,0,0,1,0,1,3,1,8,11000
879,71379,0,0,6,201,0,0,0,0,0,0,0,0,0,0,383,0,0,0,0,0,0,0,0,0,0,1,0,1,3,1,8,11000
880,71380,0,0,6,201,0,0,0,0,0,0,0,0,0,0,385,0,0,0,0,0,0,0,0,0,0,1,0,1,3,1,8,11000
881,71381,0,0,6,201,0,0,0,0,0,0,0,0,0,0,388,0,0,0,0,0,0,0,0,0,0,1,0,1,3,1,8,12000
882,71382,0,0,6,201,0,0,0,0,0,0,0,0,0,0,390,0,0,0,0,0,0,0,0,0,0,1,0,1,3,1,8,12000
883,71383,0,0,6,201,0,0,0,0,0,0,0,0,0,0,392,0,0,0,0,0,0,0,0,0,0,1,0,1,3,1,8,12000
884,71384,0,0,6,201,0,0,0,0,0,0,0,0,0,0,395,0,0,0,0,0,0,0,0,0,0,1,0,1,3,1,8,13000
885,71385,0,0,6,201,0,0,0,0,0,0,0,0,0,0,397,0,0,0,0,0,0,0,0,0,0,1,0,1,3,1,8,13000
886,71386,0,0,6,209,0,0,0,0,0,0,0,0,0,0,392,0,0,0,0,0,0,0,0,0,0,1,0,1,3,1,8,0
887,71387,0,0,6,209,0,0,0,0,0,0,0,0,0,0,395,0,0,0,0,0,0,0,0,0,0,1,0,1,3,1,8,0
888,71388,0,0,6,209,0,0,0,0,0,0,0,0,0,0,397,0,0,0,0,0,0,0,0,0,0,1,0,1,3,1,8,0
889,71389,0,0,6,209,0,0,0,0,0,0,0,0,0,0,400,0,0,0,0,0,0,0,0,0,0,1,0,1,3,1,8,11000
890,71390,0,0,6,209,0,0,0,0,0,0,0,0,0,0,402,0,0,0,0,0,0,0,0,0,0,1,0,1,3,1,8,11000
891,71391,0,0,6,209,0,0,0,0,0,0,0,0,0,0,405,0,0,0,0,0,0,0,0,0,0,1,0,1,3,1,8,11000
892,71392,0,0,6,209,0,0,0,0,0,0,0,0,0,0,407,0,0,0,0,0,0,0,0,0,0,1,0,1,3,1,8,12000
893,71393,0,0,6,209,0,0,0,0,0,0,0,0,0,0,410,0,0,0,0,0,0,0,0,0,0,1,0,1,3,1,8,12000
894,71394,0,0,6,209,0,0,0,0,0,0,0,0,0,0,412,0,0,0,0,0,0,0,0,0,0,1,0,1,3,1,8,12000
895,71395,0,0,6,209,0,0,0,0,0,0,0,0,0,0,414,0,0,0,0,0,0,0,0,0,0,1,0,1,3,1,8,13000
896,71396,0,0,6,209,0,0,0,0,0,0,0,0,0,0,417,0,0,0,0,0,0,0,0,0,0,1,0,1,3,1,8,13000
897,71397,0,0,6,217,0,0,0,0,0,0,0,0,0,0,412,0,0,0,0,0,0,0,0,0,0,1,0,1,3,1,8,0
898,71398,0,0,6,217,0,0,0,0,0,0,0,0,0,0,414,0,0,0,0,0,0,0,0,0,0,1,0,1,3,1,8,0
899,71399,0,0,6,217,0,0,0,0,0,0,0,0,0,0,417,0,0,0,0,0,0,0,0,0,0,1,0,1,3,1,8,0
900,71400,0,0,6,217,0,0,0,0,0,0,0,0,0,0,419,0,0,0,0,0,0,0,0,0,0,1,0,1,3,1,8,11000
901,71401,0,0,6,217,0,0,0,0,0,0,0,0,0,0,422,0,0,0,0,0,0,0,0,0,0,1,0,1,3,1,8,11000
902,71402,0,0,6,217,0,0,0,0,0,0,0,0,0,0,424,0,0,0,0,0,0,0,0,0,0,1,0,1,3,1,8,11000
903,71403,0,0,6,217,0,0,0,0,0,0,0,0,0,0,427,0,0,0,0,0,0,0,0,0,0,1,0,1,3,1,8,12000
904,71404,0,0,6,217,0,0,0,0,0,0,0,0,0,0,429,0,0,0,0,0,0,0,0,0,0,1,0,1,3,1,8,12000
905,71405,0,0,6,217,0,0,0,0,0,0,0,0,0,0,431,0,0,0,0,0,0,0,0,0,0,1,0,1,3,1,8,12000
906,71406,0,0,6,217,0,0,0,0,0,0,0,0,0,0,434,0,0,0,0,0,0,0,0,0,0,1,0,1,3,1,8,13000
907,71407,0,0,6,217,0,0,0,0,0,0,0,0,0,0,436,0,0,0,0,0,0,0,0,0,0,1,0,1,3,1,8,13000
908,71408,0,0,6,225,0,0,0,0,0,0,0,0,0,0,431,0,0,0,0,0,0,0,0,0,0,1,0,1,3,1,8,0
909,71409,0,0,6,225,0,0,0,0,0,0,0,0,0,0,434,0,0,0,0,0,0,0,0,0,0,1,0,1,3,1,8,0
910,71410,0,0,6,225,0,0,0,0,0,0,0,0,0,0,436,0,0,0,0,0,0,0,0,0,0,1,0,1,3,1,8,0
911,71411,0,0,6,225,0,0,0,0,0,0,0,0,0,0,439,0,0,0,0,0,0,0,0,0,0,1,0,1,3,1,8,11000
912,71412,0,0,6,225,0,0,0,0,0,0,0,0,0,0,441,0,0,0,0,0,0,0,0,0,0,1,0,1,3,1,8,11000
913,71413,0,0,6,225,0,0,0,0,0,0,0,0,0,0,444,0,0,0,0,0,0,0,0,0,0,1,0,1,3,1,8,11000
914,71414,0,0,6,225,0,0,0,0,0,0,0,0,0,0,446,0,0,0,0,0,0,0,0,0,0,1,0,1,3,1,8,12000
915,71415,0,0,6,225,0,0,0,0,0,0,0,0,0,0,448,0,0,0,0,0,0,0,0,0,0,1,0,1,3,1,8,12000
916,71416,0,0,6,225,0,0,0,0,0,0,0,0,0,0,451,0,0,0,0,0,0,0,0,0,0,1,0,1,3,1,8,12000
917,71417,0,0,6,225,0,0,0,0,0,0,0,0,0,0,453,0,0,0,0,0,0,0,0,0,0,1,0,1,3,1,8,13000
918,71418,0,0,6,225,0,0,0,0,0,0,0,0,0,0,456,0,0,0,0,0,0,0,0,0,0,1,0,1,3,1,8,13000
919,71419,0,0,6,233,0,0,0,0,0,0,0,0,0,0,451,0,0,0,0,0,0,0,0,0,0,1,0,1,3,1,8,0
920,71420,0,0,6,233,0,0,0,0,0,0,0,0,0,0,453,0,0,0,0,0,0,0,0,0,0,1,0,1,3,1,8,0
921,71421,0,0,6,233,0,0,0,0,0,0,0,0,0,0,456,0,0,0,0,0,0,0,0,0,0,1,0,1,3,1,8,0
922,71422,0,0,6,233,0,0,0,0,0,0,0,0,0,0,458,0,0,0,0,0,0,0,0,0,0,1,0,1,3,1,8,11000
923,71423,0,0,6,233,0,0,0,0,0,0,0,0,0,0,461,0,0,0,0,0,0,0,0,0,0,1,0,1,3,1,8,11000
924,71424,0,0,6,233,0,0,0,0,0,0,0,0,0,0,463,0,0,0,0,0,0,0,0,0,0,1,0,1,3,1,8,11000
925,71425,0,0,6,233,0,0,0,0,0,0,0,0,0,0,466,0,0,0,0,0,0,0,0,0,0,1,0,1,3,1,8,12000
926,71426,0,0,6,233,0,0,0,0,0,0,0,0,0,0,468,0,0,0,0,0,0,0,0,0,0,1,0,1,3,1,8,12000
927,72100,0,0,1,1,0,0,0,0,0,0,0,0,0,0,2,0,0,0,0,0,0,0,0,0,0,1,0,1,3,2,8,0
928,72101,0,0,1,1,0,0,0,0,0,0,0,0,0,0,3,0,0,0,0,0,0,0,0,0,0,1,0,1,3,2,8,0
929,72102,0,0,1,1,0,0,0,0,0,0,0,0,0,0,5,0,0,0,0,0,0,0,0,0,0,1,0,1,3,2,8,0
930,72103,0,0,1,1,0,0,0,0,0,0,0,0,0,0,7,0,0,0,0,0,0,0,0,0,0,1,0,1,3,2,8,21000
931,72104,0,0,1,1,0,0,0,0,0,0,0,0,0,0,8,0,0,0,0,0,0,0,0,0,0,1,0,1,3,2,8,21000
932,72105,0,0,1,1,0,0,0,0,0,0,0,0,0,0,10,0,0,0,0,0,0,0,0,0,0,1,0,1,3,2,8,21000
933,72106,0,0,1,1,0,0,0,0,0,0,0,0,0,0,11,0,0,0,0,0,0,0,0,0,0,1,0,1,3,2,8,22000
934,72107,0,0,1,1,0,0,0,0,0,0,0,0,0,0,13,0,0,0,0,0,0,0,0,0,0,1,0,1,3,2,8,22000
935,72108,0,0,1,1,0,0,0,0,0,0,0,0,0,0,15,0,0,0,0,0,0,0,0,0,0,1,0,1,3,2,8,22000
936,72109,0,0,1,1,0,0,0,0,0,0,0,0,0,0,16,0,0,0,0,0,0,0,0,0,0,1,0,1,3,2,8,23000
937,72110,0,0,1,1,0,0,0,0,0,0,0,0,0,0,18,0,0,0,0,0,0,0,0,0,0,1,0,1,3,2,8,23000
938,72111,0,0,1,9,0,0,0,0,0,0,0,0,0,0,15,0,0,0,0,0,0,0,0,0,0,1,0,1,3,2,8,0
939,72112,0,0,1,9,0,0,0,0,0,0,0,0,0,0,16,0,0,0,0,0,0,0,0,0,0,1,0,1,3,2,8,0
940,72113,0,0,1,9,0,0,0,0,0,0,0,0,0,0,18,0,0,0,0,0,0,0,0,0,0,1,0,1,3,2,8,0
941,72114,0,0,1,9,0,0,0,0,0,0,0,0,0,0,20,0,0,0,0,0,0,0,0,0,0,1,0,1,3,2,8,21000
942,72115,0,0,1,9,0,0,0,0,0,0,0,0,0,0,21,0,0,0,0,0,0,0,0,0,0,1,0,1,3,2,8,21000
943,72116,0,0,1,9,0,0,0,0,0,0,0,0,0,0,23,0,0,0,0,0,0,0,0,0,0,1,0,1,3,2,8,21000
944,72117,0,0,1,9,0,0,0,0,0,0,0,0,0,0,24,0,0,0,0,0,0,0,0,0,0,1,0,1,3,2,8,22000
945,72118,0,0,1,9,0,0,0,0,0,0,0,0,0,0,26,0,0,0,0,0,0,0,0,0,0,1,0,1,3,2,8,22000
946,72119,0,0,1,9,0,0,0,0,0,0,0,0,0,0,28,0,0,0,0,0,0,0,0,0,0,1,0,1,3,2,8,22000
947,72120,0,0,1,9,0,0,0,0,0,0,0,0,0,0,29,0,0,0,0,0,0,0,0,0,0,1,0,1,3,2,8,23000
948,72121,0,0,1,9,0,0,0,0,0,0,0,0,0,0,31,0,0,0,0,0,0,0,0,0,0,1,0,1,3,2,8,23000
949,72122,0,0,1,17,0,0,0,0,0,0,0,0,0,0,28,0,0,0,0,0,0,0,0,0,0,1,0,1,3,2,8,0
950,72123,0,0,1,17,0,0,0,0,0,0,0,0,0,0,29,0,0,0,0,0,0,0,0,0,0,1,0,1,3,2,8,0
951,72124,0,0,1,17,0,0,0,0,0,0,0,0,0,0,31,0,0,0,0,0,0,0,0,0,0,1,0,1,3,2,8,0
952,72125,0,0,1,17,0,0,0,0,0,0,0,0,0,0,33,0,0,0,0,0,0,0,0,0,0,1,0,1,3,2,8,21000
953,72126,0,0,1,17,0,0,0,0,0,0,0,0,0,0,34,0,0,0,0,0,0,0,0,0,0,1,0,1,3,2,8,21000
954,72127,0,0,1,17,0,0,0,0,0,0,0,0,0,0,36,0,0,0,0,0,0,0,0,0,0,1,0,1,3,2,8,21000
955,72128,0,0,1,17,0,0,0,0,0,0,0,0,0,0,37,0,0,0,0,0,0,0,0,0,0,1,0,1,3,2,8,22000
956,72129,0,0,1,17,0,0,0,0,0,0,0,0,0,0,39,0,0,0,0,0,0,0,0,0,0,1,0,1,3,2,8,22000
957,72130,0,0,1,17,0,0,0,0,0,0,0,0,0,0,41,0,0,0,0,0,0,0,0,0,0,1,0,1,3,2,8,22000
958,72131,0,0,1,17,0,0,0,0,0,0,0,0,0,0,42,0,0,0,0,0,0,0,0,0,0,1,0,1,3,2,8,23000
959,72132,0,0,1,17,0,0,0,0,0,0,0,0,0,0,44,0,0,0,0,0,0,0,0,0,0,1,0,1,3,2,8,23000
960,72133,0,0,1,25,0,0,0,0,0,0,0,0,0,0,41,0,0,0,0,0,0,0,0,0,0,1,0,1,3,2,8,0
961,72134,0,0,1,25,0,0,0,0,0,0,0,0,0,0,42,0,0,0,0,0,0,0,0,0,0,1,0,1,3,2,8,0
962,72135,0,0,1,25,0,0,0,0,0,0,0,0,0,0,44,0,0,0,0,0,0,0,0,0,0,1,0,1,3,2,8,0
963,72136,0,0,1,25,0,0,0,0,0,0,0,0,0,0,46,0,0,0,0,0,0,0,0,0,0,1,0,1,3,2,8,21000
964,72137,0,0,1,25,0,0,0,0,0,0,0,0,0,0,47,0,0,0,0,0,0,0,0,0,0,1,0,1,3,2,8,21000
965,72138,0,0,1,25,0,0,0,0,0,0,0,0,0,0,49,0,0,0,0,0,0,0,0,0,0,1,0,1,3,2,8,21000
966,72139,0,0,1,25,0,0,0,0,0,0,0,0,0,0,50,0,0,0,0,0,0,0,0,0,0,1,0,1,3,2,8,22000
967,72140,0,0,1,25,0,0,0,0,0,0,0,0,0,0,52,0,0,0,0,0,0,0,0,0,0,1,0,1,3,2,8,22000
968,72141,0,0,1,25,0,0,0,0,0,0,0,0,0,0,54,0,0,0,0,0,0,0,0,0,0,1,0,1,3,2,8,22000
969,72142,0,0,1,25,0,0,0,0,0,0,0,0,0,0,55,0,0,0,0,0,0,0,0,0,0,1,0,1,3,2,8,23000
970,72143,0,0,1,25,0,0,0,0,0,0,0,0,0,0,57,0,0,0,0,0,0,0,0,0,0,1,0,1,3,2,8,23000
971,72144,0,0,2,33,0,0,0,0,0,0,0,0,0,0,54,0,0,0,0,0,0,0,0,0,0,1,0,1,3,2,8,0
972,72145,0,0,2,33,0,0,0,0,0,0,0,0,0,0,55,0,0,0,0,0,0,0,0,0,0,1,0,1,3,2,8,0
973,72146,0,0,2,33,0,0,0,0,0,0,0,0,0,0,57,0,0,0,0,0,0,0,0,0,0,1,0,1,3,2,8,0
974,72147,0,0,2,33,0,0,0,0,0,0,0,0,0,0,59,0,0,0,0,0,0,0,0,0,0,1,0,1,3,2,8,21000
975,72148,0,0,2,33,0,0,0,0,0,0,0,0,0,0,60,0,0,0,0,0,0,0,0,0,0,1,0,1,3,2,8,21000
976,72149,0,0,2,33,0,0,0,0,0,0,0,0,0,0,62,0,0,0,0,0,0,0,0,0,0,1,0,1,3,2,8,21000
977,72150,0,0,2,33,0,0,0,0,0,0,0,0,0,0,63,0,0,0,0,0,0,0,0,0,0,1,0,1,3,2,8,22000
978,72151,0,0,2,33,0,0,0,0,0,0,0,0,0,0,65,0,0,0,0,0,0,0,0,0,0,1,0,1,3,2,8,22000
979,72152,0,0,2,33,0,0,0,0,0,0,0,0,0,0,67,0,0,0,0,0,0,0,0,0,0,1,0,1,3,2,8,22000
980,72153,0,0,2,33,0,0,0,0,0,0,0,0,0,0,68,0,0,0,0,0,0,0,0,0,0,1,0,1,3,2,8,23000
981,72154,0,0,2,33,0,0,0,0,0,0,0,0,0,0,70,0,0,0,0,0,0,0,0,0,0,1,0,1,3,2,8,23000
982,72155,0,0,2,41,0,0,0,0,0,0,0,0,0,0,67,0,0,0,0,0,0,0,0,0,0,1,0,1,3,2,8,0
983,72156,0,0,2,41,0,0,0,0,0,0,0,0,0,0,68,0,0,0,0,0,0,0,0,0,0,1,0,1,3,2,8,0
984,72157,0,0,2,41,0,0,0,0,0,0,0,0,0,0,70,0,0,0,0,0,0,0,0,0,0,1,0,1,3,2,8,0
985,72158,0,0,2,41,0,0,0,0,0,0,0,0,0,0,72,0,0,0,0,0,0,0,0,0,0,1,0,1,3,2,8,21000
986,72159,0,0,2,41,0,0,0,0,0,0,0,0,0,0,73,0,0,0,0,0,0,0,0,0,0,1,0,1,3,2,8,21000
987,72160,0,0,2,41,0,0,0,0,0,0,0,0,0,0,75,0,0,0,0,0,0,0,0,0,0,1,0,1,3,2,8,21000
988,72161,0,0,2,41,0,0,0,0,0,0,0,0,0,0,76,0,0,0,0,0,0,0,0,0,0,1,0,1,3,2,8,22000
989,72162,0,0,2,41,0,0,0,0,0,0,0,0,0,0,78,0,0,0,0,0,0,0,0,0,0,1,0,1,3,2,8,22000
990,72163,0,0,2,41,0,0,0,0,0,0,0,0,0,0,80,0,0,0,0,0,0,0,0,0,0,1,0,1,3,2,8,22000
991,72164,0,0,2,41,0,0,0,0,0,0,0,0,0,0,81,0,0,0,0,0,0,0,0,0,0,1,0,1,3,2,8,23000
992,72165,0,0,2,41,0,0,0,0,0,0,0,0,0,0,83,0,0,0,0,0,0,0,0,0,0,1,0,1,3,2,8,23000
993,72166,0,0,2,49,0,0,0,0,0,0,0,0,0,0,80,0,0,0,0,0,0,0,0,0,0,1,0,1,3,2,8,0
994,72167,0,0,2,49,0,0,0,0,0,0,0,0,0,0,81,0,0,0,0,0,0,0,0,0,0,1,0,1,3,2,8,0
995,72168,0,0,2,49,0,0,0,0,0,0,0,0,0,0,83,0,0,0,0,0,0,0,0,0,0,1,0,1,3,2,8,0
996,72169,0,0,2,49,0,0,0,0,0,0,0,0,0,0,85,0,0,0,0,0,0,0,0,0,0,1,0,1,3,2,8,21000
997,72170,0,0,2,49,0,0,0,0,0,0,0,0,0,0,86,0,0,0,0,0,0,0,0,0,0,1,0,1,3,2,8,21000
998,72171,0,0,2,49,0,0,0,0,0,0,0,0,0,0,88,0,0,0,0,0,0,0,0,0,0,1,0,1,3,2,8,21000
999,72172,0,0,2,49,0,0,0,0,0,0,0,0,0,0,89,0,0,0,0,0,0,0,0,0,0,1,0,1,3,2,8,22000
1000,72173,0,0,2,49,0,0,0,0,0,0,0,0,0,0,91,0,0,0,0,0,0,0,0,0,0,1,0,1,3,2,8,22000
1001,72174,0,0,2,49,0,0,0,0,0,0,0,0,0,0,93,0,0,0,0,0,0,0,0,0,0,1,0,1,3,2,8,22000
1002,72175,0,0,2,49,0,0,0,0,0,0,0,0,0,0,94,0,0,0,0,0,0,0,0,0,0,1,0,1,3,2,8,23000
1003,72176,0,0,2,49,0,0,0,0,0,0,0,0,0,0,96,0,0,0,0,0,0,0,0,0,0,1,0,1,3,2,8,23000
1004,72177,0,0,2,57,0,0,0,0,0,0,0,0,0,0,93,0,0,0,0,0,0,0,0,0,0,1,0,1,3,2,8,0
1005,72178,0,0,2,57,0,0,0,0,0,0,0,0,0,0,94,0,0,0,0,0,0,0,0,0,0,1,0,1,3,2,8,0
1006,72179,0,0,2,57,0,0,0,0,0,0,0,0,0,0,96,0,0,0,0,0,0,0,0,0,0,1,0,1,3,2,8,0
1007,72180,0,0,2,57,0,0,0,0,0,0,0,0,0,0,98,0,0,0,0,0,0,0,0,0,0,1,0,1,3,2,8,21000
1008,72181,0,0,2,57,0,0,0,0,0,0,0,0,0,0,100,0,0,0,0,0,0,0,0,0,0,1,0,1,3,2,8,21000
1009,72182,0,0,2,57,0,0,0,0,0,0,0,0,0,0,102,0,0,0,0,0,0,0,0,0,0,1,0,1,3,2,8,21000
1010,72183,0,0,2,57,0,0,0,0,0,0,0,0,0,0,104,0,0,0,0,0,0,0,0,0,0,1,0,1,3,2,8,22000
1011,72184,0,0,2,57,0,0,0,0,0,0,0,0,0,0,106,0,0,0,0,0,0,0,0,0,0,1,0,1,3,2,8,22000
1012,72185,0,0,2,57,0,0,0,0,0,0,0,0,0,0,108,0,0,0,0,0,0,0,0,0,0,1,0,1,3,2,8,22000
1013,72186,0,0,2,57,0,0,0,0,0,0,0,0,0,0,111,0,0,0,0,0,0,0,0,0,0,1,0,1,3,2,8,23000
1014,72187,0,0,2,57,0,0,0,0,0,0,0,0,0,0,113,0,0,0,0,0,0,0,0,0,0,1,0,1,3,2,8,23000
1015,72188,0,0,3,65,0,0,0,0,0,0,0,0,0,0,108,0,0,0,0,0,0,0,0,0,0,1,0,1,3,2,8,0
1016,72189,0,0,3,65,0,0,0,0,0,0,0,0,0,0,111,0,0,0,0,0,0,0,0,0,0,1,0,1,3,2,8,0
1017,72190,0,0,3,65,0,0,0,0,0,0,0,0,0,0,113,0,0,0,0,0,0,0,0,0,0,1,0,1,3,2,8,0
1018,72191,0,0,3,65,0,0,0,0,0,0,0,0,0,0,115,0,0,0,0,0,0,0,0,0,0,1,0,1,3,2,8,21000
1019,72192,0,0,3,65,0,0,0,0,0,0,0,0,0,0,117,0,0,0,0,0,0,0,0,0,0,1,0,1,3,2,8,21000
1020,72193,0,0,3,65,0,0,0,0,0,0,0,0,0,0,119,0,0,0,0,0,0,0,0,0,0,1,0,1,3,2,8,21000
1021,72194,0,0,3,65,0,0,0,0,0,0,0,0,0,0,121,0,0,0,0,0,0,0,0,0,0,1,0,1,3,2,8,22000
1022,72195,0,0,3,65,0,0,0,0,0,0,0,0,0,0,124,0,0,0,0,0,0,0,0,0,0,1,0,1,3,2,8,22000
1023,72196,0,0,3,65,0,0,0,0,0,0,0,0,0,0,126,0,0,0,0,0,0,0,0,0,0,1,0,1,3,2,8,22000
1024,72197,0,0,3,65,0,0,0,0,0,0,0,0,0,0,128,0,0,0,0,0,0,0,0,0,0,1,0,1,3,2,8,23000
1025,72198,0,0,3,65,0,0,0,0,0,0,0,0,0,0,130,0,0,0,0,0,0,0,0,0,0,1,0,1,3,2,8,23000
1026,72199,0,0,3,73,0,0,0,0,0,0,0,0,0,0,126,0,0,0,0,0,0,0,0,0,0,1,0,1,3,2,8,0
1027,72200,0,0,3,73,0,0,0,0,0,0,0,0,0,0,128,0,0,0,0,0,0,0,0,0,0,1,0,1,3,2,8,0
1028,72201,0,0,3,73,0,0,0,0,0,0,0,0,0,0,130,0,0,0,0,0,0,0,0,0,0,1,0,1,3,2,8,0
1029,72202,0,0,3,73,0,0,0,0,0,0,0,0,0,0,132,0,0,0,0,0,0,0,0,0,0,1,0,1,3,2,8,21000
1030,72203,0,0,3,73,0,0,0,0,0,0,0,0,0,0,134,0,0,0,0,0,0,0,0,0,0,1,0,1,3,2,8,21000
1031,72204,0,0,3,73,0,0,0,0,0,0,0,0,0,0,137,0,0,0,0,0,0,0,0,0,0,1,0,1,3,2,8,21000
1032,72205,0,0,3,73,0,0,0,0,0,0,0,0,0,0,139,0,0,0,0,0,0,0,0,0,0,1,0,1,3,2,8,22000
1033,72206,0,0,3,73,0,0,0,0,0,0,0,0,0,0,141,0,0,0,0,0,0,0,0,0,0,1,0,1,3,2,8,22000
1034,72207,0,0,3,73,0,0,0,0,0,0,0,0,0,0,143,0,0,0,0,0,0,0,0,0,0,1,0,1,3,2,8,22000
1035,72208,0,0,3,73,0,0,0,0,0,0,0,0,0,0,145,0,0,0,0,0,0,0,0,0,0,1,0,1,3,2,8,23000
1036,72209,0,0,3,73,0,0,0,0,0,0,0,0,0,0,147,0,0,0,0,0,0,0,0,0,0,1,0,1,3,2,8,23000
1037,72210,0,0,3,81,0,0,0,0,0,0,0,0,0,0,143,0,0,0,0,0,0,0,0,0,0,1,0,1,3,2,8,0
1038,72211,0,0,3,81,0,0,0,0,0,0,0,0,0,0,145,0,0,0,0,0,0,0,0,0,0,1,0,1,3,2,8,0
1039,72212,0,0,3,81,0,0,0,0,0,0,0,0,0,0,147,0,0,0,0,0,0,0,0,0,0,1,0,1,3,2,8,0
1040,72213,0,0,3,81,0,0,0,0,0,0,0,0,0,0,150,0,0,0,0,0,0,0,0,0,0,1,0,1,3,2,8,21000
1041,72214,0,0,3,81,0,0,0,0,0,0,0,0,0,0,152,0,0,0,0,0,0,0,0,0,0,1,0,1,3,2,8,21000
1042,72215,0,0,3,81,0,0,0,0,0,0,0,0,0,0,154,0,0,0,0,0,0,0,0,0,0,1,0,1,3,2,8,21000
1043,72216,0,0,3,81,0,0,0,0,0,0,0,0,0,0,156,0,0,0,0,0,0,0,0,0,0,1,0,1,3,2,8,22000
1044,72217,0,0,3,81,0,0,0,0,0,0,0,0,0,0,158,0,0,0,0,0,0,0,0,0,0,1,0,1,3,2,8,22000
1045,72218,0,0,3,81,0,0,0,0,0,0,0,0,0,0,160,0,0,0,0,0,0,0,0,0,0,1,0,1,3,2,8,22000
1046,72219,0,0,3,81,0,0,0,0,0,0,0,0,0,0,163,0,0,0,0,0,0,0,0,0,0,1,0,1,3,2,8,23000
1047,72220,0,0,3,81,0,0,0,0,0,0,0,0,0,0,165,0,0,0,0,0,0,0,0,0,0,1,0,1,3,2,8,23000
1048,72221,0,0,3,89,0,0,0,0,0,0,0,0,0,0,160,0,0,0,0,0,0,0,0,0,0,1,0,1,3,2,8,0
1049,72222,0,0,3,89,0,0,0,0,0,0,0,0,0,0,163,0,0,0,0,0,0,0,0,0,0,1,0,1,3,2,8,0
1050,72223,0,0,3,89,0,0,0,0,0,0,0,0,0,0,165,0,0,0,0,0,0,0,0,0,0,1,0,1,3,2,8,0
1051,72224,0,0,3,89,0,0,0,0,0,0,0,0,0,0,167,0,0,0,0,0,0,0,0,0,0,1,0,1,3,2,8,21000
1052,72225,0,0,3,89,0,0,0,0,0,0,0,0,0,0,169,0,0,0,0,0,0,0,0,0,0,1,0,1,3,2,8,21000
1053,72226,0,0,3,89,0,0,0,0,0,0,0,0,0,0,171,0,0,0,0,0,0,0,0,0,0,1,0,1,3,2,8,21000
1054,72227,0,0,3,89,0,0,0,0,0,0,0,0,0,0,173,0,0,0,0,0,0,0,0,0,0,1,0,1,3,2,8,22000
1055,72228,0,0,3,89,0,0,0,0,0,0,0,0,0,0,176,0,0,0,0,0,0,0,0,0,0,1,0,1,3,2,8,22000
1056,72229,0,0,3,89,0,0,0,0,0,0,0,0,0,0,178,0,0,0,0,0,0,0,0,0,0,1,0,1,3,2,8,22000
1057,72230,0,0,3,89,0,0,0,0,0,0,0,0,0,0,180,0,0,0,0,0,0,0,0,0,0,1,0,1,3,2,8,23000
1058,72231,0,0,3,89,0,0,0,0,0,0,0,0,0,0,182,0,0,0,0,0,0,0,0,0,0,1,0,1,3,2,8,23000
1059,72232,0,0,4,97,0,0,0,0,0,0,0,0,0,0,178,0,0,0,0,0,0,0,0,0,0,1,0,1,3,2,8,0
1060,72233,0,0,4,97,0,0,0,0,0,0,0,0,0,0,180,0,0,0,0,0,0,0,0,0,0,1,0,1,3,2,8,0
1061,72234,0,0,4,97,0,0,0,0,0,0,0,0,0,0,182,0,0,0,0,0,0,0,0,0,0,1,0,1,3,2,8,0
1062,72235,0,0,4,97,0,0,0,0,0,0,0,0,0,0,184,0,0,0,0,0,0,0,0,0,0,1,0,1,3,2,8,21000
1063,72236,0,0,4,97,0,0,0,0,0,0,0,0,0,0,186,0,0,0,0,0,0,0,0,0,0,1,0,1,3,2,8,21000
1064,72237,0,0,4,97,0,0,0,0,0,0,0,0,0,0,189,0,0,0,0,0,0,0,0,0,0,1,0,1,3,2,8,21000
1065,72238,0,0,4,97,0,0,0,0,0,0,0,0,0,0,191,0,0,0,0,0,0,0,0,0,0,1,0,1,3,2,8,22000
1066,72239,0,0,4,97,0,0,0,0,0,0,0,0,0,0,193,0,0,0,0,0,0,0,0,0,0,1,0,1,3,2,8,22000
1067,72240,0,0,4,97,0,0,0,0,0,0,0,0,0,0,195,0,0,0,0,0,0,0,0,0,0,1,0,1,3,2,8,22000
1068,72241,0,0,4,97,0,0,0,0,0,0,0,0,0,0,197,0,0,0,0,0,0,0,0,0,0,1,0,1,3,2,8,23000
1069,72242,0,0,4,97,0,0,0,0,0,0,0,0,0,0,199,0,0,0,0,0,0,0,0,0,0,1,0,1,3,2,8,23000
1070,72243,0,0,4,105,0,0,0,0,0,0,0,0,0,0,195,0,0,0,0,0,0,0,0,0,0,1,0,1,3,2,8,0
1071,72244,0,0,4,105,0,0,0,0,0,0,0,0,0,0,197,0,0,0,0,0,0,0,0,0,0,1,0,1,3,2,8,0
1072,72245,0,0,4,105,0,0,0,0,0,0,0,0,0,0,199,0,0,0,0,0,0,0,0,0,0,1,0,1,3,2,8,0
1073,72246,0,0,4,105,0,0,0,0,0,0,0,0,0,0,202,0,0,0,0,0,0,0,0,0,0,1,0,1,3,2,8,21000
1074,72247,0,0,4,105,0,0,0,0,0,0,0,0,0,0,204,0,0,0,0,0,0,0,0,0,0,1,0,1,3,2,8,21000
1075,72248,0,0,4,105,0,0,0,0,0,0,0,0,0,0,206,0,0,0,0,0,0,0,0,0,0,1,0,1,3,2,8,21000
1076,72249,0,0,4,105,0,0,0,0,0,0,0,0,0,0,208,0,0,0,0,0,0,0,0,0,0,1,0,1,3,2,8,22000
1077,72250,0,0,4,105,0,0,0,0,0,0,0,0,0,0,210,0,0,0,0,0,0,0,0,0,0,1,0,1,3,2,8,22000
1078,72251,0,0,4,105,0,0,0,0,0,0,0,0,0,0,212,0,0,0,0,0,0,0,0,0,0,1,0,1,3,2,8,22000
1079,72252,0,0,4,105,0,0,0,0,0,0,0,0,0,0,215,0,0,0,0,0,0,0,0,0,0,1,0,1,3,2,8,23000
1080,72253,0,0,4,105,0,0,0,0,0,0,0,0,0,0,217,0,0,0,0,0,0,0,0,0,0,1,0,1,3,2,8,23000
1081,72254,0,0,4,113,0,0,0,0,0,0,0,0,0,0,212,0,0,0,0,0,0,0,0,0,0,1,0,1,3,2,8,0
1082,72255,0,0,4,113,0,0,0,0,0,0,0,0,0,0,215,0,0,0,0,0,0,0,0,0,0,1,0,1,3,2,8,0
1083,72256,0,0,4,113,0,0,0,0,0,0,0,0,0,0,217,0,0,0,0,0,0,0,0,0,0,1,0,1,3,2,8,0
1084,72257,0,0,4,113,0,0,0,0,0,0,0,0,0,0,219,0,0,0,0,0,0,0,0,0,0,1,0,1,3,2,8,21000
1085,72258,0,0,4,113,0,0,0,0,0,0,0,0,0,0,221,0,0,0,0,0,0,0,0,0,0,1,0,1,3,2,8,21000
1086,72259,0,0,4,113,0,0,0,0,0,0,0,0,0,0,223,0,0,0,0,0,0,0,0,0,0,1,0,1,3,2,8,21000
1087,72260,0,0,4,113,0,0,0,0,0,0,0,0,0,0,225,0,0,0,0,0,0,0,0,0,0,1,0,1,3,2,8,22000
1088,72261,0,0,4,113,0,0,0,0,0,0,0,0,0,0,228,0,0,0,0,0,0,0,0,0,0,1,0,1,3,2,8,22000
1089,72262,0,0,4,113,0,0,0,0,0,0,0,0,0,0,230,0,0,0,0,0,0,0,0,0,0,1,0,1,3,2,8,22000
1090,72263,0,0,4,113,0,0,0,0,0,0,0,0,0,0,232,0,0,0,0,0,0,0,0,0,0,1,0,1,3,2,8,23000
1091,72264,0,0,4,113,0,0,0,0,0,0,0,0,0,0,234,0,0,0,0,0,0,0,0,0,0,1,0,1,3,2,8,23000
1092,72265,0,0,4,121,0,0,0,0,0,0,0,0,0,0,230,0,0,0,0,0,0,0,0,0,0,1,0,1,3,2,8,0
1093,72266,0,0,4,121,0,0,0,0,0,0,0,0,0,0,232,0,0,0,0,0,0,0,0,0,0,1,0,1,3,2,8,0
1094,72267,0,0,4,121,0,0,0,0,0,0,0,0,0,0,234,0,0,0,0,0,0,0,0,0,0,1,0,1,3,2,8,0
1095,72268,0,0,4,121,0,0,0,0,0,0,0,0,0,0,236,0,0,0,0,0,0,0,0,0,0,1,0,1,3,2,8,21000
1096,72269,0,0,4,121,0,0,0,0,0,0,0,0,0,0,238,0,0,0,0,0,0,0,0,0,0,1,0,1,3,2,8,21000
1097,72270,0,0,4,121,0,0,0,0,0,0,0,0,0,0,241,0,0,0,0,0,0,0,0,0,0,1,0,1,3,2,8,21000
1098,72271,0,0,4,121,0,0,0,0,0,0,0,0,0,0,243,0,0,0,0,0,0,0,0,0,0,1,0,1,3,2,8,22000
1099,72272,0,0,4,121,0,0,0,0,0,0,0,0,0,0,245,0,0,0,0,0,0,0,0,0,0,1,0,1,3,2,8,22000
1100,72273,0,0,4,121,0,0,0,0,0,0,0,0,0,0,247,0,0,0,0,0,0,0,0,0,0,1,0,1,3,2,8,22000
1101,72274,0,0,4,121,0,0,0,0,0,0,0,0,0,0,249,0,0,0,0,0,0,0,0,0,0,1,0,1,3,2,8,23000
1102,72275,0,0,4,121,0,0,0,0,0,0,0,0,0,0,251,0,0,0,0,0,0,0,0,0,0,1,0,1,3,2,8,23000
1103,72276,0,0,4,129,0,0,0,0,0,0,0,0,0,0,247,0,0,0,0,0,0,0,0,0,0,1,0,1,3,2,8,0
1104,72277,0,0,4,129,0,0,0,0,0,0,0,0,0,0,249,0,0,0,0,0,0,0,0,0,0,1,0,1,3,2,8,0
1105,72278,0,0,4,129,0,0,0,0,0,0,0,0,0,0,251,0,0,0,0,0,0,0,0,0,0,1,0,1,3,2,8,0
1106,72279,0,0,4,129,0,0,0,0,0,0,0,0,0,0,254,0,0,0,0,0,0,0,0,0,0,1,0,1,3,2,8,21000
1107,72280,0,0,4,129,0,0,0,0,0,0,0,0,0,0,256,0,0,0,0,0,0,0,0,0,0,1,0,1,3,2,8,21000
1108,72281,0,0,4,129,0,0,0,0,0,0,0,0,0,0,258,0,0,0,0,0,0,0,0,0,0,1,0,1,3,2,8,21000
1109,72282,0,0,4,129,0,0,0,0,0,0,0,0,0,0,260,0,0,0,0,0,0,0,0,0,0,1,0,1,3,2,8,22000
1110,72283,0,0,4,129,0,0,0,0,0,0,0,0,0,0,262,0,0,0,0,0,0,0,0,0,0,1,0,1,3,2,8,22000
1111,72284,0,0,4,129,0,0,0,0,0,0,0,0,0,0,264,0,0,0,0,0,0,0,0,0,0,1,0,1,3,2,8,22000
1112,72285,0,0,4,129,0,0,0,0,0,0,0,0,0,0,267,0,0,0,0,0,0,0,0,0,0,1,0,1,3,2,8,23000
1113,72286,0,0,4,129,0,0,0,0,0,0,0,0,0,0,269,0,0,0,0,0,0,0,0,0,0,1,0,1,3,2,8,23000
1114,72287,0,0,5,137,0,0,0,0,0,0,0,0,0,0,264,0,0,0,0,0,0,0,0,0,0,1,0,1,3,2,8,0
1115,72288,0,0,5,137,0,0,0,0,0,0,0,0,0,0,267,0,0,0,0,0,0,0,0,0,0,1,0,1,3,2,8,0
1116,72289,0,0,5,137,0,0,0,0,0,0,0,0,0,0,269,0,0,0,0,0,0,0,0,0,0,1,0,1,3,2,8,0
1117,72290,0,0,5,137,0,0,0,0,0,0,0,0,0,0,271,0,0,0,0,0,0,0,0,0,0,1,0,1,3,2,8,21000
1118,72291,0,0,5,137,0,0,0,0,0,0,0,0,0,0,273,0,0,0,0,0,0,0,0,0,0,1,0,1,3,2,8,21000
1119,72292,0,0,5,137,0,0,0,0,0,0,0,0,0,0,275,0,0,0,0,0,0,0,0,0,0,1,0,1,3,2,8,21000
1120,72293,0,0,5,137,0,0,0,0,0,0,0,0,0,0,277,0,0,0,0,0,0,0,0,0,0,1,0,1,3,2,8,22000
1121,72294,0,0,5,137,0,0,0,0,0,0,0,0,0,0,280,0,0,0,0,0,0,0,0,0,0,1,0,1,3,2,8,22000
1122,72295,0,0,5,137,0,0,0,0,0,0,0,0,0,0,282,0,0,0,0,0,0,0,0,0,0,1,0,1,3,2,8,22000
1123,72296,0,0,5,137,0,0,0,0,0,0,0,0,0,0,284,0,0,0,0,0,0,0,0,0,0,1,0,1,3,2,8,23000
1124,72297,0,0,5,137,0,0,0,0,0,0,0,0,0,0,286,0,0,0,0,0,0,0,0,0,0,1,0,1,3,2,8,23000
1125,72298,0,0,5,145,0,0,0,0,0,0,0,0,0,0,282,0,0,0,0,0,0,0,0,0,0,1,0,1,3,2,8,0
1126,72299,0,0,5,145,0,0,0,0,0,0,0,0,0,0,284,0,0,0,0,0,0,0,0,0,0,1,0,1,3,2,8,0
1127,72300,0,0,5,145,0,0,0,0,0,0,0,0,0,0,286,0,0,0,0,0,0,0,0,0,0,1,0,1,3,2,8,0
1128,72301,0,0,5,145,0,0,0,0,0,0,0,0,0,0,288,0,0,0,0,0,0,0,0,0,0,1,0,1,3,2,8,21000
1129,72302,0,0,5,145,0,0,0,0,0,0,0,0,0,0,290,0,0,0,0,0,0,0,0,0,0,1,0,1,3,2,8,21000
1130,72303,0,0,5,145,0,0,0,0,0,0,0,0,0,0,293,0,0,0,0,0,0,0,0,0,0,1,0,1,3,2,8,21000
1131,72304,0,0,5,145,0,0,0,0,0,0,0,0,0,0,295,0,0,0,0,0,0,0,0,0,0,1,0,1,3,2,8,22000
1132,72305,0,0,5,145,0,0,0,0,0,0,0,0,0,0,297,0,0,0,0,0,0,0,0,0,0,1,0,1,3,2,8,22000
1133,72306,0,0,5,145,0,0,0,0,0,0,0,0,0,0,299,0,0,0,0,0,0,0,0,0,0,1,0,1,3,2,8,22000
1134,72307,0,0,5,145,0,0,0,0,0,0,0,0,0,0,301,0,0,0,0,0,0,0,0,0,0,1,0,1,3,2,8,23000
1135,72308,0,0,5,145,0,0,0,0,0,0,0,0,0,0,303,0,0,0,0,0,0,0,0,0,0,1,0,1,3,2,8,23000
1136,72309,0,0,5,153,0,0,0,0,0,0,0,0,0,0,299,0,0,0,0,0,0,0,0,0,0,1,0,1,3,2,8,0
1137,72310,0,0,5,153,0,0,0,0,0,0,0,0,0,0,301,0,0,0,0,0,0,0,0,0,0,1,0,1,3,2,8,0
1138,72311,0,0,5,153,0,0,0,0,0,0,0,0,0,0,303,0,0,0,0,0,0,0,0,0,0,1,0,1,3,2,8,0
1139,72312,0,0,5,153,0,0,0,0,0,0,0,0,0,0,306,0,0,0,0,0,0,0,0,0,0,1,0,1,3,2,8,21000
1140,72313,0,0,5,153,0,0,0,0,0,0,0,0,0,0,308,0,0,0,0,0,0,0,0,0,0,1,0,1,3,2,8,21000
1141,72314,0,0,5,153,0,0,0,0,0,0,0,0,0,0,310,0,0,0,0,0,0,0,0,0,0,1,0,1,3,2,8,21000
1142,72315,0,0,5,153,0,0,0,0,0,0,0,0,0,0,312,0,0,0,0,0,0,0,0,0,0,1,0,1,3,2,8,22000
1143,72316,0,0,5,153,0,0,0,0,0,0,0,0,0,0,314,0,0,0,0,0,0,0,0,0,0,1,0,1,3,2,8,22000
1144,72317,0,0,5,153,0,0,0,0,0,0,0,0,0,0,316,0,0,0,0,0,0,0,0,0,0,1,0,1,3,2,8,22000
1145,72318,0,0,5,153,0,0,0,0,0,0,0,0,0,0,319,0,0,0,0,0,0,0,0,0,0,1,0,1,3,2,8,23000
1146,72319,0,0,5,153,0,0,0,0,0,0,0,0,0,0,321,0,0,0,0,0,0,0,0,0,0,1,0,1,3,2,8,23000
1147,72320,0,0,5,161,0,0,0,0,0,0,0,0,0,0,316,0,0,0,0,0,0,0,0,0,0,1,0,1,3,2,8,0
1148,72321,0,0,5,161,0,0,0,0,0,0,0,0,0,0,319,0,0,0,0,0,0,0,0,0,0,1,0,1,3,2,8,0
1149,72322,0,0,5,161,0,0,0,0,0,0,0,0,0,0,321,0,0,0,0,0,0,0,0,0,0,1,0,1,3,2,8,0
1150,72323,0,0,5,161,0,0,0,0,0,0,0,0,0,0,323,0,0,0,0,0,0,0,0,0,0,1,0,1,3,2,8,21000
1151,72324,0,0,5,161,0,0,0,0,0,0,0,0,0,0,325,0,0,0,0,0,0,0,0,0,0,1,0,1,3,2,8,21000
1152,72325,0,0,5,161,0,0,0,0,0,0,0,0,0,0,327,0,0,0,0,0,0,0,0,0,0,1,0,1,3,2,8,21000
1153,72326,0,0,5,161,0,0,0,0,0,0,0,0,0,0,329,0,0,0,0,0,0,0,0,0,0,1,0,1,3,2,8,22000
1154,72327,0,0,5,161,0,0,0,0,0,0,0,0,0,0,332,0,0,0,0,0,0,0,0,0,0,1,0,1,3,2,8,22000
1155,72328,0,0,5,161,0,0,0,0,0,0,0,0,0,0,334,0,0,0,0,0,0,0,0,0,0,1,0,1,3,2,8,22000
1156,72329,0,0,5,161,0,0,0,0,0,0,0,0,0,0,336,0,0,0,0,0,0,0,0,0,0,1,0,1,3,2,8,23000
1157,72330,0,0,5,161,0,0,0,0,0,0,0,0,0,0,338,0,0,0,0,0,0,0,0,0,0,1,0,1,3,2,8,23000
1158,72331,0,0,5,169,0,0,0,0,0,0,0,0,0,0,334,0,0,0,0,0,0,0,0,0,0,1,0,1,3,2,8,0
1159,72332,0,0,5,169,0,0,0,0,0,0,0,0,0,0,336,0,0,0,0,0,0,0,0,0,0,1,0,1,3,2,8,0
1160,72333,0,0,5,169,0,0,0,0,0,0,0,0,0,0,338,0,0,0,0,0,0,0,0,0,0,1,0,1,3,2,8,0
1161,72334,0,0,5,169,0,0,0,0,0,0,0,0,0,0,340,0,0,0,0,0,0,0,0,0,0,1,0,1,3,2,8,21000
1162,72335,0,0,5,169,0,0,0,0,0,0,0,0,0,0,342,0,0,0,0,0,0,0,0,0,0,1,0,1,3,2,8,21000
1163,72336,0,0,5,169,0,0,0,0,0,0,0,0,0,0,345,0,0,0,0,0,0,0,0,0,0,1,0,1,3,2,8,21000
1164,72337,0,0,5,169,0,0,0,0,0,0,0,0,0,0,347,0,0,0,0,0,0,0,0,0,0,1,0,1,3,2,8,22000
1165,72338,0,0,5,169,0,0,0,0,0,0,0,0,0,0,349,0,0,0,0,0,0,0,0,0,0,1,0,1,3,2,8,22000
1166,72339,0,0,5,169,0,0,0,0,0,0,0,0,0,0,351,0,0,0,0,0,0,0,0,0,0,1,0,1,3,2,8,22000
1167,72340,0,0,5,169,0,0,0,0,0,0,0,0,0,0,353,0,0,0,0,0,0,0,0,0,0,1,0,1,3,2,8,23000
1168,72341,0,0,5,169,0,0,0,0,0,0,0,0,0,0,355,0,0,0,0,0,0,0,0,0,0,1,0,1,3,2,8,23000
1169,72342,0,0,5,177,0,0,0,0,0,0,0,0,0,0,351,0,0,0,0,0,0,0,0,0,0,1,0,1,3,2,8,0
1170,72343,0,0,5,177,0,0,0,0,0,0,0,0,0,0,353,0,0,0,0,0,0,0,0,0,0,1,0,1,3,2,8,0
1171,72344,0,0,5,177,0,0,0,0,0,0,0,0,0,0,355,0,0,0,0,0,0,0,0,0,0,1,0,1,3,2,8,0
1172,72345,0,0,5,177,0,0,0,0,0,0,0,0,0,0,358,0,0,0,0,0,0,0,0,0,0,1,0,1,3,2,8,21000
1173,72346,0,0,5,177,0,0,0,0,0,0,0,0,0,0,360,0,0,0,0,0,0,0,0,0,0,1,0,1,3,2,8,21000
1174,72347,0,0,5,177,0,0,0,0,0,0,0,0,0,0,363,0,0,0,0,0,0,0,0,0,0,1,0,1,3,2,8,21000
1175,72348,0,0,5,177,0,0,0,0,0,0,0,0,0,0,366,0,0,0,0,0,0,0,0,0,0,1,0,1,3,2,8,22000
1176,72349,0,0,5,177,0,0,0,0,0,0,0,0,0,0,368,0,0,0,0,0,0,0,0,0,0,1,0,1,3,2,8,22000
1177,72350,0,0,5,177,0,0,0,0,0,0,0,0,0,0,371,0,0,0,0,0,0,0,0,0,0,1,0,1,3,2,8,22000
1178,72351,0,0,5,177,0,0,0,0,0,0,0,0,0,0,374,0,0,0,0,0,0,0,0,0,0,1,0,1,3,2,8,23000
1179,72352,0,0,5,177,0,0,0,0,0,0,0,0,0,0,376,0,0,0,0,0,0,0,0,0,0,1,0,1,3,2,8,23000
1180,72353,0,0,5,185,0,0,0,0,0,0,0,0,0,0,371,0,0,0,0,0,0,0,0,0,0,1,0,1,3,2,8,0
1181,72354,0,0,5,185,0,0,0,0,0,0,0,0,0,0,374,0,0,0,0,0,0,0,0,0,0,1,0,1,3,2,8,0
1182,72355,0,0,5,185,0,0,0,0,0,0,0,0,0,0,376,0,0,0,0,0,0,0,0,0,0,1,0,1,3,2,8,0
1183,72356,0,0,5,185,0,0,0,0,0,0,0,0,0,0,379,0,0,0,0,0,0,0,0,0,0,1,0,1,3,2,8,21000
1184,72357,0,0,5,185,0,0,0,0,0,0,0,0,0,0,382,0,0,0,0,0,0,0,0,0,0,1,0,1,3,2,8,21000
1185,72358,0,0,5,185,0,0,0,0,0,0,0,0,0,0,385,0,0,0,0,0,0,0,0,0,0,1,0,1,3,2,8,21000
1186,72359,0,0,5,185,0,0,0,0,0,0,0,0,0,0,387,0,0,0,0,0,0,0,0,0,0,1,0,1,3,2,8,22000
1187,72360,0,0,5,185,0,0,0,0,0,0,0,0,0,0,390,0,0,0,0,0,0,0,0,0,0,1,0,1,3,2,8,22000
1188,72361,0,0,5,185,0,0,0,0,0,0,0,0,0,0,393,0,0,0,0,0,0,0,0,0,0,1,0,1,3,2,8,22000
1189,72362,0,0,5,185,0,0,0,0,0,0,0,0,0,0,395,0,0,0,0,0,0,0,0,0,0,1,0,1,3,2,8,23000
1190,72363,0,0,5,185,0,0,0,0,0,0,0,0,0,0,398,0,0,0,0,0,0,0,0,0,0,1,0,1,3,2,8,23000
1191,72364,0,0,5,193,0,0,0,0,0,0,0,0,0,0,393,0,0,0,0,0,0,0,0,0,0,1,0,1,3,2,8,0
1192,72365,0,0,5,193,0,0,0,0,0,0,0,0,0,0,395,0,0,0,0,0,0,0,0,0,0,1,0,1,3,2,8,0
1193,72366,0,0,5,193,0,0,0,0,0,0,0,0,0,0,398,0,0,0,0,0,0,0,0,0,0,1,0,1,3,2,8,0
1194,72367,0,0,5,193,0,0,0,0,0,0,0,0,0,0,401,0,0,0,0,0,0,0,0,0,0,1,0,1,3,2,8,21000
1195,72368,0,0,5,193,0,0,0,0,0,0,0,0,0,0,404,0,0,0,0,0,0,0,0,0,0,1,0,1,3,2,8,21000
1196,72369,0,0,5,193,0,0,0,0,0,0,0,0,0,0,406,0,0,0,0,0,0,0,0,0,0,1,0,1,3,2,8,21000
1197,72370,0,0,5,193,0,0,0,0,0,0,0,0,0,0,409,0,0,0,0,0,0,0,0,0,0,1,0,1,3,2,8,22000
1198,72371,0,0,6,193,0,0,0,0,0,0,0,0,0,0,412,0,0,0,0,0,0,0,0,0,0,1,0,1,3,2,8,22000
1199,72372,0,0,6,193,0,0,0,0,0,0,0,0,0,0,414,0,0,0,0,0,0,0,0,0,0,1,0,1,3,2,8,22000
1200,72373,0,0,6,193,0,0,0,0,0,0,0,0,0,0,417,0,0,0,0,0,0,0,0,0,0,1,0,1,3,2,8,23000
1201,72374,0,0,6,193,0,0,0,0,0,0,0,0,0,0,420,0,0,0,0,0,0,0,0,0,0,1,0,1,3,2,8,23000
1202,72375,0,0,6,201,0,0,0,0,0,0,0,0,0,0,414,0,0,0,0,0,0,0,0,0,0,1,0,1,3,2,8,0
1203,72376,0,0,6,201,0,0,0,0,0,0,0,0,0,0,417,0,0,0,0,0,0,0,0,0,0,1,0,1,3,2,8,0
1204,72377,0,0,6,201,0,0,0,0,0,0,0,0,0,0,420,0,0,0,0,0,0,0,0,0,0,1,0,1,3,2,8,0
1205,72378,0,0,6,201,0,0,0,0,0,0,0,0,0,0,423,0,0,0,0,0,0,0,0,0,0,1,0,1,3,2,8,21000
1206,72379,0,0,6,201,0,0,0,0,0,0,0,0,0,0,425,0,0,0,0,0,0,0,0,0,0,1,0,1,3,2,8,21000
1207,72380,0,0,6,201,0,0,0,0,0,0,0,0,0,0,428,0,0,0,0,0,0,0,0,0,0,1,0,1,3,2,8,21000
1208,72381,0,0,6,201,0,0,0,0,0,0,0,0,0,0,431,0,0,0,0,0,0,0,0,0,0,1,0,1,3,2,8,22000
1209,72382,0,0,6,201,0,0,0,0,0,0,0,0,0,0,433,0,0,0,0,0,0,0,0,0,0,1,0,1,3,2,8,22000
1210,72383,0,0,6,201,0,0,0,0,0,0,0,0,0,0,436,0,0,0,0,0,0,0,0,0,0,1,0,1,3,2,8,22000
1211,72384,0,0,6,201,0,0,0,0,0,0,0,0,0,0,439,0,0,0,0,0,0,0,0,0,0,1,0,1,3,2,8,23000
1212,72385,0,0,6,201,0,0,0,0,0,0,0,0,0,0,441,0,0,0,0,0,0,0,0,0,0,1,0,1,3,2,8,23000
1213,72386,0,0,6,209,0,0,0,0,0,0,0,0,0,0,436,0,0,0,0,0,0,0,0,0,0,1,0,1,3,2,8,0
1214,72387,0,0,6,209,0,0,0,0,0,0,0,0,0,0,439,0,0,0,0,0,0,0,0,0,0,1,0,1,3,2,8,0
1215,72388,0,0,6,209,0,0,0,0,0,0,0,0,0,0,441,0,0,0,0,0,0,0,0,0,0,1,0,1,3,2,8,0
1216,72389,0,0,6,209,0,0,0,0,0,0,0,0,0,0,444,0,0,0,0,0,0,0,0,0,0,1,0,1,3,2,8,21000
1217,72390,0,0,6,209,0,0,0,0,0,0,0,0,0,0,447,0,0,0,0,0,0,0,0,0,0,1,0,1,3,2,8,21000
1218,72391,0,0,6,209,0,0,0,0,0,0,0,0,0,0,450,0,0,0,0,0,0,0,0,0,0,1,0,1,3,2,8,21000
1219,72392,0,0,6,209,0,0,0,0,0,0,0,0,0,0,452,0,0,0,0,0,0,0,0,0,0,1,0,1,3,2,8,22000
1220,72393,0,0,6,209,0,0,0,0,0,0,0,0,0,0,455,0,0,0,0,0,0,0,0,0,0,1,0,1,3,2,8,22000
1221,72394,0,0,6,209,0,0,0,0,0,0,0,0,0,0,458,0,0,0,0,0,0,0,0,0,0,1,0,1,3,2,8,22000
1222,72395,0,0,6,209,0,0,0,0,0,0,0,0,0,0,460,0,0,0,0,0,0,0,0,0,0,1,0,1,3,2,8,23000
1223,72396,0,0,6,209,0,0,0,0,0,0,0,0,0,0,463,0,0,0,0,0,0,0,0,0,0,1,0,1,3,2,8,23000
1224,72397,0,0,6,217,0,0,0,0,0,0,0,0,0,0,458,0,0,0,0,0,0,0,0,0,0,1,0,1,3,2,8,0
1225,72398,0,0,6,217,0,0,0,0,0,0,0,0,0,0,460,0,0,0,0,0,0,0,0,0,0,1,0,1,3,2,8,0
1226,72399,0,0,6,217,0,0,0,0,0,0,0,0,0,0,463,0,0,0,0,0,0,0,0,0,0,1,0,1,3,2,8,0
1227,72400,0,0,6,217,0,0,0,0,0,0,0,0,0,0,466,0,0,0,0,0,0,0,0,0,0,1,0,1,3,2,8,21000
1228,72401,0,0,6,217,0,0,0,0,0,0,0,0,0,0,469,0,0,0,0,0,0,0,0,0,0,1,0,1,3,2,8,21000
1229,72402,0,0,6,217,0,0,0,0,0,0,0,0,0,0,471,0,0,0,0,0,0,0,0,0,0,1,0,1,3,2,8,21000
1230,72403,0,0,6,217,0,0,0,0,0,0,0,0,0,0,474,0,0,0,0,0,0,0,0,0,0,1,0,1,3,2,8,22000
1231,72404,0,0,6,217,0,0,0,0,0,0,0,0,0,0,477,0,0,0,0,0,0,0,0,0,0,1,0,1,3,2,8,22000
1232,72405,0,0,6,217,0,0,0,0,0,0,0,0,0,0,479,0,0,0,0,0,0,0,0,0,0,1,0,1,3,2,8,22000
1233,72406,0,0,6,217,0,0,0,0,0,0,0,0,0,0,482,0,0,0,0,0,0,0,0,0,0,1,0,1,3,2,8,23000
1234,72407,0,0,6,217,0,0,0,0,0,0,0,0,0,0,485,0,0,0,0,0,0,0,0,0,0,1,0,1,3,2,8,23000
1235,72408,0,0,6,225,0,0,0,0,0,0,0,0,0,0,479,0,0,0,0,0,0,0,0,0,0,1,0,1,3,2,8,0
1236,72409,0,0,6,225,0,0,0,0,0,0,0,0,0,0,482,0,0,0,0,0,0,0,0,0,0,1,0,1,3,2,8,0
1237,72410,0,0,6,225,0,0,0,0,0,0,0,0,0,0,485,0,0,0,0,0,0,0,0,0,0,1,0,1,3,2,8,0
1238,72411,0,0,6,225,0,0,0,0,0,0,0,0,0,0,487,0,0,0,0,0,0,0,0,0,0,1,0,1,3,2,8,21000
1239,72412,0,0,6,225,0,0,0,0,0,0,0,0,0,0,490,0,0,0,0,0,0,0,0,0,0,1,0,1,3,2,8,21000
1240,72413,0,0,6,225,0,0,0,0,0,0,0,0,0,0,493,0,0,0,0,0,0,0,0,0,0,1,0,1,3,2,8,21000
1241,72414,0,0,6,225,0,0,0,0,0,0,0,0,0,0,496,0,0,0,0,0,0,0,0,0,0,1,0,1,3,2,8,22000
1242,72415,0,0,6,225,0,0,0,0,0,0,0,0,0,0,498,0,0,0,0,0,0,0,0,0,0,1,0,1,3,2,8,22000
1243,72416,0,0,6,225,0,0,0,0,0,0,0,0,0,0,501,0,0,0,0,0,0,0,0,0,0,1,0,1,3,2,8,22000
1244,72417,0,0,6,225,0,0,0,0,0,0,0,0,0,0,504,0,0,0,0,0,0,0,0,0,0,1,0,1,3,2,8,23000
1245,72418,0,0,6,225,0,0,0,0,0,0,0,0,0,0,506,0,0,0,0,0,0,0,0,0,0,1,0,1,3,2,8,23000
1246,72419,0,0,6,233,0,0,0,0,0,0,0,0,0,0,501,0,0,0,0,0,0,0,0,0,0,1,0,1,3,2,8,0
1247,72420,0,0,6,233,0,0,0,0,0,0,0,0,0,0,504,0,0,0,0,0,0,0,0,0,0,1,0,1,3,2,8,0
1248,72421,0,0,6,233,0,0,0,0,0,0,0,0,0,0,506,0,0,0,0,0,0,0,0,0,0,1,0,1,3,2,8,0
1249,72422,0,0,6,233,0,0,0,0,0,0,0,0,0,0,509,0,0,0,0,0,0,0,0,0,0,1,0,1,3,2,8,21000
1250,72423,0,0,6,233,0,0,0,0,0,0,0,0,0,0,512,0,0,0,0,0,0,0,0,0,0,1,0,1,3,2,8,21000
1251,72424,0,0,6,233,0,0,0,0,0,0,0,0,0,0,515,0,0,0,0,0,0,0,0,0,0,1,0,1,3,2,8,21000
1252,72425,0,0,6,233,0,0,0,0,0,0,0,0,0,0,517,0,0,0,0,0,0,0,0,0,0,1,0,1,3,2,8,22000
1253,72426,0,0,6,233,0,0,0,0,0,0,0,0,0,0,520,0,0,0,0,0,0,0,0,0,0,1,0,1,3,2,8,22000
1254,73100,0,0,1,1,0,0,0,0,0,0,0,0,0,0,1,0,0,0,0,0,0,0,0,0,0,1,0,1,3,3,1,0
1255,73101,0,0,1,1,0,0,0,0,0,0,0,0,0,0,3,0,0,0,0,0,0,0,0,0,0,1,0,1,3,3,1,0
1256,73102,0,0,1,1,0,0,0,0,0,0,0,0,0,0,4,0,0,0,0,0,0,0,0,0,0,1,0,1,3,3,1,0
1257,73103,0,0,1,1,0,0,0,0,0,0,0,0,0,0,5,0,0,0,0,0,0,0,0,0,0,1,0,1,3,3,1,31000
1258,73104,0,0,1,1,0,0,0,0,0,0,0,0,0,0,7,0,0,0,0,0,0,0,0,0,0,1,0,1,3,3,1,31000
1259,73105,0,0,1,1,0,0,0,0,0,0,0,0,0,0,8,0,0,0,0,0,0,0,0,0,0,1,0,1,3,3,1,31000
1260,73106,0,0,1,1,0,0,0,0,0,0,0,0,0,0,9,0,0,0,0,0,0,0,0,0,0,1,0,1,3,3,1,32000
1261,73107,0,0,1,1,0,0,0,0,0,0,0,0,0,0,10,0,0,0,0,0,0,0,0,0,0,1,0,1,3,3,1,32000
1262,73108,0,0,1,1,0,0,0,0,0,0,0,0,0,0,12,0,0,0,0,0,0,0,0,0,0,1,0,1,3,3,1,32000
1263,73109,0,0,1,1,0,0,0,0,0,0,0,0,0,0,13,0,0,0,0,0,0,0,0,0,0,1,0,1,3,3,1,33000
1264,73110,0,0,1,1,0,0,0,0,0,0,0,0,0,0,14,0,0,0,0,0,0,0,0,0,0,1,0,1,3,3,1,33000
1265,73111,0,0,1,9,0,0,0,0,0,0,0,0,0,0,12,0,0,0,0,0,0,0,0,0,0,1,0,1,3,3,1,0
1266,73112,0,0,1,9,0,0,0,0,0,0,0,0,0,0,13,0,0,0,0,0,0,0,0,0,0,1,0,1,3,3,1,0
1267,73113,0,0,1,9,0,0,0,0,0,0,0,0,0,0,14,0,0,0,0,0,0,0,0,0,0,1,0,1,3,3,1,0
1268,73114,0,0,1,9,0,0,0,0,0,0,0,0,0,0,16,0,0,0,0,0,0,0,0,0,0,1,0,1,3,3,1,31000
1269,73115,0,0,1,9,0,0,0,0,0,0,0,0,0,0,17,0,0,0,0,0,0,0,0,0,0,1,0,1,3,3,1,31000
1270,73116,0,0,1,9,0,0,0,0,0,0,0,0,0,0,18,0,0,0,0,0,0,0,0,0,0,1,0,1,3,3,1,31000
1271,73117,0,0,1,9,0,0,0,0,0,0,0,0,0,0,20,0,0,0,0,0,0,0,0,0,0,1,0,1,3,3,1,32000
1272,73118,0,0,1,9,0,0,0,0,0,0,0,0,0,0,21,0,0,0,0,0,0,0,0,0,0,1,0,1,3,3,1,32000
1273,73119,0,0,1,9,0,0,0,0,0,0,0,0,0,0,22,0,0,0,0,0,0,0,0,0,0,1,0,1,3,3,1,32000
1274,73120,0,0,1,9,0,0,0,0,0,0,0,0,0,0,23,0,0,0,0,0,0,0,0,0,0,1,0,1,3,3,1,33000
1275,73121,0,0,1,9,0,0,0,0,0,0,0,0,0,0,25,0,0,0,0,0,0,0,0,0,0,1,0,1,3,3,1,33000
1276,73122,0,0,1,17,0,0,0,0,0,0,0,0,0,0,22,0,0,0,0,0,0,0,0,0,0,1,0,1,3,3,1,0
1277,73123,0,0,1,17,0,0,0,0,0,0,0,0,0,0,23,0,0,0,0,0,0,0,0,0,0,1,0,1,3,3,1,0
1278,73124,0,0,1,17,0,0,0,0,0,0,0,0,0,0,25,0,0,0,0,0,0,0,0,0,0,1,0,1,3,3,1,0
1279,73125,0,0,1,17,0,0,0,0,0,0,0,0,0,0,26,0,0,0,0,0,0,0,0,0,0,1,0,1,3,3,1,31000
1280,73126,0,0,1,17,0,0,0,0,0,0,0,0,0,0,27,0,0,0,0,0,0,0,0,0,0,1,0,1,3,3,1,31000
1281,73127,0,0,1,17,0,0,0,0,0,0,0,0,0,0,29,0,0,0,0,0,0,0,0,0,0,1,0,1,3,3,1,31000
1282,73128,0,0,1,17,0,0,0,0,0,0,0,0,0,0,30,0,0,0,0,0,0,0,0,0,0,1,0,1,3,3,1,32000
1283,73129,0,0,1,17,0,0,0,0,0,0,0,0,0,0,31,0,0,0,0,0,0,0,0,0,0,1,0,1,3,3,1,32000
1284,73130,0,0,1,17,0,0,0,0,0,0,0,0,0,0,33,0,0,0,0,0,0,0,0,0,0,1,0,1,3,3,1,32000
1285,73131,0,0,1,17,0,0,0,0,0,0,0,0,0,0,34,0,0,0,0,0,0,0,0,0,0,1,0,1,3,3,1,33000
1286,73132,0,0,1,17,0,0,0,0,0,0,0,0,0,0,35,0,0,0,0,0,0,0,0,0,0,1,0,1,3,3,1,33000
1287,73133,0,0,1,25,0,0,0,0,0,0,0,0,0,0,33,0,0,0,0,0,0,0,0,0,0,1,0,1,3,3,1,0
1288,73134,0,0,1,25,0,0,0,0,0,0,0,0,0,0,34,0,0,0,0,0,0,0,0,0,0,1,0,1,3,3,1,0
1289,73135,0,0,1,25,0,0,0,0,0,0,0,0,0,0,35,0,0,0,0,0,0,0,0,0,0,1,0,1,3,3,1,0
1290,73136,0,0,1,25,0,0,0,0,0,0,0,0,0,0,36,0,0,0,0,0,0,0,0,0,0,1,0,1,3,3,1,31000
1291,73137,0,0,1,25,0,0,0,0,0,0,0,0,0,0,38,0,0,0,0,0,0,0,0,0,0,1,0,1,3,3,1,31000
1292,73138,0,0,1,25,0,0,0,0,0,0,0,0,0,0,39,0,0,0,0,0,0,0,0,0,0,1,0,1,3,3,1,31000
1293,73139,0,0,1,25,0,0,0,0,0,0,0,0,0,0,40,0,0,0,0,0,0,0,0,0,0,1,0,1,3,3,1,32000
1294,73140,0,0,1,25,0,0,0,0,0,0,0,0,0,0,42,0,0,0,0,0,0,0,0,0,0,1,0,1,3,3,1,32000
1295,73141,0,0,1,25,0,0,0,0,0,0,0,0,0,0,43,0,0,0,0,0,0,0,0,0,0,1,0,1,3,3,1,32000
1296,73142,0,0,1,25,0,0,0,0,0,0,0,0,0,0,44,0,0,0,0,0,0,0,0,0,0,1,0,1,3,3,1,33000
1297,73143,0,0,1,25,0,0,0,0,0,0,0,0,0,0,46,0,0,0,0,0,0,0,0,0,0,1,0,1,3,3,1,33000
1298,73144,0,0,2,33,0,0,0,0,0,0,0,0,0,0,43,0,0,0,0,0,0,0,0,0,0,1,0,1,3,3,1,0
1299,73145,0,0,2,33,0,0,0,0,0,0,0,0,0,0,44,0,0,0,0,0,0,0,0,0,0,1,0,1,3,3,1,0
1300,73146,0,0,2,33,0,0,0,0,0,0,0,0,0,0,46,0,0,0,0,0,0,0,0,0,0,1,0,1,3,3,1,0
1301,73147,0,0,2,33,0,0,0,0,0,0,0,0,0,0,47,0,0,0,0,0,0,0,0,0,0,1,0,1,3,3,1,31000
1302,73148,0,0,2,33,0,0,0,0,0,0,0,0,0,0,48,0,0,0,0,0,0,0,0,0,0,1,0,1,3,3,1,31000
1303,73149,0,0,2,33,0,0,0,0,0,0,0,0,0,0,49,0,0,0,0,0,0,0,0,0,0,1,0,1,3,3,1,31000
1304,73150,0,0,2,33,0,0,0,0,0,0,0,0,0,0,51,0,0,0,0,0,0,0,0,0,0,1,0,1,3,3,1,32000
1305,73151,0,0,2,33,0,0,0,0,0,0,0,0,0,0,52,0,0,0,0,0,0,0,0,0,0,1,0,1,3,3,1,32000
1306,73152,0,0,2,33,0,0,0,0,0,0,0,0,0,0,53,0,0,0,0,0,0,0,0,0,0,1,0,1,3,3,1,32000
1307,73153,0,0,2,33,0,0,0,0,0,0,0,0,0,0,55,0,0,0,0,0,0,0,0,0,0,1,0,1,3,3,1,33000
1308,73154,0,0,2,33,0,0,0,0,0,0,0,0,0,0,56,0,0,0,0,0,0,0,0,0,0,1,0,1,3,3,1,33000
1309,73155,0,0,2,41,0,0,0,0,0,0,0,0,0,0,53,0,0,0,0,0,0,0,0,0,0,1,0,1,3,3,1,0
1310,73156,0,0,2,41,0,0,0,0,0,0,0,0,0,0,55,0,0,0,0,0,0,0,0,0,0,1,0,1,3,3,1,0
1311,73157,0,0,2,41,0,0,0,0,0,0,0,0,0,0,56,0,0,0,0,0,0,0,0,0,0,1,0,1,3,3,1,0
1312,73158,0,0,2,41,0,0,0,0,0,0,0,0,0,0,57,0,0,0,0,0,0,0,0,0,0,1,0,1,3,3,1,31000
1313,73159,0,0,2,41,0,0,0,0,0,0,0,0,0,0,59,0,0,0,0,0,0,0,0,0,0,1,0,1,3,3,1,31000
1314,73160,0,0,2,41,0,0,0,0,0,0,0,0,0,0,60,0,0,0,0,0,0,0,0,0,0,1,0,1,3,3,1,31000
1315,73161,0,0,2,41,0,0,0,0,0,0,0,0,0,0,61,0,0,0,0,0,0,0,0,0,0,1,0,1,3,3,1,32000
1316,73162,0,0,2,41,0,0,0,0,0,0,0,0,0,0,62,0,0,0,0,0,0,0,0,0,0,1,0,1,3,3,1,32000
1317,73163,0,0,2,41,0,0,0,0,0,0,0,0,0,0,64,0,0,0,0,0,0,0,0,0,0,1,0,1,3,3,1,32000
1318,73164,0,0,2,41,0,0,0,0,0,0,0,0,0,0,65,0,0,0,0,0,0,0,0,0,0,1,0,1,3,3,1,33000
1319,73165,0,0,2,41,0,0,0,0,0,0,0,0,0,0,66,0,0,0,0,0,0,0,0,0,0,1,0,1,3,3,1,33000
1320,73166,0,0,2,49,0,0,0,0,0,0,0,0,0,0,64,0,0,0,0,0,0,0,0,0,0,1,0,1,3,3,1,0
1321,73167,0,0,2,49,0,0,0,0,0,0,0,0,0,0,65,0,0,0,0,0,0,0,0,0,0,1,0,1,3,3,1,0
1322,73168,0,0,2,49,0,0,0,0,0,0,0,0,0,0,66,0,0,0,0,0,0,0,0,0,0,1,0,1,3,3,1,0
1323,73169,0,0,2,49,0,0,0,0,0,0,0,0,0,0,68,0,0,0,0,0,0,0,0,0,0,1,0,1,3,3,1,31000
1324,73170,0,0,2,49,0,0,0,0,0,0,0,0,0,0,69,0,0,0,0,0,0,0,0,0,0,1,0,1,3,3,1,31000
1325,73171,0,0,2,49,0,0,0,0,0,0,0,0,0,0,70,0,0,0,0,0,0,0,0,0,0,1,0,1,3,3,1,31000
1326,73172,0,0,2,49,0,0,0,0,0,0,0,0,0,0,72,0,0,0,0,0,0,0,0,0,0,1,0,1,3,3,1,32000
1327,73173,0,0,2,49,0,0,0,0,0,0,0,0,0,0,73,0,0,0,0,0,0,0,0,0,0,1,0,1,3,3,1,32000
1328,73174,0,0,2,49,0,0,0,0,0,0,0,0,0,0,74,0,0,0,0,0,0,0,0,0,0,1,0,1,3,3,1,32000
1329,73175,0,0,2,49,0,0,0,0,0,0,0,0,0,0,75,0,0,0,0,0,0,0,0,0,0,1,0,1,3,3,1,33000
1330,73176,0,0,2,49,0,0,0,0,0,0,0,0,0,0,77,0,0,0,0,0,0,0,0,0,0,1,0,1,3,3,1,33000
1331,73177,0,0,2,57,0,0,0,0,0,0,0,0,0,0,74,0,0,0,0,0,0,0,0,0,0,1,0,1,3,3,1,0
1332,73178,0,0,2,57,0,0,0,0,0,0,0,0,0,0,75,0,0,0,0,0,0,0,0,0,0,1,0,1,3,3,1,0
1333,73179,0,0,2,57,0,0,0,0,0,0,0,0,0,0,77,0,0,0,0,0,0,0,0,0,0,1,0,1,3,3,1,0
1334,73180,0,0,2,57,0,0,0,0,0,0,0,0,0,0,78,0,0,0,0,0,0,0,0,0,0,1,0,1,3,3,1,31000
1335,73181,0,0,2,57,0,0,0,0,0,0,0,0,0,0,80,0,0,0,0,0,0,0,0,0,0,1,0,1,3,3,1,31000
1336,73182,0,0,2,57,0,0,0,0,0,0,0,0,0,0,81,0,0,0,0,0,0,0,0,0,0,1,0,1,3,3,1,31000
1337,73183,0,0,2,57,0,0,0,0,0,0,0,0,0,0,83,0,0,0,0,0,0,0,0,0,0,1,0,1,3,3,1,32000
1338,73184,0,0,2,57,0,0,0,0,0,0,0,0,0,0,85,0,0,0,0,0,0,0,0,0,0,1,0,1,3,3,1,32000
1339,73185,0,0,2,57,0,0,0,0,0,0,0,0,0,0,87,0,0,0,0,0,0,0,0,0,0,1,0,1,3,3,1,32000
1340,73186,0,0,2,57,0,0,0,0,0,0,0,0,0,0,88,0,0,0,0,0,0,0,0,0,0,1,0,1,3,3,1,33000
1341,73187,0,0,2,57,0,0,0,0,0,0,0,0,0,0,90,0,0,0,0,0,0,0,0,0,0,1,0,1,3,3,1,33000
1342,73188,0,0,3,65,0,0,0,0,0,0,0,0,0,0,87,0,0,0,0,0,0,0,0,0,0,1,0,1,3,3,1,0
1343,73189,0,0,3,65,0,0,0,0,0,0,0,0,0,0,88,0,0,0,0,0,0,0,0,0,0,1,0,1,3,3,1,0
1344,73190,0,0,3,65,0,0,0,0,0,0,0,0,0,0,90,0,0,0,0,0,0,0,0,0,0,1,0,1,3,3,1,0
1345,73191,0,0,3,65,0,0,0,0,0,0,0,0,0,0,92,0,0,0,0,0,0,0,0,0,0,1,0,1,3,3,1,31000
1346,73192,0,0,3,65,0,0,0,0,0,0,0,0,0,0,94,0,0,0,0,0,0,0,0,0,0,1,0,1,3,3,1,31000
1347,73193,0,0,3,65,0,0,0,0,0,0,0,0,0,0,95,0,0,0,0,0,0,0,0,0,0,1,0,1,3,3,1,31000
1348,73194,0,0,3,65,0,0,0,0,0,0,0,0,0,0,97,0,0,0,0,0,0,0,0,0,0,1,0,1,3,3,1,32000
1349,73195,0,0,3,65,0,0,0,0,0,0,0,0,0,0,99,0,0,0,0,0,0,0,0,0,0,1,0,1,3,3,1,32000
1350,73196,0,0,3,65,0,0,0,0,0,0,0,0,0,0,101,0,0,0,0,0,0,0,0,0,0,1,0,1,3,3,1,32000
1351,73197,0,0,3,65,0,0,0,0,0,0,0,0,0,0,102,0,0,0,0,0,0,0,0,0,0,1,0,1,3,3,1,33000
1352,73198,0,0,3,65,0,0,0,0,0,0,0,0,0,0,104,0,0,0,0,0,0,0,0,0,0,1,0,1,3,3,1,33000
1353,73199,0,0,3,73,0,0,0,0,0,0,0,0,0,0,101,0,0,0,0,0,0,0,0,0,0,1,0,1,3,3,1,0
1354,73200,0,0,3,73,0,0,0,0,0,0,0,0,0,0,102,0,0,0,0,0,0,0,0,0,0,1,0,1,3,3,1,0
1355,73201,0,0,3,73,0,0,0,0,0,0,0,0,0,0,104,0,0,0,0,0,0,0,0,0,0,1,0,1,3,3,1,0
1356,73202,0,0,3,73,0,0,0,0,0,0,0,0,0,0,106,0,0,0,0,0,0,0,0,0,0,1,0,1,3,3,1,31000
1357,73203,0,0,3,73,0,0,0,0,0,0,0,0,0,0,107,0,0,1830425916,-1951679012,1961846889,1871477297,0,0,0,0,1,0,1,3,3,1,31000
1358,73204,0,0,3,73,0,0,0,0,0,0,0,0,0,0,109,0,0,0,0,0,0,0,0,0,0,1,0,1,3,3,1,31000
1359,73205,0,0,3,73,0,0,0,0,0,0,0,0,0,0,111,0,0,0,0,0,0,0,0,0,0,1,0,1,3,3,1,32000
1360,73206,0,0,3,73,0,0,0,0,0,0,0,0,0,0,113,0,0,0,0,0,0,0,0,0,0,1,0,1,3,3,1,32000
1361,73207,0,0,3,73,0,0,0,0,0,0,0,0,0,0,114,0,0,0,0,0,0,0,0,0,0,1,0,1,3,3,1,32000
1362,73208,0,0,3,73,0,0,0,0,0,0,0,0,0,0,116,0,0,0,0,0,0,0,0,0,0,1,0,1,3,3,1,33000
1363,73209,0,0,3,73,0,0,0,0,0,0,0,0,0,0,118,0,0,0,0,0,0,0,0,0,0,1,0,1,3,3,1,33000
1364,73210,0,0,3,81,0,0,0,0,0,0,0,0,0,0,114,0,0,0,0,0,0,0,0,0,0,1,0,1,3,3,1,0
1365,73211,0,0,3,81,0,0,0,0,0,0,0,0,0,0,116,0,0,0,0,0,0,0,0,0,0,1,0,1,3,3,1,0
1366,73212,0,0,3,81,0,0,0,0,0,0,0,0,0,0,118,0,0,0,0,0,0,0,0,0,0,1,0,1,3,3,1,0
1367,73213,0,0,3,81,0,0,0,0,0,0,0,0,0,0,120,0,0,0,0,0,0,0,0,0,0,1,0,1,3,3,1,31000
1368,73214,0,0,3,81,0,0,0,0,0,0,0,0,0,0,121,0,0,0,0,0,0,0,0,0,0,1,0,1,3,3,1,31000
1369,73215,0,0,3,81,0,0,0,0,0,0,0,0,0,0,123,0,0,0,0,0,0,0,0,0,0,1,0,1,3,3,1,31000
1370,73216,0,0,3,81,0,0,0,0,0,0,0,0,0,0,125,0,0,0,0,0,0,0,0,0,0,1,0,1,3,3,1,32000
1371,73217,0,0,3,81,0,0,0,0,0,0,0,0,0,0,127,0,0,0,0,0,0,0,0,0,0,1,0,1,3,3,1,32000
1372,73218,0,0,3,81,0,0,0,0,0,0,0,0,0,0,128,0,0,0,0,0,0,0,0,0,0,1,0,1,3,3,1,32000
1373,73219,0,0,3,81,0,0,0,0,0,0,0,0,0,0,130,0,0,0,0,0,0,0,0,0,0,1,0,1,3,3,1,33000
1374,73220,0,0,3,81,0,0,0,0,0,0,0,0,0,0,132,0,0,0,0,0,0,0,0,0,0,1,0,1,3,3,1,33000
1375,73221,0,0,3,89,0,0,0,0,0,0,0,0,0,0,128,0,0,0,0,0,0,0,0,0,0,1,0,1,3,3,1,0
1376,73222,0,0,3,89,0,0,0,0,0,0,0,0,0,0,130,0,0,0,0,0,0,0,0,0,0,1,0,1,3,3,1,0
1377,73223,0,0,3,89,0,0,0,0,0,0,0,0,0,0,132,0,0,0,0,0,0,0,0,0,0,1,0,1,3,3,1,0
1378,73224,0,0,3,89,0,0,0,0,0,0,0,0,0,0,133,0,0,0,0,0,0,0,0,0,0,1,0,1,3,3,1,31000
1379,73225,0,0,3,89,0,0,0,0,0,0,0,0,0,0,135,0,0,0,0,0,0,0,0,0,0,1,0,1,3,3,1,31000
1380,73226,0,0,3,89,0,0,0,0,0,0,0,0,0,0,137,0,0,0,0,0,0,0,0,0,0,1,0,1,3,3,1,31000
1381,73227,0,0,3,89,0,0,0,0,0,0,0,0,0,0,139,0,0,0,0,0,0,0,0,0,0,1,0,1,3,3,1,32000
1382,73228,0,0,3,89,0,0,0,0,0,0,0,0,0,0,140,0,0,0,0,0,0,0,0,0,0,1,0,1,3,3,1,32000
1383,73229,0,0,3,89,0,0,0,0,0,0,0,0,0,0,142,0,0,0,0,0,0,0,0,0,0,1,0,1,3,3,1,32000
1384,73230,0,0,3,89,0,0,0,0,0,0,0,0,0,0,144,0,0,0,0,0,0,0,0,0,0,1,0,1,3,3,1,33000
1385,73231,0,0,3,89,0,0,0,0,0,0,0,0,0,0,146,0,0,0,0,0,0,0,0,0,0,1,0,1,3,3,1,33000
1386,73232,0,0,4,97,0,0,0,0,0,0,0,0,0,0,142,0,0,0,0,0,0,0,0,0,0,1,0,1,3,3,1,0
1387,73233,0,0,4,97,0,0,0,0,0,0,0,0,0,0,144,0,0,0,0,0,0,0,0,0,0,1,0,1,3,3,1,0
1388,73234,0,0,4,97,0,0,0,0,0,0,0,0,0,0,146,0,0,0,0,0,0,0,0,0,0,1,0,1,3,3,1,0
1389,73235,0,0,4,97,0,0,0,0,0,0,0,0,0,0,147,0,0,0,0,0,0,0,0,0,0,1,0,1,3,3,1,31000
1390,73236,0,0,4,97,0,0,0,0,0,0,0,0,0,0,149,0,0,0,0,0,0,0,0,0,0,1,0,1,3,3,1,31000
1391,73237,0,0,4,97,0,0,0,0,0,0,0,0,0,0,151,0,0,0,0,0,0,0,0,0,0,1,0,1,3,3,1,31000
1392,73238,0,0,4,97,0,0,0,0,0,0,0,0,0,0,153,0,0,0,0,0,0,0,0,0,0,1,0,1,3,3,1,32000
1393,73239,0,0,4,97,0,0,0,0,0,0,0,0,0,0,154,0,0,0,0,0,0,0,0,0,0,1,0,1,3,3,1,32000
1394,73240,0,0,4,97,0,0,0,0,0,0,0,0,0,0,156,0,0,0,0,0,0,0,0,0,0,1,0,1,3,3,1,32000
1395,73241,0,0,4,97,0,0,0,0,0,0,0,0,0,0,158,0,0,0,0,0,0,0,0,0,0,1,0,1,3,3,1,33000
1396,73242,0,0,4,97,0,0,0,0,0,0,0,0,0,0,159,0,0,0,0,0,0,0,0,0,0,1,0,1,3,3,1,33000
1397,73243,0,0,4,105,0,0,0,0,0,0,0,0,0,0,156,0,0,0,0,0,0,0,0,0,0,1,0,1,3,3,1,0
1398,73244,0,0,4,105,0,0,0,0,0,0,0,0,0,0,158,0,0,0,0,0,0,0,0,0,0,1,0,1,3,3,1,0
1399,73245,0,0,4,105,0,0,0,0,0,0,0,0,0,0,159,0,0,0,0,0,0,0,0,0,0,1,0,1,3,3,1,0
1400,73246,0,0,4,105,0,0,0,0,0,0,0,0,0,0,161,0,0,0,0,0,0,0,0,0,0,1,0,1,3,3,1,31000
1401,73247,0,0,4,105,0,0,0,0,0,0,0,0,0,0,163,0,0,0,0,0,0,0,0,0,0,1,0,1,3,3,1,31000
1402,73248,0,0,4,105,0,0,0,0,0,0,0,0,0,0,165,0,0,0,0,0,0,0,0,0,0,1,0,1,3,3,1,31000
1403,73249,0,0,4,105,0,0,0,0,0,0,0,0,0,0,166,0,0,0,0,0,0,0,0,0,0,1,0,1,3,3,1,32000
1404,73250,0,0,4,105,0,0,0,0,0,0,0,0,0,0,168,0,0,0,0,0,0,0,0,0,0,1,0,1,3,3,1,32000
1405,73251,0,0,4,105,0,0,0,0,0,0,0,0,0,0,170,0,0,0,0,0,0,0,0,0,0,1,0,1,3,3,1,32000
1406,73252,0,0,4,105,0,0,0,0,0,0,0,0,0,0,172,0,0,0,0,0,0,0,0,0,0,1,0,1,3,3,1,33000
1407,73253,0,0,4,105,0,0,0,0,0,0,0,0,0,0,173,0,0,0,0,0,0,0,0,0,0,1,0,1,3,3,1,33000
1408,73254,0,0,4,113,0,0,0,0,0,0,0,0,0,0,170,0,0,0,0,0,0,0,0,0,0,1,0,1,3,3,1,0
1409,73255,0,0,4,113,0,0,0,0,0,0,0,0,0,0,172,0,0,0,0,0,0,0,0,0,0,1,0,1,3,3,1,0
1410,73256,0,0,4,113,0,0,0,0,0,0,0,0,0,0,173,0,0,0,0,0,0,0,0,0,0,1,0,1,3,3,1,0
1411,73257,0,0,4,113,0,0,0,0,0,0,0,0,0,0,175,0,0,0,0,0,0,0,0,0,0,1,0,1,3,3,1,31000
1412,73258,0,0,4,113,0,0,0,0,0,0,0,0,0,0,177,0,0,0,0,0,0,0,0,0,0,1,0,1,3,3,1,31000
1413,73259,0,0,4,113,0,0,0,0,0,0,0,0,0,0,179,0,0,0,0,0,0,0,0,0,0,1,0,1,3,3,1,31000
1414,73260,0,0,4,113,0,0,0,0,0,0,0,0,0,0,180,0,0,0,0,0,0,0,0,0,0,1,0,1,3,3,1,32000
1415,73261,0,0,4,113,0,0,0,0,0,0,0,0,0,0,182,0,0,0,0,0,0,0,0,0,0,1,0,1,3,3,1,32000
1416,73262,0,0,4,113,0,0,0,0,0,0,0,0,0,0,184,0,0,0,0,0,0,0,0,0,0,1,0,1,3,3,1,32000
1417,73263,0,0,4,113,0,0,0,0,0,0,0,0,0,0,185,0,0,0,0,0,0,0,0,0,0,1,0,1,3,3,1,33000
1418,73264,0,0,4,113,0,0,0,0,0,0,0,0,0,0,187,0,0,0,0,0,0,0,0,0,0,1,0,1,3,3,1,33000
1419,73265,0,0,4,121,0,0,0,0,0,0,0,0,0,0,184,0,0,0,0,0,0,0,0,0,0,1,0,1,3,3,1,0
1420,73266,0,0,4,121,0,0,0,0,0,0,0,0,0,0,185,0,0,0,0,0,0,0,0,0,0,1,0,1,3,3,1,0
1421,73267,0,0,4,121,0,0,0,0,0,0,0,0,0,0,187,0,0,0,0,0,0,0,0,0,0,1,0,1,3,3,1,0
1422,73268,0,0,4,121,0,0,0,0,0,0,0,0,0,0,189,0,0,0,0,0,0,0,0,0,0,1,0,1,3,3,1,31000
1423,73269,0,0,4,121,0,0,0,0,0,0,0,0,0,0,191,0,0,0,0,0,0,0,0,0,0,1,0,1,3,3,1,31000
1424,73270,0,0,4,121,0,0,0,0,0,0,0,0,0,0,192,0,0,0,0,0,0,0,0,0,0,1,0,1,3,3,1,31000
1425,73271,0,0,4,121,0,0,0,0,0,0,0,0,0,0,194,0,0,0,0,0,0,0,0,0,0,1,0,1,3,3,1,32000
1426,73272,0,0,4,121,0,0,0,0,0,0,0,0,0,0,196,0,0,0,0,0,0,0,0,0,0,1,0,1,3,3,1,32000
1427,73273,0,0,4,121,0,0,0,0,0,0,0,0,0,0,198,0,0,0,0,0,0,0,0,0,0,1,0,1,3,3,1,32000
1428,73274,0,0,4,121,0,0,0,0,0,0,0,0,0,0,199,0,0,0,0,0,0,0,0,0,0,1,0,1,3,3,1,33000
1429,73275,0,0,4,121,0,0,0,0,0,0,0,0,0,0,201,0,0,0,0,0,0,0,0,0,0,1,0,1,3,3,1,33000
1430,73276,0,0,4,129,0,0,0,0,0,0,0,0,0,0,198,0,0,0,0,0,0,0,0,0,0,1,0,1,3,3,1,0
1431,73277,0,0,4,129,0,0,0,0,0,0,0,0,0,0,199,0,0,0,0,0,0,0,0,0,0,1,0,1,3,3,1,0
1432,73278,0,0,4,129,0,0,0,0,0,0,0,0,0,0,201,0,0,0,0,0,0,0,0,0,0,1,0,1,3,3,1,0
1433,73279,0,0,4,129,0,0,0,0,0,0,0,0,0,0,203,0,0,0,0,0,0,0,0,0,0,1,0,1,3,3,1,31000
1434,73280,0,0,4,129,0,0,0,0,0,0,0,0,0,0,205,0,0,0,0,0,0,0,0,0,0,1,0,1,3,3,1,31000
1435,73281,0,0,4,129,0,0,0,0,0,0,0,0,0,0,206,0,0,0,0,0,0,0,0,0,0,1,0,1,3,3,1,31000
1436,73282,0,0,4,129,0,0,0,0,0,0,0,0,0,0,208,0,0,0,0,0,0,0,0,0,0,1,0,1,3,3,1,32000
1437,73283,0,0,4,129,0,0,0,0,0,0,0,0,0,0,210,0,0,0,0,0,0,0,0,0,0,1,0,1,3,3,1,32000
1438,73284,0,0,4,129,0,0,0,0,0,0,0,0,0,0,211,0,0,0,0,0,0,0,0,0,0,1,0,1,3,3,1,32000
1439,73285,0,0,4,129,0,0,0,0,0,0,0,0,0,0,213,0,0,0,0,0,0,0,0,0,0,1,0,1,3,3,1,33000
1440,73286,0,0,4,129,0,0,0,0,0,0,0,0,0,0,215,0,0,0,0,0,0,0,0,0,0,1,0,1,3,3,1,33000
1441,73287,0,0,5,137,0,0,0,0,0,0,0,0,0,0,211,0,0,0,0,0,0,0,0,0,0,1,0,1,3,3,1,0
1442,73288,0,0,5,137,0,0,0,0,0,0,0,0,0,0,213,0,0,0,0,0,0,0,0,0,0,1,0,1,3,3,1,0
1443,73289,0,0,5,137,0,0,0,0,0,0,0,0,0,0,215,0,0,0,0,0,0,0,0,0,0,1,0,1,3,3,1,0
1444,73290,0,0,5,137,0,0,0,0,0,0,0,0,0,0,217,0,0,0,0,0,0,0,0,0,0,1,0,1,3,3,1,31000
1445,73291,0,0,5,137,0,0,0,0,0,0,0,0,0,0,218,0,0,0,0,0,0,0,0,0,0,1,0,1,3,3,1,31000
1446,73292,0,0,5,137,0,0,0,0,0,0,0,0,0,0,220,0,0,0,0,0,0,0,0,0,0,1,0,1,3,3,1,31000
1447,73293,0,0,5,137,0,0,0,0,0,0,0,0,0,0,222,0,0,0,0,0,0,0,0,0,0,1,0,1,3,3,1,32000
1448,73294,0,0,5,137,0,0,0,0,0,0,0,0,0,0,224,0,0,0,0,0,0,0,0,0,0,1,0,1,3,3,1,32000
1449,73295,0,0,5,137,0,0,0,0,0,0,0,0,0,0,225,0,0,0,0,0,0,0,0,0,0,1,0,1,3,3,1,32000
1450,73296,0,0,5,137,0,0,0,0,0,0,0,0,0,0,227,0,0,0,0,0,0,0,0,0,0,1,0,1,3,3,1,33000
1451,73297,0,0,5,137,0,0,0,0,0,0,0,0,0,0,229,0,0,0,0,0,0,0,0,0,0,1,0,1,3,3,1,33000
1452,73298,0,0,5,145,0,0,0,0,0,0,0,0,0,0,225,0,0,0,0,0,0,0,0,0,0,1,0,1,3,3,1,0
1453,73299,0,0,5,145,0,0,0,0,0,0,0,0,0,0,227,0,0,0,0,0,0,0,0,0,0,1,0,1,3,3,1,0
1454,73300,0,0,5,145,0,0,0,0,0,0,0,0,0,0,229,0,0,0,0,0,0,0,0,0,0,1,0,1,3,3,1,0
1455,73301,0,0,5,145,0,0,0,0,0,0,0,0,0,0,231,0,0,0,0,0,0,0,0,0,0,1,0,1,3,3,1,31000
1456,73302,0,0,5,145,0,0,0,0,0,0,0,0,0,0,232,0,0,0,0,0,0,0,0,0,0,1,0,1,3,3,1,31000
1457,73303,0,0,5,145,0,0,0,0,0,0,0,0,0,0,234,0,0,0,0,0,0,0,0,0,0,1,0,1,3,3,1,31000
1458,73304,0,0,5,145,0,0,0,0,0,0,0,0,0,0,236,0,0,0,0,0,0,0,0,0,0,1,0,1,3,3,1,32000
1459,73305,0,0,5,145,0,0,0,0,0,0,0,0,0,0,237,0,0,0,0,0,0,0,0,0,0,1,0,1,3,3,1,32000
1460,73306,0,0,5,145,0,0,0,0,0,0,0,0,0,0,239,0,0,0,0,0,0,0,0,0,0,1,0,1,3,3,1,32000
1461,73307,0,0,5,145,0,0,0,0,0,0,0,0,0,0,241,0,0,0,0,0,0,0,0,0,0,1,0,1,3,3,1,33000
1462,73308,0,0,5,145,0,0,0,0,0,0,0,0,0,0,243,0,0,0,0,0,0,0,0,0,0,1,0,1,3,3,1,33000
1463,73309,0,0,5,153,0,0,0,0,0,0,0,0,0,0,239,0,0,0,0,0,0,0,0,0,0,1,0,1,3,3,1,0
1464,73310,0,0,5,153,0,0,0,0,0,0,0,0,0,0,241,0,0,0,0,0,0,0,0,0,0,1,0,1,3,3,1,0
1465,73311,0,0,5,153,0,0,0,0,0,0,0,0,0,0,243,0,0,0,0,0,0,0,0,0,0,1,0,1,3,3,1,0
1466,73312,0,0,5,153,0,0,0,0,0,0,0,0,0,0,244,0,0,0,0,0,0,0,0,0,0,1,0,1,3,3,1,31000
1467,73313,0,0,5,153,0,0,0,0,0,0,0,0,0,0,246,0,0,0,0,0,0,0,0,0,0,1,0,1,3,3,1,31000
1468,73314,0,0,5,153,0,0,0,0,0,0,0,0,0,0,248,0,0,0,0,0,0,0,0,0,0,1,0,1,3,3,1,31000
1469,73315,0,0,5,153,0,0,0,0,0,0,0,0,0,0,250,0,0,0,0,0,0,0,0,0,0,1,0,1,3,3,1,32000
1470,73316,0,0,5,153,0,0,0,0,0,0,0,0,0,0,251,0,0,0,0,0,0,0,0,0,0,1,0,1,3,3,1,32000
1471,73317,0,0,5,153,0,0,0,0,0,0,0,0,0,0,253,0,0,0,0,0,0,0,0,0,0,1,0,1,3,3,1,32000
1472,73318,0,0,5,153,0,0,0,0,0,0,0,0,0,0,255,0,0,0,0,0,0,0,0,0,0,1,0,1,3,3,1,33000
1473,73319,0,0,5,153,0,0,0,0,0,0,0,0,0,0,257,0,0,0,0,0,0,0,0,0,0,1,0,1,3,3,1,33000
1474,73320,0,0,5,161,0,0,0,0,0,0,0,0,0,0,253,0,0,0,0,0,0,0,0,0,0,1,0,1,3,3,1,0
1475,73321,0,0,5,161,0,0,0,0,0,0,0,0,0,0,255,0,0,0,0,0,0,0,0,0,0,1,0,1,3,3,1,0
1476,73322,0,0,5,161,0,0,0,0,0,0,0,0,0,0,257,0,0,0,0,0,0,0,0,0,0,1,0,1,3,3,1,0
1477,73323,0,0,5,161,0,0,0,0,0,0,0,0,0,0,258,0,0,0,0,0,0,0,0,0,0,1,0,1,3,3,1,31000
1478,73324,0,0,5,161,0,0,0,0,0,0,0,0,0,0,260,0,0,0,0,0,0,0,0,0,0,1,0,1,3,3,1,31000
1479,73325,0,0,5,161,0,0,0,0,0,0,0,0,0,0,262,0,0,0,0,0,0,0,0,0,0,1,0,1,3,3,1,31000
1480,73326,0,0,5,161,0,0,0,0,0,0,0,0,0,0,263,0,0,0,0,0,0,0,0,0,0,1,0,1,3,3,1,32000
1481,73327,0,0,5,161,0,0,0,0,0,0,0,0,0,0,265,0,0,0,0,0,0,0,0,0,0,1,0,1,3,3,1,32000
1482,73328,0,0,5,161,0,0,0,0,0,0,0,0,0,0,267,0,0,0,0,0,0,0,0,0,0,1,0,1,3,3,1,32000
1483,73329,0,0,5,161,0,0,0,0,0,0,0,0,0,0,269,0,0,0,0,0,0,0,0,0,0,1,0,1,3,3,1,33000
1484,73330,0,0,5,161,0,0,0,0,0,0,0,0,0,0,270,0,0,0,0,0,0,0,0,0,0,1,0,1,3,3,1,33000
1485,73331,0,0,5,169,0,0,0,0,0,0,0,0,0,0,267,0,0,0,0,0,0,0,0,0,0,1,0,1,3,3,1,0
1486,73332,0,0,5,169,0,0,0,0,0,0,0,0,0,0,269,0,0,0,0,0,0,0,0,0,0,1,0,1,3,3,1,0
1487,73333,0,0,5,169,0,0,0,0,0,0,0,0,0,0,270,0,0,0,0,0,0,0,0,0,0,1,0,1,3,3,1,0
1488,73334,0,0,5,169,0,0,0,0,0,0,0,0,0,0,272,0,0,0,0,0,0,0,0,0,0,1,0,1,3,3,1,31000
1489,73335,0,0,5,169,0,0,0,0,0,0,0,0,0,0,274,0,0,0,0,0,0,0,0,0,0,1,0,1,3,3,1,31000
1490,73336,0,0,5,169,0,0,0,0,0,0,0,0,0,0,276,0,0,0,0,0,0,0,0,0,0,1,0,1,3,3,1,31000
1491,73337,0,0,5,169,0,0,0,0,0,0,0,0,0,0,277,0,0,0,0,0,0,0,0,0,0,1,0,1,3,3,1,32000
1492,73338,0,0,5,169,0,0,0,0,0,0,0,0,0,0,279,0,0,0,0,0,0,0,0,0,0,1,0,1,3,3,1,32000
1493,73339,0,0,5,169,0,0,0,0,0,0,0,0,0,0,281,0,0,0,0,0,0,0,0,0,0,1,0,1,3,3,1,32000
1494,73340,0,0,5,169,0,0,0,0,0,0,0,0,0,0,283,0,0,0,0,0,0,0,0,0,0,1,0,1,3,3,1,33000
1495,73341,0,0,5,169,0,0,0,0,0,0,0,0,0,0,284,0,0,0,0,0,0,0,0,0,0,1,0,1,3,3,1,33000
1496,73342,0,0,5,177,0,0,0,0,0,0,0,0,0,0,281,0,0,0,0,0,0,0,0,0,0,1,0,1,3,3,1,0
1497,73343,0,0,5,177,0,0,0,0,0,0,0,0,0,0,283,0,0,0,0,0,0,0,0,0,0,1,0,1,3,3,1,0
1498,73344,0,0,5,177,0,0,0,0,0,0,0,0,0,0,284,0,0,0,0,0,0,0,0,0,0,1,0,1,3,3,1,0
1499,73345,0,0,5,177,0,0,0,0,0,0,0,0,0,0,286,0,0,0,0,0,0,0,0,0,0,1,0,1,3,3,1,31000
1500,73346,0,0,5,177,0,0,0,0,0,0,0,0,0,0,288,0,0,0,0,0,0,0,0,0,0,1,0,1,3,3,1,31000
1501,73347,0,0,5,177,0,0,0,0,0,0,0,0,0,0,290,0,0,0,0,0,0,0,0,0,0,1,0,1,3,3,1,31000
1502,73348,0,0,5,177,0,0,0,0,0,0,0,0,0,0,293,0,0,0,0,0,0,0,0,0,0,1,0,1,3,3,1,32000
1503,73349,0,0,5,177,0,0,0,0,0,0,0,0,0,0,295,0,0,0,0,0,0,0,0,0,0,1,0,1,3,3,1,32000
1504,73350,0,0,5,177,0,0,0,0,0,0,0,0,0,0,297,0,0,0,0,0,0,0,0,0,0,1,0,1,3,3,1,32000
1505,73351,0,0,5,177,0,0,0,0,0,0,0,0,0,0,299,0,0,0,0,0,0,0,0,0,0,1,0,1,3,3,1,33000
1506,73352,0,0,5,177,0,0,0,0,0,0,0,0,0,0,301,0,0,0,0,0,0,0,0,0,0,1,0,1,3,3,1,33000
1507,73353,0,0,5,185,0,0,0,0,0,0,0,0,0,0,297,0,0,0,0,0,0,0,0,0,0,1,0,1,3,3,1,0
1508,73354,0,0,5,185,0,0,0,0,0,0,0,0,0,0,299,0,0,0,0,0,0,0,0,0,0,1,0,1,3,3,1,0
1509,73355,0,0,5,185,0,0,0,0,0,0,0,0,0,0,301,0,0,0,0,0,0,0,0,0,0,1,0,1,3,3,1,0
1510,73356,0,0,5,185,0,0,0,0,0,0,0,0,0,0,303,0,0,0,0,0,0,0,0,0,0,1,0,1,3,3,1,31000
1511,73357,0,0,5,185,0,0,0,0,0,0,0,0,0,0,306,0,0,0,0,0,0,0,0,0,0,1,0,1,3,3,1,31000
1512,73358,0,0,5,185,0,0,0,0,0,0,0,0,0,0,308,0,0,0,0,0,0,0,0,0,0,1,0,1,3,3,1,31000
1513,73359,0,0,5,185,0,0,0,0,0,0,0,0,0,0,310,0,0,0,0,0,0,0,0,0,0,1,0,1,3,3,1,32000
1514,73360,0,0,5,185,0,0,0,0,0,0,0,0,0,0,312,0,0,0,0,0,0,0,0,0,0,1,0,1,3,3,1,32000
1515,73361,0,0,5,185,0,0,0,0,0,0,0,0,0,0,314,0,0,0,0,0,0,0,0,0,0,1,0,1,3,3,1,32000
1516,73362,0,0,5,185,0,0,0,0,0,0,0,0,0,0,316,0,0,0,0,0,0,0,0,0,0,1,0,1,3,3,1,33000
1517,73363,0,0,5,185,0,0,0,0,0,0,0,0,0,0,319,0,0,0,0,0,0,0,0,0,0,1,0,1,3,3,1,33000
1518,73364,0,0,5,193,0,0,0,0,0,0,0,0,0,0,314,0,0,0,0,0,0,0,0,0,0,1,0,1,3,3,1,0
1519,73365,0,0,5,193,0,0,0,0,0,0,0,0,0,0,316,0,0,0,0,0,0,0,0,0,0,1,0,1,3,3,1,0
1520,73366,0,0,5,193,0,0,0,0,0,0,0,0,0,0,319,0,0,0,0,0,0,0,0,0,0,1,0,1,3,3,1,0
1521,73367,0,0,5,193,0,0,0,0,0,0,0,0,0,0,321,0,0,0,0,0,0,0,0,0,0,1,0,1,3,3,1,31000
1522,73368,0,0,5,193,0,0,0,0,0,0,0,0,0,0,323,0,0,0,0,0,0,0,0,0,0,1,0,1,3,3,1,31000
1523,73369,0,0,5,193,0,0,0,0,0,0,0,0,0,0,325,0,0,0,0,0,0,0,0,0,0,1,0,1,3,3,1,31000
1524,73370,0,0,5,193,0,0,0,0,0,0,0,0,0,0,327,0,0,0,0,0,0,0,0,0,0,1,0,1,3,3,1,32000
1525,73371,0,0,6,193,0,0,0,0,0,0,0,0,0,0,329,0,0,0,0,0,0,0,0,0,0,1,0,1,3,3,1,32000
1526,73372,0,0,6,193,0,0,0,0,0,0,0,0,0,0,332,0,0,0,0,0,0,0,0,0,0,1,0,1,3,3,1,32000
1527,73373,0,0,6,193,0,0,0,0,0,0,0,0,0,0,334,0,0,0,0,0,0,0,0,0,0,1,0,1,3,3,1,33000
1528,73374,0,0,6,193,0,0,0,0,0,0,0,0,0,0,336,0,0,0,0,0,0,0,0,0,0,1,0,1,3,3,1,33000
1529,73375,0,0,6,201,0,0,0,0,0,0,0,0,0,0,332,0,0,0,0,0,0,0,0,0,0,1,0,1,3,3,1,0
1530,73376,0,0,6,201,0,0,0,0,0,0,0,0,0,0,334,0,0,0,0,0,0,0,0,0,0,1,0,1,3,3,1,0
1531,73377,0,0,6,201,0,0,0,0,0,0,0,0,0,0,336,0,0,0,0,0,0,0,0,0,0,1,0,1,3,3,1,0
1532,73378,0,0,6,201,0,0,0,0,0,0,0,0,0,0,338,0,0,0,0,0,0,0,0,0,0,1,0,1,3,3,1,31000
1533,73379,0,0,6,201,0,0,0,0,0,0,0,0,0,0,340,0,0,0,0,0,0,0,0,0,0,1,0,1,3,3,1,31000
1534,73380,0,0,6,201,0,0,0,0,0,0,0,0,0,0,342,0,0,0,0,0,0,0,0,0,0,1,0,1,3,3,1,31000
1535,73381,0,0,6,201,0,0,0,0,0,0,0,0,0,0,345,0,0,0,0,0,0,0,0,0,0,1,0,1,3,3,1,32000
1536,73382,0,0,6,201,0,0,0,0,0,0,0,0,0,0,347,0,0,0,0,0,0,0,0,0,0,1,0,1,3,3,1,32000
1537,73383,0,0,6,201,0,0,0,0,0,0,0,0,0,0,349,0,0,0,0,0,0,0,0,0,0,1,0,1,3,3,1,32000
1538,73384,0,0,6,201,0,0,0,0,0,0,0,0,0,0,351,0,0,0,0,0,0,0,0,0,0,1,0,1,3,3,1,33000
1539,73385,0,0,6,201,0,0,0,0,0,0,0,0,0,0,353,0,0,0,0,0,0,0,0,0,0,1,0,1,3,3,1,33000
1540,73386,0,0,6,209,0,0,0,0,0,0,0,0,0,0,349,0,0,0,0,0,0,0,0,0,0,1,0,1,3,3,1,0
1541,73387,0,0,6,209,0,0,0,0,0,0,0,0,0,0,351,0,0,0,0,0,0,0,0,0,0,1,0,1,3,3,1,0
1542,73388,0,0,6,209,0,0,0,0,0,0,0,0,0,0,353,0,0,0,0,0,0,0,0,0,0,1,0,1,3,3,1,0
1543,73389,0,0,6,209,0,0,0,0,0,0,0,0,0,0,355,0,0,0,0,0,0,0,0,0,0,1,0,1,3,3,1,31000
1544,73390,0,0,6,209,0,0,0,0,0,0,0,0,0,0,358,0,0,0,0,0,0,0,0,0,0,1,0,1,3,3,1,31000
1545,73391,0,0,6,209,0,0,0,0,0,0,0,0,0,0,360,0,0,0,0,0,0,0,0,0,0,1,0,1,3,3,1,31000
1546,73392,0,0,6,209,0,0,0,0,0,0,0,0,0,0,362,0,0,0,0,0,0,0,0,0,0,1,0,1,3,3,1,32000
1547,73393,0,0,6,209,0,0,0,0,0,0,0,0,0,0,364,0,0,0,0,0,0,0,0,0,0,1,0,1,3,3,1,32000
1548,73394,0,0,6,209,0,0,0,0,0,0,0,0,0,0,366,0,0,0,0,0,0,0,0,0,0,1,0,1,3,3,1,32000
1549,73395,0,0,6,209,0,0,0,0,0,0,0,0,0,0,368,0,0,0,0,0,0,0,0,0,0,1,0,1,3,3,1,33000
1550,73396,0,0,6,209,0,0,0,0,0,0,0,0,0,0,371,0,0,0,0,0,0,0,0,0,0,1,0,1,3,3,1,33000
1551,73397,0,0,6,217,0,0,0,0,0,0,0,0,0,0,366,0,0,0,0,0,0,0,0,0,0,1,0,1,3,3,1,0
1552,73398,0,0,6,217,0,0,0,0,0,0,0,0,0,0,368,0,0,0,0,0,0,0,0,0,0,1,0,1,3,3,1,0
1553,73399,0,0,6,217,0,0,0,0,0,0,0,0,0,0,371,0,0,0,0,0,0,0,0,0,0,1,0,1,3,3,1,0
1554,73400,0,0,6,217,0,0,0,0,0,0,0,0,0,0,373,0,0,0,0,0,0,0,0,0,0,1,0,1,3,3,1,31000
1555,73401,0,0,6,217,0,0,0,0,0,0,0,0,0,0,375,0,0,0,0,0,0,0,0,0,0,1,0,1,3,3,1,31000
1556,73402,0,0,6,217,0,0,0,0,0,0,0,0,0,0,377,0,0,0,0,0,0,0,0,0,0,1,0,1,3,3,1,31000
1557,73403,0,0,6,217,0,0,0,0,0,0,0,0,0,0,379,0,0,0,0,0,0,0,0,0,0,1,0,1,3,3,1,32000
1558,73404,0,0,6,217,0,0,0,0,0,0,0,0,0,0,381,0,0,0,0,0,0,0,0,0,0,1,0,1,3,3,1,32000
1559,73405,0,0,6,217,0,0,0,0,0,0,0,0,0,0,384,0,0,0,0,0,0,0,0,0,0,1,0,1,3,3,1,32000
1560,73406,0,0,6,217,0,0,0,0,0,0,0,0,0,0,386,0,0,0,0,0,0,0,0,0,0,1,0,1,3,3,1,33000
1561,73407,0,0,6,217,0,0,0,0,0,0,0,0,0,0,388,0,0,0,0,0,0,0,0,0,0,1,0,1,3,3,1,33000
1562,73408,0,0,6,225,0,0,0,0,0,0,0,0,0,0,384,0,0,0,0,0,0,0,0,0,0,1,0,1,3,3,1,0
1563,73409,0,0,6,225,0,0,0,0,0,0,0,0,0,0,386,0,0,0,0,0,0,0,0,0,0,1,0,1,3,3,1,0
1564,73410,0,0,6,225,0,0,0,0,0,0,0,0,0,0,388,0,0,0,0,0,0,0,0,0,0,1,0,1,3,3,1,0
1565,73411,0,0,6,225,0,0,0,0,0,0,0,0,0,0,390,0,0,0,0,0,0,0,0,0,0,1,0,1,3,3,1,31000
1566,73412,0,0,6,225,0,0,0,0,0,0,0,0,0,0,392,0,0,0,0,0,0,0,0,0,0,1,0,1,3,3,1,31000
1567,73413,0,0,6,225,0,0,0,0,0,0,0,0,0,0,394,0,0,0,0,0,0,0,0,0,0,1,0,1,3,3,1,31000
1568,73414,0,0,6,225,0,0,0,0,0,0,0,0,0,0,397,0,0,0,0,0,0,0,0,0,0,1,0,1,3,3,1,32000
1569,73415,0,0,6,225,0,0,0,0,0,0,0,0,0,0,399,0,0,0,0,0,0,0,0,0,0,1,0,1,3,3,1,32000
1570,73416,0,0,6,225,0,0,0,0,0,0,0,0,0,0,401,0,0,0,0,0,0,0,0,0,0,1,0,1,3,3,1,32000
1571,73417,0,0,6,225,0,0,0,0,0,0,0,0,0,0,403,0,0,0,0,0,0,0,0,0,0,1,0,1,3,3,1,33000
1572,73418,0,0,6,225,0,0,0,0,0,0,0,0,0,0,405,0,0,0,0,0,0,0,0,0,0,1,0,1,3,3,1,33000
1573,73419,0,0,6,233,0,0,0,0,0,0,0,0,0,0,401,0,0,0,0,0,0,0,0,0,0,1,0,1,3,3,1,0
1574,73420,0,0,6,233,0,0,0,0,0,0,0,0,0,0,403,0,0,0,0,0,0,0,0,0,0,1,0,1,3,3,1,0
1575,73421,0,0,6,233,0,0,0,0,0,0,0,0,0,0,405,0,0,0,0,0,0,0,0,0,0,1,0,1,3,3,1,0
1576,73422,0,0,6,233,0,0,0,0,0,0,0,0,0,0,407,0,0,0,0,0,0,0,0,0,0,1,0,1,3,3,1,31000
1577,73423,0,0,6,233,0,0,0,0,0,0,0,0,0,0,409,0,0,0,0,0,0,0,0,0,0,1,0,1,3,3,1,31000
1578,73424,0,0,6,233,0,0,0,0,0,0,0,0,0,0,412,0,0,0,0,0,0,0,0,0,0,1,0,1,3,3,1,31000
1579,73425,0,0,6,233,0,0,0,0,0,0,0,0,0,0,414,0,0,0,0,0,0,0,0,0,0,1,0,1,3,3,1,32000
1580,73426,0,0,6,233,0,0,0,0,0,0,0,0,0,0,416,0,0,0,0,0,0,0,0,0,0,1,0,1,3,3,1,32000
1581,74100,0,0,1,1,0,0,0,0,0,0,0,0,0,0,1,0,0,0,0,0,0,0,0,0,0,1,0,1,3,4,4,0
1582,74101,0,0,1,1,0,0,0,0,0,0,0,0,0,0,2,0,0,0,0,0,0,0,0,0,0,1,0,1,3,4,4,0
1583,74102,0,0,1,1,0,0,0,0,0,0,0,0,0,0,3,0,0,0,0,0,0,0,0,0,0,1,0,1,3,4,4,0
1584,74103,0,0,1,1,0,0,0,0,0,0,0,0,0,0,5,0,0,0,0,0,0,0,0,0,0,1,0,1,3,4,4,41000
1585,74104,0,0,1,1,0,0,0,0,0,0,0,0,0,0,6,0,0,0,0,0,0,0,0,0,0,1,0,1,3,4,4,41000
1586,74105,0,0,1,1,0,0,0,0,0,0,0,0,0,0,7,0,0,0,0,0,0,0,0,0,0,1,0,1,3,4,4,41000
1587,74106,0,0,1,1,0,0,0,0,0,0,0,0,0,0,8,0,0,0,0,0,0,0,0,0,0,1,0,1,3,4,4,42000
1588,74107,0,0,1,1,0,0,0,0,0,0,0,0,0,0,9,0,0,0,0,0,0,0,0,0,0,1,0,1,3,4,4,42000
1589,74108,0,0,1,1,0,0,0,0,0,0,0,0,0,0,10,0,0,0,0,0,0,0,0,0,0,1,0,1,3,4,4,42000
1590,74109,0,0,1,1,0,0,0,0,0,0,0,0,0,0,11,0,0,0,0,0,0,0,0,0,0,1,0,1,3,4,4,43000
1591,74110,0,0,1,1,0,0,0,0,0,0,0,0,0,0,13,0,0,0,0,0,0,0,0,0,0,1,0,1,3,4,4,43000
1592,74111,0,0,1,9,0,0,0,0,0,0,0,0,0,0,10,0,0,0,0,0,0,0,0,0,0,1,0,1,3,4,4,0
1593,74112,0,0,1,9,0,0,0,0,0,0,0,0,0,0,11,0,0,0,0,0,0,0,0,0,0,1,0,1,3,4,4,0
1594,74113,0,0,1,9,0,0,0,0,0,0,0,0,0,0,13,0,0,0,0,0,0,0,0,0,0,1,0,1,3,4,4,0
1595,74114,0,0,1,9,0,0,0,0,0,0,0,0,0,0,14,0,0,0,0,0,0,0,0,0,0,1,0,1,3,4,4,41000
1596,74115,0,0,1,9,0,0,0,0,0,0,0,0,0,0,15,0,0,0,0,0,0,0,0,0,0,1,0,1,3,4,4,41000
1597,74116,0,0,1,9,0,0,0,0,0,0,0,0,0,0,16,0,0,0,0,0,0,0,0,0,0,1,0,1,3,4,4,41000
1598,74117,0,0,1,9,0,0,0,0,0,0,0,0,0,0,17,0,0,0,0,0,0,0,0,0,0,1,0,1,3,4,4,42000
1599,74118,0,0,1,9,0,0,0,0,0,0,0,0,0,0,18,0,0,0,0,0,0,0,0,0,0,1,0,1,3,4,4,42000
1600,74119,0,0,1,9,0,0,0,0,0,0,0,0,0,0,19,0,0,0,0,0,0,0,0,0,0,1,0,1,3,4,4,42000
1601,74120,0,0,1,9,0,0,0,0,0,0,0,0,0,0,20,0,0,0,0,0,0,0,0,0,0,1,0,1,3,4,4,43000
1602,74121,0,0,1,9,0,0,0,0,0,0,0,0,0,0,22,0,0,0,0,0,0,0,0,0,0,1,0,1,3,4,4,43000
1603,74122,0,0,1,17,0,0,0,0,0,0,0,0,0,0,19,0,0,0,0,0,0,0,0,0,0,1,0,1,3,4,4,0
1604,74123,0,0,1,17,0,0,0,0,0,0,0,0,0,0,20,0,0,0,0,0,0,0,0,0,0,1,0,1,3,4,4,0
1605,74124,0,0,1,17,0,0,0,0,0,0,0,0,0,0,22,0,0,0,0,0,0,0,0,0,0,1,0,1,3,4,4,0
1606,74125,0,0,1,17,0,0,0,0,0,0,0,0,0,0,23,0,0,0,0,0,0,0,0,0,0,1,0,1,3,4,4,41000
1607,74126,0,0,1,17,0,0,0,0,0,0,0,0,0,0,24,0,0,0,0,0,0,0,0,0,0,1,0,1,3,4,4,41000
1608,74127,0,0,1,17,0,0,0,0,0,0,0,0,0,0,25,0,0,0,0,0,0,0,0,0,0,1,0,1,3,4,4,41000
1609,74128,0,0,1,17,0,0,0,0,0,0,0,0,0,0,26,0,0,0,0,0,0,0,0,0,0,1,0,1,3,4,4,42000
1610,74129,0,0,1,17,0,0,0,0,0,0,0,0,0,0,27,0,0,0,0,0,0,0,0,0,0,1,0,1,3,4,4,42000
1611,74130,0,0,1,17,0,0,0,0,0,0,0,0,0,0,28,0,0,0,0,0,0,0,0,0,0,1,0,1,3,4,4,42000
1612,74131,0,0,1,17,0,0,0,0,0,0,0,0,0,0,30,0,0,0,0,0,0,0,0,0,0,1,0,1,3,4,4,43000
1613,74132,0,0,1,17,0,0,0,0,0,0,0,0,0,0,31,0,0,0,0,0,0,0,0,0,0,1,0,1,3,4,4,43000
1614,74133,0,0,1,25,0,0,0,0,0,0,0,0,0,0,28,0,0,0,0,0,0,0,0,0,0,1,0,1,3,4,4,0
1615,74134,0,0,1,25,0,0,0,0,0,0,0,0,0,0,30,0,0,0,0,0,0,0,0,0,0,1,0,1,3,4,4,0
1616,74135,0,0,1,25,0,0,0,0,0,0,0,0,0,0,31,0,0,0,0,0,0,0,0,0,0,1,0,1,3,4,4,0
1617,74136,0,0,1,25,0,0,0,0,0,0,0,0,0,0,32,0,0,0,0,0,0,0,0,0,0,1,0,1,3,4,4,41000
1618,74137,0,0,1,25,0,0,0,0,0,0,0,0,0,0,33,0,0,0,0,0,0,0,0,0,0,1,0,1,3,4,4,41000
1619,74138,0,0,1,25,0,0,0,0,0,0,0,0,0,0,34,0,0,0,0,0,0,0,0,0,0,1,0,1,3,4,4,41000
1620,74139,0,0,1,25,0,0,0,0,0,0,0,0,0,0,35,0,0,0,0,0,0,0,0,0,0,1,0,1,3,4,4,42000
1621,74140,0,0,1,25,0,0,0,0,0,0,0,0,0,0,36,0,0,0,0,0,0,0,0,0,0,1,0,1,3,4,4,42000
1622,74141,0,0,1,25,0,0,0,0,0,0,0,0,0,0,38,0,0,0,0,0,0,0,0,0,0,1,0,1,3,4,4,42000
1623,74142,0,0,1,25,0,0,0,0,0,0,0,0,0,0,39,0,0,0,0,0,0,0,0,0,0,1,0,1,3,4,4,43000
1624,74143,0,0,1,25,0,0,0,0,0,0,0,0,0,0,40,0,0,0,0,0,0,0,0,0,0,1,0,1,3,4,4,43000
1625,74144,0,0,2,33,0,0,0,0,0,0,0,0,0,0,38,0,0,0,0,0,0,0,0,0,0,1,0,1,3,4,4,0
1626,74145,0,0,2,33,0,0,0,0,0,0,0,0,0,0,39,0,0,0,0,0,0,0,0,0,0,1,0,1,3,4,4,0
1627,74146,0,0,2,33,0,0,0,0,0,0,0,0,0,0,40,0,0,0,0,0,0,0,0,0,0,1,0,1,3,4,4,0
1628,74147,0,0,2,33,0,0,0,0,0,0,0,0,0,0,41,0,0,0,0,0,0,0,0,0,0,1,0,1,3,4,4,41000
1629,74148,0,0,2,33,0,0,0,0,0,0,0,0,0,0,42,0,0,0,0,0,0,0,0,0,0,1,0,1,3,4,4,41000
1630,74149,0,0,2,33,0,0,0,0,0,0,0,0,0,0,43,0,0,0,0,0,0,0,0,0,0,1,0,1,3,4,4,41000
1631,74150,0,0,2,33,0,0,0,0,0,0,0,0,0,0,44,0,0,0,0,0,0,0,0,0,0,1,0,1,3,4,4,42000
1632,74151,0,0,2,33,0,0,0,0,0,0,0,0,0,0,46,0,0,0,0,0,0,0,0,0,0,1,0,1,3,4,4,42000
1633,74152,0,0,2,33,0,0,0,0,0,0,0,0,0,0,47,0,0,0,0,0,0,0,0,0,0,1,0,1,3,4,4,42000
1634,74153,0,0,2,33,0,0,0,0,0,0,0,0,0,0,48,0,0,0,0,0,0,0,0,0,0,1,0,1,3,4,4,43000
1635,74154,0,0,2,33,0,0,0,0,0,0,0,0,0,0,49,0,0,0,0,0,0,0,0,0,0,1,0,1,3,4,4,43000
1636,74155,0,0,2,41,0,0,0,0,0,0,0,0,0,0,47,0,0,0,0,0,0,0,0,0,0,1,0,1,3,4,4,0
1637,74156,0,0,2,41,0,0,0,0,0,0,0,0,0,0,48,0,0,0,0,0,0,0,0,0,0,1,0,1,3,4,4,0
1638,74157,0,0,2,41,0,0,0,0,0,0,0,0,0,0,49,0,0,0,0,0,0,0,0,0,0,1,0,1,3,4,4,0
1639,74158,0,0,2,41,0,0,0,0,0,0,0,0,0,0,50,0,0,0,0,0,0,0,0,0,0,1,0,1,3,4,4,41000
1640,74159,0,0,2,41,0,0,0,0,0,0,0,0,0,0,51,0,0,0,0,0,0,0,0,0,0,1,0,1,3,4,4,41000
1641,74160,0,0,2,41,0,0,0,0,0,0,0,0,0,0,52,0,0,0,0,0,0,0,0,0,0,1,0,1,3,4,4,41000
1642,74161,0,0,2,41,0,0,0,0,0,0,0,0,0,0,53,0,0,0,0,0,0,0,0,0,0,1,0,1,3,4,4,42000
1643,74162,0,0,2,41,0,0,0,0,0,0,0,0,0,0,55,0,0,0,0,0,0,0,0,0,0,1,0,1,3,4,4,42000
1644,74163,0,0,2,41,0,0,0,0,0,0,0,0,0,0,56,0,0,0,0,0,0,0,0,0,0,1,0,1,3,4,4,42000
1645,74164,0,0,2,41,0,0,0,0,0,0,0,0,0,0,57,0,0,0,0,0,0,0,0,0,0,1,0,1,3,4,4,43000
1646,74165,0,0,2,41,0,0,0,0,0,0,0,0,0,0,58,0,0,0,0,0,0,0,0,0,0,1,0,1,3,4,4,43000
1647,74166,0,0,2,49,0,0,0,0,0,0,0,0,0,0,56,0,0,0,0,0,0,0,0,0,0,1,0,1,3,4,4,0
1648,74167,0,0,2,49,0,0,0,0,0,0,0,0,0,0,57,0,0,0,0,0,0,0,0,0,0,1,0,1,3,4,4,0
1649,74168,0,0,2,49,0,0,0,0,0,0,0,0,0,0,58,0,0,0,0,0,0,0,0,0,0,1,0,1,3,4,4,0
1650,74169,0,0,2,49,0,0,0,0,0,0,0,0,0,0,59,0,0,0,0,0,0,0,0,0,0,1,0,1,3,4,4,41000
1651,74170,0,0,2,49,0,0,0,0,0,0,0,0,0,0,60,0,0,0,0,0,0,0,0,0,0,1,0,1,3,4,4,41000
1652,74171,0,0,2,49,0,0,0,0,0,0,0,0,0,0,61,0,0,0,0,0,0,0,0,0,0,1,0,1,3,4,4,41000
1653,74172,0,0,2,49,0,0,0,0,0,0,0,0,0,0,63,0,0,0,0,0,0,0,0,0,0,1,0,1,3,4,4,42000
1654,74173,0,0,2,49,0,0,0,0,0,0,0,0,0,0,64,0,0,0,0,0,0,0,0,0,0,1,0,1,3,4,4,42000
1655,74174,0,0,2,49,0,0,0,0,0,0,0,0,0,0,65,0,0,0,0,0,0,0,0,0,0,1,0,1,3,4,4,42000
1656,74175,0,0,2,49,0,0,0,0,0,0,0,0,0,0,66,0,0,0,0,0,0,0,0,0,0,1,0,1,3,4,4,43000
1657,74176,0,0,2,49,0,0,0,0,0,0,0,0,0,0,67,0,0,0,0,0,0,0,0,0,0,1,0,1,3,4,4,43000
1658,74177,0,0,2,57,0,0,0,0,0,0,0,0,0,0,65,0,0,0,0,0,0,0,0,0,0,1,0,1,3,4,4,0
1659,74178,0,0,2,57,0,0,0,0,0,0,0,0,0,0,66,0,0,0,0,0,0,0,0,0,0,1,0,1,3,4,4,0
1660,74179,0,0,2,57,0,0,0,0,0,0,0,0,0,0,67,0,0,0,0,0,0,0,0,0,0,1,0,1,3,4,4,0
1661,74180,0,0,2,57,0,0,0,0,0,0,0,0,0,0,68,0,0,0,0,0,0,0,0,0,0,1,0,1,3,4,4,41000
1662,74181,0,0,2,57,0,0,0,0,0,0,0,0,0,0,70,0,0,0,0,0,0,0,0,0,0,1,0,1,3,4,4,41000
1663,74182,0,0,2,57,0,0,0,0,0,0,0,0,0,0,71,0,0,0,0,0,0,0,0,0,0,1,0,1,3,4,4,41000
1664,74183,0,0,2,57,0,0,0,0,0,0,0,0,0,0,73,0,0,0,0,0,0,0,0,0,0,1,0,1,3,4,4,42000
1665,74184,0,0,2,57,0,0,0,0,0,0,0,0,0,0,74,0,0,0,0,0,0,0,0,0,0,1,0,1,3,4,4,42000
1666,74185,0,0,2,57,0,0,0,0,0,0,0,0,0,0,76,0,0,0,0,0,0,0,0,0,0,1,0,1,3,4,4,42000
1667,74186,0,0,2,57,0,0,0,0,0,0,0,0,0,0,77,0,0,0,0,0,0,0,0,0,0,1,0,1,3,4,4,43000
1668,74187,0,0,2,57,0,0,0,0,0,0,0,0,0,0,79,0,0,0,0,0,0,0,0,0,0,1,0,1,3,4,4,43000
1669,74188,0,0,3,65,0,0,0,0,0,0,0,0,0,0,76,0,0,0,0,0,0,0,0,0,0,1,0,1,3,4,4,0
1670,74189,0,0,3,65,0,0,0,0,0,0,0,0,0,0,77,0,0,0,0,0,0,0,0,0,0,1,0,1,3,4,4,0
1671,74190,0,0,3,65,0,0,0,0,0,0,0,0,0,0,79,0,0,0,0,0,0,0,0,0,0,1,0,1,3,4,4,0
1672,74191,0,0,3,65,0,0,0,0,0,0,0,0,0,0,80,0,0,0,0,0,0,0,0,0,0,1,0,1,3,4,4,41000
1673,74192,0,0,3,65,0,0,0,0,0,0,0,0,0,0,82,0,0,0,0,0,0,0,0,0,0,1,0,1,3,4,4,41000
1674,74193,0,0,3,65,0,0,0,0,0,0,0,0,0,0,83,0,0,0,0,0,0,0,0,0,0,1,0,1,3,4,4,41000
1675,74194,0,0,3,65,0,0,0,0,0,0,0,0,0,0,85,0,0,0,0,0,0,0,0,0,0,1,0,1,3,4,4,42000
1676,74195,0,0,3,65,0,0,0,0,0,0,0,0,0,0,86,0,0,0,0,0,0,0,0,0,0,1,0,1,3,4,4,42000
1677,74196,0,0,3,65,0,0,0,0,0,0,0,0,0,0,88,0,0,0,0,0,0,0,0,0,0,1,0,1,3,4,4,42000
1678,74197,0,0,3,65,0,0,0,0,0,0,0,0,0,0,89,0,0,0,0,0,0,0,0,0,0,1,0,1,3,4,4,43000
1679,74198,0,0,3,65,0,0,0,0,0,0,0,0,0,0,91,0,0,0,0,0,0,0,0,0,0,1,0,1,3,4,4,43000
1680,74199,0,0,3,73,0,0,0,0,0,0,0,0,0,0,88,0,0,0,0,0,0,0,0,0,0,1,0,1,3,4,4,0
1681,74200,0,0,3,73,0,0,0,0,0,0,0,0,0,0,89,0,0,0,0,0,0,0,0,0,0,1,0,1,3,4,4,0
1682,74201,0,0,3,73,0,0,0,0,0,0,0,0,0,0,91,0,0,0,0,0,0,0,0,0,0,1,0,1,3,4,4,0
1683,74202,0,0,3,73,0,0,0,0,0,0,0,0,0,0,93,0,0,0,0,0,0,0,0,0,0,1,0,1,3,4,4,41000
1684,74203,0,0,3,73,0,0,0,0,0,0,0,0,0,0,94,0,0,0,0,0,0,0,0,0,0,1,0,1,3,4,4,41000
1685,74204,0,0,3,73,0,0,0,0,0,0,0,0,0,0,96,0,0,0,0,0,0,0,0,0,0,1,0,1,3,4,4,41000
1686,74205,0,0,3,73,0,0,0,0,0,0,0,0,0,0,97,0,0,0,0,0,0,0,0,0,0,1,0,1,3,4,4,42000
1687,74206,0,0,3,73,0,0,0,0,0,0,0,0,0,0,99,0,0,0,0,0,0,0,0,0,0,1,0,1,3,4,4,42000
1688,74207,0,0,3,73,0,0,0,0,0,0,0,0,0,0,100,0,0,0,0,0,0,0,0,0,0,1,0,1,3,4,4,42000
1689,74208,0,0,3,73,0,0,0,0,0,0,0,0,0,0,102,0,0,0,0,0,0,0,0,0,0,1,0,1,3,4,4,43000
1690,74209,0,0,3,73,0,0,0,0,0,0,0,0,0,0,103,0,0,0,0,0,0,0,0,0,0,1,0,1,3,4,4,43000
1691,74210,0,0,3,81,0,0,0,0,0,0,0,0,0,0,100,0,0,0,0,0,0,0,0,0,0,1,0,1,3,4,4,0
1692,74211,0,0,3,81,0,0,0,0,0,0,0,0,0,0,102,0,0,0,0,0,0,0,0,0,0,1,0,1,3,4,4,0
1693,74212,0,0,3,81,0,0,0,0,0,0,0,0,0,0,103,0,0,0,0,0,0,0,0,0,0,1,0,1,3,4,4,0
1694,74213,0,0,3,81,0,0,0,0,0,0,0,0,0,0,105,0,0,0,0,0,0,0,0,0,0,1,0,1,3,4,4,41000
1695,74214,0,0,3,81,0,0,0,0,0,0,0,0,0,0,106,0,0,0,0,0,0,0,0,0,0,1,0,1,3,4,4,41000
1696,74215,0,0,3,81,0,0,0,0,0,0,0,0,0,0,108,0,0,0,0,0,0,0,0,0,0,1,0,1,3,4,4,41000
1697,74216,0,0,3,81,0,0,0,0,0,0,0,0,0,0,109,0,0,0,0,0,0,0,0,0,0,1,0,1,3,4,4,42000
1698,74217,0,0,3,81,0,0,0,0,0,0,0,0,0,0,111,0,0,0,0,0,0,0,0,0,0,1,0,1,3,4,4,42000
1699,74218,0,0,3,81,0,0,0,0,0,0,0,0,0,0,112,0,0,0,0,0,0,0,0,0,0,1,0,1,3,4,4,42000
1700,74219,0,0,3,81,0,0,0,0,0,0,0,0,0,0,114,0,0,0,0,0,0,0,0,0,0,1,0,1,3,4,4,43000
1701,74220,0,0,3,81,0,0,0,0,0,0,0,0,0,0,115,0,0,0,0,0,0,0,0,0,0,1,0,1,3,4,4,43000
1702,74221,0,0,3,89,0,0,0,0,0,0,0,0,0,0,112,0,0,0,0,0,0,0,0,0,0,1,0,1,3,4,4,0
1703,74222,0,0,3,89,0,0,0,0,0,0,0,0,0,0,114,0,0,0,0,0,0,0,0,0,0,1,0,1,3,4,4,0
1704,74223,0,0,3,89,0,0,0,0,0,0,0,0,0,0,115,0,0,0,0,0,0,0,0,0,0,1,0,1,3,4,4,0
1705,74224,0,0,3,89,0,0,0,0,0,0,0,0,0,0,117,0,0,0,0,0,0,0,0,0,0,1,0,1,3,4,4,41000
1706,74225,0,0,3,89,0,0,0,0,0,0,0,0,0,0,118,0,0,0,0,0,0,0,0,0,0,1,0,1,3,4,4,41000
1707,74226,0,0,3,89,0,0,0,0,0,0,0,0,0,0,120,0,0,0,0,0,0,0,0,0,0,1,0,1,3,4,4,41000
1708,74227,0,0,3,89,0,0,0,0,0,0,0,0,0,0,121,0,0,0,0,0,0,0,0,0,0,1,0,1,3,4,4,42000
1709,74228,0,0,3,89,0,0,0,0,0,0,0,0,0,0,123,0,0,0,0,0,0,0,0,0,0,1,0,1,3,4,4,42000
1710,74229,0,0,3,89,0,0,0,0,0,0,0,0,0,0,124,0,0,0,0,0,0,0,0,0,0,1,0,1,3,4,4,42000
1711,74230,0,0,3,89,0,0,0,0,0,0,0,0,0,0,126,0,0,0,0,0,0,0,0,0,0,1,0,1,3,4,4,43000
1712,74231,0,0,3,89,0,0,0,0,0,0,0,0,0,0,127,0,0,0,0,0,0,0,0,0,0,1,0,1,3,4,4,43000
1713,74232,0,0,4,97,0,0,0,0,0,0,0,0,0,0,124,0,0,0,0,0,0,0,0,0,0,1,0,1,3,4,4,0
1714,74233,0,0,4,97,0,0,0,0,0,0,0,0,0,0,126,0,0,0,0,0,0,0,0,0,0,1,0,1,3,4,4,0
1715,74234,0,0,4,97,0,0,0,0,0,0,0,0,0,0,127,0,0,0,0,0,0,0,0,0,0,1,0,1,3,4,4,0
1716,74235,0,0,4,97,0,0,0,0,0,0,0,0,0,0,129,0,0,0,0,0,0,0,0,0,0,1,0,1,3,4,4,41000
1717,74236,0,0,4,97,0,0,0,0,0,0,0,0,0,0,130,0,0,0,0,0,0,0,0,0,0,1,0,1,3,4,4,41000
1718,74237,0,0,4,97,0,0,0,0,0,0,0,0,0,0,132,0,0,0,0,0,0,0,0,0,0,1,0,1,3,4,4,41000
1719,74238,0,0,4,97,0,0,0,0,0,0,0,0,0,0,133,0,0,0,0,0,0,0,0,0,0,1,0,1,3,4,4,42000
1720,74239,0,0,4,97,0,0,0,0,0,0,0,0,0,0,135,0,0,0,0,0,0,0,0,0,0,1,0,1,3,4,4,42000
1721,74240,0,0,4,97,0,0,0,0,0,0,0,0,0,0,137,0,0,0,0,0,0,0,0,0,0,1,0,1,3,4,4,42000
1722,74241,0,0,4,97,0,0,0,0,0,0,0,0,0,0,138,0,0,0,0,0,0,0,0,0,0,1,0,1,3,4,4,43000
1723,74242,0,0,4,97,0,0,0,0,0,0,0,0,0,0,140,0,0,0,0,0,0,0,0,0,0,1,0,1,3,4,4,43000
1724,74243,0,0,4,105,0,0,0,0,0,0,0,0,0,0,137,0,0,0,0,0,0,0,0,0,0,1,0,1,3,4,4,0
1725,74244,0,0,4,105,0,0,0,0,0,0,0,0,0,0,138,0,0,0,0,0,0,0,0,0,0,1,0,1,3,4,4,0
1726,74245,0,0,4,105,0,0,0,0,0,0,0,0,0,0,140,0,0,0,0,0,0,0,0,0,0,1,0,1,3,4,4,0
1727,74246,0,0,4,105,0,0,0,0,0,0,0,0,0,0,141,0,0,0,0,0,0,0,0,0,0,1,0,1,3,4,4,41000
1728,74247,0,0,4,105,0,0,0,0,0,0,0,0,0,0,143,0,0,0,0,0,0,0,0,0,0,1,0,1,3,4,4,41000
1729,74248,0,0,4,105,0,0,0,0,0,0,0,0,0,0,144,0,0,0,0,0,0,0,0,0,0,1,0,1,3,4,4,41000
1730,74249,0,0,4,105,0,0,0,0,0,0,0,0,0,0,146,0,0,0,0,0,0,0,0,0,0,1,0,1,3,4,4,42000
1731,74250,0,0,4,105,0,0,0,0,0,0,0,0,0,0,147,0,0,0,0,0,0,0,0,0,0,1,0,1,3,4,4,42000
1732,74251,0,0,4,105,0,0,0,0,0,0,0,0,0,0,149,0,0,0,0,0,0,0,0,0,0,1,0,1,3,4,4,42000
1733,74252,0,0,4,105,0,0,0,0,0,0,0,0,0,0,150,0,0,0,0,0,0,0,0,0,0,1,0,1,3,4,4,43000
1734,74253,0,0,4,105,0,0,0,0,0,0,0,0,0,0,152,0,0,0,0,0,0,0,0,0,0,1,0,1,3,4,4,43000
1735,74254,0,0,4,113,0,0,0,0,0,0,0,0,0,0,149,0,0,0,0,0,0,0,0,0,0,1,0,1,3,4,4,0
1736,74255,0,0,4,113,0,0,0,0,0,0,0,0,0,0,150,0,0,0,0,0,0,0,0,0,0,1,0,1,3,4,4,0
1737,74256,0,0,4,113,0,0,0,0,0,0,0,0,0,0,152,0,0,0,0,0,0,0,0,0,0,1,0,1,3,4,4,0
1738,74257,0,0,4,113,0,0,0,0,0,0,0,0,0,0,153,0,0,0,0,0,0,0,0,0,0,1,0,1,3,4,4,41000
1739,74258,0,0,4,113,0,0,0,0,0,0,0,0,0,0,155,0,0,0,0,0,0,0,0,0,0,1,0,1,3,4,4,41000
1740,74259,0,0,4,113,0,0,0,0,0,0,0,0,0,0,156,0,0,0,0,0,0,0,0,0,0,1,0,1,3,4,4,41000
1741,74260,0,0,4,113,0,0,0,0,0,0,0,0,0,0,158,0,0,0,0,0,0,0,0,0,0,1,0,1,3,4,4,42000
1742,74261,0,0,4,113,0,0,0,0,0,0,0,0,0,0,159,0,0,0,0,0,0,0,0,0,0,1,0,1,3,4,4,42000
1743,74262,0,0,4,113,0,0,0,0,0,0,0,0,0,0,161,0,0,0,0,0,0,0,0,0,0,1,0,1,3,4,4,42000
1744,74263,0,0,4,113,0,0,0,0,0,0,0,0,0,0,162,0,0,0,0,0,0,0,0,0,0,1,0,1,3,4,4,43000
1745,74264,0,0,4,113,0,0,0,0,0,0,0,0,0,0,164,0,0,0,0,0,0,0,0,0,0,1,0,1,3,4,4,43000
1746,74265,0,0,4,121,0,0,0,0,0,0,0,0,0,0,161,0,0,0,0,0,0,0,0,0,0,1,0,1,3,4,4,0
1747,74266,0,0,4,121,0,0,0,0,0,0,0,0,0,0,162,0,0,0,0,0,0,0,0,0,0,1,0,1,3,4,4,0
1748,74267,0,0,4,121,0,0,0,0,0,0,0,0,0,0,164,0,0,0,0,0,0,0,0,0,0,1,0,1,3,4,4,0
1749,74268,0,0,4,121,0,0,0,0,0,0,0,0,0,0,165,0,0,0,0,0,0,0,0,0,0,1,0,1,3,4,4,41000
1750,74269,0,0,4,121,0,0,0,0,0,0,0,0,0,0,167,0,0,0,0,0,0,0,0,0,0,1,0,1,3,4,4,41000
1751,74270,0,0,4,121,0,0,0,0,0,0,0,0,0,0,168,0,0,0,0,0,0,0,0,0,0,1,0,1,3,4,4,41000
1752,74271,0,0,4,121,0,0,0,0,0,0,0,0,0,0,170,0,0,0,0,0,0,0,0,0,0,1,0,1,3,4,4,42000
1753,74272,0,0,4,121,0,0,0,0,0,0,0,0,0,0,171,0,0,0,0,0,0,0,0,0,0,1,0,1,3,4,4,42000
1754,74273,0,0,4,121,0,0,0,0,0,0,0,0,0,0,173,0,0,0,0,0,0,0,0,0,0,1,0,1,3,4,4,42000
1755,74274,0,0,4,121,0,0,0,0,0,0,0,0,0,0,174,0,0,0,0,0,0,0,0,0,0,1,0,1,3,4,4,43000
1756,74275,0,0,4,121,0,0,0,0,0,0,0,0,0,0,176,0,0,0,0,0,0,0,0,0,0,1,0,1,3,4,4,43000
1757,74276,0,0,4,129,0,0,0,0,0,0,0,0,0,0,173,0,0,0,0,0,0,0,0,0,0,1,0,1,3,4,4,0
1758,74277,0,0,4,129,0,0,0,0,0,0,0,0,0,0,174,0,0,0,0,0,0,0,0,0,0,1,0,1,3,4,4,0
1759,74278,0,0,4,129,0,0,0,0,0,0,0,0,0,0,176,0,0,0,0,0,0,0,0,0,0,1,0,1,3,4,4,0
1760,74279,0,0,4,129,0,0,0,0,0,0,0,0,0,0,177,0,0,0,0,0,0,0,0,0,0,1,0,1,3,4,4,41000
1761,74280,0,0,4,129,0,0,0,0,0,0,0,0,0,0,179,0,0,0,0,0,0,0,0,0,0,1,0,1,3,4,4,41000
1762,74281,0,0,4,129,0,0,0,0,0,0,0,0,0,0,180,0,0,0,0,0,0,0,0,0,0,1,0,1,3,4,4,41000
1763,74282,0,0,4,129,0,0,0,0,0,0,0,0,0,0,182,0,0,0,0,0,0,0,0,0,0,1,0,1,3,4,4,42000
1764,74283,0,0,4,129,0,0,0,0,0,0,0,0,0,0,184,0,0,0,0,0,0,0,0,0,0,1,0,1,3,4,4,42000
1765,74284,0,0,4,129,0,0,0,0,0,0,0,0,0,0,185,0,0,0,0,0,0,0,0,0,0,1,0,1,3,4,4,42000
1766,74285,0,0,4,129,0,0,0,0,0,0,0,0,0,0,187,0,0,0,0,0,0,0,0,0,0,1,0,1,3,4,4,43000
1767,74286,0,0,4,129,0,0,0,0,0,0,0,0,0,0,188,0,0,0,0,0,0,0,0,0,0,1,0,1,3,4,4,43000
1768,74287,0,0,5,137,0,0,0,0,0,0,0,0,0,0,185,0,0,0,0,0,0,0,0,0,0,1,0,1,3,4,4,0
1769,74288,0,0,5,137,0,0,0,0,0,0,0,0,0,0,187,0,0,0,0,0,0,0,0,0,0,1,0,1,3,4,4,0
1770,74289,0,0,5,137,0,0,0,0,0,0,0,0,0,0,188,0,0,0,0,0,0,0,0,0,0,1,0,1,3,4,4,0
1771,74290,0,0,5,137,0,0,0,0,0,0,0,0,0,0,190,0,0,0,0,0,0,0,0,0,0,1,0,1,3,4,4,41000
1772,74291,0,0,5,137,0,0,0,0,0,0,0,0,0,0,191,0,0,0,0,0,0,0,0,0,0,1,0,1,3,4,4,41000
1773,74292,0,0,5,137,0,0,0,0,0,0,0,0,0,0,193,0,0,0,0,0,0,0,0,0,0,1,0,1,3,4,4,41000
1774,74293,0,0,5,137,0,0,0,0,0,0,0,0,0,0,194,0,0,0,0,0,0,0,0,0,0,1,0,1,3,4,4,42000
1775,74294,0,0,5,137,0,0,0,0,0,0,0,0,0,0,196,0,0,0,0,0,0,0,0,0,0,1,0,1,3,4,4,42000
1776,74295,0,0,5,137,0,0,0,0,0,0,0,0,0,0,197,0,0,0,0,0,0,0,0,0,0,1,0,1,3,4,4,42000
1777,74296,0,0,5,137,0,0,0,0,0,0,0,0,0,0,199,0,0,0,0,0,0,0,0,0,0,1,0,1,3,4,4,43000
1778,74297,0,0,5,137,0,0,0,0,0,0,0,0,0,0,200,0,0,0,0,0,0,0,0,0,0,1,0,1,3,4,4,43000
1779,74298,0,0,5,145,0,0,0,0,0,0,0,0,0,0,197,0,0,0,0,0,0,0,0,0,0,1,0,1,3,4,4,0
1780,74299,0,0,5,145,0,0,0,0,0,0,0,0,0,0,199,0,0,0,0,0,0,0,0,0,0,1,0,1,3,4,4,0
1781,74300,0,0,5,145,0,0,0,0,0,0,0,0,0,0,200,0,0,0,0,0,0,0,0,0,0,1,0,1,3,4,4,0
1782,74301,0,0,5,145,0,0,0,0,0,0,0,0,0,0,202,0,0,0,0,0,0,0,0,0,0,1,0,1,3,4,4,41000
1783,74302,0,0,5,145,0,0,0,0,0,0,0,0,0,0,203,0,0,0,0,0,0,0,0,0,0,1,0,1,3,4,4,41000
1784,74303,0,0,5,145,0,0,0,0,0,0,0,0,0,0,205,0,0,0,0,0,0,0,0,0,0,1,0,1,3,4,4,41000
1785,74304,0,0,5,145,0,0,0,0,0,0,0,0,0,0,206,0,0,0,0,0,0,0,0,0,0,1,0,1,3,4,4,42000
1786,74305,0,0,5,145,0,0,0,0,0,0,0,0,0,0,208,0,0,0,0,0,0,0,0,0,0,1,0,1,3,4,4,42000
1787,74306,0,0,5,145,0,0,0,0,0,0,0,0,0,0,209,0,0,0,0,0,0,0,0,0,0,1,0,1,3,4,4,42000
1788,74307,0,0,5,145,0,0,0,0,0,0,0,0,0,0,211,0,0,0,0,0,0,0,0,0,0,1,0,1,3,4,4,43000
1789,74308,0,0,5,145,0,0,0,0,0,0,0,0,0,0,212,0,0,0,0,0,0,0,0,0,0,1,0,1,3,4,4,43000
1790,74309,0,0,5,153,0,0,0,0,0,0,0,0,0,0,209,0,0,0,0,0,0,0,0,0,0,1,0,1,3,4,4,0
1791,74310,0,0,5,153,0,0,0,0,0,0,0,0,0,0,211,0,0,0,0,0,0,0,0,0,0,1,0,1,3,4,4,0
1792,74311,0,0,5,153,0,0,0,0,0,0,0,0,0,0,212,0,0,0,0,0,0,0,0,0,0,1,0,1,3,4,4,0
1793,74312,0,0,5,153,0,0,0,0,0,0,0,0,0,0,214,0,0,0,0,0,0,0,0,0,0,1,0,1,3,4,4,41000
1794,74313,0,0,5,153,0,0,0,0,0,0,0,0,0,0,215,0,0,0,0,0,0,0,0,0,0,1,0,1,3,4,4,41000
1795,74314,0,0,5,153,0,0,0,0,0,0,0,0,0,0,217,0,0,0,0,0,0,0,0,0,0,1,0,1,3,4,4,41000
1796,74315,0,0,5,153,0,0,0,0,0,0,0,0,0,0,218,0,0,0,0,0,0,0,0,0,0,1,0,1,3,4,4,42000
1797,74316,0,0,5,153,0,0,0,0,0,0,0,0,0,0,220,0,0,0,0,0,0,0,0,0,0,1,0,1,3,4,4,42000
1798,74317,0,0,5,153,0,0,0,0,0,0,0,0,0,0,221,0,0,0,0,0,0,0,0,0,0,1,0,1,3,4,4,42000
1799,74318,0,0,5,153,0,0,0,0,0,0,0,0,0,0,223,0,0,0,0,0,0,0,0,0,0,1,0,1,3,4,4,43000
1800,74319,0,0,5,153,0,0,0,0,0,0,0,0,0,0,224,0,0,0,0,0,0,0,0,0,0,1,0,1,3,4,4,43000
1801,74320,0,0,5,161,0,0,0,0,0,0,0,0,0,0,221,0,0,0,0,0,0,0,0,0,0,1,0,1,3,4,4,0
1802,74321,0,0,5,161,0,0,0,0,0,0,0,0,0,0,223,0,0,0,0,0,0,0,0,0,0,1,0,1,3,4,4,0
1803,74322,0,0,5,161,0,0,0,0,0,0,0,0,0,0,224,0,0,0,0,0,0,0,0,0,0,1,0,1,3,4,4,0
1804,74323,0,0,5,161,0,0,0,0,0,0,0,0,0,0,226,0,0,0,0,0,0,0,0,0,0,1,0,1,3,4,4,41000
1805,74324,0,0,5,161,0,0,0,0,0,0,0,0,0,0,228,0,0,0,0,0,0,0,0,0,0,1,0,1,3,4,4,41000
1806,74325,0,0,5,161,0,0,0,0,0,0,0,0,0,0,229,0,0,0,0,0,0,0,0,0,0,1,0,1,3,4,4,41000
1807,74326,0,0,5,161,0,0,0,0,0,0,0,0,0,0,231,0,0,0,0,0,0,0,0,0,0,1,0,1,3,4,4,42000
1808,74327,0,0,5,161,0,0,0,0,0,0,0,0,0,0,232,0,0,0,0,0,0,0,0,0,0,1,0,1,3,4,4,42000
1809,74328,0,0,5,161,0,0,0,0,0,0,0,0,0,0,234,0,0,0,0,0,0,0,0,0,0,1,0,1,3,4,4,42000
1810,74329,0,0,5,161,0,0,0,0,0,0,0,0,0,0,235,0,0,0,0,0,0,0,0,0,0,1,0,1,3,4,4,43000
1811,74330,0,0,5,161,0,0,0,0,0,0,0,0,0,0,237,0,0,0,0,0,0,0,0,0,0,1,0,1,3,4,4,43000
1812,74331,0,0,5,169,0,0,0,0,0,0,0,0,0,0,234,0,0,0,0,0,0,0,0,0,0,1,0,1,3,4,4,0
1813,74332,0,0,5,169,0,0,0,0,0,0,0,0,0,0,235,0,0,0,0,0,0,0,0,0,0,1,0,1,3,4,4,0
1814,74333,0,0,5,169,0,0,0,0,0,0,0,0,0,0,237,0,0,0,0,0,0,0,0,0,0,1,0,1,3,4,4,0
1815,74334,0,0,5,169,0,0,0,0,0,0,0,0,0,0,238,0,0,0,0,0,0,0,0,0,0,1,0,1,3,4,4,41000
1816,74335,0,0,5,169,0,0,0,0,0,0,0,0,0,0,240,0,0,0,0,0,0,0,0,0,0,1,0,1,3,4,4,41000
1817,74336,0,0,5,169,0,0,0,0,0,0,0,0,0,0,241,0,0,0,0,0,0,0,0,0,0,1,0,1,3,4,4,41000
1818,74337,0,0,5,169,0,0,0,0,0,0,0,0,0,0,243,0,0,0,0,0,0,0,0,0,0,1,0,1,3,4,4,42000
1819,74338,0,0,5,169,0,0,0,0,0,0,0,0,0,0,244,0,0,0,0,0,0,0,0,0,0,1,0,1,3,4,4,42000
1820,74339,0,0,5,169,0,0,0,0,0,0,0,0,0,0,246,0,0,0,0,0,0,0,0,0,0,1,0,1,3,4,4,42000
1821,74340,0,0,5,169,0,0,0,0,0,0,0,0,0,0,247,0,0,0,0,0,0,0,0,0,0,1,0,1,3,4,4,43000
1822,74341,0,0,5,169,0,0,0,0,0,0,0,0,0,0,249,0,0,0,0,0,0,0,0,0,0,1,0,1,3,4,4,43000
1823,74342,0,0,5,177,0,0,0,0,0,0,0,0,0,0,246,0,0,0,0,0,0,0,0,0,0,1,0,1,3,4,4,0
1824,74343,0,0,5,177,0,0,0,0,0,0,0,0,0,0,247,0,0,0,0,0,0,0,0,0,0,1,0,1,3,4,4,0
1825,74344,0,0,5,177,0,0,0,0,0,0,0,0,0,0,249,0,0,0,0,0,0,0,0,0,0,1,0,1,3,4,4,0
1826,74345,0,0,5,177,0,0,0,0,0,0,0,0,0,0,250,0,0,0,0,0,0,0,0,0,0,1,0,1,3,4,4,41000
1827,74346,0,0,5,177,0,0,0,0,0,0,0,0,0,0,252,0,0,0,0,0,0,0,0,0,0,1,0,1,3,4,4,41000
1828,74347,0,0,5,177,0,0,0,0,0,0,0,0,0,0,254,0,0,0,0,0,0,0,0,0,0,1,0,1,3,4,4,41000
1829,74348,0,0,5,177,0,0,0,0,0,0,0,0,0,0,256,0,0,0,0,0,0,0,0,0,0,1,0,1,3,4,4,42000
1830,74349,0,0,5,177,0,0,0,0,0,0,0,0,0,0,258,0,0,0,0,0,0,0,0,0,0,1,0,1,3,4,4,42000
1831,74350,0,0,5,177,0,0,0,0,0,0,0,0,0,0,260,0,0,0,0,0,0,0,0,0,0,1,0,1,3,4,4,42000
1832,74351,0,0,5,177,0,0,0,0,0,0,0,0,0,0,262,0,0,0,0,0,0,0,0,0,0,1,0,1,3,4,4,43000
1833,74352,0,0,5,177,0,0,0,0,0,0,0,0,0,0,264,0,0,0,0,0,0,0,0,0,0,1,0,1,3,4,4,43000
1834,74353,0,0,5,185,0,0,0,0,0,0,0,0,0,0,260,0,0,0,0,0,0,0,0,0,0,1,0,1,3,4,4,0
1835,74354,0,0,5,185,0,0,0,0,0,0,0,0,0,0,262,0,0,0,0,0,0,0,0,0,0,1,0,1,3,4,4,0
1836,74355,0,0,5,185,0,0,0,0,0,0,0,0,0,0,264,0,0,0,0,0,0,0,0,0,0,1,0,1,3,4,4,0
1837,74356,0,0,5,185,0,0,0,0,0,0,0,0,0,0,265,0,0,0,0,0,0,0,0,0,0,1,0,1,3,4,4,41000
1838,74357,0,0,5,185,0,0,0,0,0,0,0,0,0,0,267,0,0,0,0,0,0,0,0,0,0,1,0,1,3,4,4,41000
1839,74358,0,0,5,185,0,0,0,0,0,0,0,0,0,0,269,0,0,0,0,0,0,0,0,0,0,1,0,1,3,4,4,41000
1840,74359,0,0,5,185,0,0,0,0,0,0,0,0,0,0,271,0,0,0,0,0,0,0,0,0,0,1,0,1,3,4,4,42000
1841,74360,0,0,5,185,0,0,0,0,0,0,0,0,0,0,273,0,0,0,0,0,0,0,0,0,0,1,0,1,3,4,4,42000
1842,74361,0,0,5,185,0,0,0,0,0,0,0,0,0,0,275,0,0,0,0,0,0,0,0,0,0,1,0,1,3,4,4,42000
1843,74362,0,0,5,185,0,0,0,0,0,0,0,0,0,0,277,0,0,0,0,0,0,0,0,0,0,1,0,1,3,4,4,43000
1844,74363,0,0,5,185,0,0,0,0,0,0,0,0,0,0,279,0,0,0,0,0,0,0,0,0,0,1,0,1,3,4,4,43000
1845,74364,0,0,5,193,0,0,0,0,0,0,0,0,0,0,275,0,0,0,0,0,0,0,0,0,0,1,0,1,3,4,4,0
1846,74365,0,0,5,193,0,0,0,0,0,0,0,0,0,0,277,0,0,0,0,0,0,0,0,0,0,1,0,1,3,4,4,0
1847,74366,0,0,5,193,0,0,0,0,0,0,0,0,0,0,279,0,0,0,0,0,0,0,0,0,0,1,0,1,3,4,4,0
1848,74367,0,0,5,193,0,0,0,0,0,0,0,0,0,0,281,0,0,0,0,0,0,0,0,0,0,1,0,1,3,4,4,41000
1849,74368,0,0,5,193,0,0,0,0,0,0,0,0,0,0,282,0,0,0,0,0,0,0,0,0,0,1,0,1,3,4,4,41000
1850,74369,0,0,5,193,0,0,0,0,0,0,0,0,0,0,284,0,0,0,0,0,0,0,0,0,0,1,0,1,3,4,4,41000
1851,74370,0,0,5,193,0,0,0,0,0,0,0,0,0,0,286,0,0,0,0,0,0,0,0,0,0,1,0,1,3,4,4,42000
1852,74371,0,0,6,193,0,0,0,0,0,0,0,0,0,0,288,0,0,0,0,0,0,0,0,0,0,1,0,1,3,4,4,42000
1853,74372,0,0,6,193,0,0,0,0,0,0,0,0,0,0,290,0,0,0,0,0,0,0,0,0,0,1,0,1,3,4,4,42000
1854,74373,0,0,6,193,0,0,0,0,0,0,0,0,0,0,292,0,0,0,0,0,0,0,0,0,0,1,0,1,3,4,4,43000
1855,74374,0,0,6,193,0,0,0,0,0,0,0,0,0,0,294,0,0,0,0,0,0,0,0,0,0,1,0,1,3,4,4,43000
1856,74375,0,0,6,201,0,0,0,0,0,0,0,0,0,0,290,0,0,0,0,0,0,0,0,0,0,1,0,1,3,4,4,0
1857,74376,0,0,6,201,0,0,0,0,0,0,0,0,0,0,292,0,0,0,0,0,0,0,0,0,0,1,0,1,3,4,4,0
1858,74377,0,0,6,201,0,0,0,0,0,0,0,0,0,0,294,0,0,0,0,0,0,0,0,0,0,1,0,1,3,4,4,0
1859,74378,0,0,6,201,0,0,0,0,0,0,0,0,0,0,296,0,0,0,0,0,0,0,0,0,0,1,0,1,3,4,4,41000
1860,74379,0,0,6,201,0,0,0,0,0,0,0,0,0,0,298,0,0,0,0,0,0,0,0,0,0,1,0,1,3,4,4,41000
1861,74380,0,0,6,201,0,0,0,0,0,0,0,0,0,0,300,0,0,0,0,0,0,0,0,0,0,1,0,1,3,4,4,41000
1862,74381,0,0,6,201,0,0,0,0,0,0,0,0,0,0,301,0,0,0,0,0,0,0,0,0,0,1,0,1,3,4,4,42000
1863,74382,0,0,6,201,0,0,0,0,0,0,0,0,0,0,303,0,0,0,0,0,0,0,0,0,0,1,0,1,3,4,4,42000
1864,74383,0,0,6,201,0,0,0,0,0,0,0,0,0,0,305,0,0,0,0,0,0,0,0,0,0,1,0,1,3,4,4,42000
1865,74384,0,0,6,201,0,0,0,0,0,0,0,0,0,0,307,0,0,0,0,0,0,0,0,0,0,1,0,1,3,4,4,43000
1866,74385,0,0,6,201,0,0,0,0,0,0,0,0,0,0,309,0,0,0,0,0,0,0,0,0,0,1,0,1,3,4,4,43000
1867,74386,0,0,6,209,0,0,0,0,0,0,0,0,0,0,305,0,0,0,0,0,0,0,0,0,0,1,0,1,3,4,4,0
1868,74387,0,0,6,209,0,0,0,0,0,0,0,0,0,0,307,0,0,0,0,0,0,0,0,0,0,1,0,1,3,4,4,0
1869,74388,0,0,6,209,0,0,0,0,0,0,0,0,0,0,309,0,0,0,0,0,0,0,0,0,0,1,0,1,3,4,4,0
1870,74389,0,0,6,209,0,0,0,0,0,0,0,0,0,0,311,0,0,0,0,0,0,0,0,0,0,1,0,1,3,4,4,41000
1871,74390,0,0,6,209,0,0,0,0,0,0,0,0,0,0,313,0,0,0,0,0,0,0,0,0,0,1,0,1,3,4,4,41000
1872,74391,0,0,6,209,0,0,0,0,0,0,0,0,0,0,315,0,0,0,0,0,0,0,0,0,0,1,0,1,3,4,4,41000
1873,74392,0,0,6,209,0,0,0,0,0,0,0,0,0,0,317,0,0,0,0,0,0,0,0,0,0,1,0,1,3,4,4,42000
1874,74393,0,0,6,209,0,0,0,0,0,0,0,0,0,0,319,0,0,0,0,0,0,0,0,0,0,1,0,1,3,4,4,42000
1875,74394,0,0,6,209,0,0,0,0,0,0,0,0,0,0,320,0,0,0,0,0,0,0,0,0,0,1,0,1,3,4,4,42000
1876,74395,0,0,6,209,0,0,0,0,0,0,0,0,0,0,322,0,0,0,0,0,0,0,0,0,0,1,0,1,3,4,4,43000
1877,74396,0,0,6,209,0,0,0,0,0,0,0,0,0,0,324,0,0,0,0,0,0,0,0,0,0,1,0,1,3,4,4,43000
1878,74397,0,0,6,217,0,0,0,0,0,0,0,0,0,0,320,0,0,0,0,0,0,0,0,0,0,1,0,1,3,4,4,0
1879,74398,0,0,6,217,0,0,0,0,0,0,0,0,0,0,322,0,0,0,0,0,0,0,0,0,0,1,0,1,3,4,4,0
1880,74399,0,0,6,217,0,0,0,0,0,0,0,0,0,0,324,0,0,0,0,0,0,0,0,0,0,1,0,1,3,4,4,0
1881,74400,0,0,6,217,0,0,0,0,0,0,0,0,0,0,326,0,0,0,0,0,0,0,0,0,0,1,0,1,3,4,4,41000
1882,74401,0,0,6,217,0,0,0,0,0,0,0,0,0,0,328,0,0,0,0,0,0,0,0,0,0,1,0,1,3,4,4,41000
1883,74402,0,0,6,217,0,0,0,0,0,0,0,0,0,0,330,0,0,0,0,0,0,0,0,0,0,1,0,1,3,4,4,41000
1884,74403,0,0,6,217,0,0,0,0,0,0,0,0,0,0,332,0,0,0,0,0,0,0,0,0,0,1,0,1,3,4,4,42000
1885,74404,0,0,6,217,0,0,0,0,0,0,0,0,0,0,334,0,0,0,0,0,0,0,0,0,0,1,0,1,3,4,4,42000
1886,74405,0,0,6,217,0,0,0,0,0,0,0,0,0,0,336,0,0,0,0,0,0,0,0,0,0,1,0,1,3,4,4,42000
1887,74406,0,0,6,217,0,0,0,0,0,0,0,0,0,0,337,0,0,0,0,0,0,0,0,0,0,1,0,1,3,4,4,43000
1888,74407,0,0,6,217,0,0,0,0,0,0,0,0,0,0,339,0,0,0,0,0,0,0,0,0,0,1,0,1,3,4,4,43000
1889,74408,0,0,6,225,0,0,0,0,0,0,0,0,0,0,336,0,0,0,0,0,0,0,0,0,0,1,0,1,3,4,4,0
1890,74409,0,0,6,225,0,0,0,0,0,0,0,0,0,0,337,0,0,0,0,0,0,0,0,0,0,1,0,1,3,4,4,0
1891,74410,0,0,6,225,0,0,0,0,0,0,0,0,0,0,339,0,0,0,0,0,0,0,0,0,0,1,0,1,3,4,4,0
1892,74411,0,0,6,225,0,0,0,0,0,0,0,0,0,0,341,0,0,0,0,0,0,0,0,0,0,1,0,1,3,4,4,41000
1893,74412,0,0,6,225,0,0,0,0,0,0,0,0,0,0,343,0,0,0,0,0,0,0,0,0,0,1,0,1,3,4,4,41000
1894,74413,0,0,6,225,0,0,0,0,0,0,0,0,0,0,345,0,0,0,0,0,0,0,0,0,0,1,0,1,3,4,4,41000
1895,74414,0,0,6,225,0,0,0,0,0,0,0,0,0,0,347,0,0,0,0,0,0,0,0,0,0,1,0,1,3,4,4,42000
1896,74415,0,0,6,225,0,0,0,0,0,0,0,0,0,0,349,0,0,0,0,0,0,0,0,0,0,1,0,1,3,4,4,42000
1897,74416,0,0,6,225,0,0,0,0,0,0,0,0,0,0,351,0,0,0,0,0,0,0,0,0,0,1,0,1,3,4,4,42000
1898,74417,0,0,6,225,0,0,0,0,0,0,0,0,0,0,353,0,0,0,0,0,0,0,0,0,0,1,0,1,3,4,4,43000
1899,74418,0,0,6,225,0,0,0,0,0,0,0,0,0,0,355,0,0,0,0,0,0,0,0,0,0,1,0,1,3,4,4,43000
1900,74419,0,0,6,233,0,0,0,0,0,0,0,0,0,0,351,0,0,0,0,0,0,0,0,0,0,1,0,1,3,4,4,0
1901,74420,0,0,6,233,0,0,0,0,0,0,0,0,0,0,353,0,0,0,0,0,0,0,0,0,0,1,0,1,3,4,4,0
1902,74421,0,0,6,233,0,0,0,0,0,0,0,0,0,0,355,0,0,0,0,0,0,0,0,0,0,1,0,1,3,4,4,0
1903,74422,0,0,6,233,0,0,0,0,0,0,0,0,0,0,356,0,0,0,0,0,0,0,0,0,0,1,0,1,3,4,4,41000
1904,74423,0,0,6,233,0,0,0,0,0,0,0,0,0,0,358,0,0,0,0,0,0,0,0,0,0,1,0,1,3,4,4,41000
1905,74424,0,0,6,233,0,0,0,0,0,0,0,0,0,0,360,0,0,0,0,0,0,0,0,0,0,1,0,1,3,4,4,41000
1906,74425,0,0,6,233,0,0,0,0,0,0,0,0,0,0,362,0,0,0,0,0,0,0,0,0,0,1,0,1,3,4,4,42000
1907,74426,0,0,6,233,0,0,0,0,0,0,0,0,0,0,364,0,0,0,0,0,0,0,0,0,0,1,0,1,3,4,4,42000
1908,75100,0,0,1,1,0,0,0,0,0,0,0,0,7,0,0,1,0,0,0,0,0,0,0,0,0,0,0,1,3,0,64,0
1909,75101,0,0,1,1,0,0,0,0,0,0,0,0,14,0,0,1,0,0,0,0,0,0,0,0,0,0,0,1,3,0,64,0
1910,75102,0,0,1,1,0,0,0,0,0,0,0,0,21,0,0,2,0,0,0,0,0,0,0,0,0,0,0,1,3,0,64,0
1911,75103,0,0,1,1,0,0,0,0,0,0,0,0,28,0,0,3,0,0,0,0,0,0,0,0,0,0,0,1,3,0,64,0
1912,75104,0,0,1,1,0,0,0,0,0,0,0,0,35,0,0,3,0,0,0,0,0,0,0,0,0,0,0,1,3,0,64,0
1913,75105,0,0,1,1,0,0,0,0,0,0,0,0,42,0,0,4,0,0,0,0,0,0,0,0,0,0,0,1,3,0,64,0
1914,75106,0,0,1,1,0,0,0,0,0,0,0,0,49,0,0,5,0,0,0,0,0,0,0,0,0,0,0,1,3,0,64,0
1915,75107,0,0,1,1,0,0,0,0,0,0,0,0,56,0,0,5,0,0,0,0,0,0,0,0,0,0,0,1,3,0,64,0
1916,75108,0,0,1,1,0,0,0,0,0,0,0,0,63,0,0,6,0,0,0,0,0,0,0,0,0,0,0,1,3,0,64,0
1917,75109,0,0,1,1,0,0,0,0,0,0,0,0,70,0,0,7,0,0,0,0,0,0,0,0,0,0,0,1,3,0,64,0
1918,75110,0,0,1,1,0,0,0,0,0,0,0,0,77,0,0,7,0,0,0,0,0,0,0,0,0,0,0,1,3,0,64,0
1919,75111,0,0,1,9,0,0,0,0,0,0,0,0,63,0,0,6,0,0,0,0,0,0,0,0,0,0,0,1,3,0,64,0
1920,75112,0,0,1,9,0,0,0,0,0,0,0,0,70,0,0,7,0,0,0,0,0,0,0,0,0,0,0,1,3,0,64,0
1921,75113,0,0,1,9,0,0,0,0,0,0,0,0,77,0,0,7,0,0,0,0,0,0,0,0,0,0,0,1,3,0,64,0
1922,75114,0,0,1,9,0,0,0,0,0,0,0,0,84,0,0,8,0,0,0,0,0,0,0,0,0,0,0,1,3,0,64,0
1923,75115,0,0,1,9,0,0,0,0,0,0,0,0,91,0,0,8,0,0,0,0,0,0,0,0,0,0,0,1,3,0,64,0
1924,75116,0,0,1,9,0,0,0,0,0,0,0,0,98,0,0,9,0,0,0,0,0,0,0,0,0,0,0,1,3,0,64,0
1925,75117,0,0,1,9,0,0,0,0,0,0,0,0,105,0,0,10,0,0,0,0,0,0,0,0,0,0,0,1,3,0,64,0
1926,75118,0,0,1,9,0,0,0,0,0,0,0,0,112,0,0,10,0,0,0,0,0,0,0,0,0,0,0,1,3,0,64,0
1927,75119,0,0,1,9,0,0,0,0,0,0,0,0,119,0,0,11,0,0,0,0,0,0,0,0,0,0,0,1,3,0,64,0
1928,75120,0,0,1,9,0,0,0,0,0,0,0,0,126,0,0,12,0,0,0,0,0,0,0,0,0,0,0,1,3,0,64,0
1929,75121,0,0,1,9,0,0,0,0,0,0,0,0,133,0,0,12,0,0,0,0,0,0,0,0,0,0,0,1,3,0,64,0
1930,75122,0,0,1,17,0,0,0,0,0,0,0,0,119,0,0,11,0,0,0,0,0,0,0,0,0,0,0,1,3,0,64,0
1931,75123,0,0,1,17,0,0,0,0,0,0,0,0,126,0,0,12,0,0,0,0,0,0,0,0,0,0,0,1,3,0,64,0
1932,75124,0,0,1,17,0,0,0,0,0,0,0,0,133,0,0,12,0,0,0,0,0,0,0,0,0,0,0,1,3,0,64,0
1933,75125,0,0,1,17,0,0,0,0,0,0,0,0,140,0,0,13,0,0,0,0,0,0,0,0,0,0,0,1,3,0,64,0
1934,75126,0,0,1,17,0,0,0,0,0,0,0,0,147,0,0,14,0,0,0,0,0,0,0,0,0,0,0,1,3,0,64,0
1935,75127,0,0,1,17,0,0,0,0,0,0,0,0,154,0,0,14,0,0,0,0,0,0,0,0,0,0,0,1,3,0,64,0
1936,75128,0,0,1,17,0,0,0,0,0,0,0,0,161,0,0,15,0,0,0,0,0,0,0,0,0,0,0,1,3,0,64,0
1937,75129,0,0,1,17,0,0,0,0,0,0,0,0,168,0,0,16,0,0,0,0,0,0,0,0,0,0,0,1,3,0,64,0
1938,75130,0,0,1,17,0,0,0,0,0,0,0,0,175,0,0,16,0,0,0,0,0,0,0,0,0,0,0,1,3,0,64,0
1939,75131,0,0,1,17,0,0,0,0,0,0,0,0,182,0,0,17,0,0,0,0,0,0,0,0,0,0,0,1,3,0,64,0
1940,75132,0,0,1,17,0,0,0,0,0,0,0,0,189,0,0,18,0,0,0,0,0,0,0,0,0,0,0,1,3,0,64,0
1941,75133,0,0,1,25,0,0,0,0,0,0,0,0,175,0,0,16,0,0,0,0,0,0,0,0,0,0,0,1,3,0,64,0
1942,75134,0,0,1,25,0,0,0,0,0,0,0,0,182,0,0,17,0,0,0,0,0,0,0,0,0,0,0,1,3,0,64,0
1943,75135,0,0,1,25,0,0,0,0,0,0,0,0,189,0,0,18,0,0,0,0,0,0,0,0,0,0,0,1,3,0,64,0
1944,75136,0,0,1,25,0,0,0,0,0,0,0,0,196,0,0,18,0,0,0,0,0,0,0,0,0,0,0,1,3,0,64,0
1945,75137,0,0,1,25,0,0,0,0,0,0,0,0,203,0,0,19,0,0,0,0,0,0,0,0,0,0,0,1,3,0,64,0
1946,75138,0,0,1,25,0,0,0,0,0,0,0,0,210,0,0,20,0,0,0,0,0,0,0,0,0,0,0,1,3,0,64,0
1947,75139,0,0,1,25,0,0,0,0,0,0,0,0,217,0,0,20,0,0,0,0,0,0,0,0,0,0,0,1,3,0,64,0
1948,75140,0,0,1,25,0,0,0,0,0,0,0,0,224,0,0,21,0,0,0,0,0,0,0,0,0,0,0,1,3,0,64,0
1949,75141,0,0,1,25,0,0,0,0,0,0,0,0,231,0,0,21,0,0,0,0,0,0,0,0,0,0,0,1,3,0,64,0
1950,75142,0,0,1,25,0,0,0,0,0,0,0,0,238,0,0,22,0,0,0,0,0,0,0,0,0,0,0,1,3,0,64,0
1951,75143,0,0,1,25,0,0,0,0,0,0,0,0,245,0,0,23,0,0,0,0,0,0,0,0,0,0,0,1,3,0,64,0
1952,75144,0,0,2,33,0,0,0,0,0,0,0,0,231,0,0,21,0,0,0,0,0,0,0,0,0,0,0,1,3,0,64,0
1953,75145,0,0,2,33,0,0,0,0,0,0,0,0,238,0,0,22,0,0,0,0,0,0,0,0,0,0,0,1,3,0,64,0
1954,75146,0,0,2,33,0,0,0,0,0,0,0,0,245,0,0,23,0,0,0,0,0,0,0,0,0,0,0,1,3,0,64,0
1955,75147,0,0,2,33,0,0,0,0,0,0,0,0,252,0,0,23,0,0,0,0,0,0,0,0,0,0,0,1,3,0,64,0
1956,75148,0,0,2,33,0,0,0,0,0,0,0,0,259,0,0,24,0,0,0,0,0,0,0,0,0,0,0,1,3,0,64,0
1957,75149,0,0,2,33,0,0,0,0,0,0,0,0,266,0,0,25,0,0,0,0,0,0,0,0,0,0,0,1,3,0,64,0
1958,75150,0,0,2,33,0,0,0,0,0,0,0,0,273,0,0,25,0,0,0,0,0,0,0,0,0,0,0,1,3,0,64,0
1959,75151,0,0,2,33,0,0,0,0,0,0,0,0,280,0,0,26,0,0,0,0,0,0,0,0,0,0,0,1,3,0,64,0
1960,75152,0,0,2,33,0,0,0,0,0,0,0,0,287,0,0,27,0,0,0,0,0,0,0,0,0,0,0,1,3,0,64,0
1961,75153,0,0,2,33,0,0,0,0,0,0,0,0,294,0,0,27,0,0,0,0,0,0,0,0,0,0,0,1,3,0,64,0
1962,75154,0,0,2,33,0,0,0,0,0,0,0,0,301,0,0,28,0,0,0,0,0,0,0,0,0,0,0,1,3,0,64,0
1963,75155,0,0,2,41,0,0,0,0,0,0,0,0,287,0,0,27,0,0,0,0,0,0,0,0,0,0,0,1,3,0,64,0
1964,75156,0,0,2,41,0,0,0,0,0,0,0,0,294,0,0,27,0,0,0,0,0,0,0,0,0,0,0,1,3,0,64,0
1965,75157,0,0,2,41,0,0,0,0,0,0,0,0,301,0,0,28,0,0,0,0,0,0,0,0,0,0,0,1,3,0,64,0
1966,75158,0,0,2,41,0,0,0,0,0,0,0,0,308,0,0,29,0,0,0,0,0,0,0,0,0,0,0,1,3,0,64,0
1967,75159,0,0,2,41,0,0,0,0,0,0,0,0,315,0,0,29,0,0,0,0,0,0,0,0,0,0,0,1,3,0,64,0
1968,75160,0,0,2,41,0,0,0,0,0,0,0,0,322,0,0,30,0,0,0,0,0,0,0,0,0,0,0,1,3,0,64,0
1969,75161,0,0,2,41,0,0,0,0,0,0,0,0,329,0,0,31,0,0,0,0,0,0,0,0,0,0,0,1,3,0,64,0
1970,75162,0,0,2,41,0,0,0,0,0,0,0,0,336,0,0,31,0,0,0,0,0,0,0,0,0,0,0,1,3,0,64,0
1971,75163,0,0,2,41,0,0,0,0,0,0,0,0,343,0,0,32,0,0,0,0,0,0,0,0,0,0,0,1,3,0,64,0
1972,75164,0,0,2,41,0,0,0,0,0,0,0,0,350,0,0,33,0,0,0,0,0,0,0,0,0,0,0,1,3,0,64,0
1973,75165,0,0,2,41,0,0,0,0,0,0,0,0,357,0,0,33,0,0,0,0,0,0,0,0,0,0,0,1,3,0,64,0
1974,75166,0,0,2,49,0,0,0,0,0,0,0,0,343,0,0,32,0,0,0,0,0,0,0,0,0,0,0,1,3,0,64,0
1975,75167,0,0,2,49,0,0,0,0,0,0,0,0,350,0,0,33,0,0,0,0,0,0,0,0,0,0,0,1,3,0,64,0
1976,75168,0,0,2,49,0,0,0,0,0,0,0,0,357,0,0,33,0,0,0,0,0,0,0,0,0,0,0,1,3,0,64,0
1977,75169,0,0,2,49,0,0,0,0,0,0,0,0,364,0,0,34,0,0,0,0,0,0,0,0,0,0,0,1,3,0,64,0
1978,75170,0,0,2,49,0,0,0,0,0,0,0,0,371,0,0,34,0,0,0,0,0,0,0,0,0,0,0,1,3,0,64,0
1979,75171,0,0,2,49,0,0,0,0,0,0,0,0,378,0,0,35,0,0,0,0,0,0,0,0,0,0,0,1,3,0,64,0
1980,75172,0,0,2,49,0,0,0,0,0,0,0,0,385,0,0,36,0,0,0,0,0,0,0,0,0,0,0,1,3,0,64,0
1981,75173,0,0,2,49,0,0,0,0,0,0,0,0,392,0,0,36,0,0,0,0,0,0,0,0,0,0,0,1,3,0,64,0
1982,75174,0,0,2,49,0,0,0,0,0,0,0,0,399,0,0,37,0,0,0,0,0,0,0,0,0,0,0,1,3,0,64,0
1983,75175,0,0,2,49,0,0,0,0,0,0,0,0,406,0,0,38,0,0,0,0,0,0,0,0,0,0,0,1,3,0,64,0
1984,75176,0,0,2,49,0,0,0,0,0,0,0,0,413,0,0,38,0,0,0,0,0,0,0,0,0,0,0,1,3,0,64,0
1985,75177,0,0,2,57,0,0,0,0,0,0,0,0,399,0,0,37,0,0,0,0,0,0,0,0,0,0,0,1,3,0,64,0
1986,75178,0,0,2,57,0,0,0,0,0,0,0,0,406,0,0,38,0,0,0,0,0,0,0,0,0,0,0,1,3,0,64,0
1987,75179,0,0,2,57,0,0,0,0,0,0,0,0,413,0,0,38,0,0,0,0,0,0,0,0,0,0,0,1,3,0,64,0
1988,75180,0,0,2,57,0,0,0,0,0,0,0,0,420,0,0,39,0,0,0,0,0,0,0,0,0,0,0,1,3,0,64,0
1989,75181,0,0,2,57,0,0,0,0,0,0,0,0,429,0,0,40,0,0,0,0,0,0,0,0,0,0,0,1,3,0,64,0
1990,75182,0,0,2,57,0,0,0,0,0,0,0,0,439,0,0,41,0,0,0,0,0,0,0,0,0,0,0,1,3,0,64,0
1991,75183,0,0,2,57,0,0,0,0,0,0,0,0,448,0,0,42,0,0,0,0,0,0,0,0,0,0,0,1,3,0,64,0
1992,75184,0,0,2,57,0,0,0,0,0,0,0,0,457,0,0,42,0,0,0,0,0,0,0,0,0,0,0,1,3,0,64,0
1993,75185,0,0,2,57,0,0,0,0,0,0,0,0,467,0,0,43,0,0,0,0,0,0,0,0,0,0,0,1,3,0,64,0
1994,75186,0,0,2,57,0,0,0,0,0,0,0,0,476,0,0,44,0,0,0,0,0,0,0,0,0,0,0,1,3,0,64,0
1995,75187,0,0,2,57,0,0,0,0,0,0,0,0,485,0,0,45,0,0,0,0,0,0,0,0,0,0,0,1,3,0,64,0
1996,75188,0,0,3,65,0,0,0,0,0,0,0,0,467,0,0,43,0,0,0,0,0,0,0,0,0,0,0,1,3,0,64,0
1997,75189,0,0,3,65,0,0,0,0,0,0,0,0,476,0,0,44,0,0,0,0,0,0,0,0,0,0,0,1,3,0,64,0
1998,75190,0,0,3,65,0,0,0,0,0,0,0,0,485,0,0,45,0,0,0,0,0,0,0,0,0,0,0,1,3,0,64,0
1999,75191,0,0,3,65,0,0,0,0,0,0,0,0,495,0,0,46,0,0,0,0,0,0,0,0,0,0,0,1,3,0,64,0
2000,75192,0,0,3,65,0,0,0,0,0,0,0,0,504,0,0,47,0,0,0,0,0,0,0,0,0,0,0,1,3,0,64,0
2001,75193,0,0,3,65,0,0,0,0,0,0,0,0,513,0,0,48,0,0,0,0,0,0,0,0,0,0,0,1,3,0,64,0
2002,75194,0,0,3,65,0,0,0,0,0,0,0,0,523,0,0,49,0,0,0,0,0,0,0,0,0,0,0,1,3,0,64,0
2003,75195,0,0,3,65,0,0,0,0,0,0,0,0,532,0,0,49,0,0,0,0,0,0,0,0,0,0,0,1,3,0,64,0
2004,75196,0,0,3,65,0,0,0,0,0,0,0,0,541,0,0,50,0,0,0,0,0,0,0,0,0,0,0,1,3,0,64,0
2005,75197,0,0,3,65,0,0,0,0,0,0,0,0,551,0,0,51,0,0,0,0,0,0,0,0,0,0,0,1,3,0,64,0
2006,75198,0,0,3,65,0,0,0,0,0,0,0,0,560,0,0,52,0,0,0,0,0,0,0,0,0,0,0,1,3,0,64,0
2007,75199,0,0,3,73,0,0,0,0,0,0,0,0,541,0,0,50,0,0,0,0,0,0,0,0,0,0,0,1,3,0,64,0
2008,75200,0,0,3,73,0,0,0,0,0,0,0,0,551,0,0,51,0,0,0,0,0,0,0,0,0,0,0,1,3,0,64,0
2009,75201,0,0,3,73,0,0,0,0,0,0,0,0,560,0,0,52,0,0,0,0,0,0,0,0,0,0,0,1,3,0,64,0
2010,75202,0,0,3,73,0,0,0,0,0,0,0,0,569,0,0,53,0,0,0,0,0,0,0,0,0,0,0,1,3,0,64,0
2011,75203,0,0,3,73,0,0,0,0,0,0,0,0,579,0,0,54,0,0,0,0,0,0,0,0,0,0,0,1,3,0,64,0
2012,75204,0,0,3,73,0,0,0,0,0,0,0,0,588,0,0,55,0,0,0,0,0,0,0,0,0,0,0,1,3,0,64,0
2013,75205,0,0,3,73,0,0,0,0,0,0,0,0,597,0,0,55,0,0,0,0,0,0,0,0,0,0,0,1,3,0,64,0
2014,75206,0,0,3,73,0,0,0,0,0,0,0,0,607,0,0,56,0,0,0,0,0,0,0,0,0,0,0,1,3,0,64,0
2015,75207,0,0,3,73,0,0,0,0,0,0,0,0,616,0,0,57,0,0,0,0,0,0,0,0,0,0,0,1,3,0,64,0
2016,75208,0,0,3,73,0,0,0,0,0,0,0,0,625,0,0,58,0,0,0,0,0,0,0,0,0,0,0,1,3,0,64,0
2017,75209,0,0,3,73,0,0,0,0,0,0,0,0,635,0,0,59,0,0,0,0,0,0,0,0,0,0,0,1,3,0,64,0
2018,75210,0,0,3,81,0,0,0,0,0,0,0,0,616,0,0,57,0,0,0,0,0,0,0,0,0,0,0,1,3,0,64,0
2019,75211,0,0,3,81,0,0,0,0,0,0,0,0,625,0,0,58,0,0,0,0,0,0,0,0,0,0,0,1,3,0,64,0
2020,75212,0,0,3,81,0,0,0,0,0,0,0,0,635,0,0,59,0,0,0,0,0,0,0,0,0,0,0,1,3,0,64,0
2021,75213,0,0,3,81,0,0,0,0,0,0,0,0,644,0,0,60,0,0,0,0,0,0,0,0,0,0,0,1,3,0,64,0
2022,75214,0,0,3,81,0,0,0,0,0,0,0,0,653,0,0,61,0,0,0,0,0,0,0,0,0,0,0,1,3,0,64,0
2023,75215,0,0,3,81,0,0,0,0,0,0,0,0,663,0,0,62,0,0,0,0,0,0,0,0,0,0,0,1,3,0,64,0
2024,75216,0,0,3,81,0,0,0,0,0,0,0,0,672,0,0,62,0,0,0,0,0,0,0,0,0,0,0,1,3,0,64,0
2025,75217,0,0,3,81,0,0,0,0,0,0,0,0,681,0,0,63,0,0,0,0,0,0,0,0,0,0,0,1,3,0,64,0
2026,75218,0,0,3,81,0,0,0,0,0,0,0,0,691,0,0,64,0,0,0,0,0,0,0,0,0,0,0,1,3,0,64,0
2027,75219,0,0,3,81,0,0,0,0,0,0,0,0,700,0,0,65,0,0,0,0,0,0,0,0,0,0,0,1,3,0,64,0
2028,75220,0,0,3,81,0,0,0,0,0,0,0,0,709,0,0,66,0,0,0,0,0,0,0,0,0,0,0,1,3,0,64,0
2029,75221,0,0,3,89,0,0,0,0,0,0,0,0,691,0,0,64,0,0,0,0,0,0,0,0,0,0,0,1,3,0,64,0
2030,75222,0,0,3,89,0,0,0,0,0,0,0,0,700,0,0,65,0,0,0,0,0,0,0,0,0,0,0,1,3,0,64,0
2031,75223,0,0,3,89,0,0,0,0,0,0,0,0,709,0,0,66,0,0,0,0,0,0,0,0,0,0,0,1,3,0,64,0
2032,75224,0,0,3,89,0,0,0,0,0,0,0,0,719,0,0,67,0,0,0,0,0,0,0,0,0,0,0,1,3,0,64,0
2033,75225,0,0,3,89,0,0,0,0,0,0,0,0,728,0,0,68,0,0,0,0,0,0,0,0,0,0,0,1,3,0,64,0
2034,75226,0,0,3,89,0,0,0,0,0,0,0,0,737,0,0,68,0,0,0,0,0,0,0,0,0,0,0,1,3,0,64,0
2035,75227,0,0,3,89,0,0,0,0,0,0,0,0,747,0,0,69,0,0,0,0,0,0,0,0,0,0,0,1,3,0,64,0
2036,75228,0,0,3,89,0,0,0,0,0,0,0,0,756,0,0,70,0,0,0,0,0,0,0,0,0,0,0,1,3,0,64,0
2037,75229,0,0,3,89,0,0,0,0,0,0,0,0,765,0,0,71,0,0,0,0,0,0,0,0,0,0,0,1,3,0,64,0
2038,75230,0,0,3,89,0,0,0,0,0,0,0,0,775,0,0,72,0,0,0,0,0,0,0,0,0,0,0,1,3,0,64,0
2039,75231,0,0,3,89,0,0,0,0,0,0,0,0,784,0,0,73,0,0,0,0,0,0,0,0,0,0,0,1,3,0,64,0
2040,75232,0,0,4,97,0,0,0,0,0,0,0,0,765,0,0,71,0,0,0,0,0,0,0,0,0,0,0,1,3,0,64,0
2041,75233,0,0,4,97,0,0,0,0,0,0,0,0,775,0,0,72,0,0,0,0,0,0,0,0,0,0,0,1,3,0,64,0
2042,75234,0,0,4,97,0,0,0,0,0,0,0,0,784,0,0,73,0,0,0,0,0,0,0,0,0,0,0,1,3,0,64,0
2043,75235,0,0,4,97,0,0,0,0,0,0,0,0,793,0,0,74,0,0,0,0,0,0,0,0,0,0,0,1,3,0,64,0
2044,75236,0,0,4,97,0,0,0,0,0,0,0,0,803,0,0,75,0,0,0,0,0,0,0,0,0,0,0,1,3,0,64,0
2045,75237,0,0,4,97,0,0,0,0,0,0,0,0,812,0,0,75,0,0,0,0,0,0,0,0,0,0,0,1,3,0,64,0
2046,75238,0,0,4,97,0,0,0,0,0,0,0,0,821,0,0,76,0,0,0,0,0,0,0,0,0,0,0,1,3,0,64,0
2047,75239,0,0,4,97,0,0,0,0,0,0,0,0,831,0,0,77,0,0,0,0,0,0,0,0,0,0,0,1,3,0,64,0
2048,75240,0,0,4,97,0,0,0,0,0,0,0,0,840,0,0,78,0,0,0,0,0,0,0,0,0,0,0,1,3,0,64,0
2049,75241,0,0,4,97,0,0,0,0,0,0,0,0,849,0,0,79,0,0,0,0,0,0,0,0,0,0,0,1,3,0,64,0
2050,75242,0,0,4,97,0,0,0,0,0,0,0,0,859,0,0,80,0,0,0,0,0,0,0,0,0,0,0,1,3,0,64,0
2051,75243,0,0,4,105,0,0,0,0,0,0,0,0,840,0,0,78,0,0,0,0,0,0,0,0,0,0,0,1,3,0,64,0
2052,75244,0,0,4,105,0,0,0,0,0,0,0,0,849,0,0,79,0,0,0,0,0,0,0,0,0,0,0,1,3,0,64,0
2053,75245,0,0,4,105,0,0,0,0,0,0,0,0,859,0,0,80,0,0,0,0,0,0,0,0,0,0,0,1,3,0,64,0
2054,75246,0,0,4,105,0,0,0,0,0,0,0,0,868,0,0,81,0,0,0,0,0,0,0,0,0,0,0,1,3,0,64,0
2055,75247,0,0,4,105,0,0,0,0,0,0,0,0,877,0,0,81,0,0,0,0,0,0,0,0,0,0,0,1,3,0,64,0
2056,75248,0,0,4,105,0,0,0,0,0,0,0,0,887,0,0,82,0,0,0,0,0,0,0,0,0,0,0,1,3,0,64,0
2057,75249,0,0,4,105,0,0,0,0,0,0,0,0,896,0,0,83,0,0,0,0,0,0,0,0,0,0,0,1,3,0,64,0
2058,75250,0,0,4,105,0,0,0,0,0,0,0,0,905,0,0,84,0,0,0,0,0,0,0,0,0,0,0,1,3,0,64,0
2059,75251,0,0,4,105,0,0,0,0,0,0,0,0,915,0,0,85,0,0,0,0,0,0,0,0,0,0,0,1,3,0,64,0
2060,75252,0,0,4,105,0,0,0,0,0,0,0,0,924,0,0,86,0,0,0,0,0,0,0,0,0,0,0,1,3,0,64,0
2061,75253,0,0,4,105,0,0,0,0,0,0,0,0,933,0,0,87,0,0,0,0,0,0,0,0,0,0,0,1,3,0,64,0
2062,75254,0,0,4,113,0,0,0,0,0,0,0,0,915,0,0,85,0,0,0,0,0,0,0,0,0,0,0,1,3,0,64,0
2063,75255,0,0,4,113,0,0,0,0,0,0,0,0,924,0,0,86,0,0,0,0,0,0,0,0,0,0,0,1,3,0,64,0
2064,75256,0,0,4,113,0,0,0,0,0,0,0,0,933,0,0,87,0,0,0,0,0,0,0,0,0,0,0,1,3,0,64,0
2065,75257,0,0,4,113,0,0,0,0,0,0,0,0,943,0,0,88,0,0,0,0,0,0,0,0,0,0,0,1,3,0,64,0
2066,75258,0,0,4,113,0,0,0,0,0,0,0,0,952,0,0,88,0,0,0,0,0,0,0,0,0,0,0,1,3,0,64,0
2067,75259,0,0,4,113,0,0,0,0,0,0,0,0,961,0,0,89,0,0,0,0,0,0,0,0,0,0,0,1,3,0,64,0
2068,75260,0,0,4,113,0,0,0,0,0,0,0,0,971,0,0,90,0,0,0,0,0,0,0,0,0,0,0,1,3,0,64,0
2069,75261,0,0,4,113,0,0,0,0,0,0,0,0,980,0,0,91,0,0,0,0,0,0,0,0,0,0,0,1,3,0,64,0
2070,75262,0,0,4,113,0,0,0,0,0,0,0,0,989,0,0,92,0,0,0,0,0,0,0,0,0,0,0,1,3,0,64,0
2071,75263,0,0,4,113,0,0,0,0,0,0,0,0,999,0,0,93,0,0,0,0,0,0,0,0,0,0,0,1,3,0,64,0
2072,75264,0,0,4,113,0,0,0,0,0,0,0,0,1008,0,0,94,0,0,0,0,0,0,0,0,0,0,0,1,3,0,64,0
2073,75265,0,0,4,121,0,0,0,0,0,0,0,0,989,0,0,92,0,0,0,0,0,0,0,0,0,0,0,1,3,0,64,0
2074,75266,0,0,4,121,0,0,0,0,0,0,0,0,999,0,0,93,0,0,0,0,0,0,0,0,0,0,0,1,3,0,64,0
2075,75267,0,0,4,121,0,0,0,0,0,0,0,0,1008,0,0,94,0,0,0,0,0,0,0,0,0,0,0,1,3,0,64,0
2076,75268,0,0,4,121,0,0,0,0,0,0,0,0,1017,0,0,94,0,0,0,0,0,0,0,0,0,0,0,1,3,0,64,0
2077,75269,0,0,4,121,0,0,0,0,0,0,0,0,1027,0,0,95,0,0,0,0,0,0,0,0,0,0,0,1,3,0,64,0
2078,75270,0,0,4,121,0,0,0,0,0,0,0,0,1036,0,0,96,0,0,0,0,0,0,0,0,0,0,0,1,3,0,64,0
2079,75271,0,0,4,121,0,0,0,0,0,0,0,0,1045,0,0,97,0,0,0,0,0,0,0,0,0,0,0,1,3,0,64,0
2080,75272,0,0,4,121,0,0,0,0,0,0,0,0,1055,0,0,98,0,0,0,0,0,0,0,0,0,0,0,1,3,0,64,0
2081,75273,0,0,4,121,0,0,0,0,0,0,0,0,1064,0,0,99,0,0,0,0,0,0,0,0,0,0,0,1,3,0,64,0
2082,75274,0,0,4,121,0,0,0,0,0,0,0,0,1073,0,0,100,0,0,0,0,0,0,0,0,0,0,0,1,3,0,64,0
2083,75275,0,0,4,121,0,0,0,0,0,0,0,0,1083,0,0,101,0,0,0,0,0,0,0,0,0,0,0,1,3,0,64,0
2084,75276,0,0,4,129,0,0,0,0,0,0,0,0,1064,0,0,99,0,0,0,0,0,0,0,0,0,0,0,1,3,0,64,0
2085,75277,0,0,4,129,0,0,0,0,0,0,0,0,1073,0,0,100,0,0,0,0,0,0,0,0,0,0,0,1,3,0,64,0
2086,75278,0,0,4,129,0,0,0,0,0,0,0,0,1083,0,0,101,0,0,0,0,0,0,0,0,0,0,0,1,3,0,64,0
2087,75279,0,0,4,129,0,0,0,0,0,0,0,0,1092,0,0,101,0,0,0,0,0,0,0,0,0,0,0,1,3,0,64,0
2088,75280,0,0,4,129,0,0,0,0,0,0,0,0,1101,0,0,102,0,0,0,0,0,0,0,0,0,0,0,1,3,0,64,0
2089,75281,0,0,4,129,0,0,0,0,0,0,0,0,1111,0,0,103,0,0,0,0,0,0,0,0,0,0,0,1,3,0,64,0
2090,75282,0,0,4,129,0,0,0,0,0,0,0,0,1120,0,0,104,0,0,0,0,0,0,0,0,0,0,0,1,3,0,64,0
2091,75283,0,0,4,129,0,0,0,0,0,0,0,0,1129,0,0,105,0,0,0,0,0,0,0,0,0,0,0,1,3,0,64,0
2092,75284,0,0,4,129,0,0,0,0,0,0,0,0,1139,0,0,106,0,0,0,0,0,0,0,0,0,0,0,1,3,0,64,0
2093,75285,0,0,4,129,0,0,0,0,0,0,0,0,1148,0,0,107,0,0,0,0,0,0,0,0,0,0,0,1,3,0,64,0
2094,75286,0,0,4,129,0,0,0,0,0,0,0,0,1157,0,0,107,0,0,0,0,0,0,0,0,0,0,0,1,3,0,64,0
2095,75287,0,0,5,137,0,0,0,0,0,0,0,0,1139,0,0,106,0,0,0,0,0,0,0,0,0,0,0,1,3,0,64,0
2096,75288,0,0,5,137,0,0,0,0,0,0,0,0,1148,0,0,107,0,0,0,0,0,0,0,0,0,0,0,1,3,0,64,0
2097,75289,0,0,5,137,0,0,0,0,0,0,0,0,1157,0,0,107,0,0,0,0,0,0,0,0,0,0,0,1,3,0,64,0
2098,75290,0,0,5,137,0,0,0,0,0,0,0,0,1167,0,0,108,0,0,0,0,0,0,0,0,0,0,0,1,3,0,64,0
2099,75291,0,0,5,137,0,0,0,0,0,0,0,0,1176,0,0,109,0,0,0,0,0,0,0,0,0,0,0,1,3,0,64,0
2100,75292,0,0,5,137,0,0,0,0,0,0,0,0,1185,0,0,110,0,0,0,0,0,0,0,0,0,0,0,1,3,0,64,0
2101,75293,0,0,5,137,0,0,0,0,0,0,0,0,1195,0,0,111,0,0,0,0,0,0,0,0,0,0,0,1,3,0,64,0
2102,75294,0,0,5,137,0,0,0,0,0,0,0,0,1204,0,0,112,0,0,0,0,0,0,0,0,0,0,0,1,3,0,64,0
2103,75295,0,0,5,137,0,0,0,0,0,0,0,0,1213,0,0,113,0,0,0,0,0,0,0,0,0,0,0,1,3,0,64,0
2104,75296,0,0,5,137,0,0,0,0,0,0,0,0,1223,0,0,114,0,0,0,0,0,0,0,0,0,0,0,1,3,0,64,0
2105,75297,0,0,5,137,0,0,0,0,0,0,0,0,1232,0,0,114,0,0,0,0,0,0,0,0,0,0,0,1,3,0,64,0
2106,75298,0,0,5,145,0,0,0,0,0,0,0,0,1213,0,0,113,0,0,0,0,0,0,0,0,0,0,0,1,3,0,64,0
2107,75299,0,0,5,145,0,0,0,0,0,0,0,0,1223,0,0,114,0,0,0,0,0,0,0,0,0,0,0,1,3,0,64,0
2108,75300,0,0,5,145,0,0,0,0,0,0,0,0,1232,0,0,114,0,0,0,0,0,0,0,0,0,0,0,1,3,0,64,0
2109,75301,0,0,5,145,0,0,0,0,0,0,0,0,1241,0,0,115,0,0,0,0,0,0,0,0,0,0,0,1,3,0,64,0
2110,75302,0,0,5,145,0,0,0,0,0,0,0,0,1251,0,0,116,0,0,0,0,0,0,0,0,0,0,0,1,3,0,64,0
2111,75303,0,0,5,145,0,0,0,0,0,0,0,0,1260,0,0,117,0,0,0,0,0,0,0,0,0,0,0,1,3,0,64,0
2112,75304,0,0,5,145,0,0,0,0,0,0,0,0,1269,0,0,118,0,0,0,0,0,0,0,0,0,0,0,1,3,0,64,0
2113,75305,0,0,5,145,0,0,0,0,0,0,0,0,1279,0,0,119,0,0,0,0,0,0,0,0,0,0,0,1,3,0,64,0
2114,75306,0,0,5,145,0,0,0,0,0,0,0,0,1288,0,0,120,0,0,0,0,0,0,0,0,0,0,0,1,3,0,64,0
2115,75307,0,0,5,145,0,0,0,0,0,0,0,0,1297,0,0,120,0,0,0,0,0,0,0,0,0,0,0,1,3,0,64,0
2116,75308,0,0,5,145,0,0,0,0,0,0,0,0,1307,0,0,121,0,0,0,0,0,0,0,0,0,0,0,1,3,0,64,0
2117,75309,0,0,5,153,0,0,0,0,0,0,0,0,1288,0,0,120,0,0,0,0,0,0,0,0,0,0,0,1,3,0,64,0
2118,75310,0,0,5,153,0,0,0,0,0,0,0,0,1297,0,0,120,0,0,0,0,0,0,0,0,0,0,0,1,3,0,64,0
2119,75311,0,0,5,153,0,0,0,0,0,0,0,0,1307,0,0,121,0,0,0,0,0,0,0,0,0,0,0,1,3,0,64,0
2120,75312,0,0,5,153,0,0,0,0,0,0,0,0,1316,0,0,122,0,0,0,0,0,0,0,0,0,0,0,1,3,0,64,0
2121,75313,0,0,5,153,0,0,0,0,0,0,0,0,1325,0,0,123,0,0,0,0,0,0,0,0,0,0,0,1,3,0,64,0
2122,75314,0,0,5,153,0,0,0,0,0,0,0,0,1335,0,0,124,0,0,0,0,0,0,0,0,0,0,0,1,3,0,64,0
2123,75315,0,0,5,153,0,0,0,0,0,0,0,0,1344,0,0,125,0,0,0,0,0,0,0,0,0,0,0,1,3,0,64,0
2124,75316,0,0,5,153,0,0,0,0,0,0,0,0,1353,0,0,126,0,0,0,0,0,0,0,0,0,0,0,1,3,0,64,0
2125,75317,0,0,5,153,0,0,0,0,0,0,0,0,1363,0,0,127,0,0,0,0,0,0,0,0,0,0,0,1,3,0,64,0
2126,75318,0,0,5,153,0,0,0,0,0,0,0,0,1372,0,0,127,0,0,0,0,0,0,0,0,0,0,0,1,3,0,64,0
2127,75319,0,0,5,153,0,0,0,0,0,0,0,0,1381,0,0,128,0,0,0,0,0,0,0,0,0,0,0,1,3,0,64,0
2128,75320,0,0,5,161,0,0,0,0,0,0,0,0,1363,0,0,127,0,0,0,0,0,0,0,0,0,0,0,1,3,0,64,0
2129,75321,0,0,5,161,0,0,0,0,0,0,0,0,1372,0,0,127,0,0,0,0,0,0,0,0,0,0,0,1,3,0,64,0
2130,75322,0,0,5,161,0,0,0,0,0,0,0,0,1381,0,0,128,0,0,0,0,0,0,0,0,0,0,0,1,3,0,64,0
2131,75323,0,0,5,161,0,0,0,0,0,0,0,0,1391,0,0,129,0,0,0,0,0,0,0,0,0,0,0,1,3,0,64,0
2132,75324,0,0,5,161,0,0,0,0,0,0,0,0,1400,0,0,130,0,0,0,0,0,0,0,0,0,0,0,1,3,0,64,0
2133,75325,0,0,5,161,0,0,0,0,0,0,0,0,1409,0,0,131,0,0,0,0,0,0,0,0,0,0,0,1,3,0,64,0
2134,75326,0,0,5,161,0,0,0,0,0,0,0,0,1419,0,0,132,0,0,0,0,0,0,0,0,0,0,0,1,3,0,64,0
2135,75327,0,0,5,161,0,0,0,0,0,0,0,0,1428,0,0,133,0,0,0,0,0,0,0,0,0,0,0,1,3,0,64,0
2136,75328,0,0,5,161,0,0,0,0,0,0,0,0,1437,0,0,133,0,0,0,0,0,0,0,0,0,0,0,1,3,0,64,0
2137,75329,0,0,5,161,0,0,0,0,0,0,0,0,1447,0,0,134,0,0,0,0,0,0,0,0,0,0,0,1,3,0,64,0
2138,75330,0,0,5,161,0,0,0,0,0,0,0,0,1456,0,0,135,0,0,0,0,0,0,0,0,0,0,0,1,3,0,64,0
2139,75331,0,0,5,169,0,0,0,0,0,0,0,0,1437,0,0,133,0,0,0,0,0,0,0,0,0,0,0,1,3,0,64,0
2140,75332,0,0,5,169,0,0,0,0,0,0,0,0,1447,0,0,134,0,0,0,0,0,0,0,0,0,0,0,1,3,0,64,0
2141,75333,0,0,5,169,0,0,0,0,0,0,0,0,1456,0,0,135,0,0,0,0,0,0,0,0,0,0,0,1,3,0,64,0
2142,75334,0,0,5,169,0,0,0,0,0,0,0,0,1465,0,0,136,0,0,0,0,0,0,0,0,0,0,0,1,3,0,64,0
2143,75335,0,0,5,169,0,0,0,0,0,0,0,0,1475,0,0,137,0,0,0,0,0,0,0,0,0,0,0,1,3,0,64,0
2144,75336,0,0,5,169,0,0,0,0,0,0,0,0,1484,0,0,138,0,0,0,0,0,0,0,0,0,0,0,1,3,0,64,0
2145,75337,0,0,5,169,0,0,0,0,0,0,0,0,1493,0,0,139,0,0,0,0,0,0,0,0,0,0,0,1,3,0,64,0
2146,75338,0,0,5,169,0,0,0,0,0,0,0,0,1503,0,0,140,0,0,0,0,0,0,0,0,0,0,0,1,3,0,64,0
2147,75339,0,0,5,169,0,0,0,0,0,0,0,0,1512,0,0,140,0,0,0,0,0,0,0,0,0,0,0,1,3,0,64,0
2148,75340,0,0,5,169,0,0,0,0,0,0,0,0,1521,0,0,141,0,0,0,0,0,0,0,0,0,0,0,1,3,0,64,0
2149,75341,0,0,5,169,0,0,0,0,0,0,0,0,1531,0,0,142,0,0,0,0,0,0,0,0,0,0,0,1,3,0,64,0
2150,75342,0,0,5,177,0,0,0,0,0,0,0,0,1512,0,0,140,0,0,0,0,0,0,0,0,0,0,0,1,3,0,64,0
2151,75343,0,0,5,177,0,0,0,0,0,0,0,0,1521,0,0,141,0,0,0,0,0,0,0,0,0,0,0,1,3,0,64,0
2152,75344,0,0,5,177,0,0,0,0,0,0,0,0,1531,0,0,142,0,0,0,0,0,0,0,0,0,0,0,1,3,0,64,0
2153,75345,0,0,5,177,0,0,0,0,0,0,0,0,1540,0,0,143,0,0,0,0,0,0,0,0,0,0,0,1,3,0,64,0
2154,75346,0,0,5,177,0,0,0,0,0,0,0,0,1552,0,0,144,0,0,0,0,0,0,0,0,0,0,0,1,3,0,64,0
2155,75347,0,0,5,177,0,0,0,0,0,0,0,0,1563,0,0,145,0,0,0,0,0,0,0,0,0,0,0,1,3,0,64,0
2156,75348,0,0,5,177,0,0,0,0,0,0,0,0,1575,0,0,146,0,0,0,0,0,0,0,0,0,0,0,1,3,0,64,0
2157,75349,0,0,5,177,0,0,0,0,0,0,0,0,1587,0,0,147,0,0,0,0,0,0,0,0,0,0,0,1,3,0,64,0
2158,75350,0,0,5,177,0,0,0,0,0,0,0,0,1598,0,0,148,0,0,0,0,0,0,0,0,0,0,0,1,3,0,64,0
2159,75351,0,0,5,177,0,0,0,0,0,0,0,0,1610,0,0,150,0,0,0,0,0,0,0,0,0,0,0,1,3,0,64,0
2160,75352,0,0,5,177,0,0,0,0,0,0,0,0,1622,0,0,151,0,0,0,0,0,0,0,0,0,0,0,1,3,0,64,0
2161,75353,0,0,5,185,0,0,0,0,0,0,0,0,1598,0,0,148,0,0,0,0,0,0,0,0,0,0,0,1,3,0,64,0
2162,75354,0,0,5,185,0,0,0,0,0,0,0,0,1610,0,0,150,0,0,0,0,0,0,0,0,0,0,0,1,3,0,64,0
2163,75355,0,0,5,185,0,0,0,0,0,0,0,0,1622,0,0,151,0,0,0,0,0,0,0,0,0,0,0,1,3,0,64,0
2164,75356,0,0,5,185,0,0,0,0,0,0,0,0,1633,0,0,152,0,0,0,0,0,0,0,0,0,0,0,1,3,0,64,0
2165,75357,0,0,5,185,0,0,0,0,0,0,0,0,1645,0,0,153,0,0,0,0,0,0,0,0,0,0,0,1,3,0,64,0
2166,75358,0,0,5,185,0,0,0,0,0,0,0,0,1657,0,0,154,0,0,0,0,0,0,0,0,0,0,0,1,3,0,64,0
2167,75359,0,0,5,185,0,0,0,0,0,0,0,0,1668,0,0,155,0,0,0,0,0,0,0,0,0,0,0,1,3,0,64,0
2168,75360,0,0,5,185,0,0,0,0,0,0,0,0,1680,0,0,156,0,0,0,0,0,0,0,0,0,0,0,1,3,0,64,0
2169,75361,0,0,5,185,0,0,0,0,0,0,0,0,1692,0,0,157,0,0,0,0,0,0,0,0,0,0,0,1,3,0,64,0
2170,75362,0,0,5,185,0,0,0,0,0,0,0,0,1703,0,0,158,0,0,0,0,0,0,0,0,0,0,0,1,3,0,64,0
2171,75363,0,0,5,185,0,0,0,0,0,0,0,0,1715,0,0,159,0,0,0,0,0,0,0,0,0,0,0,1,3,0,64,0
2172,75364,0,0,5,193,0,0,0,0,0,0,0,0,1692,0,0,157,0,0,0,0,0,0,0,0,0,0,0,1,3,0,64,0
2173,75365,0,0,5,193,0,0,0,0,0,0,0,0,1703,0,0,158,0,0,0,0,0,0,0,0,0,0,0,1,3,0,64,0
2174,75366,0,0,5,193,0,0,0,0,0,0,0,0,1715,0,0,159,0,0,0,0,0,0,0,0,0,0,0,1,3,0,64,0
2175,75367,0,0,5,193,0,0,0,0,0,0,0,0,1727,0,0,160,0,0,0,0,0,0,0,0,0,0,0,1,3,0,64,0
2176,75368,0,0,5,193,0,0,0,0,0,0,0,0,1738,0,0,161,0,0,0,0,0,0,0,0,0,0,0,1,3,0,64,0
2177,75369,0,0,5,193,0,0,0,0,0,0,0,0,1750,0,0,163,0,0,0,0,0,0,0,0,0,0,0,1,3,0,64,0
2178,75370,0,0,5,193,0,0,0,0,0,0,0,0,1762,0,0,164,0,0,0,0,0,0,0,0,0,0,0,1,3,0,64,0
2179,75371,0,0,6,193,0,0,0,0,0,0,0,0,1773,0,0,165,0,0,0,0,0,0,0,0,0,0,0,1,3,0,64,0
2180,75372,0,0,6,193,0,0,0,0,0,0,0,0,1785,0,0,166,0,0,0,0,0,0,0,0,0,0,0,1,3,0,64,0
2181,75373,0,0,6,193,0,0,0,0,0,0,0,0,1797,0,0,167,0,0,0,0,0,0,0,0,0,0,0,1,3,0,64,0
2182,75374,0,0,6,193,0,0,0,0,0,0,0,0,1808,0,0,168,0,0,0,0,0,0,0,0,0,0,0,1,3,0,64,0
2183,75375,0,0,6,201,0,0,0,0,0,0,0,0,1785,0,0,166,0,0,0,0,0,0,0,0,0,0,0,1,3,0,64,0
2184,75376,0,0,6,201,0,0,0,0,0,0,0,0,1797,0,0,167,0,0,0,0,0,0,0,0,0,0,0,1,3,0,64,0
2185,75377,0,0,6,201,0,0,0,0,0,0,0,0,1808,0,0,168,0,0,0,0,0,0,0,0,0,0,0,1,3,0,64,0
2186,75378,0,0,6,201,0,0,0,0,0,0,0,0,1820,0,0,169,0,0,0,0,0,0,0,0,0,0,0,1,3,0,64,0
2187,75379,0,0,6,201,0,0,0,0,0,0,0,0,1832,0,0,170,0,0,0,0,0,0,0,0,0,0,0,1,3,0,64,0
2188,75380,0,0,6,201,0,0,0,0,0,0,0,0,1843,0,0,171,0,0,0,0,0,0,0,0,0,0,0,1,3,0,64,0
2189,75381,0,0,6,201,0,0,0,0,0,0,0,0,1855,0,0,172,0,0,0,0,0,0,0,0,0,0,0,1,3,0,64,0
2190,75382,0,0,6,201,0,0,0,0,0,0,0,0,1867,0,0,173,0,0,0,0,0,0,0,0,0,0,0,1,3,0,64,0
2191,75383,0,0,6,201,0,0,0,0,0,0,0,0,1878,0,0,174,0,0,0,0,0,0,0,0,0,0,0,1,3,0,64,0
2192,75384,0,0,6,201,0,0,0,0,0,0,0,0,1890,0,0,176,0,0,0,0,0,0,0,0,0,0,0,1,3,0,64,0
2193,75385,0,0,6,201,0,0,0,0,0,0,0,0,1902,0,0,177,0,0,0,0,0,0,0,0,0,0,0,1,3,0,64,0
2194,75386,0,0,6,209,0,0,0,0,0,0,0,0,1878,0,0,174,0,0,0,0,0,0,0,0,0,0,0,1,3,0,64,0
2195,75387,0,0,6,209,0,0,0,0,0,0,0,0,1890,0,0,176,0,0,0,0,0,0,0,0,0,0,0,1,3,0,64,0
2196,75388,0,0,6,209,0,0,0,0,0,0,0,0,1902,0,0,177,0,0,0,0,0,0,0,0,0,0,0,1,3,0,64,0
2197,75389,0,0,6,209,0,0,0,0,0,0,0,0,1913,0,0,178,0,0,0,0,0,0,0,0,0,0,0,1,3,0,64,0
2198,75390,0,0,6,209,0,0,0,0,0,0,0,0,1925,0,0,179,0,0,0,0,0,0,0,0,0,0,0,1,3,0,64,0
2199,75391,0,0,6,209,0,0,0,0,0,0,0,0,1937,0,0,180,0,0,0,0,0,0,0,0,0,0,0,1,3,0,64,0
2200,75392,0,0,6,209,0,0,0,0,0,0,0,0,1948,0,0,181,0,0,0,0,0,0,0,0,0,0,0,1,3,0,64,0
2201,75393,0,0,6,209,0,0,0,0,0,0,0,0,1960,0,0,182,0,0,0,0,0,0,0,0,0,0,0,1,3,0,64,0
2202,75394,0,0,6,209,0,0,0,0,0,0,0,0,1972,0,0,183,0,0,0,0,0,0,0,0,0,0,0,1,3,0,64,0
2203,75395,0,0,6,209,0,0,0,0,0,0,0,0,1983,0,0,184,0,0,0,0,0,0,0,0,0,0,0,1,3,0,64,0
2204,75396,0,0,6,209,0,0,0,0,0,0,0,0,1995,0,0,185,0,0,0,0,0,0,0,0,0,0,0,1,3,0,64,0
2205,75397,0,0,6,217,0,0,0,0,0,0,0,0,1972,0,0,183,0,0,0,0,0,0,0,0,0,0,0,1,3,0,64,0
2206,75398,0,0,6,217,0,0,0,0,0,0,0,0,1983,0,0,184,0,0,0,0,0,0,0,0,0,0,0,1,3,0,64,0
2207,75399,0,0,6,217,0,0,0,0,0,0,0,0,1995,0,0,185,0,0,0,0,0,0,0,0,0,0,0,1,3,0,64,0
2208,75400,0,0,6,217,0,0,0,0,0,0,0,0,2007,0,0,186,0,0,0,0,0,0,0,0,0,0,0,1,3,0,64,0
2209,75401,0,0,6,217,0,0,0,0,0,0,0,0,2018,0,0,187,0,0,0,0,0,0,0,0,0,0,0,1,3,0,64,0
2210,75402,0,0,6,217,0,0,0,0,0,0,0,0,2030,0,0,189,0,0,0,0,0,0,0,0,0,0,0,1,3,0,64,0
2211,75403,0,0,6,217,0,0,0,0,0,0,0,0,2042,0,0,190,0,0,0,0,0,0,0,0,0,0,0,1,3,0,64,0
2212,75404,0,0,6,217,0,0,0,0,0,0,0,0,2053,0,0,191,0,0,0,0,0,0,0,0,0,0,0,1,3,0,64,0
2213,75405,0,0,6,217,0,0,0,0,0,0,0,0,2065,0,0,192,0,0,0,0,0,0,0,0,0,0,0,1,3,0,64,0
2214,75406,0,0,6,217,0,0,0,0,0,0,0,0,2077,0,0,193,0,0,0,0,0,0,0,0,0,0,0,1,3,0,64,0
2215,75407,0,0,6,217,0,0,0,0,0,0,0,0,2088,0,0,194,0,0,0,0,0,0,0,0,0,0,0,1,3,0,64,0
2216,75408,0,0,6,225,0,0,0,0,0,0,0,0,2065,0,0,192,0,0,0,0,0,0,0,0,0,0,0,1,3,0,64,0
2217,75409,0,0,6,225,0,0,0,0,0,0,0,0,2077,0,0,193,0,0,0,0,0,0,0,0,0,0,0,1,3,0,64,0
2218,75410,0,0,6,225,0,0,0,0,0,0,0,0,2088,0,0,194,0,0,0,0,0,0,0,0,0,0,0,1,3,0,64,0
2219,75411,0,0,6,225,0,0,0,0,0,0,0,0,2100,0,0,195,0,0,0,0,0,0,0,0,0,0,0,1,3,0,64,0
2220,75412,0,0,6,225,0,0,0,0,0,0,0,0,2112,0,0,196,0,0,0,0,0,0,0,0,0,0,0,1,3,0,64,0
2221,75413,0,0,6,225,0,0,0,0,0,0,0,0,2123,0,0,197,0,0,0,0,0,0,0,0,0,0,0,1,3,0,64,0
2222,75414,0,0,6,225,0,0,0,0,0,0,0,0,2135,0,0,198,0,0,0,0,0,0,0,0,0,0,0,1,3,0,64,0
2223,75415,0,0,6,225,0,0,0,0,0,0,0,0,2147,0,0,199,0,0,0,0,0,0,0,0,0,0,0,1,3,0,64,0
2224,75416,0,0,6,225,0,0,0,0,0,0,0,0,2158,0,0,200,0,0,0,0,0,0,0,0,0,0,0,1,3,0,64,0
2225,75417,0,0,6,225,0,0,0,0,0,0,0,0,2170,0,0,202,0,0,0,0,0,0,0,0,0,0,0,1,3,0,64,0
2226,75418,0,0,6,225,0,0,0,0,0,0,0,0,2182,0,0,203,0,0,0,0,0,0,0,0,0,0,0,1,3,0,64,0
2227,75419,0,0,6,233,0,0,0,0,0,0,0,0,2158,0,0,200,0,0,0,0,0,0,0,0,0,0,0,1,3,0,64,0
2228,75420,0,0,6,233,0,0,0,0,0,0,0,0,2170,0,0,202,0,0,0,0,0,0,0,0,0,0,0,1,3,0,64,0
2229,75421,0,0,6,233,0,0,0,0,0,0,0,0,2182,0,0,203,0,0,0,0,0,0,0,0,0,0,0,1,3,0,64,0
2230,75422,0,0,6,233,0,0,0,0,0,0,0,0,2193,0,0,204,0,0,0,0,0,0,0,0,0,0,0,1,3,0,64,0
2231,75423,0,0,6,233,0,0,0,0,0,0,0,0,2205,0,0,205,0,0,0,0,0,0,0,0,0,0,0,1,3,0,64,0
2232,75424,0,0,6,233,0,0,0,0,0,0,0,0,2217,0,0,206,0,0,0,0,0,0,0,0,0,0,0,1,3,0,64,0
2233,75425,0,0,6,233,0,0,0,0,0,0,0,0,2228,0,0,207,0,0,0,0,0,0,0,0,0,0,0,1,3,0,64,0
2234,75426,0,0,6,233,0,0,0,0,0,0,0,0,2240,0,0,208,0,0,0,0,0,0,0,0,0,0,0,1,3,0,64,0
2235,76100,0,0,1,1,0,0,0,0,0,0,0,0,7,0,0,1,0,0,0,0,0,0,0,0,0,0,0,1,3,0,128,0
2236,76101,0,0,1,1,0,0,0,0,0,0,0,0,14,0,0,1,0,0,0,0,0,0,0,0,0,0,0,1,3,0,128,0
2237,76102,0,0,1,1,0,0,0,0,0,0,0,0,21,0,0,2,0,0,0,0,0,0,0,0,0,0,0,1,3,0,128,0
2238,76103,0,0,1,1,0,0,0,0,0,0,0,0,28,0,0,3,0,0,0,0,0,0,0,0,0,0,0,1,3,0,128,0
2239,76104,0,0,1,1,0,0,0,0,0,0,0,0,35,0,0,3,0,0,0,0,0,0,0,0,0,0,0,1,3,0,128,0
2240,76105,0,0,1,1,0,0,0,0,0,0,0,0,42,0,0,4,0,0,0,0,0,0,0,0,0,0,0,1,3,0,128,0
2241,76106,0,0,1,1,0,0,0,0,0,0,0,0,49,0,0,5,0,0,0,0,0,0,0,0,0,0,0,1,3,0,128,0
2242,76107,0,0,1,1,0,0,0,0,0,0,0,0,56,0,0,5,0,0,0,0,0,0,0,0,0,0,0,1,3,0,128,0
2243,76108,0,0,1,1,0,0,0,0,0,0,0,0,63,0,0,6,0,0,0,0,0,0,0,0,0,0,0,1,3,0,128,0
2244,76109,0,0,1,1,0,0,0,0,0,0,0,0,70,0,0,7,0,0,0,0,0,0,0,0,0,0,0,1,3,0,128,0
2245,76110,0,0,1,1,0,0,0,0,0,0,0,0,77,0,0,7,0,0,0,0,0,0,0,0,0,0,0,1,3,0,128,0
2246,76111,0,0,1,9,0,0,0,0,0,0,0,0,63,0,0,6,0,0,0,0,0,0,0,0,0,0,0,1,3,0,128,0
2247,76112,0,0,1,9,0,0,0,0,0,0,0,0,70,0,0,7,0,0,0,0,0,0,0,0,0,0,0,1,3,0,128,0
2248,76113,0,0,1,9,0,0,0,0,0,0,0,0,77,0,0,7,0,0,0,0,0,0,0,0,0,0,0,1,3,0,128,0
2249,76114,0,0,1,9,0,0,0,0,0,0,0,0,84,0,0,8,0,0,0,0,0,0,0,0,0,0,0,1,3,0,128,0
2250,76115,0,0,1,9,0,0,0,0,0,0,0,0,91,0,0,8,0,0,0,0,0,0,0,0,0,0,0,1,3,0,128,0
2251,76116,0,0,1,9,0,0,0,0,0,0,0,0,98,0,0,9,0,0,0,0,0,0,0,0,0,0,0,1,3,0,128,0
2252,76117,0,0,1,9,0,0,0,0,0,0,0,0,105,0,0,10,0,0,0,0,0,0,0,0,0,0,0,1,3,0,128,0
2253,76118,0,0,1,9,0,0,0,0,0,0,0,0,112,0,0,10,0,0,0,0,0,0,0,0,0,0,0,1,3,0,128,0
2254,76119,0,0,1,9,0,0,0,0,0,0,0,0,119,0,0,11,0,0,0,0,0,0,0,0,0,0,0,1,3,0,128,0
2255,76120,0,0,1,9,0,0,0,0,0,0,0,0,126,0,0,12,0,0,0,0,0,0,0,0,0,0,0,1,3,0,128,0
2256,76121,0,0,1,9,0,0,0,0,0,0,0,0,133,0,0,12,0,0,0,0,0,0,0,0,0,0,0,1,3,0,128,0
2257,76122,0,0,1,17,0,0,0,0,0,0,0,0,119,0,0,11,0,0,0,0,0,0,0,0,0,0,0,1,3,0,128,0
2258,76123,0,0,1,17,0,0,0,0,0,0,0,0,126,0,0,12,0,0,0,0,0,0,0,0,0,0,0,1,3,0,128,0
2259,76124,0,0,1,17,0,0,0,0,0,0,0,0,133,0,0,12,0,0,0,0,0,0,0,0,0,0,0,1,3,0,128,0
2260,76125,0,0,1,17,0,0,0,0,0,0,0,0,140,0,0,13,0,0,0,0,0,0,0,0,0,0,0,1,3,0,128,0
2261,76126,0,0,1,17,0,0,0,0,0,0,0,0,147,0,0,14,0,0,0,0,0,0,0,0,0,0,0,1,3,0,128,0
2262,76127,0,0,1,17,0,0,0,0,0,0,0,0,154,0,0,14,0,0,0,0,0,0,0,0,0,0,0,1,3,0,128,0
2263,76128,0,0,1,17,0,0,0,0,0,0,0,0,161,0,0,15,0,0,0,0,0,0,0,0,0,0,0,1,3,0,128,0
2264,76129,0,0,1,17,0,0,0,0,0,0,0,0,168,0,0,16,0,0,0,0,0,0,0,0,0,0,0,1,3,0,128,0
2265,76130,0,0,1,17,0,0,0,0,0,0,0,0,175,0,0,16,0,0,0,0,0,0,0,0,0,0,0,1,3,0,128,0
2266,76131,0,0,1,17,0,0,0,0,0,0,0,0,182,0,0,17,0,0,0,0,0,0,0,0,0,0,0,1,3,0,128,0
2267,76132,0,0,1,17,0,0,0,0,0,0,0,0,189,0,0,18,0,0,0,0,0,0,0,0,0,0,0,1,3,0,128,0
2268,76133,0,0,1,25,0,0,0,0,0,0,0,0,175,0,0,16,0,0,0,0,0,0,0,0,0,0,0,1,3,0,128,0
2269,76134,0,0,1,25,0,0,0,0,0,0,0,0,182,0,0,17,0,0,0,0,0,0,0,0,0,0,0,1,3,0,128,0
2270,76135,0,0,1,25,0,0,0,0,0,0,0,0,189,0,0,18,0,0,0,0,0,0,0,0,0,0,0,1,3,0,128,0
2271,76136,0,0,1,25,0,0,0,0,0,0,0,0,196,0,0,18,0,0,0,0,0,0,0,0,0,0,0,1,3,0,128,0
2272,76137,0,0,1,25,0,0,0,0,0,0,0,0,203,0,0,19,0,0,0,0,0,0,0,0,0,0,0,1,3,0,128,0
2273,76138,0,0,1,25,0,0,0,0,0,0,0,0,210,0,0,20,0,0,0,0,0,0,0,0,0,0,0,1,3,0,128,0
2274,76139,0,0,1,25,0,0,0,0,0,0,0,0,217,0,0,20,0,0,0,0,0,0,0,0,0,0,0,1,3,0,128,0
2275,76140,0,0,1,25,0,0,0,0,0,0,0,0,224,0,0,21,0,0,0,0,0,0,0,0,0,0,0,1,3,0,128,0
2276,76141,0,0,1,25,0,0,0,0,0,0,0,0,231,0,0,21,0,0,0,0,0,0,0,0,0,0,0,1,3,0,128,0
2277,76142,0,0,1,25,0,0,0,0,0,0,0,0,238,0,0,22,0,0,0,0,0,0,0,0,0,0,0,1,3,0,128,0
2278,76143,0,0,1,25,0,0,0,0,0,0,0,0,245,0,0,23,0,0,0,0,0,0,0,0,0,0,0,1,3,0,128,0
2279,76144,0,0,2,33,0,0,0,0,0,0,0,0,231,0,0,21,0,0,0,0,0,0,0,0,0,0,0,1,3,0,128,0
2280,76145,0,0,2,33,0,0,0,0,0,0,0,0,238,0,0,22,0,0,0,0,0,0,0,0,0,0,0,1,3,0,128,0
2281,76146,0,0,2,33,0,0,0,0,0,0,0,0,245,0,0,23,0,0,0,0,0,0,0,0,0,0,0,1,3,0,128,0
2282,76147,0,0,2,33,0,0,0,0,0,0,0,0,252,0,0,23,0,0,0,0,0,0,0,0,0,0,0,1,3,0,128,0
2283,76148,0,0,2,33,0,0,0,0,0,0,0,0,259,0,0,24,0,0,0,0,0,0,0,0,0,0,0,1,3,0,128,0
2284,76149,0,0,2,33,0,0,0,0,0,0,0,0,266,0,0,25,0,0,0,0,0,0,0,0,0,0,0,1,3,0,128,0
2285,76150,0,0,2,33,0,0,0,0,0,0,0,0,273,0,0,25,0,0,0,0,0,0,0,0,0,0,0,1,3,0,128,0
2286,76151,0,0,2,33,0,0,0,0,0,0,0,0,280,0,0,26,0,0,0,0,0,0,0,0,0,0,0,1,3,0,128,0
2287,76152,0,0,2,33,0,0,0,0,0,0,0,0,287,0,0,27,0,0,0,0,0,0,0,0,0,0,0,1,3,0,128,0
2288,76153,0,0,2,33,0,0,0,0,0,0,0,0,294,0,0,27,0,0,0,0,0,0,0,0,0,0,0,1,3,0,128,0
2289,76154,0,0,2,33,0,0,0,0,0,0,0,0,301,0,0,28,0,0,0,0,0,0,0,0,0,0,0,1,3,0,128,0
2290,76155,0,0,2,41,0,0,0,0,0,0,0,0,287,0,0,27,0,0,0,0,0,0,0,0,0,0,0,1,3,0,128,0
2291,76156,0,0,2,41,0,0,0,0,0,0,0,0,294,0,0,27,0,0,0,0,0,0,0,0,0,0,0,1,3,0,128,0
2292,76157,0,0,2,41,0,0,0,0,0,0,0,0,301,0,0,28,0,0,0,0,0,0,0,0,0,0,0,1,3,0,128,0
2293,76158,0,0,2,41,0,0,0,0,0,0,0,0,308,0,0,29,0,0,0,0,0,0,0,0,0,0,0,1,3,0,128,0
2294,76159,0,0,2,41,0,0,0,0,0,0,0,0,315,0,0,29,0,0,0,0,0,0,0,0,0,0,0,1,3,0,128,0
2295,76160,0,0,2,41,0,0,0,0,0,0,0,0,322,0,0,30,0,0,0,0,0,0,0,0,0,0,0,1,3,0,128,0
2296,76161,0,0,2,41,0,0,0,0,0,0,0,0,329,0,0,31,0,0,0,0,0,0,0,0,0,0,0,1,3,0,128,0
2297,76162,0,0,2,41,0,0,0,0,0,0,0,0,336,0,0,31,0,0,0,0,0,0,0,0,0,0,0,1,3,0,128,0
2298,76163,0,0,2,41,0,0,0,0,0,0,0,0,343,0,0,32,0,0,0,0,0,0,0,0,0,0,0,1,3,0,128,0
2299,76164,0,0,2,41,0,0,0,0,0,0,0,0,350,0,0,33,0,0,0,0,0,0,0,0,0,0,0,1,3,0,128,0
2300,76165,0,0,2,41,0,0,0,0,0,0,0,0,357,0,0,33,0,0,0,0,0,0,0,0,0,0,0,1,3,0,128,0
2301,76166,0,0,2,49,0,0,0,0,0,0,0,0,343,0,0,32,0,0,0,0,0,0,0,0,0,0,0,1,3,0,128,0
2302,76167,0,0,2,49,0,0,0,0,0,0,0,0,350,0,0,33,0,0,0,0,0,0,0,0,0,0,0,1,3,0,128,0
2303,76168,0,0,2,49,0,0,0,0,0,0,0,0,357,0,0,33,0,0,0,0,0,0,0,0,0,0,0,1,3,0,128,0
2304,76169,0,0,2,49,0,0,0,0,0,0,0,0,364,0,0,34,0,0,0,0,0,0,0,0,0,0,0,1,3,0,128,0
2305,76170,0,0,2,49,0,0,0,0,0,0,0,0,371,0,0,34,0,0,0,0,0,0,0,0,0,0,0,1,3,0,128,0
2306,76171,0,0,2,49,0,0,0,0,0,0,0,0,378,0,0,35,0,0,0,0,0,0,0,0,0,0,0,1,3,0,128,0
2307,76172,0,0,2,49,0,0,0,0,0,0,0,0,385,0,0,36,0,0,0,0,0,0,0,0,0,0,0,1,3,0,128,0
2308,76173,0,0,2,49,0,0,0,0,0,0,0,0,392,0,0,36,0,0,0,0,0,0,0,0,0,0,0,1,3,0,128,0
2309,76174,0,0,2,49,0,0,0,0,0,0,0,0,399,0,0,37,0,0,0,0,0,0,0,0,0,0,0,1,3,0,128,0
2310,76175,0,0,2,49,0,0,0,0,0,0,0,0,406,0,0,38,0,0,0,0,0,0,0,0,0,0,0,1,3,0,128,0
2311,76176,0,0,2,49,0,0,0,0,0,0,0,0,413,0,0,38,0,0,0,0,0,0,0,0,0,0,0,1,3,0,128,0
2312,76177,0,0,2,57,0,0,0,0,0,0,0,0,399,0,0,37,0,0,0,0,0,0,0,0,0,0,0,1,3,0,128,0
2313,76178,0,0,2,57,0,0,0,0,0,0,0,0,406,0,0,38,0,0,0,0,0,0,0,0,0,0,0,1,3,0,128,0
2314,76179,0,0,2,57,0,0,0,0,0,0,0,0,413,0,0,38,0,0,0,0,0,0,0,0,0,0,0,1,3,0,128,0
2315,76180,0,0,2,57,0,0,0,0,0,0,0,0,420,0,0,39,0,0,0,0,0,0,0,0,0,0,0,1,3,0,128,0
2316,76181,0,0,2,57,0,0,0,0,0,0,0,0,429,0,0,40,0,0,0,0,0,0,0,0,0,0,0,1,3,0,128,0
2317,76182,0,0,2,57,0,0,0,0,0,0,0,0,439,0,0,41,0,0,0,0,0,0,0,0,0,0,0,1,3,0,128,0
2318,76183,0,0,2,57,0,0,0,0,0,0,0,0,448,0,0,42,0,0,0,0,0,0,0,0,0,0,0,1,3,0,128,0
2319,76184,0,0,2,57,0,0,0,0,0,0,0,0,457,0,0,42,0,0,0,0,0,0,0,0,0,0,0,1,3,0,128,0
2320,76185,0,0,2,57,0,0,0,0,0,0,0,0,467,0,0,43,0,0,0,0,0,0,0,0,0,0,0,1,3,0,128,0
2321,76186,0,0,2,57,0,0,0,0,0,0,0,0,476,0,0,44,0,0,0,0,0,0,0,0,0,0,0,1,3,0,128,0
2322,76187,0,0,2,57,0,0,0,0,0,0,0,0,485,0,0,45,0,0,0,0,0,0,0,0,0,0,0,1,3,0,128,0
2323,76188,0,0,3,65,0,0,0,0,0,0,0,0,467,0,0,43,0,0,0,0,0,0,0,0,0,0,0,1,3,0,128,0
2324,76189,0,0,3,65,0,0,0,0,0,0,0,0,476,0,0,44,0,0,0,0,0,0,0,0,0,0,0,1,3,0,128,0
2325,76190,0,0,3,65,0,0,0,0,0,0,0,0,485,0,0,45,0,0,0,0,0,0,0,0,0,0,0,1,3,0,128,0
2326,76191,0,0,3,65,0,0,0,0,0,0,0,0,495,0,0,46,0,0,0,0,0,0,0,0,0,0,0,1,3,0,128,0
2327,76192,0,0,3,65,0,0,0,0,0,0,0,0,504,0,0,47,0,0,0,0,0,0,0,0,0,0,0,1,3,0,128,0
2328,76193,0,0,3,65,0,0,0,0,0,0,0,0,513,0,0,48,0,0,0,0,0,0,0,0,0,0,0,1,3,0,128,0
2329,76194,0,0,3,65,0,0,0,0,0,0,0,0,523,0,0,49,0,0,0,0,0,0,0,0,0,0,0,1,3,0,128,0
2330,76195,0,0,3,65,0,0,0,0,0,0,0,0,532,0,0,49,0,0,0,0,0,0,0,0,0,0,0,1,3,0,128,0
2331,76196,0,0,3,65,0,0,0,0,0,0,0,0,541,0,0,50,0,0,0,0,0,0,0,0,0,0,0,1,3,0,128,0
2332,76197,0,0,3,65,0,0,0,0,0,0,0,0,551,0,0,51,0,0,0,0,0,0,0,0,0,0,0,1,3,0,128,0
2333,76198,0,0,3,65,0,0,0,0,0,0,0,0,560,0,0,52,0,0,0,0,0,0,0,0,0,0,0,1,3,0,128,0
2334,76199,0,0,3,73,0,0,0,0,0,0,0,0,541,0,0,50,0,0,0,0,0,0,0,0,0,0,0,1,3,0,128,0
2335,76200,0,0,3,73,0,0,0,0,0,0,0,0,551,0,0,51,0,0,0,0,0,0,0,0,0,0,0,1,3,0,128,0
2336,76201,0,0,3,73,0,0,0,0,0,0,0,0,560,0,0,52,0,0,0,0,0,0,0,0,0,0,0,1,3,0,128,0
2337,76202,0,0,3,73,0,0,0,0,0,0,0,0,569,0,0,53,0,0,0,0,0,0,0,0,0,0,0,1,3,0,128,0
2338,76203,0,0,3,73,0,0,0,0,0,0,0,0,579,0,0,54,0,0,0,0,0,0,0,0,0,0,0,1,3,0,128,0
2339,76204,0,0,3,73,0,0,0,0,0,0,0,0,588,0,0,55,0,0,0,0,0,0,0,0,0,0,0,1,3,0,128,0
2340,76205,0,0,3,73,0,0,0,0,0,0,0,0,597,0,0,55,0,0,0,0,0,0,0,0,0,0,0,1,3,0,128,0
2341,76206,0,0,3,73,0,0,0,0,0,0,0,0,607,0,0,56,0,0,0,0,0,0,0,0,0,0,0,1,3,0,128,0
2342,76207,0,0,3,73,0,0,0,0,0,0,0,0,616,0,0,57,0,0,0,0,0,0,0,0,0,0,0,1,3,0,128,0
2343,76208,0,0,3,73,0,0,0,0,0,0,0,0,625,0,0,58,0,0,0,0,0,0,0,0,0,0,0,1,3,0,128,0
2344,76209,0,0,3,73,0,0,0,0,0,0,0,0,635,0,0,59,0,0,0,0,0,0,0,0,0,0,0,1,3,0,128,0
2345,76210,0,0,3,81,0,0,0,0,0,0,0,0,616,0,0,57,0,0,0,0,0,0,0,0,0,0,0,1,3,0,128,0
2346,76211,0,0,3,81,0,0,0,0,0,0,0,0,625,0,0,58,0,0,0,0,0,0,0,0,0,0,0,1,3,0,128,0
2347,76212,0,0,3,81,0,0,0,0,0,0,0,0,635,0,0,59,0,0,0,0,0,0,0,0,0,0,0,1,3,0,128,0
2348,76213,0,0,3,81,0,0,0,0,0,0,0,0,644,0,0,60,0,0,0,0,0,0,0,0,0,0,0,1,3,0,128,0
2349,76214,0,0,3,81,0,0,0,0,0,0,0,0,653,0,0,61,0,0,0,0,0,0,0,0,0,0,0,1,3,0,128,0
2350,76215,0,0,3,81,0,0,0,0,0,0,0,0,663,0,0,62,0,0,0,0,0,0,0,0,0,0,0,1,3,0,128,0
2351,76216,0,0,3,81,0,0,0,0,0,0,0,0,672,0,0,62,0,0,0,0,0,0,0,0,0,0,0,1,3,0,128,0
2352,76217,0,0,3,81,0,0,0,0,0,0,0,0,681,0,0,63,0,0,0,0,0,0,0,0,0,0,0,1,3,0,128,0
2353,76218,0,0,3,81,0,0,0,0,0,0,0,0,691,0,0,64,0,0,0,0,0,0,0,0,0,0,0,1,3,0,128,0
2354,76219,0,0,3,81,0,0,0,0,0,0,0,0,700,0,0,65,0,0,0,0,0,0,0,0,0,0,0,1,3,0,128,0
2355,76220,0,0,3,81,0,0,0,0,0,0,0,0,709,0,0,66,0,0,0,0,0,0,0,0,0,0,0,1,3,0,128,0
2356,76221,0,0,3,89,0,0,0,0,0,0,0,0,691,0,0,64,0,0,0,0,0,0,0,0,0,0,0,1,3,0,128,0
2357,76222,0,0,3,89,0,0,0,0,0,0,0,0,700,0,0,65,0,0,0,0,0,0,0,0,0,0,0,1,3,0,128,0
2358,76223,0,0,3,89,0,0,0,0,0,0,0,0,709,0,0,66,0,0,0,0,0,0,0,0,0,0,0,1,3,0,128,0
2359,76224,0,0,3,89,0,0,0,0,0,0,0,0,719,0,0,67,0,0,0,0,0,0,0,0,0,0,0,1,3,0,128,0
2360,76225,0,0,3,89,0,0,0,0,0,0,0,0,728,0,0,68,0,0,0,0,0,0,0,0,0,0,0,1,3,0,128,0
2361,76226,0,0,3,89,0,0,0,0,0,0,0,0,737,0,0,68,0,0,0,0,0,0,0,0,0,0,0,1,3,0,128,0
2362,76227,0,0,3,89,0,0,0,0,0,0,0,0,747,0,0,69,0,0,0,0,0,0,0,0,0,0,0,1,3,0,128,0
2363,76228,0,0,3,89,0,0,0,0,0,0,0,0,756,0,0,70,0,0,0,0,0,0,0,0,0,0,0,1,3,0,128,0
2364,76229,0,0,3,89,0,0,0,0,0,0,0,0,765,0,0,71,0,0,0,0,0,0,0,0,0,0,0,1,3,0,128,0
2365,76230,0,0,3,89,0,0,0,0,0,0,0,0,775,0,0,72,0,0,0,0,0,0,0,0,0,0,0,1,3,0,128,0
2366,76231,0,0,3,89,0,0,0,0,0,0,0,0,784,0,0,73,0,0,0,0,0,0,0,0,0,0,0,1,3,0,128,0
2367,76232,0,0,4,97,0,0,0,0,0,0,0,0,765,0,0,71,0,0,0,0,0,0,0,0,0,0,0,1,3,0,128,0
2368,76233,0,0,4,97,0,0,0,0,0,0,0,0,775,0,0,72,0,0,0,0,0,0,0,0,0,0,0,1,3,0,128,0
2369,76234,0,0,4,97,0,0,0,0,0,0,0,0,784,0,0,73,0,0,0,0,0,0,0,0,0,0,0,1,3,0,128,0
2370,76235,0,0,4,97,0,0,0,0,0,0,0,0,793,0,0,74,0,0,0,0,0,0,0,0,0,0,0,1,3,0,128,0
2371,76236,0,0,4,97,0,0,0,0,0,0,0,0,803,0,0,75,0,0,0,0,0,0,0,0,0,0,0,1,3,0,128,0
2372,76237,0,0,4,97,0,0,0,0,0,0,0,0,812,0,0,75,0,0,0,0,0,0,0,0,0,0,0,1,3,0,128,0
2373,76238,0,0,4,97,0,0,0,0,0,0,0,0,821,0,0,76,0,0,0,0,0,0,0,0,0,0,0,1,3,0,128,0
2374,76239,0,0,4,97,0,0,0,0,0,0,0,0,831,0,0,77,0,0,0,0,0,0,0,0,0,0,0,1,3,0,128,0
2375,76240,0,0,4,97,0,0,0,0,0,0,0,0,840,0,0,78,0,0,0,0,0,0,0,0,0,0,0,1,3,0,128,0
2376,76241,0,0,4,97,0,0,0,0,0,0,0,0,849,0,0,79,0,0,0,0,0,0,0,0,0,0,0,1,3,0,128,0
2377,76242,0,0,4,97,0,0,0,0,0,0,0,0,859,0,0,80,0,0,0,0,0,0,0,0,0,0,0,1,3,0,128,0
2378,76243,0,0,4,105,0,0,0,0,0,0,0,0,840,0,0,78,0,0,0,0,0,0,0,0,0,0,0,1,3,0,128,0
2379,76244,0,0,4,105,0,0,0,0,0,0,0,0,849,0,0,79,0,0,0,0,0,0,0,0,0,0,0,1,3,0,128,0
2380,76245,0,0,4,105,0,0,0,0,0,0,0,0,859,0,0,80,0,0,0,0,0,0,0,0,0,0,0,1,3,0,128,0
2381,76246,0,0,4,105,0,0,0,0,0,0,0,0,868,0,0,81,0,0,0,0,0,0,0,0,0,0,0,1,3,0,128,0
2382,76247,0,0,4,105,0,0,0,0,0,0,0,0,877,0,0,81,0,0,0,0,0,0,0,0,0,0,0,1,3,0,128,0
2383,76248,0,0,4,105,0,0,0,0,0,0,0,0,887,0,0,82,0,0,0,0,0,0,0,0,0,0,0,1,3,0,128,0
2384,76249,0,0,4,105,0,0,0,0,0,0,0,0,896,0,0,83,0,0,0,0,0,0,0,0,0,0,0,1,3,0,128,0
2385,76250,0,0,4,105,0,0,0,0,0,0,0,0,905,0,0,84,0,0,0,0,0,0,0,0,0,0,0,1,3,0,128,0
2386,76251,0,0,4,105,0,0,0,0,0,0,0,0,915,0,0,85,0,0,0,0,0,0,0,0,0,0,0,1,3,0,128,0
2387,76252,0,0,4,105,0,0,0,0,0,0,0,0,924,0,0,86,0,0,0,0,0,0,0,0,0,0,0,1,3,0,128,0
2388,76253,0,0,4,105,0,0,0,0,0,0,0,0,933,0,0,87,0,0,0,0,0,0,0,0,0,0,0,1,3,0,128,0
2389,76254,0,0,4,113,0,0,0,0,0,0,0,0,915,0,0,85,0,0,0,0,0,0,0,0,0,0,0,1,3,0,128,0
2390,76255,0,0,4,113,0,0,0,0,0,0,0,0,924,0,0,86,0,0,0,0,0,0,0,0,0,0,0,1,3,0,128,0
2391,76256,0,0,4,113,0,0,0,0,0,0,0,0,933,0,0,87,0,0,0,0,0,0,0,0,0,0,0,1,3,0,128,0
2392,76257,0,0,4,113,0,0,0,0,0,0,0,0,943,0,0,88,0,0,0,0,0,0,0,0,0,0,0,1,3,0,128,0
2393,76258,0,0,4,113,0,0,0,0,0,0,0,0,952,0,0,88,0,0,0,0,0,0,0,0,0,0,0,1,3,0,128,0
2394,76259,0,0,4,113,0,0,0,0,0,0,0,0,961,0,0,89,0,0,0,0,0,0,0,0,0,0,0,1,3,0,128,0
2395,76260,0,0,4,113,0,0,0,0,0,0,0,0,971,0,0,90,0,0,0,0,0,0,0,0,0,0,0,1,3,0,128,0
2396,76261,0,0,4,113,0,0,0,0,0,0,0,0,980,0,0,91,0,0,0,0,0,0,0,0,0,0,0,1,3,0,128,0
2397,76262,0,0,4,113,0,0,0,0,0,0,0,0,989,0,0,92,0,0,0,0,0,0,0,0,0,0,0,1,3,0,128,0
2398,76263,0,0,4,113,0,0,0,0,0,0,0,0,999,0,0,93,0,0,0,0,0,0,0,0,0,0,0,1,3,0,128,0
2399,76264,0,0,4,113,0,0,0,0,0,0,0,0,1008,0,0,94,0,0,0,0,0,0,0,0,0,0,0,1,3,0,128,0
2400,76265,0,0,4,121,0,0,0,0,0,0,0,0,989,0,0,92,0,0,0,0,0,0,0,0,0,0,0,1,3,0,128,0
2401,76266,0,0,4,121,0,0,0,0,0,0,0,0,999,0,0,93,0,0,0,0,0,0,0,0,0,0,0,1,3,0,128,0
2402,76267,0,0,4,121,0,0,0,0,0,0,0,0,1008,0,0,94,0,0,0,0,0,0,0,0,0,0,0,1,3,0,128,0
2403,76268,0,0,4,121,0,0,0,0,0,0,0,0,1017,0,0,94,0,0,0,0,0,0,0,0,0,0,0,1,3,0,128,0
2404,76269,0,0,4,121,0,0,0,0,0,0,0,0,1027,0,0,95,0,0,0,0,0,0,0,0,0,0,0,1,3,0,128,0
2405,76270,0,0,4,121,0,0,0,0,0,0,0,0,1036,0,0,96,0,0,0,0,0,0,0,0,0,0,0,1,3,0,128,0
2406,76271,0,0,4,121,0,0,0,0,0,0,0,0,1045,0,0,97,0,0,0,0,0,0,0,0,0,0,0,1,3,0,128,0
2407,76272,0,0,4,121,0,0,0,0,0,0,0,0,1055,0,0,98,0,0,0,0,0,0,0,0,0,0,0,1,3,0,128,0
2408,76273,0,0,4,121,0,0,0,0,0,0,0,0,1064,0,0,99,0,0,0,0,0,0,0,0,0,0,0,1,3,0,128,0
2409,76274,0,0,4,121,0,0,0,0,0,0,0,0,1073,0,0,100,0,0,0,0,0,0,0,0,0,0,0,1,3,0,128,0
2410,76275,0,0,4,121,0,0,0,0,0,0,0,0,1083,0,0,101,0,0,0,0,0,0,0,0,0,0,0,1,3,0,128,0
2411,76276,0,0,4,129,0,0,0,0,0,0,0,0,1064,0,0,99,0,0,0,0,0,0,0,0,0,0,0,1,3,0,128,0
2412,76277,0,0,4,129,0,0,0,0,0,0,0,0,1073,0,0,100,0,0,0,0,0,0,0,0,0,0,0,1,3,0,128,0
2413,76278,0,0,4,129,0,0,0,0,0,0,0,0,1083,0,0,101,0,0,0,0,0,0,0,0,0,0,0,1,3,0,128,0
2414,76279,0,0,4,129,0,0,0,0,0,0,0,0,1092,0,0,101,0,0,0,0,0,0,0,0,0,0,0,1,3,0,128,0
2415,76280,0,0,4,129,0,0,0,0,0,0,0,0,1101,0,0,102,0,0,0,0,0,0,0,0,0,0,0,1,3,0,128,0
2416,76281,0,0,4,129,0,0,0,0,0,0,0,0,1111,0,0,103,0,0,0,0,0,0,0,0,0,0,0,1,3,0,128,0
2417,76282,0,0,4,129,0,0,0,0,0,0,0,0,1120,0,0,104,0,0,0,0,0,0,0,0,0,0,0,1,3,0,128,0
2418,76283,0,0,4,129,0,0,0,0,0,0,0,0,1129,0,0,105,0,0,0,0,0,0,0,0,0,0,0,1,3,0,128,0
2419,76284,0,0,4,129,0,0,0,0,0,0,0,0,1139,0,0,106,0,0,0,0,0,0,0,0,0,0,0,1,3,0,128,0
2420,76285,0,0,4,129,0,0,0,0,0,0,0,0,1148,0,0,107,0,0,0,0,0,0,0,0,0,0,0,1,3,0,128,0
2421,76286,0,0,4,129,0,0,0,0,0,0,0,0,1157,0,0,107,0,0,0,0,0,0,0,0,0,0,0,1,3,0,128,0
2422,76287,0,0,5,137,0,0,0,0,0,0,0,0,1139,0,0,106,0,0,0,0,0,0,0,0,0,0,0,1,3,0,128,0
2423,76288,0,0,5,137,0,0,0,0,0,0,0,0,1148,0,0,107,0,0,0,0,0,0,0,0,0,0,0,1,3,0,128,0
2424,76289,0,0,5,137,0,0,0,0,0,0,0,0,1157,0,0,107,0,0,0,0,0,0,0,0,0,0,0,1,3,0,128,0
2425,76290,0,0,5,137,0,0,0,0,0,0,0,0,1167,0,0,108,0,0,0,0,0,0,0,0,0,0,0,1,3,0,128,0
2426,76291,0,0,5,137,0,0,0,0,0,0,0,0,1176,0,0,109,0,0,0,0,0,0,0,0,0,0,0,1,3,0,128,0
2427,76292,0,0,5,137,0,0,0,0,0,0,0,0,1185,0,0,110,0,0,0,0,0,0,0,0,0,0,0,1,3,0,128,0
2428,76293,0,0,5,137,0,0,0,0,0,0,0,0,1195,0,0,111,0,0,0,0,0,0,0,0,0,0,0,1,3,0,128,0
2429,76294,0,0,5,137,0,0,0,0,0,0,0,0,1204,0,0,112,0,0,0,0,0,0,0,0,0,0,0,1,3,0,128,0
2430,76295,0,0,5,137,0,0,0,0,0,0,0,0,1213,0,0,113,0,0,0,0,0,0,0,0,0,0,0,1,3,0,128,0
2431,76296,0,0,5,137,0,0,0,0,0,0,0,0,1223,0,0,114,0,0,0,0,0,0,0,0,0,0,0,1,3,0,128,0
2432,76297,0,0,5,137,0,0,0,0,0,0,0,0,1232,0,0,114,0,0,0,0,0,0,0,0,0,0,0,1,3,0,128,0
2433,76298,0,0,5,145,0,0,0,0,0,0,0,0,1213,0,0,113,0,0,0,0,0,0,0,0,0,0,0,1,3,0,128,0
2434,76299,0,0,5,145,0,0,0,0,0,0,0,0,1223,0,0,114,0,0,0,0,0,0,0,0,0,0,0,1,3,0,128,0
2435,76300,0,0,5,145,0,0,0,0,0,0,0,0,1232,0,0,114,0,0,0,0,0,0,0,0,0,0,0,1,3,0,128,0
2436,76301,0,0,5,145,0,0,0,0,0,0,0,0,1241,0,0,115,0,0,0,0,0,0,0,0,0,0,0,1,3,0,128,0
2437,76302,0,0,5,145,0,0,0,0,0,0,0,0,1251,0,0,116,0,0,0,0,0,0,0,0,0,0,0,1,3,0,128,0
2438,76303,0,0,5,145,0,0,0,0,0,0,0,0,1260,0,0,117,0,0,0,0,0,0,0,0,0,0,0,1,3,0,128,0
2439,76304,0,0,5,145,0,0,0,0,0,0,0,0,1269,0,0,118,0,0,0,0,0,0,0,0,0,0,0,1,3,0,128,0
2440,76305,0,0,5,145,0,0,0,0,0,0,0,0,1279,0,0,119,0,0,0,0,0,0,0,0,0,0,0,1,3,0,128,0
2441,76306,0,0,5,145,0,0,0,0,0,0,0,0,1288,0,0,120,0,0,0,0,0,0,0,0,0,0,0,1,3,0,128,0
2442,76307,0,0,5,145,0,0,0,0,0,0,0,0,1297,0,0,120,0,0,0,0,0,0,0,0,0,0,0,1,3,0,128,0
2443,76308,0,0,5,145,0,0,0,0,0,0,0,0,1307,0,0,121,0,0,0,0,0,0,0,0,0,0,0,1,3,0,128,0
2444,76309,0,0,5,153,0,0,0,0,0,0,0,0,1288,0,0,120,0,0,0,0,0,0,0,0,0,0,0,1,3,0,128,0
2445,76310,0,0,5,153,0,0,0,0,0,0,0,0,1297,0,0,120,0,0,0,0,0,0,0,0,0,0,0,1,3,0,128,0
2446,76311,0,0,5,153,0,0,0,0,0,0,0,0,1307,0,0,121,0,0,0,0,0,0,0,0,0,0,0,1,3,0,128,0
2447,76312,0,0,5,153,0,0,0,0,0,0,0,0,1316,0,0,122,0,0,0,0,0,0,0,0,0,0,0,1,3,0,128,0
2448,76313,0,0,5,153,0,0,0,0,0,0,0,0,1325,0,0,123,0,0,0,0,0,0,0,0,0,0,0,1,3,0,128,0
2449,76314,0,0,5,153,0,0,0,0,0,0,0,0,1335,0,0,124,0,0,0,0,0,0,0,0,0,0,0,1,3,0,128,0
2450,76315,0,0,5,153,0,0,0,0,0,0,0,0,1344,0,0,125,0,0,0,0,0,0,0,0,0,0,0,1,3,0,128,0
2451,76316,0,0,5,153,0,0,0,0,0,0,0,0,1353,0,0,126,0,0,0,0,0,0,0,0,0,0,0,1,3,0,128,0
2452,76317,0,0,5,153,0,0,0,0,0,0,0,0,1363,0,0,127,0,0,0,0,0,0,0,0,0,0,0,1,3,0,128,0
2453,76318,0,0,5,153,0,0,0,0,0,0,0,0,1372,0,0,127,0,0,0,0,0,0,0,0,0,0,0,1,3,0,128,0
2454,76319,0,0,5,153,0,0,0,0,0,0,0,0,1381,0,0,128,0,0,0,0,0,0,0,0,0,0,0,1,3,0,128,0
2455,76320,0,0,5,161,0,0,0,0,0,0,0,0,1363,0,0,127,0,0,0,0,0,0,0,0,0,0,0,1,3,0,128,0
2456,76321,0,0,5,161,0,0,0,0,0,0,0,0,1372,0,0,127,0,0,0,0,0,0,0,0,0,0,0,1,3,0,128,0
2457,76322,0,0,5,161,0,0,0,0,0,0,0,0,1381,0,0,128,0,0,0,0,0,0,0,0,0,0,0,1,3,0,128,0
2458,76323,0,0,5,161,0,0,0,0,0,0,0,0,1391,0,0,129,0,0,0,0,0,0,0,0,0,0,0,1,3,0,128,0
2459,76324,0,0,5,161,0,0,0,0,0,0,0,0,1400,0,0,130,0,0,0,0,0,0,0,0,0,0,0,1,3,0,128,0
2460,76325,0,0,5,161,0,0,0,0,0,0,0,0,1409,0,0,131,0,0,0,0,0,0,0,0,0,0,0,1,3,0,128,0
2461,76326,0,0,5,161,0,0,0,0,0,0,0,0,1419,0,0,132,0,0,0,0,0,0,0,0,0,0,0,1,3,0,128,0
2462,76327,0,0,5,161,0,0,0,0,0,0,0,0,1428,0,0,133,0,0,0,0,0,0,0,0,0,0,0,1,3,0,128,0
2463,76328,0,0,5,161,0,0,0,0,0,0,0,0,1437,0,0,133,0,0,0,0,0,0,0,0,0,0,0,1,3,0,128,0
2464,76329,0,0,5,161,0,0,0,0,0,0,0,0,1447,0,0,134,0,0,0,0,0,0,0,0,0,0,0,1,3,0,128,0
2465,76330,0,0,5,161,0,0,0,0,0,0,0,0,1456,0,0,135,0,0,0,0,0,0,0,0,0,0,0,1,3,0,128,0
2466,76331,0,0,5,169,0,0,0,0,0,0,0,0,1437,0,0,133,0,0,0,0,0,0,0,0,0,0,0,1,3,0,128,0
2467,76332,0,0,5,169,0,0,0,0,0,0,0,0,1447,0,0,134,0,0,0,0,0,0,0,0,0,0,0,1,3,0,128,0
2468,76333,0,0,5,169,0,0,0,0,0,0,0,0,1456,0,0,135,0,0,0,0,0,0,0,0,0,0,0,1,3,0,128,0
2469,76334,0,0,5,169,0,0,0,0,0,0,0,0,1465,0,0,136,0,0,0,0,0,0,0,0,0,0,0,1,3,0,128,0
2470,76335,0,0,5,169,0,0,0,0,0,0,0,0,1475,0,0,137,0,0,0,0,0,0,0,0,0,0,0,1,3,0,128,0
2471,76336,0,0,5,169,0,0,0,0,0,0,0,0,1484,0,0,138,0,0,0,0,0,0,0,0,0,0,0,1,3,0,128,0
2472,76337,0,0,5,169,0,0,0,0,0,0,0,0,1493,0,0,139,0,0,0,0,0,0,0,0,0,0,0,1,3,0,128,0
2473,76338,0,0,5,169,0,0,0,0,0,0,0,0,1503,0,0,140,0,0,0,0,0,0,0,0,0,0,0,1,3,0,128,0
2474,76339,0,0,5,169,0,0,0,0,0,0,0,0,1512,0,0,140,0,0,0,0,0,0,0,0,0,0,0,1,3,0,128,0
2475,76340,0,0,5,169,0,0,0,0,0,0,0,0,1521,0,0,141,0,0,0,0,0,0,0,0,0,0,0,1,3,0,128,0
2476,76341,0,0,5,169,0,0,0,0,0,0,0,0,1531,0,0,142,0,0,0,0,0,0,0,0,0,0,0,1,3,0,128,0
2477,76342,0,0,5,177,0,0,0,0,0,0,0,0,1512,0,0,140,0,0,0,0,0,0,0,0,0,0,0,1,3,0,128,0
2478,76343,0,0,5,177,0,0,0,0,0,0,0,0,1521,0,0,141,0,0,0,0,0,0,0,0,0,0,0,1,3,0,128,0
2479,76344,0,0,5,177,0,0,0,0,0,0,0,0,1531,0,0,142,0,0,0,0,0,0,0,0,0,0,0,1,3,0,128,0
2480,76345,0,0,5,177,0,0,0,0,0,0,0,0,1540,0,0,143,0,0,0,0,0,0,0,0,0,0,0,1,3,0,128,0
2481,76346,0,0,5,177,0,0,0,0,0,0,0,0,1552,0,0,144,0,0,0,0,0,0,0,0,0,0,0,1,3,0,128,0
2482,76347,0,0,5,177,0,0,0,0,0,0,0,0,1563,0,0,145,0,0,0,0,0,0,0,0,0,0,0,1,3,0,128,0
2483,76348,0,0,5,177,0,0,0,0,0,0,0,0,1575,0,0,146,0,0,0,0,0,0,0,0,0,0,0,1,3,0,128,0
2484,76349,0,0,5,177,0,0,0,0,0,0,0,0,1587,0,0,147,0,0,0,0,0,0,0,0,0,0,0,1,3,0,128,0
2485,76350,0,0,5,177,0,0,0,0,0,0,0,0,1598,0,0,148,0,0,0,0,0,0,0,0,0,0,0,1,3,0,128,0
2486,76351,0,0,5,177,0,0,0,0,0,0,0,0,1610,0,0,150,0,0,0,0,0,0,0,0,0,0,0,1,3,0,128,0
2487,76352,0,0,5,177,0,0,0,0,0,0,0,0,1622,0,0,151,0,0,0,0,0,0,0,0,0,0,0,1,3,0,128,0
2488,76353,0,0,5,185,0,0,0,0,0,0,0,0,1598,0,0,148,0,0,0,0,0,0,0,0,0,0,0,1,3,0,128,0
2489,76354,0,0,5,185,0,0,0,0,0,0,0,0,1610,0,0,150,0,0,0,0,0,0,0,0,0,0,0,1,3,0,128,0
2490,76355,0,0,5,185,0,0,0,0,0,0,0,0,1622,0,0,151,0,0,0,0,0,0,0,0,0,0,0,1,3,0,128,0
2491,76356,0,0,5,185,0,0,0,0,0,0,0,0,1633,0,0,152,0,0,0,0,0,0,0,0,0,0,0,1,3,0,128,0
2492,76357,0,0,5,185,0,0,0,0,0,0,0,0,1645,0,0,153,0,0,0,0,0,0,0,0,0,0,0,1,3,0,128,0
2493,76358,0,0,5,185,0,0,0,0,0,0,0,0,1657,0,0,154,0,0,0,0,0,0,0,0,0,0,0,1,3,0,128,0
2494,76359,0,0,5,185,0,0,0,0,0,0,0,0,1668,0,0,155,0,0,0,0,0,0,0,0,0,0,0,1,3,0,128,0
2495,76360,0,0,5,185,0,0,0,0,0,0,0,0,1680,0,0,156,0,0,0,0,0,0,0,0,0,0,0,1,3,0,128,0
2496,76361,0,0,5,185,0,0,0,0,0,0,0,0,1692,0,0,157,0,0,0,0,0,0,0,0,0,0,0,1,3,0,128,0
2497,76362,0,0,5,185,0,0,0,0,0,0,0,0,1703,0,0,158,0,0,0,0,0,0,0,0,0,0,0,1,3,0,128,0
2498,76363,0,0,5,185,0,0,0,0,0,0,0,0,1715,0,0,159,0,0,0,0,0,0,0,0,0,0,0,1,3,0,128,0
2499,76364,0,0,5,193,0,0,0,0,0,0,0,0,1692,0,0,157,0,0,0,0,0,0,0,0,0,0,0,1,3,0,128,0
2500,76365,0,0,5,193,0,0,0,0,0,0,0,0,1703,0,0,158,0,0,0,0,0,0,0,0,0,0,0,1,3,0,128,0
2501,76366,0,0,5,193,0,0,0,0,0,0,0,0,1715,0,0,159,0,0,0,0,0,0,0,0,0,0,0,1,3,0,128,0
2502,76367,0,0,5,193,0,0,0,0,0,0,0,0,1727,0,0,160,0,0,0,0,0,0,0,0,0,0,0,1,3,0,128,0
2503,76368,0,0,5,193,0,0,0,0,0,0,0,0,1738,0,0,161,0,0,0,0,0,0,0,0,0,0,0,1,3,0,128,0
2504,76369,0,0,5,193,0,0,0,0,0,0,0,0,1750,0,0,163,0,0,0,0,0,0,0,0,0,0,0,1,3,0,128,0
2505,76370,0,0,5,193,0,0,0,0,0,0,0,0,1762,0,0,164,0,0,0,0,0,0,0,0,0,0,0,1,3,0,128,0
2506,76371,0,0,6,193,0,0,0,0,0,0,0,0,1773,0,0,165,0,0,0,0,0,0,0,0,0,0,0,1,3,0,128,0
2507,76372,0,0,6,193,0,0,0,0,0,0,0,0,1785,0,0,166,0,0,0,0,0,0,0,0,0,0,0,1,3,0,128,0
2508,76373,0,0,6,193,0,0,0,0,0,0,0,0,1797,0,0,167,0,0,0,0,0,0,0,0,0,0,0,1,3,0,128,0
2509,76374,0,0,6,193,0,0,0,0,0,0,0,0,1808,0,0,168,0,0,0,0,0,0,0,0,0,0,0,1,3,0,128,0
2510,76375,0,0,6,201,0,0,0,0,0,0,0,0,1785,0,0,166,0,0,0,0,0,0,0,0,0,0,0,1,3,0,128,0
2511,76376,0,0,6,201,0,0,0,0,0,0,0,0,1797,0,0,167,0,0,0,0,0,0,0,0,0,0,0,1,3,0,128,0
2512,76377,0,0,6,201,0,0,0,0,0,0,0,0,1808,0,0,168,0,0,0,0,0,0,0,0,0,0,0,1,3,0,128,0
2513,76378,0,0,6,201,0,0,0,0,0,0,0,0,1820,0,0,169,0,0,0,0,0,0,0,0,0,0,0,1,3,0,128,0
2514,76379,0,0,6,201,0,0,0,0,0,0,0,0,1832,0,0,170,0,0,0,0,0,0,0,0,0,0,0,1,3,0,128,0
2515,76380,0,0,6,201,0,0,0,0,0,0,0,0,1843,0,0,171,0,0,0,0,0,0,0,0,0,0,0,1,3,0,128,0
2516,76381,0,0,6,201,0,0,0,0,0,0,0,0,1855,0,0,172,0,0,0,0,0,0,0,0,0,0,0,1,3,0,128,0
2517,76382,0,0,6,201,0,0,0,0,0,0,0,0,1867,0,0,173,0,0,0,0,0,0,0,0,0,0,0,1,3,0,128,0
2518,76383,0,0,6,201,0,0,0,0,0,0,0,0,1878,0,0,174,0,0,0,0,0,0,0,0,0,0,0,1,3,0,128,0
2519,76384,0,0,6,201,0,0,0,0,0,0,0,0,1890,0,0,176,0,0,0,0,0,0,0,0,0,0,0,1,3,0,128,0
2520,76385,0,0,6,201,0,0,0,0,0,0,0,0,1902,0,0,177,0,0,0,0,0,0,0,0,0,0,0,1,3,0,128,0
2521,76386,0,0,6,209,0,0,0,0,0,0,0,0,1878,0,0,174,0,0,0,0,0,0,0,0,0,0,0,1,3,0,128,0
2522,76387,0,0,6,209,0,0,0,0,0,0,0,0,1890,0,0,176,0,0,0,0,0,0,0,0,0,0,0,1,3,0,128,0
2523,76388,0,0,6,209,0,0,0,0,0,0,0,0,1902,0,0,177,0,0,0,0,0,0,0,0,0,0,0,1,3,0,128,0
2524,76389,0,0,6,209,0,0,0,0,0,0,0,0,1913,0,0,178,0,0,0,0,0,0,0,0,0,0,0,1,3,0,128,0
2525,76390,0,0,6,209,0,0,0,0,0,0,0,0,1925,0,0,179,0,0,0,0,0,0,0,0,0,0,0,1,3,0,128,0
2526,76391,0,0,6,209,0,0,0,0,0,0,0,0,1937,0,0,180,0,0,0,0,0,0,0,0,0,0,0,1,3,0,128,0
2527,76392,0,0,6,209,0,0,0,0,0,0,0,0,1948,0,0,181,0,0,0,0,0,0,0,0,0,0,0,1,3,0,128,0
2528,76393,0,0,6,209,0,0,0,0,0,0,0,0,1960,0,0,182,0,0,0,0,0,0,0,0,0,0,0,1,3,0,128,0
2529,76394,0,0,6,209,0,0,0,0,0,0,0,0,1972,0,0,183,0,0,0,0,0,0,0,0,0,0,0,1,3,0,128,0
2530,76395,0,0,6,209,0,0,0,0,0,0,0,0,1983,0,0,184,0,0,0,0,0,0,0,0,0,0,0,1,3,0,128,0
2531,76396,0,0,6,209,0,0,0,0,0,0,0,0,1995,0,0,185,0,0,0,0,0,0,0,0,0,0,0,1,3,0,128,0
2532,76397,0,0,6,217,0,0,0,0,0,0,0,0,1972,0,0,183,0,0,0,0,0,0,0,0,0,0,0,1,3,0,128,0
2533,76398,0,0,6,217,0,0,0,0,0,0,0,0,1983,0,0,184,0,0,0,0,0,0,0,0,0,0,0,1,3,0,128,0
2534,76399,0,0,6,217,0,0,0,0,0,0,0,0,1995,0,0,185,0,0,0,0,0,0,0,0,0,0,0,1,3,0,128,0
2535,76400,0,0,6,217,0,0,0,0,0,0,0,0,2007,0,0,186,0,0,0,0,0,0,0,0,0,0,0,1,3,0,128,0
2536,76401,0,0,6,217,0,0,0,0,0,0,0,0,2018,0,0,187,0,0,0,0,0,0,0,0,0,0,0,1,3,0,128,0
2537,76402,0,0,6,217,0,0,0,0,0,0,0,0,2030,0,0,189,0,0,0,0,0,0,0,0,0,0,0,1,3,0,128,0
2538,76403,0,0,6,217,0,0,0,0,0,0,0,0,2042,0,0,190,0,0,0,0,0,0,0,0,0,0,0,1,3,0,128,0
2539,76404,0,0,6,217,0,0,0,0,0,0,0,0,2053,0,0,191,0,0,0,0,0,0,0,0,0,0,0,1,3,0,128,0
2540,76405,0,0,6,217,0,0,0,0,0,0,0,0,2065,0,0,192,0,0,0,0,0,0,0,0,0,0,0,1,3,0,128,0
2541,76406,0,0,6,217,0,0,0,0,0,0,0,0,2077,0,0,193,0,0,0,0,0,0,0,0,0,0,0,1,3,0,128,0
2542,76407,0,0,6,217,0,0,0,0,0,0,0,0,2088,0,0,194,0,0,0,0,0,0,0,0,0,0,0,1,3,0,128,0
2543,76408,0,0,6,225,0,0,0,0,0,0,0,0,2065,0,0,192,0,0,0,0,0,0,0,0,0,0,0,1,3,0,128,0
2544,76409,0,0,6,225,0,0,0,0,0,0,0,0,2077,0,0,193,0,0,0,0,0,0,0,0,0,0,0,1,3,0,128,0
2545,76410,0,0,6,225,0,0,0,0,0,0,0,0,2088,0,0,194,0,0,0,0,0,0,0,0,0,0,0,1,3,0,128,0
2546,76411,0,0,6,225,0,0,0,0,0,0,0,0,2100,0,0,195,0,0,0,0,0,0,0,0,0,0,0,1,3,0,128,0
2547,76412,0,0,6,225,0,0,0,0,0,0,0,0,2112,0,0,196,0,0,0,0,0,0,0,0,0,0,0,1,3,0,128,0
2548,76413,0,0,6,225,0,0,0,0,0,0,0,0,2123,0,0,197,0,0,0,0,0,0,0,0,0,0,0,1,3,0,128,0
2549,76414,0,0,6,225,0,0,0,0,0,0,0,0,2135,0,0,198,0,0,0,0,0,0,0,0,0,0,0,1,3,0,128,0
2550,76415,0,0,6,225,0,0,0,0,0,0,0,0,2147,0,0,199,0,0,0,0,0,0,0,0,0,0,0,1,3,0,128,0
2551,76416,0,0,6,225,0,0,0,0,0,0,0,0,2158,0,0,200,0,0,0,0,0,0,0,0,0,0,0,1,3,0,128,0
2552,76417,0,0,6,225,0,0,0,0,0,0,0,0,2170,0,0,202,0,0,0,0,0,0,0,0,0,0,0,1,3,0,128,0
2553,76418,0,0,6,225,0,0,0,0,0,0,0,0,2182,0,0,203,0,0,0,0,0,0,0,0,0,0,0,1,3,0,128,0
2554,76419,0,0,6,233,0,0,0,0,0,0,0,0,2158,0,0,200,0,0,0,0,0,0,0,0,0,0,0,1,3,0,128,0
2555,76420,0,0,6,233,0,0,0,0,0,0,0,0,2170,0,0,202,0,0,0,0,0,0,0,0,0,0,0,1,3,0,128,0
2556,76421,0,0,6,233,0,0,0,0,0,0,0,0,2182,0,0,203,0,0,0,0,0,0,0,0,0,0,0,1,3,0,128,0
2557,76422,0,0,6,233,0,0,0,0,0,0,0,0,2193,0,0,204,0,0,0,0,0,0,0,0,0,0,0,1,3,0,128,0
2558,76423,0,0,6,233,0,0,0,0,0,0,0,0,2205,0,0,205,0,0,0,0,0,0,0,0,0,0,0,1,3,0,128,0
2559,76424,0,0,6,233,0,0,0,0,0,0,0,0,2217,0,0,206,0,0,0,0,0,0,0,0,0,0,0,1,3,0,128,0
2560,76425,0,0,6,233,0,0,0,0,0,0,0,0,2228,0,0,207,0,0,0,0,0,0,0,0,0,0,0,1,3,0,128,0
2561,76426,0,0,6,233,0,0,0,0,0,0,0,0,2240,0,0,208,0,0,0,0,0,0,0,0,0,0,0,1,3,0,128,0
2562,77100,0,0,1,1,0,0,0,0,0,0,0,0,4,0,0,1,0,0,0,0,0,0,0,0,0,0,0,1,3,0,256,0
2563,77101,0,0,1,1,0,0,0,0,0,0,0,0,7,0,0,1,0,0,0,0,0,0,0,0,0,0,0,1,3,0,256,0
2564,77102,0,0,1,1,0,0,0,0,0,0,0,0,11,0,0,1,0,0,0,0,0,0,0,0,0,0,0,1,3,0,256,0
2565,77103,0,0,1,1,0,0,0,0,0,0,0,0,14,0,0,1,0,0,0,0,0,0,0,0,0,0,0,1,3,0,256,0
2566,77104,0,0,1,1,0,0,0,0,0,0,0,0,18,0,0,2,0,0,0,0,0,0,0,0,0,0,0,1,3,0,256,0
2567,77105,0,0,1,1,0,0,0,0,0,0,0,0,21,0,0,2,0,0,0,0,0,0,0,0,0,0,0,1,3,0,256,0
2568,77106,0,0,1,1,0,0,0,0,0,0,0,0,25,0,0,2,0,0,0,0,0,0,0,0,0,0,0,1,3,0,256,0
2569,77107,0,0,1,1,0,0,0,0,0,0,0,0,28,0,0,3,0,0,0,0,0,0,0,0,0,0,0,1,3,0,256,0
2570,77108,0,0,1,1,0,0,0,0,0,0,0,0,32,0,0,3,0,0,0,0,0,0,0,0,0,0,0,1,3,0,256,0
2571,77109,0,0,1,1,0,0,0,0,0,0,0,0,35,0,0,3,0,0,0,0,0,0,0,0,0,0,0,1,3,0,256,0
2572,77110,0,0,1,1,0,0,0,0,0,0,0,0,39,0,0,4,0,0,0,0,0,0,0,0,0,0,0,1,3,0,256,0
2573,77111,0,0,1,9,0,0,0,0,0,0,0,0,32,0,0,3,0,0,0,0,0,0,0,0,0,0,0,1,3,0,256,0
2574,77112,0,0,1,9,0,0,0,0,0,0,0,0,35,0,0,3,0,0,0,0,0,0,0,0,0,0,0,1,3,0,256,0
2575,77113,0,0,1,9,0,0,0,0,0,0,0,0,39,0,0,4,0,0,0,0,0,0,0,0,0,0,0,1,3,0,256,0
2576,77114,0,0,1,9,0,0,0,0,0,0,0,0,42,0,0,4,0,0,0,0,0,0,0,0,0,0,0,1,3,0,256,0
2577,77115,0,0,1,9,0,0,0,0,0,0,0,0,46,0,0,4,0,0,0,0,0,0,0,0,0,0,0,1,3,0,256,0
2578,77116,0,0,1,9,0,0,0,0,0,0,0,0,49,0,0,5,0,0,0,0,0,0,0,0,0,0,0,1,3,0,256,0
2579,77117,0,0,1,9,0,0,0,0,0,0,0,0,53,0,0,5,0,0,0,0,0,0,0,0,0,0,0,1,3,0,256,0
2580,77118,0,0,1,9,0,0,0,0,0,0,0,0,56,0,0,5,0,0,0,0,0,0,0,0,0,0,0,1,3,0,256,0
2581,77119,0,0,1,9,0,0,0,0,0,0,0,0,60,0,0,6,0,0,0,0,0,0,0,0,0,0,0,1,3,0,256,0
2582,77120,0,0,1,9,0,0,0,0,0,0,0,0,63,0,0,6,0,0,0,0,0,0,0,0,0,0,0,1,3,0,256,0
2583,77121,0,0,1,9,0,0,0,0,0,0,0,0,67,0,0,6,0,0,0,0,0,0,0,0,0,0,0,1,3,0,256,0
2584,77122,0,0,1,17,0,0,0,0,0,0,0,0,60,0,0,6,0,0,0,0,0,0,0,0,0,0,0,1,3,0,256,0
2585,77123,0,0,1,17,0,0,0,0,0,0,0,0,63,0,0,6,0,0,0,0,0,0,0,0,0,0,0,1,3,0,256,0
2586,77124,0,0,1,17,0,0,0,0,0,0,0,0,67,0,0,6,0,0,0,0,0,0,0,0,0,0,0,1,3,0,256,0
2587,77125,0,0,1,17,0,0,0,0,0,0,0,0,70,0,0,7,0,0,0,0,0,0,0,0,0,0,0,1,3,0,256,0
2588,77126,0,0,1,17,0,0,0,0,0,0,0,0,74,0,0,7,0,0,0,0,0,0,0,0,0,0,0,1,3,0,256,0
2589,77127,0,0,1,17,0,0,0,0,0,0,0,0,77,0,0,7,0,0,0,0,0,0,0,0,0,0,0,1,3,0,256,0
2590,77128,0,0,1,17,0,0,0,0,0,0,0,0,81,0,0,7,0,0,0,0,0,0,0,0,0,0,0,1,3,0,256,0
2591,77129,0,0,1,17,0,0,0,0,0,0,0,0,84,0,0,8,0,0,0,0,0,0,0,0,0,0,0,1,3,0,256,0
2592,77130,0,0,1,17,0,0,0,0,0,0,0,0,88,0,0,8,0,0,0,0,0,0,0,0,0,0,0,1,3,0,256,0
2593,77131,0,0,1,17,0,0,0,0,0,0,0,0,91,0,0,8,0,0,0,0,0,0,0,0,0,0,0,1,3,0,256,0
2594,77132,0,0,1,17,0,0,0,0,0,0,0,0,95,0,0,9,0,0,0,0,0,0,0,0,0,0,0,1,3,0,256,0
2595,77133,0,0,1,25,0,0,0,0,0,0,0,0,88,0,0,8,0,0,0,0,0,0,0,0,0,0,0,1,3,0,256,0
2596,77134,0,0,1,25,0,0,0,0,0,0,0,0,91,0,0,8,0,0,0,0,0,0,0,0,0,0,0,1,3,0,256,0
2597,77135,0,0,1,25,0,0,0,0,0,0,0,0,95,0,0,9,0,0,0,0,0,0,0,0,0,0,0,1,3,0,256,0
2598,77136,0,0,1,25,0,0,0,0,0,0,0,0,98,0,0,9,0,0,0,0,0,0,0,0,0,0,0,1,3,0,256,0
2599,77137,0,0,1,25,0,0,0,0,0,0,0,0,102,0,0,9,0,0,0,0,0,0,0,0,0,0,0,1,3,0,256,0
2600,77138,0,0,1,25,0,0,0,0,0,0,0,0,105,0,0,10,0,0,0,0,0,0,0,0,0,0,0,1,3,0,256,0
2601,77139,0,0,1,25,0,0,0,0,0,0,0,0,109,0,0,10,0,0,0,0,0,0,0,0,0,0,0,1,3,0,256,0
2602,77140,0,0,1,25,0,0,0,0,0,0,0,0,112,0,0,10,0,0,0,0,0,0,0,0,0,0,0,1,3,0,256,0
2603,77141,0,0,1,25,0,0,0,0,0,0,0,0,116,0,0,11,0,0,0,0,0,0,0,0,0,0,0,1,3,0,256,0
2604,77142,0,0,1,25,0,0,0,0,0,0,0,0,119,0,0,11,0,0,0,0,0,0,0,0,0,0,0,1,3,0,256,0
2605,77143,0,0,1,25,0,0,0,0,0,0,0,0,123,0,0,11,0,0,0,0,0,0,0,0,0,0,0,1,3,0,256,0
2606,77144,0,0,2,33,0,0,0,0,0,0,0,0,116,0,0,11,0,0,0,0,0,0,0,0,0,0,0,1,3,0,256,0
2607,77145,0,0,2,33,0,0,0,0,0,0,0,0,119,0,0,11,0,0,0,0,0,0,0,0,0,0,0,1,3,0,256,0
2608,77146,0,0,2,33,0,0,0,0,0,0,0,0,123,0,0,11,0,0,0,0,0,0,0,0,0,0,0,1,3,0,256,0
2609,77147,0,0,2,33,0,0,0,0,0,0,0,0,126,0,0,12,0,0,0,0,0,0,0,0,0,0,0,1,3,0,256,0
2610,77148,0,0,2,33,0,0,0,0,0,0,0,0,130,0,0,12,0,0,0,0,0,0,0,0,0,0,0,1,3,0,256,0
2611,77149,0,0,2,33,0,0,0,0,0,0,0,0,133,0,0,12,0,0,0,0,0,0,0,0,0,0,0,1,3,0,256,0
2612,77150,0,0,2,33,0,0,0,0,0,0,0,0,137,0,0,13,0,0,0,0,0,0,0,0,0,0,0,1,3,0,256,0
2613,77151,0,0,2,33,0,0,0,0,0,0,0,0,140,0,0,13,0,0,0,0,0,0,0,0,0,0,0,1,3,0,256,0
2614,77152,0,0,2,33,0,0,0,0,0,0,0,0,144,0,0,13,0,0,0,0,0,0,0,0,0,0,0,1,3,0,256,0
2615,77153,0,0,2,33,0,0,0,0,0,0,0,0,147,0,0,14,0,0,0,0,0,0,0,0,0,0,0,1,3,0,256,0
2616,77154,0,0,2,33,0,0,0,0,0,0,0,0,151,0,0,14,0,0,0,0,0,0,0,0,0,0,0,1,3,0,256,0
2617,77155,0,0,2,41,0,0,0,0,0,0,0,0,144,0,0,13,0,0,0,0,0,0,0,0,0,0,0,1,3,0,256,0
2618,77156,0,0,2,41,0,0,0,0,0,0,0,0,147,0,0,14,0,0,0,0,0,0,0,0,0,0,0,1,3,0,256,0
2619,77157,0,0,2,41,0,0,0,0,0,0,0,0,151,0,0,14,0,0,0,0,0,0,0,0,0,0,0,1,3,0,256,0
2620,77158,0,0,2,41,0,0,0,0,0,0,0,0,154,0,0,14,0,0,0,0,0,0,0,0,0,0,0,1,3,0,256,0
2621,77159,0,0,2,41,0,0,0,0,0,0,0,0,158,0,0,15,0,0,0,0,0,0,0,0,0,0,0,1,3,0,256,0
2622,77160,0,0,2,41,0,0,0,0,0,0,0,0,161,0,0,15,0,0,0,0,0,0,0,0,0,0,0,1,3,0,256,0
2623,77161,0,0,2,41,0,0,0,0,0,0,0,0,165,0,0,15,0,0,0,0,0,0,0,0,0,0,0,1,3,0,256,0
2624,77162,0,0,2,41,0,0,0,0,0,0,0,0,168,0,0,16,0,0,0,0,0,0,0,0,0,0,0,1,3,0,256,0
2625,77163,0,0,2,41,0,0,0,0,0,0,0,0,172,0,0,16,0,0,0,0,0,0,0,0,0,0,0,1,3,0,256,0
2626,77164,0,0,2,41,0,0,0,0,0,0,0,0,175,0,0,16,0,0,0,0,0,0,0,0,0,0,0,1,3,0,256,0
2627,77165,0,0,2,41,0,0,0,0,0,0,0,0,179,0,0,17,0,0,0,0,0,0,0,0,0,0,0,1,3,0,256,0
2628,77166,0,0,2,49,0,0,0,0,0,0,0,0,172,0,0,16,0,0,0,0,0,0,0,0,0,0,0,1,3,0,256,0
2629,77167,0,0,2,49,0,0,0,0,0,0,0,0,175,0,0,16,0,0,0,0,0,0,0,0,0,0,0,1,3,0,256,0
2630,77168,0,0,2,49,0,0,0,0,0,0,0,0,179,0,0,17,0,0,0,0,0,0,0,0,0,0,0,1,3,0,256,0
2631,77169,0,0,2,49,0,0,0,0,0,0,0,0,182,0,0,17,0,0,0,0,0,0,0,0,0,0,0,1,3,0,256,0
2632,77170,0,0,2,49,0,0,0,0,0,0,0,0,186,0,0,17,0,0,0,0,0,0,0,0,0,0,0,1,3,0,256,0
2633,77171,0,0,2,49,0,0,0,0,0,0,0,0,189,0,0,18,0,0,0,0,0,0,0,0,0,0,0,1,3,0,256,0
2634,77172,0,0,2,49,0,0,0,0,0,0,0,0,193,0,0,18,0,0,0,0,0,0,0,0,0,0,0,1,3,0,256,0
2635,77173,0,0,2,49,0,0,0,0,0,0,0,0,196,0,0,18,0,0,0,0,0,0,0,0,0,0,0,1,3,0,256,0
2636,77174,0,0,2,49,0,0,0,0,0,0,0,0,200,0,0,19,0,0,0,0,0,0,0,0,0,0,0,1,3,0,256,0
2637,77175,0,0,2,49,0,0,0,0,0,0,0,0,203,0,0,19,0,0,0,0,0,0,0,0,0,0,0,1,3,0,256,0
2638,77176,0,0,2,49,0,0,0,0,0,0,0,0,207,0,0,19,0,0,0,0,0,0,0,0,0,0,0,1,3,0,256,0
2639,77177,0,0,2,57,0,0,0,0,0,0,0,0,200,0,0,19,0,0,0,0,0,0,0,0,0,0,0,1,3,0,256,0
2640,77178,0,0,2,57,0,0,0,0,0,0,0,0,203,0,0,19,0,0,0,0,0,0,0,0,0,0,0,1,3,0,256,0
2641,77179,0,0,2,57,0,0,0,0,0,0,0,0,207,0,0,19,0,0,0,0,0,0,0,0,0,0,0,1,3,0,256,0
2642,77180,0,0,2,57,0,0,0,0,0,0,0,0,210,0,0,20,0,0,0,0,0,0,0,0,0,0,0,1,3,0,256,0
2643,77181,0,0,2,57,0,0,0,0,0,0,0,0,215,0,0,20,0,0,0,0,0,0,0,0,0,0,0,1,3,0,256,0
2644,77182,0,0,2,57,0,0,0,0,0,0,0,0,219,0,0,20,0,0,0,0,0,0,0,0,0,0,0,1,3,0,256,0
2645,77183,0,0,2,57,0,0,0,0,0,0,0,0,224,0,0,21,0,0,0,0,0,0,0,0,0,0,0,1,3,0,256,0
2646,77184,0,0,2,57,0,0,0,0,0,0,0,0,229,0,0,21,0,0,0,0,0,0,0,0,0,0,0,1,3,0,256,0
2647,77185,0,0,2,57,0,0,0,0,0,0,0,0,233,0,0,22,0,0,0,0,0,0,0,0,0,0,0,1,3,0,256,0
2648,77186,0,0,2,57,0,0,0,0,0,0,0,0,238,0,0,22,0,0,0,0,0,0,0,0,0,0,0,1,3,0,256,0
2649,77187,0,0,2,57,0,0,0,0,0,0,0,0,243,0,0,23,0,0,0,0,0,0,0,0,0,0,0,1,3,0,256,0
2650,77188,0,0,3,65,0,0,0,0,0,0,0,0,233,0,0,22,0,0,0,0,0,0,0,0,0,0,0,1,3,0,256,0
2651,77189,0,0,3,65,0,0,0,0,0,0,0,0,238,0,0,22,0,0,0,0,0,0,0,0,0,0,0,1,3,0,256,0
2652,77190,0,0,3,65,0,0,0,0,0,0,0,0,243,0,0,23,0,0,0,0,0,0,0,0,0,0,0,1,3,0,256,0
2653,77191,0,0,3,65,0,0,0,0,0,0,0,0,247,0,0,23,0,0,0,0,0,0,0,0,0,0,0,1,3,0,256,0
2654,77192,0,0,3,65,0,0,0,0,0,0,0,0,252,0,0,23,0,0,0,0,0,0,0,0,0,0,0,1,3,0,256,0
2655,77193,0,0,3,65,0,0,0,0,0,0,0,0,257,0,0,24,0,0,0,0,0,0,0,0,0,0,0,1,3,0,256,0
2656,77194,0,0,3,65,0,0,0,0,0,0,0,0,261,0,0,24,0,0,0,0,0,0,0,0,0,0,0,1,3,0,256,0
2657,77195,0,0,3,65,0,0,0,0,0,0,0,0,266,0,0,25,0,0,0,0,0,0,0,0,0,0,0,1,3,0,256,0
2658,77196,0,0,3,65,0,0,0,0,0,0,0,0,271,0,0,25,0,0,0,0,0,0,0,0,0,0,0,1,3,0,256,0
2659,77197,0,0,3,65,0,0,0,0,0,0,0,0,275,0,0,26,0,0,0,0,0,0,0,0,0,0,0,1,3,0,256,0
2660,77198,0,0,3,65,0,0,0,0,0,0,0,0,280,0,0,26,0,0,0,0,0,0,0,0,0,0,0,1,3,0,256,0
2661,77199,0,0,3,73,0,0,0,0,0,0,0,0,271,0,0,25,0,0,0,0,0,0,0,0,0,0,0,1,3,0,256,0
2662,77200,0,0,3,73,0,0,0,0,0,0,0,0,275,0,0,26,0,0,0,0,0,0,0,0,0,0,0,1,3,0,256,0
2663,77201,0,0,3,73,0,0,0,0,0,0,0,0,280,0,0,26,0,0,0,0,0,0,0,0,0,0,0,1,3,0,256,0
2664,77202,0,0,3,73,0,0,0,0,0,0,0,0,285,0,0,26,0,0,0,0,0,0,0,0,0,0,0,1,3,0,256,0
2665,77203,0,0,3,73,0,0,0,0,0,0,0,0,289,0,0,27,0,0,0,0,0,0,0,0,0,0,0,1,3,0,256,0
2666,77204,0,0,3,73,0,0,0,0,0,0,0,0,294,0,0,27,0,0,0,0,0,0,0,0,0,0,0,1,3,0,256,0
2667,77205,0,0,3,73,0,0,0,0,0,0,0,0,299,0,0,28,0,0,0,0,0,0,0,0,0,0,0,1,3,0,256,0
2668,77206,0,0,3,73,0,0,0,0,0,0,0,0,303,0,0,28,0,0,0,0,0,0,0,0,0,0,0,1,3,0,256,0
2669,77207,0,0,3,73,0,0,0,0,0,0,0,0,308,0,0,29,0,0,0,0,0,0,0,0,0,0,0,1,3,0,256,0
2670,77208,0,0,3,73,0,0,0,0,0,0,0,0,313,0,0,29,0,0,0,0,0,0,0,0,0,0,0,1,3,0,256,0
2671,77209,0,0,3,73,0,0,0,0,0,0,0,0,317,0,0,29,0,0,0,0,0,0,0,0,0,0,0,1,3,0,256,0
2672,77210,0,0,3,81,0,0,0,0,0,0,0,0,308,0,0,29,0,0,0,0,0,0,0,0,0,0,0,1,3,0,256,0
2673,77211,0,0,3,81,0,0,0,0,0,0,0,0,313,0,0,29,0,0,0,0,0,0,0,0,0,0,0,1,3,0,256,0
2674,77212,0,0,3,81,0,0,0,0,0,0,0,0,317,0,0,29,0,0,0,0,0,0,0,0,0,0,0,1,3,0,256,0
2675,77213,0,0,3,81,0,0,0,0,0,0,0,0,322,0,0,30,0,0,0,0,0,0,0,0,0,0,0,1,3,0,256,0
2676,77214,0,0,3,81,0,0,0,0,0,0,0,0,327,0,0,30,0,0,0,0,0,0,0,0,0,0,0,1,3,0,256,0
2677,77215,0,0,3,81,0,0,0,0,0,0,0,0,331,0,0,31,0,0,0,0,0,0,0,0,0,0,0,1,3,0,256,0
2678,77216,0,0,3,81,0,0,0,0,0,0,0,0,336,0,0,31,0,0,0,0,0,0,0,0,0,0,0,1,3,0,256,0
2679,77217,0,0,3,81,0,0,0,0,0,0,0,0,341,0,0,32,0,0,0,0,0,0,0,0,0,0,0,1,3,0,256,0
2680,77218,0,0,3,81,0,0,0,0,0,0,0,0,345,0,0,32,0,0,0,0,0,0,0,0,0,0,0,1,3,0,256,0
2681,77219,0,0,3,81,0,0,0,0,0,0,0,0,350,0,0,33,0,0,0,0,0,0,0,0,0,0,0,1,3,0,256,0
2682,77220,0,0,3,81,0,0,0,0,0,0,0,0,355,0,0,33,0,0,0,0,0,0,0,0,0,0,0,1,3,0,256,0
2683,77221,0,0,3,89,0,0,0,0,0,0,0,0,345,0,0,32,0,0,0,0,0,0,0,0,0,0,0,1,3,0,256,0
2684,77222,0,0,3,89,0,0,0,0,0,0,0,0,350,0,0,33,0,0,0,0,0,0,0,0,0,0,0,1,3,0,256,0
2685,77223,0,0,3,89,0,0,0,0,0,0,0,0,355,0,0,33,0,0,0,0,0,0,0,0,0,0,0,1,3,0,256,0
2686,77224,0,0,3,89,0,0,0,0,0,0,0,0,359,0,0,33,0,0,0,0,0,0,0,0,0,0,0,1,3,0,256,0
2687,77225,0,0,3,89,0,0,0,0,0,0,0,0,364,0,0,34,0,0,0,0,0,0,0,0,0,0,0,1,3,0,256,0
2688,77226,0,0,3,89,0,0,0,0,0,0,0,0,369,0,0,34,0,0,0,0,0,0,0,0,0,0,0,1,3,0,256,0
2689,77227,0,0,3,89,0,0,0,0,0,0,0,0,373,0,0,35,0,0,0,0,0,0,0,0,0,0,0,1,3,0,256,0
2690,77228,0,0,3,89,0,0,0,0,0,0,0,0,378,0,0,35,0,0,0,0,0,0,0,0,0,0,0,1,3,0,256,0
2691,77229,0,0,3,89,0,0,0,0,0,0,0,0,383,0,0,36,0,0,0,0,0,0,0,0,0,0,0,1,3,0,256,0
2692,77230,0,0,3,89,0,0,0,0,0,0,0,0,387,0,0,36,0,0,0,0,0,0,0,0,0,0,0,1,3,0,256,0
2693,77231,0,0,3,89,0,0,0,0,0,0,0,0,392,0,0,36,0,0,0,0,0,0,0,0,0,0,0,1,3,0,256,0
2694,77232,0,0,4,97,0,0,0,0,0,0,0,0,383,0,0,36,0,0,0,0,0,0,0,0,0,0,0,1,3,0,256,0
2695,77233,0,0,4,97,0,0,0,0,0,0,0,0,387,0,0,36,0,0,0,0,0,0,0,0,0,0,0,1,3,0,256,0
2696,77234,0,0,4,97,0,0,0,0,0,0,0,0,392,0,0,36,0,0,0,0,0,0,0,0,0,0,0,1,3,0,256,0
2697,77235,0,0,4,97,0,0,0,0,0,0,0,0,397,0,0,37,0,0,0,0,0,0,0,0,0,0,0,1,3,0,256,0
2698,77236,0,0,4,97,0,0,0,0,0,0,0,0,401,0,0,37,0,0,0,0,0,0,0,0,0,0,0,1,3,0,256,0
2699,77237,0,0,4,97,0,0,0,0,0,0,0,0,406,0,0,38,0,0,0,0,0,0,0,0,0,0,0,1,3,0,256,0
2700,77238,0,0,4,97,0,0,0,0,0,0,0,0,411,0,0,38,0,0,0,0,0,0,0,0,0,0,0,1,3,0,256,0
2701,77239,0,0,4,97,0,0,0,0,0,0,0,0,415,0,0,39,0,0,0,0,0,0,0,0,0,0,0,1,3,0,256,0
2702,77240,0,0,4,97,0,0,0,0,0,0,0,0,420,0,0,39,0,0,0,0,0,0,0,0,0,0,0,1,3,0,256,0
2703,77241,0,0,4,97,0,0,0,0,0,0,0,0,425,0,0,39,0,0,0,0,0,0,0,0,0,0,0,1,3,0,256,0
2704,77242,0,0,4,97,0,0,0,0,0,0,0,0,429,0,0,40,0,0,0,0,0,0,0,0,0,0,0,1,3,0,256,0
2705,77243,0,0,4,105,0,0,0,0,0,0,0,0,420,0,0,39,0,0,0,0,0,0,0,0,0,0,0,1,3,0,256,0
2706,77244,0,0,4,105,0,0,0,0,0,0,0,0,425,0,0,39,0,0,0,0,0,0,0,0,0,0,0,1,3,0,256,0
2707,77245,0,0,4,105,0,0,0,0,0,0,0,0,429,0,0,40,0,0,0,0,0,0,0,0,0,0,0,1,3,0,256,0
2708,77246,0,0,4,105,0,0,0,0,0,0,0,0,434,0,0,40,0,0,0,0,0,0,0,0,0,0,0,1,3,0,256,0
2709,77247,0,0,4,105,0,0,0,0,0,0,0,0,439,0,0,41,0,0,0,0,0,0,0,0,0,0,0,1,3,0,256,0
2710,77248,0,0,4,105,0,0,0,0,0,0,0,0,443,0,0,41,0,0,0,0,0,0,0,0,0,0,0,1,3,0,256,0
2711,77249,0,0,4,105,0,0,0,0,0,0,0,0,448,0,0,42,0,0,0,0,0,0,0,0,0,0,0,1,3,0,256,0
2712,77250,0,0,4,105,0,0,0,0,0,0,0,0,453,0,0,42,0,0,0,0,0,0,0,0,0,0,0,1,3,0,256,0
2713,77251,0,0,4,105,0,0,0,0,0,0,0,0,457,0,0,42,0,0,0,0,0,0,0,0,0,0,0,1,3,0,256,0
2714,77252,0,0,4,105,0,0,0,0,0,0,0,0,462,0,0,43,0,0,0,0,0,0,0,0,0,0,0,1,3,0,256,0
2715,77253,0,0,4,309423379,-1933452631,-1470296699,2064174504,0,0,0,0,0,467,0,0,43,0,0,0,0,0,0,0,0,0,0,0,1,3,0,256,0
2716,77254,0,0,4,113,0,0,0,0,0,0,0,0,457,0,0,42,0,0,0,0,0,0,0,0,0,0,0,1,3,0,256,0
2717,77255,0,0,4,113,0,0,0,0,0,0,0,0,462,0,0,43,0,0,0,0,0,0,0,0,0,0,0,1,3,0,256,0
2718,77256,0,0,4,113,0,0,0,0,0,0,0,0,467,0,0,43,0,0,0,0,0,0,0,0,0,0,0,1,3,0,256,0
2719,77257,0,0,4,113,0,0,0,0,0,0,0,0,471,0,0,44,0,0,0,0,0,0,0,0,0,0,0,1,3,0,256,0
2720,77258,0,0,4,113,0,0,0,0,0,0,0,0,476,0,0,44,0,0,0,0,0,0,0,0,0,0,0,1,3,0,256,0
2721,77259,0,0,4,113,0,0,0,0,0,0,0,0,481,0,0,45,0,0,0,0,0,0,0,0,0,0,0,1,3,0,256,0
2722,77260,0,0,4,113,0,0,0,0,0,0,0,0,485,0,0,45,0,0,0,0,0,0,0,0,0,0,0,1,3,0,256,0
2723,77261,0,0,4,113,0,0,0,0,0,0,0,0,490,0,0,46,0,0,0,0,0,0,0,0,0,0,0,1,3,0,256,0
2724,77262,0,0,4,113,0,0,0,0,0,0,0,0,495,0,0,46,0,0,0,0,0,0,0,0,0,0,0,1,3,0,256,0
2725,77263,0,0,4,113,0,0,0,0,0,0,0,0,499,0,0,46,0,0,0,0,0,0,0,0,0,0,0,1,3,0,256,0
2726,77264,0,0,4,113,0,0,0,0,0,0,0,0,504,0,0,47,0,0,0,0,0,0,0,0,0,0,0,1,3,0,256,0
2727,77265,0,0,4,121,0,0,0,0,0,0,0,0,495,0,0,46,0,0,0,0,0,0,0,0,0,0,0,1,3,0,256,0
2728,77266,0,0,4,121,0,0,0,0,0,0,0,0,499,0,0,46,0,0,0,0,0,0,0,0,0,0,0,1,3,0,256,0
2729,77267,0,0,4,121,0,0,0,0,0,0,0,0,504,0,0,47,0,0,0,0,0,0,0,0,0,0,0,1,3,0,256,0
2730,77268,0,0,4,121,0,0,0,0,0,0,0,0,509,0,0,47,0,0,0,0,0,0,0,0,0,0,0,1,3,0,256,0
2731,77269,0,0,4,121,0,0,0,0,0,0,0,0,513,0,0,48,0,0,0,0,0,0,0,0,0,0,0,1,3,0,256,0
2732,77270,0,0,4,121,0,0,0,0,0,0,0,0,518,0,0,48,0,0,0,0,0,0,0,0,0,0,0,1,3,0,256,0
2733,77271,0,0,4,121,0,0,0,0,0,0,0,0,523,0,0,49,0,0,0,0,0,0,0,0,0,0,0,1,3,0,256,0
2734,77272,0,0,4,121,0,0,0,0,0,0,0,0,527,0,0,49,0,0,0,0,0,0,0,0,0,0,0,1,3,0,256,0
2735,77273,0,0,4,121,0,0,0,0,0,0,0,0,532,0,0,49,0,0,0,0,0,0,0,0,0,0,0,1,3,0,256,0
2736,77274,0,0,4,121,0,0,0,0,0,0,0,0,537,0,0,50,0,0,0,0,0,0,0,0,0,0,0,1,3,0,256,0
2737,77275,0,0,4,121,0,0,0,0,0,0,0,0,541,0,0,50,0,0,0,0,0,0,0,0,0,0,0,1,3,0,256,0
2738,77276,0,0,4,129,0,0,0,0,0,0,0,0,532,0,0,49,0,0,0,0,0,0,0,0,0,0,0,1,3,0,256,0
2739,77277,0,0,4,129,0,0,0,0,0,0,0,0,537,0,0,50,0,0,0,0,0,0,0,0,0,0,0,1,3,0,256,0
2740,77278,0,0,4,129,0,0,0,0,0,0,0,0,541,0,0,50,0,0,0,0,0,0,0,0,0,0,0,1,3,0,256,0
2741,77279,0,0,4,129,0,0,0,0,0,0,0,0,546,0,0,51,0,0,0,0,0,0,0,0,0,0,0,1,3,0,256,0
2742,77280,0,0,4,129,0,0,0,0,0,0,0,0,551,0,0,51,0,0,0,0,0,0,0,0,0,0,0,1,3,0,256,0
2743,77281,0,0,4,129,0,0,0,0,0,0,0,0,555,0,0,52,0,0,0,0,0,0,0,0,0,0,0,1,3,0,256,0
2744,77282,0,0,4,129,0,0,0,0,0,0,0,0,560,0,0,52,0,0,0,0,0,0,0,0,0,0,0,1,3,0,256,0
2745,77283,0,0,4,129,0,0,0,0,0,0,0,0,565,0,0,52,0,0,0,0,0,0,0,0,0,0,0,1,3,0,256,0
2746,77284,0,0,4,129,0,0,0,0,0,0,0,0,569,0,0,53,0,0,0,0,0,0,0,0,0,0,0,1,3,0,256,0
2747,77285,0,0,4,129,0,0,0,0,0,0,0,0,574,0,0,53,0,0,0,0,0,0,0,0,0,0,0,1,3,0,256,0
2748,77286,0,0,4,129,0,0,0,0,0,0,0,0,579,0,0,54,0,0,0,0,0,0,0,0,0,0,0,1,3,0,256,0
2749,77287,0,0,5,137,0,0,0,0,0,0,0,0,569,0,0,53,0,0,0,0,0,0,0,0,0,0,0,1,3,0,256,0
2750,77288,0,0,5,137,0,0,0,0,0,0,0,0,574,0,0,53,0,0,0,0,0,0,0,0,0,0,0,1,3,0,256,0
2751,77289,0,0,5,137,0,0,0,0,0,0,0,0,579,0,0,54,0,0,0,0,0,0,0,0,0,0,0,1,3,0,256,0
2752,77290,0,0,5,137,0,0,0,0,0,0,0,0,583,0,0,54,0,0,0,0,0,0,0,0,0,0,0,1,3,0,256,0
2753,77291,0,0,5,137,0,0,0,0,0,0,0,0,588,0,0,55,0,0,0,0,0,0,0,0,0,0,0,1,3,0,256,0
2754,77292,0,0,5,137,0,0,0,0,0,0,0,0,593,0,0,55,0,0,0,0,0,0,0,0,0,0,0,1,3,0,256,0
2755,77293,0,0,5,137,0,0,0,0,0,0,0,0,597,0,0,55,0,0,0,0,0,0,0,0,0,0,0,1,3,0,256,0
2756,77294,0,0,5,137,0,0,0,0,0,0,0,0,602,0,0,56,0,0,0,0,0,0,0,0,0,0,0,1,3,0,256,0
2757,77295,0,0,5,137,0,0,0,0,0,0,0,0,607,0,0,56,0,0,0,0,0,0,0,0,0,0,0,1,3,0,256,0
2758,77296,0,0,5,137,0,0,0,0,0,0,0,0,611,0,0,57,0,0,0,0,0,0,0,0,0,0,0,1,3,0,256,0
2759,77297,0,0,5,137,0,0,0,0,0,0,0,0,616,0,0,57,0,0,0,0,0,0,0,0,0,0,0,1,3,0,256,0
2760,77298,0,0,5,145,0,0,0,0,0,0,0,0,607,0,0,56,0,0,0,0,0,0,0,0,0,0,0,1,3,0,256,0
2761,77299,0,0,5,145,0,0,0,0,0,0,0,0,611,0,0,57,0,0,0,0,0,0,0,0,0,0,0,1,3,0,256,0
2762,77300,0,0,5,145,0,0,0,0,0,0,0,0,616,0,0,57,0,0,0,0,0,0,0,0,0,0,0,1,3,0,256,0
2763,77301,0,0,5,145,0,0,0,0,0,0,0,0,621,0,0,58,0,0,0,0,0,0,0,0,0,0,0,1,3,0,256,0
2764,77302,0,0,5,145,0,0,0,0,0,0,0,0,625,0,0,58,0,0,0,0,0,0,0,0,0,0,0,1,3,0,256,0
2765,77303,0,0,5,145,0,0,0,0,0,0,0,0,630,0,0,59,0,0,0,0,0,0,0,0,0,0,0,1,3,0,256,0
2766,77304,0,0,5,145,0,0,0,0,0,0,0,0,635,0,0,59,0,0,0,0,0,0,0,0,0,0,0,1,3,0,256,0
2767,77305,0,0,5,145,0,0,0,0,0,0,0,0,639,0,0,59,0,0,0,0,0,0,0,0,0,0,0,1,3,0,256,0
2768,77306,0,0,5,145,0,0,0,0,0,0,0,0,644,0,0,60,0,0,0,0,0,0,0,0,0,0,0,1,3,0,256,0
2769,77307,0,0,5,145,0,0,0,0,0,0,0,0,649,0,0,60,0,0,0,0,0,0,0,0,0,0,0,1,3,0,256,0
2770,77308,0,0,5,145,0,0,0,0,0,0,0,0,653,0,0,61,0,0,0,0,0,0,0,0,0,0,0,1,3,0,256,0
2771,77309,0,0,5,153,0,0,0,0,0,0,0,0,644,0,0,60,0,0,0,0,0,0,0,0,0,0,0,1,3,0,256,0
2772,77310,0,0,5,153,0,0,0,0,0,0,0,0,649,0,0,60,0,0,0,0,0,0,0,0,0,0,0,1,3,0,256,0
2773,77311,0,0,5,153,0,0,0,0,0,0,0,0,653,0,0,61,0,0,0,0,0,0,0,0,0,0,0,1,3,0,256,0
2774,77312,0,0,5,153,0,0,0,0,0,0,0,0,658,0,0,61,0,0,0,0,0,0,0,0,0,0,0,1,3,0,256,0
2775,77313,0,0,5,153,0,0,0,0,0,0,0,0,663,0,0,62,0,0,0,0,0,0,0,0,0,0,0,1,3,0,256,0
2776,77314,0,0,5,153,0,0,0,0,0,0,0,0,667,0,0,62,0,0,0,0,0,0,0,0,0,0,0,1,3,0,256,0
2777,77315,0,0,5,153,0,0,0,0,0,0,0,0,672,0,0,62,0,0,0,0,0,0,0,0,0,0,0,1,3,0,256,0
2778,77316,0,0,5,153,0,0,0,0,0,0,0,0,677,0,0,63,0,0,0,0,0,0,0,0,0,0,0,1,3,0,256,0
2779,77317,0,0,5,153,0,0,0,0,0,0,0,0,681,0,0,63,0,0,0,0,0,0,0,0,0,0,0,1,3,0,256,0
2780,77318,0,0,5,153,0,0,0,0,0,0,0,0,686,0,0,64,0,0,0,0,0,0,0,0,0,0,0,1,3,0,256,0
2781,77319,0,0,5,153,0,0,0,0,0,0,0,0,691,0,0,64,0,0,0,0,0,0,0,0,0,0,0,1,3,0,256,0
2782,77320,0,0,5,161,0,0,0,0,0,0,0,0,681,0,0,63,0,0,0,0,0,0,0,0,0,0,0,1,3,0,256,0
2783,77321,0,0,5,161,0,0,0,0,0,0,0,0,686,0,0,64,0,0,0,0,0,0,0,0,0,0,0,1,3,0,256,0
2784,77322,0,0,5,161,0,0,0,0,0,0,0,0,691,0,0,64,0,0,0,0,0,0,0,0,0,0,0,1,3,0,256,0
2785,77323,0,0,5,161,0,0,0,0,0,0,0,0,695,0,0,65,0,0,0,0,0,0,0,0,0,0,0,1,3,0,256,0
2786,77324,0,0,5,161,0,0,0,0,0,0,0,0,700,0,0,65,0,0,0,0,0,0,0,0,0,0,0,1,3,0,256,0
2787,77325,0,0,5,161,0,0,0,0,0,0,0,0,705,0,0,65,0,0,0,0,0,0,0,0,0,0,0,1,3,0,256,0
2788,77326,0,0,5,161,0,0,0,0,0,0,0,0,709,0,0,66,0,0,0,0,0,0,0,0,0,0,0,1,3,0,256,0
2789,77327,0,0,5,161,0,0,0,0,0,0,0,0,714,0,0,66,0,0,0,0,0,0,0,0,0,0,0,1,3,0,256,0
2790,77328,0,0,5,161,0,0,0,0,0,0,0,0,719,0,0,67,0,0,0,0,0,0,0,0,0,0,0,1,3,0,256,0
2791,77329,0,0,5,161,0,0,0,0,0,0,0,0,723,0,0,67,0,0,0,0,0,0,0,0,0,0,0,1,3,0,256,0
2792,77330,0,0,5,161,0,0,0,0,0,0,0,0,728,0,0,68,0,0,0,0,0,0,0,0,0,0,0,1,3,0,256,0
2793,77331,0,0,5,169,0,0,0,0,0,0,0,0,719,0,0,67,0,0,0,0,0,0,0,0,0,0,0,1,3,0,256,0
2794,77332,0,0,5,169,0,0,0,0,0,0,0,0,723,0,0,67,0,0,0,0,0,0,0,0,0,0,0,1,3,0,256,0
2795,77333,0,0,5,169,0,0,0,0,0,0,0,0,728,0,0,68,0,0,0,0,0,0,0,0,0,0,0,1,3,0,256,0
2796,77334,0,0,5,169,0,0,0,0,0,0,0,0,733,0,0,68,0,0,0,0,0,0,0,0,0,0,0,1,3,0,256,0
2797,77335,0,0,5,169,0,0,0,0,0,0,0,0,737,0,0,68,0,0,0,0,0,0,0,0,0,0,0,1,3,0,256,0
2798,77336,0,0,5,169,0,0,0,0,0,0,0,0,742,0,0,69,0,0,0,0,0,0,0,0,0,0,0,1,3,0,256,0
2799,77337,0,0,5,169,0,0,0,0,0,0,0,0,747,0,0,69,0,0,0,0,0,0,0,0,0,0,0,1,3,0,256,0
2800,77338,0,0,5,169,0,0,0,0,0,0,0,0,751,0,0,70,0,0,0,0,0,0,0,0,0,0,0,1,3,0,256,0
2801,77339,0,0,5,169,0,0,0,0,0,0,0,0,756,0,0,70,0,0,0,0,0,0,0,0,0,0,0,1,3,0,256,0
2802,77340,0,0,5,169,0,0,0,0,0,0,0,0,761,0,0,71,0,0,0,0,0,0,0,0,0,0,0,1,3,0,256,0
2803,77341,0,0,5,169,0,0,0,0,0,0,0,0,765,0,0,71,0,0,0,0,0,0,0,0,0,0,0,1,3,0,256,0
2804,77342,0,0,5,177,0,0,0,0,0,0,0,0,756,0,0,70,0,0,0,0,0,0,0,0,0,0,0,1,3,0,256,0
2805,77343,0,0,5,177,0,0,0,0,0,0,0,0,761,0,0,71,0,0,0,0,0,0,0,0,0,0,0,1,3,0,256,0
2806,77344,0,0,5,177,0,0,0,0,0,0,0,0,765,0,0,71,0,0,0,0,0,0,0,0,0,0,0,1,3,0,256,0
2807,77345,0,0,5,177,0,0,0,0,0,0,0,0,770,0,0,72,0,0,0,0,0,0,0,0,0,0,0,1,3,0,256,0
2808,77346,0,0,5,177,0,0,0,0,0,0,0,0,776,0,0,72,0,0,0,0,0,0,0,0,0,0,0,1,3,0,256,0
2809,77347,0,0,5,177,0,0,0,0,0,0,0,0,782,0,0,73,0,0,0,0,0,0,0,0,0,0,0,1,3,0,256,0
2810,77348,0,0,5,177,0,0,0,0,0,0,0,0,788,0,0,73,0,0,0,0,0,0,0,0,0,0,0,1,3,0,256,0
2811,77349,0,0,5,177,0,0,0,0,0,0,0,0,793,0,0,74,0,0,0,0,0,0,0,0,0,0,0,1,3,0,256,0
2812,77350,0,0,5,177,0,0,0,0,0,0,0,0,799,0,0,74,0,0,0,0,0,0,0,0,0,0,0,1,3,0,256,0
2813,77351,0,0,5,177,0,0,0,0,0,0,0,0,805,0,0,75,0,0,0,0,0,0,0,0,0,0,0,1,3,0,256,0
2814,77352,0,0,5,177,0,0,0,0,0,0,0,0,811,0,0,75,0,0,0,0,0,0,0,0,0,0,0,1,3,0,256,0
2815,77353,0,0,5,185,0,0,0,0,0,0,0,0,799,0,0,74,0,0,0,0,0,0,0,0,0,0,0,1,3,0,256,0
2816,77354,0,0,5,185,0,0,0,0,0,0,0,0,805,0,0,75,0,0,0,0,0,0,0,0,0,0,0,1,3,0,256,0
2817,77355,0,0,5,185,0,0,0,0,0,0,0,0,811,0,0,75,0,0,0,0,0,0,0,0,0,0,0,1,3,0,256,0
2818,77356,0,0,5,185,0,0,0,0,0,0,0,0,817,0,0,76,0,0,0,0,0,0,0,0,0,0,0,1,3,0,256,0
2819,77357,0,0,5,185,0,0,0,0,0,0,0,0,823,0,0,76,0,0,0,0,0,0,0,0,0,0,0,1,3,0,256,0
2820,77358,0,0,5,185,0,0,0,0,0,0,0,0,828,0,0,77,0,0,0,0,0,0,0,0,0,0,0,1,3,0,256,0
2821,77359,0,0,5,185,0,0,0,0,0,0,0,0,834,0,0,77,0,0,0,0,0,0,0,0,0,0,0,1,3,0,256,0
2822,77360,0,0,5,185,0,0,0,0,0,0,0,0,840,0,0,78,0,0,0,0,0,0,0,0,0,0,0,1,3,0,256,0
2823,77361,0,0,5,185,0,0,0,0,0,0,0,0,846,0,0,79,0,0,0,0,0,0,0,0,0,0,0,1,3,0,256,0
2824,77362,0,0,5,185,0,0,0,0,0,0,0,0,852,0,0,79,0,0,0,0,0,0,0,0,0,0,0,1,3,0,256,0
2825,77363,0,0,5,185,0,0,0,0,0,0,0,0,858,0,0,80,0,0,0,0,0,0,0,0,0,0,0,1,3,0,256,0
2826,77364,0,0,5,193,0,0,0,0,0,0,0,0,846,0,0,79,0,0,0,0,0,0,0,0,0,0,0,1,3,0,256,0
2827,77365,0,0,5,193,0,0,0,0,0,0,0,0,852,0,0,79,0,0,0,0,0,0,0,0,0,0,0,1,3,0,256,0
2828,77366,0,0,5,193,0,0,0,0,0,0,0,0,858,0,0,80,0,0,0,0,0,0,0,0,0,0,0,1,3,0,256,0
2829,77367,0,0,5,193,0,0,0,0,0,0,0,0,863,0,0,80,0,0,0,0,0,0,0,0,0,0,0,1,3,0,256,0
2830,77368,0,0,5,193,0,0,0,0,0,0,0,0,869,0,0,81,0,0,0,0,0,0,0,0,0,0,0,1,3,0,256,0
2831,77369,0,0,5,193,0,0,0,0,0,0,0,0,875,0,0,81,0,0,0,0,0,0,0,0,0,0,0,1,3,0,256,0
2832,77370,0,0,5,193,0,0,0,0,0,0,0,0,881,0,0,82,0,0,0,0,0,0,0,0,0,0,0,1,3,0,256,0
2833,77371,0,0,6,193,0,0,0,0,0,0,0,0,887,0,0,82,0,0,0,0,0,0,0,0,0,0,0,1,3,0,256,0
2834,77372,0,0,6,193,0,0,0,0,0,0,0,0,893,0,0,83,0,0,0,0,0,0,0,0,0,0,0,1,3,0,256,0
2835,77373,0,0,6,193,0,0,0,0,0,0,0,0,898,0,0,83,0,0,0,0,0,0,0,0,0,0,0,1,3,0,256,0
2836,77374,0,0,6,193,0,0,0,0,0,0,0,0,904,0,0,84,0,0,0,0,0,0,0,0,0,0,0,1,3,0,256,0
2837,77375,0,0,6,201,0,0,0,0,0,0,0,0,893,0,0,83,0,0,0,0,0,0,0,0,0,0,0,1,3,0,256,0
2838,77376,0,0,6,201,0,0,0,0,0,0,0,0,898,0,0,83,0,0,0,0,0,0,0,0,0,0,0,1,3,0,256,0
2839,77377,0,0,6,201,0,0,0,0,0,0,0,0,904,0,0,84,0,0,0,0,0,0,0,0,0,0,0,1,3,0,256,0
2840,77378,0,0,6,201,0,0,0,0,0,0,0,0,910,0,0,85,0,0,0,0,0,0,0,0,0,0,0,1,3,0,256,0
2841,77379,0,0,6,201,0,0,0,0,0,0,0,0,916,0,0,85,0,0,0,0,0,0,0,0,0,0,0,1,3,0,256,0
2842,77380,0,0,6,201,0,0,0,0,0,0,0,0,922,0,0,86,0,0,0,0,0,0,0,0,0,0,0,1,3,0,256,0
2843,77381,0,0,6,201,0,0,0,0,0,0,0,0,928,0,0,86,0,0,0,0,0,0,0,0,0,0,0,1,3,0,256,0
2844,77382,0,0,6,201,0,0,0,0,0,0,0,0,933,0,0,87,0,0,0,0,0,0,0,0,0,0,0,1,3,0,256,0
2845,77383,0,0,6,201,0,0,0,0,0,0,0,0,939,0,0,87,0,0,0,0,0,0,0,0,0,0,0,1,3,0,256,0
2846,77384,0,0,6,201,0,0,0,0,0,0,0,0,945,0,0,88,0,0,0,0,0,0,0,0,0,0,0,1,3,0,256,0
2847,77385,0,0,6,201,0,0,0,0,0,0,0,0,951,0,0,88,0,0,0,0,0,0,0,0,0,0,0,1,3,0,256,0
2848,77386,0,0,6,209,0,0,0,0,0,0,0,0,939,0,0,87,0,0,0,0,0,0,0,0,0,0,0,1,3,0,256,0
2849,77387,0,0,6,209,0,0,0,0,0,0,0,0,945,0,0,88,0,0,0,0,0,0,0,0,0,0,0,1,3,0,256,0
2850,77388,0,0,6,209,0,0,0,0,0,0,0,0,951,0,0,88,0,0,0,0,0,0,0,0,0,0,0,1,3,0,256,0
2851,77389,0,0,6,209,0,0,0,0,0,0,0,0,957,0,0,89,0,0,0,0,0,0,0,0,0,0,0,1,3,0,256,0
2852,77390,0,0,6,209,0,0,0,0,0,0,0,0,963,0,0,89,0,0,0,0,0,0,0,0,0,0,0,1,3,0,256,0
2853,77391,0,0,6,209,0,0,0,0,0,0,0,0,968,0,0,90,0,0,0,0,0,0,0,0,0,0,0,1,3,0,256,0
2854,77392,0,0,6,209,0,0,0,0,0,0,0,0,974,0,0,90,0,0,0,0,0,0,0,0,0,0,0,1,3,0,256,0
2855,77393,0,0,6,209,0,0,0,0,0,0,0,0,980,0,0,91,0,0,0,0,0,0,0,0,0,0,0,1,3,0,256,0
2856,77394,0,0,6,209,0,0,0,0,0,0,0,0,986,0,0,92,0,0,0,0,0,0,0,0,0,0,0,1,3,0,256,0
2857,77395,0,0,6,209,0,0,0,0,0,0,0,0,992,0,0,92,0,0,0,0,0,0,0,0,0,0,0,1,3,0,256,0
2858,77396,0,0,6,209,0,0,0,0,0,0,0,0,998,0,0,93,0,0,0,0,0,0,0,0,0,0,0,1,3,0,256,0
2859,77397,0,0,6,217,0,0,0,0,0,0,0,0,986,0,0,92,0,0,0,0,0,0,0,0,0,0,0,1,3,0,256,0
2860,77398,0,0,6,217,0,0,0,0,0,0,0,0,992,0,0,92,0,0,0,0,0,0,0,0,0,0,0,1,3,0,256,0
2861,77399,0,0,6,217,0,0,0,0,0,0,0,0,998,0,0,93,0,0,0,0,0,0,0,0,0,0,0,1,3,0,256,0
2862,77400,0,0,6,217,0,0,0,0,0,0,0,0,1003,0,0,93,0,0,0,0,0,0,0,0,0,0,0,1,3,0,256,0
2863,77401,0,0,6,217,0,0,0,0,0,0,0,0,1009,0,0,94,0,0,0,0,0,0,0,0,0,0,0,1,3,0,256,0
2864,77402,0,0,6,217,0,0,0,0,0,0,0,0,1015,0,0,94,0,0,0,0,0,0,0,0,0,0,0,1,3,0,256,0
2865,77403,0,0,6,217,0,0,0,0,0,0,0,0,1021,0,0,95,0,0,0,0,0,0,0,0,0,0,0,1,3,0,256,0
2866,77404,0,0,6,217,0,0,0,0,0,0,0,0,1027,0,0,95,0,0,0,0,0,0,0,0,0,0,0,1,3,0,256,0
2867,77405,0,0,6,217,0,0,0,0,0,0,0,0,1033,0,0,96,0,0,0,0,0,0,0,0,0,0,0,1,3,0,256,0
2868,77406,0,0,6,217,0,0,0,0,0,0,0,0,1038,0,0,96,0,0,0,0,0,0,0,0,0,0,0,1,3,0,256,0
2869,77407,0,0,6,217,0,0,0,0,0,0,0,0,1044,0,0,97,0,0,0,0,0,0,0,0,0,0,0,1,3,0,256,0
2870,77408,0,0,6,225,0,0,0,0,0,0,0,0,1033,0,0,96,0,0,0,0,0,0,0,0,0,0,0,1,3,0,256,0
2871,77409,0,0,6,225,0,0,0,0,0,0,0,0,1038,0,0,96,0,0,0,0,0,0,0,0,0,0,0,1,3,0,256,0
2872,77410,0,0,6,225,0,0,0,0,0,0,0,0,1044,0,0,97,0,0,0,0,0,0,0,0,0,0,0,1,3,0,256,0
2873,77411,0,0,6,225,0,0,0,0,0,0,0,0,1050,0,0,97,0,0,0,0,0,0,0,0,0,0,0,1,3,0,256,0
2874,77412,0,0,6,225,0,0,0,0,0,0,0,0,1056,0,0,98,0,0,0,0,0,0,0,0,0,0,0,1,3,0,256,0
2875,77413,0,0,6,225,0,0,0,0,0,0,0,0,1062,0,0,99,0,0,0,0,0,0,0,0,0,0,0,1,3,0,256,0
2876,77414,0,0,6,225,0,0,0,0,0,0,0,0,1068,0,0,99,0,0,0,0,0,0,0,0,0,0,0,1,3,0,256,0
2877,77415,0,0,6,225,0,0,0,0,0,0,0,0,1073,0,0,100,0,0,0,0,0,0,0,0,0,0,0,1,3,0,256,0
2878,77416,0,0,6,225,0,0,0,0,0,0,0,0,1079,0,0,100,0,0,0,0,0,0,0,0,0,0,0,1,3,0,256,0
2879,77417,0,0,6,225,0,0,0,0,0,0,0,0,1085,0,0,101,0,0,0,0,0,0,0,0,0,0,0,1,3,0,256,0
2880,77418,0,0,6,225,0,0,0,0,0,0,0,0,1091,0,0,101,0,0,0,0,0,0,0,0,0,0,0,1,3,0,256,0
2881,77419,0,0,6,233,0,0,0,0,0,0,0,0,1079,0,0,100,0,0,0,0,0,0,0,0,0,0,0,1,3,0,256,0
2882,77420,0,0,6,233,0,0,0,0,0,0,0,0,1085,0,0,101,0,0,0,0,0,0,0,0,0,0,0,1,3,0,256,0
2883,77421,0,0,6,233,0,0,0,0,0,0,0,0,1091,0,0,101,0,0,0,0,0,0,0,0,0,0,0,1,3,0,256,0
2884,77422,0,0,6,233,0,0,0,0,0,0,0,0,1097,0,0,102,0,0,0,0,0,0,0,0,0,0,0,1,3,0,256,0
2885,77423,0,0,6,233,0,0,0,0,0,0,0,0,1103,0,0,102,0,0,0,0,0,0,0,0,0,0,0,1,3,0,256,0
2886,77424,0,0,6,233,0,0,0,0,0,0,0,0,1108,0,0,103,0,0,0,0,0,0,0,0,0,0,0,1,3,0,256,0
2887,77425,0,0,6,233,0,0,0,0,0,0,0,0,1114,0,0,103,0,0,0,0,0,0,0,0,0,0,0,1,3,0,256,0
2888,77426,0,0,6,233,0,0,0,0,0,0,0,0,1120,0,0,104,0,0,0,0,0,0,0,0,0,0,0,1,3,0,256,0
2889,78100,0,0,1,1,0,0,0,0,0,0,0,0,14,0,0,1,0,0,0,0,0,0,0,0,0,0,0,1,3,0,192,0
2890,78101,0,0,1,1,0,0,0,0,0,0,0,0,28,0,0,3,0,0,0,0,0,0,0,0,0,0,0,1,3,0,192,0
2891,78102,0,0,1,1,0,0,0,0,0,0,0,0,42,0,0,4,0,0,0,0,0,0,0,0,0,0,0,1,3,0,192,0
2892,78103,0,0,1,1,0,0,0,0,0,0,0,0,56,0,0,5,0,0,0,0,0,0,0,0,0,0,0,1,3,0,192,0
2893,78104,0,0,1,1,0,0,0,0,0,0,0,0,70,0,0,7,0,0,0,0,0,0,0,0,0,0,0,1,3,0,192,0
2894,78105,0,0,1,1,0,0,0,0,0,0,0,0,84,0,0,8,0,0,0,0,0,0,0,0,0,0,0,1,3,0,192,0
2895,78106,0,0,1,1,0,0,0,0,0,0,0,0,98,0,0,9,0,0,0,0,0,0,0,0,0,0,0,1,3,0,192,0
2896,78107,0,0,1,1,0,0,0,0,0,0,0,0,112,0,0,10,0,0,0,0,0,0,0,0,0,0,0,1,3,0,192,0
2897,78108,0,0,1,1,0,0,0,0,0,0,0,0,126,0,0,12,0,0,0,0,0,0,0,0,0,0,0,1,3,0,192,0
2898,78109,0,0,1,1,0,0,0,0,0,0,0,0,140,0,0,13,0,0,0,0,0,0,0,0,0,0,0,1,3,0,192,0
2899,78110,0,0,1,1,0,0,0,0,0,0,0,0,154,0,0,14,0,0,0,0,0,0,0,0,0,0,0,1,3,0,192,0
2900,78111,0,0,1,9,0,0,0,0,0,0,0,0,126,0,0,12,0,0,0,0,0,0,0,0,0,0,0,1,3,0,192,0
2901,78112,0,0,1,9,0,0,0,0,0,0,0,0,140,0,0,13,0,0,0,0,0,0,0,0,0,0,0,1,3,0,192,0
2902,78113,0,0,1,9,0,0,0,0,0,0,0,0,154,0,0,14,0,0,0,0,0,0,0,0,0,0,0,1,3,0,192,0
2903,78114,0,0,1,9,0,0,0,0,0,0,0,0,168,0,0,16,0,0,0,0,0,0,0,0,0,0,0,1,3,0,192,0
2904,78115,0,0,1,9,0,0,0,0,0,0,0,0,182,0,0,17,0,0,0,0,0,0,0,0,0,0,0,1,3,0,192,0
2905,78116,0,0,1,9,0,0,0,0,0,0,0,0,196,0,0,18,0,0,0,0,0,0,0,0,0,0,0,1,3,0,192,0
2906,78117,0,0,1,9,0,0,0,0,0,0,0,0,210,0,0,20,0,0,0,0,0,0,0,0,0,0,0,1,3,0,192,0
2907,78118,0,0,1,9,0,0,0,0,0,0,0,0,224,0,0,21,0,0,0,0,0,0,0,0,0,0,0,1,3,0,192,0
2908,78119,0,0,1,9,0,0,0,0,0,0,0,0,238,0,0,22,0,0,0,0,0,0,0,0,0,0,0,1,3,0,192,0
2909,78120,0,0,1,9,0,0,0,0,0,0,0,0,252,0,0,23,0,0,0,0,0,0,0,0,0,0,0,1,3,0,192,0
2910,78121,0,0,1,9,0,0,0,0,0,0,0,0,266,0,0,25,0,0,0,0,0,0,0,0,0,0,0,1,3,0,192,0
2911,78122,0,0,1,17,0,0,0,0,0,0,0,0,238,0,0,22,0,0,0,0,0,0,0,0,0,0,0,1,3,0,192,0
2912,78123,0,0,1,17,0,0,0,0,0,0,0,0,252,0,0,23,0,0,0,0,0,0,0,0,0,0,0,1,3,0,192,0
2913,78124,0,0,1,17,0,0,0,0,0,0,0,0,266,0,0,25,0,0,0,0,0,0,0,0,0,0,0,1,3,0,192,0
2914,78125,0,0,1,17,0,0,0,0,0,0,0,0,280,0,0,26,0,0,0,0,0,0,0,0,0,0,0,1,3,0,192,0
2915,78126,0,0,1,17,0,0,0,0,0,0,0,0,294,0,0,27,0,0,0,0,0,0,0,0,0,0,0,1,3,0,192,0
2916,78127,0,0,1,17,0,0,0,0,0,0,0,0,308,0,0,29,0,0,0,0,0,0,0,0,0,0,0,1,3,0,192,0
2917,78128,0,0,1,17,0,0,0,0,0,0,0,0,322,0,0,30,0,0,0,0,0,0,0,0,0,0,0,1,3,0,192,0
2918,78129,0,0,1,17,0,0,0,0,0,0,0,0,336,0,0,31,0,0,0,0,0,0,0,0,0,0,0,1,3,0,192,0
2919,78130,0,0,1,17,0,0,0,0,0,0,0,0,350,0,0,33,0,0,0,0,0,0,0,0,0,0,0,1,3,0,192,0
2920,78131,0,0,1,17,0,0,0,0,0,0,0,0,364,0,0,34,0,0,0,0,0,0,0,0,0,0,0,1,3,0,192,0
2921,78132,0,0,1,17,0,0,0,0,0,0,0,0,378,0,0,35,0,0,0,0,0,0,0,0,0,0,0,1,3,0,192,0
2922,78133,0,0,1,25,0,0,0,0,0,0,0,0,350,0,0,33,0,0,0,0,0,0,0,0,0,0,0,1,3,0,192,0
2923,78134,0,0,1,25,0,0,0,0,0,0,0,0,364,0,0,34,0,0,0,0,0,0,0,0,0,0,0,1,3,0,192,0
2924,78135,0,0,1,25,0,0,0,0,0,0,0,0,378,0,0,35,0,0,0,0,0,0,0,0,0,0,0,1,3,0,192,0
2925,78136,0,0,1,25,0,0,0,0,0,0,0,0,392,0,0,36,0,0,0,0,0,0,0,0,0,0,0,1,3,0,192,0
2926,78137,0,0,1,25,0,0,0,0,0,0,0,0,406,0,0,38,0,0,0,0,0,0,0,0,0,0,0,1,3,0,192,0
2927,78138,0,0,1,25,0,0,0,0,0,0,0,0,420,0,0,39,0,0,0,0,0,0,0,0,0,0,0,1,3,0,192,0
2928,78139,0,0,1,25,0,0,0,0,0,0,0,0,434,0,0,40,0,0,0,0,0,0,0,0,0,0,0,1,3,0,192,0
2929,78140,0,0,1,25,0,0,0,0,0,0,0,0,448,0,0,42,0,0,0,0,0,0,0,0,0,0,0,1,3,0,192,0
2930,78141,0,0,1,25,0,0,0,0,0,0,0,0,462,0,0,43,0,0,0,0,0,0,0,0,0,0,0,1,3,0,192,0
2931,78142,0,0,1,25,0,0,0,0,0,0,0,0,476,0,0,44,0,0,0,0,0,0,0,0,0,0,0,1,3,0,192,0
2932,78143,0,0,1,25,0,0,0,0,0,0,0,0,490,0,0,46,0,0,0,0,0,0,0,0,0,0,0,1,3,0,192,0
2933,78144,0,0,2,33,0,0,0,0,0,0,0,0,462,0,0,43,0,0,0,0,0,0,0,0,0,0,0,1,3,0,192,0
2934,78145,0,0,2,33,0,0,0,0,0,0,0,0,476,0,0,44,0,0,0,0,0,0,0,0,0,0,0,1,3,0,192,0
2935,78146,0,0,2,33,0,0,0,0,0,0,0,0,490,0,0,46,0,0,0,0,0,0,0,0,0,0,0,1,3,0,192,0
2936,78147,0,0,2,33,0,0,0,0,0,0,0,0,504,0,0,47,0,0,0,0,0,0,0,0,0,0,0,1,3,0,192,0
2937,78148,0,0,2,33,0,0,0,0,0,0,0,0,518,0,0,48,0,0,0,0,0,0,0,0,0,0,0,1,3,0,192,0
2938,78149,0,0,2,33,0,0,0,0,0,0,0,0,532,0,0,49,0,0,0,0,0,0,0,0,0,0,0,1,3,0,192,0
2939,78150,0,0,2,33,0,0,0,0,0,0,0,0,546,0,0,51,0,0,0,0,0,0,0,0,0,0,0,1,3,0,192,0
2940,78151,0,0,2,33,0,0,0,0,0,0,0,0,560,0,0,52,0,0,0,0,0,0,0,0,0,0,0,1,3,0,192,0
2941,78152,0,0,2,33,0,0,0,0,0,0,0,0,574,0,0,53,0,0,0,0,0,0,0,0,0,0,0,1,3,0,192,0
2942,78153,0,0,2,33,0,0,0,0,0,0,0,0,588,0,0,55,0,0,0,0,0,0,0,0,0,0,0,1,3,0,192,0
2943,78154,0,0,2,33,0,0,0,0,0,0,0,0,602,0,0,56,0,0,0,0,0,0,0,0,0,0,0,1,3,0,192,0
2944,78155,0,0,2,41,0,0,0,0,0,0,0,0,574,0,0,53,0,0,0,0,0,0,0,0,0,0,0,1,3,0,192,0
2945,78156,0,0,2,41,0,0,0,0,0,0,0,0,588,0,0,55,0,0,0,0,0,0,0,0,0,0,0,1,3,0,192,0
2946,78157,0,0,2,41,0,0,0,0,0,0,0,0,602,0,0,56,0,0,0,0,0,0,0,0,0,0,0,1,3,0,192,0
2947,78158,0,0,2,41,0,0,0,0,0,0,0,0,616,0,0,57,0,0,0,0,0,0,0,0,0,0,0,1,3,0,192,0
2948,78159,0,0,2,41,0,0,0,0,0,0,0,0,630,0,0,59,0,0,0,0,0,0,0,0,0,0,0,1,3,0,192,0
2949,78160,0,0,2,41,0,0,0,0,0,0,0,0,644,0,0,60,0,0,0,0,0,0,0,0,0,0,0,1,3,0,192,0
2950,78161,0,0,2,41,0,0,0,0,0,0,0,0,658,0,0,61,0,0,0,0,0,0,0,0,0,0,0,1,3,0,192,0
2951,78162,0,0,2,41,0,0,0,0,0,0,0,0,672,0,0,62,0,0,0,0,0,0,0,0,0,0,0,1,3,0,192,0
2952,78163,0,0,2,41,0,0,0,0,0,0,0,0,686,0,0,64,0,0,0,0,0,0,0,0,0,0,0,1,3,0,192,0
2953,78164,0,0,2,41,0,0,0,0,0,0,0,0,700,0,0,65,0,0,0,0,0,0,0,0,0,0,0,1,3,0,192,0
2954,78165,0,0,2,41,0,0,0,0,0,0,0,0,714,0,0,66,0,0,0,0,0,0,0,0,0,0,0,1,3,0,192,0
2955,78166,0,0,2,49,0,0,0,0,0,0,0,0,686,0,0,64,0,0,0,0,0,0,0,0,0,0,0,1,3,0,192,0
2956,78167,0,0,2,49,0,0,0,0,0,0,0,0,700,0,0,65,0,0,0,0,0,0,0,0,0,0,0,1,3,0,192,0
2957,78168,0,0,2,49,0,0,0,0,0,0,0,0,714,0,0,66,0,0,0,0,0,0,0,0,0,0,0,1,3,0,192,0
2958,78169,0,0,2,49,0,0,0,0,0,0,0,0,728,0,0,68,0,0,0,0,0,0,0,0,0,0,0,1,3,0,192,0
2959,78170,0,0,2,49,0,0,0,0,0,0,0,0,742,0,0,69,0,0,0,0,0,0,0,0,0,0,0,1,3,0,192,0
2960,78171,0,0,2,49,0,0,0,0,0,0,0,0,756,0,0,70,0,0,0,0,0,0,0,0,0,0,0,1,3,0,192,0
2961,78172,0,0,2,49,0,0,0,0,0,0,0,0,770,0,0,72,0,0,0,0,0,0,0,0,0,0,0,1,3,0,192,0
2962,78173,0,0,2,49,0,0,0,0,0,0,0,0,784,0,0,73,0,0,0,0,0,0,0,0,0,0,0,1,3,0,192,0
2963,78174,0,0,2,49,0,0,0,0,0,0,0,0,798,0,0,74,0,0,0,0,0,0,0,0,0,0,0,1,3,0,192,0
2964,78175,0,0,2,49,0,0,0,0,0,0,0,0,812,0,0,75,0,0,0,0,0,0,0,0,0,0,0,1,3,0,192,0
2965,78176,0,0,2,49,0,0,0,0,0,0,0,0,826,0,0,77,0,0,0,0,0,0,0,0,0,0,0,1,3,0,192,0
2966,78177,0,0,2,57,0,0,0,0,0,0,0,0,798,0,0,74,0,0,0,0,0,0,0,0,0,0,0,1,3,0,192,0
2967,78178,0,0,2,57,0,0,0,0,0,0,0,0,812,0,0,75,0,0,0,0,0,0,0,0,0,0,0,1,3,0,192,0
2968,78179,0,0,2,57,0,0,0,0,0,0,0,0,826,0,0,77,0,0,0,0,0,0,0,0,0,0,0,1,3,0,192,0
2969,78180,0,0,2,57,0,0,0,0,0,0,0,0,840,0,0,78,0,0,0,0,0,0,0,0,0,0,0,1,3,0,192,0
2970,78181,0,0,2,57,0,0,0,0,0,0,0,0,859,0,0,80,0,0,0,0,0,0,0,0,0,0,0,1,3,0,192,0
2971,78182,0,0,2,57,0,0,0,0,0,0,0,0,877,0,0,81,0,0,0,0,0,0,0,0,0,0,0,1,3,0,192,0
2972,78183,0,0,2,57,0,0,0,0,0,0,0,0,896,0,0,83,0,0,0,0,0,0,0,0,0,0,0,1,3,0,192,0
2973,78184,0,0,2,57,0,0,0,0,0,0,0,0,915,0,0,85,0,0,0,0,0,0,0,0,0,0,0,1,3,0,192,0
2974,78185,0,0,2,57,0,0,0,0,0,0,0,0,933,0,0,87,0,0,0,0,0,0,0,0,0,0,0,1,3,0,192,0
2975,78186,0,0,2,57,0,0,0,0,0,0,0,0,952,0,0,88,0,0,0,0,0,0,0,0,0,0,0,1,3,0,192,0
2976,78187,0,0,2,57,0,0,0,0,0,0,0,0,971,0,0,90,0,0,0,0,0,0,0,0,0,0,0,1,3,0,192,0
2977,78188,0,0,3,65,0,0,0,0,0,0,0,0,933,0,0,87,0,0,0,0,0,0,0,0,0,0,0,1,3,0,192,0
2978,78189,0,0,3,65,0,0,0,0,0,0,0,0,952,0,0,88,0,0,0,0,0,0,0,0,0,0,0,1,3,0,192,0
2979,78190,0,0,3,65,0,0,0,0,0,0,0,0,971,0,0,90,0,0,0,0,0,0,0,0,0,0,0,1,3,0,192,0
2980,78191,0,0,3,65,0,0,0,0,0,0,0,0,989,0,0,92,0,0,0,0,0,0,0,0,0,0,0,1,3,0,192,0
2981,78192,0,0,3,65,0,0,0,0,0,0,0,0,1008,0,0,94,0,0,0,0,0,0,0,0,0,0,0,1,3,0,192,0
2982,78193,0,0,3,65,0,0,0,0,0,0,0,0,1027,0,0,95,0,0,0,0,0,0,0,0,0,0,0,1,3,0,192,0
2983,78194,0,0,3,65,0,0,0,0,0,0,0,0,1045,0,0,97,0,0,0,0,0,0,0,0,0,0,0,1,3,0,192,0
2984,78195,0,0,3,65,0,0,0,0,0,0,0,0,1064,0,0,99,0,0,0,0,0,0,0,0,0,0,0,1,3,0,192,0
2985,78196,0,0,3,65,0,0,0,0,0,0,0,0,1083,0,0,101,0,0,0,0,0,0,0,0,0,0,0,1,3,0,192,0
2986,78197,0,0,3,65,0,0,0,0,0,0,0,0,1101,0,0,102,0,0,0,0,0,0,0,0,0,0,0,1,3,0,192,0
2987,78198,0,0,3,65,0,0,0,0,0,0,0,0,1120,0,0,104,0,0,0,0,0,0,0,0,0,0,0,1,3,0,192,0
2988,78199,0,0,3,73,0,0,0,0,0,0,0,0,1083,0,0,101,0,0,0,0,0,0,0,0,0,0,0,1,3,0,192,0
2989,78200,0,0,3,73,0,0,0,0,0,0,0,0,1101,0,0,102,0,0,0,0,0,0,0,0,0,0,0,1,3,0,192,0
2990,78201,0,0,3,73,0,0,0,0,0,0,0,0,1120,0,0,104,0,0,0,0,0,0,0,0,0,0,0,1,3,0,192,0
2991,78202,0,0,3,73,0,0,0,0,0,0,0,0,1139,0,0,106,0,0,0,0,0,0,0,0,0,0,0,1,3,0,192,0
2992,78203,0,0,3,73,0,0,0,0,0,0,0,0,1157,0,0,107,0,0,0,0,0,0,0,0,0,0,0,1,3,0,192,0
2993,78204,0,0,3,73,0,0,0,0,0,0,0,0,1176,0,0,109,0,0,0,0,0,0,0,0,0,0,0,1,3,0,192,0
2994,78205,0,0,3,73,0,0,0,0,0,0,0,0,1195,0,0,111,0,0,0,0,0,0,0,0,0,0,0,1,3,0,192,0
2995,78206,0,0,3,73,0,0,0,0,0,0,0,0,1213,0,0,113,0,0,0,0,0,0,0,0,0,0,0,1,3,0,192,0
2996,78207,0,0,3,73,0,0,0,0,0,0,0,0,1232,0,0,114,0,0,0,0,0,0,0,0,0,0,0,1,3,0,192,0
2997,78208,0,0,3,73,0,0,0,0,0,0,0,0,1251,0,0,116,0,0,0,0,0,0,0,0,0,0,0,1,3,0,192,0
2998,78209,0,0,3,73,0,0,0,0,0,0,0,0,1269,0,0,118,0,0,0,0,0,0,0,0,0,0,0,1,3,0,192,0
2999,78210,0,0,3,81,0,0,0,0,0,0,0,0,1232,0,0,114,0,0,0,0,0,0,0,0,0,0,0,1,3,0,192,0
3000,78211,0,0,3,81,0,0,0,0,0,0,0,0,1251,0,0,116,0,0,0,0,0,0,0,0,0,0,0,1,3,0,192,0
3001,78212,0,0,3,81,0,0,0,0,0,0,0,0,1269,0,0,118,0,0,0,0,0,0,0,0,0,0,0,1,3,0,192,0
3002,78213,0,0,3,81,0,0,0,0,0,0,0,0,1288,0,0,120,0,0,0,0,0,0,0,0,0,0,0,1,3,0,192,0
3003,78214,0,0,3,81,0,0,0,0,0,0,0,0,1307,0,0,121,0,0,0,0,0,0,0,0,0,0,0,1,3,0,192,0
3004,78215,0,0,3,81,0,0,0,0,0,0,0,0,1325,0,0,123,0,0,0,0,0,0,0,0,0,0,0,1,3,0,192,0
3005,78216,0,0,3,81,0,0,0,0,0,0,0,0,1344,0,0,125,0,0,0,0,0,0,0,0,0,0,0,1,3,0,192,0
3006,78217,0,0,3,81,0,0,0,0,0,0,0,0,1363,0,0,127,0,0,0,0,0,0,0,0,0,0,0,1,3,0,192,0
3007,78218,0,0,3,81,0,0,0,0,0,0,0,0,1381,0,0,128,0,0,0,0,0,0,0,0,0,0,0,1,3,0,192,0
3008,78219,0,0,3,81,0,0,0,0,0,0,0,0,1400,0,0,130,0,0,0,0,0,0,0,0,0,0,0,1,3,0,192,0
3009,78220,0,0,3,81,0,0,0,0,0,0,0,0,1419,0,0,132,0,0,0,0,0,0,0,0,0,0,0,1,3,0,192,0
3010,78221,0,0,3,89,0,0,0,0,0,0,0,0,1381,0,0,128,0,0,0,0,0,0,0,0,0,0,0,1,3,0,192,0
3011,78222,0,0,3,89,0,0,0,0,0,0,0,0,1400,0,0,130,0,0,0,0,0,0,0,0,0,0,0,1,3,0,192,0
3012,78223,0,0,3,89,0,0,0,0,0,0,0,0,1419,0,0,132,0,0,0,0,0,0,0,0,0,0,0,1,3,0,192,0
3013,78224,0,0,3,89,0,0,0,0,0,0,0,0,1437,0,0,133,0,0,0,0,0,0,0,0,0,0,0,1,3,0,192,0
3014,78225,0,0,3,89,0,0,0,0,0,0,0,0,1456,0,0,135,0,0,0,0,0,0,0,0,0,0,0,1,3,0,192,0
3015,78226,0,0,3,89,0,0,0,0,0,0,0,0,1475,0,0,137,0,0,0,0,0,0,0,0,0,0,0,1,3,0,192,0
3016,78227,0,0,3,89,0,0,0,0,0,0,0,0,1493,0,0,139,0,0,0,0,0,0,0,0,0,0,0,1,3,0,192,0
3017,78228,0,0,3,89,0,0,0,0,0,0,0,0,1512,0,0,140,0,0,0,0,0,0,0,0,0,0,0,1,3,0,192,0
3018,78229,0,0,3,89,0,0,0,0,0,0,0,0,1531,0,0,142,0,0,0,0,0,0,0,0,0,0,0,1,3,0,192,0
3019,78230,0,0,3,89,0,0,0,0,0,0,0,0,1549,0,0,144,0,0,0,0,0,0,0,0,0,0,0,1,3,0,192,0
3020,78231,0,0,3,89,0,0,0,0,0,0,0,0,1568,0,0,146,0,0,0,0,0,0,0,0,0,0,0,1,3,0,192,0
3021,78232,0,0,4,97,0,0,0,0,0,0,0,0,1531,0,0,142,0,0,0,0,0,0,0,0,0,0,0,1,3,0,192,0
3022,78233,0,0,4,97,0,0,0,0,0,0,0,0,1549,0,0,144,0,0,0,0,0,0,0,0,0,0,0,1,3,0,192,0
3023,78234,0,0,4,97,0,0,0,0,0,0,0,0,1568,0,0,146,0,0,0,0,0,0,0,0,0,0,0,1,3,0,192,0
3024,78235,0,0,4,97,0,0,0,0,0,0,0,0,1587,0,0,147,0,0,0,0,0,0,0,0,0,0,0,1,3,0,192,0
3025,78236,0,0,4,97,0,0,0,0,0,0,0,0,1605,0,0,149,0,0,0,0,0,0,0,0,0,0,0,1,3,0,192,0
3026,78237,0,0,4,97,0,0,0,0,0,0,0,0,1624,0,0,151,0,0,0,0,0,0,0,0,0,0,0,1,3,0,192,0
3027,78238,0,0,4,97,0,0,0,0,0,0,0,0,1643,0,0,153,0,0,0,0,0,0,0,0,0,0,0,1,3,0,192,0
3028,78239,0,0,4,97,0,0,0,0,0,0,0,0,1661,0,0,154,0,0,0,0,0,0,0,0,0,0,0,1,3,0,192,0
3029,78240,0,0,4,97,0,0,0,0,0,0,0,0,1680,0,0,156,0,0,0,0,0,0,0,0,0,0,0,1,3,0,192,0
3030,78241,0,0,4,97,0,0,0,0,0,0,0,0,1699,0,0,158,0,0,0,0,0,0,0,0,0,0,0,1,3,0,192,0
3031,78242,0,0,4,97,0,0,0,0,0,0,0,0,1717,0,0,159,0,0,0,0,0,0,0,0,0,0,0,1,3,0,192,0
3032,78243,0,0,4,105,0,0,0,0,0,0,0,0,1680,0,0,156,0,0,0,0,0,0,0,0,0,0,0,1,3,0,192,0
3033,78244,0,0,4,105,0,0,0,0,0,0,0,0,1699,0,0,158,0,0,0,0,0,0,0,0,0,0,0,1,3,0,192,0
3034,78245,0,0,4,105,0,0,0,0,0,0,0,0,1717,0,0,159,0,0,0,0,0,0,0,0,0,0,0,1,3,0,192,0
3035,78246,0,0,4,105,0,0,0,0,0,0,0,0,1736,0,0,161,0,0,0,0,0,0,0,0,0,0,0,1,3,0,192,0
3036,78247,0,0,4,105,0,0,0,0,0,0,0,0,1755,0,0,163,0,0,0,0,0,0,0,0,0,0,0,1,3,0,192,0
3037,78248,0,0,4,105,0,0,0,0,0,0,0,0,1773,0,0,165,0,0,0,0,0,0,0,0,0,0,0,1,3,0,192,0
3038,78249,0,0,4,105,0,0,0,0,0,0,0,0,1792,0,0,166,0,0,0,0,0,0,0,0,0,0,0,1,3,0,192,0
3039,78250,0,0,4,105,0,0,0,0,0,0,0,0,1811,0,0,168,0,0,0,0,0,0,0,0,0,0,0,1,3,0,192,0
3040,78251,0,0,4,105,0,0,0,0,0,0,0,0,1829,0,0,170,0,0,0,0,0,0,0,0,0,0,0,1,3,0,192,0
3041,78252,0,0,4,105,0,0,0,0,0,0,0,0,1848,0,0,172,0,0,0,0,0,0,0,0,0,0,0,1,3,0,192,0
3042,78253,0,0,4,105,0,0,0,0,0,0,0,0,1867,0,0,173,0,0,0,0,0,0,0,0,0,0,0,1,3,0,192,0
3043,78254,0,0,4,113,0,0,0,0,0,0,0,0,1829,0,0,170,0,0,0,0,0,0,0,0,0,0,0,1,3,0,192,0
3044,78255,0,0,4,113,0,0,0,0,0,0,0,0,1848,0,0,172,0,0,0,0,0,0,0,0,0,0,0,1,3,0,192,0
3045,78256,0,0,4,113,0,0,0,0,0,0,0,0,1867,0,0,173,0,0,0,0,0,0,0,0,0,0,0,1,3,0,192,0
3046,78257,0,0,4,113,0,0,0,0,0,0,0,0,1885,0,0,175,0,0,0,0,0,0,0,0,0,0,0,1,3,0,192,0
3047,78258,0,0,4,113,0,0,0,0,0,0,0,0,1904,0,0,177,0,0,0,0,0,0,0,0,0,0,0,1,3,0,192,0
3048,78259,0,0,4,113,0,0,0,0,0,0,0,0,1923,0,0,179,0,0,0,0,0,0,0,0,0,0,0,1,3,0,192,0
3049,78260,0,0,4,113,0,0,0,0,0,0,0,0,1941,0,0,180,0,0,0,0,0,0,0,0,0,0,0,1,3,0,192,0
3050,78261,0,0,4,113,0,0,0,0,0,0,0,0,1960,0,0,182,0,0,0,0,0,0,0,0,0,0,0,1,3,0,192,0
3051,78262,0,0,4,113,0,0,0,0,0,0,0,0,1979,0,0,184,0,0,0,0,0,0,0,0,0,0,0,1,3,0,192,0
3052,78263,0,0,4,113,0,0,0,0,0,0,0,0,1997,0,0,185,0,0,0,0,0,0,0,0,0,0,0,1,3,0,192,0
3053,78264,0,0,4,113,0,0,0,0,0,0,0,0,2016,0,0,187,0,0,0,0,0,0,0,0,0,0,0,1,3,0,192,0
3054,78265,0,0,4,121,0,0,0,0,0,0,0,0,1979,0,0,184,0,0,0,0,0,0,0,0,0,0,0,1,3,0,192,0
3055,78266,0,0,4,121,0,0,0,0,0,0,0,0,1997,0,0,185,0,0,0,0,0,0,0,0,0,0,0,1,3,0,192,0
3056,78267,0,0,4,121,0,0,0,0,0,0,0,0,2016,0,0,187,0,0,0,0,0,0,0,0,0,0,0,1,3,0,192,0
3057,78268,0,0,4,121,0,0,0,0,0,0,0,0,2035,0,0,189,0,0,0,0,0,0,0,0,0,0,0,1,3,0,192,0
3058,78269,0,0,4,121,0,0,0,0,0,0,0,0,2053,0,0,191,0,0,0,0,0,0,0,0,0,0,0,1,3,0,192,0
3059,78270,0,0,4,121,0,0,0,0,0,0,0,0,2072,0,0,192,0,0,0,0,0,0,0,0,0,0,0,1,3,0,192,0
3060,78271,0,0,4,121,0,0,0,0,0,0,0,0,2091,0,0,194,0,0,0,0,0,0,0,0,0,0,0,1,3,0,192,0
3061,78272,0,0,4,121,0,0,0,0,0,0,0,0,2109,0,0,196,0,0,0,0,0,0,0,0,0,0,0,1,3,0,192,0
3062,78273,0,0,4,121,0,0,0,0,0,0,0,0,2128,0,0,198,0,0,0,0,0,0,0,0,0,0,0,1,3,0,192,0
3063,78274,0,0,4,121,0,0,0,0,0,0,0,0,2147,0,0,199,0,0,0,0,0,0,0,0,0,0,0,1,3,0,192,0
3064,78275,0,0,4,121,0,0,0,0,0,0,0,0,2165,0,0,201,0,0,0,0,0,0,0,0,0,0,0,1,3,0,192,0
3065,78276,0,0,4,129,0,0,0,0,0,0,0,0,2128,0,0,198,0,0,0,0,0,0,0,0,0,0,0,1,3,0,192,0
3066,78277,0,0,4,129,0,0,0,0,0,0,0,0,2147,0,0,199,0,0,0,0,0,0,0,0,0,0,0,1,3,0,192,0
3067,78278,0,0,4,129,0,0,0,0,0,0,0,0,2165,0,0,201,0,0,0,0,0,0,0,0,0,0,0,1,3,0,192,0
3068,78279,0,0,4,129,0,0,0,0,0,0,0,0,2184,0,0,203,0,0,0,0,0,0,0,0,0,0,0,1,3,0,192,0
3069,78280,0,0,4,129,0,0,0,0,0,0,0,0,2203,0,0,205,0,0,0,0,0,0,0,0,0,0,0,1,3,0,192,0
3070,78281,0,0,4,129,0,0,0,0,0,0,0,0,2221,0,0,206,0,0,0,0,0,0,0,0,0,0,0,1,3,0,192,0
3071,78282,0,0,4,129,0,0,0,0,0,0,0,0,2240,0,0,208,0,0,0,0,0,0,0,0,0,0,0,1,3,0,192,0
3072,78283,0,0,4,129,0,0,0,0,0,0,0,0,2259,0,0,210,0,0,0,0,0,0,0,0,0,0,0,1,3,0,192,0
3073,78284,0,0,4,129,0,0,0,0,0,0,0,0,2277,0,0,211,0,0,0,0,0,0,0,0,0,0,0,1,3,0,192,0
3074,78285,0,0,4,129,0,0,0,0,0,0,0,0,2296,0,0,213,0,0,0,0,0,0,0,0,0,0,0,1,3,0,192,0
3075,78286,0,0,4,129,0,0,0,0,0,0,0,0,2315,0,0,215,0,0,0,0,0,0,0,0,0,0,0,1,3,0,192,0
3076,78287,0,0,5,137,0,0,0,0,0,0,0,0,2277,0,0,211,0,0,0,0,0,0,0,0,0,0,0,1,3,0,192,0
3077,78288,0,0,5,137,0,0,0,0,0,0,0,0,2296,0,0,213,0,0,0,0,0,0,0,0,0,0,0,1,3,0,192,0
3078,78289,0,0,5,137,0,0,0,0,0,0,0,0,2315,0,0,215,0,0,0,0,0,0,0,0,0,0,0,1,3,0,192,0
3079,78290,0,0,5,137,0,0,0,0,0,0,0,0,2333,0,0,217,0,0,0,0,0,0,0,0,0,0,0,1,3,0,192,0
3080,78291,0,0,5,137,0,0,0,0,0,0,0,0,2352,0,0,218,0,0,0,0,0,0,0,0,0,0,0,1,3,0,192,0
3081,78292,0,0,5,137,0,0,0,0,0,0,0,0,2371,0,0,220,0,0,0,0,0,0,0,0,0,0,0,1,3,0,192,0
3082,78293,0,0,5,137,0,0,0,0,0,0,0,0,2389,0,0,222,0,0,0,0,0,0,0,0,0,0,0,1,3,0,192,0
3083,78294,0,0,5,137,0,0,0,0,0,0,0,0,2408,0,0,224,0,0,0,0,0,0,0,0,0,0,0,1,3,0,192,0
3084,78295,0,0,5,137,0,0,0,0,0,0,0,0,2427,0,0,225,0,0,0,0,0,0,0,0,0,0,0,1,3,0,192,0
3085,78296,0,0,5,137,0,0,0,0,0,0,0,0,2445,0,0,227,0,0,0,0,0,0,0,0,0,0,0,1,3,0,192,0
3086,78297,0,0,5,137,0,0,0,0,0,0,0,0,2464,0,0,229,0,0,0,0,0,0,0,0,0,0,0,1,3,0,192,0
3087,78298,0,0,5,145,0,0,0,0,0,0,0,0,2427,0,0,225,0,0,0,0,0,0,0,0,0,0,0,1,3,0,192,0
3088,78299,0,0,5,145,0,0,0,0,0,0,0,0,2445,0,0,227,0,0,0,0,0,0,0,0,0,0,0,1,3,0,192,0
3089,78300,0,0,5,145,0,0,0,0,0,0,0,0,2464,0,0,229,0,0,0,0,0,0,0,0,0,0,0,1,3,0,192,0
3090,78301,0,0,5,145,0,0,0,0,0,0,0,0,2483,0,0,231,0,0,0,0,0,0,0,0,0,0,0,1,3,0,192,0
3091,78302,0,0,5,145,0,0,0,0,0,0,0,0,2501,0,0,232,0,0,0,0,0,0,0,0,0,0,0,1,3,0,192,0
3092,78303,0,0,5,145,0,0,0,0,0,0,0,0,2520,0,0,234,0,0,0,0,0,0,0,0,0,0,0,1,3,0,192,0
3093,78304,0,0,5,145,0,0,0,0,0,0,0,0,2539,0,0,236,0,0,0,0,0,0,0,0,0,0,0,1,3,0,192,0
3094,78305,0,0,5,145,0,0,0,0,0,0,0,0,2557,0,0,237,0,0,0,0,0,0,0,0,0,0,0,1,3,0,192,0
3095,78306,0,0,5,145,0,0,0,0,0,0,0,0,2576,0,0,239,0,0,0,0,0,0,0,0,0,0,0,1,3,0,192,0
3096,78307,0,0,5,145,0,0,0,0,0,0,0,0,2595,0,0,241,0,0,0,0,0,0,0,0,0,0,0,1,3,0,192,0
3097,78308,0,0,5,145,0,0,0,0,0,0,0,0,2613,0,0,243,0,0,0,0,0,0,0,0,0,0,0,1,3,0,192,0
3098,78309,0,0,5,153,0,0,0,0,0,0,0,0,2576,0,0,239,0,0,0,0,0,0,0,0,0,0,0,1,3,0,192,0
3099,78310,0,0,5,153,0,0,0,0,0,0,0,0,2595,0,0,241,0,0,0,0,0,0,0,0,0,0,0,1,3,0,192,0
3100,78311,0,0,5,153,0,0,0,0,0,0,0,0,2613,0,0,243,0,0,0,0,0,0,0,0,0,0,0,1,3,0,192,0
3101,78312,0,0,5,153,0,0,0,0,0,0,0,0,2632,0,0,244,0,0,0,0,0,0,0,0,0,0,0,1,3,0,192,0
3102,78313,0,0,5,153,0,0,0,0,0,0,0,0,2651,0,0,246,0,0,0,0,0,0,0,0,0,0,0,1,3,0,192,0
3103,78314,0,0,5,153,0,0,0,0,0,0,0,0,2669,0,0,248,0,0,0,0,0,0,0,0,0,0,0,1,3,0,192,0
3104,78315,0,0,5,153,0,0,0,0,0,0,0,0,2688,0,0,250,0,0,0,0,0,0,0,0,0,0,0,1,3,0,192,0
3105,78316,0,0,5,153,0,0,0,0,0,0,0,0,2707,0,0,251,0,0,0,0,0,0,0,0,0,0,0,1,3,0,192,0
3106,78317,0,0,5,153,0,0,0,0,0,0,0,0,2725,0,0,253,0,0,0,0,0,0,0,0,0,0,0,1,3,0,192,0
3107,78318,0,0,5,153,0,0,0,0,0,0,0,0,2744,0,0,255,0,0,0,0,0,0,0,0,0,0,0,1,3,0,192,0
3108,78319,0,0,5,153,0,0,0,0,0,0,0,0,2763,0,0,257,0,0,0,0,0,0,0,0,0,0,0,1,3,0,192,0
3109,78320,0,0,5,161,0,0,0,0,0,0,0,0,2725,0,0,253,0,0,0,0,0,0,0,0,0,0,0,1,3,0,192,0
3110,78321,0,0,5,161,0,0,0,0,0,0,0,0,2744,0,0,255,0,0,0,0,0,0,0,0,0,0,0,1,3,0,192,0
3111,78322,0,0,5,161,0,0,0,0,0,0,0,0,2763,0,0,257,0,0,0,0,0,0,0,0,0,0,0,1,3,0,192,0
3112,78323,0,0,5,161,0,0,0,0,0,0,0,0,2781,0,0,258,0,0,0,0,0,0,0,0,0,0,0,1,3,0,192,0
3113,78324,0,0,5,161,0,0,0,0,0,0,0,0,2800,0,0,260,0,0,0,0,0,0,0,0,0,0,0,1,3,0,192,0
3114,78325,0,0,5,161,0,0,0,0,0,0,0,0,2819,0,0,262,0,0,0,0,0,0,0,0,0,0,0,1,3,0,192,0
3115,78326,0,0,5,161,0,0,0,0,0,0,0,0,2837,0,0,263,0,0,0,0,0,0,0,0,0,0,0,1,3,0,192,0
3116,78327,0,0,5,161,0,0,0,0,0,0,0,0,2856,0,0,265,0,0,0,0,0,0,0,0,0,0,0,1,3,0,192,0
3117,78328,0,0,5,161,0,0,0,0,0,0,0,0,2875,0,0,267,0,0,0,0,0,0,0,0,0,0,0,1,3,0,192,0
3118,78329,0,0,5,161,0,0,0,0,0,0,0,0,2893,0,0,269,0,0,0,0,0,0,0,0,0,0,0,1,3,0,192,0
3119,78330,0,0,5,161,0,0,0,0,0,0,0,0,2912,0,0,270,0,0,0,0,0,0,0,0,0,0,0,1,3,0,192,0
3120,78331,0,0,5,169,0,0,0,0,0,0,0,0,2875,0,0,267,0,0,0,0,0,0,0,0,0,0,0,1,3,0,192,0
3121,78332,0,0,5,169,0,0,0,0,0,0,0,0,2893,0,0,269,0,0,0,0,0,0,0,0,0,0,0,1,3,0,192,0
3122,78333,0,0,5,169,0,0,0,0,0,0,0,0,2912,0,0,270,0,0,0,0,0,0,0,0,0,0,0,1,3,0,192,0
3123,78334,0,0,5,169,0,0,0,0,0,0,0,0,2931,0,0,272,0,0,0,0,0,0,0,0,0,0,0,1,3,0,192,0
3124,78335,0,0,5,169,0,0,0,0,0,0,0,0,2949,0,0,274,0,0,0,0,0,0,0,0,0,0,0,1,3,0,192,0
3125,78336,0,0,5,169,0,0,0,0,0,0,0,0,2968,0,0,276,0,0,0,0,0,0,0,0,0,0,0,1,3,0,192,0
3126,78337,0,0,5,169,0,0,0,0,0,0,0,0,2987,0,0,277,0,0,0,0,0,0,0,0,0,0,0,1,3,0,192,0
3127,78338,0,0,5,169,0,0,0,0,0,0,0,0,3005,0,0,279,0,0,0,0,0,0,0,0,0,0,0,1,3,0,192,0
3128,78339,0,0,5,169,0,0,0,0,0,0,0,0,3024,0,0,281,0,0,0,0,0,0,0,0,0,0,0,1,3,0,192,0
3129,78340,0,0,5,169,0,0,0,0,0,0,0,0,3043,0,0,283,0,0,0,0,0,0,0,0,0,0,0,1,3,0,192,0
3130,78341,0,0,5,169,0,0,0,0,0,0,0,0,3061,0,0,284,0,0,0,0,0,0,0,0,0,0,0,1,3,0,192,0
3131,78342,0,0,5,177,0,0,0,0,0,0,0,0,3024,0,0,281,0,0,0,0,0,0,0,0,0,0,0,1,3,0,192,0
3132,78343,0,0,5,177,0,0,0,0,0,0,0,0,3043,0,0,283,0,0,0,0,0,0,0,0,0,0,0,1,3,0,192,0
3133,78344,0,0,5,177,0,0,0,0,0,0,0,0,3061,0,0,284,0,0,0,0,0,0,0,0,0,0,0,1,3,0,192,0
3134,78345,0,0,5,177,0,0,0,0,0,0,0,0,3080,0,0,286,0,0,0,0,0,0,0,0,0,0,0,1,3,0,192,0
3135,78346,0,0,5,177,0,0,0,0,0,0,0,0,3103,0,0,288,0,0,0,0,0,0,0,0,0,0,0,1,3,0,192,0
3136,78347,0,0,5,177,0,0,0,0,0,0,0,0,3127,0,0,290,0,0,0,0,0,0,0,0,0,0,0,1,3,0,192,0
3137,78348,0,0,5,177,0,0,0,0,0,0,0,0,3150,0,0,293,0,0,0,0,0,0,0,0,0,0,0,1,3,0,192,0
3138,78349,0,0,5,177,0,0,0,0,0,0,0,0,3173,0,0,295,0,0,0,0,0,0,0,0,0,0,0,1,3,0,192,0
3139,78350,0,0,5,177,0,0,0,0,0,0,0,0,3197,0,0,297,0,0,0,0,0,0,0,0,0,0,0,1,3,0,192,0
3140,78351,0,0,5,177,0,0,0,0,0,0,0,0,3220,0,0,299,0,0,0,0,0,0,0,0,0,0,0,1,3,0,192,0
3141,78352,0,0,5,177,0,0,0,0,0,0,0,0,3243,0,0,301,0,0,0,0,0,0,0,0,0,0,0,1,3,0,192,0
3142,78353,0,0,5,185,0,0,0,0,0,0,0,0,3197,0,0,297,0,0,0,0,0,0,0,0,0,0,0,1,3,0,192,0
3143,78354,0,0,5,185,0,0,0,0,0,0,0,0,3220,0,0,299,0,0,0,0,0,0,0,0,0,0,0,1,3,0,192,0
3144,78355,0,0,5,185,0,0,0,0,0,0,0,0,3243,0,0,301,0,0,0,0,0,0,0,0,0,0,0,1,3,0,192,0
3145,78356,0,0,5,185,0,0,0,0,0,0,0,0,3267,0,0,303,0,0,0,0,0,0,0,0,0,0,0,1,3,0,192,0
3146,78357,0,0,5,185,0,0,0,0,0,0,0,0,3290,0,0,306,0,0,0,0,0,0,0,0,0,0,0,1,3,0,192,0
3147,78358,0,0,5,185,0,0,0,0,0,0,0,0,3313,0,0,308,0,0,0,0,0,0,0,0,0,0,0,1,3,0,192,0
3148,78359,0,0,5,185,0,0,0,0,0,0,0,0,3337,0,0,310,0,0,0,0,0,0,0,0,0,0,0,1,3,0,192,0
3149,78360,0,0,5,185,0,0,0,0,0,0,0,0,3360,0,0,312,0,0,0,0,0,0,0,0,0,0,0,1,3,0,192,0
3150,78361,0,0,5,185,0,0,0,0,0,0,0,0,3383,0,0,314,0,0,0,0,0,0,0,0,0,0,0,1,3,0,192,0
3151,78362,0,0,5,185,0,0,0,0,0,0,0,0,3407,0,0,316,0,0,0,0,0,0,0,0,0,0,0,1,3,0,192,0
3152,78363,0,0,5,185,0,0,0,0,0,0,0,0,3430,0,0,319,0,0,0,0,0,0,0,0,0,0,0,1,3,0,192,0
3153,78364,0,0,5,193,0,0,0,0,0,0,0,0,3383,0,0,314,0,0,0,0,0,0,0,0,0,0,0,1,3,0,192,0
3154,78365,0,0,5,193,0,0,0,0,0,0,0,0,3407,0,0,316,0,0,0,0,0,0,0,0,0,0,0,1,3,0,192,0
3155,78366,0,0,5,193,0,0,0,0,0,0,0,0,3430,0,0,319,0,0,0,0,0,0,0,0,0,0,0,1,3,0,192,0
3156,78367,0,0,5,193,0,0,0,0,0,0,0,0,3453,0,0,321,0,0,0,0,0,0,0,0,0,0,0,1,3,0,192,0
3157,78368,0,0,5,193,0,0,0,0,0,0,0,0,3477,0,0,323,0,0,0,0,0,0,0,0,0,0,0,1,3,0,192,0
3158,78369,0,0,5,193,0,0,0,0,0,0,0,0,3500,0,0,325,0,0,0,0,0,0,0,0,0,0,0,1,3,0,192,0
3159,78370,0,0,5,193,0,0,0,0,0,0,0,0,3523,0,0,327,0,0,0,0,0,0,0,0,0,0,0,1,3,0,192,0
3160,78371,0,0,6,193,0,0,0,0,0,0,0,0,3547,0,0,329,0,0,0,0,0,0,0,0,0,0,0,1,3,0,192,0
3161,78372,0,0,6,193,0,0,0,0,0,0,0,0,3570,0,0,332,0,0,0,0,0,0,0,0,0,0,0,1,3,0,192,0
3162,78373,0,0,6,193,0,0,0,0,0,0,0,0,3593,0,0,334,0,0,0,0,0,0,0,0,0,0,0,1,3,0,192,0
3163,78374,0,0,6,193,0,0,0,0,0,0,0,0,3617,0,0,336,0,0,0,0,0,0,0,0,0,0,0,1,3,0,192,0
3164,78375,0,0,6,201,0,0,0,0,0,0,0,0,3570,0,0,332,0,0,0,0,0,0,0,0,0,0,0,1,3,0,192,0
3165,78376,0,0,6,201,0,0,0,0,0,0,0,0,3593,0,0,334,0,0,0,0,0,0,0,0,0,0,0,1,3,0,192,0
3166,78377,0,0,6,201,0,0,0,0,0,0,0,0,3617,0,0,336,0,0,0,0,0,0,0,0,0,0,0,1,3,0,192,0
3167,78378,0,0,6,201,0,0,0,0,0,0,0,0,3640,0,0,338,0,0,0,0,0,0,0,0,0,0,0,1,3,0,192,0
3168,78379,0,0,6,201,0,0,0,0,0,0,0,0,3663,0,0,340,0,0,0,0,0,0,0,0,0,0,0,1,3,0,192,0
3169,78380,0,0,6,201,0,0,0,0,0,0,0,0,3687,0,0,342,0,0,0,0,0,0,0,0,0,0,0,1,3,0,192,0
3170,78381,0,0,6,201,0,0,0,0,0,0,0,0,3710,0,0,345,0,0,0,0,0,0,0,0,0,0,0,1,3,0,192,0
3171,78382,0,0,6,201,0,0,0,0,0,0,0,0,3733,0,0,347,0,0,0,0,0,0,0,0,0,0,0,1,3,0,192,0
3172,78383,0,0,6,201,0,0,0,0,0,0,0,0,3757,0,0,349,0,0,0,0,0,0,0,0,0,0,0,1,3,0,192,0
3173,78384,0,0,6,201,0,0,0,0,0,0,0,0,3780,0,0,351,0,0,0,0,0,0,0,0,0,0,0,1,3,0,192,0
3174,78385,0,0,6,201,0,0,0,0,0,0,0,0,3803,0,0,353,0,0,0,0,0,0,0,0,0,0,0,1,3,0,192,0
3175,78386,0,0,6,209,0,0,0,0,0,0,0,0,3757,0,0,349,0,0,0,0,0,0,0,0,0,0,0,1,3,0,192,0
3176,78387,0,0,6,209,0,0,0,0,0,0,0,0,3780,0,0,351,0,0,0,0,0,0,0,0,0,0,0,1,3,0,192,0
3177,78388,0,0,6,209,0,0,0,0,0,0,0,0,3803,0,0,353,0,0,0,0,0,0,0,0,0,0,0,1,3,0,192,0
3178,78389,0,0,6,209,0,0,0,0,0,0,0,0,3827,0,0,355,0,0,0,0,0,0,0,0,0,0,0,1,3,0,192,0
3179,78390,0,0,6,209,0,0,0,0,0,0,0,0,3850,0,0,358,0,0,0,0,0,0,0,0,0,0,0,1,3,0,192,0
3180,78391,0,0,6,209,0,0,0,0,0,0,0,0,3873,0,0,360,0,0,0,0,0,0,0,0,0,0,0,1,3,0,192,0
3181,78392,0,0,6,209,0,0,0,0,0,0,0,0,3897,0,0,362,0,0,0,0,0,0,0,0,0,0,0,1,3,0,192,0
3182,78393,0,0,6,209,0,0,0,0,0,0,0,0,3920,0,0,364,0,0,0,0,0,0,0,0,0,0,0,1,3,0,192,0
3183,78394,0,0,6,209,0,0,0,0,0,0,0,0,3943,0,0,366,0,0,0,0,0,0,0,0,0,0,0,1,3,0,192,0
3184,78395,0,0,6,209,0,0,0,0,0,0,0,0,3967,0,0,368,0,0,0,0,0,0,0,0,0,0,0,1,3,0,192,0
3185,78396,0,0,6,209,0,0,0,0,0,0,0,0,3990,0,0,371,0,0,0,0,0,0,0,0,0,0,0,1,3,0,192,0
3186,78397,0,0,6,217,0,0,0,0,0,0,0,0,3943,0,0,366,0,0,0,0,0,0,0,0,0,0,0,1,3,0,192,0
3187,78398,0,0,6,217,0,0,0,0,0,0,0,0,3967,0,0,368,0,0,0,0,0,0,0,0,0,0,0,1,3,0,192,0
3188,78399,0,0,6,217,0,0,0,0,0,0,0,0,3990,0,0,371,0,0,0,0,0,0,0,0,0,0,0,1,3,0,192,0
3189,78400,0,0,6,217,0,0,0,0,0,0,0,0,4013,0,0,373,0,0,0,0,0,0,0,0,0,0,0,1,3,0,192,0
3190,78401,0,0,6,217,0,0,0,0,0,0,0,0,4037,0,0,375,0,0,0,0,0,0,0,0,0,0,0,1,3,0,192,0
3191,78402,0,0,6,217,0,0,0,0,0,0,0,0,4060,0,0,377,0,0,0,0,0,0,0,0,0,0,0,1,3,0,192,0
3192,78403,0,0,6,217,0,0,0,0,0,0,0,0,4083,0,0,379,0,0,0,0,0,0,0,0,0,0,0,1,3,0,192,0
3193,78404,0,0,6,217,0,0,0,0,0,0,0,0,4107,0,0,381,0,0,0,0,0,0,0,0,0,0,0,1,3,0,192,0
3194,78405,0,0,6,217,0,0,0,0,0,0,0,0,4130,0,0,384,0,0,0,0,0,0,0,0,0,0,0,1,3,0,192,0
3195,78406,0,0,6,217,0,0,0,0,0,0,0,0,4153,0,0,386,0,0,0,0,0,0,0,0,0,0,0,1,3,0,192,0
3196,78407,0,0,6,217,0,0,0,0,0,0,0,0,4177,0,0,388,0,0,0,0,0,0,0,0,0,0,0,1,3,0,192,0
3197,78408,0,0,6,225,0,0,0,0,0,0,0,0,4130,0,0,384,0,0,0,0,0,0,0,0,0,0,0,1,3,0,192,0
3198,78409,0,0,6,225,0,0,0,0,0,0,0,0,4153,0,0,386,0,0,0,0,0,0,0,0,0,0,0,1,3,0,192,0
3199,78410,0,0,6,225,0,0,0,0,0,0,0,0,4177,0,0,388,0,0,0,0,0,0,0,0,0,0,0,1,3,0,192,0
3200,78411,0,0,6,225,0,0,0,0,0,0,0,0,4200,0,0,390,0,0,0,0,0,0,0,0,0,0,0,1,3,0,192,0
3201,78412,0,0,6,225,0,0,0,0,0,0,0,0,4223,0,0,392,0,0,0,0,0,0,0,0,0,0,0,1,3,0,192,0
3202,78413,0,0,6,225,0,0,0,0,0,0,0,0,4247,0,0,394,0,0,0,0,0,0,0,0,0,0,0,1,3,0,192,0
3203,78414,0,0,6,225,0,0,0,0,0,0,0,0,4270,0,0,397,0,0,0,0,0,0,0,0,0,0,0,1,3,0,192,0
3204,78415,0,0,6,225,0,0,0,0,0,0,0,0,4293,0,0,399,0,0,0,0,0,0,0,0,0,0,0,1,3,0,192,0
3205,78416,0,0,6,225,0,0,0,0,0,0,0,0,4317,0,0,401,0,0,0,0,0,0,0,0,0,0,0,1,3,0,192,0
3206,78417,0,0,6,225,0,0,0,0,0,0,0,0,4340,0,0,403,0,0,0,0,0,0,0,0,0,0,0,1,3,0,192,0
3207,78418,0,0,6,225,0,0,0,0,0,0,0,0,4363,0,0,405,0,0,0,0,0,0,0,0,0,0,0,1,3,0,192,0
3208,78419,0,0,6,233,0,0,0,0,0,0,0,0,4317,0,0,401,0,0,0,0,0,0,0,0,0,0,0,1,3,0,192,0
3209,78420,0,0,6,233,0,0,0,0,0,0,0,0,4340,0,0,403,0,0,0,0,0,0,0,0,0,0,0,1,3,0,192,0
3210,78421,0,0,6,233,0,0,0,0,0,0,0,0,4363,0,0,405,0,0,0,0,0,0,0,0,0,0,0,1,3,0,192,0
3211,78422,0,0,6,233,0,0,0,0,0,0,0,0,4387,0,0,407,0,0,0,0,0,0,0,0,0,0,0,1,3,0,192,0
3212,78423,0,0,6,233,0,0,0,0,0,0,0,0,4410,0,0,409,0,0,0,0,0,0,0,0,0,0,0,1,3,0,192,0
3213,78424,0,0,6,233,0,0,0,0,0,0,0,0,4433,0,0,412,0,0,0,0,0,0,0,0,0,0,0,1,3,0,192,0
3214,78425,0,0,6,233,0,0,0,0,0,0,0,0,4457,0,0,414,0,0,0,0,0,0,0,0,0,0,0,1,3,0,192,0
3215,78426,0,0,6,233,0,0,0,0,0,0,0,0,4480,0,0,416,0,0,0,0,0,0,0,0,0,0,0,1,3,0,192,0
3216,171100,0,0,1,0,0,0,0,0,0,0,0,0,0,0,1,0,0,0,0,0,0,0,0,0,0,1,0,1,3,1,8,0
3217,171101,0,0,1,0,0,0,0,0,0,0,0,0,0,0,3,0,0,0,0,0,0,0,0,0,0,1,0,1,3,1,8,0
3218,171102,0,0,1,0,0,0,0,0,0,0,0,0,0,0,4,0,0,0,0,0,0,0,0,0,0,1,0,1,3,1,8,0
3219,171103,0,0,1,0,0,0,0,0,0,0,0,0,0,0,6,0,0,0,0,0,0,0,0,0,0,1,0,1,3,1,8,11000
3220,171104,0,0,1,0,0,0,0,0,0,0,0,0,0,0,7,0,0,0,0,0,0,0,0,0,0,1,0,1,3,1,8,11000
3221,171105,0,0,1,0,0,0,0,0,0,0,0,0,0,0,9,0,0,0,0,0,0,0,0,0,0,1,0,1,3,1,8,11000
3222,171106,0,0,1,0,0,0,0,0,0,0,0,0,0,0,10,0,0,0,0,0,0,0,0,0,0,1,0,1,3,1,8,12000
3223,171107,0,0,1,0,0,0,0,0,0,0,0,0,0,0,12,0,0,0,0,0,0,0,0,0,0,1,0,1,3,1,8,12000
3224,171108,0,0,1,0,0,0,0,0,0,0,0,0,0,0,13,0,0,0,0,0,0,0,0,0,0,1,0,1,3,1,8,12000
3225,171109,0,0,1,0,0,0,0,0,0,0,0,0,0,0,15,0,0,0,0,0,0,0,0,0,0,1,0,1,3,1,8,13000
3226,171110,0,0,1,0,0,0,0,0,0,0,0,0,0,0,16,0,0,0,0,0,0,0,0,0,0,1,0,1,3,1,8,13000
3227,171111,0,0,1,0,0,0,0,0,0,0,0,0,0,0,13,0,0,0,0,0,0,0,0,0,0,1,0,1,3,1,8,0
3228,171112,0,0,1,0,0,0,0,0,0,0,0,0,0,0,15,0,0,0,0,0,0,0,0,0,0,1,0,1,3,1,8,0
3229,171113,0,0,1,0,0,0,0,0,0,0,0,0,0,0,16,0,0,0,0,0,0,0,0,0,0,1,0,1,3,1,8,0
3230,171114,0,0,1,0,0,0,0,0,0,0,0,0,0,0,18,0,0,0,0,0,0,0,0,0,0,1,0,1,3,1,8,11000
3231,171115,0,0,1,0,0,0,0,0,0,0,0,0,0,0,19,0,0,0,0,0,0,0,0,0,0,1,0,1,3,1,8,11000
3232,171116,0,0,1,0,0,0,0,0,0,0,0,0,0,0,20,0,0,0,0,0,0,0,0,0,0,1,0,1,3,1,8,11000
3233,171117,0,0,1,0,0,0,0,0,0,0,0,0,0,0,22,0,0,0,0,0,0,0,0,0,0,1,0,1,3,1,8,12000
3234,171118,0,0,1,0,0,0,0,0,0,0,0,0,0,0,23,0,0,0,0,0,0,0,0,0,0,1,0,1,3,1,8,12000
3235,171119,0,0,1,0,0,0,0,0,0,0,0,0,0,0,25,0,0,0,0,0,0,0,0,0,0,1,0,1,3,1,8,12000
3236,171120,0,0,1,0,0,0,0,0,0,0,0,0,0,0,26,0,0,0,0,0,0,0,0,0,0,1,0,1,3,1,8,13000
3237,171121,0,0,1,0,0,0,0,0,0,0,0,0,0,0,28,0,0,0,0,0,0,0,0,0,0,1,0,1,3,1,8,13000
3238,171122,0,0,1,0,0,0,0,0,0,0,0,0,0,0,25,0,0,0,0,0,0,0,0,0,0,1,0,1,3,1,8,0
3239,171123,0,0,1,0,0,0,0,0,0,0,0,0,0,0,26,0,0,0,0,0,0,0,0,0,0,1,0,1,3,1,8,0
3240,171124,0,0,1,0,0,0,0,0,0,0,0,0,0,0,28,0,0,0,0,0,0,0,0,0,0,1,0,1,3,1,8,0
3241,171125,0,0,1,0,0,0,0,0,0,0,0,0,0,0,29,0,0,0,0,0,0,0,0,0,0,1,0,1,3,1,8,11000
3242,171126,0,0,1,0,0,0,0,0,0,0,0,0,0,0,31,0,0,0,0,0,0,0,0,0,0,1,0,1,3,1,8,11000
3243,171127,0,0,1,0,0,0,0,0,0,0,0,0,0,0,32,0,0,0,0,0,0,0,0,0,0,1,0,1,3,1,8,11000
3244,171128,0,0,1,0,0,0,0,0,0,0,0,0,0,0,34,0,0,0,0,0,0,0,0,0,0,1,0,1,3,1,8,12000
3245,171129,0,0,1,0,0,0,0,0,0,0,0,0,0,0,35,0,0,0,0,0,0,0,0,0,0,1,0,1,3,1,8,12000
3246,171130,0,0,1,0,0,0,0,0,0,0,0,0,0,0,37,0,0,0,0,0,0,0,0,0,0,1,0,1,3,1,8,12000
3247,171131,0,0,1,0,0,0,0,0,0,0,0,0,0,0,38,0,0,0,0,0,0,0,0,0,0,1,0,1,3,1,8,13000
3248,171132,0,0,1,0,0,0,0,0,0,0,0,0,0,0,39,0,0,0,0,0,0,0,0,0,0,1,0,1,3,1,8,13000
3249,171133,0,0,2,0,0,0,0,0,0,0,0,0,0,0,37,0,0,0,0,0,0,0,0,0,0,1,0,1,3,1,8,0
3250,171134,0,0,2,0,0,0,0,0,0,0,0,0,0,0,38,0,0,0,0,0,0,0,0,0,0,1,0,1,3,1,8,0
3251,171135,0,0,2,0,0,0,0,0,0,0,0,0,0,0,39,0,0,0,0,0,0,0,0,0,0,1,0,1,3,1,8,0
3252,171136,0,0,2,0,0,0,0,0,0,0,0,0,0,0,41,0,0,0,0,0,0,0,0,0,0,1,0,1,3,1,8,11000
3253,171137,0,0,2,0,0,0,0,0,0,0,0,0,0,0,42,0,0,0,0,0,0,0,0,0,0,1,0,1,3,1,8,11000
3254,171138,0,0,2,0,0,0,0,0,0,0,0,0,0,0,44,0,0,0,0,0,0,0,0,0,0,1,0,1,3,1,8,11000
3255,171139,0,0,2,0,0,0,0,0,0,0,0,0,0,0,45,0,0,0,0,0,0,0,0,0,0,1,0,1,3,1,8,12000
3256,171140,0,0,2,0,0,0,0,0,0,0,0,0,0,0,47,0,0,0,0,0,0,0,0,0,0,1,0,1,3,1,8,12000
3257,171141,0,0,2,0,0,0,0,0,0,0,0,0,0,0,48,0,0,0,0,0,0,0,0,0,0,1,0,1,3,1,8,12000
3258,171142,0,0,2,0,0,0,0,0,0,0,0,0,0,0,50,0,0,0,0,0,0,0,0,0,0,1,0,1,3,1,8,13000
3259,171143,0,0,2,0,0,0,0,0,0,0,0,0,0,0,51,0,0,0,0,0,0,0,0,0,0,1,0,1,3,1,8,13000
3260,171144,0,0,2,0,0,0,0,0,0,0,0,0,0,0,48,0,0,0,0,0,0,0,0,0,0,1,0,1,3,1,8,0
3261,171145,0,0,2,0,0,0,0,0,0,0,0,0,0,0,50,0,0,0,0,0,0,0,0,0,0,1,0,1,3,1,8,0
3262,171146,0,0,2,0,0,0,0,0,0,0,0,0,0,0,51,0,0,0,0,0,0,0,0,0,0,1,0,1,3,1,8,0
3263,171147,0,0,2,0,0,0,0,0,0,0,0,0,0,0,53,0,0,0,0,0,0,0,0,0,0,1,0,1,3,1,8,11000
3264,171148,0,0,2,0,0,0,0,0,0,0,0,0,0,0,54,0,0,0,0,0,0,0,0,0,0,1,0,1,3,1,8,11000
3265,171149,0,0,2,0,0,0,0,0,0,0,0,0,0,0,56,0,0,0,0,0,0,0,0,0,0,1,0,1,3,1,8,11000
3266,171150,0,0,2,0,0,0,0,0,0,0,0,0,0,0,57,0,0,0,0,0,0,0,0,0,0,1,0,1,3,1,8,12000
3267,171151,0,0,2,0,0,0,0,0,0,0,0,0,0,0,59,0,0,0,0,0,0,0,0,0,0,1,0,1,3,1,8,12000
3268,171152,0,0,2,0,0,0,0,0,0,0,0,0,0,0,60,0,0,0,0,0,0,0,0,0,0,1,0,1,3,1,8,12000
3269,171153,0,0,2,0,0,0,0,0,0,0,0,0,0,0,61,0,0,0,0,0,0,0,0,0,0,1,0,1,3,1,8,13000
3270,171154,0,0,2,0,0,0,0,0,0,0,0,0,0,0,63,0,0,0,0,0,0,0,0,0,0,1,0,1,3,1,8,13000
3271,171155,0,0,2,0,0,0,0,0,0,0,0,0,0,0,60,0,0,0,0,0,0,0,0,0,0,1,0,1,3,1,8,0
3272,171156,0,0,2,0,0,0,0,0,0,0,0,0,0,0,61,0,0,0,0,0,0,0,0,0,0,1,0,1,3,1,8,0
3273,171157,0,0,2,0,0,0,0,0,0,0,0,0,0,0,63,0,0,0,0,0,0,0,0,0,0,1,0,1,3,1,8,0
3274,171158,0,0,2,0,0,0,0,0,0,0,0,0,0,0,64,0,0,0,0,0,0,0,0,0,0,1,0,1,3,1,8,11000
3275,171159,0,0,2,0,0,0,0,0,0,0,0,0,0,0,66,0,0,0,0,0,0,0,0,0,0,1,0,1,3,1,8,11000
3276,171160,0,0,2,0,0,0,0,0,0,0,0,0,0,0,67,0,0,0,0,0,0,0,0,0,0,1,0,1,3,1,8,11000
3277,171161,0,0,2,0,0,0,0,0,0,0,0,0,0,0,69,0,0,0,0,0,0,0,0,0,0,1,0,1,3,1,8,12000
3278,171162,0,0,2,0,0,0,0,0,0,0,0,0,0,0,70,0,0,0,0,0,0,0,0,0,0,1,0,1,3,1,8,12000
3279,171163,0,0,2,0,0,0,0,0,0,0,0,0,0,0,72,0,0,0,0,0,0,0,0,0,0,1,0,1,3,1,8,12000
3280,171164,0,0,2,0,0,0,0,0,0,0,0,0,0,0,73,0,0,0,0,0,0,0,0,0,0,1,0,1,3,1,8,13000
3281,171165,0,0,2,0,0,0,0,0,0,0,0,0,0,0,75,0,0,0,0,0,0,0,0,0,0,1,0,1,3,1,8,13000
3282,171166,0,0,3,0,0,0,0,0,0,0,0,0,0,0,72,0,0,0,0,0,0,0,0,0,0,1,0,1,3,1,8,0
3283,171167,0,0,3,0,0,0,0,0,0,0,0,0,0,0,73,0,0,0,0,0,0,0,0,0,0,1,0,1,3,1,8,0
3284,171168,0,0,3,0,0,0,0,0,0,0,0,0,0,0,75,0,0,0,0,0,0,0,0,0,0,1,0,1,3,1,8,0
3285,171169,0,0,3,0,0,0,0,0,0,0,0,0,0,0,76,0,0,0,0,0,0,0,0,0,0,1,0,1,3,1,8,11000
3286,171170,0,0,3,0,0,0,0,0,0,0,0,0,0,0,78,0,0,0,0,0,0,0,0,0,0,1,0,1,3,1,8,11000
3287,171171,0,0,3,0,0,0,0,0,0,0,0,0,0,0,79,0,0,0,0,0,0,0,0,0,0,1,0,1,3,1,8,11000
3288,171172,0,0,3,0,0,0,0,0,0,0,0,0,0,0,80,0,0,0,0,0,0,0,0,0,0,1,0,1,3,1,8,12000
3289,171173,0,0,3,0,0,0,0,0,0,0,0,0,0,0,82,0,0,0,0,0,0,0,0,0,0,1,0,1,3,1,8,12000
3290,171174,0,0,3,0,0,0,0,0,0,0,0,0,0,0,83,0,0,0,0,0,0,0,0,0,0,1,0,1,3,1,8,12000
3291,171175,0,0,3,0,0,0,0,0,0,0,0,0,0,0,85,0,0,0,0,0,0,0,0,0,0,1,0,1,3,1,8,13000
3292,171176,0,0,3,0,0,0,0,0,0,0,0,0,0,0,86,0,0,0,0,0,0,0,0,0,0,1,0,1,3,1,8,13000
3293,171177,0,0,3,0,0,0,0,0,0,0,0,0,0,0,83,0,0,0,0,0,0,0,0,0,0,1,0,1,3,1,8,0
3294,171178,0,0,3,0,0,0,0,0,0,0,0,0,0,0,85,0,0,0,0,0,0,0,0,0,0,1,0,1,3,1,8,0
3295,171179,0,0,3,0,0,0,0,0,0,0,0,0,0,0,86,0,0,0,0,0,0,0,0,0,0,1,0,1,3,1,8,0
3296,171180,0,0,3,0,0,0,0,0,0,0,0,0,0,0,88,0,0,0,0,0,0,0,0,0,0,1,0,1,3,1,8,11000
3297,171181,0,0,3,0,0,0,0,0,0,0,0,0,0,0,90,0,0,0,0,0,0,0,0,0,0,1,0,1,3,1,8,11000
3298,171182,0,0,3,0,0,0,0,0,0,0,0,0,0,0,92,0,0,0,0,0,0,0,0,0,0,1,0,1,3,1,8,11000
3299,171183,0,0,3,0,0,0,0,0,0,0,0,0,0,0,94,0,0,0,0,0,0,0,0,0,0,1,0,1,3,1,8,12000
3300,171184,0,0,3,0,0,0,0,0,0,0,0,0,0,0,96,0,0,0,0,0,0,0,0,0,0,1,0,1,3,1,8,12000
3301,171185,0,0,3,0,0,0,0,0,0,0,0,0,0,0,98,0,0,0,0,0,0,0,0,0,0,1,0,1,3,1,8,12000
3302,171186,0,0,3,0,0,0,0,0,0,0,0,0,0,0,99,0,0,0,0,0,0,0,0,0,0,1,0,1,3,1,8,13000
3303,171187,0,0,3,0,0,0,0,0,0,0,0,0,0,0,101,0,0,0,0,0,0,0,0,0,0,1,0,1,3,1,8,13000
3304,171188,0,0,3,0,0,0,0,0,0,0,0,0,0,0,98,0,0,0,0,0,0,0,0,0,0,1,0,1,3,1,8,0
3305,171189,0,0,3,0,0,0,0,0,0,0,0,0,0,0,99,0,0,0,0,0,0,0,0,0,0,1,0,1,3,1,8,0
3306,171190,0,0,3,0,0,0,0,0,0,0,0,0,0,0,101,0,0,0,0,0,0,0,0,0,0,1,0,1,3,1,8,0
3307,171191,0,0,3,0,0,0,0,0,0,0,0,0,0,0,103,0,0,0,0,0,0,0,0,0,0,1,0,1,3,1,8,11000
3308,171192,0,0,3,0,0,0,0,0,0,0,0,0,0,0,105,0,0,0,0,0,0,0,0,0,0,1,0,1,3,1,8,11000
3309,171193,0,0,3,0,0,0,0,0,0,0,0,0,0,0,107,0,0,0,0,0,0,0,0,0,0,1,0,1,3,1,8,11000
3310,171194,0,0,3,0,0,0,0,0,0,0,0,0,0,0,109,0,0,0,0,0,0,0,0,0,0,1,0,1,3,1,8,12000
3311,171195,0,0,3,0,0,0,0,0,0,0,0,0,0,0,111,0,0,0,0,0,0,0,0,0,0,1,0,1,3,1,8,12000
3312,171196,0,0,3,0,0,0,0,0,0,0,0,0,0,0,113,0,0,0,0,0,0,0,0,0,0,1,0,1,3,1,8,12000
3313,171197,0,0,3,0,0,0,0,0,0,0,0,0,0,0,115,0,0,0,0,0,0,0,0,0,0,1,0,1,3,1,8,13000
3314,171198,0,0,3,0,0,0,0,0,0,0,0,0,0,0,117,0,0,0,0,0,0,0,0,0,0,1,0,1,3,1,8,13000
3315,171199,0,0,4,0,0,0,0,0,0,0,0,0,0,0,113,0,0,0,0,0,0,0,0,0,0,1,0,1,3,1,8,0
3316,171200,0,0,4,0,0,0,0,0,0,0,0,0,0,0,115,0,0,0,0,0,0,0,0,0,0,1,0,1,3,1,8,0
3317,171201,0,0,4,0,0,0,0,0,0,0,0,0,0,0,117,0,0,0,0,0,0,0,0,0,0,1,0,1,3,1,8,0
3318,171202,0,0,4,0,0,0,0,0,0,0,0,0,0,0,119,0,0,0,0,0,0,0,0,0,0,1,0,1,3,1,8,11000
3319,171203,0,0,4,0,0,0,0,0,0,0,0,0,0,0,121,0,0,0,0,0,0,0,0,0,0,1,0,1,3,1,8,11000
3320,171204,0,0,4,0,0,0,0,0,0,0,0,0,0,0,123,0,0,0,0,0,0,0,0,0,0,1,0,1,3,1,8,11000
3321,171205,0,0,4,0,0,0,0,0,0,0,0,0,0,0,125,0,0,0,0,0,0,0,0,0,0,1,0,1,3,1,8,12000
3322,171206,0,0,4,0,0,0,0,0,0,0,0,0,0,0,127,0,0,0,0,0,0,0,0,0,0,1,0,1,3,1,8,12000
3323,171207,0,0,4,0,0,0,0,0,0,0,0,0,0,0,129,0,0,0,0,0,0,0,0,0,0,1,0,1,3,1,8,12000
3324,171208,0,0,4,0,0,0,0,0,0,0,0,0,0,0,131,0,0,0,0,0,0,0,0,0,0,1,0,1,3,1,8,13000
3325,171209,0,0,4,0,0,0,0,0,0,0,0,0,0,0,133,0,0,0,0,0,0,0,0,0,0,1,0,1,3,1,8,13000
3326,171210,0,0,4,0,0,0,0,0,0,0,0,0,0,0,129,0,0,0,0,0,0,0,0,0,0,1,0,1,3,1,8,0
3327,171211,0,0,4,0,0,0,0,0,0,0,0,0,0,0,131,0,0,0,0,0,0,0,0,0,0,1,0,1,3,1,8,0
3328,171212,0,0,4,0,0,0,0,0,0,0,0,0,0,0,133,0,0,0,0,0,0,0,0,0,0,1,0,1,3,1,8,0
3329,171213,0,0,4,0,0,0,0,0,0,0,0,0,0,0,135,0,0,0,0,0,0,0,0,0,0,1,0,1,3,1,8,11000
3330,171214,0,0,4,0,0,0,0,0,0,0,0,0,0,0,137,0,0,0,0,0,0,0,0,0,0,1,0,1,3,1,8,11000
3331,171215,0,0,4,0,0,0,0,0,0,0,0,0,0,0,138,0,0,0,0,0,0,0,0,0,0,1,0,1,3,1,8,11000
3332,171216,0,0,4,0,0,0,0,0,0,0,0,0,0,0,140,0,0,0,0,0,0,0,0,0,0,1,0,1,3,1,8,12000
3333,171217,0,0,4,0,0,0,0,0,0,0,0,0,0,0,142,0,0,0,0,0,0,0,0,0,0,1,0,1,3,1,8,12000
3334,171218,0,0,4,0,0,0,0,0,0,0,0,0,0,0,144,0,0,0,0,0,0,0,0,0,0,1,0,1,3,1,8,12000
3335,171219,0,0,4,0,0,0,0,0,0,0,0,0,0,0,146,0,0,0,0,0,0,0,0,0,0,1,0,1,3,1,8,13000
3336,171220,0,0,4,0,0,0,0,0,0,0,0,0,0,0,148,0,0,0,0,0,0,0,0,0,0,1,0,1,3,1,8,13000
3337,171221,0,0,4,0,0,0,0,0,0,0,0,0,0,0,144,0,0,0,0,0,0,0,0,0,0,1,0,1,3,1,8,0
3338,171222,0,0,4,0,0,0,0,0,0,0,0,0,0,0,146,0,0,0,0,0,0,0,0,0,0,1,0,1,3,1,8,0
3339,171223,0,0,4,0,0,0,0,0,0,0,0,0,0,0,148,0,0,0,0,0,0,0,0,0,0,1,0,1,3,1,8,0
3340,171224,0,0,4,0,0,0,0,0,0,0,0,0,0,0,150,0,0,0,0,0,0,0,0,0,0,1,0,1,3,1,8,11000
3341,171225,0,0,4,0,0,0,0,0,0,0,0,0,0,0,152,0,0,0,0,0,0,0,0,0,0,1,0,1,3,1,8,11000
3342,171226,0,0,4,0,0,0,0,0,0,0,0,0,0,0,154,0,0,0,0,0,0,0,0,0,0,1,0,1,3,1,8,11000
3343,171227,0,0,4,0,0,0,0,0,0,0,0,0,0,0,156,0,0,0,0,0,0,0,0,0,0,1,0,1,3,1,8,12000
3344,171228,0,0,4,0,0,0,0,0,0,0,0,0,0,0,158,0,0,0,0,0,0,0,0,0,0,1,0,1,3,1,8,12000
3345,171229,0,0,4,0,0,0,0,0,0,0,0,0,0,0,160,0,0,0,0,0,0,0,0,0,0,1,0,1,3,1,8,12000
3346,171230,0,0,4,0,0,0,0,0,0,0,0,0,0,0,162,0,0,0,0,0,0,0,0,0,0,1,0,1,3,1,8,13000
3347,171231,0,0,4,0,0,0,0,0,0,0,0,0,0,0,164,0,0,0,0,0,0,0,0,0,0,1,0,1,3,1,8,13000
3348,171232,0,0,5,0,0,0,0,0,0,0,0,0,0,0,160,0,0,0,0,0,0,0,0,0,0,1,0,1,3,1,8,0
3349,171233,0,0,5,0,0,0,0,0,0,0,0,0,0,0,162,0,0,0,0,0,0,0,0,0,0,1,0,1,3,1,8,0
3350,171234,0,0,5,0,0,0,0,0,0,0,0,0,0,0,164,0,0,0,0,0,0,0,0,0,0,1,0,1,3,1,8,0
3351,171235,0,0,5,0,0,0,0,0,0,0,0,0,0,0,166,0,0,0,0,0,0,0,0,0,0,1,0,1,3,1,8,11000
3352,171236,0,0,5,0,0,0,0,0,0,0,0,0,0,0,168,0,0,0,0,0,0,0,0,0,0,1,0,1,3,1,8,11000
3353,171237,0,0,5,0,0,0,0,0,0,0,0,0,0,0,170,0,0,0,0,0,0,0,0,0,0,1,0,1,3,1,8,11000
3354,171238,0,0,5,0,0,0,0,0,0,0,0,0,0,0,172,0,0,0,0,0,0,0,0,0,0,1,0,1,3,1,8,12000
3355,171239,0,0,5,0,0,0,0,0,0,0,0,0,0,0,174,0,0,0,0,0,0,0,0,0,0,1,0,1,3,1,8,12000
3356,171240,0,0,5,0,0,0,0,0,0,0,0,0,0,0,176,0,0,0,0,0,0,0,0,0,0,1,0,1,3,1,8,12000
3357,171241,0,0,5,0,0,0,0,0,0,0,0,0,0,0,177,0,0,0,0,0,0,0,0,0,0,1,0,1,3,1,8,13000
3358,171242,0,0,5,0,0,0,0,0,0,0,0,0,0,0,179,0,0,0,0,0,0,0,0,0,0,1,0,1,3,1,8,13000
3359,171243,0,0,5,0,0,0,0,0,0,0,0,0,0,0,176,0,0,0,0,0,0,0,0,0,0,1,0,1,3,1,8,0
3360,171244,0,0,5,0,0,0,0,0,0,0,0,0,0,0,177,0,0,0,0,0,0,0,0,0,0,1,0,1,3,1,8,0
3361,171245,0,0,5,0,0,0,0,0,0,0,0,0,0,0,179,0,0,0,0,0,0,0,0,0,0,1,0,1,3,1,8,0
3362,171246,0,0,5,0,0,0,0,0,0,0,0,0,0,0,181,0,0,0,0,0,0,0,0,0,0,1,0,1,3,1,8,11000
3363,171247,0,0,5,0,0,0,0,0,0,0,0,0,0,0,183,0,0,0,0,0,0,0,0,0,0,1,0,1,3,1,8,11000
3364,171248,0,0,5,0,0,0,0,0,0,0,0,0,0,0,185,0,0,0,0,0,0,0,0,0,0,1,0,1,3,1,8,11000
3365,171249,0,0,5,0,0,0,0,0,0,0,0,0,0,0,187,0,0,0,0,0,0,0,0,0,0,1,0,1,3,1,8,12000
3366,171250,0,0,5,0,0,0,0,0,0,0,0,0,0,0,189,0,0,0,0,0,0,0,0,0,0,1,0,1,3,1,8,12000
3367,171251,0,0,5,0,0,0,0,0,0,0,0,0,0,0,191,0,0,0,0,0,0,0,0,0,0,1,0,1,3,1,8,12000
3368,171252,0,0,5,0,0,0,0,0,0,0,0,0,0,0,193,0,0,0,0,0,0,0,0,0,0,1,0,1,3,1,8,13000
3369,171253,0,0,5,0,0,0,0,0,0,0,0,0,0,0,195,0,0,0,0,0,0,0,0,0,0,1,0,1,3,1,8,13000
3370,171254,0,0,5,0,0,0,0,0,0,0,0,0,0,0,191,0,0,0,0,0,0,0,0,0,0,1,0,1,3,1,8,0
3371,171255,0,0,5,0,0,0,0,0,0,0,0,0,0,0,193,0,0,0,0,0,0,0,0,0,0,1,0,1,3,1,8,0
3372,171256,0,0,5,0,0,0,0,0,0,0,0,0,0,0,195,0,0,0,0,0,0,0,0,0,0,1,0,1,3,1,8,0
3373,171257,0,0,5,0,0,0,0,0,0,0,0,0,0,0,197,0,0,0,0,0,0,0,0,0,0,1,0,1,3,1,8,11000
3374,171258,0,0,5,0,0,0,0,0,0,0,0,0,0,0,199,0,0,0,0,0,0,0,0,0,0,1,0,1,3,1,8,11000
3375,171259,0,0,5,0,0,0,0,0,0,0,0,0,0,0,201,0,0,0,0,0,0,0,0,0,0,1,0,1,3,1,8,11000
3376,171260,0,0,5,0,0,0,0,0,0,0,0,0,0,0,203,0,0,0,0,0,0,0,0,0,0,1,0,1,3,1,8,12000
3377,171261,0,0,5,0,0,0,0,0,0,0,0,0,0,0,205,0,0,0,0,0,0,0,0,0,0,1,0,1,3,1,8,12000
3378,171262,0,0,5,0,0,0,0,0,0,0,0,0,0,0,207,0,0,0,0,0,0,0,0,0,0,1,0,1,3,1,8,12000
3379,171263,0,0,5,0,0,0,0,0,0,0,0,0,0,0,209,0,0,0,0,0,0,0,0,0,0,1,0,1,3,1,8,13000
3380,171264,0,0,5,0,0,0,0,0,0,0,0,0,0,0,211,0,0,0,0,0,0,0,0,0,0,1,0,1,3,1,8,13000
3381,171265,0,0,5,0,0,0,0,0,0,0,0,0,0,0,207,0,0,0,0,0,0,0,0,0,0,1,0,1,3,1,8,0
3382,171266,0,0,5,0,0,0,0,0,0,0,0,0,0,0,209,0,0,0,0,0,0,0,0,0,0,1,0,1,3,1,8,0
3383,171267,0,0,5,0,0,0,0,0,0,0,0,0,0,0,211,0,0,0,0,0,0,0,0,0,0,1,0,1,3,1,8,0
3384,171268,0,0,5,0,0,0,0,0,0,0,0,0,0,0,213,0,0,0,0,0,0,0,0,0,0,1,0,1,3,1,8,11000
3385,171269,0,0,5,0,0,0,0,0,0,0,0,0,0,0,215,0,0,0,0,0,0,0,0,0,0,1,0,1,3,1,8,11000
3386,171270,0,0,5,0,0,0,0,0,0,0,0,0,0,0,216,0,0,0,0,0,0,0,0,0,0,1,0,1,3,1,8,11000
3387,171271,0,0,5,0,0,0,0,0,0,0,0,0,0,0,218,0,0,0,0,0,0,0,0,0,0,1,0,1,3,1,8,12000
3388,171272,0,0,5,0,0,0,0,0,0,0,0,0,0,0,220,0,0,0,0,0,0,0,0,0,0,1,0,1,3,1,8,12000
3389,171273,0,0,5,0,0,0,0,0,0,0,0,0,0,0,222,0,0,0,0,0,0,0,0,0,0,1,0,1,3,1,8,12000
3390,171274,0,0,5,0,0,0,0,0,0,0,0,0,0,0,224,0,0,0,0,0,0,0,0,0,0,1,0,1,3,1,8,13000
3391,171275,0,0,5,0,0,0,0,0,0,0,0,0,0,0,226,0,0,0,0,0,0,0,0,0,0,1,0,1,3,1,8,13000
3392,171276,0,0,5,0,0,0,0,0,0,0,0,0,0,0,222,0,0,0,0,0,0,0,0,0,0,1,0,1,3,1,8,0
3393,171277,0,0,5,0,0,0,0,0,0,0,0,0,0,0,224,0,0,0,0,0,0,0,0,0,0,1,0,1,3,1,8,0
3394,171278,0,0,5,0,0,0,0,0,0,0,0,0,0,0,226,0,0,0,0,0,0,0,0,0,0,1,0,1,3,1,8,0
3395,171279,0,0,5,0,0,0,0,0,0,0,0,0,0,0,228,0,0,0,0,0,0,0,0,0,0,1,0,1,3,1,8,11000
3396,171280,0,0,5,0,0,0,0,0,0,0,0,0,0,0,230,0,0,0,0,0,0,0,0,0,0,1,0,1,3,1,8,11000
3397,171281,0,0,5,0,0,0,0,0,0,0,0,0,0,0,232,0,0,0,0,0,0,0,0,0,0,1,0,1,3,1,8,11000
3398,171282,0,0,5,0,0,0,0,0,0,0,0,0,0,0,234,0,0,0,0,0,0,0,0,0,0,1,0,1,3,1,8,12000
3399,171283,0,0,5,0,0,0,0,0,0,0,0,0,0,0,236,0,0,0,0,0,0,0,0,0,0,1,0,1,3,1,8,12000
3400,171284,0,0,5,0,0,0,0,0,0,0,0,0,0,0,238,0,0,0,0,0,0,0,0,0,0,1,0,1,3,1,8,12000
3401,171285,0,0,5,0,0,0,0,0,0,0,0,0,0,0,240,0,0,0,0,0,0,0,0,0,0,1,0,1,3,1,8,13000
3402,171286,0,0,5,0,0,0,0,0,0,0,0,0,0,0,242,0,0,0,0,0,0,0,0,0,0,1,0,1,3,1,8,13000
3403,171287,0,0,5,0,0,0,0,0,0,0,0,0,0,0,238,0,0,0,0,0,0,0,0,0,0,1,0,1,3,1,8,0
3404,171288,0,0,5,0,0,0,0,0,0,0,0,0,0,0,240,0,0,0,0,0,0,0,0,0,0,1,0,1,3,1,8,0
3405,171289,0,0,5,0,0,0,0,0,0,0,0,0,0,0,242,0,0,0,0,0,0,0,0,0,0,1,0,1,3,1,8,0
3406,171290,0,0,5,0,0,0,0,0,0,0,0,0,0,0,244,0,0,0,0,0,0,0,0,0,0,1,0,1,3,1,8,11000
3407,171291,0,0,5,0,0,0,0,0,0,0,0,0,0,0,246,0,0,0,0,0,0,0,0,0,0,1,0,1,3,1,8,11000
3408,171292,0,0,5,0,0,0,0,0,0,0,0,0,0,0,248,0,0,0,0,0,0,0,0,0,0,1,0,1,3,1,8,11000
3409,171293,0,0,5,0,0,0,0,0,0,0,0,0,0,0,250,0,0,0,0,0,0,0,0,0,0,1,0,1,3,1,8,12000
3410,171294,0,0,5,0,0,0,0,0,0,0,0,0,0,0,252,0,0,0,0,0,0,0,0,0,0,1,0,1,3,1,8,12000
3411,171295,0,0,5,0,0,0,0,0,0,0,0,0,0,0,254,0,0,0,0,0,0,0,0,0,0,1,0,1,3,1,8,12000
3412,171296,0,0,5,0,0,0,0,0,0,0,0,0,0,0,255,0,0,0,0,0,0,0,0,0,0,1,0,1,3,1,8,13000
3413,171297,0,0,5,0,0,0,0,0,0,0,0,0,0,0,257,0,0,0,0,0,0,0,0,0,0,1,0,1,3,1,8,13000
3414,171298,0,0,5,0,0,0,0,0,0,0,0,0,0,0,254,0,0,0,0,0,0,0,0,0,0,1,0,1,3,1,8,0
3415,171299,0,0,5,0,0,0,0,0,0,0,0,0,0,0,255,0,0,0,0,0,0,0,0,0,0,1,0,1,3,1,8,0
3416,171300,0,0,5,0,0,0,0,0,0,0,0,0,0,0,257,0,0,0,0,0,0,0,0,0,0,1,0,1,3,1,8,0
3417,171301,0,0,5,0,0,0,0,0,0,0,0,0,0,0,259,0,0,0,0,0,0,0,0,0,0,1,0,1,3,1,8,11000
3418,171302,0,0,5,0,0,0,0,0,0,0,0,0,0,0,261,0,0,0,0,0,0,0,0,0,0,1,0,1,3,1,8,11000
3419,171303,0,0,5,0,0,0,0,0,0,0,0,0,0,0,263,0,0,0,0,0,0,0,0,0,0,1,0,1,3,1,8,11000
3420,171304,0,0,5,0,0,0,0,0,0,0,0,0,0,0,265,0,0,0,0,0,0,0,0,0,0,1,0,1,3,1,8,12000
3421,171305,0,0,5,0,0,0,0,0,0,0,0,0,0,0,267,0,0,0,0,0,0,0,0,0,0,1,0,1,3,1,8,12000
3422,171306,0,0,5,0,0,0,0,0,0,0,0,0,0,0,269,0,0,0,0,0,0,0,0,0,0,1,0,1,3,1,8,12000
3423,171307,0,0,5,0,0,0,0,0,0,0,0,0,0,0,271,0,0,0,0,0,0,0,0,0,0,1,0,1,3,1,8,13000
3424,171308,0,0,5,0,0,0,0,0,0,0,0,0,0,0,273,0,0,0,0,0,0,0,0,0,0,1,0,1,3,1,8,13000
3425,171309,0,0,5,0,0,0,0,0,0,0,0,0,0,0,269,0,0,0,0,0,0,0,0,0,0,1,0,1,3,1,8,0
3426,171310,0,0,5,0,0,0,0,0,0,0,0,0,0,0,271,0,0,0,0,0,0,0,0,0,0,1,0,1,3,1,8,0
3427,171311,0,0,5,0,0,0,0,0,0,0,0,0,0,0,273,0,0,0,0,0,0,0,0,0,0,1,0,1,3,1,8,0
3428,171312,0,0,5,0,0,0,0,0,0,0,0,0,0,0,275,0,0,0,0,0,0,0,0,0,0,1,0,1,3,1,8,11000
3429,171313,0,0,5,0,0,0,0,0,0,0,0,0,0,0,277,0,0,0,0,0,0,0,0,0,0,1,0,1,3,1,8,11000
3430,171314,0,0,5,0,0,0,0,0,0,0,0,0,0,0,279,0,0,0,0,0,0,0,0,0,0,1,0,1,3,1,8,11000
3431,171315,0,0,5,0,0,0,0,0,0,0,0,0,0,0,281,0,0,0,0,0,0,0,0,0,0,1,0,1,3,1,8,12000
3432,171316,0,0,5,0,0,0,0,0,0,0,0,0,0,0,283,0,0,0,0,0,0,0,0,0,0,1,0,1,3,1,8,12000
3433,171317,0,0,5,0,0,0,0,0,0,0,0,0,0,0,285,0,0,0,0,0,0,0,0,0,0,1,0,1,3,1,8,12000
3434,171318,0,0,5,0,0,0,0,0,0,0,0,0,0,0,287,0,0,0,0,0,0,0,0,0,0,1,0,1,3,1,8,13000
3435,171319,0,0,5,0,0,0,0,0,0,0,0,0,0,0,289,0,0,0,0,0,0,0,0,0,0,1,0,1,3,1,8,13000
3436,171320,0,0,5,0,0,0,0,0,0,0,0,0,0,0,285,0,0,0,0,0,0,0,0,0,0,1,0,1,3,1,8,0
3437,171321,0,0,5,0,0,0,0,0,0,0,0,0,0,0,287,0,0,0,0,0,0,0,0,0,0,1,0,1,3,1,8,0
3438,171322,0,0,5,0,0,0,0,0,0,0,0,0,0,0,289,0,0,0,0,0,0,0,0,0,0,1,0,1,3,1,8,0
3439,171323,0,0,5,0,0,0,0,0,0,0,0,0,0,0,291,0,0,0,0,0,0,0,0,0,0,1,0,1,3,1,8,11000
3440,171324,0,0,5,0,0,0,0,0,0,0,0,0,0,0,293,0,0,0,0,0,0,0,0,0,0,1,0,1,3,1,8,11000
3441,171325,0,0,5,0,0,0,0,0,0,0,0,0,0,0,294,0,0,0,0,0,0,0,0,0,0,1,0,1,3,1,8,11000
3442,171326,0,0,5,0,0,0,0,0,0,0,0,0,0,0,296,0,0,0,0,0,0,0,0,0,0,1,0,1,3,1,8,12000
3443,171327,0,0,5,0,0,0,0,0,0,0,0,0,0,0,298,0,0,0,0,0,0,0,0,0,0,1,0,1,3,1,8,12000
3444,171328,0,0,5,0,0,0,0,0,0,0,0,0,0,0,300,0,0,0,0,0,0,0,0,0,0,1,0,1,3,1,8,12000
3445,171329,0,0,5,0,0,0,0,0,0,0,0,0,0,0,302,0,0,0,0,0,0,0,0,0,0,1,0,1,3,1,8,13000
3446,171330,0,0,5,0,0,0,0,0,0,0,0,0,0,0,304,0,0,0,0,0,0,0,0,0,0,1,0,1,3,1,8,13000
3447,171331,0,0,5,0,0,0,0,0,0,0,0,0,0,0,300,0,0,0,0,0,0,0,0,0,0,1,0,1,3,1,8,0
3448,171332,0,0,5,0,0,0,0,0,0,0,0,0,0,0,302,0,0,0,0,0,0,0,0,0,0,1,0,1,3,1,8,0
3449,171333,0,0,5,0,0,0,0,0,0,0,0,0,0,0,304,0,0,0,0,0,0,0,0,0,0,1,0,1,3,1,8,0
3450,171334,0,0,5,0,0,0,0,0,0,0,0,0,0,0,306,0,0,0,0,0,0,0,0,0,0,1,0,1,3,1,8,11000
3451,171335,0,0,5,0,0,0,0,0,0,0,0,0,0,0,308,0,0,0,0,0,0,0,0,0,0,1,0,1,3,1,8,11000
3452,171336,0,0,5,0,0,0,0,0,0,0,0,0,0,0,310,0,0,0,0,0,0,0,0,0,0,1,0,1,3,1,8,11000
3453,171337,0,0,5,0,0,0,0,0,0,0,0,0,0,0,312,0,0,0,0,0,0,0,0,0,0,1,0,1,3,1,8,12000
3454,171338,0,0,5,0,0,0,0,0,0,0,0,0,0,0,314,0,0,0,0,0,0,0,0,0,0,1,0,1,3,1,8,12000
3455,171339,0,0,5,0,0,0,0,0,0,0,0,0,0,0,316,0,0,0,0,0,0,0,0,0,0,1,0,1,3,1,8,12000
3456,171340,0,0,5,0,0,0,0,0,0,0,0,0,0,0,318,0,0,0,0,0,0,0,0,0,0,1,0,1,3,1,8,13000
3457,171341,0,0,5,0,0,0,0,0,0,0,0,0,0,0,320,0,0,0,0,0,0,0,0,0,0,1,0,1,3,1,8,13000
3458,171342,0,0,5,0,0,0,0,0,0,0,0,0,0,0,316,0,0,0,0,0,0,0,0,0,0,1,0,1,3,1,8,0
3459,171343,0,0,5,0,0,0,0,0,0,0,0,0,0,0,318,0,0,0,0,0,0,0,0,0,0,1,0,1,3,1,8,0
3460,171344,0,0,5,0,0,0,0,0,0,0,0,0,0,0,320,0,0,0,0,0,0,0,0,0,0,1,0,1,3,1,8,0
3461,171345,0,0,5,0,0,0,0,0,0,0,0,0,0,0,322,0,0,0,0,0,0,0,0,0,0,1,0,1,3,1,8,11000
3462,171346,0,0,5,0,0,0,0,0,0,0,0,0,0,0,324,0,0,0,0,0,0,0,0,0,0,1,0,1,3,1,8,11000
3463,171347,0,0,5,0,0,0,0,0,0,0,0,0,0,0,327,0,0,0,0,0,0,0,0,0,0,1,0,1,3,1,8,11000
3464,171348,0,0,5,0,0,0,0,0,0,0,0,0,0,0,329,0,0,0,0,0,0,0,0,0,0,1,0,1,3,1,8,12000
3465,171349,0,0,5,0,0,0,0,0,0,0,0,0,0,0,332,0,0,0,0,0,0,0,0,0,0,1,0,1,3,1,8,12000
3466,171350,0,0,5,0,0,0,0,0,0,0,0,0,0,0,334,0,0,0,0,0,0,0,0,0,0,1,0,1,3,1,8,12000
3467,171351,0,0,5,0,0,0,0,0,0,0,0,0,0,0,336,0,0,0,0,0,0,0,0,0,0,1,0,1,3,1,8,13000
3468,171352,0,0,5,0,0,0,0,0,0,0,0,0,0,0,339,0,0,0,0,0,0,0,0,0,0,1,0,1,3,1,8,13000
3469,171353,0,0,5,0,0,0,0,0,0,0,0,0,0,0,334,0,0,0,0,0,0,0,0,0,0,1,0,1,3,1,8,0
3470,171354,0,0,5,0,0,0,0,0,0,0,0,0,0,0,336,0,0,0,0,0,0,0,0,0,0,1,0,1,3,1,8,0
3471,171355,0,0,5,0,0,0,0,0,0,0,0,0,0,0,339,0,0,0,0,0,0,0,0,0,0,1,0,1,3,1,8,0
3472,171356,0,0,5,0,0,0,0,0,0,0,0,0,0,0,341,0,0,0,0,0,0,0,0,0,0,1,0,1,3,1,8,11000
3473,171357,0,0,5,0,0,0,0,0,0,0,0,0,0,0,344,0,0,0,0,0,0,0,0,0,0,1,0,1,3,1,8,11000
3474,171358,0,0,5,0,0,0,0,0,0,0,0,0,0,0,346,0,0,0,0,0,0,0,0,0,0,1,0,1,3,1,8,11000
3475,171359,0,0,5,0,0,0,0,0,0,0,0,0,0,0,349,0,0,0,0,0,0,0,0,0,0,1,0,1,3,1,8,12000
3476,171360,0,0,5,0,0,0,0,0,0,0,0,0,0,0,351,0,0,0,0,0,0,0,0,0,0,1,0,1,3,1,8,12000
3477,171361,0,0,5,0,0,0,0,0,0,0,0,0,0,0,353,0,0,0,0,0,0,0,0,0,0,1,0,1,3,1,8,12000
3478,171362,0,0,5,0,0,0,0,0,0,0,0,0,0,0,356,0,0,0,0,0,0,0,0,0,0,1,0,1,3,1,8,13000
3479,171363,0,0,5,0,0,0,0,0,0,0,0,0,0,0,358,0,0,0,0,0,0,0,0,0,0,1,0,1,3,1,8,13000
3480,171364,0,0,5,0,0,0,0,0,0,0,0,0,0,0,353,0,0,0,0,0,0,0,0,0,0,1,0,1,3,1,8,0
3481,171365,0,0,5,0,0,0,0,0,0,0,0,0,0,0,356,0,0,0,0,0,0,0,0,0,0,1,0,1,3,1,8,0
3482,171366,0,0,5,0,0,0,0,0,0,0,0,0,0,0,358,0,0,0,0,0,0,0,0,0,0,1,0,1,3,1,8,0
3483,171367,0,0,5,0,0,0,0,0,0,0,0,0,0,0,361,0,0,0,0,0,0,0,0,0,0,1,0,1,3,1,8,11000
3484,171368,0,0,5,0,0,0,0,0,0,0,0,0,0,0,363,0,0,0,0,0,0,0,0,0,0,1,0,1,3,1,8,11000
3485,171369,0,0,5,0,0,0,0,0,0,0,0,0,0,0,366,0,0,0,0,0,0,0,0,0,0,1,0,1,3,1,8,11000
3486,171370,0,0,5,0,0,0,0,0,0,0,0,0,0,0,368,0,0,0,0,0,0,0,0,0,0,1,0,1,3,1,8,12000
3487,171371,0,0,6,0,0,0,0,0,0,0,0,0,0,0,371,0,0,0,0,0,0,0,0,0,0,1,0,1,3,1,8,12000
3488,171372,0,0,6,0,0,0,0,0,0,0,0,0,0,0,373,0,0,0,0,0,0,0,0,0,0,1,0,1,3,1,8,12000
3489,171373,0,0,6,0,0,0,0,0,0,0,0,0,0,0,375,0,0,0,0,0,0,0,0,0,0,1,0,1,3,1,8,13000
3490,171374,0,0,6,0,0,0,0,0,0,0,0,0,0,0,378,0,0,0,0,0,0,0,0,0,0,1,0,1,3,1,8,13000
3491,171375,0,0,6,0,0,0,0,0,0,0,0,0,0,0,373,0,0,0,0,0,0,0,0,0,0,1,0,1,3,1,8,0
3492,171376,0,0,6,0,0,0,0,0,0,0,0,0,0,0,375,0,0,0,0,0,0,0,0,0,0,1,0,1,3,1,8,0
3493,171377,0,0,6,0,0,0,0,0,0,0,0,0,0,0,378,0,0,0,0,0,0,0,0,0,0,1,0,1,3,1,8,0
3494,171378,0,0,6,0,0,0,0,0,0,0,0,0,0,0,380,0,0,0,0,0,0,0,0,0,0,1,0,1,3,1,8,11000
3495,171379,0,0,6,0,0,0,0,0,0,0,0,0,0,0,383,0,0,0,0,0,0,0,0,0,0,1,0,1,3,1,8,11000
3496,171380,0,0,6,0,0,0,0,0,0,0,0,0,0,0,385,0,0,0,0,0,0,0,0,0,0,1,0,1,3,1,8,11000
3497,171381,0,0,6,0,0,0,0,0,0,0,0,0,0,0,388,0,0,0,0,0,0,0,0,0,0,1,0,1,3,1,8,12000
3498,171382,0,0,6,0,0,0,0,0,0,0,0,0,0,0,390,0,0,0,0,0,0,0,0,0,0,1,0,1,3,1,8,12000
3499,171383,0,0,6,0,0,0,0,0,0,0,0,0,0,0,392,0,0,0,0,0,0,0,0,0,0,1,0,1,3,1,8,12000
3500,171384,0,0,6,0,0,0,0,0,0,0,0,0,0,0,395,0,0,0,0,0,0,0,0,0,0,1,0,1,3,1,8,13000
3501,171385,0,0,6,0,0,0,0,0,0,0,0,0,0,0,397,0,0,0,0,0,0,0,0,0,0,1,0,1,3,1,8,13000
3502,171386,0,0,6,0,0,0,0,0,0,0,0,0,0,0,392,0,0,0,0,0,0,0,0,0,0,1,0,1,3,1,8,0
3503,171387,0,0,6,0,0,0,0,0,0,0,0,0,0,0,395,0,0,0,0,0,0,0,0,0,0,1,0,1,3,1,8,0
3504,171388,0,0,6,0,0,0,0,0,0,0,0,0,0,0,397,0,0,0,0,0,0,0,0,0,0,1,0,1,3,1,8,0
3505,171389,0,0,6,0,0,0,0,0,0,0,0,0,0,0,400,0,0,0,0,0,0,0,0,0,0,1,0,1,3,1,8,11000
3506,171390,0,0,6,0,0,0,0,0,0,0,0,0,0,0,402,0,0,0,0,0,0,0,0,0,0,1,0,1,3,1,8,11000
3507,171391,0,0,6,0,0,0,0,0,0,0,0,0,0,0,405,0,0,0,0,0,0,0,0,0,0,1,0,1,3,1,8,11000
3508,171392,0,0,6,0,0,0,0,0,0,0,0,0,0,0,407,0,0,0,0,0,0,0,0,0,0,1,0,1,3,1,8,12000
3509,171393,0,0,6,0,0,0,0,0,0,0,0,0,0,0,410,0,0,0,0,0,0,0,0,0,0,1,0,1,3,1,8,12000
3510,171394,0,0,6,0,0,0,0,0,0,0,0,0,0,0,412,0,0,0,0,0,0,0,0,0,0,1,0,1,3,1,8,12000
3511,171395,0,0,6,0,0,0,0,0,0,0,0,0,0,0,414,0,0,0,0,0,0,0,0,0,0,1,0,1,3,1,8,13000
3512,171396,0,0,6,0,0,0,0,0,0,0,0,0,0,0,417,0,0,0,0,0,0,0,0,0,0,1,0,1,3,1,8,13000
3513,171397,0,0,6,0,0,0,0,0,0,0,0,0,0,0,412,0,0,0,0,0,0,0,0,0,0,1,0,1,3,1,8,0
3514,171398,0,0,6,0,0,0,0,0,0,0,0,0,0,0,414,0,0,0,0,0,0,0,0,0,0,1,0,1,3,1,8,0
3515,171399,0,0,6,0,0,0,0,0,0,0,0,0,0,0,417,0,0,0,0,0,0,0,0,0,0,1,0,1,3,1,8,0
3516,171400,0,0,6,0,0,0,0,0,0,0,0,0,0,0,419,0,0,0,0,0,0,0,0,0,0,1,0,1,3,1,8,11000
3517,171401,0,0,6,0,0,0,0,0,0,0,0,0,0,0,422,0,0,0,0,0,0,0,0,0,0,1,0,1,3,1,8,11000
3518,171402,0,0,6,0,0,0,0,0,0,0,0,0,0,0,424,0,0,0,0,0,0,0,0,0,0,1,0,1,3,1,8,11000
3519,171403,0,0,6,0,0,0,0,0,0,0,0,0,0,0,427,0,0,0,0,0,0,0,0,0,0,1,0,1,3,1,8,12000
3520,171404,0,0,6,0,0,0,0,0,0,0,0,0,0,0,429,0,0,0,0,0,0,0,0,0,0,1,0,1,3,1,8,12000
3521,171405,0,0,6,0,0,0,0,0,0,0,0,0,0,0,431,0,0,0,0,0,0,0,0,0,0,1,0,1,3,1,8,12000
3522,171406,0,0,6,0,0,0,0,0,0,0,0,0,0,0,434,0,0,0,0,0,0,0,0,0,0,1,0,1,3,1,8,13000
3523,171407,0,0,6,0,0,0,0,0,0,0,0,0,0,0,436,0,0,0,0,0,0,0,0,0,0,1,0,1,3,1,8,13000
3524,171408,0,0,6,0,0,0,0,0,0,0,0,0,0,0,431,0,0,0,0,0,0,0,0,0,0,1,0,1,3,1,8,0
3525,171409,0,0,6,0,0,0,0,0,0,0,0,0,0,0,434,0,0,0,0,0,0,0,0,0,0,1,0,1,3,1,8,0
3526,171410,0,0,6,0,0,0,0,0,0,0,0,0,0,0,436,0,0,0,0,0,0,0,0,0,0,1,0,1,3,1,8,0
3527,171411,0,0,6,0,0,0,0,0,0,0,0,0,0,0,439,0,0,0,0,0,0,0,0,0,0,1,0,1,3,1,8,11000
3528,171412,0,0,6,0,0,0,0,0,0,0,0,0,0,0,441,0,0,0,0,0,0,0,0,0,0,1,0,1,3,1,8,11000
3529,171413,0,0,6,0,0,0,0,0,0,0,0,0,0,0,444,0,0,0,0,0,0,0,0,0,0,1,0,1,3,1,8,11000
3530,171414,0,0,6,0,0,0,0,0,0,0,0,0,0,0,446,0,0,0,0,0,0,0,0,0,0,1,0,1,3,1,8,12000
3531,171415,0,0,6,0,0,0,0,0,0,0,0,0,0,0,448,0,0,0,0,0,0,0,0,0,0,1,0,1,3,1,8,12000
3532,171416,0,0,6,0,0,0,0,0,0,0,0,0,0,0,451,0,0,0,0,0,0,0,0,0,0,1,0,1,3,1,8,12000
3533,171417,0,0,6,0,0,0,0,0,0,0,0,0,0,0,453,0,0,0,0,0,0,0,0,0,0,1,0,1,3,1,8,13000
3534,171418,0,0,6,0,0,0,0,0,0,0,0,0,0,0,456,0,0,0,0,0,0,0,0,0,0,1,0,1,3,1,8,13000
3535,171419,0,0,6,0,0,0,0,0,0,0,0,0,0,0,451,0,0,0,0,0,0,0,0,0,0,1,0,1,3,1,8,0
3536,171420,0,0,6,0,0,0,0,0,0,0,0,0,0,0,453,0,0,0,0,0,0,0,0,0,0,1,0,1,3,1,8,0
3537,171421,0,0,6,0,0,0,0,0,0,0,0,0,0,0,456,0,0,0,0,0,0,0,0,0,0,1,0,1,3,1,8,0
3538,171422,0,0,6,0,0,0,0,0,0,0,0,0,0,0,458,0,0,0,0,0,0,0,0,0,0,1,0,1,3,1,8,11000
3539,171423,0,0,6,0,0,0,0,0,0,0,0,0,0,0,461,0,0,0,0,0,0,0,0,0,0,1,0,1,3,1,8,11000
3540,171424,0,0,6,0,0,0,0,0,0,0,0,0,0,0,463,0,0,0,0,0,0,0,0,0,0,1,0,1,3,1,8,11000
3541,171425,0,0,6,0,0,0,0,0,0,0,0,0,0,0,466,0,0,0,0,0,0,0,0,0,0,1,0,1,3,1,8,12000
3542,171426,0,0,6,0,0,0,0,0,0,0,0,0,0,0,468,0,0,0,0,0,0,0,0,0,0,1,0,1,3,1,8,12000
3543,172100,0,0,1,0,0,0,0,0,0,0,0,0,0,0,2,0,0,0,0,0,0,0,0,0,0,1,0,1,3,2,8,0
3544,172101,0,0,1,0,0,0,0,0,0,0,0,0,0,0,3,0,0,0,0,0,0,0,0,0,0,1,0,1,3,2,8,0
3545,172102,0,0,1,0,0,0,0,0,0,0,0,0,0,0,5,0,0,0,0,0,0,0,0,0,0,1,0,1,3,2,8,0
3546,172103,0,0,1,0,0,0,0,0,0,0,0,0,0,0,7,0,0,0,0,0,0,0,0,0,0,1,0,1,3,2,8,21000
3547,172104,0,0,1,0,0,0,0,0,0,0,0,0,0,0,8,0,0,0,0,0,0,0,0,0,0,1,0,1,3,2,8,21000
3548,172105,0,0,1,0,0,0,0,0,0,0,0,0,0,0,10,0,0,0,0,0,0,0,0,0,0,1,0,1,3,2,8,21000
3549,172106,0,0,1,0,0,0,0,0,0,0,0,0,0,0,11,0,0,0,0,0,0,0,0,0,0,1,0,1,3,2,8,22000
3550,172107,0,0,1,0,0,0,0,0,0,0,0,0,0,0,13,0,0,0,0,0,0,0,0,0,0,1,0,1,3,2,8,22000
3551,172108,0,0,1,0,0,0,0,0,0,0,0,0,0,0,15,0,0,0,0,0,0,0,0,0,0,1,0,1,3,2,8,22000
3552,172109,0,0,1,0,0,0,0,0,0,0,0,0,0,0,16,0,0,0,0,0,0,0,0,0,0,1,0,1,3,2,8,23000
3553,172110,0,0,1,0,0,0,0,0,0,0,0,0,0,0,18,0,0,0,0,0,0,0,0,0,0,1,0,1,3,2,8,23000
3554,172111,0,0,1,0,0,0,0,0,0,0,0,0,0,0,15,0,0,0,0,0,0,0,0,0,0,1,0,1,3,2,8,0
3555,172112,0,0,1,0,0,0,0,0,0,0,0,0,0,0,16,0,0,0,0,0,0,0,0,0,0,1,0,1,3,2,8,0
3556,172113,0,0,1,0,0,0,0,0,0,0,0,0,0,0,18,0,0,0,0,0,0,0,0,0,0,1,0,1,3,2,8,0
3557,172114,0,0,1,0,0,0,0,0,0,0,0,0,0,0,20,0,0,0,0,0,0,0,0,0,0,1,0,1,3,2,8,21000
3558,172115,0,0,1,0,0,0,0,0,0,0,0,0,0,0,21,0,0,0,0,0,0,0,0,0,0,1,0,1,3,2,8,21000
3559,172116,0,0,1,0,0,0,0,0,0,0,0,0,0,0,23,0,0,0,0,0,0,0,0,0,0,1,0,1,3,2,8,21000
3560,172117,0,0,1,0,0,0,0,0,0,0,0,0,0,0,24,0,0,0,0,0,0,0,0,0,0,1,0,1,3,2,8,22000
3561,172118,0,0,1,0,0,0,0,0,0,0,0,0,0,0,26,0,0,0,0,0,0,0,0,0,0,1,0,1,3,2,8,22000
3562,172119,0,0,1,0,0,0,0,0,0,0,0,0,0,0,28,0,0,0,0,0,0,0,0,0,0,1,0,1,3,2,8,22000
3563,172120,0,0,1,0,0,0,0,0,0,0,0,0,0,0,29,0,0,0,0,0,0,0,0,0,0,1,0,1,3,2,8,23000
3564,172121,0,0,1,0,0,0,0,0,0,0,0,0,0,0,31,0,0,0,0,0,0,0,0,0,0,1,0,1,3,2,8,23000
3565,172122,0,0,1,0,0,0,0,0,0,0,0,0,0,0,28,0,0,0,0,0,0,0,0,0,0,1,0,1,3,2,8,0
3566,172123,0,0,1,0,0,0,0,0,0,0,0,0,0,0,29,0,0,0,0,0,0,0,0,0,0,1,0,1,3,2,8,0
3567,172124,0,0,1,0,0,0,0,0,0,0,0,0,0,0,31,0,0,0,0,0,0,0,0,0,0,1,0,1,3,2,8,0
3568,172125,0,0,1,0,0,0,0,0,0,0,0,0,0,0,33,0,0,0,0,0,0,0,0,0,0,1,0,1,3,2,8,21000
3569,172126,0,0,1,0,0,0,0,0,0,0,0,0,0,0,34,0,0,0,0,0,0,0,0,0,0,1,0,1,3,2,8,21000
3570,172127,0,0,1,0,0,0,0,0,0,0,0,0,0,0,36,0,0,0,0,0,0,0,0,0,0,1,0,1,3,2,8,21000
3571,172128,0,0,1,0,0,0,0,0,0,0,0,0,0,0,37,0,0,0,0,0,0,0,0,0,0,1,0,1,3,2,8,22000
3572,172129,0,0,1,0,0,0,0,0,0,0,0,0,0,0,39,0,0,0,0,0,0,0,0,0,0,1,0,1,3,2,8,22000
3573,172130,0,0,1,0,0,0,0,0,0,0,0,0,0,0,41,0,0,0,0,0,0,0,0,0,0,1,0,1,3,2,8,22000
3574,172131,0,0,1,0,0,0,0,0,0,0,0,0,0,0,42,0,0,0,0,0,0,0,0,0,0,1,0,1,3,2,8,23000
3575,172132,0,0,1,0,0,0,0,0,0,0,0,0,0,0,44,0,0,0,0,0,0,0,0,0,0,1,0,1,3,2,8,23000
3576,172133,0,0,2,0,0,0,0,0,0,0,0,0,0,0,41,0,0,0,0,0,0,0,0,0,0,1,0,1,3,2,8,0
3577,172134,0,0,2,0,0,0,0,0,0,0,0,0,0,0,42,0,0,0,0,0,0,0,0,0,0,1,0,1,3,2,8,0
3578,172135,0,0,2,0,0,0,0,0,0,0,0,0,0,0,44,0,0,0,0,0,0,0,0,0,0,1,0,1,3,2,8,0
3579,172136,0,0,2,0,0,0,0,0,0,0,0,0,0,0,46,0,0,0,0,0,0,0,0,0,0,1,0,1,3,2,8,21000
3580,172137,0,0,2,0,0,0,0,0,0,0,0,0,0,0,47,0,0,0,0,0,0,0,0,0,0,1,0,1,3,2,8,21000
3581,172138,0,0,2,0,0,0,0,0,0,0,0,0,0,0,49,0,0,0,0,0,0,0,0,0,0,1,0,1,3,2,8,21000
3582,172139,0,0,2,0,0,0,0,0,0,0,0,0,0,0,50,0,0,0,0,0,0,0,0,0,0,1,0,1,3,2,8,22000
3583,172140,0,0,2,0,0,0,0,0,0,0,0,0,0,0,52,0,0,0,0,0,0,0,0,0,0,1,0,1,3,2,8,22000
3584,172141,0,0,2,0,0,0,0,0,0,0,0,0,0,0,54,0,0,0,0,0,0,0,0,0,0,1,0,1,3,2,8,22000
3585,172142,0,0,2,0,0,0,0,0,0,0,0,0,0,0,55,0,0,0,0,0,0,0,0,0,0,1,0,1,3,2,8,23000
3586,172143,0,0,2,0,0,0,0,0,0,0,0,0,0,0,57,0,0,0,0,0,0,0,0,0,0,1,0,1,3,2,8,23000
3587,172144,0,0,2,0,0,0,0,0,0,0,0,0,0,0,54,0,0,0,0,0,0,0,0,0,0,1,0,1,3,2,8,0
3588,172145,0,0,2,0,0,0,0,0,0,0,0,0,0,0,55,0,0,0,0,0,0,0,0,0,0,1,0,1,3,2,8,0
3589,172146,0,0,2,0,0,0,0,0,0,0,0,0,0,0,57,0,0,0,0,0,0,0,0,0,0,1,0,1,3,2,8,0
3590,172147,0,0,2,0,0,0,0,0,0,0,0,0,0,0,59,0,0,0,0,0,0,0,0,0,0,1,0,1,3,2,8,21000
3591,172148,0,0,2,0,0,0,0,0,0,0,0,0,0,0,60,0,0,0,0,0,0,0,0,0,0,1,0,1,3,2,8,21000
3592,172149,0,0,2,0,0,0,0,0,0,0,0,0,0,0,62,0,0,0,0,0,0,0,0,0,0,1,0,1,3,2,8,21000
3593,172150,0,0,2,0,0,0,0,0,0,0,0,0,0,0,63,0,0,0,0,0,0,0,0,0,0,1,0,1,3,2,8,22000
3594,172151,0,0,2,0,0,0,0,0,0,0,0,0,0,0,65,0,0,0,0,0,0,0,0,0,0,1,0,1,3,2,8,22000
3595,172152,0,0,2,0,0,0,0,0,0,0,0,0,0,0,67,0,0,0,0,0,0,0,0,0,0,1,0,1,3,2,8,22000
3596,172153,0,0,2,0,0,0,0,0,0,0,0,0,0,0,68,0,0,0,0,0,0,0,0,0,0,1,0,1,3,2,8,23000
3597,172154,0,0,2,0,0,0,0,0,0,0,0,0,0,0,70,0,0,0,0,0,0,0,0,0,0,1,0,1,3,2,8,23000
3598,172155,0,0,2,0,0,0,0,0,0,0,0,0,0,0,67,0,0,0,0,0,0,0,0,0,0,1,0,1,3,2,8,0
3599,172156,0,0,2,0,0,0,0,0,0,0,0,0,0,0,68,0,0,0,0,0,0,0,0,0,0,1,0,1,3,2,8,0
3600,172157,0,0,2,0,0,0,0,0,0,0,0,0,0,0,70,0,0,0,0,0,0,0,0,0,0,1,0,1,3,2,8,0
3601,172158,0,0,2,0,0,0,0,0,0,0,0,0,0,0,72,0,0,0,0,0,0,0,0,0,0,1,0,1,3,2,8,21000
3602,172159,0,0,2,0,0,0,0,0,0,0,0,0,0,0,73,0,0,0,0,0,0,0,0,0,0,1,0,1,3,2,8,21000
3603,172160,0,0,2,0,0,0,0,0,0,0,0,0,0,0,75,0,0,0,0,0,0,0,0,0,0,1,0,1,3,2,8,21000
3604,172161,0,0,2,0,0,0,0,0,0,0,0,0,0,0,76,0,0,0,0,0,0,0,0,0,0,1,0,1,3,2,8,22000
3605,172162,0,0,2,0,0,0,0,0,0,0,0,0,0,0,78,0,0,0,0,0,0,0,0,0,0,1,0,1,3,2,8,22000
3606,172163,0,0,2,0,0,0,0,0,0,0,0,0,0,0,80,0,0,0,0,0,0,0,0,0,0,1,0,1,3,2,8,22000
3607,172164,0,0,2,0,0,0,0,0,0,0,0,0,0,0,81,0,0,0,0,0,0,0,0,0,0,1,0,1,3,2,8,23000
3608,172165,0,0,2,0,0,0,0,0,0,0,0,0,0,0,83,0,0,0,0,0,0,0,0,0,0,1,0,1,3,2,8,23000
3609,172166,0,0,3,0,0,0,0,0,0,0,0,0,0,0,80,0,0,0,0,0,0,0,0,0,0,1,0,1,3,2,8,0
3610,172167,0,0,3,0,0,0,0,0,0,0,0,0,0,0,81,0,0,0,0,0,0,0,0,0,0,1,0,1,3,2,8,0
3611,172168,0,0,3,0,0,0,0,0,0,0,0,0,0,0,83,0,0,0,0,0,0,0,0,0,0,1,0,1,3,2,8,0
3612,172169,0,0,3,0,0,0,0,0,0,0,0,0,0,0,85,0,0,0,0,0,0,0,0,0,0,1,0,1,3,2,8,21000
3613,172170,0,0,3,0,0,0,0,0,0,0,0,0,0,0,86,0,0,0,0,0,0,0,0,0,0,1,0,1,3,2,8,21000
3614,172171,0,0,3,0,0,0,0,0,0,0,0,0,0,0,88,0,0,0,0,0,0,0,0,0,0,1,0,1,3,2,8,21000
3615,172172,0,0,3,0,0,0,0,0,0,0,0,0,0,0,89,0,0,0,0,0,0,0,0,0,0,1,0,1,3,2,8,22000
3616,172173,0,0,3,0,0,0,0,0,0,0,0,0,0,0,91,0,0,0,0,0,0,0,0,0,0,1,0,1,3,2,8,22000
3617,172174,0,0,3,0,0,0,0,0,0,0,0,0,0,0,93,0,0,0,0,0,0,0,0,0,0,1,0,1,3,2,8,22000
3618,172175,0,0,3,0,0,0,0,0,0,0,0,0,0,0,94,0,0,0,0,0,0,0,0,0,0,1,0,1,3,2,8,23000
3619,172176,0,0,3,0,0,0,0,0,0,0,0,0,0,0,96,0,0,0,0,0,0,0,0,0,0,1,0,1,3,2,8,23000
3620,172177,0,0,3,0,0,0,0,0,0,0,0,0,0,0,93,0,0,0,0,0,0,0,0,0,0,1,0,1,3,2,8,0
3621,172178,0,0,3,0,0,0,0,0,0,0,0,0,0,0,94,0,0,0,0,0,0,0,0,0,0,1,0,1,3,2,8,0
3622,172179,0,0,3,0,0,0,0,0,0,0,0,0,0,0,96,0,0,0,0,0,0,0,0,0,0,1,0,1,3,2,8,0
3623,172180,0,0,3,0,0,0,0,0,0,0,0,0,0,0,98,0,0,0,0,0,0,0,0,0,0,1,0,1,3,2,8,21000
3624,172181,0,0,3,0,0,0,0,0,0,0,0,0,0,0,100,0,0,0,0,0,0,0,0,0,0,1,0,1,3,2,8,21000
3625,172182,0,0,3,0,0,0,0,0,0,0,0,0,0,0,102,0,0,0,0,0,0,0,0,0,0,1,0,1,3,2,8,21000
3626,172183,0,0,3,0,0,0,0,0,0,0,0,0,0,0,104,0,0,0,0,0,0,0,0,0,0,1,0,1,3,2,8,22000
3627,172184,0,0,3,0,0,0,0,0,0,0,0,0,0,0,106,0,0,0,0,0,0,0,0,0,0,1,0,1,3,2,8,22000
3628,172185,0,0,3,0,0,0,0,0,0,0,0,0,0,0,108,0,0,0,0,0,0,0,0,0,0,1,0,1,3,2,8,22000
3629,172186,0,0,3,0,0,0,0,0,0,0,0,0,0,0,111,0,0,0,0,0,0,0,0,0,0,1,0,1,3,2,8,23000
3630,172187,0,0,3,0,0,0,0,0,0,0,0,0,0,0,113,0,0,0,0,0,0,0,0,0,0,1,0,1,3,2,8,23000
3631,172188,0,0,3,0,0,0,0,0,0,0,0,0,0,0,108,0,0,0,0,0,0,0,0,0,0,1,0,1,3,2,8,0
3632,172189,0,0,3,0,0,0,0,0,0,0,0,0,0,0,111,0,0,0,0,0,0,0,0,0,0,1,0,1,3,2,8,0
3633,172190,0,0,3,0,0,0,0,0,0,0,0,0,0,0,113,0,0,0,0,0,0,0,0,0,0,1,0,1,3,2,8,0
3634,172191,0,0,3,0,0,0,0,0,0,0,0,0,0,0,115,0,0,0,0,0,0,0,0,0,0,1,0,1,3,2,8,21000
3635,172192,0,0,3,0,0,0,0,0,0,0,0,0,0,0,117,0,0,0,0,0,0,0,0,0,0,1,0,1,3,2,8,21000
3636,172193,0,0,3,0,0,0,0,0,0,0,0,0,0,0,119,0,0,0,0,0,0,0,0,0,0,1,0,1,3,2,8,21000
3637,172194,0,0,3,0,0,0,0,0,0,0,0,0,0,0,121,0,0,0,0,0,0,0,0,0,0,1,0,1,3,2,8,22000
3638,172195,0,0,3,0,0,0,0,0,0,0,0,0,0,0,124,0,0,0,0,0,0,0,0,0,0,1,0,1,3,2,8,22000
3639,172196,0,0,3,0,0,0,0,0,0,0,0,0,0,0,126,0,0,0,0,0,0,0,0,0,0,1,0,1,3,2,8,22000
3640,172197,0,0,3,0,0,0,0,0,0,0,0,0,0,0,128,0,0,0,0,0,0,0,0,0,0,1,0,1,3,2,8,23000
3641,172198,0,0,3,0,0,0,0,0,0,0,0,0,0,0,130,0,0,0,0,0,0,0,0,0,0,1,0,1,3,2,8,23000
3642,172199,0,0,4,0,0,0,0,0,0,0,0,0,0,0,126,0,0,0,0,0,0,0,0,0,0,1,0,1,3,2,8,0
3643,172200,0,0,4,0,0,0,0,0,0,0,0,0,0,0,128,0,0,0,0,0,0,0,0,0,0,1,0,1,3,2,8,0
3644,172201,0,0,4,0,0,0,0,0,0,0,0,0,0,0,130,0,0,0,0,0,0,0,0,0,0,1,0,1,3,2,8,0
3645,172202,0,0,4,0,0,0,0,0,0,0,0,0,0,0,132,0,0,0,0,0,0,0,0,0,0,1,0,1,3,2,8,21000
3646,172203,0,0,4,0,0,0,0,0,0,0,0,0,0,0,134,0,0,0,0,0,0,0,0,0,0,1,0,1,3,2,8,21000
3647,172204,0,0,4,0,0,0,0,0,0,0,0,0,0,0,137,0,0,0,0,0,0,0,0,0,0,1,0,1,3,2,8,21000
3648,172205,0,0,4,0,0,0,0,0,0,0,0,0,0,0,139,0,0,0,0,0,0,0,0,0,0,1,0,1,3,2,8,22000
3649,172206,0,0,4,0,0,0,0,0,0,0,0,0,0,0,141,0,0,0,0,0,0,0,0,0,0,1,0,1,3,2,8,22000
3650,172207,0,0,4,0,0,0,0,0,0,0,0,0,0,0,143,0,0,0,0,0,0,0,0,0,0,1,0,1,3,2,8,22000
3651,172208,0,0,4,0,0,0,0,0,0,0,0,0,0,0,145,0,0,0,0,0,0,0,0,0,0,1,0,1,3,2,8,23000
3652,172209,0,0,4,0,0,0,0,0,0,0,0,0,0,0,147,0,0,0,0,0,0,0,0,0,0,1,0,1,3,2,8,23000
3653,172210,0,0,4,0,0,0,0,0,0,0,0,0,0,0,143,0,0,0,0,0,0,0,0,0,0,1,0,1,3,2,8,0
3654,172211,0,0,4,0,0,0,0,0,0,0,0,0,0,0,145,0,0,0,0,0,0,0,0,0,0,1,0,1,3,2,8,0
3655,172212,0,0,4,0,0,0,0,0,0,0,0,0,0,0,147,0,0,0,0,0,0,0,0,0,0,1,0,1,3,2,8,0
3656,172213,0,0,4,0,0,0,0,0,0,0,0,0,0,0,150,0,0,0,0,0,0,0,0,0,0,1,0,1,3,2,8,21000
3657,172214,0,0,4,0,0,0,0,0,0,0,0,0,0,0,152,0,0,0,0,0,0,0,0,0,0,1,0,1,3,2,8,21000
3658,172215,0,0,4,0,0,0,0,0,0,0,0,0,0,0,154,0,0,0,0,0,0,0,0,0,0,1,0,1,3,2,8,21000
3659,172216,0,0,4,0,0,0,0,0,0,0,0,0,0,0,156,0,0,0,0,0,0,0,0,0,0,1,0,1,3,2,8,22000
3660,172217,0,0,4,0,0,0,0,0,0,0,0,0,0,0,158,0,0,0,0,0,0,0,0,0,0,1,0,1,3,2,8,22000
3661,172218,0,0,4,0,0,0,0,0,0,0,0,0,0,0,160,0,0,0,0,0,0,0,0,0,0,1,0,1,3,2,8,22000
3662,172219,0,0,4,0,0,0,0,0,0,0,0,0,0,0,163,0,0,0,0,0,0,0,0,0,0,1,0,1,3,2,8,23000
3663,172220,0,0,4,0,0,0,0,0,0,0,0,0,0,0,165,0,0,0,0,0,0,0,0,0,0,1,0,1,3,2,8,23000
3664,172221,0,0,4,0,0,0,0,0,0,0,0,0,0,0,160,0,0,0,0,0,0,0,0,0,0,1,0,1,3,2,8,0
3665,172222,0,0,4,0,0,0,0,0,0,0,0,0,0,0,163,0,0,0,0,0,0,0,0,0,0,1,0,1,3,2,8,0
3666,172223,0,0,4,0,0,0,0,0,0,0,0,0,0,0,165,0,0,0,0,0,0,0,0,0,0,1,0,1,3,2,8,0
3667,172224,0,0,4,0,0,0,0,0,0,0,0,0,0,0,167,0,0,0,0,0,0,0,0,0,0,1,0,1,3,2,8,21000
3668,172225,0,0,4,0,0,0,0,0,0,0,0,0,0,0,169,0,0,0,0,0,0,0,0,0,0,1,0,1,3,2,8,21000
3669,172226,0,0,4,0,0,0,0,0,0,0,0,0,0,0,171,0,0,0,0,0,0,0,0,0,0,1,0,1,3,2,8,21000
3670,172227,0,0,4,0,0,0,0,0,0,0,0,0,0,0,173,0,0,0,0,0,0,0,0,0,0,1,0,1,3,2,8,22000
3671,172228,0,0,4,0,0,0,0,0,0,0,0,0,0,0,176,0,0,0,0,0,0,0,0,0,0,1,0,1,3,2,8,22000
3672,172229,0,0,4,0,0,0,0,0,0,0,0,0,0,0,178,0,0,0,0,0,0,0,0,0,0,1,0,1,3,2,8,22000
3673,172230,0,0,4,0,0,0,0,0,0,0,0,0,0,0,180,0,0,0,0,0,0,0,0,0,0,1,0,1,3,2,8,23000
3674,172231,0,0,4,0,0,0,0,0,0,0,0,0,0,0,182,0,0,0,0,0,0,0,0,0,0,1,0,1,3,2,8,23000
3675,172232,0,0,5,0,0,0,0,0,0,0,0,0,0,0,178,0,0,0,0,0,0,0,0,0,0,1,0,1,3,2,8,0
3676,172233,0,0,5,0,0,0,0,0,0,0,0,0,0,0,180,0,0,0,0,0,0,0,0,0,0,1,0,1,3,2,8,0
3677,172234,0,0,5,0,0,0,0,0,0,0,0,0,0,0,182,0,0,0,0,0,0,0,0,0,0,1,0,1,3,2,8,0
3678,172235,0,0,5,0,0,0,0,0,0,0,0,0,0,0,184,0,0,0,0,0,0,0,0,0,0,1,0,1,3,2,8,21000
3679,172236,0,0,5,0,0,0,0,0,0,0,0,0,0,0,186,0,0,0,0,0,0,0,0,0,0,1,0,1,3,2,8,21000
3680,172237,0,0,5,0,0,0,0,0,0,0,0,0,0,0,189,0,0,0,0,0,0,0,0,0,0,1,0,1,3,2,8,21000
3681,172238,0,0,5,0,0,0,0,0,0,0,0,0,0,0,191,0,0,0,0,0,0,0,0,0,0,1,0,1,3,2,8,22000
3682,172239,0,0,5,0,0,0,0,0,0,0,0,0,0,0,193,0,0,0,0,0,0,0,0,0,0,1,0,1,3,2,8,22000
3683,172240,0,0,5,0,0,0,0,0,0,0,0,0,0,0,195,0,0,0,0,0,0,0,0,0,0,1,0,1,3,2,8,22000
3684,172241,0,0,5,0,0,0,0,0,0,0,0,0,0,0,197,0,0,0,0,0,0,0,0,0,0,1,0,1,3,2,8,23000
3685,172242,0,0,5,0,0,0,0,0,0,0,0,0,0,0,199,0,0,0,0,0,0,0,0,0,0,1,0,1,3,2,8,23000
3686,172243,0,0,5,0,0,0,0,0,0,0,0,0,0,0,195,0,0,0,0,0,0,0,0,0,0,1,0,1,3,2,8,0
3687,172244,0,0,5,0,0,0,0,0,0,0,0,0,0,0,197,0,0,0,0,0,0,0,0,0,0,1,0,1,3,2,8,0
3688,172245,0,0,5,0,0,0,0,0,0,0,0,0,0,0,199,0,0,0,0,0,0,0,0,0,0,1,0,1,3,2,8,0
3689,172246,0,0,5,0,0,0,0,0,0,0,0,0,0,0,202,0,0,0,0,0,0,0,0,0,0,1,0,1,3,2,8,21000
3690,172247,0,0,5,0,0,0,0,0,0,0,0,0,0,0,204,0,0,0,0,0,0,0,0,0,0,1,0,1,3,2,8,21000
3691,172248,0,0,5,0,0,0,0,0,0,0,0,0,0,0,206,0,0,0,0,0,0,0,0,0,0,1,0,1,3,2,8,21000
3692,172249,0,0,5,0,0,0,0,0,0,0,0,0,0,0,208,0,0,0,0,0,0,0,0,0,0,1,0,1,3,2,8,22000
3693,172250,0,0,5,0,0,0,0,0,0,0,0,0,0,0,210,0,0,0,0,0,0,0,0,0,0,1,0,1,3,2,8,22000
3694,172251,0,0,5,0,0,0,0,0,0,0,0,0,0,0,212,0,0,0,0,0,0,0,0,0,0,1,0,1,3,2,8,22000
3695,172252,0,0,5,0,0,0,0,0,0,0,0,0,0,0,215,0,0,0,0,0,0,0,0,0,0,1,0,1,3,2,8,23000
3696,172253,0,0,5,0,0,0,0,0,0,0,0,0,0,0,217,0,0,0,0,0,0,0,0,0,0,1,0,1,3,2,8,23000
3697,172254,0,0,5,0,0,0,0,0,0,0,0,0,0,0,212,0,0,0,0,0,0,0,0,0,0,1,0,1,3,2,8,0
3698,172255,0,0,5,0,0,0,0,0,0,0,0,0,0,0,215,0,0,0,0,0,0,0,0,0,0,1,0,1,3,2,8,0
3699,172256,0,0,5,0,0,0,0,0,0,0,0,0,0,0,217,0,0,0,0,0,0,0,0,0,0,1,0,1,3,2,8,0
3700,172257,0,0,5,0,0,0,0,0,0,0,0,0,0,0,219,0,0,0,0,0,0,0,0,0,0,1,0,1,3,2,8,21000
3701,172258,0,0,5,0,0,0,0,0,0,0,0,0,0,0,221,0,0,0,0,0,0,0,0,0,0,1,0,1,3,2,8,21000
3702,172259,0,0,5,0,0,0,0,0,0,0,0,0,0,0,223,0,0,0,0,0,0,0,0,0,0,1,0,1,3,2,8,21000
3703,172260,0,0,5,0,0,0,0,0,0,0,0,0,0,0,225,0,0,0,0,0,0,0,0,0,0,1,0,1,3,2,8,22000
3704,172261,0,0,5,0,0,0,0,0,0,0,0,0,0,0,228,0,0,0,0,0,0,0,0,0,0,1,0,1,3,2,8,22000
3705,172262,0,0,5,0,0,0,0,0,0,0,0,0,0,0,230,0,0,0,0,0,0,0,0,0,0,1,0,1,3,2,8,22000
3706,172263,0,0,5,0,0,0,0,0,0,0,0,0,0,0,232,0,0,0,0,0,0,0,0,0,0,1,0,1,3,2,8,23000
3707,172264,0,0,5,0,0,0,0,0,0,0,0,0,0,0,234,0,0,0,0,0,0,0,0,0,0,1,0,1,3,2,8,23000
3708,172265,0,0,5,0,0,0,0,0,0,0,0,0,0,0,230,0,0,0,0,0,0,0,0,0,0,1,0,1,3,2,8,0
3709,172266,0,0,5,0,0,0,0,0,0,0,0,0,0,0,232,0,0,0,0,0,0,0,0,0,0,1,0,1,3,2,8,0
3710,172267,0,0,5,0,0,0,0,0,0,0,0,0,0,0,234,0,0,0,0,0,0,0,0,0,0,1,0,1,3,2,8,0
3711,172268,0,0,5,0,0,0,0,0,0,0,0,0,0,0,236,0,0,0,0,0,0,0,0,0,0,1,0,1,3,2,8,21000
3712,172269,0,0,5,0,0,0,0,0,0,0,0,0,0,0,238,0,0,0,0,0,0,0,0,0,0,1,0,1,3,2,8,21000
3713,172270,0,0,5,0,0,0,0,0,0,0,0,0,0,0,241,0,0,0,0,0,0,0,0,0,0,1,0,1,3,2,8,21000
3714,172271,0,0,5,0,0,0,0,0,0,0,0,0,0,0,243,0,0,0,0,0,0,0,0,0,0,1,0,1,3,2,8,22000
3715,172272,0,0,5,0,0,0,0,0,0,0,0,0,0,0,245,0,0,0,0,0,0,0,0,0,0,1,0,1,3,2,8,22000
3716,172273,0,0,5,0,0,0,0,0,0,0,0,0,0,0,247,0,0,0,0,0,0,0,0,0,0,1,0,1,3,2,8,22000
3717,172274,0,0,5,0,0,0,0,0,0,0,0,0,0,0,249,0,0,0,0,0,0,0,0,0,0,1,0,1,3,2,8,23000
3718,172275,0,0,5,0,0,0,0,0,0,0,0,0,0,0,251,0,0,0,0,0,0,0,0,0,0,1,0,1,3,2,8,23000
3719,172276,0,0,5,0,0,0,0,0,0,0,0,0,0,0,247,0,0,0,0,0,0,0,0,0,0,1,0,1,3,2,8,0
3720,172277,0,0,5,0,0,0,0,0,0,0,0,0,0,0,249,0,0,0,0,0,0,0,0,0,0,1,0,1,3,2,8,0
3721,172278,0,0,5,0,0,0,0,0,0,0,0,0,0,0,251,0,0,0,0,0,0,0,0,0,0,1,0,1,3,2,8,0
3722,172279,0,0,5,0,0,0,0,0,0,0,0,0,0,0,254,0,0,0,0,0,0,0,0,0,0,1,0,1,3,2,8,21000
3723,172280,0,0,5,0,0,0,0,0,0,0,0,0,0,0,256,0,0,0,0,0,0,0,0,0,0,1,0,1,3,2,8,21000
3724,172281,0,0,5,0,0,0,0,0,0,0,0,0,0,0,258,0,0,0,0,0,0,0,0,0,0,1,0,1,3,2,8,21000
3725,172282,0,0,5,0,0,0,0,0,0,0,0,0,0,0,260,0,0,0,0,0,0,0,0,0,0,1,0,1,3,2,8,22000
3726,172283,0,0,5,0,0,0,0,0,0,0,0,0,0,0,262,0,0,0,0,0,0,0,0,0,0,1,0,1,3,2,8,22000
3727,172284,0,0,5,0,0,0,0,0,0,0,0,0,0,0,264,0,0,0,0,0,0,0,0,0,0,1,0,1,3,2,8,22000
3728,172285,0,0,5,0,0,0,0,0,0,0,0,0,0,0,267,0,0,0,0,0,0,0,0,0,0,1,0,1,3,2,8,23000
3729,172286,0,0,5,0,0,0,0,0,0,0,0,0,0,0,269,0,0,0,0,0,0,0,0,0,0,1,0,1,3,2,8,23000
3730,172287,0,0,5,0,0,0,0,0,0,0,0,0,0,0,264,0,0,0,0,0,0,0,0,0,0,1,0,1,3,2,8,0
3731,172288,0,0,5,0,0,0,0,0,0,0,0,0,0,0,267,0,0,0,0,0,0,0,0,0,0,1,0,1,3,2,8,0
3732,172289,0,0,5,0,0,0,0,0,0,0,0,0,0,0,269,0,0,0,0,0,0,0,0,0,0,1,0,1,3,2,8,0
3733,172290,0,0,5,0,0,0,0,0,0,0,0,0,0,0,271,0,0,0,0,0,0,0,0,0,0,1,0,1,3,2,8,21000
3734,172291,0,0,5,0,0,0,0,0,0,0,0,0,0,0,273,0,0,0,0,0,0,0,0,0,0,1,0,1,3,2,8,21000
3735,172292,0,0,5,0,0,0,0,0,0,0,0,0,0,0,275,0,0,0,0,0,0,0,0,0,0,1,0,1,3,2,8,21000
3736,172293,0,0,5,0,0,0,0,0,0,0,0,0,0,0,277,0,0,0,0,0,0,0,0,0,0,1,0,1,3,2,8,22000
3737,172294,0,0,5,0,0,0,0,0,0,0,0,0,0,0,280,0,0,0,0,0,0,0,0,0,0,1,0,1,3,2,8,22000
3738,172295,0,0,5,0,0,0,0,0,0,0,0,0,0,0,282,0,0,0,0,0,0,0,0,0,0,1,0,1,3,2,8,22000
3739,172296,0,0,5,0,0,0,0,0,0,0,0,0,0,0,284,0,0,0,0,0,0,0,0,0,0,1,0,1,3,2,8,23000
3740,172297,0,0,5,0,0,0,0,0,0,0,0,0,0,0,286,0,0,0,0,0,0,0,0,0,0,1,0,1,3,2,8,23000
3741,172298,0,0,5,0,0,0,0,0,0,0,0,0,0,0,282,0,0,0,0,0,0,0,0,0,0,1,0,1,3,2,8,0
3742,172299,0,0,5,0,0,0,0,0,0,0,0,0,0,0,284,0,0,0,0,0,0,0,0,0,0,1,0,1,3,2,8,0
3743,172300,0,0,5,0,0,0,0,0,0,0,0,0,0,0,286,0,0,0,0,0,0,0,0,0,0,1,0,1,3,2,8,0
3744,172301,0,0,5,0,0,0,0,0,0,0,0,0,0,0,288,0,0,0,0,0,0,0,0,0,0,1,0,1,3,2,8,21000
3745,172302,0,0,5,0,0,0,0,0,0,0,0,0,0,0,290,0,0,0,0,0,0,0,0,0,0,1,0,1,3,2,8,21000
3746,172303,0,0,5,0,0,0,0,0,0,0,0,0,0,0,293,0,0,0,0,0,0,0,0,0,0,1,0,1,3,2,8,21000
3747,172304,0,0,5,0,0,0,0,0,0,0,0,0,0,0,295,0,0,0,0,0,0,0,0,0,0,1,0,1,3,2,8,22000
3748,172305,0,0,5,0,0,0,0,0,0,0,0,0,0,0,297,0,0,0,0,0,0,0,0,0,0,1,0,1,3,2,8,22000
3749,172306,0,0,5,0,0,0,0,0,0,0,0,0,0,0,299,0,0,0,0,0,0,0,0,0,0,1,0,1,3,2,8,22000
3750,172307,0,0,5,0,0,0,0,0,0,0,0,0,0,0,301,0,0,0,0,0,0,0,0,0,0,1,0,1,3,2,8,23000
3751,172308,0,0,5,0,0,0,0,0,0,0,0,0,0,0,303,0,0,0,0,0,0,0,0,0,0,1,0,1,3,2,8,23000
3752,172309,0,0,5,0,0,0,0,0,0,0,0,0,0,0,299,0,0,0,0,0,0,0,0,0,0,1,0,1,3,2,8,0
3753,172310,0,0,5,0,0,0,0,0,0,0,0,0,0,0,301,0,0,0,0,0,0,0,0,0,0,1,0,1,3,2,8,0
3754,172311,0,0,5,0,0,0,0,0,0,0,0,0,0,0,303,0,0,0,0,0,0,0,0,0,0,1,0,1,3,2,8,0
3755,172312,0,0,5,0,0,0,0,0,0,0,0,0,0,0,306,0,0,0,0,0,0,0,0,0,0,1,0,1,3,2,8,21000
3756,172313,0,0,5,0,0,0,0,0,0,0,0,0,0,0,308,0,0,0,0,0,0,0,0,0,0,1,0,1,3,2,8,21000
3757,172314,0,0,5,0,0,0,0,0,0,0,0,0,0,0,310,0,0,0,0,0,0,0,0,0,0,1,0,1,3,2,8,21000
3758,172315,0,0,5,0,0,0,0,0,0,0,0,0,0,0,312,0,0,0,0,0,0,0,0,0,0,1,0,1,3,2,8,22000
3759,172316,0,0,5,0,0,0,0,0,0,0,0,0,0,0,314,0,0,0,0,0,0,0,0,0,0,1,0,1,3,2,8,22000
3760,172317,0,0,5,0,0,0,0,0,0,0,0,0,0,0,316,0,0,0,0,0,0,0,0,0,0,1,0,1,3,2,8,22000
3761,172318,0,0,5,0,0,0,0,0,0,0,0,0,0,0,319,0,0,0,0,0,0,0,0,0,0,1,0,1,3,2,8,23000
3762,172319,0,0,5,0,0,0,0,0,0,0,0,0,0,0,321,0,0,0,0,0,0,0,0,0,0,1,0,1,3,2,8,23000
3763,172320,0,0,5,0,0,0,0,0,0,0,0,0,0,0,316,0,0,0,0,0,0,0,0,0,0,1,0,1,3,2,8,0
3764,172321,0,0,5,0,0,0,0,0,0,0,0,0,0,0,319,0,0,0,0,0,0,0,0,0,0,1,0,1,3,2,8,0
3765,172322,0,0,5,0,0,0,0,0,0,0,0,0,0,0,321,0,0,0,0,0,0,0,0,0,0,1,0,1,3,2,8,0
3766,172323,0,0,5,0,0,0,0,0,0,0,0,0,0,0,323,0,0,0,0,0,0,0,0,0,0,1,0,1,3,2,8,21000
3767,172324,0,0,5,0,0,0,0,0,0,0,0,0,0,0,325,0,0,0,0,0,0,0,0,0,0,1,0,1,3,2,8,21000
3768,172325,0,0,5,0,0,0,0,0,0,0,0,0,0,0,327,0,0,0,0,0,0,0,0,0,0,1,0,1,3,2,8,21000
3769,172326,0,0,5,0,0,0,0,0,0,0,0,0,0,0,329,0,0,0,0,0,0,0,0,0,0,1,0,1,3,2,8,22000
3770,172327,0,0,5,0,0,0,0,0,0,0,0,0,0,0,332,0,0,0,0,0,0,0,0,0,0,1,0,1,3,2,8,22000
3771,172328,0,0,5,0,0,0,0,0,0,0,0,0,0,0,334,0,0,0,0,0,0,0,0,0,0,1,0,1,3,2,8,22000
3772,172329,0,0,5,0,0,0,0,0,0,0,0,0,0,0,336,0,0,0,0,0,0,0,0,0,0,1,0,1,3,2,8,23000
3773,172330,0,0,5,0,0,0,0,0,0,0,0,0,0,0,338,0,0,0,0,0,0,0,0,0,0,1,0,1,3,2,8,23000
3774,172331,0,0,5,0,0,0,0,0,0,0,0,0,0,0,334,0,0,0,0,0,0,0,0,0,0,1,0,1,3,2,8,0
3775,172332,0,0,5,0,0,0,0,0,0,0,0,0,0,0,336,0,0,0,0,0,0,0,0,0,0,1,0,1,3,2,8,0
3776,172333,0,0,5,0,0,0,0,0,0,0,0,0,0,0,338,0,0,0,0,0,0,0,0,0,0,1,0,1,3,2,8,0
3777,172334,0,0,5,0,0,0,0,0,0,0,0,0,0,0,340,0,0,0,0,0,0,0,0,0,0,1,0,1,3,2,8,21000
3778,172335,0,0,5,0,0,0,0,0,0,0,0,0,0,0,342,0,0,0,0,0,0,0,0,0,0,1,0,1,3,2,8,21000
3779,172336,0,0,5,0,0,0,0,0,0,0,0,0,0,0,345,0,0,0,0,0,0,0,0,0,0,1,0,1,3,2,8,21000
3780,172337,0,0,5,0,0,0,0,0,0,0,0,0,0,0,347,0,0,0,0,0,0,0,0,0,0,1,0,1,3,2,8,22000
3781,172338,0,0,5,0,0,0,0,0,0,0,0,0,0,0,349,0,0,0,0,0,0,0,0,0,0,1,0,1,3,2,8,22000
3782,172339,0,0,5,0,0,0,0,0,0,0,0,0,0,0,351,0,0,0,0,0,0,0,0,0,0,1,0,1,3,2,8,22000
3783,172340,0,0,5,0,0,0,0,0,0,0,0,0,0,0,353,0,0,0,0,0,0,0,0,0,0,1,0,1,3,2,8,23000
3784,172341,0,0,5,0,0,0,0,0,0,0,0,0,0,0,355,0,0,0,0,0,0,0,0,0,0,1,0,1,3,2,8,23000
3785,172342,0,0,5,0,0,0,0,0,0,0,0,0,0,0,351,0,0,0,0,0,0,0,0,0,0,1,0,1,3,2,8,0
3786,172343,0,0,5,0,0,0,0,0,0,0,0,0,0,0,353,0,0,0,0,0,0,0,0,0,0,1,0,1,3,2,8,0
3787,172344,0,0,5,0,0,0,0,0,0,0,0,0,0,0,355,0,0,0,0,0,0,0,0,0,0,1,0,1,3,2,8,0
3788,172345,0,0,5,0,0,0,0,0,0,0,0,0,0,0,358,0,0,0,0,0,0,0,0,0,0,1,0,1,3,2,8,21000
3789,172346,0,0,5,0,0,0,0,0,0,0,0,0,0,0,360,0,0,0,0,0,0,0,0,0,0,1,0,1,3,2,8,21000
3790,172347,0,0,5,0,0,0,0,0,0,0,0,0,0,0,363,0,0,0,0,0,0,0,0,0,0,1,0,1,3,2,8,21000
3791,172348,0,0,5,0,0,0,0,0,0,0,0,0,0,0,366,0,0,0,0,0,0,0,0,0,0,1,0,1,3,2,8,22000
3792,172349,0,0,5,0,0,0,0,0,0,0,0,0,0,0,368,0,0,0,0,0,0,0,0,0,0,1,0,1,3,2,8,22000
3793,172350,0,0,5,0,0,0,0,0,0,0,0,0,0,0,371,0,0,0,0,0,0,0,0,0,0,1,0,1,3,2,8,22000
3794,172351,0,0,5,0,0,0,0,0,0,0,0,0,0,0,374,0,0,0,0,0,0,0,0,0,0,1,0,1,3,2,8,23000
3795,172352,0,0,5,0,0,0,0,0,0,0,0,0,0,0,376,0,0,0,0,0,0,0,0,0,0,1,0,1,3,2,8,23000
3796,172353,0,0,5,0,0,0,0,0,0,0,0,0,0,0,371,0,0,0,0,0,0,0,0,0,0,1,0,1,3,2,8,0
3797,172354,0,0,5,0,0,0,0,0,0,0,0,0,0,0,374,0,0,0,0,0,0,0,0,0,0,1,0,1,3,2,8,0
3798,172355,0,0,5,0,0,0,0,0,0,0,0,0,0,0,376,0,0,0,0,0,0,0,0,0,0,1,0,1,3,2,8,0
3799,172356,0,0,5,0,0,0,0,0,0,0,0,0,0,0,379,0,0,0,0,0,0,0,0,0,0,1,0,1,3,2,8,21000
3800,172357,0,0,5,0,0,0,0,0,0,0,0,0,0,0,382,0,0,0,0,0,0,0,0,0,0,1,0,1,3,2,8,21000
3801,172358,0,0,5,0,0,0,0,0,0,0,0,0,0,0,385,0,0,0,0,0,0,0,0,0,0,1,0,1,3,2,8,21000
3802,172359,0,0,5,0,0,0,0,0,0,0,0,0,0,0,387,0,0,0,0,0,0,0,0,0,0,1,0,1,3,2,8,22000
3803,172360,0,0,5,0,0,0,0,0,0,0,0,0,0,0,390,0,0,0,0,0,0,0,0,0,0,1,0,1,3,2,8,22000
3804,172361,0,0,5,0,0,0,0,0,0,0,0,0,0,0,393,0,0,0,0,0,0,0,0,0,0,1,0,1,3,2,8,22000
3805,172362,0,0,5,0,0,0,0,0,0,0,0,0,0,0,395,0,0,0,0,0,0,0,0,0,0,1,0,1,3,2,8,23000
3806,172363,0,0,5,0,0,0,0,0,0,0,0,0,0,0,398,0,0,0,0,0,0,0,0,0,0,1,0,1,3,2,8,23000
3807,172364,0,0,5,0,0,0,0,0,0,0,0,0,0,0,393,0,0,0,0,0,0,0,0,0,0,1,0,1,3,2,8,0
3808,172365,0,0,5,0,0,0,0,0,0,0,0,0,0,0,395,0,0,0,0,0,0,0,0,0,0,1,0,1,3,2,8,0
3809,172366,0,0,5,0,0,0,0,0,0,0,0,0,0,0,398,0,0,0,0,0,0,0,0,0,0,1,0,1,3,2,8,0
3810,172367,0,0,5,0,0,0,0,0,0,0,0,0,0,0,401,0,0,0,0,0,0,0,0,0,0,1,0,1,3,2,8,21000
3811,172368,0,0,5,0,0,0,0,0,0,0,0,0,0,0,404,0,0,0,0,0,0,0,0,0,0,1,0,1,3,2,8,21000
3812,172369,0,0,5,0,0,0,0,0,0,0,0,0,0,0,406,0,0,0,0,0,0,0,0,0,0,1,0,1,3,2,8,21000
3813,172370,0,0,5,0,0,0,0,0,0,0,0,0,0,0,409,0,0,0,0,0,0,0,0,0,0,1,0,1,3,2,8,22000
3814,172371,0,0,6,0,0,0,0,0,0,0,0,0,0,0,412,0,0,0,0,0,0,0,0,0,0,1,0,1,3,2,8,22000
3815,172372,0,0,6,0,0,0,0,0,0,0,0,0,0,0,414,0,0,0,0,0,0,0,0,0,0,1,0,1,3,2,8,22000
3816,172373,0,0,6,0,0,0,0,0,0,0,0,0,0,0,417,0,0,0,0,0,0,0,0,0,0,1,0,1,3,2,8,23000
3817,172374,0,0,6,0,0,0,0,0,0,0,0,0,0,0,420,0,0,0,0,0,0,0,0,0,0,1,0,1,3,2,8,23000
3818,172375,0,0,6,0,0,0,0,0,0,0,0,0,0,0,414,0,0,0,0,0,0,0,0,0,0,1,0,1,3,2,8,0
3819,172376,0,0,6,0,0,0,0,0,0,0,0,0,0,0,417,0,0,0,0,0,0,0,0,0,0,1,0,1,3,2,8,0
3820,172377,0,0,6,0,0,0,0,0,0,0,0,0,0,0,420,0,0,0,0,0,0,0,0,0,0,1,0,1,3,2,8,0
3821,172378,0,0,6,0,0,0,0,0,0,0,0,0,0,0,423,0,0,0,0,0,0,0,0,0,0,1,0,1,3,2,8,21000
3822,172379,0,0,6,0,0,0,0,0,0,0,0,0,0,0,425,0,0,0,0,0,0,0,0,0,0,1,0,1,3,2,8,21000
3823,172380,0,0,6,0,0,0,0,0,0,0,0,0,0,0,428,0,0,0,0,0,0,0,0,0,0,1,0,1,3,2,8,21000
3824,172381,0,0,6,0,0,0,0,0,0,0,0,0,0,0,431,0,0,0,0,0,0,0,0,0,0,1,0,1,3,2,8,22000
3825,172382,0,0,6,0,0,0,0,0,0,0,0,0,0,0,433,0,0,0,0,0,0,0,0,0,0,1,0,1,3,2,8,22000
3826,172383,0,0,6,0,0,0,0,0,0,0,0,0,0,0,436,0,0,0,0,0,0,0,0,0,0,1,0,1,3,2,8,22000
3827,172384,0,0,6,0,0,0,0,0,0,0,0,0,0,0,439,0,0,0,0,0,0,0,0,0,0,1,0,1,3,2,8,23000
3828,172385,0,0,6,0,0,0,0,0,0,0,0,0,0,0,441,0,0,0,0,0,0,0,0,0,0,1,0,1,3,2,8,23000
3829,172386,0,0,6,0,0,0,0,0,0,0,0,0,0,0,436,0,0,0,0,0,0,0,0,0,0,1,0,1,3,2,8,0
3830,172387,0,0,6,0,0,0,0,0,0,0,0,0,0,0,439,0,0,0,0,0,0,0,0,0,0,1,0,1,3,2,8,0
3831,172388,0,0,6,0,0,0,0,0,0,0,0,0,0,0,441,0,0,0,0,0,0,0,0,0,0,1,0,1,3,2,8,0
3832,172389,0,0,6,0,0,0,0,0,0,0,0,0,0,0,444,0,0,0,0,0,0,0,0,0,0,1,0,1,3,2,8,21000
3833,172390,0,0,6,0,0,0,0,0,0,0,0,0,0,0,447,0,0,0,0,0,0,0,0,0,0,1,0,1,3,2,8,21000
3834,172391,0,0,6,0,0,0,0,0,0,0,0,0,0,0,450,0,0,0,0,0,0,0,0,0,0,1,0,1,3,2,8,21000
3835,172392,0,0,6,0,0,0,0,0,0,0,0,0,0,0,452,0,0,0,0,0,0,0,0,0,0,1,0,1,3,2,8,22000
3836,172393,0,0,6,0,0,0,0,0,0,0,0,0,0,0,455,0,0,0,0,0,0,0,0,0,0,1,0,1,3,2,8,22000
3837,172394,0,0,6,0,0,0,0,0,0,0,0,0,0,0,458,0,0,0,0,0,0,0,0,0,0,1,0,1,3,2,8,22000
3838,172395,0,0,6,0,0,0,0,0,0,0,0,0,0,0,460,0,0,0,0,0,0,0,0,0,0,1,0,1,3,2,8,23000
3839,172396,0,0,6,0,0,0,0,0,0,0,0,0,0,0,463,0,0,0,0,0,0,0,0,0,0,1,0,1,3,2,8,23000
3840,172397,0,0,6,0,0,0,0,0,0,0,0,0,0,0,458,0,0,0,0,0,0,0,0,0,0,1,0,1,3,2,8,0
3841,172398,0,0,6,0,0,0,0,0,0,0,0,0,0,0,460,0,0,0,0,0,0,0,0,0,0,1,0,1,3,2,8,0
3842,172399,0,0,6,0,0,0,0,0,0,0,0,0,0,0,463,0,0,0,0,0,0,0,0,0,0,1,0,1,3,2,8,0
3843,172400,0,0,6,0,0,0,0,0,0,0,0,0,0,0,466,0,0,0,0,0,0,0,0,0,0,1,0,1,3,2,8,21000
3844,172401,0,0,6,0,0,0,0,0,0,0,0,0,0,0,469,0,0,0,0,0,0,0,0,0,0,1,0,1,3,2,8,21000
3845,172402,0,0,6,0,0,0,0,0,0,0,0,0,0,0,471,0,0,0,0,0,0,0,0,0,0,1,0,1,3,2,8,21000
3846,172403,0,0,6,0,0,0,0,0,0,0,0,0,0,0,474,0,0,0,0,0,0,0,0,0,0,1,0,1,3,2,8,22000
3847,172404,0,0,6,0,0,0,0,0,0,0,0,0,0,0,477,0,0,0,0,0,0,0,0,0,0,1,0,1,3,2,8,22000
3848,172405,0,0,6,0,0,0,0,0,0,0,0,0,0,0,479,0,0,0,0,0,0,0,0,0,0,1,0,1,3,2,8,22000
3849,172406,0,0,6,0,0,0,0,0,0,0,0,0,0,0,482,0,0,0,0,0,0,0,0,0,0,1,0,1,3,2,8,23000
3850,172407,0,0,6,0,0,0,0,0,0,0,0,0,0,0,485,0,0,0,0,0,0,0,0,0,0,1,0,1,3,2,8,23000
3851,172408,0,0,6,0,0,0,0,0,0,0,0,0,0,0,479,0,0,0,0,0,0,0,0,0,0,1,0,1,3,2,8,0
3852,172409,0,0,6,0,0,0,0,0,0,0,0,0,0,0,482,0,0,0,0,0,0,0,0,0,0,1,0,1,3,2,8,0
3853,172410,0,0,6,0,0,0,0,0,0,0,0,0,0,0,485,0,0,0,0,0,0,0,0,0,0,1,0,1,3,2,8,0
3854,172411,0,0,6,0,0,0,0,0,0,0,0,0,0,0,487,0,0,0,0,0,0,0,0,0,0,1,0,1,3,2,8,21000
3855,172412,0,0,6,0,0,0,0,0,0,0,0,0,0,0,490,0,0,0,0,0,0,0,0,0,0,1,0,1,3,2,8,21000
3856,172413,0,0,6,0,0,0,0,0,0,0,0,0,0,0,493,0,0,0,0,0,0,0,0,0,0,1,0,1,3,2,8,21000
3857,172414,0,0,6,0,0,0,0,0,0,0,0,0,0,0,496,0,0,0,0,0,0,0,0,0,0,1,0,1,3,2,8,22000
3858,172415,0,0,6,0,0,0,0,0,0,0,0,0,0,0,498,0,0,0,0,0,0,0,0,0,0,1,0,1,3,2,8,22000
3859,172416,0,0,6,0,0,0,0,0,0,0,0,0,0,0,501,0,0,0,0,0,0,0,0,0,0,1,0,1,3,2,8,22000
3860,172417,0,0,6,0,0,0,0,0,0,0,0,0,0,0,504,0,0,0,0,0,0,0,0,0,0,1,0,1,3,2,8,23000
3861,172418,0,0,6,0,0,0,0,0,0,0,0,0,0,0,506,0,0,0,0,0,0,0,0,0,0,1,0,1,3,2,8,23000
3862,172419,0,0,6,0,0,0,0,0,0,0,0,0,0,0,501,0,0,0,0,0,0,0,0,0,0,1,0,1,3,2,8,0
3863,172420,0,0,6,0,0,0,0,0,0,0,0,0,0,0,504,0,0,0,0,0,0,0,0,0,0,1,0,1,3,2,8,0
3864,172421,0,0,6,0,0,0,0,0,0,0,0,0,0,0,506,0,0,0,0,0,0,0,0,0,0,1,0,1,3,2,8,0
3865,172422,0,0,6,0,0,0,0,0,0,0,0,0,0,0,509,0,0,0,0,0,0,0,0,0,0,1,0,1,3,2,8,21000
3866,172423,0,0,6,0,0,0,0,0,0,0,0,0,0,0,512,0,0,0,0,0,0,0,0,0,0,1,0,1,3,2,8,21000
3867,172424,0,0,6,0,0,0,0,0,0,0,0,0,0,0,515,0,0,0,0,0,0,0,0,0,0,1,0,1,3,2,8,21000
3868,172425,0,0,6,0,0,0,0,0,0,0,0,0,0,0,517,0,0,0,0,0,0,0,0,0,0,1,0,1,3,2,8,22000
3869,172426,0,0,6,0,0,0,0,0,0,0,0,0,0,0,520,0,0,0,0,0,0,0,0,0,0,1,0,1,3,2,8,22000
3870,173100,0,0,1,0,0,0,0,0,0,0,0,0,0,0,1,0,0,0,0,0,0,0,0,0,0,1,0,1,3,3,1,0
3871,173101,0,0,1,0,0,0,0,0,0,0,0,0,0,0,3,0,0,0,0,0,0,0,0,0,0,1,0,1,3,3,1,0
3872,173102,0,0,1,0,0,0,0,0,0,0,0,0,0,0,4,0,0,0,0,0,0,0,0,0,0,1,0,1,3,3,1,0
3873,173103,0,0,1,0,0,0,0,0,0,0,0,0,0,0,5,0,0,0,0,0,0,0,0,0,0,1,0,1,3,3,1,31000
3874,173104,0,0,1,0,0,0,0,0,0,0,0,0,0,0,7,0,0,0,0,0,0,0,0,0,0,1,0,1,3,3,1,31000
3875,173105,0,0,1,0,0,0,0,0,0,0,0,0,0,0,8,0,0,0,0,0,0,0,0,0,0,1,0,1,3,3,1,31000
3876,173106,0,0,1,0,0,0,0,0,0,0,0,0,0,0,9,0,0,0,0,0,0,0,0,0,0,1,0,1,3,3,1,32000
3877,173107,0,0,1,0,0,0,0,0,0,0,0,0,0,0,10,0,0,0,0,0,0,0,0,0,0,1,0,1,3,3,1,32000
3878,173108,0,0,1,0,0,0,0,0,0,0,0,0,0,0,12,0,0,0,0,0,0,0,0,0,0,1,0,1,3,3,1,32000
3879,173109,0,0,1,0,0,0,0,0,0,0,0,0,0,0,13,0,0,0,0,0,0,0,0,0,0,1,0,1,3,3,1,33000
3880,173110,0,0,1,0,0,0,0,0,0,0,0,0,0,0,14,0,0,0,0,0,0,0,0,0,0,1,0,1,3,3,1,33000
3881,173111,0,0,1,0,0,0,0,0,0,0,0,0,0,0,12,0,0,0,0,0,0,0,0,0,0,1,0,1,3,3,1,0
3882,173112,0,0,1,0,0,0,0,0,0,0,0,0,0,0,13,0,0,0,0,0,0,0,0,0,0,1,0,1,3,3,1,0
3883,173113,0,0,1,0,0,0,0,0,0,0,0,0,0,0,14,0,0,0,0,0,0,0,0,0,0,1,0,1,3,3,1,0
3884,173114,0,0,1,0,0,0,0,0,0,0,0,0,0,0,16,0,0,0,0,0,0,0,0,0,0,1,0,1,3,3,1,31000
3885,173115,0,0,1,0,0,0,0,0,0,0,0,0,0,0,17,0,0,0,0,0,0,0,0,0,0,1,0,1,3,3,1,31000
3886,173116,0,0,1,0,0,0,0,0,0,0,0,0,0,0,18,0,0,0,0,0,0,0,0,0,0,1,0,1,3,3,1,31000
3887,173117,0,0,1,0,0,0,0,0,0,0,0,0,0,0,20,0,0,0,0,0,0,0,0,0,0,1,0,1,3,3,1,32000
3888,173118,0,0,1,0,0,0,0,0,0,0,0,0,0,0,21,0,0,0,0,0,0,0,0,0,0,1,0,1,3,3,1,32000
3889,173119,0,0,1,0,0,0,0,0,0,0,0,0,0,0,22,0,0,0,0,0,0,0,0,0,0,1,0,1,3,3,1,32000
3890,173120,0,0,1,0,0,0,0,0,0,0,0,0,0,0,23,0,0,0,0,0,0,0,0,0,0,1,0,1,3,3,1,33000
3891,173121,0,0,1,0,0,0,0,0,0,0,0,0,0,0,25,0,0,0,0,0,0,0,0,0,0,1,0,1,3,3,1,33000
3892,173122,0,0,1,0,0,0,0,0,0,0,0,0,0,0,22,0,0,0,0,0,0,0,0,0,0,1,0,1,3,3,1,0
3893,173123,0,0,1,0,0,0,0,0,0,0,0,0,0,0,23,0,0,0,0,0,0,0,0,0,0,1,0,1,3,3,1,0
3894,173124,0,0,1,0,0,0,0,0,0,0,0,0,0,0,25,0,0,0,0,0,0,0,0,0,0,1,0,1,3,3,1,0
3895,173125,0,0,1,0,0,0,0,0,0,0,0,0,0,0,26,0,0,0,0,0,0,0,0,0,0,1,0,1,3,3,1,31000
3896,173126,0,0,1,0,0,0,0,0,0,0,0,0,0,0,27,0,0,0,0,0,0,0,0,0,0,1,0,1,3,3,1,31000
3897,173127,0,0,1,0,0,0,0,0,0,0,0,0,0,0,29,0,0,0,0,0,0,0,0,0,0,1,0,1,3,3,1,31000
3898,173128,0,0,1,0,0,0,0,0,0,0,0,0,0,0,30,0,0,0,0,0,0,0,0,0,0,1,0,1,3,3,1,32000
3899,173129,0,0,1,0,0,0,0,0,0,0,0,0,0,0,31,0,0,0,0,0,0,0,0,0,0,1,0,1,3,3,1,32000
3900,173130,0,0,1,0,0,0,0,0,0,0,0,0,0,0,33,0,0,0,0,0,0,0,0,0,0,1,0,1,3,3,1,32000
3901,173131,0,0,1,0,0,0,0,0,0,0,0,0,0,0,34,0,0,0,0,0,0,0,0,0,0,1,0,1,3,3,1,33000
3902,173132,0,0,1,0,0,0,0,0,0,0,0,0,0,0,35,0,0,0,0,0,0,0,0,0,0,1,0,1,3,3,1,33000
3903,173133,0,0,2,0,0,0,0,0,0,0,0,0,0,0,33,0,0,0,0,0,0,0,0,0,0,1,0,1,3,3,1,0
3904,173134,0,0,2,0,0,0,0,0,0,0,0,0,0,0,34,0,0,0,0,0,0,0,0,0,0,1,0,1,3,3,1,0
3905,173135,0,0,2,0,0,0,0,0,0,0,0,0,0,0,35,0,0,0,0,0,0,0,0,0,0,1,0,1,3,3,1,0
3906,173136,0,0,2,0,0,0,0,0,0,0,0,0,0,0,36,0,0,0,0,0,0,0,0,0,0,1,0,1,3,3,1,31000
3907,173137,0,0,2,0,0,0,0,0,0,0,0,0,0,0,38,0,0,0,0,0,0,0,0,0,0,1,0,1,3,3,1,31000
3908,173138,0,0,2,0,0,0,0,0,0,0,0,0,0,0,39,0,0,0,0,0,0,0,0,0,0,1,0,1,3,3,1,31000
3909,173139,0,0,2,0,0,0,0,0,0,0,0,0,0,0,40,0,0,0,0,0,0,0,0,0,0,1,0,1,3,3,1,32000
3910,173140,0,0,2,0,0,0,0,0,0,0,0,0,0,0,42,0,0,0,0,0,0,0,0,0,0,1,0,1,3,3,1,32000
3911,173141,0,0,2,0,0,0,0,0,0,0,0,0,0,0,43,0,0,0,0,0,0,0,0,0,0,1,0,1,3,3,1,32000
3912,173142,0,0,2,0,0,0,0,0,0,0,0,0,0,0,44,0,0,0,0,0,0,0,0,0,0,1,0,1,3,3,1,33000
3913,173143,0,0,2,0,0,0,0,0,0,0,0,0,0,0,46,0,0,0,0,0,0,0,0,0,0,1,0,1,3,3,1,33000
3914,173144,0,0,2,0,0,0,0,0,0,0,0,0,0,0,43,0,0,0,0,0,0,0,0,0,0,1,0,1,3,3,1,0
3915,173145,0,0,2,0,0,0,0,0,0,0,0,0,0,0,44,0,0,0,0,0,0,0,0,0,0,1,0,1,3,3,1,0
3916,173146,0,0,2,0,0,0,0,0,0,0,0,0,0,0,46,0,0,0,0,0,0,0,0,0,0,1,0,1,3,3,1,0
3917,173147,0,0,2,0,0,0,0,0,0,0,0,0,0,0,47,0,0,0,0,0,0,0,0,0,0,1,0,1,3,3,1,31000
3918,173148,0,0,2,0,0,0,0,0,0,0,0,0,0,0,48,0,0,0,0,0,0,0,0,0,0,1,0,1,3,3,1,31000
3919,173149,0,0,2,0,0,0,0,0,0,0,0,0,0,0,49,0,0,0,0,0,0,0,0,0,0,1,0,1,3,3,1,31000
3920,173150,0,0,2,0,0,0,0,0,0,0,0,0,0,0,51,0,0,0,0,0,0,0,0,0,0,1,0,1,3,3,1,32000
3921,173151,0,0,2,0,0,0,0,0,0,0,0,0,0,0,52,0,0,0,0,0,0,0,0,0,0,1,0,1,3,3,1,32000
3922,173152,0,0,2,0,0,0,0,0,0,0,0,0,0,0,53,0,0,0,0,0,0,0,0,0,0,1,0,1,3,3,1,32000
3923,173153,0,0,2,0,0,0,0,0,0,0,0,0,0,0,55,0,0,0,0,0,0,0,0,0,0,1,0,1,3,3,1,33000
3924,173154,0,0,2,0,0,0,0,0,0,0,0,0,0,0,56,0,0,0,0,0,0,0,0,0,0,1,0,1,3,3,1,33000
3925,173155,0,0,2,0,0,0,0,0,0,0,0,0,0,0,53,0,0,0,0,0,0,0,0,0,0,1,0,1,3,3,1,0
3926,173156,0,0,2,0,0,0,0,0,0,0,0,0,0,0,55,0,0,0,0,0,0,0,0,0,0,1,0,1,3,3,1,0
3927,173157,0,0,2,0,0,0,0,0,0,0,0,0,0,0,56,0,0,0,0,0,0,0,0,0,0,1,0,1,3,3,1,0
3928,173158,0,0,2,0,0,0,0,0,0,0,0,0,0,0,57,0,0,0,0,0,0,0,0,0,0,1,0,1,3,3,1,31000
3929,173159,0,0,2,0,0,0,0,0,0,0,0,0,0,0,59,0,0,0,0,0,0,0,0,0,0,1,0,1,3,3,1,31000
3930,173160,0,0,2,0,0,0,0,0,0,0,0,0,0,0,60,0,0,0,0,0,0,0,0,0,0,1,0,1,3,3,1,31000
3931,173161,0,0,2,0,0,0,0,0,0,0,0,0,0,0,61,0,0,0,0,0,0,0,0,0,0,1,0,1,3,3,1,32000
3932,173162,0,0,2,0,0,0,0,0,0,0,0,0,0,0,62,0,0,0,0,0,0,0,0,0,0,1,0,1,3,3,1,32000
3933,173163,0,0,2,0,0,0,0,0,0,0,0,0,0,0,64,0,0,0,0,0,0,0,0,0,0,1,0,1,3,3,1,32000
3934,173164,0,0,2,0,0,0,0,0,0,0,0,0,0,0,65,0,0,0,0,0,0,0,0,0,0,1,0,1,3,3,1,33000
3935,173165,0,0,2,0,0,0,0,0,0,0,0,0,0,0,66,0,0,0,0,0,0,0,0,0,0,1,0,1,3,3,1,33000
3936,173166,0,0,3,0,0,0,0,0,0,0,0,0,0,0,64,0,0,0,0,0,0,0,0,0,0,1,0,1,3,3,1,0
3937,173167,0,0,3,0,0,0,0,0,0,0,0,0,0,0,65,0,0,0,0,0,0,0,0,0,0,1,0,1,3,3,1,0
3938,173168,0,0,3,0,0,0,0,0,0,0,0,0,0,0,66,0,0,0,0,0,0,0,0,0,0,1,0,1,3,3,1,0
3939,173169,0,0,3,0,0,0,0,0,0,0,0,0,0,0,68,0,0,0,0,0,0,0,0,0,0,1,0,1,3,3,1,31000
3940,173170,0,0,3,0,0,0,0,0,0,0,0,0,0,0,69,0,0,0,0,0,0,0,0,0,0,1,0,1,3,3,1,31000
3941,173171,0,0,3,0,0,0,0,0,0,0,0,0,0,0,70,0,0,0,0,0,0,0,0,0,0,1,0,1,3,3,1,31000
3942,173172,0,0,3,0,0,0,0,0,0,0,0,0,0,0,72,0,0,0,0,0,0,0,0,0,0,1,0,1,3,3,1,32000
3943,173173,0,0,3,0,0,0,0,0,0,0,0,0,0,0,73,0,0,0,0,0,0,0,0,0,0,1,0,1,3,3,1,32000
3944,173174,0,0,3,0,0,0,0,0,0,0,0,0,0,0,74,0,0,0,0,0,0,0,0,0,0,1,0,1,3,3,1,32000
3945,173175,0,0,3,0,0,0,0,0,0,0,0,0,0,0,75,0,0,0,0,0,0,0,0,0,0,1,0,1,3,3,1,33000
3946,173176,0,0,3,0,0,0,0,0,0,0,0,0,0,0,77,0,0,0,0,0,0,0,0,0,0,1,0,1,3,3,1,33000
3947,173177,0,0,3,0,0,0,0,0,0,0,0,0,0,0,74,0,0,0,0,0,0,0,0,0,0,1,0,1,3,3,1,0
3948,173178,0,0,3,0,0,0,0,0,0,0,0,0,0,0,75,0,0,0,0,0,0,0,0,0,0,1,0,1,3,3,1,0
3949,173179,0,0,3,0,0,0,0,0,0,0,0,0,0,0,77,0,0,0,0,0,0,0,0,0,0,1,0,1,3,3,1,0
3950,173180,0,0,3,0,0,0,0,0,0,0,0,0,0,0,78,0,0,0,0,0,0,0,0,0,0,1,0,1,3,3,1,31000
3951,173181,0,0,3,0,0,0,0,0,0,0,0,0,0,0,80,0,0,0,0,0,0,0,0,0,0,1,0,1,3,3,1,31000
3952,173182,0,0,3,0,0,0,0,0,0,0,0,0,0,0,81,0,0,0,0,0,0,0,0,0,0,1,0,1,3,3,1,31000
3953,173183,0,0,3,0,0,0,0,0,0,0,0,0,0,0,83,0,0,0,0,0,0,0,0,0,0,1,0,1,3,3,1,32000
3954,173184,0,0,3,0,0,0,0,0,0,0,0,0,0,0,85,0,0,0,0,0,0,0,0,0,0,1,0,1,3,3,1,32000
3955,173185,0,0,3,0,0,0,0,0,0,0,0,0,0,0,87,0,0,0,0,0,0,0,0,0,0,1,0,1,3,3,1,32000
3956,173186,0,0,3,0,0,0,0,0,0,0,0,0,0,0,88,0,0,0,0,0,0,0,0,0,0,1,0,1,3,3,1,33000
3957,173187,0,0,3,0,0,0,0,0,0,0,0,0,0,0,90,0,0,0,0,0,0,0,0,0,0,1,0,1,3,3,1,33000
3958,173188,0,0,3,0,0,0,0,0,0,0,0,0,0,0,87,0,0,0,0,0,0,0,0,0,0,1,0,1,3,3,1,0
3959,173189,0,0,3,0,0,0,0,0,0,0,0,0,0,0,88,0,0,0,0,0,0,0,0,0,0,1,0,1,3,3,1,0
3960,173190,0,0,3,0,0,0,0,0,0,0,0,0,0,0,90,0,0,0,0,0,0,0,0,0,0,1,0,1,3,3,1,0
3961,173191,0,0,3,0,0,0,0,0,0,0,0,0,0,0,92,0,0,0,0,0,0,0,0,0,0,1,0,1,3,3,1,31000
3962,173192,0,0,3,0,0,0,0,0,0,0,0,0,0,0,94,0,0,0,0,0,0,0,0,0,0,1,0,1,3,3,1,31000
3963,173193,0,0,3,0,0,0,0,0,0,0,0,0,0,0,95,0,0,0,0,0,0,0,0,0,0,1,0,1,3,3,1,31000
3964,173194,0,0,3,0,0,0,0,0,0,0,0,0,0,0,97,0,0,0,0,0,0,0,0,0,0,1,0,1,3,3,1,32000
3965,173195,0,0,3,0,0,0,0,0,0,0,0,0,0,0,99,0,0,0,0,0,0,0,0,0,0,1,0,1,3,3,1,32000
3966,173196,0,0,3,0,0,0,0,0,0,0,0,0,0,0,101,0,0,0,0,0,0,0,0,0,0,1,0,1,3,3,1,32000
3967,173197,0,0,3,0,0,0,0,0,0,0,0,0,0,0,102,0,0,0,0,0,0,0,0,0,0,1,0,1,3,3,1,33000
3968,173198,0,0,3,0,0,0,0,0,0,0,0,0,0,0,104,0,0,0,0,0,0,0,0,0,0,1,0,1,3,3,1,33000
3969,173199,0,0,4,0,0,0,0,0,0,0,0,0,0,0,101,0,0,0,0,0,0,0,0,0,0,1,0,1,3,3,1,0
3970,173200,0,0,4,0,0,0,0,0,0,0,0,0,0,0,102,0,0,0,0,0,0,0,0,0,0,1,0,1,3,3,1,0
3971,173201,0,0,4,0,0,0,0,0,0,0,0,0,0,0,104,0,0,0,0,0,0,0,0,0,0,1,0,1,3,3,1,0
3972,173202,0,0,4,0,0,0,0,0,0,0,0,0,0,0,106,0,0,0,0,0,0,0,0,0,0,1,0,1,3,3,1,31000
3973,173203,0,0,4,0,0,0,0,0,0,0,0,0,0,0,107,0,0,0,0,0,0,0,0,0,0,1,0,1,3,3,1,31000
3974,173204,0,0,4,0,0,0,0,0,0,0,0,0,0,0,109,0,0,0,0,0,0,0,0,0,0,1,0,1,3,3,1,31000
3975,173205,0,0,4,0,0,0,0,0,0,0,0,0,0,0,111,0,0,0,0,0,0,0,0,0,0,1,0,1,3,3,1,32000
3976,173206,0,0,4,0,0,0,0,0,0,0,0,0,0,0,113,0,0,0,0,0,0,0,0,0,0,1,0,1,3,3,1,32000
3977,173207,0,0,4,0,0,0,0,0,0,0,0,0,0,0,114,0,0,0,0,0,0,0,0,0,0,1,0,1,3,3,1,32000
3978,173208,0,0,4,0,0,0,0,0,0,0,0,0,0,0,116,0,0,0,0,0,0,0,0,0,0,1,0,1,3,3,1,33000
3979,173209,0,0,4,0,0,0,0,0,0,0,0,0,0,0,118,0,0,0,0,0,0,0,0,0,0,1,0,1,3,3,1,33000
3980,173210,0,0,4,0,0,0,0,0,0,0,0,0,0,0,114,0,0,0,0,0,0,0,0,0,0,1,0,1,3,3,1,0
3981,173211,0,0,4,0,0,0,0,0,0,0,0,0,0,0,116,0,0,0,0,0,0,0,0,0,0,1,0,1,3,3,1,0
3982,173212,0,0,4,0,0,0,0,0,0,0,0,0,0,0,118,0,0,0,0,0,0,0,0,0,0,1,0,1,3,3,1,0
3983,173213,0,0,4,0,0,0,0,0,0,0,0,0,0,0,120,0,0,0,0,0,0,0,0,0,0,1,0,1,3,3,1,31000
3984,173214,0,0,4,0,0,0,0,0,0,0,0,0,0,0,121,0,0,0,0,0,0,0,0,0,0,1,0,1,3,3,1,31000
3985,173215,0,0,4,0,0,0,0,0,0,0,0,0,0,0,123,0,0,0,0,0,0,0,0,0,0,1,0,1,3,3,1,31000
3986,173216,0,0,4,0,0,0,0,0,0,0,0,0,0,0,125,0,0,0,0,0,0,0,0,0,0,1,0,1,3,3,1,32000
3987,173217,0,0,4,0,0,0,0,0,0,0,0,0,0,0,127,0,0,0,0,0,0,0,0,0,0,1,0,1,3,3,1,32000
3988,173218,0,0,4,0,0,0,0,0,0,0,0,0,0,0,128,0,0,0,0,0,0,0,0,0,0,1,0,1,3,3,1,32000
3989,173219,0,0,4,0,0,0,0,0,0,0,0,0,0,0,130,0,0,0,0,0,0,0,0,0,0,1,0,1,3,3,1,33000
3990,173220,0,0,4,0,0,0,0,0,0,0,0,0,0,0,132,0,0,0,0,0,0,0,0,0,0,1,0,1,3,3,1,33000
3991,173221,0,0,4,0,0,0,0,0,0,0,0,0,0,0,128,0,0,0,0,0,0,0,0,0,0,1,0,1,3,3,1,0
3992,173222,0,0,4,0,0,0,0,0,0,0,0,0,0,0,130,0,0,0,0,0,0,0,0,0,0,1,0,1,3,3,1,0
3993,173223,0,0,4,0,0,0,0,0,0,0,0,0,0,0,132,0,0,0,0,0,0,0,0,0,0,1,0,1,3,3,1,0
3994,173224,0,0,4,0,0,0,0,0,0,0,0,0,0,0,133,0,0,0,0,0,0,0,0,0,0,1,0,1,3,3,1,31000
3995,173225,0,0,4,0,0,0,0,0,0,0,0,0,0,0,135,0,0,0,0,0,0,0,0,0,0,1,0,1,3,3,1,31000
3996,173226,0,0,4,0,0,0,0,0,0,0,0,0,0,0,137,0,0,0,0,0,0,0,0,0,0,1,0,1,3,3,1,31000
3997,173227,0,0,4,0,0,0,0,0,0,0,0,0,0,0,139,0,0,0,0,0,0,0,0,0,0,1,0,1,3,3,1,32000
3998,173228,0,0,4,0,0,0,0,0,0,0,0,0,0,0,140,0,0,0,0,0,0,0,0,0,0,1,0,1,3,3,1,32000
3999,173229,0,0,4,0,0,0,0,0,0,0,0,0,0,0,142,0,0,0,0,0,0,0,0,0,0,1,0,1,3,3,1,32000
4000,173230,0,0,4,0,0,0,0,0,0,0,0,0,0,0,144,0,0,0,0,0,0,0,0,0,0,1,0,1,3,3,1,33000
4001,173231,0,0,4,0,0,0,0,0,0,0,0,0,0,0,146,0,0,0,0,0,0,0,0,0,0,1,0,1,3,3,1,33000
4002,173232,0,0,5,0,0,0,0,0,0,0,0,0,0,0,142,0,0,0,0,0,0,0,0,0,0,1,0,1,3,3,1,0
4003,173233,0,0,5,0,0,0,0,0,0,0,0,0,0,0,144,0,0,0,0,0,0,0,0,0,0,1,0,1,3,3,1,0
4004,173234,0,0,5,0,0,0,0,0,0,0,0,0,0,0,146,0,0,0,0,0,0,0,0,0,0,1,0,1,3,3,1,0
4005,173235,0,0,5,0,0,0,0,0,0,0,0,0,0,0,147,0,0,0,0,0,0,0,0,0,0,1,0,1,3,3,1,31000
4006,173236,0,0,5,0,0,0,0,0,0,0,0,0,0,0,149,0,0,0,0,0,0,0,0,0,0,1,0,1,3,3,1,31000
4007,173237,0,0,5,0,0,0,0,0,0,0,0,0,0,0,151,0,0,0,0,0,0,0,0,0,0,1,0,1,3,3,1,31000
4008,173238,0,0,5,0,0,0,0,0,0,0,0,0,0,0,153,0,0,0,0,0,0,0,0,0,0,1,0,1,3,3,1,32000
4009,173239,0,0,5,0,0,0,0,0,0,0,0,0,0,0,154,0,0,0,0,0,0,0,0,0,0,1,0,1,3,3,1,32000
4010,173240,0,0,5,0,0,0,0,0,0,0,0,0,0,0,156,0,0,0,0,0,0,0,0,0,0,1,0,1,3,3,1,32000
4011,173241,0,0,5,0,0,0,0,0,0,0,0,0,0,0,158,0,0,0,0,0,0,0,0,0,0,1,0,1,3,3,1,33000
4012,173242,0,0,5,0,0,0,0,0,0,0,0,0,0,0,159,0,0,0,0,0,0,0,0,0,0,1,0,1,3,3,1,33000
4013,173243,0,0,5,0,0,0,0,0,0,0,0,0,0,0,156,0,0,0,0,0,0,0,0,0,0,1,0,1,3,3,1,0
4014,173244,0,0,5,0,0,0,0,0,0,0,0,0,0,0,158,0,0,0,0,0,0,0,0,0,0,1,0,1,3,3,1,0
4015,173245,0,0,5,0,0,0,0,0,0,0,0,0,0,0,159,0,0,0,0,0,0,0,0,0,0,1,0,1,3,3,1,0
4016,173246,0,0,5,0,0,0,0,0,0,0,0,0,0,0,161,0,0,0,0,0,0,0,0,0,0,1,0,1,3,3,1,31000
4017,173247,0,0,5,0,0,0,0,0,0,0,0,0,0,0,163,0,0,0,0,0,0,0,0,0,0,1,0,1,3,3,1,31000
4018,173248,0,0,5,0,0,0,0,0,0,0,0,0,0,0,165,0,0,0,0,0,0,0,0,0,0,1,0,1,3,3,1,31000
4019,173249,0,0,5,0,0,0,0,0,0,0,0,0,0,0,166,0,0,0,0,0,0,0,0,0,0,1,0,1,3,3,1,32000
4020,173250,0,0,5,0,0,0,0,0,0,0,0,0,0,0,168,0,0,0,0,0,0,0,0,0,0,1,0,1,3,3,1,32000
4021,173251,0,0,5,0,0,0,0,0,0,0,0,0,0,0,170,0,0,0,0,0,0,0,0,0,0,1,0,1,3,3,1,32000
4022,173252,0,0,5,0,0,0,0,0,0,0,0,0,0,0,172,0,0,0,0,0,0,0,0,0,0,1,0,1,3,3,1,33000
4023,173253,0,0,5,0,0,0,0,0,0,0,0,0,0,0,173,0,0,0,0,0,0,0,0,0,0,1,0,1,3,3,1,33000
4024,173254,0,0,5,0,0,0,0,0,0,0,0,0,0,0,170,0,0,0,0,0,0,0,0,0,0,1,0,1,3,3,1,0
4025,173255,0,0,5,0,0,0,0,0,0,0,0,0,0,0,172,0,0,0,0,0,0,0,0,0,0,1,0,1,3,3,1,0
4026,173256,0,0,5,0,0,0,0,0,0,0,0,0,0,0,173,0,0,0,0,0,0,0,0,0,0,1,0,1,3,3,1,0
4027,173257,0,0,5,0,0,0,0,0,0,0,0,0,0,0,175,0,0,0,0,0,0,0,0,0,0,1,0,1,3,3,1,31000
4028,173258,0,0,5,0,0,0,0,0,0,0,0,0,0,0,177,0,0,0,0,0,0,0,0,0,0,1,0,1,3,3,1,31000
4029,173259,0,0,5,0,0,0,0,0,0,0,0,0,0,0,179,0,0,0,0,0,0,0,0,0,0,1,0,1,3,3,1,31000
4030,173260,0,0,5,0,0,0,0,0,0,0,0,0,0,0,180,0,0,0,0,0,0,0,0,0,0,1,0,1,3,3,1,32000
4031,173261,0,0,5,0,0,0,0,0,0,0,0,0,0,0,182,0,0,0,0,0,0,0,0,0,0,1,0,1,3,3,1,32000
4032,173262,0,0,5,0,0,0,0,0,0,0,0,0,0,0,184,0,0,0,0,0,0,0,0,0,0,1,0,1,3,3,1,32000
4033,173263,0,0,5,0,0,0,0,0,0,0,0,0,0,0,185,0,0,0,0,0,0,0,0,0,0,1,0,1,3,3,1,33000
4034,173264,0,0,5,0,0,0,0,0,0,0,0,0,0,0,187,0,0,0,0,0,0,0,0,0,0,1,0,1,3,3,1,33000
4035,173265,0,0,5,0,0,0,0,0,0,0,0,0,0,0,184,0,0,0,0,0,0,0,0,0,0,1,0,1,3,3,1,0
4036,173266,0,0,5,0,0,0,0,0,0,0,0,0,0,0,185,0,0,0,0,0,0,0,0,0,0,1,0,1,3,3,1,0
4037,173267,0,0,5,0,0,0,0,0,0,0,0,0,0,0,187,0,0,0,0,0,0,0,0,0,0,1,0,1,3,3,1,0
4038,173268,0,0,5,0,0,0,0,0,0,0,0,0,0,0,189,0,0,0,0,0,0,0,0,0,0,1,0,1,3,3,1,31000
4039,173269,0,0,5,0,0,0,0,0,0,0,0,0,0,0,191,0,0,0,0,0,0,0,0,0,0,1,0,1,3,3,1,31000
4040,173270,0,0,5,0,0,0,0,0,0,0,0,0,0,0,192,0,0,0,0,0,0,0,0,0,0,1,0,1,3,3,1,31000
4041,173271,0,0,5,0,0,0,0,0,0,0,0,0,0,0,194,0,0,0,0,0,0,0,0,0,0,1,0,1,3,3,1,32000
4042,173272,0,0,5,0,0,0,0,0,0,0,0,0,0,0,196,0,0,0,0,0,0,0,0,0,0,1,0,1,3,3,1,32000
4043,173273,0,0,5,0,0,0,0,0,0,0,0,0,0,0,198,0,0,0,0,0,0,0,0,0,0,1,0,1,3,3,1,32000
4044,173274,0,0,5,0,0,0,0,0,0,0,0,0,0,0,199,0,0,0,0,0,0,0,0,0,0,1,0,1,3,3,1,33000
4045,173275,0,0,5,0,0,0,0,0,0,0,0,0,0,0,201,0,0,0,0,0,0,0,0,0,0,1,0,1,3,3,1,33000
4046,173276,0,0,5,0,0,0,0,0,0,0,0,0,0,0,198,0,0,0,0,0,0,0,0,0,0,1,0,1,3,3,1,0
4047,173277,0,0,5,0,0,0,0,0,0,0,0,0,0,0,199,0,0,0,0,0,0,0,0,0,0,1,0,1,3,3,1,0
4048,173278,0,0,5,0,0,0,0,0,0,0,0,0,0,0,201,0,0,0,0,0,0,0,0,0,0,1,0,1,3,3,1,0
4049,173279,0,0,5,0,0,0,0,0,0,0,0,0,0,0,203,0,0,0,0,0,0,0,0,0,0,1,0,1,3,3,1,31000
4050,173280,0,0,5,0,0,0,0,0,0,0,0,0,0,0,205,0,0,0,0,0,0,0,0,0,0,1,0,1,3,3,1,31000
4051,173281,0,0,5,0,0,0,0,0,0,0,0,0,0,0,206,0,0,0,0,0,0,0,0,0,0,1,0,1,3,3,1,31000
4052,173282,0,0,5,0,0,0,0,0,0,0,0,0,0,0,208,0,0,0,0,0,0,0,0,0,0,1,0,1,3,3,1,32000
4053,173283,0,0,5,0,0,0,0,0,0,0,0,0,0,0,210,0,0,0,0,0,0,0,0,0,0,1,0,1,3,3,1,32000
4054,173284,0,0,5,0,0,0,0,0,0,0,0,0,0,0,211,0,0,0,0,0,0,0,0,0,0,1,0,1,3,3,1,32000
4055,173285,0,0,5,0,0,0,0,0,0,0,0,0,0,0,213,0,0,0,0,0,0,0,0,0,0,1,0,1,3,3,1,33000
4056,173286,0,0,5,0,0,0,0,0,0,0,0,0,0,0,215,0,0,0,0,0,0,0,0,0,0,1,0,1,3,3,1,33000
4057,173287,0,0,5,0,0,0,0,0,0,0,0,0,0,0,211,0,0,0,0,0,0,0,0,0,0,1,0,1,3,3,1,0
4058,173288,0,0,5,0,0,0,0,0,0,0,0,0,0,0,213,0,0,0,0,0,0,0,0,0,0,1,0,1,3,3,1,0
4059,173289,0,0,5,0,0,0,0,0,0,0,0,0,0,0,215,0,0,0,0,0,0,0,0,0,0,1,0,1,3,3,1,0
4060,173290,0,0,5,0,0,0,0,0,0,0,0,0,0,0,217,0,0,0,0,0,0,0,0,0,0,1,0,1,3,3,1,31000
4061,173291,0,0,5,0,0,0,0,0,0,0,0,0,0,0,218,0,0,0,0,0,0,0,0,0,0,1,0,1,3,3,1,31000
4062,173292,0,0,5,0,0,0,0,0,0,0,0,0,0,0,220,0,0,0,0,0,0,0,0,0,0,1,0,1,3,3,1,31000
4063,173293,0,0,5,0,0,0,0,0,0,0,0,0,0,0,222,0,0,0,0,0,0,0,0,0,0,1,0,1,3,3,1,32000
4064,173294,0,0,5,0,0,0,0,0,0,0,0,0,0,0,224,0,0,0,0,0,0,0,0,0,0,1,0,1,3,3,1,32000
4065,173295,0,0,5,0,0,0,0,0,0,0,0,0,0,0,225,0,0,0,0,0,0,0,0,0,0,1,0,1,3,3,1,32000
4066,173296,0,0,5,0,0,0,0,0,0,0,0,0,0,0,227,0,0,0,0,0,0,0,0,0,0,1,0,1,3,3,1,33000
4067,173297,0,0,5,0,0,0,0,0,0,0,0,0,0,0,229,0,0,0,0,0,0,0,0,0,0,1,0,1,3,3,1,33000
4068,173298,0,0,5,0,0,0,0,0,0,0,0,0,0,0,225,0,0,0,0,0,0,0,0,0,0,1,0,1,3,3,1,0
4069,173299,0,0,5,0,0,0,0,0,0,0,0,0,0,0,227,0,0,0,0,0,0,0,0,0,0,1,0,1,3,3,1,0
4070,173300,0,0,5,0,0,0,0,0,0,0,0,0,0,0,229,0,0,0,0,0,0,0,0,0,0,1,0,1,3,3,1,0
4071,173301,0,0,5,0,0,0,0,0,0,0,0,0,0,0,231,0,0,0,0,0,0,0,0,0,0,1,0,1,3,3,1,31000
4072,173302,0,0,5,0,0,0,0,0,0,0,0,0,0,0,232,0,0,0,0,0,0,0,527142706,-1894862458,712794889,2004146406,0,1,3,3,1,31000
4073,173303,0,0,5,0,0,0,0,0,0,0,0,0,0,0,234,0,0,0,0,0,0,0,0,0,0,1,0,1,3,3,1,31000
4074,173304,0,0,5,0,0,0,0,0,0,0,0,0,0,0,236,0,0,0,0,0,0,0,0,0,0,1,0,1,3,3,1,32000
4075,173305,0,0,5,0,0,0,0,0,0,0,0,0,0,0,237,0,0,0,0,0,0,0,0,0,0,1,0,1,3,3,1,32000
4076,173306,0,0,5,0,0,0,0,0,0,0,0,0,0,0,239,0,0,0,0,0,0,0,0,0,0,1,0,1,3,3,1,32000
4077,173307,0,0,5,0,0,0,0,0,0,0,0,0,0,0,241,0,0,0,0,0,0,0,0,0,0,1,0,1,3,3,1,33000
4078,173308,0,0,5,0,0,0,0,0,0,0,0,0,0,0,243,0,0,0,0,0,0,0,0,0,0,1,0,1,3,3,1,33000
4079,173309,0,0,5,0,0,0,0,0,0,0,0,0,0,0,239,0,0,0,0,0,0,0,0,0,0,1,0,1,3,3,1,0
4080,173310,0,0,5,0,0,0,0,0,0,0,0,0,0,0,241,0,0,0,0,0,0,0,0,0,0,1,0,1,3,3,1,0
4081,173311,0,0,5,0,0,0,0,0,0,0,0,0,0,0,243,0,0,0,0,0,0,0,0,0,0,1,0,1,3,3,1,0
4082,173312,0,0,5,0,0,0,0,0,0,0,0,0,0,0,244,0,0,0,0,0,0,0,0,0,0,1,0,1,3,3,1,31000
4083,173313,0,0,5,0,0,0,0,0,0,0,0,0,0,0,246,0,0,0,0,0,0,0,0,0,0,1,0,1,3,3,1,31000
4084,173314,0,0,5,0,0,0,0,0,0,0,0,0,0,0,248,0,0,0,0,0,0,0,0,0,0,1,0,1,3,3,1,31000
4085,173315,0,0,5,0,0,0,0,0,0,0,0,0,0,0,250,0,0,0,0,0,0,0,0,0,0,1,0,1,3,3,1,32000
4086,173316,0,0,5,0,0,0,0,0,0,0,0,0,0,0,251,0,0,0,0,0,0,0,0,0,0,1,0,1,3,3,1,32000
4087,173317,0,0,5,0,0,0,0,0,0,0,0,0,0,0,253,0,0,0,0,0,0,0,0,0,0,1,0,1,3,3,1,32000
4088,173318,0,0,5,0,0,0,0,0,0,0,0,0,0,0,255,0,0,0,0,0,0,0,0,0,0,1,0,1,3,3,1,33000
4089,173319,0,0,5,0,0,0,0,0,0,0,0,0,0,0,257,0,0,0,0,0,0,0,0,0,0,1,0,1,3,3,1,33000
4090,173320,0,0,5,0,0,0,0,0,0,0,0,0,0,0,253,0,0,0,0,0,0,0,0,0,0,1,0,1,3,3,1,0
4091,173321,0,0,5,0,0,0,0,0,0,0,0,0,0,0,255,0,0,0,0,0,0,0,0,0,0,1,0,1,3,3,1,0
4092,173322,0,0,5,0,0,0,0,0,0,0,0,0,0,0,257,0,0,0,0,0,0,0,0,0,0,1,0,1,3,3,1,0
4093,173323,0,0,5,0,0,0,0,0,0,0,0,0,0,0,258,0,0,0,0,0,0,0,0,0,0,1,0,1,3,3,1,31000
4094,173324,0,0,5,0,0,0,0,0,0,0,0,0,0,0,260,0,0,0,0,0,0,0,0,0,0,1,0,1,3,3,1,31000
4095,173325,0,0,5,0,0,0,0,0,0,0,0,0,0,0,262,0,0,0,0,0,0,0,0,0,0,1,0,1,3,3,1,31000
4096,173326,0,0,5,0,0,0,0,0,0,0,0,0,0,0,263,0,0,0,0,0,0,0,0,0,0,1,0,1,3,3,1,32000
4097,173327,0,0,5,0,0,0,0,0,0,0,0,0,0,0,265,0,0,0,0,0,0,0,0,0,0,1,0,1,3,3,1,32000
4098,173328,0,0,5,0,0,0,0,0,0,0,0,0,0,0,267,0,0,0,0,0,0,0,0,0,0,1,0,1,3,3,1,32000
4099,173329,0,0,5,0,0,0,0,0,0,0,0,0,0,0,269,0,0,0,0,0,0,0,0,0,0,1,0,1,3,3,1,33000
4100,173330,0,0,5,0,0,0,0,0,0,0,0,0,0,0,270,0,0,0,0,0,0,0,0,0,0,1,0,1,3,3,1,33000
4101,173331,0,0,5,0,0,0,0,0,0,0,0,0,0,0,267,0,0,0,0,0,0,0,0,0,0,1,0,1,3,3,1,0
4102,173332,0,0,5,0,0,0,0,0,0,0,0,0,0,0,269,0,0,0,0,0,0,0,0,0,0,1,0,1,3,3,1,0
4103,173333,0,0,5,0,0,0,0,0,0,0,0,0,0,0,270,0,0,0,0,0,0,0,0,0,0,1,0,1,3,3,1,0
4104,173334,0,0,5,0,0,0,0,0,0,0,0,0,0,0,272,0,0,0,0,0,0,0,0,0,0,1,0,1,3,3,1,31000
4105,173335,0,0,5,0,0,0,0,0,0,0,0,0,0,0,274,0,0,0,0,0,0,0,0,0,0,1,0,1,3,3,1,31000
4106,173336,0,0,5,0,0,0,0,0,0,0,0,0,0,0,276,0,0,0,0,0,0,0,0,0,0,1,0,1,3,3,1,31000
4107,173337,0,0,5,0,0,0,0,0,0,0,0,0,0,0,277,0,0,0,0,0,0,0,0,0,0,1,0,1,3,3,1,32000
4108,173338,0,0,5,0,0,0,0,0,0,0,0,0,0,0,279,0,0,0,0,0,0,0,0,0,0,1,0,1,3,3,1,32000
4109,173339,0,0,5,0,0,0,0,0,0,0,0,0,0,0,281,0,0,0,0,0,0,0,0,0,0,1,0,1,3,3,1,32000
4110,173340,0,0,5,0,0,0,0,0,0,0,0,0,0,0,283,0,0,0,0,0,0,0,0,0,0,1,0,1,3,3,1,33000
4111,173341,0,0,5,0,0,0,0,0,0,0,0,0,0,0,284,0,0,0,0,0,0,0,0,0,0,1,0,1,3,3,1,33000
4112,173342,0,0,5,0,0,0,0,0,0,0,0,0,0,0,281,0,0,0,0,0,0,0,0,0,0,1,0,1,3,3,1,0
4113,173343,0,0,5,0,0,0,0,0,0,0,0,0,0,0,283,0,0,0,0,0,0,0,0,0,0,1,0,1,3,3,1,0
4114,173344,0,0,5,0,0,0,0,0,0,0,0,0,0,0,284,0,0,0,0,0,0,0,0,0,0,1,0,1,3,3,1,0
4115,173345,0,0,5,0,0,0,0,0,0,0,0,0,0,0,286,0,0,0,0,0,0,0,0,0,0,1,0,1,3,3,1,31000
4116,173346,0,0,5,0,0,0,0,0,0,0,0,0,0,0,288,0,0,0,0,0,0,0,0,0,0,1,0,1,3,3,1,31000
4117,173347,0,0,5,0,0,0,0,0,0,0,0,0,0,0,290,0,0,0,0,0,0,0,0,0,0,1,0,1,3,3,1,31000
4118,173348,0,0,5,0,0,0,0,0,0,0,0,0,0,0,293,0,0,0,0,0,0,0,0,0,0,1,0,1,3,3,1,32000
4119,173349,0,0,5,0,0,0,0,0,0,0,0,0,0,0,295,0,0,0,0,0,0,0,0,0,0,1,0,1,3,3,1,32000
4120,173350,0,0,5,0,0,0,0,0,0,0,0,0,0,0,297,0,0,0,0,0,0,0,0,0,0,1,0,1,3,3,1,32000
4121,173351,0,0,5,0,0,0,0,0,0,0,0,0,0,0,299,0,0,0,0,0,0,0,0,0,0,1,0,1,3,3,1,33000
4122,173352,0,0,5,0,0,0,0,0,0,0,0,0,0,0,301,0,0,0,0,0,0,0,0,0,0,1,0,1,3,3,1,33000
4123,173353,0,0,5,0,0,0,0,0,0,0,0,0,0,0,297,0,0,0,0,0,0,0,0,0,0,1,0,1,3,3,1,0
4124,173354,0,0,5,0,0,0,0,0,0,0,0,0,0,0,299,0,0,0,0,0,0,0,0,0,0,1,0,1,3,3,1,0
4125,173355,0,0,5,0,0,0,0,0,0,0,0,0,0,0,301,0,0,0,0,0,0,0,0,0,0,1,0,1,3,3,1,0
4126,173356,0,0,5,0,0,0,0,0,0,0,0,0,0,0,303,0,0,0,0,0,0,0,0,0,0,1,0,1,3,3,1,31000
4127,173357,0,0,5,0,0,0,0,0,0,0,0,0,0,0,306,0,0,0,0,0,0,0,0,0,0,1,0,1,3,3,1,31000
4128,173358,0,0,5,0,0,0,0,0,0,0,0,0,0,0,308,0,0,0,0,0,0,0,0,0,0,1,0,1,3,3,1,31000
4129,173359,0,0,5,0,0,0,0,0,0,0,0,0,0,0,310,0,0,0,0,0,0,0,0,0,0,1,0,1,3,3,1,32000
4130,173360,0,0,5,0,0,0,0,0,0,0,0,0,0,0,312,0,0,0,0,0,0,0,0,0,0,1,0,1,3,3,1,32000
4131,173361,0,0,5,0,0,0,0,0,0,0,0,0,0,0,314,0,0,0,0,0,0,0,0,0,0,1,0,1,3,3,1,32000
4132,173362,0,0,5,0,0,0,0,0,0,0,0,0,0,0,316,0,0,0,0,0,0,0,0,0,0,1,0,1,3,3,1,33000
4133,173363,0,0,5,0,0,0,0,0,0,0,0,0,0,0,319,0,0,0,0,0,0,0,0,0,0,1,0,1,3,3,1,33000
4134,173364,0,0,5,0,0,0,0,0,0,0,0,0,0,0,314,0,0,0,0,0,0,0,0,0,0,1,0,1,3,3,1,0
4135,173365,0,0,5,0,0,0,0,0,0,0,0,0,0,0,316,0,0,0,0,0,0,0,0,0,0,1,0,1,3,3,1,0
4136,173366,0,0,5,0,0,0,0,0,0,0,0,0,0,0,319,0,0,0,0,0,0,0,0,0,0,1,0,1,3,3,1,0
4137,173367,0,0,5,0,0,0,0,0,0,0,0,0,0,0,321,0,0,0,0,0,0,0,0,0,0,1,0,1,3,3,1,31000
4138,173368,0,0,5,0,0,0,0,0,0,0,0,0,0,0,323,0,0,0,0,0,0,0,0,0,0,1,0,1,3,3,1,31000
4139,173369,0,0,5,0,0,0,0,0,0,0,0,0,0,0,325,0,0,0,0,0,0,0,0,0,0,1,0,1,3,3,1,31000
4140,173370,0,0,5,0,0,0,0,0,0,0,0,0,0,0,327,0,0,0,0,0,0,0,0,0,0,1,0,1,3,3,1,32000
4141,173371,0,0,6,0,0,0,0,0,0,0,0,0,0,0,329,0,0,0,0,0,0,0,0,0,0,1,0,1,3,3,1,32000
4142,173372,0,0,6,0,0,0,0,0,0,0,0,0,0,0,332,0,0,0,0,0,0,0,0,0,0,1,0,1,3,3,1,32000
4143,173373,0,0,6,0,0,0,0,0,0,0,0,0,0,0,334,0,0,0,0,0,0,0,0,0,0,1,0,1,3,3,1,33000
4144,173374,0,0,6,0,0,0,0,0,0,0,0,0,0,0,336,0,0,0,0,0,0,0,0,0,0,1,0,1,3,3,1,33000
4145,173375,0,0,6,0,0,0,0,0,0,0,0,0,0,0,332,0,0,0,0,0,0,0,0,0,0,1,0,1,3,3,1,0
4146,173376,0,0,6,0,0,0,0,0,0,0,0,0,0,0,334,0,0,0,0,0,0,0,0,0,0,1,0,1,3,3,1,0
4147,173377,0,0,6,0,0,0,0,0,0,0,0,0,0,0,336,0,0,0,0,0,0,0,0,0,0,1,0,1,3,3,1,0
4148,173378,0,0,6,0,0,0,0,0,0,0,0,0,0,0,338,0,0,0,0,0,0,0,0,0,0,1,0,1,3,3,1,31000
4149,173379,0,0,6,0,0,0,0,0,0,0,0,0,0,0,340,0,0,0,0,0,0,0,0,0,0,1,0,1,3,3,1,31000
4150,173380,0,0,6,0,0,0,0,0,0,0,0,0,0,0,342,0,0,0,0,0,0,0,0,0,0,1,0,1,3,3,1,31000
4151,173381,0,0,6,0,0,0,0,0,0,0,0,0,0,0,345,0,0,0,0,0,0,0,0,0,0,1,0,1,3,3,1,32000
4152,173382,0,0,6,0,0,0,0,0,0,0,0,0,0,0,347,0,0,0,0,0,0,0,0,0,0,1,0,1,3,3,1,32000
4153,173383,0,0,6,0,0,0,0,0,0,0,0,0,0,0,349,0,0,0,0,0,0,0,0,0,0,1,0,1,3,3,1,32000
4154,173384,0,0,6,0,0,0,0,0,0,0,0,0,0,0,351,0,0,0,0,0,0,0,0,0,0,1,0,1,3,3,1,33000
4155,173385,0,0,6,0,0,0,0,0,0,0,0,0,0,0,353,0,0,0,0,0,0,0,0,0,0,1,0,1,3,3,1,33000
4156,173386,0,0,6,0,0,0,0,0,0,0,0,0,0,0,349,0,0,0,0,0,0,0,0,0,0,1,0,1,3,3,1,0
4157,173387,0,0,6,0,0,0,0,0,0,0,0,0,0,0,351,0,0,0,0,0,0,0,0,0,0,1,0,1,3,3,1,0
4158,173388,0,0,6,0,0,0,0,0,0,0,0,0,0,0,353,0,0,0,0,0,0,0,0,0,0,1,0,1,3,3,1,0
4159,173389,0,0,6,0,0,0,0,0,0,0,0,0,0,0,355,0,0,0,0,0,0,0,0,0,0,1,0,1,3,3,1,31000
4160,173390,0,0,6,0,0,0,0,0,0,0,0,0,0,0,358,0,0,0,0,0,0,0,0,0,0,1,0,1,3,3,1,31000
4161,173391,0,0,6,0,0,0,0,0,0,0,0,0,0,0,360,0,0,0,0,0,0,0,0,0,0,1,0,1,3,3,1,31000
4162,173392,0,0,6,0,0,0,0,0,0,0,0,0,0,0,362,0,0,0,0,0,0,0,0,0,0,1,0,1,3,3,1,32000
4163,173393,0,0,6,0,0,0,0,0,0,0,0,0,0,0,364,0,0,0,0,0,0,0,0,0,0,1,0,1,3,3,1,32000
4164,173394,0,0,6,0,0,0,0,0,0,0,0,0,0,0,366,0,0,0,0,0,0,0,0,0,0,1,0,1,3,3,1,32000
4165,173395,0,0,6,0,0,0,0,0,0,0,0,0,0,0,368,0,0,0,0,0,0,0,0,0,0,1,0,1,3,3,1,33000
4166,173396,0,0,6,0,0,0,0,0,0,0,0,0,0,0,371,0,0,0,0,0,0,0,0,0,0,1,0,1,3,3,1,33000
4167,173397,0,0,6,0,0,0,0,0,0,0,0,0,0,0,366,0,0,0,0,0,0,0,0,0,0,1,0,1,3,3,1,0
4168,173398,0,0,6,0,0,0,0,0,0,0,0,0,0,0,368,0,0,0,0,0,0,0,0,0,0,1,0,1,3,3,1,0
4169,173399,0,0,6,0,0,0,0,0,0,0,0,0,0,0,371,0,0,0,0,0,0,0,0,0,0,1,0,1,3,3,1,0
4170,173400,0,0,6,0,0,0,0,0,0,0,0,0,0,0,373,0,0,0,0,0,0,0,0,0,0,1,0,1,3,3,1,31000
4171,173401,0,0,6,0,0,0,0,0,0,0,0,0,0,0,375,0,0,0,0,0,0,0,0,0,0,1,0,1,3,3,1,31000
4172,173402,0,0,6,0,0,0,0,0,0,0,0,0,0,0,377,0,0,0,0,0,0,0,0,0,0,1,0,1,3,3,1,31000
4173,173403,0,0,6,0,0,0,0,0,0,0,0,0,0,0,379,0,0,0,0,0,0,0,0,0,0,1,0,1,3,3,1,32000
4174,173404,0,0,6,0,0,0,0,0,0,0,0,0,0,0,381,0,0,0,0,0,0,0,0,0,0,1,0,1,3,3,1,32000
4175,173405,0,0,6,0,0,0,0,0,0,0,0,0,0,0,384,0,0,0,0,0,0,0,0,0,0,1,0,1,3,3,1,32000
4176,173406,0,0,6,0,0,0,0,0,0,0,0,0,0,0,386,0,0,0,0,0,0,0,0,0,0,1,0,1,3,3,1,33000
4177,173407,0,0,6,0,0,0,0,0,0,0,0,0,0,0,388,0,0,0,0,0,0,0,0,0,0,1,0,1,3,3,1,33000
4178,173408,0,0,6,0,0,0,0,0,0,0,0,0,0,0,384,0,0,0,0,0,0,0,0,0,0,1,0,1,3,3,1,0
4179,173409,0,0,6,0,0,0,0,0,0,0,0,0,0,0,386,0,0,0,0,0,0,0,0,0,0,1,0,1,3,3,1,0
4180,173410,0,0,6,0,0,0,0,0,0,0,0,0,0,0,388,0,0,0,0,0,0,0,0,0,0,1,0,1,3,3,1,0
4181,173411,0,0,6,0,0,0,0,0,0,0,0,0,0,0,390,0,0,0,0,0,0,0,0,0,0,1,0,1,3,3,1,31000
4182,173412,0,0,6,0,0,0,0,0,0,0,0,0,0,0,392,0,0,0,0,0,0,0,0,0,0,1,0,1,3,3,1,31000
4183,173413,0,0,6,0,0,0,0,0,0,0,0,0,0,0,394,0,0,0,0,0,0,0,0,0,0,1,0,1,3,3,1,31000
4184,173414,0,0,6,0,0,0,0,0,0,0,0,0,0,0,397,0,0,0,0,0,0,0,0,0,0,1,0,1,3,3,1,32000
4185,173415,0,0,6,0,0,0,0,0,0,0,0,0,0,0,399,0,0,0,0,0,0,0,0,0,0,1,0,1,3,3,1,32000
4186,173416,0,0,6,0,0,0,0,0,0,0,0,0,0,0,401,0,0,0,0,0,0,0,0,0,0,1,0,1,3,3,1,32000
4187,173417,0,0,6,0,0,0,0,0,0,0,0,0,0,0,403,0,0,0,0,0,0,0,0,0,0,1,0,1,3,3,1,33000
4188,173418,0,0,6,0,0,0,0,0,0,0,0,0,0,0,405,0,0,0,0,0,0,0,0,0,0,1,0,1,3,3,1,33000
4189,173419,0,0,6,0,0,0,0,0,0,0,0,0,0,0,401,0,0,0,0,0,0,0,0,0,0,1,0,1,3,3,1,0
4190,173420,0,0,6,0,0,0,0,0,0,0,0,0,0,0,403,0,0,0,0,0,0,0,0,0,0,1,0,1,3,3,1,0
4191,173421,0,0,6,0,0,0,0,0,0,0,0,0,0,0,405,0,0,0,0,0,0,0,0,0,0,1,0,1,3,3,1,0
4192,173422,0,0,6,0,0,0,0,0,0,0,0,0,0,0,407,0,0,0,0,0,0,0,0,0,0,1,0,1,3,3,1,31000
4193,173423,0,0,6,0,0,0,0,0,0,0,0,0,0,0,409,0,0,0,0,0,0,0,0,0,0,1,0,1,3,3,1,31000
4194,173424,0,0,6,0,0,0,0,0,0,0,0,0,0,0,412,0,0,0,0,0,0,0,0,0,0,1,0,1,3,3,1,31000
4195,173425,0,0,6,0,0,0,0,0,0,0,0,0,0,0,414,0,0,0,0,0,0,0,0,0,0,1,0,1,3,3,1,32000
4196,173426,0,0,6,0,0,0,0,0,0,0,0,0,0,0,416,0,0,0,0,0,0,0,0,0,0,1,0,1,3,3,1,32000
4197,174100,0,0,1,0,0,0,0,0,0,0,0,0,0,0,1,0,0,0,0,0,0,0,0,0,0,1,0,1,3,4,4,0
4198,174101,0,0,1,0,0,0,0,0,0,0,0,0,0,0,2,0,0,0,0,0,0,0,0,0,0,1,0,1,3,4,4,0
4199,174102,0,0,1,0,0,0,0,0,0,0,0,0,0,0,3,0,0,0,0,0,0,0,0,0,0,1,0,1,3,4,4,0
4200,174103,0,0,1,0,0,0,0,0,0,0,0,0,0,0,5,0,0,0,0,0,0,0,0,0,0,1,0,1,3,4,4,41000
4201,174104,0,0,1,0,0,0,0,0,0,0,0,0,0,0,6,0,0,0,0,0,0,0,0,0,0,1,0,1,3,4,4,41000
4202,174105,0,0,1,0,0,0,0,0,0,0,0,0,0,0,7,0,0,0,0,0,0,0,0,0,0,1,0,1,3,4,4,41000
4203,174106,0,0,1,0,0,0,0,0,0,0,0,0,0,0,8,0,0,0,0,0,0,0,0,0,0,1,0,1,3,4,4,42000
4204,174107,0,0,1,0,0,0,0,0,0,0,0,0,0,0,9,0,0,0,0,0,0,0,0,0,0,1,0,1,3,4,4,42000
4205,174108,0,0,1,0,0,0,0,0,0,0,0,0,0,0,10,0,0,0,0,0,0,0,0,0,0,1,0,1,3,4,4,42000
4206,174109,0,0,1,0,0,0,0,0,0,0,0,0,0,0,11,0,0,0,0,0,0,0,0,0,0,1,0,1,3,4,4,43000
4207,174110,0,0,1,0,0,0,0,0,0,0,0,0,0,0,13,0,0,0,0,0,0,0,0,0,0,1,0,1,3,4,4,43000
4208,174111,0,0,1,0,0,0,0,0,0,0,0,0,0,0,10,0,0,0,0,0,0,0,0,0,0,1,0,1,3,4,4,0
4209,174112,0,0,1,0,0,0,0,0,0,0,0,0,0,0,11,0,0,0,0,0,0,0,0,0,0,1,0,1,3,4,4,0
4210,174113,0,0,1,0,0,0,0,0,0,0,0,0,0,0,13,0,0,0,0,0,0,0,0,0,0,1,0,1,3,4,4,0
4211,174114,0,0,1,0,0,0,0,0,0,0,0,0,0,0,14,0,0,0,0,0,0,0,0,0,0,1,0,1,3,4,4,41000
4212,174115,0,0,1,0,0,0,0,0,0,0,0,0,0,0,15,0,0,0,0,0,0,0,0,0,0,1,0,1,3,4,4,41000
4213,174116,0,0,1,0,0,0,0,0,0,0,0,0,0,0,16,0,0,0,0,0,0,0,0,0,0,1,0,1,3,4,4,41000
4214,174117,0,0,1,0,0,0,0,0,0,0,0,0,0,0,17,0,0,0,0,0,0,0,0,0,0,1,0,1,3,4,4,42000
4215,174118,0,0,1,0,0,0,0,0,0,0,0,0,0,0,18,0,0,0,0,0,0,0,0,0,0,1,0,1,3,4,4,42000
4216,174119,0,0,1,0,0,0,0,0,0,0,0,0,0,0,19,0,0,0,0,0,0,0,0,0,0,1,0,1,3,4,4,42000
4217,174120,0,0,1,0,0,0,0,0,0,0,0,0,0,0,20,0,0,0,0,0,0,0,0,0,0,1,0,1,3,4,4,43000
4218,174121,0,0,1,0,0,0,0,0,0,0,0,0,0,0,22,0,0,0,0,0,0,0,0,0,0,1,0,1,3,4,4,43000
4219,174122,0,0,1,0,0,0,0,0,0,0,0,0,0,0,19,0,0,0,0,0,0,0,0,0,0,1,0,1,3,4,4,0
4220,174123,0,0,1,0,0,0,0,0,0,0,0,0,0,0,20,0,0,0,0,0,0,0,0,0,0,1,0,1,3,4,4,0
4221,174124,0,0,1,0,0,0,0,0,0,0,0,0,0,0,22,0,0,0,0,0,0,0,0,0,0,1,0,1,3,4,4,0
4222,174125,0,0,1,0,0,0,0,0,0,0,0,0,0,0,23,0,0,0,0,0,0,0,0,0,0,1,0,1,3,4,4,41000
4223,174126,0,0,1,0,0,0,0,0,0,0,0,0,0,0,24,0,0,0,0,0,0,0,0,0,0,1,0,1,3,4,4,41000
4224,174127,0,0,1,0,0,0,0,0,0,0,0,0,0,0,25,0,0,0,0,0,0,0,0,0,0,1,0,1,3,4,4,41000
4225,174128,0,0,1,0,0,0,0,0,0,0,0,0,0,0,26,0,0,0,0,0,0,0,0,0,0,1,0,1,3,4,4,42000
4226,174129,0,0,1,0,0,0,0,0,0,0,0,0,0,0,27,0,0,0,0,0,0,0,0,0,0,1,0,1,3,4,4,42000
4227,174130,0,0,1,0,0,0,0,0,0,0,0,0,0,0,28,0,0,0,0,0,0,0,0,0,0,1,0,1,3,4,4,42000
4228,174131,0,0,1,0,0,0,0,0,0,0,0,0,0,0,30,0,0,0,0,0,0,0,0,0,0,1,0,1,3,4,4,43000
4229,174132,0,0,1,0,0,0,0,0,0,0,0,0,0,0,31,0,0,0,0,0,0,0,0,0,0,1,0,1,3,4,4,43000
4230,174133,0,0,2,0,0,0,0,0,0,0,0,0,0,0,28,0,0,0,0,0,0,0,0,0,0,1,0,1,3,4,4,0
4231,174134,0,0,2,0,0,0,0,0,0,0,0,0,0,0,30,0,0,0,0,0,0,0,0,0,0,1,0,1,3,4,4,0
4232,174135,0,0,2,0,0,0,0,0,0,0,0,0,0,0,31,0,0,0,0,0,0,0,0,0,0,1,0,1,3,4,4,0
4233,174136,0,0,2,0,0,0,0,0,0,0,0,0,0,0,32,0,0,0,0,0,0,0,0,0,0,1,0,1,3,4,4,41000
4234,174137,0,0,2,0,0,0,0,0,0,0,0,0,0,0,33,0,0,0,0,0,0,0,0,0,0,1,0,1,3,4,4,41000
4235,174138,0,0,2,0,0,0,0,0,0,0,0,0,0,0,34,0,0,0,0,0,0,0,0,0,0,1,0,1,3,4,4,41000
4236,174139,0,0,2,0,0,0,0,0,0,0,0,0,0,0,35,0,0,0,0,0,0,0,0,0,0,1,0,1,3,4,4,42000
4237,174140,0,0,2,0,0,0,0,0,0,0,0,0,0,0,36,0,0,0,0,0,0,0,0,0,0,1,0,1,3,4,4,42000
4238,174141,0,0,2,0,0,0,0,0,0,0,0,0,0,0,38,0,0,0,0,0,0,0,0,0,0,1,0,1,3,4,4,42000
4239,174142,0,0,2,0,0,0,0,0,0,0,0,0,0,0,39,0,0,0,0,0,0,0,0,0,0,1,0,1,3,4,4,43000
4240,174143,0,0,2,0,0,0,0,0,0,0,0,0,0,0,40,0,0,0,0,0,0,0,0,0,0,1,0,1,3,4,4,43000
4241,174144,0,0,2,0,0,0,0,0,0,0,0,0,0,0,38,0,0,0,0,0,0,0,0,0,0,1,0,1,3,4,4,0
4242,174145,0,0,2,0,0,0,0,0,0,0,0,0,0,0,39,0,0,0,0,0,0,0,0,0,0,1,0,1,3,4,4,0
4243,174146,0,0,2,0,0,0,0,0,0,0,0,0,0,0,40,0,0,0,0,0,0,0,0,0,0,1,0,1,3,4,4,0
4244,174147,0,0,2,0,0,0,0,0,0,0,0,0,0,0,41,0,0,0,0,0,0,0,0,0,0,1,0,1,3,4,4,41000
4245,174148,0,0,2,0,0,0,0,0,0,0,0,0,0,0,42,0,0,0,0,0,0,0,0,0,0,1,0,1,3,4,4,41000
4246,174149,0,0,2,0,0,0,0,0,0,0,0,0,0,0,43,0,0,0,0,0,0,0,0,0,0,1,0,1,3,4,4,41000
4247,174150,0,0,2,0,0,0,0,0,0,0,0,0,0,0,44,0,0,0,0,0,0,0,0,0,0,1,0,1,3,4,4,42000
4248,174151,0,0,2,0,0,0,0,0,0,0,0,0,0,0,46,0,0,0,0,0,0,0,0,0,0,1,0,1,3,4,4,42000
4249,174152,0,0,2,0,0,0,0,0,0,0,0,0,0,0,47,0,0,0,0,0,0,0,0,0,0,1,0,1,3,4,4,42000
4250,174153,0,0,2,0,0,0,0,0,0,0,0,0,0,0,48,0,0,0,0,0,0,0,0,0,0,1,0,1,3,4,4,43000
4251,174154,0,0,2,0,0,0,0,0,0,0,0,0,0,0,49,0,0,0,0,0,0,0,0,0,0,1,0,1,3,4,4,43000
4252,174155,0,0,2,0,0,0,0,0,0,0,0,0,0,0,47,0,0,0,0,0,0,0,0,0,0,1,0,1,3,4,4,0
4253,174156,0,0,2,0,0,0,0,0,0,0,0,0,0,0,48,0,0,0,0,0,0,0,0,0,0,1,0,1,3,4,4,0
4254,174157,0,0,2,0,0,0,0,0,0,0,0,0,0,0,49,0,0,0,0,0,0,0,0,0,0,1,0,1,3,4,4,0
4255,174158,0,0,2,0,0,0,0,0,0,0,0,0,0,0,50,0,0,0,0,0,0,0,0,0,0,1,0,1,3,4,4,41000
4256,174159,0,0,2,0,0,0,0,0,0,0,0,0,0,0,51,0,0,0,0,0,0,0,0,0,0,1,0,1,3,4,4,41000
4257,174160,0,0,2,0,0,0,0,0,0,0,0,0,0,0,52,0,0,0,0,0,0,0,0,0,0,1,0,1,3,4,4,41000
4258,174161,0,0,2,0,0,0,0,0,0,0,0,0,0,0,53,0,0,0,0,0,0,0,0,0,0,1,0,1,3,4,4,42000
4259,174162,0,0,2,0,0,0,0,0,0,0,0,0,0,0,55,0,0,0,0,0,0,0,0,0,0,1,0,1,3,4,4,42000
4260,174163,0,0,2,0,0,0,0,0,0,0,0,0,0,0,56,0,0,0,0,0,0,0,0,0,0,1,0,1,3,4,4,42000
4261,174164,0,0,2,0,0,0,0,0,0,0,0,0,0,0,57,0,0,0,0,0,0,0,0,0,0,1,0,1,3,4,4,43000
4262,174165,0,0,2,0,0,0,0,0,0,0,0,0,0,0,58,0,0,0,0,0,0,0,0,0,0,1,0,1,3,4,4,43000
4263,174166,0,0,3,0,0,0,0,0,0,0,0,0,0,0,56,0,0,0,0,0,0,0,0,0,0,1,0,1,3,4,4,0
4264,174167,0,0,3,0,0,0,0,0,0,0,0,0,0,0,57,0,0,0,0,0,0,0,0,0,0,1,0,1,3,4,4,0
4265,174168,0,0,3,0,0,0,0,0,0,0,0,0,0,0,58,0,0,0,0,0,0,0,0,0,0,1,0,1,3,4,4,0
4266,174169,0,0,3,0,0,0,0,0,0,0,0,0,0,0,59,0,0,0,0,0,0,0,0,0,0,1,0,1,3,4,4,41000
4267,174170,0,0,3,0,0,0,0,0,0,0,0,0,0,0,60,0,0,0,0,0,0,0,0,0,0,1,0,1,3,4,4,41000
4268,174171,0,0,3,0,0,0,0,0,0,0,0,0,0,0,61,0,0,0,0,0,0,0,0,0,0,1,0,1,3,4,4,41000
4269,174172,0,0,3,0,0,0,0,0,0,0,0,0,0,0,63,0,0,0,0,0,0,0,0,0,0,1,0,1,3,4,4,42000
4270,174173,0,0,3,0,0,0,0,0,0,0,0,0,0,0,64,0,0,0,0,0,0,0,0,0,0,1,0,1,3,4,4,42000
4271,174174,0,0,3,0,0,0,0,0,0,0,0,0,0,0,65,0,0,0,0,0,0,0,0,0,0,1,0,1,3,4,4,42000
4272,174175,0,0,3,0,0,0,0,0,0,0,0,0,0,0,66,0,0,0,0,0,0,0,0,0,0,1,0,1,3,4,4,43000
4273,174176,0,0,3,0,0,0,0,0,0,0,0,0,0,0,67,0,0,0,0,0,0,0,0,0,0,1,0,1,3,4,4,43000
4274,174177,0,0,3,0,0,0,0,0,0,0,0,0,0,0,65,0,0,0,0,0,0,0,0,0,0,1,0,1,3,4,4,0
4275,174178,0,0,3,0,0,0,0,0,0,0,0,0,0,0,66,0,0,0,0,0,0,0,0,0,0,1,0,1,3,4,4,0
4276,174179,0,0,3,0,0,0,0,0,0,0,0,0,0,0,67,0,0,0,0,0,0,0,0,0,0,1,0,1,3,4,4,0
4277,174180,0,0,3,0,0,0,0,0,0,0,0,0,0,0,68,0,0,0,0,0,0,0,0,0,0,1,0,1,3,4,4,41000
4278,174181,0,0,3,0,0,0,0,0,0,0,0,0,0,0,70,0,0,0,0,0,0,0,0,0,0,1,0,1,3,4,4,41000
4279,174182,0,0,3,0,0,0,0,0,0,0,0,0,0,0,71,0,0,0,0,0,0,0,0,0,0,1,0,1,3,4,4,41000
4280,174183,0,0,3,0,0,0,0,0,0,0,0,0,0,0,73,0,0,0,0,0,0,0,0,0,0,1,0,1,3,4,4,42000
4281,174184,0,0,3,0,0,0,0,0,0,0,0,0,0,0,74,0,0,0,0,0,0,0,0,0,0,1,0,1,3,4,4,42000
4282,174185,0,0,3,0,0,0,0,0,0,0,0,0,0,0,76,0,0,0,0,0,0,0,0,0,0,1,0,1,3,4,4,42000
4283,174186,0,0,3,0,0,0,0,0,0,0,0,0,0,0,77,0,0,0,0,0,0,0,0,0,0,1,0,1,3,4,4,43000
4284,174187,0,0,3,0,0,0,0,0,0,0,0,0,0,0,79,0,0,0,0,0,0,0,0,0,0,1,0,1,3,4,4,43000
4285,174188,0,0,3,0,0,0,0,0,0,0,0,0,0,0,76,0,0,0,0,0,0,0,0,0,0,1,0,1,3,4,4,0
4286,174189,0,0,3,0,0,0,0,0,0,0,0,0,0,0,77,0,0,0,0,0,0,0,0,0,0,1,0,1,3,4,4,0
4287,174190,0,0,3,0,0,0,0,0,0,0,0,0,0,0,79,0,0,0,0,0,0,0,0,0,0,1,0,1,3,4,4,0
4288,174191,0,0,3,0,0,0,0,0,0,0,0,0,0,0,80,0,0,0,0,0,0,0,0,0,0,1,0,1,3,4,4,41000
4289,174192,0,0,3,0,0,0,0,0,0,0,0,0,0,0,82,0,0,0,0,0,0,0,0,0,0,1,0,1,3,4,4,41000
4290,174193,0,0,3,0,0,0,0,0,0,0,0,0,0,0,83,0,0,0,0,0,0,0,0,0,0,1,0,1,3,4,4,41000
4291,174194,0,0,3,0,0,0,0,0,0,0,0,0,0,0,85,0,0,0,0,0,0,0,0,0,0,1,0,1,3,4,4,42000
4292,174195,0,0,3,0,0,0,0,0,0,0,0,0,0,0,86,0,0,0,0,0,0,0,0,0,0,1,0,1,3,4,4,42000
4293,174196,0,0,3,0,0,0,0,0,0,0,0,0,0,0,88,0,0,0,0,0,0,0,0,0,0,1,0,1,3,4,4,42000
4294,174197,0,0,3,0,0,0,0,0,0,0,0,0,0,0,89,0,0,0,0,0,0,0,0,0,0,1,0,1,3,4,4,43000
4295,174198,0,0,3,0,0,0,0,0,0,0,0,0,0,0,91,0,0,0,0,0,0,0,0,0,0,1,0,1,3,4,4,43000
4296,174199,0,0,4,0,0,0,0,0,0,0,0,0,0,0,88,0,0,0,0,0,0,0,0,0,0,1,0,1,3,4,4,0
4297,174200,0,0,4,0,0,0,0,0,0,0,0,0,0,0,89,0,0,0,0,0,0,0,0,0,0,1,0,1,3,4,4,0
4298,174201,0,0,4,0,0,0,0,0,0,0,0,0,0,0,91,0,0,0,0,0,0,0,0,0,0,1,0,1,3,4,4,0
4299,174202,0,0,4,0,0,0,0,0,0,0,0,0,0,0,93,0,0,0,0,0,0,0,0,0,0,1,0,1,3,4,4,41000
4300,174203,0,0,4,0,0,0,0,0,0,0,0,0,0,0,94,0,0,0,0,0,0,0,0,0,0,1,0,1,3,4,4,41000
4301,174204,0,0,4,0,0,0,0,0,0,0,0,0,0,0,96,0,0,0,0,0,0,0,0,0,0,1,0,1,3,4,4,41000
4302,174205,0,0,4,0,0,0,0,0,0,0,0,0,0,0,97,0,0,0,0,0,0,0,0,0,0,1,0,1,3,4,4,42000
4303,174206,0,0,4,0,0,0,0,0,0,0,0,0,0,0,99,0,0,0,0,0,0,0,0,0,0,1,0,1,3,4,4,42000
4304,174207,0,0,4,0,0,0,0,0,0,0,0,0,0,0,100,0,0,0,0,0,0,0,0,0,0,1,0,1,3,4,4,42000
4305,174208,0,0,4,0,0,0,0,0,0,0,0,0,0,0,102,0,0,0,0,0,0,0,0,0,0,1,0,1,3,4,4,43000
4306,174209,0,0,4,0,0,0,0,0,0,0,0,0,0,0,103,0,0,0,0,0,0,0,0,0,0,1,0,1,3,4,4,43000
4307,174210,0,0,4,0,0,0,0,0,0,0,0,0,0,0,100,0,0,0,0,0,0,0,0,0,0,1,0,1,3,4,4,0
4308,174211,0,0,4,0,0,0,0,0,0,0,0,0,0,0,102,0,0,0,0,0,0,0,0,0,0,1,0,1,3,4,4,0
4309,174212,0,0,4,0,0,0,0,0,0,0,0,0,0,0,103,0,0,0,0,0,0,0,0,0,0,1,0,1,3,4,4,0
4310,174213,0,0,4,0,0,0,0,0,0,0,0,0,0,0,105,0,0,0,0,0,0,0,0,0,0,1,0,1,3,4,4,41000
4311,174214,0,0,4,0,0,0,0,0,0,0,0,0,0,0,106,0,0,0,0,0,0,0,0,0,0,1,0,1,3,4,4,41000
4312,174215,0,0,4,0,0,0,0,0,0,0,0,0,0,0,108,0,0,0,0,0,0,0,0,0,0,1,0,1,3,4,4,41000
4313,174216,0,0,4,0,0,0,0,0,0,0,0,0,0,0,109,0,0,0,0,0,0,0,0,0,0,1,0,1,3,4,4,42000
4314,174217,0,0,4,0,0,0,0,0,0,0,0,0,0,0,111,0,0,0,0,0,0,0,0,0,0,1,0,1,3,4,4,42000
4315,174218,0,0,4,0,0,0,0,0,0,0,0,0,0,0,112,0,0,0,0,0,0,0,0,0,0,1,0,1,3,4,4,42000
4316,174219,0,0,4,0,0,0,0,0,0,0,0,0,0,0,114,0,0,0,0,0,0,0,0,0,0,1,0,1,3,4,4,43000
4317,174220,0,0,4,0,0,0,0,0,0,0,0,0,0,0,115,0,0,0,0,0,0,0,0,0,0,1,0,1,3,4,4,43000
4318,174221,0,0,4,0,0,0,0,0,0,0,0,0,0,0,112,0,0,0,0,0,0,0,0,0,0,1,0,1,3,4,4,0
4319,174222,0,0,4,0,0,0,0,0,0,0,0,0,0,0,114,0,0,0,0,0,0,0,0,0,0,1,0,1,3,4,4,0
4320,174223,0,0,4,0,0,0,0,0,0,0,0,0,0,0,115,0,0,0,0,0,0,0,0,0,0,1,0,1,3,4,4,0
4321,174224,0,0,4,0,0,0,0,0,0,0,0,0,0,0,117,0,0,0,0,0,0,0,0,0,0,1,0,1,3,4,4,41000
4322,174225,0,0,4,0,0,0,0,0,0,0,0,0,0,0,118,0,0,0,0,0,0,0,0,0,0,1,0,1,3,4,4,41000
4323,174226,0,0,4,0,0,0,0,0,0,0,0,0,0,0,120,0,0,0,0,0,0,0,0,0,0,1,0,1,3,4,4,41000
4324,174227,0,0,4,0,0,0,0,0,0,0,0,0,0,0,121,0,0,0,0,0,0,0,0,0,0,1,0,1,3,4,4,42000
4325,174228,0,0,4,0,0,0,0,0,0,0,0,0,0,0,123,0,0,0,0,0,0,0,0,0,0,1,0,1,3,4,4,42000
4326,174229,0,0,4,0,0,0,0,0,0,0,0,0,0,0,124,0,0,0,0,0,0,0,0,0,0,1,0,1,3,4,4,42000
4327,174230,0,0,4,0,0,0,0,0,0,0,0,0,0,0,126,0,0,0,0,0,0,0,0,0,0,1,0,1,3,4,4,43000
4328,174231,0,0,4,0,0,0,0,0,0,0,0,0,0,0,127,0,0,0,0,0,0,0,0,0,0,1,0,1,3,4,4,43000
4329,174232,0,0,5,0,0,0,0,0,0,0,0,0,0,0,124,0,0,0,0,0,0,0,0,0,0,1,0,1,3,4,4,0
4330,174233,0,0,5,0,0,0,0,0,0,0,0,0,0,0,126,0,0,0,0,0,0,0,0,0,0,1,0,1,3,4,4,0
4331,174234,0,0,5,0,0,0,0,0,0,0,0,0,0,0,127,0,0,0,0,0,0,0,0,0,0,1,0,1,3,4,4,0
4332,174235,0,0,5,0,0,0,0,0,0,0,0,0,0,0,129,0,0,0,0,0,0,0,0,0,0,1,0,1,3,4,4,41000
4333,174236,0,0,5,0,0,0,0,0,0,0,0,0,0,0,130,0,0,0,0,0,0,0,0,0,0,1,0,1,3,4,4,41000
4334,174237,0,0,5,0,0,0,0,0,0,0,0,0,0,0,132,0,0,0,0,0,0,0,0,0,0,1,0,1,3,4,4,41000
4335,174238,0,0,5,0,0,0,0,0,0,0,0,0,0,0,133,0,0,0,0,0,0,0,0,0,0,1,0,1,3,4,4,42000
4336,174239,0,0,5,0,0,0,0,0,0,0,0,0,0,0,135,0,0,0,0,0,0,0,0,0,0,1,0,1,3,4,4,42000
4337,174240,0,0,5,0,0,0,0,0,0,0,0,0,0,0,137,0,0,0,0,0,0,0,0,0,0,1,0,1,3,4,4,42000
4338,174241,0,0,5,0,0,0,0,0,0,0,0,0,0,0,138,0,0,0,0,0,0,0,0,0,0,1,0,1,3,4,4,43000
4339,174242,0,0,5,0,0,0,0,0,0,0,0,0,0,0,140,0,0,0,0,0,0,0,0,0,0,1,0,1,3,4,4,43000
4340,174243,0,0,5,0,0,0,0,0,0,0,0,0,0,0,137,0,0,0,0,0,0,0,0,0,0,1,0,1,3,4,4,0
4341,174244,0,0,5,0,0,0,0,0,0,0,0,0,0,0,138,0,0,0,0,0,0,0,0,0,0,1,0,1,3,4,4,0
4342,174245,0,0,5,0,0,0,0,0,0,0,0,0,0,0,140,0,0,0,0,0,0,0,0,0,0,1,0,1,3,4,4,0
4343,174246,0,0,5,0,0,0,0,0,0,0,0,0,0,0,141,0,0,0,0,0,0,0,0,0,0,1,0,1,3,4,4,41000
4344,174247,0,0,5,0,0,0,0,0,0,0,0,0,0,0,143,0,0,0,0,0,0,0,0,0,0,1,0,1,3,4,4,41000
4345,174248,0,0,5,0,0,0,0,0,0,0,0,0,0,0,144,0,0,0,0,0,0,0,0,0,0,1,0,1,3,4,4,41000
4346,174249,0,0,5,0,0,0,0,0,0,0,0,0,0,0,146,0,0,0,0,0,0,0,0,0,0,1,0,1,3,4,4,42000
4347,174250,0,0,5,0,0,0,0,0,0,0,0,0,0,0,147,0,0,0,0,0,0,0,0,0,0,1,0,1,3,4,4,42000
4348,174251,0,0,5,0,0,0,0,0,0,0,0,0,0,0,149,0,0,0,0,0,0,0,0,0,0,1,0,1,3,4,4,42000
4349,174252,0,0,5,0,0,0,0,0,0,0,0,0,0,0,150,0,0,0,0,0,0,0,0,0,0,1,0,1,3,4,4,43000
4350,174253,0,0,5,0,0,0,0,0,0,0,0,0,0,0,152,0,0,0,0,0,0,0,0,0,0,1,0,1,3,4,4,43000
4351,174254,0,0,5,0,0,0,0,0,0,0,0,0,0,0,149,0,0,0,0,0,0,0,0,0,0,1,0,1,3,4,4,0
4352,174255,0,0,5,0,0,0,0,0,0,0,0,0,0,0,150,0,0,0,0,0,0,0,0,0,0,1,0,1,3,4,4,0
4353,174256,0,0,5,0,0,0,0,0,0,0,0,0,0,0,152,0,0,0,0,0,0,0,0,0,0,1,0,1,3,4,4,0
4354,174257,0,0,5,0,0,0,0,0,0,0,0,0,0,0,153,0,0,0,0,0,0,0,0,0,0,1,0,1,3,4,4,41000
4355,174258,0,0,5,0,0,0,0,0,0,0,0,0,0,0,155,0,0,0,0,0,0,0,0,0,0,1,0,1,3,4,4,41000
4356,174259,0,0,5,0,0,0,0,0,0,0,0,0,0,0,156,0,0,0,0,0,0,0,0,0,0,1,0,1,3,4,4,41000
4357,174260,0,0,5,0,0,0,0,0,0,0,0,0,0,0,158,0,0,0,0,0,0,0,0,0,0,1,0,1,3,4,4,42000
4358,174261,0,0,5,0,0,0,0,0,0,0,0,0,0,0,159,0,0,0,0,0,0,0,0,0,0,1,0,1,3,4,4,42000
4359,174262,0,0,5,0,0,0,0,0,0,0,0,0,0,0,161,0,0,0,0,0,0,0,0,0,0,1,0,1,3,4,4,42000
4360,174263,0,0,5,0,0,0,0,0,0,0,0,0,0,0,162,0,0,0,0,0,0,0,0,0,0,1,0,1,3,4,4,43000
4361,174264,0,0,5,0,0,0,0,0,0,0,0,0,0,0,164,0,0,0,0,0,0,0,0,0,0,1,0,1,3,4,4,43000
4362,174265,0,0,5,0,0,0,0,0,0,0,0,0,0,0,161,0,0,0,0,0,0,0,0,0,0,1,0,1,3,4,4,0
4363,174266,0,0,5,0,0,0,0,0,0,0,0,0,0,0,162,0,0,0,0,0,0,0,0,0,0,1,0,1,3,4,4,0
4364,174267,0,0,5,0,0,0,0,0,0,0,0,0,0,0,164,0,0,0,0,0,0,0,0,0,0,1,0,1,3,4,4,0
4365,174268,0,0,5,0,0,0,0,0,0,0,0,0,0,0,165,0,0,0,0,0,0,0,0,0,0,1,0,1,3,4,4,41000
4366,174269,0,0,5,0,0,0,0,0,0,0,0,0,0,0,167,0,0,0,0,0,0,0,0,0,0,1,0,1,3,4,4,41000
4367,174270,0,0,5,0,0,0,0,0,0,0,0,0,0,0,168,0,0,0,0,0,0,0,0,0,0,1,0,1,3,4,4,41000
4368,174271,0,0,5,0,0,0,0,0,0,0,0,0,0,0,170,0,0,0,0,0,0,0,0,0,0,1,0,1,3,4,4,42000
4369,174272,0,0,5,0,0,0,0,0,0,0,0,0,0,0,171,0,0,0,0,0,0,0,0,0,0,1,0,1,3,4,4,42000
4370,174273,0,0,5,0,0,0,0,0,0,0,0,0,0,0,173,0,0,0,0,0,0,0,0,0,0,1,0,1,3,4,4,42000
4371,174274,0,0,5,0,0,0,0,0,0,0,0,0,0,0,174,0,0,0,0,0,0,0,0,0,0,1,0,1,3,4,4,43000
4372,174275,0,0,5,0,0,0,0,0,0,0,0,0,0,0,176,0,0,0,0,0,0,0,0,0,0,1,0,1,3,4,4,43000
4373,174276,0,0,5,0,0,0,0,0,0,0,0,0,0,0,173,0,0,0,0,0,0,0,0,0,0,1,0,1,3,4,4,0
4374,174277,0,0,5,0,0,0,0,0,0,0,0,0,0,0,174,0,0,0,0,0,0,0,0,0,0,1,0,1,3,4,4,0
4375,174278,0,0,5,0,0,0,0,0,0,0,0,0,0,0,176,0,0,0,0,0,0,0,0,0,0,1,0,1,3,4,4,0
4376,174279,0,0,5,0,0,0,0,0,0,0,0,0,0,0,177,0,0,0,0,0,0,0,0,0,0,1,0,1,3,4,4,41000
4377,174280,0,0,5,0,0,0,0,0,0,0,0,0,0,0,179,0,0,0,0,0,0,0,0,0,0,1,0,1,3,4,4,41000
4378,174281,0,0,5,0,0,0,0,0,0,0,0,0,0,0,180,0,0,0,0,0,0,0,0,0,0,1,0,1,3,4,4,41000
4379,174282,0,0,5,0,0,0,0,0,0,0,0,0,0,0,182,0,0,0,0,0,0,0,0,0,0,1,0,1,3,4,4,42000
4380,174283,0,0,5,0,0,0,0,0,0,0,0,0,0,0,184,0,0,0,0,0,0,0,0,0,0,1,0,1,3,4,4,42000
4381,174284,0,0,5,0,0,0,0,0,0,0,0,0,0,0,185,0,0,0,0,0,0,0,0,0,0,1,0,1,3,4,4,42000
4382,174285,0,0,5,0,0,0,0,0,0,0,0,0,0,0,187,0,0,0,0,0,0,0,0,0,0,1,0,1,3,4,4,43000
4383,174286,0,0,5,0,0,0,0,0,0,0,0,0,0,0,188,0,0,0,0,0,0,0,0,0,0,1,0,1,3,4,4,43000
4384,174287,0,0,5,0,0,0,0,0,0,0,0,0,0,0,185,0,0,0,0,0,0,0,0,0,0,1,0,1,3,4,4,0
4385,174288,0,0,5,0,0,0,0,0,0,0,0,0,0,0,187,0,0,0,0,0,0,0,0,0,0,1,0,1,3,4,4,0
4386,174289,0,0,5,0,0,0,0,0,0,0,0,0,0,0,188,0,0,0,0,0,0,0,0,0,0,1,0,1,3,4,4,0
4387,174290,0,0,5,0,0,0,0,0,0,0,0,0,0,0,190,0,0,0,0,0,0,0,0,0,0,1,0,1,3,4,4,41000
4388,174291,0,0,5,0,0,0,0,0,0,0,0,0,0,0,191,0,0,0,0,0,0,0,0,0,0,1,0,1,3,4,4,41000
4389,174292,0,0,5,0,0,0,0,0,0,0,0,0,0,0,193,0,0,0,0,0,0,0,0,0,0,1,0,1,3,4,4,41000
4390,174293,0,0,5,0,0,0,0,0,0,0,0,0,0,0,194,0,0,0,0,0,0,0,0,0,0,1,0,1,3,4,4,42000
4391,174294,0,0,5,0,0,0,0,0,0,0,0,0,0,0,196,0,0,0,0,0,0,0,0,0,0,1,0,1,3,4,4,42000
4392,174295,0,0,5,0,0,0,0,0,0,0,0,0,0,0,197,0,0,0,0,0,0,0,0,0,0,1,0,1,3,4,4,42000
4393,174296,0,0,5,0,0,0,0,0,0,0,0,0,0,0,199,0,0,0,0,0,0,0,0,0,0,1,0,1,3,4,4,43000
4394,174297,0,0,5,0,0,0,0,0,0,0,0,0,0,0,200,0,0,0,0,0,0,0,0,0,0,1,0,1,3,4,4,43000
4395,174298,0,0,5,0,0,0,0,0,0,0,0,0,0,0,197,0,0,0,0,0,0,0,0,0,0,1,0,1,3,4,4,0
4396,174299,0,0,5,0,0,0,0,0,0,0,0,0,0,0,199,0,0,0,0,0,0,0,0,0,0,1,0,1,3,4,4,0
4397,174300,0,0,5,0,0,0,0,0,0,0,0,0,0,0,200,0,0,0,0,0,0,0,0,0,0,1,0,1,3,4,4,0
4398,174301,0,0,5,0,0,0,0,0,0,0,0,0,0,0,202,0,0,0,0,0,0,0,0,0,0,1,0,1,3,4,4,41000
4399,174302,0,0,5,0,0,0,0,0,0,0,0,0,0,0,203,0,0,0,0,0,0,0,0,0,0,1,0,1,3,4,4,41000
4400,174303,0,0,5,0,0,0,0,0,0,0,0,0,0,0,205,0,0,0,0,0,0,0,0,0,0,1,0,1,3,4,4,41000
4401,174304,0,0,5,0,0,0,0,0,0,0,0,0,0,0,206,0,0,0,0,0,0,0,0,0,0,1,0,1,3,4,4,42000
4402,174305,0,0,5,0,0,0,0,0,0,0,0,0,0,0,208,0,0,0,0,0,0,0,0,0,0,1,0,1,3,4,4,42000
4403,174306,0,0,5,0,0,0,0,0,0,0,0,0,0,0,209,0,0,0,0,0,0,0,0,0,0,1,0,1,3,4,4,42000
4404,174307,0,0,5,0,0,0,0,0,0,0,0,0,0,0,211,0,0,0,0,0,0,0,0,0,0,1,0,1,3,4,4,43000
4405,174308,0,0,5,0,0,0,0,0,0,0,0,0,0,0,212,0,0,0,0,0,0,0,0,0,0,1,0,1,3,4,4,43000
4406,174309,0,0,5,0,0,0,0,0,0,0,0,0,0,0,209,0,0,0,0,0,0,0,0,0,0,1,0,1,3,4,4,0
4407,174310,0,0,5,0,0,0,0,0,0,0,0,0,0,0,211,0,0,0,0,0,0,0,0,0,0,1,0,1,3,4,4,0
4408,174311,0,0,5,0,0,0,0,0,0,0,0,0,0,0,212,0,0,0,0,0,0,0,0,0,0,1,0,1,3,4,4,0
4409,174312,0,0,5,0,0,0,0,0,0,0,0,0,0,0,214,0,0,0,0,0,0,0,0,0,0,1,0,1,3,4,4,41000
4410,174313,0,0,5,0,0,0,0,0,0,0,0,0,0,0,215,0,0,0,0,0,0,0,0,0,0,1,0,1,3,4,4,41000
4411,174314,0,0,5,0,0,0,0,0,0,0,0,0,0,0,217,0,0,0,0,0,0,0,0,0,0,1,0,1,3,4,4,41000
4412,174315,0,0,5,0,0,0,0,0,0,0,0,0,0,0,218,0,0,0,0,0,0,0,0,0,0,1,0,1,3,4,4,42000
4413,174316,0,0,5,0,0,0,0,0,0,0,0,0,0,0,220,0,0,0,0,0,0,0,0,0,0,1,0,1,3,4,4,42000
4414,174317,0,0,5,0,0,0,0,0,0,0,0,0,0,0,221,0,0,0,0,0,0,0,0,0,0,1,0,1,3,4,4,42000
4415,174318,0,0,5,0,0,0,0,0,0,0,0,0,0,0,223,0,0,0,0,0,0,0,0,0,0,1,0,1,3,4,4,43000
4416,174319,0,0,5,0,0,0,0,0,0,0,0,0,0,0,224,0,0,0,0,0,0,0,0,0,0,1,0,1,3,4,4,43000
4417,174320,0,0,5,0,0,0,0,0,0,0,0,0,0,0,221,0,0,0,0,0,0,0,0,0,0,1,0,1,3,4,4,0
4418,174321,0,0,5,0,0,0,0,0,0,0,0,0,0,0,223,0,0,0,0,0,0,0,0,0,0,1,0,1,3,4,4,0
4419,174322,0,0,5,0,0,0,0,0,0,0,0,0,0,0,224,0,0,0,0,0,0,0,0,0,0,1,0,1,3,4,4,0
4420,174323,0,0,5,0,0,0,0,0,0,0,0,0,0,0,226,0,0,0,0,0,0,0,0,0,0,1,0,1,3,4,4,41000
4421,174324,0,0,5,0,0,0,0,0,0,0,0,0,0,0,228,0,0,0,0,0,0,0,0,0,0,1,0,1,3,4,4,41000
4422,174325,0,0,5,0,0,0,0,0,0,0,0,0,0,0,229,0,0,0,0,0,0,0,0,0,0,1,0,1,3,4,4,41000
4423,174326,0,0,5,0,0,0,0,0,0,0,0,0,0,0,231,0,0,0,0,0,0,0,0,0,0,1,0,1,3,4,4,42000
4424,174327,0,0,5,0,0,0,0,0,0,0,0,0,0,0,232,0,0,0,0,0,0,0,0,0,0,1,0,1,3,4,4,42000
4425,174328,0,0,5,0,0,0,0,0,0,0,0,0,0,0,234,0,0,0,0,0,0,0,0,0,0,1,0,1,3,4,4,42000
4426,174329,0,0,5,0,0,0,0,0,0,0,0,0,0,0,235,0,0,0,0,0,0,0,0,0,0,1,0,1,3,4,4,43000
4427,174330,0,0,5,0,0,0,0,0,0,0,0,0,0,0,237,0,0,0,0,0,0,0,0,0,0,1,0,1,3,4,4,43000
4428,174331,0,0,5,0,0,0,0,0,0,0,0,0,0,0,234,0,0,0,0,0,0,0,0,0,0,1,0,1,3,4,4,0
4429,174332,0,0,5,0,0,0,0,0,0,0,0,0,0,0,235,0,0,0,0,0,0,0,0,0,0,1,0,1,3,4,4,0
4430,174333,0,0,5,0,0,0,0,0,0,0,0,0,0,0,237,0,0,0,0,0,0,0,0,0,0,1,0,1,3,4,4,0
4431,174334,0,0,5,0,0,0,0,0,0,0,0,0,0,0,238,0,0,0,0,0,0,0,0,0,0,1,0,1,3,4,4,41000
4432,174335,0,0,5,0,0,0,0,0,0,0,0,0,0,0,240,0,0,0,0,0,0,0,0,0,0,1,0,1,3,4,4,41000
4433,174336,0,0,5,0,0,0,0,0,0,0,0,0,0,0,241,0,0,0,0,0,0,0,0,0,0,1,0,1,3,4,4,41000
4434,174337,0,0,5,0,0,0,0,0,0,0,0,0,0,0,243,0,0,0,0,0,0,0,0,0,0,1,0,1,3,4,4,42000
4435,174338,0,0,5,0,0,0,0,0,0,0,0,0,0,0,244,0,0,0,0,0,0,0,0,0,0,1,0,1,3,4,4,42000
4436,174339,0,0,5,0,0,0,0,0,0,0,0,0,0,0,246,0,0,0,0,0,0,0,0,0,0,1,0,1,3,4,4,42000
4437,174340,0,0,5,0,0,0,0,0,0,0,0,0,0,0,247,0,0,0,0,0,0,0,0,0,0,1,0,1,3,4,4,43000
4438,174341,0,0,5,0,0,0,0,0,0,0,0,0,0,0,249,0,0,0,0,0,0,0,0,0,0,1,0,1,3,4,4,43000
4439,174342,0,0,5,0,0,0,0,0,0,0,0,0,0,0,246,0,0,0,0,0,0,0,0,0,0,1,0,1,3,4,4,0
4440,174343,0,0,5,0,0,0,0,0,0,0,0,0,0,0,247,0,0,0,0,0,0,0,0,0,0,1,0,1,3,4,4,0
4441,174344,0,0,5,0,0,0,0,0,0,0,0,0,0,0,249,0,0,0,0,0,0,0,0,0,0,1,0,1,3,4,4,0
4442,174345,0,0,5,0,0,0,0,0,0,0,0,0,0,0,250,0,0,0,0,0,0,0,0,0,0,1,0,1,3,4,4,41000
4443,174346,0,0,5,0,0,0,0,0,0,0,0,0,0,0,252,0,0,0,0,0,0,0,0,0,0,1,0,1,3,4,4,41000
4444,174347,0,0,5,0,0,0,0,0,0,0,0,0,0,0,254,0,0,0,0,0,0,0,0,0,0,1,0,1,3,4,4,41000
4445,174348,0,0,5,0,0,0,0,0,0,0,0,0,0,0,256,0,0,0,0,0,0,0,0,0,0,1,0,1,3,4,4,42000
4446,174349,0,0,5,0,0,0,0,0,0,0,0,0,0,0,258,0,0,0,0,0,0,0,0,0,0,1,0,1,3,4,4,42000
4447,174350,0,0,5,0,0,0,0,0,0,0,0,0,0,0,260,0,0,0,0,0,0,0,0,0,0,1,0,1,3,4,4,42000
4448,174351,0,0,5,0,0,0,0,0,0,0,0,0,0,0,262,0,0,0,0,0,0,0,0,0,0,1,0,1,3,4,4,43000
4449,174352,0,0,5,0,0,0,0,0,0,0,0,0,0,0,264,0,0,0,0,0,0,0,0,0,0,1,0,1,3,4,4,43000
4450,174353,0,0,5,0,0,0,0,0,0,0,0,0,0,0,260,0,0,0,0,0,0,0,0,0,0,1,0,1,3,4,4,0
4451,174354,0,0,5,0,0,0,0,0,0,0,0,0,0,0,262,0,0,0,0,0,0,0,0,0,0,1,0,1,3,4,4,0
4452,174355,0,0,5,0,0,0,0,0,0,0,0,0,0,0,264,0,0,0,0,0,0,0,0,0,0,1,0,1,3,4,4,0
4453,174356,0,0,5,0,0,0,0,0,0,0,0,0,0,0,265,0,0,0,0,0,0,0,0,0,0,1,0,1,3,4,4,41000
4454,174357,0,0,5,0,0,0,0,0,0,0,0,0,0,0,267,0,0,0,0,0,0,0,0,0,0,1,0,1,3,4,4,41000
4455,174358,0,0,5,0,0,0,0,0,0,0,0,0,0,0,269,0,0,0,0,0,0,0,0,0,0,1,0,1,3,4,4,41000
4456,174359,0,0,5,0,0,0,0,0,0,0,0,0,0,0,271,0,0,0,0,0,0,0,0,0,0,1,0,1,3,4,4,42000
4457,174360,0,0,5,0,0,0,0,0,0,0,0,0,0,0,273,0,0,0,0,0,0,0,0,0,0,1,0,1,3,4,4,42000
4458,174361,0,0,5,0,0,0,0,0,0,0,0,0,0,0,275,0,0,0,0,0,0,0,0,0,0,1,0,1,3,4,4,42000
4459,174362,0,0,5,0,0,0,0,0,0,0,0,0,0,0,277,0,0,0,0,0,0,0,0,0,0,1,0,1,3,4,4,43000
4460,174363,0,0,5,0,0,0,0,0,0,0,0,0,0,0,279,0,0,0,0,0,0,0,0,0,0,1,0,1,3,4,4,43000
4461,174364,0,0,5,0,0,0,0,0,0,0,0,0,0,0,275,0,0,0,0,0,0,0,0,0,0,1,0,1,3,4,4,0
4462,174365,0,0,5,0,0,0,0,0,0,0,0,0,0,0,277,0,0,0,0,0,0,0,0,0,0,1,0,1,3,4,4,0
4463,174366,0,0,5,0,0,0,0,0,0,0,0,0,0,0,279,0,0,0,0,0,0,0,0,0,0,1,0,1,3,4,4,0
4464,174367,0,0,5,0,0,0,0,0,0,0,0,0,0,0,281,0,0,0,0,0,0,0,0,0,0,1,0,1,3,4,4,41000
4465,174368,0,0,5,0,0,0,0,0,0,0,0,0,0,0,282,0,0,0,0,0,0,0,0,0,0,1,0,1,3,4,4,41000
4466,174369,0,0,5,0,0,0,0,0,0,0,0,0,0,0,284,0,0,0,0,0,0,0,0,0,0,1,0,1,3,4,4,41000
4467,174370,0,0,5,0,0,0,0,0,0,0,0,0,0,0,286,0,0,0,0,0,0,0,0,0,0,1,0,1,3,4,4,42000
4468,174371,0,0,6,0,0,0,0,0,0,0,0,0,0,0,288,0,0,0,0,0,0,0,0,0,0,1,0,1,3,4,4,42000
4469,174372,0,0,6,0,0,0,0,0,0,0,0,0,0,0,290,0,0,0,0,0,0,0,0,0,0,1,0,1,3,4,4,42000
4470,174373,0,0,6,0,0,0,0,0,0,0,0,0,0,0,292,0,0,0,0,0,0,0,0,0,0,1,0,1,3,4,4,43000
4471,174374,0,0,6,0,0,0,0,0,0,0,0,0,0,0,294,0,0,0,0,0,0,0,0,0,0,1,0,1,3,4,4,43000
4472,174375,0,0,6,0,0,0,0,0,0,0,0,0,0,0,290,0,0,0,0,0,0,0,0,0,0,1,0,1,3,4,4,0
4473,174376,0,0,6,0,0,0,0,0,0,0,0,0,0,0,292,0,0,0,0,0,0,0,0,0,0,1,0,1,3,4,4,0
4474,174377,0,0,6,0,0,0,0,0,0,0,0,0,0,0,294,0,0,0,0,0,0,0,0,0,0,1,0,1,3,4,4,0
4475,174378,0,0,6,0,0,0,0,0,0,0,0,0,0,0,296,0,0,0,0,0,0,0,0,0,0,1,0,1,3,4,4,41000
4476,174379,0,0,6,0,0,0,0,0,0,0,0,0,0,0,298,0,0,0,0,0,0,0,0,0,0,1,0,1,3,4,4,41000
4477,174380,0,0,6,0,0,0,0,0,0,0,0,0,0,0,300,0,0,0,0,0,0,0,0,0,0,1,0,1,3,4,4,41000
4478,174381,0,0,6,0,0,0,0,0,0,0,0,0,0,0,301,0,0,0,0,0,0,0,0,0,0,1,0,1,3,4,4,42000
4479,174382,0,0,6,0,0,0,0,0,0,0,0,0,0,0,303,0,0,0,0,0,0,0,0,0,0,1,0,1,3,4,4,42000
4480,174383,0,0,6,0,0,0,0,0,0,0,0,0,0,0,305,0,0,0,0,0,0,0,0,0,0,1,0,1,3,4,4,42000
4481,174384,0,0,6,0,0,0,0,0,0,0,0,0,0,0,307,0,0,0,0,0,0,0,0,0,0,1,0,1,3,4,4,43000
4482,174385,0,0,6,0,0,0,0,0,0,0,0,0,0,0,309,0,0,0,0,0,0,0,0,0,0,1,0,1,3,4,4,43000
4483,174386,0,0,6,0,0,0,0,0,0,0,0,0,0,0,305,0,0,0,0,0,0,0,0,0,0,1,0,1,3,4,4,0
4484,174387,0,0,6,0,0,0,0,0,0,0,0,0,0,0,307,0,0,0,0,0,0,0,0,0,0,1,0,1,3,4,4,0
4485,174388,0,0,6,0,0,0,0,0,0,0,0,0,0,0,309,0,0,0,0,0,0,0,0,0,0,1,0,1,3,4,4,0
4486,174389,0,0,6,0,0,0,0,0,0,0,0,0,0,0,311,0,0,0,0,0,0,0,0,0,0,1,0,1,3,4,4,41000
4487,174390,0,0,6,0,0,0,0,0,0,0,0,0,0,0,313,0,0,0,0,0,0,0,0,0,0,1,0,1,3,4,4,41000
4488,174391,0,0,6,0,0,0,0,0,0,0,0,0,0,0,315,0,0,0,0,0,0,0,0,0,0,1,0,1,3,4,4,41000
4489,174392,0,0,6,0,0,0,0,0,0,0,0,0,0,0,317,0,0,0,0,0,0,0,0,0,0,1,0,1,3,4,4,42000
4490,174393,0,0,6,0,0,0,0,0,0,0,0,0,0,0,319,0,0,0,0,0,0,0,0,0,0,1,0,1,3,4,4,42000
4491,174394,0,0,6,0,0,0,0,0,0,0,0,0,0,0,320,0,0,0,0,0,0,0,0,0,0,1,0,1,3,4,4,42000
4492,174395,0,0,6,0,0,0,0,0,0,0,0,0,0,0,322,0,0,0,0,0,0,0,0,0,0,1,0,1,3,4,4,43000
4493,174396,0,0,6,0,0,0,0,0,0,0,0,0,0,0,324,0,0,0,0,0,0,0,0,0,0,1,0,1,3,4,4,43000
4494,174397,0,0,6,0,0,0,0,0,0,0,0,0,0,0,320,0,0,0,0,0,0,0,0,0,0,1,0,1,3,4,4,0
4495,174398,0,0,6,0,0,0,0,0,0,0,0,0,0,0,322,0,0,0,0,0,0,0,0,0,0,1,0,1,3,4,4,0
4496,174399,0,0,6,0,0,0,0,0,0,0,0,0,0,0,324,0,0,0,0,0,0,0,0,0,0,1,0,1,3,4,4,0
4497,174400,0,0,6,0,0,0,0,0,0,0,0,0,0,0,326,0,0,0,0,0,0,0,0,0,0,1,0,1,3,4,4,41000
4498,174401,0,0,6,0,0,0,0,0,0,0,0,0,0,0,328,0,0,0,0,0,0,0,0,0,0,1,0,1,3,4,4,41000
4499,174402,0,0,6,0,0,0,0,0,0,0,0,0,0,0,330,0,0,0,0,0,0,0,0,0,0,1,0,1,3,4,4,41000
4500,174403,0,0,6,0,0,0,0,0,0,0,0,0,0,0,332,0,0,0,0,0,0,0,0,0,0,1,0,1,3,4,4,42000
4501,174404,0,0,6,0,0,0,0,0,0,0,0,0,0,0,334,0,0,0,0,0,0,0,0,0,0,1,0,1,3,4,4,42000
4502,174405,0,0,6,0,0,0,0,0,0,0,0,0,0,0,336,0,0,0,0,0,0,0,0,0,0,1,0,1,3,4,4,42000
4503,174406,0,0,6,0,0,0,0,0,0,0,0,0,0,0,337,0,0,0,0,0,0,0,0,0,0,1,0,1,3,4,4,43000
4504,174407,0,0,6,0,0,0,0,0,0,0,0,0,0,0,339,0,0,0,0,0,0,0,0,0,0,1,0,1,3,4,4,43000
4505,174408,0,0,6,0,0,0,0,0,0,0,0,0,0,0,336,0,0,0,0,0,0,0,0,0,0,1,0,1,3,4,4,0
4506,174409,0,0,6,0,0,0,0,0,0,0,0,0,0,0,337,0,0,0,0,0,0,0,0,0,0,1,0,1,3,4,4,0
4507,174410,0,0,6,0,0,0,0,0,0,0,0,0,0,0,339,0,0,0,0,0,0,0,0,0,0,1,0,1,3,4,4,0
4508,174411,0,0,6,0,0,0,0,0,0,0,0,0,0,0,341,0,0,0,0,0,0,0,0,0,0,1,0,1,3,4,4,41000
4509,174412,0,0,6,0,0,0,0,0,0,0,0,0,0,0,343,0,0,0,0,0,0,0,0,0,0,1,0,1,3,4,4,41000
4510,174413,0,0,6,0,0,0,0,0,0,0,0,0,0,0,345,0,0,0,0,0,0,0,0,0,0,1,0,1,3,4,4,41000
4511,174414,0,0,6,0,0,0,0,0,0,0,0,0,0,0,347,0,0,0,0,0,0,0,0,0,0,1,0,1,3,4,4,42000
4512,174415,0,0,6,0,0,0,0,0,0,0,0,0,0,0,349,0,0,0,0,0,0,0,0,0,0,1,0,1,3,4,4,42000
4513,174416,0,0,6,0,0,0,0,0,0,0,0,0,0,0,351,0,0,0,0,0,0,0,0,0,0,1,0,1,3,4,4,42000
4514,174417,0,0,6,0,0,0,0,0,0,0,0,0,0,0,353,0,0,0,0,0,0,0,0,0,0,1,0,1,3,4,4,43000
4515,174418,0,0,6,0,0,0,0,0,0,0,0,0,0,0,355,0,0,0,0,0,0,0,0,0,0,1,0,1,3,4,4,43000
4516,174419,0,0,6,0,0,0,0,0,0,0,0,0,0,0,351,0,0,0,0,0,0,0,0,0,0,1,0,1,3,4,4,0
4517,174420,0,0,6,0,0,0,0,0,0,0,0,0,0,0,353,0,0,0,0,0,0,0,0,0,0,1,0,1,3,4,4,0
4518,174421,0,0,6,0,0,0,0,0,0,0,0,0,0,0,355,0,0,0,0,0,0,0,0,0,0,1,0,1,3,4,4,0
4519,174422,0,0,6,0,0,0,0,0,0,0,0,0,0,0,356,0,0,0,0,0,0,0,0,0,0,1,0,1,3,4,4,41000
4520,174423,0,0,6,0,0,0,0,0,0,0,0,0,0,0,358,0,0,0,0,0,0,0,0,0,0,1,0,1,3,4,4,41000
4521,174424,0,0,6,0,0,0,0,0,0,0,0,0,0,0,360,0,0,0,0,0,0,0,0,0,0,1,0,1,3,4,4,41000
4522,174425,0,0,6,0,0,0,0,0,0,0,0,0,0,0,362,0,0,0,0,0,0,0,0,0,0,1,0,1,3,4,4,42000
4523,174426,0,0,6,0,0,0,0,0,0,0,0,0,0,0,364,0,0,0,0,0,0,0,0,0,0,1,0,1,3,4,4,42000
4524,175100,0,0,1,0,0,0,0,0,0,0,0,0,7,0,0,1,0,0,0,0,0,0,0,0,0,0,0,1,3,0,64,0
4525,175101,0,0,1,0,0,0,0,0,0,0,0,0,14,0,0,1,0,0,0,0,0,0,0,0,0,0,0,1,3,0,64,0
4526,175102,0,0,1,0,0,0,0,0,0,0,0,0,21,0,0,2,0,0,0,0,0,0,0,0,0,0,0,1,3,0,64,0
4527,175103,0,0,1,0,0,0,0,0,0,0,0,0,28,0,0,3,0,0,0,0,0,0,0,0,0,0,0,1,3,0,64,0
4528,175104,0,0,1,0,0,0,0,0,0,0,0,0,35,0,0,3,0,0,0,0,0,0,0,0,0,0,0,1,3,0,64,0
4529,175105,0,0,1,0,0,0,0,0,0,0,0,0,42,0,0,4,0,0,0,0,0,0,0,0,0,0,0,1,3,0,64,0
4530,175106,0,0,1,0,0,0,0,0,0,0,0,0,49,0,0,5,0,0,0,0,0,0,0,0,0,0,0,1,3,0,64,0
4531,175107,0,0,1,0,0,0,0,0,0,0,0,0,56,0,0,5,0,0,0,0,0,0,0,0,0,0,0,1,3,0,64,0
4532,175108,0,0,1,0,0,0,0,0,0,0,0,0,63,0,0,6,0,0,0,0,0,0,0,0,0,0,0,1,3,0,64,0
4533,175109,0,0,1,0,0,0,0,0,0,0,0,0,70,0,0,7,0,0,0,0,0,0,0,0,0,0,0,1,3,0,64,0
4534,175110,0,0,1,0,0,0,0,0,0,0,0,0,77,0,0,7,0,0,0,0,0,0,0,0,0,0,0,1,3,0,64,0
4535,175111,0,0,1,0,0,0,0,0,0,0,0,0,63,0,0,6,0,0,0,0,0,0,0,0,0,0,0,1,3,0,64,0
4536,175112,0,0,1,0,0,0,0,0,0,0,0,0,70,0,0,7,0,0,0,0,0,0,0,0,0,0,0,1,3,0,64,0
4537,175113,0,0,1,0,0,0,0,0,0,0,0,0,77,0,0,7,0,0,0,0,0,0,0,0,0,0,0,1,3,0,64,0
4538,175114,0,0,1,0,0,0,0,0,0,0,0,0,84,0,0,8,0,0,0,0,0,0,0,0,0,0,0,1,3,0,64,0
4539,175115,0,0,1,0,0,0,0,0,0,0,0,0,91,0,0,8,0,0,0,0,0,0,0,0,0,0,0,1,3,0,64,0
4540,175116,0,0,1,0,0,0,0,0,0,0,0,0,98,0,0,9,0,0,0,0,0,0,0,0,0,0,0,1,3,0,64,0
4541,175117,0,0,1,0,0,0,0,0,0,0,0,0,105,0,0,10,0,0,0,0,0,0,0,0,0,0,0,1,3,0,64,0
4542,175118,0,0,1,0,0,0,0,0,0,0,0,0,112,0,0,10,0,0,0,0,0,0,0,0,0,0,0,1,3,0,64,0
4543,175119,0,0,1,0,0,0,0,0,0,0,0,0,119,0,0,11,0,0,0,0,0,0,0,0,0,0,0,1,3,0,64,0
4544,175120,0,0,1,0,0,0,0,0,0,0,0,0,126,0,0,12,0,0,0,0,0,0,0,0,0,0,0,1,3,0,64,0
4545,175121,0,0,1,0,0,0,0,0,0,0,0,0,133,0,0,12,0,0,0,0,0,0,0,0,0,0,0,1,3,0,64,0
4546,175122,0,0,1,0,0,0,0,0,0,0,0,0,119,0,0,11,0,0,0,0,0,0,0,0,0,0,0,1,3,0,64,0
4547,175123,0,0,1,0,0,0,0,0,0,0,0,0,126,0,0,12,0,0,0,0,0,0,0,0,0,0,0,1,3,0,64,0
4548,175124,0,0,1,0,0,0,0,0,0,0,0,0,133,0,0,12,0,0,0,0,0,0,0,0,0,0,0,1,3,0,64,0
4549,175125,0,0,1,0,0,0,0,0,0,0,0,0,140,0,0,13,0,0,0,0,0,0,0,0,0,0,0,1,3,0,64,0
4550,175126,0,0,1,0,0,0,0,0,0,0,0,0,147,0,0,14,0,0,0,0,0,0,0,0,0,0,0,1,3,0,64,0
4551,175127,0,0,1,0,0,0,0,0,0,0,0,0,154,0,0,14,0,0,0,0,0,0,0,0,0,0,0,1,3,0,64,0
4552,175128,0,0,1,0,0,0,0,0,0,0,0,0,161,0,0,15,0,0,0,0,0,0,0,0,0,0,0,1,3,0,64,0
4553,175129,0,0,1,0,0,0,0,0,0,0,0,0,168,0,0,16,0,0,0,0,0,0,0,0,0,0,0,1,3,0,64,0
4554,175130,0,0,1,0,0,0,0,0,0,0,0,0,175,0,0,16,0,0,0,0,0,0,0,0,0,0,0,1,3,0,64,0
4555,175131,0,0,1,0,0,0,0,0,0,0,0,0,182,0,0,17,0,0,0,0,0,0,0,0,0,0,0,1,3,0,64,0
4556,175132,0,0,1,0,0,0,0,0,0,0,0,0,189,0,0,18,0,0,0,0,0,0,0,0,0,0,0,1,3,0,64,0
4557,175133,0,0,2,0,0,0,0,0,0,0,0,0,175,0,0,16,0,0,0,0,0,0,0,0,0,0,0,1,3,0,64,0
4558,175134,0,0,2,0,0,0,0,0,0,0,0,0,182,0,0,17,0,0,0,0,0,0,0,0,0,0,0,1,3,0,64,0
4559,175135,0,0,2,0,0,0,0,0,0,0,0,0,189,0,0,18,0,0,0,0,0,0,0,0,0,0,0,1,3,0,64,0
4560,175136,0,0,2,0,0,0,0,0,0,0,0,0,196,0,0,18,0,0,0,0,0,0,0,0,0,0,0,1,3,0,64,0
4561,175137,0,0,2,0,0,0,0,0,0,0,0,0,203,0,0,19,0,0,0,0,0,0,0,0,0,0,0,1,3,0,64,0
4562,175138,0,0,2,0,0,0,0,0,0,0,0,0,210,0,0,20,0,0,0,0,0,0,0,0,0,0,0,1,3,0,64,0
4563,175139,0,0,2,0,0,0,0,0,0,0,0,0,217,0,0,20,0,0,0,0,0,0,0,0,0,0,0,1,3,0,64,0
4564,175140,0,0,2,0,0,0,0,0,0,0,0,0,224,0,0,21,0,0,0,0,0,0,0,0,0,0,0,1,3,0,64,0
4565,175141,0,0,2,0,0,0,0,0,0,0,0,0,231,0,0,21,0,0,0,0,0,0,0,0,0,0,0,1,3,0,64,0
4566,175142,0,0,2,0,0,0,0,0,0,0,0,0,238,0,0,22,0,0,0,0,0,0,0,0,0,0,0,1,3,0,64,0
4567,175143,0,0,2,0,0,0,0,0,0,0,0,0,245,0,0,23,0,0,0,0,0,0,0,0,0,0,0,1,3,0,64,0
4568,175144,0,0,2,0,0,0,0,0,0,0,0,0,231,0,0,21,0,0,0,0,0,0,0,0,0,0,0,1,3,0,64,0
4569,175145,0,0,2,0,0,0,0,0,0,0,0,0,238,0,0,22,0,0,0,0,0,0,0,0,0,0,0,1,3,0,64,0
4570,175146,0,0,2,0,0,0,0,0,0,0,0,0,245,0,0,23,0,0,0,0,0,0,0,0,0,0,0,1,3,0,64,0
4571,175147,0,0,2,0,0,0,0,0,0,0,0,0,252,0,0,23,0,0,0,0,0,0,0,0,0,0,0,1,3,0,64,0
4572,175148,0,0,2,0,0,0,0,0,0,0,0,0,259,0,0,24,0,0,0,0,0,0,0,0,0,0,0,1,3,0,64,0
4573,175149,0,0,2,0,0,0,0,0,0,0,0,0,266,0,0,25,0,0,0,0,0,0,0,0,0,0,0,1,3,0,64,0
4574,175150,0,0,2,0,0,0,0,0,0,0,0,0,273,0,0,25,0,0,0,0,0,0,0,0,0,0,0,1,3,0,64,0
4575,175151,0,0,2,0,0,0,0,0,0,0,0,0,280,0,0,26,0,0,0,0,0,0,0,0,0,0,0,1,3,0,64,0
4576,175152,0,0,2,0,0,0,0,0,0,0,0,0,287,0,0,27,0,0,0,0,0,0,0,0,0,0,0,1,3,0,64,0
4577,175153,0,0,2,0,0,0,0,0,0,0,0,0,294,0,0,27,0,0,0,0,0,0,0,0,0,0,0,1,3,0,64,0
4578,175154,0,0,2,0,0,0,0,0,0,0,0,0,301,0,0,28,0,0,0,0,0,0,0,0,0,0,0,1,3,0,64,0
4579,175155,0,0,2,0,0,0,0,0,0,0,0,0,287,0,0,27,0,0,0,0,0,0,0,0,0,0,0,1,3,0,64,0
4580,175156,0,0,2,0,0,0,0,0,0,0,0,0,294,0,0,27,0,0,0,0,0,0,0,0,0,0,0,1,3,0,64,0
4581,175157,0,0,2,0,0,0,0,0,0,0,0,0,301,0,0,28,0,0,0,0,0,0,0,0,0,0,0,1,3,0,64,0
4582,175158,0,0,2,0,0,0,0,0,0,0,0,0,308,0,0,29,0,0,0,0,0,0,0,0,0,0,0,1,3,0,64,0
4583,175159,0,0,2,0,0,0,0,0,0,0,0,0,315,0,0,29,0,0,0,0,0,0,0,0,0,0,0,1,3,0,64,0
4584,175160,0,0,2,0,0,0,0,0,0,0,0,0,322,0,0,30,0,0,0,0,0,0,0,0,0,0,0,1,3,0,64,0
4585,175161,0,0,2,0,0,0,0,0,0,0,0,0,329,0,0,31,0,0,0,0,0,0,0,0,0,0,0,1,3,0,64,0
4586,175162,0,0,2,0,0,0,0,0,0,0,0,0,336,0,0,31,0,0,0,0,0,0,0,0,0,0,0,1,3,0,64,0
4587,175163,0,0,2,0,0,0,0,0,0,0,0,0,343,0,0,32,0,0,0,0,0,0,0,0,0,0,0,1,3,0,64,0
4588,175164,0,0,2,0,0,0,0,0,0,0,0,0,350,0,0,33,0,0,0,0,0,0,0,0,0,0,0,1,3,0,64,0
4589,175165,0,0,2,0,0,0,0,0,0,0,0,0,357,0,0,33,0,0,0,0,0,0,0,0,0,0,0,1,3,0,64,0
4590,175166,0,0,3,0,0,0,0,0,0,0,0,0,343,0,0,32,0,0,0,0,0,0,0,0,0,0,0,1,3,0,64,0
4591,175167,0,0,3,0,0,0,0,0,0,0,0,0,350,0,0,33,0,0,0,0,0,0,0,0,0,0,0,1,3,0,64,0
4592,175168,0,0,3,0,0,0,0,0,0,0,0,0,357,0,0,33,0,0,0,0,0,0,0,0,0,0,0,1,3,0,64,0
4593,175169,0,0,3,0,0,0,0,0,0,0,0,0,364,0,0,34,0,0,0,0,0,0,0,0,0,0,0,1,3,0,64,0
4594,175170,0,0,3,0,0,0,0,0,0,0,0,0,371,0,0,34,0,0,0,0,0,0,0,0,0,0,0,1,3,0,64,0
4595,175171,0,0,3,0,0,0,0,0,0,0,0,0,378,0,0,35,0,0,0,0,0,0,0,0,0,0,0,1,3,0,64,0
4596,175172,0,0,3,0,0,0,0,0,0,0,0,0,385,0,0,36,0,0,0,0,0,0,0,0,0,0,0,1,3,0,64,0
4597,175173,0,0,3,0,0,0,0,0,0,0,0,0,392,0,0,36,0,0,0,0,0,0,0,0,0,0,0,1,3,0,64,0
4598,175174,0,0,3,0,0,0,0,0,0,0,0,0,399,0,0,37,0,0,0,0,0,0,0,0,0,0,0,1,3,0,64,0
4599,175175,0,0,3,0,0,0,0,0,0,0,0,0,406,0,0,38,0,0,0,0,0,0,0,0,0,0,0,1,3,0,64,0
4600,175176,0,0,3,0,0,0,0,0,0,0,0,0,413,0,0,38,0,0,0,0,0,0,0,0,0,0,0,1,3,0,64,0
4601,175177,0,0,3,0,0,0,0,0,0,0,0,0,399,0,0,37,0,0,0,0,0,0,0,0,0,0,0,1,3,0,64,0
4602,175178,0,0,3,0,0,0,0,0,0,0,0,0,406,0,0,38,0,0,0,0,0,0,0,0,0,0,0,1,3,0,64,0
4603,175179,0,0,3,0,0,0,0,0,0,0,0,0,413,0,0,38,0,0,0,0,0,0,0,0,0,0,0,1,3,0,64,0
4604,175180,0,0,3,0,0,0,0,0,0,0,0,0,420,0,0,39,0,0,0,0,0,0,0,0,0,0,0,1,3,0,64,0
4605,175181,0,0,3,0,0,0,0,0,0,0,0,0,429,0,0,40,0,0,0,0,0,0,0,0,0,0,0,1,3,0,64,0
4606,175182,0,0,3,0,0,0,0,0,0,0,0,0,439,0,0,41,0,0,0,0,0,0,0,0,0,0,0,1,3,0,64,0
4607,175183,0,0,3,0,0,0,0,0,0,0,0,0,448,0,0,42,0,0,0,0,0,0,0,0,0,0,0,1,3,0,64,0
4608,175184,0,0,3,0,0,0,0,0,0,0,0,0,457,0,0,42,0,0,0,0,0,0,0,0,0,0,0,1,3,0,64,0
4609,175185,0,0,3,0,0,0,0,0,0,0,0,0,467,0,0,43,0,0,0,0,0,0,0,0,0,0,0,1,3,0,64,0
4610,175186,0,0,3,0,0,0,0,0,0,0,0,0,476,0,0,44,0,0,0,0,0,0,0,0,0,0,0,1,3,0,64,0
4611,175187,0,0,3,0,0,0,0,0,0,0,0,0,485,0,0,45,0,0,0,0,0,0,0,0,0,0,0,1,3,0,64,0
4612,175188,0,0,3,0,0,0,0,0,0,0,0,0,467,0,0,43,0,0,0,0,0,0,0,0,0,0,0,1,3,0,64,0
4613,175189,0,0,3,0,0,0,0,0,0,0,0,0,476,0,0,44,0,0,0,0,0,0,0,0,0,0,0,1,3,0,64,0
4614,175190,0,0,3,0,0,0,0,0,0,0,0,0,485,0,0,45,0,0,0,0,0,0,0,0,0,0,0,1,3,0,64,0
4615,175191,0,0,3,0,0,0,0,0,0,0,0,0,495,0,0,46,0,0,0,0,0,0,0,0,0,0,0,1,3,0,64,0
4616,175192,0,0,3,0,0,0,0,0,0,0,0,0,504,0,0,47,0,0,0,0,0,0,0,0,0,0,0,1,3,0,64,0
4617,175193,0,0,3,0,0,0,0,0,0,0,0,0,513,0,0,48,0,0,0,0,0,0,0,0,0,0,0,1,3,0,64,0
4618,175194,0,0,3,0,0,0,0,0,0,0,0,0,523,0,0,49,0,0,0,0,0,0,0,0,0,0,0,1,3,0,64,0
4619,175195,0,0,3,0,0,0,0,0,0,0,0,0,532,0,0,49,0,0,0,0,0,0,0,0,0,0,0,1,3,0,64,0
4620,175196,0,0,3,0,0,0,0,0,0,0,0,0,541,0,0,50,0,0,0,0,0,0,0,0,0,0,0,1,3,0,64,0
4621,175197,0,0,3,0,0,0,0,0,0,0,0,0,551,0,0,51,0,0,0,0,0,0,0,0,0,0,0,1,3,0,64,0
4622,175198,0,0,3,0,0,0,0,0,0,0,0,0,560,0,0,52,0,0,0,0,0,0,0,0,0,0,0,1,3,0,64,0
4623,175199,0,0,4,0,0,0,0,0,0,0,0,0,541,0,0,50,0,0,0,0,0,0,0,0,0,0,0,1,3,0,64,0
4624,175200,0,0,4,0,0,0,0,0,0,0,0,0,551,0,0,51,0,0,0,0,0,0,0,0,0,0,0,1,3,0,64,0
4625,175201,0,0,4,0,0,0,0,0,0,0,0,0,560,0,0,52,0,0,0,0,0,0,0,0,0,0,0,1,3,0,64,0
4626,175202,0,0,4,0,0,0,0,0,0,0,0,0,569,0,0,53,0,0,0,0,0,0,0,0,0,0,0,1,3,0,64,0
4627,175203,0,0,4,0,0,0,0,0,0,0,0,0,579,0,0,54,0,0,0,0,0,0,0,0,0,0,0,1,3,0,64,0
4628,175204,0,0,4,0,0,0,0,0,0,0,0,0,588,0,0,55,0,0,0,0,0,0,0,0,0,0,0,1,3,0,64,0
4629,175205,0,0,4,0,0,0,0,0,0,0,0,0,597,0,0,55,0,0,0,0,0,0,0,0,0,0,0,1,3,0,64,0
4630,175206,0,0,4,0,0,0,0,0,0,0,0,0,607,0,0,56,0,0,0,0,0,0,0,0,0,0,0,1,3,0,64,0
4631,175207,0,0,4,0,0,0,0,0,0,0,0,0,616,0,0,57,0,0,0,0,0,0,0,0,0,0,0,1,3,0,64,0
4632,175208,0,0,4,0,0,0,0,0,0,0,0,0,625,0,0,58,0,0,0,0,0,0,0,0,0,0,0,1,3,0,64,0
4633,175209,0,0,4,0,0,0,0,0,0,0,0,0,635,0,0,59,0,0,0,0,0,0,0,0,0,0,0,1,3,0,64,0
4634,175210,0,0,4,0,0,0,0,0,0,0,0,0,616,0,0,57,0,0,0,0,0,0,0,0,0,0,0,1,3,0,64,0
4635,175211,0,0,4,0,0,0,0,0,0,0,0,0,625,0,0,58,0,0,0,0,0,0,0,0,0,0,0,1,3,0,64,0
4636,175212,0,0,4,0,0,0,0,0,0,0,0,0,635,0,0,59,0,0,0,0,0,0,0,0,0,0,0,1,3,0,64,0
4637,175213,0,0,4,0,0,0,0,0,0,0,0,0,644,0,0,60,0,0,0,0,0,0,0,0,0,0,0,1,3,0,64,0
4638,175214,0,0,4,0,0,0,0,0,0,0,0,0,653,0,0,61,0,0,0,0,0,0,0,0,0,0,0,1,3,0,64,0
4639,175215,0,0,4,0,0,0,0,0,0,0,0,0,663,0,0,62,0,0,0,0,0,0,0,0,0,0,0,1,3,0,64,0
4640,175216,0,0,4,0,0,0,0,0,0,0,0,0,672,0,0,62,0,0,0,0,0,0,0,0,0,0,0,1,3,0,64,0
4641,175217,0,0,4,0,0,0,0,0,0,0,0,0,681,0,0,63,0,0,0,0,0,0,0,0,0,0,0,1,3,0,64,0
4642,175218,0,0,4,0,0,0,0,0,0,0,0,0,691,0,0,64,0,0,0,0,0,0,0,0,0,0,0,1,3,0,64,0
4643,175219,0,0,4,0,0,0,0,0,0,0,0,0,700,0,0,65,0,0,0,0,0,0,0,0,0,0,0,1,3,0,64,0
4644,175220,0,0,4,0,0,0,0,0,0,0,0,0,709,0,0,66,0,0,0,0,0,0,0,0,0,0,0,1,3,0,64,0
4645,175221,0,0,4,0,0,0,0,0,0,0,0,0,691,0,0,64,0,0,0,0,0,0,0,0,0,0,0,1,3,0,64,0
4646,175222,0,0,4,0,0,0,0,0,0,0,0,0,700,0,0,65,0,0,0,0,0,0,0,0,0,0,0,1,3,0,64,0
4647,175223,0,0,4,0,0,0,0,0,0,0,0,0,709,0,0,66,0,0,0,0,0,0,0,0,0,0,0,1,3,0,64,0
4648,175224,0,0,4,0,0,0,0,0,0,0,0,0,719,0,0,67,0,0,0,0,0,0,0,0,0,0,0,1,3,0,64,0
4649,175225,0,0,4,0,0,0,0,0,0,0,0,0,728,0,0,68,0,0,0,0,0,0,0,0,0,0,0,1,3,0,64,0
4650,175226,0,0,4,0,0,0,0,0,0,0,0,0,737,0,0,68,0,0,0,0,0,0,0,0,0,0,0,1,3,0,64,0
4651,175227,0,0,4,0,0,0,0,0,0,0,0,0,747,0,0,69,0,0,0,0,0,0,0,0,0,0,0,1,3,0,64,0
4652,175228,0,0,4,0,0,0,0,0,0,0,0,0,756,0,0,70,0,0,0,0,0,0,0,0,0,0,0,1,3,0,64,0
4653,175229,0,0,4,0,0,0,0,0,0,0,0,0,765,0,0,71,0,0,0,0,0,0,0,0,0,0,0,1,3,0,64,0
4654,175230,0,0,4,0,0,0,0,0,0,0,0,0,775,0,0,72,0,0,0,0,0,0,0,0,0,0,0,1,3,0,64,0
4655,175231,0,0,4,0,0,0,0,0,0,0,0,0,784,0,0,73,0,0,0,0,0,0,0,0,0,0,0,1,3,0,64,0
4656,175232,0,0,5,0,0,0,0,0,0,0,0,0,765,0,0,71,0,0,0,0,0,0,0,0,0,0,0,1,3,0,64,0
4657,175233,0,0,5,0,0,0,0,0,0,0,0,0,775,0,0,72,0,0,0,0,0,0,0,0,0,0,0,1,3,0,64,0
4658,175234,0,0,5,0,0,0,0,0,0,0,0,0,784,0,0,73,0,0,0,0,0,0,0,0,0,0,0,1,3,0,64,0
4659,175235,0,0,5,0,0,0,0,0,0,0,0,0,793,0,0,74,0,0,0,0,0,0,0,0,0,0,0,1,3,0,64,0
4660,175236,0,0,5,0,0,0,0,0,0,0,0,0,803,0,0,75,0,0,0,0,0,0,0,0,0,0,0,1,3,0,64,0
4661,175237,0,0,5,0,0,0,0,0,0,0,0,0,812,0,0,75,0,0,0,0,0,0,0,0,0,0,0,1,3,0,64,0
4662,175238,0,0,5,0,0,0,0,0,0,0,0,0,821,0,0,76,0,0,0,0,0,0,0,0,0,0,0,1,3,0,64,0
4663,175239,0,0,5,0,0,0,0,0,0,0,0,0,831,0,0,77,0,0,0,0,0,0,0,0,0,0,0,1,3,0,64,0
4664,175240,0,0,5,0,0,0,0,0,0,0,0,0,840,0,0,78,0,0,0,0,0,0,0,0,0,0,0,1,3,0,64,0
4665,175241,0,0,5,0,0,0,0,0,0,0,0,0,849,0,0,79,0,0,0,0,0,0,0,0,0,0,0,1,3,0,64,0
4666,175242,0,0,5,0,0,0,0,0,0,0,0,0,859,0,0,80,0,0,0,0,0,0,0,0,0,0,0,1,3,0,64,0
4667,175243,0,0,5,0,0,0,0,0,0,0,0,0,840,0,0,78,0,0,0,0,0,0,0,0,0,0,0,1,3,0,64,0
4668,175244,0,0,5,0,0,0,0,0,0,0,0,0,849,0,0,79,0,0,0,0,0,0,0,0,0,0,0,1,3,0,64,0
4669,175245,0,0,5,0,0,0,0,0,0,0,0,0,859,0,0,80,0,0,0,0,0,0,0,0,0,0,0,1,3,0,64,0
4670,175246,0,0,5,0,0,0,0,0,0,0,0,0,868,0,0,81,0,0,0,0,0,0,0,0,0,0,0,1,3,0,64,0
4671,175247,0,0,5,0,0,0,0,0,0,0,0,0,877,0,0,81,0,0,0,0,0,0,0,0,0,0,0,1,3,0,64,0
4672,175248,0,0,5,0,0,0,0,0,0,0,0,0,887,0,0,82,0,0,0,0,0,0,0,0,0,0,0,1,3,0,64,0
4673,175249,0,0,5,0,0,0,0,0,0,0,0,0,896,0,0,83,0,0,0,0,0,0,0,0,0,0,0,1,3,0,64,0
4674,175250,0,0,5,0,0,0,0,0,0,0,0,0,905,0,0,84,0,0,0,0,0,0,0,0,0,0,0,1,3,0,64,0
4675,175251,0,0,5,0,0,0,0,0,0,0,0,0,915,0,0,85,0,0,0,0,0,0,0,0,0,0,0,1,3,0,64,0
4676,175252,0,0,5,0,0,0,0,0,0,0,0,0,924,0,0,86,0,0,0,0,0,0,0,0,0,0,0,1,3,0,64,0
4677,175253,0,0,5,0,0,0,0,0,0,0,0,0,933,0,0,87,0,0,0,0,0,0,0,0,0,0,0,1,3,0,64,0
4678,175254,0,0,5,0,0,0,0,0,0,0,0,0,915,0,0,85,0,0,0,0,0,0,0,0,0,0,0,1,3,0,64,0
4679,175255,0,0,5,0,0,0,0,0,0,0,0,0,924,0,0,86,0,0,0,0,0,0,0,0,0,0,0,1,3,0,64,0
4680,175256,0,0,5,0,0,0,0,0,0,0,0,0,933,0,0,87,0,0,0,0,0,0,0,0,0,0,0,1,3,0,64,0
4681,175257,0,0,5,0,0,0,0,0,0,0,0,0,943,0,0,88,0,0,0,0,0,0,0,0,0,0,0,1,3,0,64,0
4682,175258,0,0,5,0,0,0,0,0,0,0,0,0,952,0,0,88,0,0,0,0,0,0,0,0,0,0,0,1,3,0,64,0
4683,175259,0,0,5,0,0,0,0,0,0,0,0,0,961,0,0,89,0,0,0,0,0,0,0,0,0,0,0,1,3,0,64,0
4684,175260,0,0,5,0,0,0,0,0,0,0,0,0,971,0,0,90,0,0,0,0,0,0,0,0,0,0,0,1,3,0,64,0
4685,175261,0,0,5,0,0,0,0,0,0,0,0,0,980,0,0,91,0,0,0,0,0,0,0,0,0,0,0,1,3,0,64,0
4686,175262,0,0,5,0,0,0,0,0,0,0,0,0,989,0,0,92,0,0,0,0,0,0,0,0,0,0,0,1,3,0,64,0
4687,175263,0,0,5,0,0,0,0,0,0,0,0,0,999,0,0,93,0,0,0,0,0,0,0,0,0,0,0,1,3,0,64,0
4688,175264,0,0,5,0,0,0,0,0,0,0,0,0,1008,0,0,94,0,0,0,0,0,0,0,0,0,0,0,1,3,0,64,0
4689,175265,0,0,5,0,0,0,0,0,0,0,0,0,989,0,0,92,0,0,0,0,0,0,0,0,0,0,0,1,3,0,64,0
4690,175266,0,0,5,0,0,0,0,0,0,0,0,0,999,0,0,93,0,0,0,0,0,0,0,0,0,0,0,1,3,0,64,0
4691,175267,0,0,5,0,0,0,0,0,0,0,0,0,1008,0,0,94,0,0,0,0,0,0,0,0,0,0,0,1,3,0,64,0
4692,175268,0,0,5,0,0,0,0,0,0,0,0,0,1017,0,0,94,0,0,0,0,0,0,0,0,0,0,0,1,3,0,64,0
4693,175269,0,0,5,0,0,0,0,0,0,0,0,0,1027,0,0,95,0,0,0,0,0,0,0,0,0,0,0,1,3,0,64,0
4694,175270,0,0,5,0,0,0,0,0,0,0,0,0,1036,0,0,96,0,0,0,0,0,0,0,0,0,0,0,1,3,0,64,0
4695,175271,0,0,5,0,0,0,0,0,0,0,0,0,1045,0,0,97,0,0,0,0,0,0,0,0,0,0,0,1,3,0,64,0
4696,175272,0,0,5,0,0,0,0,0,0,0,0,0,1055,0,0,98,0,0,0,0,0,0,0,0,0,0,0,1,3,0,64,0
4697,175273,0,0,5,0,0,0,0,0,0,0,0,0,1064,0,0,99,0,0,0,0,0,0,0,0,0,0,0,1,3,0,64,0
4698,175274,0,0,5,0,0,0,0,0,0,0,0,0,1073,0,0,100,0,0,0,0,0,0,0,0,0,0,0,1,3,0,64,0
4699,175275,0,0,5,0,0,0,0,0,0,0,0,0,1083,0,0,101,0,0,0,0,0,0,0,0,0,0,0,1,3,0,64,0
4700,175276,0,0,5,0,0,0,0,0,0,0,0,0,1064,0,0,99,0,0,0,0,0,0,0,0,0,0,0,1,3,0,64,0
4701,175277,0,0,5,0,0,0,0,0,0,0,0,0,1073,0,0,100,0,0,0,0,0,0,0,0,0,0,0,1,3,0,64,0
4702,175278,0,0,5,0,0,0,0,0,0,0,0,0,1083,0,0,101,0,0,0,0,0,0,0,0,0,0,0,1,3,0,64,0
4703,175279,0,0,5,0,0,0,0,0,0,0,0,0,1092,0,0,101,0,0,0,0,0,0,0,0,0,0,0,1,3,0,64,0
4704,175280,0,0,5,0,0,0,0,0,0,0,0,0,1101,0,0,102,0,0,0,0,0,0,0,0,0,0,0,1,3,0,64,0
4705,175281,0,0,5,0,0,0,0,0,0,0,0,0,1111,0,0,103,0,0,0,0,0,0,0,0,0,0,0,1,3,0,64,0
4706,175282,0,0,5,0,0,0,0,0,0,0,0,0,1120,0,0,104,0,0,0,0,0,0,0,0,0,0,0,1,3,0,64,0
4707,175283,0,0,5,0,0,0,0,0,0,0,0,0,1129,0,0,105,0,0,0,0,0,0,0,0,0,0,0,1,3,0,64,0
4708,175284,0,0,5,0,0,0,0,0,0,0,0,0,1139,0,0,106,0,0,0,0,0,0,0,0,0,0,0,1,3,0,64,0
4709,175285,0,0,5,0,0,0,0,0,0,0,0,0,1148,0,0,107,0,0,0,0,0,0,0,0,0,0,0,1,3,0,64,0
4710,175286,0,0,5,0,0,0,0,0,0,0,0,0,1157,0,0,107,0,0,0,0,0,0,0,0,0,0,0,1,3,0,64,0
4711,175287,0,0,5,0,0,0,0,0,0,0,0,0,1139,0,0,106,0,0,0,0,0,0,0,0,0,0,0,1,3,0,64,0
4712,175288,0,0,5,0,0,0,0,0,0,0,0,0,1148,0,0,107,0,0,0,0,0,0,0,0,0,0,0,1,3,0,64,0
4713,175289,0,0,5,0,0,0,0,0,0,0,0,0,1157,0,0,107,0,0,0,0,0,0,0,0,0,0,0,1,3,0,64,0
4714,175290,0,0,5,0,0,0,0,0,0,0,0,0,1167,0,0,108,0,0,0,0,0,0,0,0,0,0,0,1,3,0,64,0
4715,175291,0,0,5,0,0,0,0,0,0,0,0,0,1176,0,0,109,0,0,0,0,0,0,0,0,0,0,0,1,3,0,64,0
4716,175292,0,0,5,0,0,0,0,0,0,0,0,0,1185,0,0,110,0,0,0,0,0,0,0,0,0,0,0,1,3,0,64,0
4717,175293,0,0,5,0,0,0,0,0,0,0,0,0,1195,0,0,111,0,0,0,0,0,0,0,0,0,0,0,1,3,0,64,0
4718,175294,0,0,5,0,0,0,0,0,0,0,0,0,1204,0,0,112,0,0,0,0,0,0,0,0,0,0,0,1,3,0,64,0
4719,175295,0,0,5,0,0,0,0,0,0,0,0,0,1213,0,0,113,0,0,0,0,0,0,0,0,0,0,0,1,3,0,64,0
4720,175296,0,0,5,0,0,0,0,0,0,0,0,0,1223,0,0,114,0,0,0,0,0,0,0,0,0,0,0,1,3,0,64,0
4721,175297,0,0,5,0,0,0,0,0,0,0,0,0,1232,0,0,114,0,0,0,0,0,0,0,0,0,0,0,1,3,0,64,0
4722,175298,0,0,5,0,0,0,0,0,0,0,0,0,1213,0,0,113,0,0,0,0,0,0,0,0,0,0,0,1,3,0,64,0
4723,175299,0,0,5,0,0,0,0,0,0,0,0,0,1223,0,0,114,0,0,0,0,0,0,0,0,0,0,0,1,3,0,64,0
4724,175300,0,0,5,0,0,0,0,0,0,0,0,0,1232,0,0,114,0,0,0,0,0,0,0,0,0,0,0,1,3,0,64,0
4725,175301,0,0,5,0,0,0,0,0,0,0,0,0,1241,0,0,115,0,0,0,0,0,0,0,0,0,0,0,1,3,0,64,0
4726,175302,0,0,5,0,0,0,0,0,0,0,0,0,1251,0,0,116,0,0,0,0,0,0,0,0,0,0,0,1,3,0,64,0
4727,175303,0,0,5,0,0,0,0,0,0,0,0,0,1260,0,0,117,0,0,0,0,0,0,0,0,0,0,0,1,3,0,64,0
4728,175304,0,0,5,0,0,0,0,0,0,0,0,0,1269,0,0,118,0,0,0,0,0,0,0,0,0,0,0,1,3,0,64,0
4729,175305,0,0,5,0,0,0,0,0,0,0,0,0,1279,0,0,119,0,0,0,0,0,0,0,0,0,0,0,1,3,0,64,0
4730,175306,0,0,5,0,0,0,0,0,0,0,0,0,1288,0,0,120,0,0,0,0,0,0,0,0,0,0,0,1,3,0,64,0
4731,175307,0,0,5,0,0,0,0,0,0,0,0,0,1297,0,0,120,0,0,0,0,0,0,0,0,0,0,0,1,3,0,64,0
4732,175308,0,0,5,0,0,0,0,0,0,0,0,0,1307,0,0,121,0,0,0,0,0,0,0,0,0,0,0,1,3,0,64,0
4733,175309,0,0,5,0,0,0,0,0,0,0,0,0,1288,0,0,120,0,0,0,0,0,0,0,0,0,0,0,1,3,0,64,0
4734,175310,0,0,5,0,0,0,0,0,0,0,0,0,1297,0,0,120,0,0,0,0,0,0,0,0,0,0,0,1,3,0,64,0
4735,175311,0,0,5,0,0,0,0,0,0,0,0,0,1307,0,0,121,0,0,0,0,0,0,0,0,0,0,0,1,3,0,64,0
4736,175312,0,0,5,0,0,0,0,0,0,0,0,0,1316,0,0,122,0,0,0,0,0,0,0,0,0,0,0,1,3,0,64,0
4737,175313,0,0,5,0,0,0,0,0,0,0,0,0,1325,0,0,123,0,0,0,0,0,0,0,0,0,0,0,1,3,0,64,0
4738,175314,0,0,5,0,0,0,0,0,0,0,0,0,1335,0,0,124,0,0,0,0,0,0,0,0,0,0,0,1,3,0,64,0
4739,175315,0,0,5,0,0,0,0,0,0,0,0,0,1344,0,0,125,0,0,0,0,0,0,0,0,0,0,0,1,3,0,64,0
4740,175316,0,0,5,0,0,0,0,0,0,0,0,0,1353,0,0,126,0,0,0,0,0,0,0,0,0,0,0,1,3,0,64,0
4741,175317,0,0,5,0,0,0,0,0,0,0,0,0,1363,0,0,127,0,0,0,0,0,0,0,0,0,0,0,1,3,0,64,0
4742,175318,0,0,5,0,0,0,0,0,0,0,0,0,1372,0,0,127,0,0,0,0,0,0,0,0,0,0,0,1,3,0,64,0
4743,175319,0,0,5,0,0,0,0,0,0,0,0,0,1381,0,0,128,0,0,0,0,0,0,0,0,0,0,0,1,3,0,64,0
4744,175320,0,0,5,0,0,0,0,0,0,0,0,0,1363,0,0,127,0,0,0,0,0,0,0,0,0,0,0,1,3,0,64,0
4745,175321,0,0,5,0,0,0,0,0,0,0,0,0,1372,0,0,127,0,0,0,0,0,0,0,0,0,0,0,1,3,0,64,0
4746,175322,0,0,5,0,0,0,0,0,0,0,0,0,1381,0,0,128,0,0,0,0,0,0,0,0,0,0,0,1,3,0,64,0
4747,175323,0,0,5,0,0,0,0,0,0,0,0,0,1391,0,0,129,0,0,0,0,0,0,0,0,0,0,0,1,3,0,64,0
4748,175324,0,0,5,0,0,0,0,0,0,0,0,0,1400,0,0,130,0,0,0,0,0,0,0,0,0,0,0,1,3,0,64,0
4749,175325,0,0,5,0,0,0,0,0,0,0,0,0,1409,0,0,131,0,0,0,0,0,0,0,0,0,0,0,1,3,0,64,0
4750,175326,0,0,5,0,0,0,0,0,0,0,0,0,1419,0,0,132,0,0,0,0,0,0,0,0,0,0,0,1,3,0,64,0
4751,175327,0,0,5,0,0,0,0,0,0,0,0,0,1428,0,0,133,0,0,0,0,0,0,0,0,0,0,0,1,3,0,64,0
4752,175328,0,0,5,0,0,0,0,0,0,0,0,0,1437,0,0,133,0,0,0,0,0,0,0,0,0,0,0,1,3,0,64,0
4753,175329,0,0,5,0,0,0,0,0,0,0,0,0,1447,0,0,134,0,0,0,0,0,0,0,0,0,0,0,1,3,0,64,0
4754,175330,0,0,5,0,0,0,0,0,0,0,0,0,1456,0,0,135,0,0,0,0,0,0,0,0,0,0,0,1,3,0,64,0
4755,175331,0,0,5,0,0,0,0,0,0,0,0,0,1437,0,0,133,0,0,0,0,0,0,0,0,0,0,0,1,3,0,64,0
4756,175332,0,0,5,0,0,0,0,0,0,0,0,0,1447,0,0,134,0,0,0,0,0,0,0,0,0,0,0,1,3,0,64,0
4757,175333,0,0,5,0,0,0,0,0,0,0,0,0,1456,0,0,135,0,0,0,0,0,0,0,0,0,0,0,1,3,0,64,0
4758,175334,0,0,5,0,0,0,0,0,0,0,0,0,1465,0,0,136,0,0,0,0,0,0,0,0,0,0,0,1,3,0,64,0
4759,175335,0,0,5,0,0,0,0,0,0,0,0,0,1475,0,0,137,0,0,0,0,0,0,0,0,0,0,0,1,3,0,64,0
4760,175336,0,0,5,0,0,0,0,0,0,0,0,0,1484,0,0,138,0,0,0,0,0,0,0,0,0,0,0,1,3,0,64,0
4761,175337,0,0,5,0,0,0,0,0,0,0,0,0,1493,0,0,139,0,0,0,0,0,0,0,0,0,0,0,1,3,0,64,0
4762,175338,0,0,5,0,0,0,0,0,0,0,0,0,1503,0,0,140,0,0,0,0,0,0,0,0,0,0,0,1,3,0,64,0
4763,175339,0,0,5,0,0,0,0,0,0,0,0,0,1512,0,0,140,0,0,0,0,0,0,0,0,0,0,0,1,3,0,64,0
4764,175340,0,0,5,0,0,0,0,0,0,0,0,0,1521,0,0,141,0,0,0,0,0,0,0,0,0,0,0,1,3,0,64,0
4765,175341,0,0,5,0,0,0,0,0,0,0,0,0,1531,0,0,142,0,0,0,0,0,0,0,0,0,0,0,1,3,0,64,0
4766,175342,0,0,5,0,0,0,0,0,0,0,0,0,1512,0,0,140,0,0,0,0,0,0,0,0,0,0,0,1,3,0,64,0
4767,175343,0,0,5,0,0,0,0,0,0,0,0,0,1521,0,0,141,0,0,0,0,0,0,0,0,0,0,0,1,3,0,64,0
4768,175344,0,0,5,0,0,0,0,0,0,0,0,0,1531,0,0,142,0,0,0,0,0,0,0,0,0,0,0,1,3,0,64,0
4769,175345,0,0,5,0,0,0,0,0,0,0,0,0,1540,0,0,143,0,0,0,0,0,0,0,0,0,0,0,1,3,0,64,0
4770,175346,0,0,5,0,0,0,0,0,0,0,0,0,1552,0,0,144,0,0,0,0,0,0,0,0,0,0,0,1,3,0,64,0
4771,175347,0,0,5,0,0,0,0,0,0,0,0,0,1563,0,0,145,0,0,0,0,0,0,0,0,0,0,0,1,3,0,64,0
4772,175348,0,0,5,0,0,0,0,0,0,0,0,0,1575,0,0,146,0,0,0,0,0,0,0,0,0,0,0,1,3,0,64,0
4773,175349,0,0,5,0,0,0,0,0,0,0,0,0,1587,0,0,147,0,0,0,0,0,0,0,0,0,0,0,1,3,0,64,0
4774,175350,0,0,5,0,0,0,0,0,0,0,0,0,1598,0,0,148,0,0,0,0,0,0,0,0,0,0,0,1,3,0,64,0
4775,175351,0,0,5,0,0,0,0,0,0,0,0,0,1610,0,0,150,0,0,0,0,0,0,0,0,0,0,0,1,3,0,64,0
4776,175352,0,0,5,0,0,0,0,0,0,0,0,0,1622,0,0,151,0,0,0,0,0,0,0,0,0,0,0,1,3,0,64,0
4777,175353,0,0,5,0,0,0,0,0,0,0,0,0,1598,0,0,148,0,0,0,0,0,0,0,0,0,0,0,1,3,0,64,0
4778,175354,0,0,5,0,0,0,0,0,0,0,0,0,1610,0,0,150,0,0,0,0,0,0,0,0,0,0,0,1,3,0,64,0
4779,175355,0,0,5,0,0,0,0,0,0,0,0,0,1622,0,0,151,0,0,0,0,0,0,0,0,0,0,0,1,3,0,64,0
4780,175356,0,0,5,0,0,0,0,0,0,0,0,0,1633,0,0,152,0,0,0,0,0,0,0,0,0,0,0,1,3,0,64,0
4781,175357,0,0,5,0,0,0,0,0,0,0,0,0,1645,0,0,153,0,0,0,0,0,0,0,0,0,0,0,1,3,0,64,0
4782,175358,0,0,5,0,0,0,0,0,0,0,0,0,1657,0,0,154,0,0,0,0,0,0,0,0,0,0,0,1,3,0,64,0
4783,175359,0,0,5,0,0,0,0,0,0,0,0,0,1668,0,0,155,0,0,0,0,0,0,0,0,0,0,0,1,3,0,64,0
4784,175360,0,0,5,0,0,0,0,0,0,0,0,0,1680,0,0,156,0,0,0,0,0,0,0,0,0,0,0,1,3,0,64,0
4785,175361,0,0,5,0,0,0,0,0,0,0,0,0,1692,0,0,157,0,0,0,0,0,0,0,0,0,0,0,1,3,0,64,0
4786,175362,0,0,5,0,0,0,0,0,0,0,0,0,1703,0,0,158,0,0,0,0,0,0,0,0,0,0,0,1,3,0,64,0
4787,175363,0,0,5,0,0,0,0,0,0,0,0,0,1715,0,0,159,0,0,0,0,0,0,0,0,0,0,0,1,3,0,64,0
4788,175364,0,0,5,0,0,0,0,0,0,0,0,0,1692,0,0,157,0,0,0,0,0,0,0,0,0,0,0,1,3,0,64,0
4789,175365,0,0,5,0,0,0,0,0,0,0,0,0,1703,0,0,158,0,0,0,0,0,0,0,0,0,0,0,1,3,0,64,0
4790,175366,0,0,5,0,0,0,0,0,0,0,0,0,1715,0,0,159,0,0,0,0,0,0,0,0,0,0,0,1,3,0,64,0
4791,175367,0,0,5,0,0,0,0,0,0,0,0,0,1727,0,0,160,0,0,0,0,0,0,0,0,0,0,0,1,3,0,64,0
4792,175368,0,0,5,0,0,0,0,0,0,0,0,0,1738,0,0,161,0,0,0,0,0,0,0,0,0,0,0,1,3,0,64,0
4793,175369,0,0,5,0,0,0,0,0,0,0,0,0,1750,0,0,163,0,0,0,0,0,0,0,0,0,0,0,1,3,0,64,0
4794,175370,0,0,5,0,0,0,0,0,0,0,0,0,1762,0,0,164,0,0,0,0,0,0,0,0,0,0,0,1,3,0,64,0
4795,175371,0,0,6,0,0,0,0,0,0,0,0,0,1773,0,0,165,0,0,0,0,0,0,0,0,0,0,0,1,3,0,64,0
4796,175372,0,0,6,0,0,0,0,0,0,0,0,0,1785,0,0,166,0,0,0,0,0,0,0,0,0,0,0,1,3,0,64,0
4797,175373,0,0,6,0,0,0,0,0,0,0,0,0,1797,0,0,167,0,0,0,0,0,0,0,0,0,0,0,1,3,0,64,0
4798,175374,0,0,6,0,0,0,0,0,0,0,0,0,1808,0,0,168,0,0,0,0,0,0,0,0,0,0,0,1,3,0,64,0
4799,175375,0,0,6,0,0,0,0,0,0,0,0,0,1785,0,0,166,0,0,0,0,0,0,0,0,0,0,0,1,3,0,64,0
4800,175376,0,0,6,0,0,0,0,0,0,0,0,0,1797,0,0,167,0,0,0,0,0,0,0,0,0,0,0,1,3,0,64,0
4801,175377,0,0,6,0,0,0,0,0,0,0,0,0,1808,0,0,168,0,0,0,0,0,0,0,0,0,0,0,1,3,0,64,0
4802,175378,0,0,6,0,0,0,0,0,0,0,0,0,1820,0,0,169,0,0,0,0,0,0,0,0,0,0,0,1,3,0,64,0
4803,175379,0,0,6,0,0,0,0,0,0,0,0,0,1832,0,0,170,0,0,0,0,0,0,0,0,0,0,0,1,3,0,64,0
4804,175380,0,0,6,0,0,0,0,0,0,0,0,0,1843,0,0,171,0,0,0,0,0,0,0,0,0,0,0,1,3,0,64,0
4805,175381,0,0,6,0,0,0,0,0,0,0,0,0,1855,0,0,172,0,0,0,0,0,0,0,0,0,0,0,1,3,0,64,0
4806,175382,0,0,6,0,0,0,0,0,0,0,0,0,1867,0,0,173,0,0,0,0,0,0,0,0,0,0,0,1,3,0,64,0
4807,175383,0,0,6,0,0,0,0,0,0,0,0,0,1878,0,0,174,0,0,0,0,0,0,0,0,0,0,0,1,3,0,64,0
4808,175384,0,0,6,0,0,0,0,0,0,0,0,0,1890,0,0,176,0,0,0,0,0,0,0,0,0,0,0,1,3,0,64,0
4809,175385,0,0,6,0,0,0,0,0,0,0,0,0,1902,0,0,177,0,0,0,0,0,0,0,0,0,0,0,1,3,0,64,0
4810,175386,0,0,6,0,0,0,0,0,0,0,0,0,1878,0,0,174,0,0,0,0,0,0,0,0,0,0,0,1,3,0,64,0
4811,175387,0,0,6,0,0,0,0,0,0,0,0,0,1890,0,0,176,0,0,0,0,0,0,0,0,0,0,0,1,3,0,64,0
4812,175388,0,0,6,0,0,0,0,0,0,0,0,0,1902,0,0,177,0,0,0,0,0,0,0,0,0,0,0,1,3,0,64,0
4813,175389,0,0,6,0,0,0,0,0,0,0,0,0,1913,0,0,178,0,0,0,0,0,0,0,0,0,0,0,1,3,0,64,0
4814,175390,0,0,6,0,0,0,0,0,0,0,0,0,1925,0,0,179,0,0,0,0,0,0,0,0,0,0,0,1,3,0,64,0
4815,175391,0,0,6,0,0,0,0,0,0,0,0,0,1937,0,0,180,0,0,0,0,0,0,0,0,0,0,0,1,3,0,64,0
4816,175392,0,0,6,0,0,0,0,0,0,0,0,0,1948,0,0,181,0,0,0,0,0,0,0,0,0,0,0,1,3,0,64,0
4817,175393,0,0,6,0,0,0,0,0,0,0,0,0,1960,0,0,182,0,0,0,0,0,0,0,0,0,0,0,1,3,0,64,0
4818,175394,0,0,6,0,0,0,0,0,0,0,0,0,1972,0,0,183,0,0,0,0,0,0,0,0,0,0,0,1,3,0,64,0
4819,175395,0,0,6,0,0,0,0,0,0,0,0,0,1983,0,0,184,0,0,0,0,0,0,0,0,0,0,0,1,3,0,64,0
4820,175396,0,0,6,0,0,0,0,0,0,0,0,0,1995,0,0,185,0,0,0,0,0,0,0,0,0,0,0,1,3,0,64,0
4821,175397,0,0,6,0,0,0,0,0,0,0,0,0,1972,0,0,183,0,0,0,0,0,0,0,0,0,0,0,1,3,0,64,0
4822,175398,0,0,6,0,0,0,0,0,0,0,0,0,1983,0,0,184,0,0,0,0,0,0,0,0,0,0,0,1,3,0,64,0
4823,175399,0,0,6,0,0,0,0,0,0,0,0,0,1995,0,0,185,0,0,0,0,0,0,0,0,0,0,0,1,3,0,64,0
4824,175400,0,0,6,0,0,0,0,0,0,0,0,0,2007,0,0,186,0,0,0,0,0,0,0,0,0,0,0,1,3,0,64,0
4825,175401,0,0,6,0,0,0,0,0,0,0,0,0,2018,0,0,187,0,0,0,0,0,0,0,0,0,0,0,1,3,0,64,0
4826,175402,0,0,6,0,0,0,0,0,0,0,0,0,2030,0,0,189,0,0,0,0,0,0,0,0,0,0,0,1,3,0,64,0
4827,175403,0,0,6,0,0,0,0,0,0,0,0,0,2042,0,0,190,0,0,0,0,0,0,0,0,0,0,0,1,3,0,64,0
4828,175404,0,0,6,0,0,0,0,0,0,0,0,0,2053,0,0,191,0,0,0,0,0,0,0,0,0,0,0,1,3,0,64,0
4829,175405,0,0,6,0,0,0,0,0,0,0,0,0,2065,0,0,192,0,0,0,0,0,0,0,0,0,0,0,1,3,0,64,0
4830,175406,0,0,6,0,0,0,0,0,0,0,0,0,2077,0,0,193,0,0,0,0,0,0,0,0,0,0,0,1,3,0,64,0
4831,175407,0,0,6,0,0,0,0,0,0,0,0,0,2088,0,0,194,0,0,0,0,0,0,0,0,0,0,0,1,3,0,64,0
4832,175408,0,0,6,0,0,0,0,0,0,0,0,0,2065,0,0,192,0,0,0,0,0,0,0,0,0,0,0,1,3,0,64,0
4833,175409,0,0,6,0,0,0,0,0,0,0,0,0,2077,0,0,193,0,0,0,0,0,0,0,0,0,0,0,1,3,0,64,0
4834,175410,0,0,6,0,0,0,0,0,0,0,0,0,2088,0,0,194,0,0,0,0,0,0,0,0,0,0,0,1,3,0,64,0
4835,175411,0,0,6,0,0,0,0,0,0,0,0,0,2100,0,0,195,0,0,0,0,0,0,0,0,0,0,0,1,3,0,64,0
4836,175412,0,0,6,0,0,0,0,0,0,0,0,0,2112,0,0,196,0,0,0,0,0,0,0,0,0,0,0,1,3,0,64,0
4837,175413,0,0,6,0,0,0,0,0,0,0,0,0,2123,0,0,197,0,0,0,0,0,0,0,0,0,0,0,1,3,0,64,0
4838,175414,0,0,6,0,0,0,0,0,0,0,0,0,2135,0,0,198,0,0,0,0,0,0,0,0,0,0,0,1,3,0,64,0
4839,175415,0,0,6,0,0,0,0,0,0,0,0,0,2147,0,0,199,0,0,0,0,0,0,0,0,0,0,0,1,3,0,64,0
4840,175416,0,0,6,0,0,0,0,0,0,0,0,0,2158,0,0,200,0,0,0,0,0,0,0,0,0,0,0,1,3,0,64,0
4841,175417,0,0,6,0,0,0,0,0,0,0,0,0,2170,0,0,202,0,0,0,0,0,0,0,0,0,0,0,1,3,0,64,0
4842,175418,0,0,6,0,0,0,0,0,0,0,0,0,2182,0,0,203,0,0,0,0,0,0,0,0,0,0,0,1,3,0,64,0
4843,175419,0,0,6,0,0,0,0,0,0,0,0,0,2158,0,0,200,0,0,0,0,0,0,0,0,0,0,0,1,3,0,64,0
4844,175420,0,0,6,0,0,0,0,0,0,0,0,0,2170,0,0,202,0,0,0,0,0,0,0,0,0,0,0,1,3,0,64,0
4845,175421,0,0,6,0,0,0,0,0,0,0,0,0,2182,0,0,203,0,0,0,0,0,0,0,0,0,0,0,1,3,0,64,0
4846,175422,0,0,6,0,0,0,0,0,0,0,0,0,2193,0,0,204,0,0,0,0,0,0,0,0,0,0,0,1,3,0,64,0
4847,175423,0,0,6,0,0,0,0,0,0,0,0,0,2205,0,0,205,0,0,0,0,0,0,0,0,0,0,0,1,3,0,64,0
4848,175424,0,0,6,0,0,0,0,0,0,0,0,0,2217,0,0,206,0,0,0,0,0,0,0,0,0,0,0,1,3,0,64,0
4849,175425,0,0,6,0,0,0,0,0,0,0,0,0,2228,0,0,207,0,0,0,0,0,0,0,0,0,0,0,1,3,0,64,0
4850,175426,0,0,6,0,0,0,0,0,0,0,0,0,2240,0,0,208,0,0,0,0,0,0,0,0,0,0,0,1,3,0,64,0
4851,176100,0,0,1,0,0,0,0,0,0,0,0,0,7,0,0,1,0,0,0,0,0,0,0,0,0,0,0,1,3,0,128,0
4852,176101,0,0,1,0,0,0,0,0,0,0,0,0,14,0,0,1,0,0,0,0,0,0,0,0,0,0,0,1,3,0,128,0
4853,176102,0,0,1,0,0,0,0,0,0,0,0,0,21,0,0,2,0,0,0,0,0,0,0,0,0,0,0,1,3,0,128,0
4854,176103,0,0,1,0,0,0,0,0,0,0,0,0,28,0,0,3,0,0,0,0,0,0,0,0,0,0,0,1,3,0,128,0
4855,176104,0,0,1,0,0,0,0,0,0,0,0,0,35,0,0,3,0,0,0,0,0,0,0,0,0,0,0,1,3,0,128,0
4856,176105,0,0,1,0,0,0,0,0,0,0,0,0,42,0,0,4,0,0,0,0,0,0,0,0,0,0,0,1,3,0,128,0
4857,176106,0,0,1,0,0,0,0,0,0,0,0,0,49,0,0,5,0,0,0,0,0,0,0,0,0,0,0,1,3,0,128,0
4858,176107,0,0,1,0,0,0,0,0,0,0,0,0,56,0,0,5,0,0,0,0,0,0,0,0,0,0,0,1,3,0,128,0
4859,176108,0,0,1,0,0,0,0,0,0,0,0,0,63,0,0,6,0,0,0,0,0,0,0,0,0,0,0,1,3,0,128,0
4860,176109,0,0,1,0,0,0,0,0,0,0,0,0,70,0,0,7,0,0,0,0,0,0,0,0,0,0,0,1,3,0,128,0
4861,176110,0,0,1,0,0,0,0,0,0,0,0,0,77,0,0,7,0,0,0,0,0,0,0,0,0,0,0,1,3,0,128,0
4862,176111,0,0,1,0,0,0,0,0,0,0,0,0,63,0,0,6,0,0,0,0,0,0,0,0,0,0,0,1,3,0,128,0
4863,176112,0,0,1,0,0,0,0,0,0,0,0,0,70,0,0,7,0,0,0,0,0,0,0,0,0,0,0,1,3,0,128,0
4864,176113,0,0,1,0,0,0,0,0,0,0,0,0,77,0,0,7,0,0,0,0,0,0,0,0,0,0,0,1,3,0,128,0
4865,176114,0,0,1,0,0,0,0,0,0,0,0,0,84,0,0,8,0,0,0,0,0,0,0,0,0,0,0,1,3,0,128,0
4866,176115,0,0,1,0,0,0,0,0,0,0,0,0,91,0,0,8,0,0,0,0,0,0,0,0,0,0,0,1,3,0,128,0
4867,176116,0,0,1,0,0,0,0,0,0,0,0,0,98,0,0,9,0,0,0,0,0,0,0,0,0,0,0,1,3,0,128,0
4868,176117,0,0,1,0,0,0,0,0,0,0,0,0,105,0,0,10,0,0,0,0,0,0,0,0,0,0,0,1,3,0,128,0
4869,176118,0,0,1,0,0,0,0,0,0,0,0,0,112,0,0,10,0,0,0,0,0,0,0,0,0,0,0,1,3,0,128,0
4870,176119,0,0,1,0,0,0,0,0,0,0,0,0,119,0,0,11,0,0,0,0,0,0,0,0,0,0,0,1,3,0,128,0
4871,176120,0,0,1,0,0,0,0,0,0,0,0,0,126,0,0,12,0,0,0,0,0,0,0,0,0,0,0,1,3,0,128,0
4872,176121,0,0,1,0,0,0,0,0,0,0,0,0,133,0,0,12,0,0,0,0,0,0,0,0,0,0,0,1,3,0,128,0
4873,176122,0,0,1,0,0,0,0,0,0,0,0,0,119,0,0,11,0,0,0,0,0,0,0,0,0,0,0,1,3,0,128,0
4874,176123,0,0,1,0,0,0,0,0,0,0,0,0,126,0,0,12,0,0,0,0,0,0,0,0,0,0,0,1,3,0,128,0
4875,176124,0,0,1,0,0,0,0,0,0,0,0,0,133,0,0,12,0,0,0,0,0,0,0,0,0,0,0,1,3,0,128,0
4876,176125,0,0,1,0,0,0,0,0,0,0,0,0,140,0,0,13,0,0,0,0,0,0,0,0,0,0,0,1,3,0,128,0
4877,176126,0,0,1,0,0,0,0,0,0,0,0,0,147,0,0,14,0,0,0,0,0,0,0,0,0,0,0,1,3,0,128,0
4878,176127,0,0,1,0,0,0,0,0,0,0,0,0,154,0,0,14,0,0,0,0,0,0,0,0,0,0,0,1,3,0,128,0
4879,176128,0,0,1,0,0,0,0,0,0,0,0,0,161,0,0,15,0,0,0,0,0,0,0,0,0,0,0,1,3,0,128,0
4880,176129,0,0,1,0,0,0,0,0,0,0,0,0,168,0,0,16,0,0,0,0,0,0,0,0,0,0,0,1,3,0,128,0
4881,176130,0,0,1,0,0,0,0,0,0,0,0,0,175,0,0,16,0,0,0,0,0,0,0,0,0,0,0,1,3,0,128,0
4882,176131,0,0,1,0,0,0,0,0,0,0,0,0,182,0,0,17,0,0,0,0,0,0,0,0,0,0,0,1,3,0,128,0
4883,176132,0,0,1,0,0,0,0,0,0,0,0,0,189,0,0,18,0,0,0,0,0,0,0,0,0,0,0,1,3,0,128,0
4884,176133,0,0,2,0,0,0,0,0,0,0,0,0,175,0,0,16,0,0,0,0,0,0,0,0,0,0,0,1,3,0,128,0
4885,176134,0,0,2,0,0,0,0,0,0,0,0,0,182,0,0,17,0,0,0,0,0,0,0,0,0,0,0,1,3,0,128,0
4886,176135,0,0,2,0,0,0,0,0,0,0,0,0,189,0,0,18,0,0,0,0,0,0,0,0,0,0,0,1,3,0,128,0
4887,176136,0,0,2,0,0,0,0,0,0,0,0,0,196,0,0,18,0,0,0,0,0,0,0,0,0,0,0,1,3,0,128,0
4888,176137,0,0,2,0,0,0,0,0,0,0,0,0,203,0,0,19,0,0,0,0,0,0,0,0,0,0,0,1,3,0,128,0
4889,176138,0,0,2,0,0,0,0,0,0,0,0,0,210,0,0,20,0,0,0,0,0,0,0,0,0,0,0,1,3,0,128,0
4890,176139,0,0,2,0,0,0,0,0,0,0,0,0,217,0,0,20,0,0,0,0,0,0,0,0,0,0,0,1,3,0,128,0
4891,176140,0,0,2,0,0,0,0,0,0,0,0,0,224,0,0,21,0,0,0,0,0,0,0,0,0,0,0,1,3,0,128,0
4892,176141,0,0,2,0,0,0,0,0,0,0,0,0,231,0,0,21,0,0,0,0,0,0,0,0,0,0,0,1,3,0,128,0
4893,176142,0,0,2,0,0,0,0,0,0,0,0,0,238,0,0,22,0,0,0,0,0,0,0,0,0,0,0,1,3,0,128,0
4894,176143,0,0,2,0,0,0,0,0,0,0,0,0,245,0,0,23,0,0,0,0,0,0,0,0,0,0,0,1,3,0,128,0
4895,176144,0,0,2,0,0,0,0,0,0,0,0,0,231,0,0,21,0,0,0,0,0,0,0,0,0,0,0,1,3,0,128,0
4896,176145,0,0,2,0,0,0,0,0,0,0,0,0,238,0,0,22,0,0,0,0,0,0,0,0,0,0,0,1,3,0,128,0
4897,176146,0,0,2,0,0,0,0,0,0,0,0,0,245,0,0,23,0,0,0,0,0,0,0,0,0,0,0,1,3,0,128,0
4898,176147,0,0,2,0,0,0,0,0,0,0,0,0,252,0,0,23,0,0,0,0,0,0,0,0,0,0,0,1,3,0,128,0
4899,176148,0,0,2,0,0,0,0,0,0,0,0,0,259,0,0,24,0,0,0,0,0,0,0,0,0,0,0,1,3,0,128,0
4900,176149,0,0,2,0,0,0,0,0,0,0,0,0,266,0,0,25,0,0,0,0,0,0,0,0,0,0,0,1,3,0,128,0
4901,176150,0,0,2,0,0,0,0,0,0,0,0,0,273,0,0,25,0,0,0,0,0,0,0,0,0,0,0,1,3,0,128,0
4902,176151,0,0,2,0,0,0,0,0,0,0,0,0,280,0,0,26,0,0,0,0,0,0,0,0,0,0,0,1,3,0,128,0
4903,176152,0,0,2,0,0,0,0,0,0,0,0,0,287,0,0,27,0,0,0,0,0,0,0,0,0,0,0,1,3,0,128,0
4904,176153,0,0,2,0,0,0,0,0,0,0,0,0,294,0,0,27,0,0,0,0,0,0,0,0,0,0,0,1,3,0,128,0
4905,176154,0,0,2,0,0,0,0,0,0,0,0,0,301,0,0,28,0,0,0,0,0,0,0,0,0,0,0,1,3,0,128,0
4906,176155,0,0,2,0,0,0,0,0,0,0,0,0,287,0,0,27,0,0,0,0,0,0,0,0,0,0,0,1,3,0,128,0
4907,176156,0,0,2,0,0,0,0,0,0,0,0,0,294,0,0,27,0,0,0,0,0,0,0,0,0,0,0,1,3,0,128,0
4908,176157,0,0,2,0,0,0,0,0,0,0,0,0,301,0,0,28,0,0,0,0,0,0,0,0,0,0,0,1,3,0,128,0
4909,176158,0,0,2,0,0,0,0,0,0,0,0,0,308,0,0,29,0,0,0,0,0,0,0,0,0,0,0,1,3,0,128,0
4910,176159,0,0,2,0,0,0,0,0,0,0,0,0,315,0,0,29,0,0,0,0,0,0,0,0,0,0,0,1,3,0,128,0
4911,176160,0,0,2,0,0,0,0,0,0,0,0,0,322,0,0,30,0,0,0,0,0,0,0,0,0,0,0,1,3,0,128,0
4912,176161,0,0,2,0,0,0,0,0,0,0,0,0,329,0,0,31,0,0,0,0,0,0,0,0,0,0,0,1,3,0,128,0
4913,176162,0,0,2,0,0,0,0,0,0,0,0,0,336,0,0,31,0,0,0,0,0,0,0,0,0,0,0,1,3,0,128,0
4914,176163,0,0,2,0,0,0,0,0,0,0,0,0,343,0,0,32,0,0,0,0,0,0,0,0,0,0,0,1,3,0,128,0
4915,176164,0,0,2,0,0,0,0,0,0,0,0,0,350,0,0,33,0,0,0,0,0,0,0,0,0,0,0,1,3,0,128,0
4916,176165,0,0,2,0,0,0,0,0,0,0,0,0,357,0,0,33,0,0,0,0,0,0,0,0,0,0,0,1,3,0,128,0
4917,176166,0,0,3,0,0,0,0,0,0,0,0,0,343,0,0,32,0,0,0,0,0,0,0,0,0,0,0,1,3,0,128,0
4918,176167,0,0,3,0,0,0,0,0,0,0,0,0,350,0,0,33,0,0,0,0,0,0,0,0,0,0,0,1,3,0,128,0
4919,176168,0,0,3,0,0,0,0,0,0,0,0,0,357,0,0,33,0,0,0,0,0,0,0,0,0,0,0,1,3,0,128,0
4920,176169,0,0,3,0,0,0,0,0,0,0,0,0,364,0,0,34,0,0,0,0,0,0,0,0,0,0,0,1,3,0,128,0
4921,176170,0,0,3,0,0,0,0,0,0,0,0,0,371,0,0,34,0,0,0,0,0,0,0,0,0,0,0,1,3,0,128,0
4922,176171,0,0,3,0,0,0,0,0,0,0,0,0,378,0,0,35,0,0,0,0,0,0,0,0,0,0,0,1,3,0,128,0
4923,176172,0,0,3,0,0,0,0,0,0,0,0,0,385,0,0,36,0,0,0,0,0,0,0,0,0,0,0,1,3,0,128,0
4924,176173,0,0,3,0,0,0,0,0,0,0,0,0,392,0,0,36,0,0,0,0,0,0,0,0,0,0,0,1,3,0,128,0
4925,176174,0,0,3,0,0,0,0,0,0,0,0,0,399,0,0,37,0,0,0,0,0,0,0,0,0,0,0,1,3,0,128,0
4926,176175,0,0,3,0,0,0,0,0,0,0,0,0,406,0,0,38,0,0,0,0,0,0,0,0,0,0,0,1,3,0,128,0
4927,176176,0,0,3,0,0,0,0,0,0,0,0,0,413,0,0,38,0,0,0,0,0,0,0,0,0,0,0,1,3,0,128,0
4928,176177,0,0,3,0,0,0,0,0,0,0,0,0,399,0,0,37,0,0,0,0,0,0,0,0,0,0,0,1,3,0,128,0
4929,176178,0,0,3,0,0,0,0,0,0,0,0,0,406,0,0,38,0,0,0,0,0,0,0,0,0,0,0,1,3,0,128,0
4930,176179,0,0,3,0,0,0,0,0,0,0,0,0,413,0,0,38,0,0,0,0,0,0,0,0,0,0,0,1,3,0,128,0
4931,176180,0,0,3,0,0,0,0,0,0,0,0,0,420,0,0,39,0,0,0,0,0,0,0,0,0,0,0,1,3,0,128,0
4932,176181,0,0,3,0,0,0,0,0,0,0,0,0,429,0,0,40,0,0,0,0,0,0,0,0,0,0,0,1,3,0,128,0
4933,176182,0,0,3,0,0,0,0,0,0,0,0,0,439,0,0,41,0,0,0,0,0,0,0,0,0,0,0,1,3,0,128,0
4934,176183,0,0,3,0,0,0,0,0,0,0,0,0,448,0,0,42,0,0,0,0,0,0,0,0,0,0,0,1,3,0,128,0
4935,176184,0,0,3,0,0,0,0,0,0,0,0,0,457,0,0,42,0,0,0,0,0,0,0,0,0,0,0,1,3,0,128,0
4936,176185,0,0,3,0,0,0,0,0,0,0,0,0,467,0,0,43,0,0,0,0,0,0,0,0,0,0,0,1,3,0,128,0
4937,176186,0,0,3,0,0,0,0,0,0,0,0,0,476,0,0,44,0,0,0,0,0,0,0,0,0,0,0,1,3,0,128,0
4938,176187,0,0,3,0,0,0,0,0,0,0,0,0,485,0,0,45,0,0,0,0,0,0,0,0,0,0,0,1,3,0,128,0
4939,176188,0,0,3,0,0,0,0,0,0,0,0,0,467,0,0,43,0,0,0,0,0,0,0,0,0,0,0,1,3,0,128,0
4940,176189,0,0,3,0,0,0,0,0,0,0,0,0,476,0,0,44,0,0,0,0,0,0,0,0,0,0,0,1,3,0,128,0
4941,176190,0,0,3,0,0,0,0,0,0,0,0,0,485,0,0,45,0,0,0,0,0,0,0,0,0,0,0,1,3,0,128,0
4942,176191,0,0,3,0,0,0,0,0,0,0,0,0,495,0,0,46,0,0,0,0,0,0,0,0,0,0,0,1,3,0,128,0
4943,176192,0,0,3,0,0,0,0,0,0,0,0,0,504,0,0,47,0,0,0,0,0,0,0,0,0,0,0,1,3,0,128,0
4944,176193,0,0,3,0,0,0,0,0,0,0,0,0,513,0,0,48,0,0,0,0,0,0,0,0,0,0,0,1,3,0,128,0
4945,176194,0,0,3,0,0,0,0,0,0,0,0,0,523,0,0,49,0,0,0,0,0,0,0,0,0,0,0,1,3,0,128,0
4946,176195,0,0,3,0,0,0,0,0,0,0,0,0,532,0,0,49,0,0,0,0,0,0,0,0,0,0,0,1,3,0,128,0
4947,176196,0,0,3,0,0,0,0,0,0,0,0,0,541,0,0,50,0,0,0,0,0,0,0,0,0,0,0,1,3,0,128,0
4948,176197,0,0,3,0,0,0,0,0,0,0,0,0,551,0,0,51,0,0,0,0,0,0,0,0,0,0,0,1,3,0,128,0
4949,176198,0,0,3,0,0,0,0,0,0,0,0,0,560,0,0,52,0,0,0,0,0,0,0,0,0,0,0,1,3,0,128,0
4950,176199,0,0,4,0,0,0,0,0,0,0,0,0,541,0,0,50,0,0,0,0,0,0,0,0,0,0,0,1,3,0,128,0
4951,176200,0,0,4,0,0,0,0,0,0,0,0,0,551,0,0,51,0,0,0,0,0,0,0,0,0,0,0,1,3,0,128,0
4952,176201,0,0,4,0,0,0,0,0,0,0,0,0,560,0,0,52,0,0,0,0,0,0,0,0,0,0,0,1,3,0,128,0
4953,176202,0,0,4,0,0,0,0,0,0,0,0,0,569,0,0,53,0,0,0,0,0,0,0,0,0,0,0,1,3,0,128,0
4954,176203,0,0,4,0,0,0,0,0,0,0,0,0,579,0,0,54,0,0,0,0,0,0,0,0,0,0,0,1,3,0,128,0
4955,176204,0,0,4,0,0,0,0,0,0,0,0,0,588,0,0,55,0,0,0,0,0,0,0,0,0,0,0,1,3,0,128,0
4956,176205,0,0,4,0,0,0,0,0,0,0,0,0,597,0,0,55,0,0,0,0,0,0,0,0,0,0,0,1,3,0,128,0
4957,176206,0,0,4,0,0,0,0,0,0,0,0,0,607,0,0,56,0,0,0,0,0,0,0,0,0,0,0,1,3,0,128,0
4958,176207,0,0,4,0,0,0,0,0,0,0,0,0,616,0,0,57,0,0,0,0,0,0,0,0,0,0,0,1,3,0,128,0
4959,176208,0,0,4,0,0,0,0,0,0,0,0,0,625,0,0,58,0,0,0,0,0,0,0,0,0,0,0,1,3,0,128,0
4960,176209,0,0,4,0,0,0,0,0,0,0,0,0,635,0,0,59,0,0,0,0,0,0,0,0,0,0,0,1,3,0,128,0
4961,176210,0,0,4,0,0,0,0,0,0,0,0,0,616,0,0,57,0,0,0,0,0,0,0,0,0,0,0,1,3,0,128,0
4962,176211,0,0,4,0,0,0,0,0,0,0,0,0,625,0,0,58,0,0,0,0,0,0,0,0,0,0,0,1,3,0,128,0
4963,176212,0,0,4,0,0,0,0,0,0,0,0,0,635,0,0,59,0,0,0,0,0,0,0,0,0,0,0,1,3,0,128,0
4964,176213,0,0,4,0,0,0,0,0,0,0,0,0,644,0,0,60,0,0,0,0,0,0,0,0,0,0,0,1,3,0,128,0
4965,176214,0,0,4,0,0,0,0,0,0,0,0,0,653,0,0,61,0,0,0,0,0,0,0,0,0,0,0,1,3,0,128,0
4966,176215,0,0,4,0,0,0,0,0,0,0,0,0,663,0,0,62,0,0,0,0,0,0,0,0,0,0,0,1,3,0,128,0
4967,176216,0,0,4,0,0,0,0,0,0,0,0,0,672,0,0,62,0,0,0,0,0,0,0,0,0,0,0,1,3,0,128,0
4968,176217,0,0,4,0,0,0,0,0,0,0,0,0,681,0,0,63,0,0,0,0,0,0,0,0,0,0,0,1,3,0,128,0
4969,176218,0,0,4,0,0,0,0,0,0,0,0,0,691,0,0,64,0,0,0,0,0,0,0,0,0,0,0,1,3,0,128,0
4970,176219,0,0,4,0,0,0,0,0,0,0,0,0,700,0,0,65,0,0,0,0,0,0,0,0,0,0,0,1,3,0,128,0
4971,176220,0,0,4,0,0,0,0,0,0,0,0,0,709,0,0,66,0,0,0,0,0,0,0,0,0,0,0,1,3,0,128,0
4972,176221,0,0,4,0,0,0,0,0,0,0,0,0,691,0,0,64,0,0,0,0,0,0,0,0,0,0,0,1,3,0,128,0
4973,176222,0,0,4,0,0,0,0,0,0,0,0,0,700,0,0,65,0,0,0,0,0,0,0,0,0,0,0,1,3,0,128,0
4974,176223,0,0,4,0,0,0,0,0,0,0,0,0,709,0,0,66,0,0,0,0,0,0,0,0,0,0,0,1,3,0,128,0
4975,176224,0,0,4,0,0,0,0,0,0,0,0,0,719,0,0,67,0,0,0,0,0,0,0,0,0,0,0,1,3,0,128,0
4976,176225,0,0,4,0,0,0,0,0,0,0,0,0,728,0,0,68,0,0,0,0,0,0,0,0,0,0,0,1,3,0,128,0
4977,176226,0,0,4,0,0,0,0,0,0,0,0,0,737,0,0,68,0,0,0,0,0,0,0,0,0,0,0,1,3,0,128,0
4978,176227,0,0,4,0,0,0,0,0,0,0,0,0,747,0,0,69,0,0,0,0,0,0,0,0,0,0,0,1,3,0,128,0
4979,176228,0,0,4,0,0,0,0,0,0,0,0,0,756,0,0,70,0,0,0,0,0,0,0,0,0,0,0,1,3,0,128,0
4980,176229,0,0,4,0,0,0,0,0,0,0,0,0,765,0,0,71,0,0,0,0,0,0,0,0,0,0,0,1,3,0,128,0
4981,176230,0,0,4,0,0,0,0,0,0,0,0,0,775,0,0,72,0,0,0,0,0,0,0,0,0,0,0,1,3,0,128,0
4982,176231,0,0,4,0,0,0,0,0,0,0,0,0,784,0,0,73,0,0,0,0,0,0,0,0,0,0,0,1,3,0,128,0
4983,176232,0,0,5,0,0,0,0,0,0,0,0,0,765,0,0,71,0,0,0,0,0,0,0,0,0,0,0,1,3,0,128,0
4984,176233,0,0,5,0,0,0,0,0,0,0,0,0,775,0,0,72,0,0,0,0,0,0,0,0,0,0,0,1,3,0,128,0
4985,176234,0,0,5,0,0,0,0,0,0,0,0,0,784,0,0,73,0,0,0,0,0,0,0,0,0,0,0,1,3,0,128,0
4986,176235,0,0,5,0,0,0,0,0,0,0,0,0,793,0,0,74,0,0,0,0,0,0,0,0,0,0,0,1,3,0,128,0
4987,176236,0,0,5,0,0,0,0,0,0,0,0,0,803,0,0,75,0,0,0,0,0,0,0,0,0,0,0,1,3,0,128,0
4988,176237,0,0,5,0,0,0,0,0,0,0,0,0,812,0,0,75,0,0,0,0,0,0,0,0,0,0,0,1,3,0,128,0
4989,176238,0,0,5,0,0,0,0,0,0,0,0,0,821,0,0,76,0,0,0,0,0,0,0,0,0,0,0,1,3,0,128,0
4990,176239,0,0,5,0,0,0,0,0,0,0,0,0,831,0,0,77,0,0,0,0,0,0,0,0,0,0,0,1,3,0,128,0
4991,176240,0,0,5,0,0,0,0,0,0,0,0,0,840,0,0,78,0,0,0,0,0,0,0,0,0,0,0,1,3,0,128,0
4992,176241,0,0,5,0,0,0,0,0,0,0,0,0,849,0,0,79,0,0,0,0,0,0,0,0,0,0,0,1,3,0,128,0
4993,176242,0,0,5,0,0,0,0,0,0,0,0,0,859,0,0,80,0,0,0,0,0,0,0,0,0,0,0,1,3,0,128,0
4994,176243,0,0,5,0,0,0,0,0,0,0,0,0,840,0,0,78,0,0,0,0,0,0,0,0,0,0,0,1,3,0,128,0
4995,176244,0,0,5,0,0,0,0,0,0,0,0,0,849,0,0,79,0,0,0,0,0,0,0,0,0,0,0,1,3,0,128,0
4996,176245,0,0,5,0,0,0,0,0,0,0,0,0,859,0,0,80,0,0,0,0,0,0,0,0,0,0,0,1,3,0,128,0
4997,176246,0,0,5,0,0,0,0,0,0,0,0,0,868,0,0,81,0,0,0,0,0,0,0,0,0,0,0,1,3,0,128,0
4998,176247,0,0,5,0,0,0,0,0,0,0,0,0,877,0,0,81,0,0,0,0,0,0,0,0,0,0,0,1,3,0,128,0
4999,176248,0,0,5,0,0,0,0,0,0,0,0,0,887,0,0,82,0,0,0,0,0,0,0,0,0,0,0,1,3,0,128,0
5000,176249,0,0,5,0,0,0,0,0,0,0,0,0,896,0,0,83,0,0,0,0,0,0,0,0,0,0,0,1,3,0,128,0
5001,176250,0,0,5,0,0,0,0,0,0,0,0,0,905,0,0,84,0,0,0,0,0,0,0,0,0,0,0,1,3,0,128,0
5002,176251,0,0,5,0,0,0,0,0,0,0,0,0,915,0,0,85,0,0,0,0,0,0,0,0,0,0,0,1,3,0,128,0
5003,176252,0,0,5,0,0,0,0,0,0,0,0,0,924,0,0,86,0,0,0,0,0,0,0,0,0,0,0,1,3,0,128,0
5004,176253,0,0,5,0,0,0,0,0,0,0,0,0,933,0,0,87,0,0,0,0,0,0,0,0,0,0,0,1,3,0,128,0
5005,176254,0,0,5,0,0,0,0,0,0,0,0,0,915,0,0,85,0,0,0,0,0,0,0,0,0,0,0,1,3,0,128,0
5006,176255,0,0,5,0,0,0,0,0,0,0,0,0,924,0,0,86,0,0,0,0,0,0,0,0,0,0,0,1,3,0,128,0
5007,176256,0,0,5,0,0,0,0,0,0,0,0,0,933,0,0,87,0,0,0,0,0,0,0,0,0,0,0,1,3,0,128,0
5008,176257,0,0,5,0,0,0,0,0,0,0,0,0,943,0,0,88,0,0,0,0,0,0,0,0,0,0,0,1,3,0,128,0
5009,176258,0,0,5,0,0,0,0,0,0,0,0,0,952,0,0,88,0,0,0,0,0,0,0,0,0,0,0,1,3,0,128,0
5010,176259,0,0,5,0,0,0,0,0,0,0,0,0,961,0,0,89,0,0,0,0,0,0,0,0,0,0,0,1,3,0,128,0
5011,176260,0,0,5,0,0,0,0,0,0,0,0,0,971,0,0,90,0,0,0,0,0,0,0,0,0,0,0,1,3,0,128,0
5012,176261,0,0,5,0,0,0,0,0,0,0,0,0,980,0,0,91,0,0,0,0,0,0,0,0,0,0,0,1,3,0,128,0
5013,176262,0,0,5,0,0,0,0,0,0,0,0,0,989,0,0,92,0,0,0,0,0,0,0,0,0,0,0,1,3,0,128,0
5014,176263,0,0,5,0,0,0,0,0,0,0,0,0,999,0,0,93,0,0,0,0,0,0,0,0,0,0,0,1,3,0,128,0
5015,176264,0,0,5,0,0,0,0,0,0,0,0,0,1008,0,0,94,0,0,0,0,0,0,0,0,0,0,0,1,3,0,128,0
5016,176265,0,0,5,0,0,0,0,0,0,0,0,0,989,0,0,92,0,0,0,0,0,0,0,0,0,0,0,1,3,0,128,0
5017,176266,0,0,5,0,0,0,0,0,0,0,0,0,999,0,0,93,0,0,0,0,0,0,0,0,0,0,0,1,3,0,128,0
5018,176267,0,0,5,0,0,0,0,0,0,0,0,0,1008,0,0,94,0,0,0,0,0,0,0,0,0,0,0,1,3,0,128,0
5019,176268,0,0,5,0,0,0,0,0,0,0,0,0,1017,0,0,94,0,0,0,0,0,0,0,0,0,0,0,1,3,0,128,0
5020,176269,0,0,5,0,0,0,0,0,0,0,0,0,1027,0,0,95,0,0,0,0,0,0,0,0,0,0,0,1,3,0,128,0
5021,176270,0,0,5,0,0,0,0,0,0,0,0,0,1036,0,0,96,0,0,0,0,0,0,0,0,0,0,0,1,3,0,128,0
5022,176271,0,0,5,0,0,0,0,0,0,0,0,0,1045,0,0,97,0,0,0,0,0,0,0,0,0,0,0,1,3,0,128,0
5023,176272,0,0,5,0,0,0,0,0,0,0,0,0,1055,0,0,98,0,0,0,0,0,0,0,0,0,0,0,1,3,0,128,0
5024,176273,0,0,5,0,0,0,0,0,0,0,0,0,1064,0,0,99,0,0,0,0,0,0,0,0,0,0,0,1,3,0,128,0
5025,176274,0,0,5,0,0,0,0,0,0,0,0,0,1073,0,0,100,0,0,0,0,0,0,0,0,0,0,0,1,3,0,128,0
5026,176275,0,0,5,0,0,0,0,0,0,0,0,0,1083,0,0,101,0,0,0,0,0,0,0,0,0,0,0,1,3,0,128,0
5027,176276,0,0,5,0,0,0,0,0,0,0,0,0,1064,0,0,99,0,0,0,0,0,0,0,0,0,0,0,1,3,0,128,0
5028,176277,0,0,5,0,0,0,0,0,0,0,0,0,1073,0,0,100,0,0,0,0,0,0,0,0,0,0,0,1,3,0,128,0
5029,176278,0,0,5,0,0,0,0,0,0,0,0,0,1083,0,0,101,0,0,0,0,0,0,0,0,0,0,0,1,3,0,128,0
5030,176279,0,0,5,0,0,0,0,0,0,0,0,0,1092,0,0,101,0,0,0,0,0,0,0,0,0,0,0,1,3,0,128,0
5031,176280,0,0,5,0,0,0,0,0,0,0,0,0,1101,0,0,102,0,0,0,0,0,0,0,0,0,0,0,1,3,0,128,0
5032,176281,0,0,5,0,0,0,0,0,0,0,0,0,1111,0,0,103,0,0,0,0,0,0,0,0,0,0,0,1,3,0,128,0
5033,176282,0,0,5,0,0,0,0,0,0,0,0,0,1120,0,0,104,0,0,0,0,0,0,0,0,0,0,0,1,3,0,128,0
5034,176283,0,0,5,0,0,0,0,0,0,0,0,0,1129,0,0,105,0,0,0,0,0,0,0,0,0,0,0,1,3,0,128,0
5035,176284,0,0,5,0,0,0,0,0,0,0,0,0,1139,0,0,106,0,0,0,0,0,0,0,0,0,0,0,1,3,0,128,0
5036,176285,0,0,5,0,0,0,0,0,0,0,0,0,1148,0,0,107,0,0,0,0,0,0,0,0,0,0,0,1,3,0,128,0
5037,176286,0,0,5,0,0,0,0,0,0,0,0,0,1157,0,0,107,0,0,0,0,0,0,0,0,0,0,0,1,3,0,128,0
5038,176287,0,0,5,0,0,0,0,0,0,0,0,0,1139,0,0,106,0,0,0,0,0,0,0,0,0,0,0,1,3,0,128,0
5039,176288,0,0,5,0,0,0,0,0,0,0,0,0,1148,0,0,107,0,0,0,0,0,0,0,0,0,0,0,1,3,0,128,0
5040,176289,0,0,5,0,0,0,0,0,0,0,0,0,1157,0,0,107,0,0,0,0,0,0,0,0,0,0,0,1,3,0,128,0
5041,176290,0,0,5,0,0,0,0,0,0,0,0,0,1167,0,0,108,0,0,0,0,0,0,0,0,0,0,0,1,3,0,128,0
5042,176291,0,0,5,0,0,0,0,0,0,0,0,0,1176,0,0,109,0,0,0,0,0,0,0,0,0,0,0,1,3,0,128,0
5043,176292,0,0,5,0,0,0,0,0,0,0,0,0,1185,0,0,110,0,0,0,0,0,0,0,0,0,0,0,1,3,0,128,0
5044,176293,0,0,5,0,0,0,0,0,0,0,0,0,1195,0,0,111,0,0,0,0,0,0,0,0,0,0,0,1,3,0,128,0
5045,176294,0,0,5,0,0,0,0,0,0,0,0,0,1204,0,0,112,0,0,0,0,0,0,0,0,0,0,0,1,3,0,128,0
5046,176295,0,0,5,0,0,0,0,0,0,0,0,0,1213,0,0,113,0,0,0,0,0,0,0,0,0,0,0,1,3,0,128,0
5047,176296,0,0,5,0,0,0,0,0,0,0,0,0,1223,0,0,114,0,0,0,0,0,0,0,0,0,0,0,1,3,0,128,0
5048,176297,0,0,5,0,0,0,0,0,0,0,0,0,1232,0,0,114,0,0,0,0,0,0,0,0,0,0,0,1,3,0,128,0
5049,176298,0,0,5,0,0,0,0,0,0,0,0,0,1213,0,0,113,0,0,0,0,0,0,0,0,0,0,0,1,3,0,128,0
5050,176299,0,0,5,0,0,0,0,0,0,0,0,0,1223,0,0,114,0,0,0,0,0,0,0,0,0,0,0,1,3,0,128,0
5051,176300,0,0,5,0,0,0,0,0,0,0,0,0,1232,0,0,114,0,0,0,0,0,0,0,0,0,0,0,1,3,0,128,0
5052,176301,0,0,5,0,0,0,0,0,0,0,0,0,1241,0,0,115,0,0,0,0,0,0,0,0,0,0,0,1,3,0,128,0
5053,176302,0,0,5,0,0,0,0,0,0,0,0,0,1251,0,0,116,0,0,0,0,0,0,0,0,0,0,0,1,3,0,128,0
5054,176303,0,0,5,0,0,0,0,0,0,0,0,0,1260,0,0,117,0,0,0,0,0,0,0,0,0,0,0,1,3,0,128,0
5055,176304,0,0,5,0,0,0,0,0,0,0,0,0,1269,0,0,118,0,0,0,0,0,0,0,0,0,0,0,1,3,0,128,0
5056,176305,0,0,5,0,0,0,0,0,0,0,0,0,1279,0,0,119,0,0,0,0,0,0,0,0,0,0,0,1,3,0,128,0
5057,176306,0,0,5,0,0,0,0,0,0,0,0,0,1288,0,0,120,0,0,0,0,0,0,0,0,0,0,0,1,3,0,128,0
5058,176307,0,0,5,0,0,0,0,0,0,0,0,0,1297,0,0,120,0,0,0,0,0,0,0,0,0,0,0,1,3,0,128,0
5059,176308,0,0,5,0,0,0,0,0,0,0,0,0,1307,0,0,121,0,0,0,0,0,0,0,0,0,0,0,1,3,0,128,0
5060,176309,0,0,5,0,0,0,0,0,0,0,0,0,1288,0,0,120,0,0,0,0,0,0,0,0,0,0,0,1,3,0,128,0
5061,176310,0,0,5,0,0,0,0,0,0,0,0,0,1297,0,0,120,0,0,0,0,0,0,0,0,0,0,0,1,3,0,128,0
5062,176311,0,0,5,0,0,0,0,0,0,0,0,0,1307,0,0,121,0,0,0,0,0,0,0,0,0,0,0,1,3,0,128,0
5063,176312,0,0,5,0,0,0,0,0,0,0,0,0,1316,0,0,122,0,0,0,0,0,0,0,0,0,0,0,1,3,0,128,0
5064,176313,0,0,5,0,0,0,0,0,0,0,0,0,1325,0,0,123,0,0,0,0,0,0,0,0,0,0,0,1,3,0,128,0
5065,176314,0,0,5,0,0,0,0,0,0,0,0,0,1335,0,0,124,0,0,0,0,0,0,0,0,0,0,0,1,3,0,128,0
5066,176315,0,0,5,0,0,0,0,0,0,0,0,0,1344,0,0,125,0,0,0,0,0,0,0,0,0,0,0,1,3,0,128,0
5067,176316,0,0,5,0,0,0,0,0,0,0,0,0,1353,0,0,126,0,0,0,0,0,0,0,0,0,0,0,1,3,0,128,0
5068,176317,0,0,5,0,0,0,0,0,0,0,0,0,1363,0,0,127,0,0,0,0,0,0,0,0,0,0,0,1,3,0,128,0
5069,176318,0,0,5,0,0,0,0,0,0,0,0,0,1372,0,0,127,0,0,0,0,0,0,0,0,0,0,0,1,3,0,128,0
5070,176319,0,0,5,0,0,0,0,0,0,0,0,0,1381,0,0,128,0,0,0,0,0,0,0,0,0,0,0,1,3,0,128,0
5071,176320,0,0,5,0,0,0,0,0,0,0,0,0,1363,0,0,127,0,0,0,0,0,0,0,0,0,0,0,1,3,0,128,0
5072,176321,0,0,5,0,0,0,0,0,0,0,0,0,1372,0,0,127,0,0,0,0,0,0,0,0,0,0,0,1,3,0,128,0
5073,176322,0,0,5,0,0,0,0,0,0,0,0,0,1381,0,0,128,0,0,0,0,0,0,0,0,0,0,0,1,3,0,128,0
5074,176323,0,0,5,0,0,0,0,0,0,0,0,0,1391,0,0,129,0,0,0,0,0,0,0,0,0,0,0,1,3,0,128,0
5075,176324,0,0,5,0,0,0,0,0,0,0,0,0,1400,0,0,130,0,0,0,0,0,0,0,0,0,0,0,1,3,0,128,0
5076,176325,0,0,5,0,0,0,0,0,0,0,0,0,1409,0,0,131,0,0,0,0,0,0,0,0,0,0,0,1,3,0,128,0
5077,176326,0,0,5,0,0,0,0,0,0,0,0,0,1419,0,0,132,0,0,0,0,0,0,0,0,0,0,0,1,3,0,128,0
5078,176327,0,0,5,0,0,0,0,0,0,0,0,0,1428,0,0,133,0,0,0,0,0,0,0,0,0,0,0,1,3,0,128,0
5079,176328,0,0,5,0,0,0,0,0,0,0,0,0,1437,0,0,133,0,0,0,0,0,0,0,0,0,0,0,1,3,0,128,0
5080,176329,0,0,5,0,0,0,0,0,0,0,0,0,1447,0,0,134,0,0,0,0,0,0,0,0,0,0,0,1,3,0,128,0
5081,176330,0,0,5,0,0,0,0,0,0,0,0,0,1456,0,0,135,0,0,0,0,0,0,0,0,0,0,0,1,3,0,128,0
5082,176331,0,0,5,0,0,0,0,0,0,0,0,0,1437,0,0,133,0,0,0,0,0,0,0,0,0,0,0,1,3,0,128,0
5083,176332,0,0,5,0,0,0,0,0,0,0,0,0,1447,0,0,134,0,0,0,0,0,0,0,0,0,0,0,1,3,0,128,0
5084,176333,0,0,5,0,0,0,0,0,0,0,0,0,1456,0,0,135,0,0,0,0,0,0,0,0,0,0,0,1,3,0,128,0
5085,176334,0,0,5,0,0,0,0,0,0,0,0,0,1465,0,0,136,0,0,0,0,0,0,0,0,0,0,0,1,3,0,128,0
5086,176335,0,0,5,0,0,0,0,0,0,0,0,0,1475,0,0,137,0,0,0,0,0,0,0,0,0,0,0,1,3,0,128,0
5087,176336,0,0,5,0,0,0,0,0,0,0,0,0,1484,0,0,138,0,0,0,0,0,0,0,0,0,0,0,1,3,0,128,0
5088,176337,0,0,5,0,0,0,0,0,0,0,0,0,1493,0,0,139,0,0,0,0,0,0,0,0,0,0,0,1,3,0,128,0
5089,176338,0,0,5,0,0,0,0,0,0,0,0,0,1503,0,0,140,0,0,0,0,0,0,0,0,0,0,0,1,3,0,128,0
5090,176339,0,0,5,0,0,0,0,0,0,0,0,0,1512,0,0,140,0,0,0,0,0,0,0,0,0,0,0,1,3,0,128,0
5091,176340,0,0,5,0,0,0,0,0,0,0,0,0,1521,0,0,141,0,0,0,0,0,0,0,0,0,0,0,1,3,0,128,0
5092,176341,0,0,5,0,0,0,0,0,0,0,0,0,1531,0,0,142,0,0,0,0,0,0,0,0,0,0,0,1,3,0,128,0
5093,176342,0,0,5,0,0,0,0,0,0,0,0,0,1512,0,0,140,0,0,0,0,0,0,0,0,0,0,0,1,3,0,128,0
5094,176343,0,0,5,0,0,0,0,0,0,0,0,0,1521,0,0,141,0,0,0,0,0,0,0,0,0,0,0,1,3,0,128,0
5095,176344,0,0,5,0,0,0,0,0,0,0,0,0,1531,0,0,142,0,0,0,0,0,0,0,0,0,0,0,1,3,0,128,0
5096,176345,0,0,5,0,0,0,0,0,0,0,0,0,1540,0,0,143,0,0,0,0,0,0,0,0,0,0,0,1,3,0,128,0
5097,176346,0,0,5,0,0,0,0,0,0,0,0,0,1552,0,0,144,0,0,0,0,0,0,0,0,0,0,0,1,3,0,128,0
5098,176347,0,0,5,0,0,0,0,0,0,0,0,0,1563,0,0,145,0,0,0,0,0,0,0,0,0,0,0,1,3,0,128,0
5099,176348,0,0,5,0,0,0,0,0,0,0,0,0,1575,0,0,146,0,0,0,0,0,0,0,0,0,0,0,1,3,0,128,0
5100,176349,0,0,5,0,0,0,0,0,0,0,0,0,1587,0,0,147,0,0,0,0,0,0,0,0,0,0,0,1,3,0,128,0
5101,176350,0,0,5,0,0,0,0,0,0,0,0,0,1598,0,0,148,0,0,0,0,0,0,0,0,0,0,0,1,3,0,128,0
5102,176351,0,0,5,0,0,0,0,0,0,0,0,0,1610,0,0,150,0,0,0,0,0,0,0,0,0,0,0,1,3,0,128,0
5103,176352,0,0,5,0,0,0,0,0,0,0,0,0,1622,0,0,151,0,0,0,0,0,0,0,0,0,0,0,1,3,0,128,0
5104,176353,0,0,5,0,0,0,0,0,0,0,0,0,1598,0,0,148,0,0,0,0,0,0,0,0,0,0,0,1,3,0,128,0
5105,176354,0,0,5,0,0,0,0,0,0,0,0,0,1610,0,0,150,0,0,0,0,0,0,0,0,0,0,0,1,3,0,128,0
5106,176355,0,0,5,0,0,0,0,0,0,0,0,0,1622,0,0,151,0,0,0,0,0,0,0,0,0,0,0,1,3,0,128,0
5107,176356,0,0,5,0,0,0,0,0,0,0,0,0,1633,0,0,152,0,0,0,0,0,0,0,0,0,0,0,1,3,0,128,0
5108,176357,0,0,5,0,0,0,0,0,0,0,0,0,1645,0,0,153,0,0,0,0,0,0,0,0,0,0,0,1,3,0,128,0
5109,176358,0,0,5,0,0,0,0,0,0,0,0,0,1657,0,0,154,0,0,0,0,0,0,0,0,0,0,0,1,3,0,128,0
5110,176359,0,0,5,0,0,0,0,0,0,0,0,0,1668,0,0,155,0,0,0,0,0,0,0,0,0,0,0,1,3,0,128,0
5111,176360,0,0,5,0,0,0,0,0,0,0,0,0,1680,0,0,156,0,0,0,0,0,0,0,0,0,0,0,1,3,0,128,0
5112,176361,0,0,5,0,0,0,0,0,0,0,0,0,1692,0,0,157,0,0,0,0,0,0,0,0,0,0,0,1,3,0,128,0
5113,176362,0,0,5,0,0,0,0,0,0,0,0,0,1703,0,0,158,0,0,0,0,0,0,0,0,0,0,0,1,3,0,128,0
5114,176363,0,0,5,0,0,0,0,0,0,0,0,0,1715,0,0,159,0,0,0,0,0,0,0,0,0,0,0,1,3,0,128,0
5115,176364,0,0,5,0,0,0,0,0,0,0,0,0,1692,0,0,157,0,0,0,0,0,0,0,0,0,0,0,1,3,0,128,0
5116,176365,0,0,5,0,0,0,0,0,0,0,0,0,1703,0,0,158,0,0,0,0,0,0,0,0,0,0,0,1,3,0,128,0
5117,176366,0,0,5,0,0,0,0,0,0,0,0,0,1715,0,0,159,0,0,0,0,0,0,0,0,0,0,0,1,3,0,128,0
5118,176367,0,0,5,0,0,0,0,0,0,0,0,0,1727,0,0,160,0,0,0,0,0,0,0,0,0,0,0,1,3,0,128,0
5119,176368,0,0,5,0,0,0,0,0,0,0,0,0,1738,0,0,161,0,0,0,0,0,0,0,0,0,0,0,1,3,0,128,0
5120,176369,0,0,5,0,0,0,0,0,0,0,0,0,1750,0,0,163,0,0,0,0,0,0,0,0,0,0,0,1,3,0,128,0
5121,176370,0,0,5,0,0,0,0,0,0,0,0,0,1762,0,0,164,0,0,0,0,0,0,0,0,0,0,0,1,3,0,128,0
5122,176371,0,0,6,0,0,0,0,0,0,0,0,0,1773,0,0,165,0,0,0,0,0,0,0,0,0,0,0,1,3,0,128,0
5123,176372,0,0,6,0,0,0,0,0,0,0,0,0,1785,0,0,166,0,0,0,0,0,0,0,0,0,0,0,1,3,0,128,0
5124,176373,0,0,6,0,0,0,0,0,0,0,0,0,1797,0,0,167,0,0,0,0,0,0,0,0,0,0,0,1,3,0,128,0
5125,176374,0,0,6,0,0,0,0,0,0,0,0,0,1808,0,0,168,0,0,0,0,0,0,0,0,0,0,0,1,3,0,128,0
5126,176375,0,0,6,0,0,0,0,0,0,0,0,0,1785,0,0,166,0,0,0,0,0,0,0,0,0,0,0,1,3,0,128,0
5127,176376,0,0,6,0,0,0,0,0,0,0,0,0,1797,0,0,167,0,0,0,0,0,0,0,0,0,0,0,1,3,0,128,0
5128,176377,0,0,6,0,0,0,0,0,0,0,0,0,1808,0,0,168,0,0,0,0,0,0,0,0,0,0,0,1,3,0,128,0
5129,176378,0,0,6,0,0,0,0,0,0,0,0,0,1820,0,0,169,0,0,0,0,0,0,0,0,0,0,0,1,3,0,128,0
5130,176379,0,0,6,0,0,0,0,0,0,0,0,0,1832,0,0,170,0,0,0,0,0,0,0,0,0,0,0,1,3,0,128,0
5131,176380,0,0,6,0,0,0,0,0,0,0,0,0,1843,0,0,171,0,0,0,0,0,0,0,0,0,0,0,1,3,0,128,0
5132,176381,0,0,6,0,0,0,0,0,0,0,0,0,1855,0,0,172,0,0,0,0,0,0,0,0,0,0,0,1,3,0,128,0
5133,176382,0,0,6,0,0,0,0,0,0,0,0,0,1867,0,0,173,0,0,0,0,0,0,0,0,0,0,0,1,3,0,128,0
5134,176383,0,0,6,0,0,0,0,0,0,0,0,0,1878,0,0,174,0,0,0,0,0,0,0,0,0,0,0,1,3,0,128,0
5135,176384,0,0,6,0,0,0,0,0,0,0,0,0,1890,0,0,176,0,0,0,0,0,0,0,0,0,0,0,1,3,0,128,0
5136,176385,0,0,6,0,0,0,0,0,0,0,0,0,1902,0,0,177,0,0,0,0,0,0,0,0,0,0,0,1,3,0,128,0
5137,176386,0,0,6,0,0,0,0,0,0,0,0,0,1878,0,0,174,0,0,0,0,0,0,0,0,0,0,0,1,3,0,128,0
5138,176387,0,0,6,0,0,0,0,0,0,0,0,0,1890,0,0,176,0,0,0,0,0,0,0,0,0,0,0,1,3,0,128,0
5139,176388,0,0,6,0,0,0,0,0,0,0,0,0,1902,0,0,177,0,0,0,0,0,0,0,0,0,0,0,1,3,0,128,0
5140,176389,0,0,6,0,0,0,0,0,0,0,0,0,1913,0,0,178,0,0,0,0,0,0,0,0,0,0,0,1,3,0,128,0
5141,176390,0,0,6,0,0,0,0,0,0,0,0,0,1925,0,0,179,0,0,0,0,0,0,0,0,0,0,0,1,3,0,128,0
5142,176391,0,0,6,0,0,0,0,0,0,0,0,0,1937,0,0,180,0,0,0,0,0,0,0,0,0,0,0,1,3,0,128,0
5143,176392,0,0,6,0,0,0,0,0,0,0,0,0,1948,0,0,181,0,0,0,0,0,0,0,0,0,0,0,1,3,0,128,0
5144,176393,0,0,6,0,0,0,0,0,0,0,0,0,1960,0,0,182,0,0,0,0,0,0,0,0,0,0,0,1,3,0,128,0
5145,176394,0,0,6,0,0,0,0,0,0,0,0,0,1972,0,0,183,0,0,0,0,0,0,0,0,0,0,0,1,3,0,128,0
5146,176395,0,0,6,0,0,0,0,0,0,0,0,0,1983,0,0,184,0,0,0,0,0,0,0,0,0,0,0,1,3,0,128,0
5147,176396,0,0,6,0,0,0,0,0,0,0,0,0,1995,0,0,185,0,0,0,0,0,0,0,0,0,0,0,1,3,0,128,0
5148,176397,0,0,6,0,0,0,0,0,0,0,0,0,1972,0,0,183,0,0,0,0,0,0,0,0,0,0,0,1,3,0,128,0
5149,176398,0,0,6,0,0,0,0,0,0,0,0,0,1983,0,0,184,0,0,0,0,0,0,0,0,0,0,0,1,3,0,128,0
5150,176399,0,0,6,0,0,0,0,0,0,0,0,0,1995,0,0,185,0,0,0,0,0,0,0,0,0,0,0,1,3,0,128,0
5151,176400,0,0,6,0,0,0,0,0,0,0,0,0,2007,0,0,186,0,0,0,0,0,0,0,0,0,0,0,1,3,0,128,0
5152,176401,0,0,6,0,0,0,0,0,0,0,0,0,2018,0,0,187,0,0,0,0,0,0,0,0,0,0,0,1,3,0,128,0
5153,176402,0,0,6,0,0,0,0,0,0,0,0,0,2030,0,0,189,0,0,0,0,0,0,0,0,0,0,0,1,3,0,128,0
5154,176403,0,0,6,0,0,0,0,0,0,0,0,0,2042,0,0,190,0,0,0,0,0,0,0,0,0,0,0,1,3,0,128,0
5155,176404,0,0,6,0,0,0,0,0,0,0,0,0,2053,0,0,191,0,0,0,0,0,0,0,0,0,0,0,1,3,0,128,0
5156,176405,0,0,6,0,0,0,0,0,0,0,0,0,2065,0,0,192,0,0,0,0,0,0,0,0,0,0,0,1,3,0,128,0
5157,176406,0,0,6,0,0,0,0,0,0,0,0,0,2077,0,0,193,0,0,0,0,0,0,0,0,0,0,0,1,3,0,128,0
5158,176407,0,0,6,0,0,0,0,0,0,0,0,0,2088,0,0,194,0,0,0,0,0,0,0,0,0,0,0,1,3,0,128,0
5159,176408,0,0,6,0,0,0,0,0,0,0,0,0,2065,0,0,192,0,0,0,0,0,0,0,0,0,0,0,1,3,0,128,0
5160,176409,0,0,6,0,0,0,0,0,0,0,0,0,2077,0,0,193,0,0,0,0,0,0,0,0,0,0,0,1,3,0,128,0
5161,176410,0,0,6,0,0,0,0,0,0,0,0,0,2088,0,0,194,0,0,0,0,0,0,0,0,0,0,0,1,3,0,128,0
5162,176411,0,0,6,0,0,0,0,0,0,0,0,0,2100,0,0,195,0,0,0,0,0,0,0,0,0,0,0,1,3,0,128,0
5163,176412,0,0,6,0,0,0,0,0,0,0,0,0,2112,0,0,196,0,0,0,0,0,0,0,0,0,0,0,1,3,0,128,0
5164,176413,0,0,6,0,0,0,0,0,0,0,0,0,2123,0,0,197,0,0,0,0,0,0,0,0,0,0,0,1,3,0,128,0
5165,176414,0,0,6,0,0,0,0,0,0,0,0,0,2135,0,0,198,0,0,0,0,0,0,0,0,0,0,0,1,3,0,128,0
5166,176415,0,0,6,0,0,0,0,0,0,0,0,0,2147,0,0,199,0,0,0,0,0,0,0,0,0,0,0,1,3,0,128,0
5167,176416,0,0,6,0,0,0,0,0,0,0,0,0,2158,0,0,200,0,0,0,0,0,0,0,0,0,0,0,1,3,0,128,0
5168,176417,0,0,6,0,0,0,0,0,0,0,0,0,2170,0,0,202,0,0,0,0,0,0,0,0,0,0,0,1,3,0,128,0
5169,176418,0,0,6,0,0,0,0,0,0,0,0,0,2182,0,0,203,0,0,0,0,0,0,0,0,0,0,0,1,3,0,128,0
5170,176419,0,0,6,0,0,0,0,0,0,0,0,0,2158,0,0,200,0,0,0,0,0,0,0,0,0,0,0,1,3,0,128,0
5171,176420,0,0,6,0,0,0,0,0,0,0,0,0,2170,0,0,202,0,0,0,0,0,0,0,0,0,0,0,1,3,0,128,0
5172,176421,0,0,6,0,0,0,0,0,0,0,0,0,2182,0,0,203,0,0,0,0,0,0,0,0,0,0,0,1,3,0,128,0
5173,176422,0,0,6,0,0,0,0,0,0,0,0,0,2193,0,0,204,0,0,0,0,0,0,0,0,0,0,0,1,3,0,128,0
5174,176423,0,0,6,0,0,0,0,0,0,0,0,0,2205,0,0,205,0,0,0,0,0,0,0,0,0,0,0,1,3,0,128,0
5175,176424,0,0,6,0,0,0,0,0,0,0,0,0,2217,0,0,206,0,0,0,0,0,0,0,0,0,0,0,1,3,0,128,0
5176,176425,0,0,6,0,0,0,0,0,0,0,0,0,2228,0,0,207,0,0,0,0,0,0,0,0,0,0,0,1,3,0,128,0
5177,176426,0,0,6,0,0,0,0,0,0,0,0,0,2240,0,0,208,0,0,0,0,0,0,0,0,0,0,0,1,3,0,128,0
5178,177100,0,0,1,0,0,0,0,0,0,0,0,0,4,0,0,1,0,0,0,0,0,0,0,0,0,0,0,1,3,0,256,0
5179,177101,0,0,1,0,0,0,0,0,0,0,0,0,7,0,0,1,0,0,0,0,0,0,0,0,0,0,0,1,3,0,256,0
5180,177102,0,0,1,0,0,0,0,0,0,0,0,0,11,0,0,1,0,0,0,0,0,0,0,0,0,0,0,1,3,0,256,0
5181,177103,0,0,1,0,0,0,0,0,0,0,0,0,14,0,0,1,0,0,0,0,0,0,0,0,0,0,0,1,3,0,256,0
5182,177104,0,0,1,0,0,0,0,0,0,0,0,0,18,0,0,2,0,0,0,0,0,0,0,0,0,0,0,1,3,0,256,0
5183,177105,0,0,1,0,0,0,0,0,0,0,0,0,21,0,0,2,0,0,0,0,0,0,0,0,0,0,0,1,3,0,256,0
5184,177106,0,0,1,0,0,0,0,0,0,0,0,0,25,0,0,2,0,0,0,0,0,0,0,0,0,0,0,1,3,0,256,0
5185,177107,0,0,1,0,0,0,0,0,0,0,0,0,28,0,0,3,0,0,0,0,0,0,0,0,0,0,0,1,3,0,256,0
5186,177108,0,0,1,0,0,0,0,0,0,0,0,0,32,0,0,3,0,0,0,0,0,0,0,0,0,0,0,1,3,0,256,0
5187,177109,0,0,1,0,0,0,0,0,0,0,0,0,35,0,0,3,0,0,0,0,0,0,0,0,0,0,0,1,3,0,256,0
5188,177110,0,0,1,0,0,0,0,0,0,0,0,0,39,0,0,4,0,0,0,0,0,0,0,0,0,0,0,1,3,0,256,0
5189,177111,0,0,1,0,0,0,0,0,0,0,0,0,32,0,0,3,0,0,0,0,0,0,0,0,0,0,0,1,3,0,256,0
5190,177112,0,0,1,0,0,0,0,0,0,0,0,0,35,0,0,3,0,0,0,0,0,0,0,0,0,0,0,1,3,0,256,0
5191,177113,0,0,1,0,0,0,0,0,0,0,0,0,39,0,0,4,0,0,0,0,0,0,0,0,0,0,0,1,3,0,256,0
5192,177114,0,0,1,0,0,0,0,0,0,0,0,0,42,0,0,4,0,0,0,0,0,0,0,0,0,0,0,1,3,0,256,0
5193,177115,0,0,1,0,0,0,0,0,0,0,0,0,46,0,0,4,0,0,0,0,0,0,0,0,0,0,0,1,3,0,256,0
5194,177116,0,0,1,0,0,0,0,0,0,0,0,0,49,0,0,5,0,0,0,0,0,0,0,0,0,0,0,1,3,0,256,0
5195,177117,0,0,1,0,0,0,0,0,0,0,0,0,53,0,0,5,0,0,0,0,0,0,0,0,0,0,0,1,3,0,256,0
5196,177118,0,0,1,0,0,0,0,0,0,0,0,0,56,0,0,5,0,0,0,0,0,0,0,0,0,0,0,1,3,0,256,0
5197,177119,0,0,1,0,0,0,0,0,0,0,0,0,60,0,0,6,0,0,0,0,0,0,0,0,0,0,0,1,3,0,256,0
5198,177120,0,0,1,0,0,0,0,0,0,0,0,0,63,0,0,6,0,0,0,0,0,0,0,0,0,0,0,1,3,0,256,0
5199,177121,0,0,1,0,0,0,0,0,0,0,0,0,67,0,0,6,0,0,0,0,0,0,0,0,0,0,0,1,3,0,256,0
5200,177122,0,0,1,0,0,0,0,0,0,0,0,0,60,0,0,6,0,0,0,0,0,0,0,0,0,0,0,1,3,0,256,0
5201,177123,0,0,1,0,0,0,0,0,0,0,0,0,63,0,0,6,0,0,0,0,0,0,0,0,0,0,0,1,3,0,256,0
5202,177124,0,0,1,0,0,0,0,0,0,0,0,0,67,0,0,6,0,0,0,0,0,0,0,0,0,0,0,1,3,0,256,0
5203,177125,0,0,1,0,0,0,0,0,0,0,0,0,70,0,0,7,0,0,0,0,0,0,0,0,0,0,0,1,3,0,256,0
5204,177126,0,0,1,0,0,0,0,0,0,0,0,0,74,0,0,7,0,0,0,0,0,0,0,0,0,0,0,1,3,0,256,0
5205,177127,0,0,1,0,0,0,0,0,0,0,0,0,77,0,0,7,0,0,0,0,0,0,0,0,0,0,0,1,3,0,256,0
5206,177128,0,0,1,0,0,0,0,0,0,0,0,0,81,0,0,7,0,0,0,0,0,0,0,0,0,0,0,1,3,0,256,0
5207,177129,0,0,1,0,0,0,0,0,0,0,0,0,84,0,0,8,0,0,0,0,0,0,0,0,0,0,0,1,3,0,256,0
5208,177130,0,0,1,0,0,0,0,0,0,0,0,0,88,0,0,8,0,0,0,0,0,0,0,0,0,0,0,1,3,0,256,0
5209,177131,0,0,1,0,0,0,0,0,0,0,0,0,91,0,0,8,0,0,0,0,0,0,0,0,0,0,0,1,3,0,256,0
5210,177132,0,0,1,0,0,0,0,0,0,0,0,0,95,0,0,9,0,0,0,0,0,0,0,0,0,0,0,1,3,0,256,0
5211,177133,0,0,2,0,0,0,0,0,0,0,0,0,88,0,0,8,0,0,0,0,0,0,0,0,0,0,0,1,3,0,256,0
5212,177134,0,0,2,0,0,0,0,0,0,0,0,0,91,0,0,8,0,0,0,0,0,0,0,0,0,0,0,1,3,0,256,0
5213,177135,0,0,2,0,0,0,0,0,0,0,0,0,95,0,0,9,0,0,0,0,0,0,0,0,0,0,0,1,3,0,256,0
5214,177136,0,0,2,0,0,0,0,0,0,0,0,0,98,0,0,9,0,0,0,0,0,0,0,0,0,0,0,1,3,0,256,0
5215,177137,0,0,2,0,0,0,0,0,0,0,0,0,102,0,0,9,0,0,0,0,0,0,0,0,0,0,0,1,3,0,256,0
5216,177138,0,0,2,0,0,0,0,0,0,0,0,0,105,0,0,10,0,0,0,0,0,0,0,0,0,0,0,1,3,0,256,0
5217,177139,0,0,2,0,0,0,0,0,0,0,0,0,109,0,0,10,0,0,0,0,0,0,0,0,0,0,0,1,3,0,256,0
5218,177140,0,0,2,0,0,0,0,0,0,0,0,0,112,0,0,10,0,0,0,0,0,0,0,0,0,0,0,1,3,0,256,0
5219,177141,0,0,2,0,0,0,0,0,0,0,0,0,116,0,0,11,0,0,0,0,0,0,0,0,0,0,0,1,3,0,256,0
5220,177142,0,0,2,0,0,0,0,0,0,0,0,0,119,0,0,11,0,0,0,0,0,0,0,0,0,0,0,1,3,0,256,0
5221,177143,0,0,2,0,0,0,0,0,0,0,0,0,123,0,0,11,0,0,0,0,0,0,0,0,0,0,0,1,3,0,256,0
5222,177144,0,0,2,0,0,0,0,0,0,0,0,0,116,0,0,11,0,0,0,0,0,0,0,0,0,0,0,1,3,0,256,0
5223,177145,0,0,2,0,0,0,0,0,0,0,0,0,119,0,0,11,0,0,0,0,0,0,0,0,0,0,0,1,3,0,256,0
5224,177146,0,0,2,0,0,0,0,0,0,0,0,0,123,0,0,11,0,0,0,0,0,0,0,0,0,0,0,1,3,0,256,0
5225,177147,0,0,2,0,0,0,0,0,0,0,0,0,126,0,0,12,0,0,0,0,0,0,0,0,0,0,0,1,3,0,256,0
5226,177148,0,0,2,0,0,0,0,0,0,0,0,0,130,0,0,12,0,0,0,0,0,0,0,0,0,0,0,1,3,0,256,0
5227,177149,0,0,2,0,0,0,0,0,0,0,0,0,133,0,0,12,0,0,0,0,0,0,0,0,0,0,0,1,3,0,256,0
5228,177150,0,0,2,0,0,0,0,0,0,0,0,0,137,0,0,13,0,0,0,0,0,0,0,0,0,0,0,1,3,0,256,0
5229,177151,0,0,2,0,0,0,0,0,0,0,0,0,140,0,0,13,0,0,0,0,0,0,0,0,0,0,0,1,3,0,256,0
5230,177152,0,0,2,0,0,0,0,0,0,0,0,0,144,0,0,13,0,0,0,0,0,0,0,0,0,0,0,1,3,0,256,0
5231,177153,0,0,2,0,0,0,0,0,0,0,0,0,147,0,0,14,0,0,0,0,0,0,0,0,0,0,0,1,3,0,256,0
5232,177154,0,0,2,0,0,0,0,0,0,0,0,0,151,0,0,14,0,0,0,0,0,0,0,0,0,0,0,1,3,0,256,0
5233,177155,0,0,2,0,0,0,0,0,0,0,0,0,144,0,0,13,0,0,0,0,0,0,0,0,0,0,0,1,3,0,256,0
5234,177156,0,0,2,0,0,0,0,0,0,0,0,0,147,0,0,14,0,0,0,0,0,0,0,0,0,0,0,1,3,0,256,0
5235,177157,0,0,2,0,0,0,0,0,0,0,0,0,151,0,0,14,0,0,0,0,0,0,0,0,0,0,0,1,3,0,256,0
5236,177158,0,0,2,0,0,0,0,0,0,0,0,0,154,0,0,14,0,0,0,0,0,0,0,0,0,0,0,1,3,0,256,0
5237,177159,0,0,2,0,0,0,0,0,0,0,0,0,158,0,0,15,0,0,0,0,0,0,0,0,0,0,0,1,3,0,256,0
5238,177160,0,0,2,0,0,0,0,0,0,0,0,0,161,0,0,15,0,0,0,0,0,0,0,0,0,0,0,1,3,0,256,0
5239,177161,0,0,2,0,0,0,0,0,0,0,0,0,165,0,0,15,0,0,0,0,0,0,0,0,0,0,0,1,3,0,256,0
5240,177162,0,0,2,0,0,0,0,0,0,0,0,0,168,0,0,16,0,0,0,0,0,0,0,0,0,0,0,1,3,0,256,0
5241,177163,0,0,2,0,0,0,0,0,0,0,0,0,172,0,0,16,0,0,0,0,0,0,0,0,0,0,0,1,3,0,256,0
5242,177164,0,0,2,0,0,0,0,0,0,0,0,0,175,0,0,16,0,0,0,0,0,0,0,0,0,0,0,1,3,0,256,0
5243,177165,0,0,2,0,0,0,0,0,0,0,0,0,179,0,0,17,0,0,0,0,0,0,0,0,0,0,0,1,3,0,256,0
5244,177166,0,0,3,0,0,0,0,0,0,0,0,0,172,0,0,16,0,0,0,0,0,0,0,0,0,0,0,1,3,0,256,0
5245,177167,0,0,3,0,0,0,0,0,0,0,0,0,175,0,0,16,0,0,0,0,0,0,0,0,0,0,0,1,3,0,256,0
5246,177168,0,0,3,0,0,0,0,0,0,0,0,0,179,0,0,17,0,0,0,0,0,0,0,0,0,0,0,1,3,0,256,0
5247,177169,0,0,3,0,0,0,0,0,0,0,0,0,182,0,0,17,0,0,0,0,0,0,0,0,0,0,0,1,3,0,256,0
5248,177170,0,0,3,0,0,0,0,0,0,0,0,0,186,0,0,17,0,0,0,0,0,0,0,0,0,0,0,1,3,0,256,0
5249,177171,0,0,3,0,0,0,0,0,0,0,0,0,189,0,0,18,0,0,0,0,0,0,0,0,0,0,0,1,3,0,256,0
5250,177172,0,0,3,0,0,0,0,0,0,0,0,0,193,0,0,18,0,0,0,0,0,0,0,0,0,0,0,1,3,0,256,0
5251,177173,0,0,3,0,0,0,0,0,0,0,0,0,196,0,0,18,0,0,0,0,0,0,0,0,0,0,0,1,3,0,256,0
5252,177174,0,0,3,0,0,0,0,0,0,0,0,0,200,0,0,19,0,0,0,0,0,0,0,0,0,0,0,1,3,0,256,0
5253,177175,0,0,3,0,0,0,0,0,0,0,0,0,203,0,0,19,0,0,0,0,0,0,0,0,0,0,0,1,3,0,256,0
5254,177176,0,0,3,0,0,0,0,0,0,0,0,0,207,0,0,19,0,0,0,0,0,0,0,0,0,0,0,1,3,0,256,0
5255,177177,0,0,3,0,0,0,0,0,0,0,0,0,200,0,0,19,0,0,0,0,0,0,0,0,0,0,0,1,3,0,256,0
5256,177178,0,0,3,0,0,0,0,0,0,0,0,0,203,0,0,19,0,0,0,0,0,0,0,0,0,0,0,1,3,0,256,0
5257,177179,0,0,3,0,0,0,0,0,0,0,0,0,207,0,0,19,0,0,0,0,0,0,0,0,0,0,0,1,3,0,256,0
5258,177180,0,0,3,0,0,0,0,0,0,0,0,0,210,0,0,20,0,0,0,0,0,0,0,0,0,0,0,1,3,0,256,0
5259,177181,0,0,3,0,0,0,0,0,0,0,0,0,215,0,0,20,0,0,0,0,0,0,0,0,0,0,0,1,3,0,256,0
5260,177182,0,0,3,0,0,0,0,0,0,0,0,0,219,0,0,20,0,0,0,0,0,0,0,0,0,0,0,1,3,0,256,0
5261,177183,0,0,3,0,0,0,0,0,0,0,0,0,224,0,0,21,0,0,0,0,0,0,0,0,0,0,0,1,3,0,256,0
5262,177184,0,0,3,0,0,0,0,0,0,0,0,0,229,0,0,21,0,0,0,0,0,0,0,0,0,0,0,1,3,0,256,0
5263,177185,0,0,3,0,0,0,0,0,0,0,0,0,233,0,0,22,0,0,0,0,0,0,0,0,0,0,0,1,3,0,256,0
5264,177186,0,0,3,0,0,0,0,0,0,0,0,0,238,0,0,22,0,0,0,0,0,0,0,0,0,0,0,1,3,0,256,0
5265,177187,0,0,3,0,0,0,0,0,0,0,0,0,243,0,0,23,0,0,0,0,0,0,0,0,0,0,0,1,3,0,256,0
5266,177188,0,0,3,0,0,0,0,0,0,0,0,0,233,0,0,22,0,0,0,0,0,0,0,0,0,0,0,1,3,0,256,0
5267,177189,0,0,3,0,0,0,0,0,0,0,0,0,238,0,0,22,0,0,0,0,0,0,0,0,0,0,0,1,3,0,256,0
5268,177190,0,0,3,0,0,0,0,0,0,0,0,0,243,0,0,23,0,0,0,0,0,0,0,0,0,0,0,1,3,0,256,0
5269,177191,0,0,3,0,0,0,0,0,0,0,0,0,247,0,0,23,0,0,0,0,0,0,0,0,0,0,0,1,3,0,256,0
5270,177192,0,0,3,0,0,0,0,0,0,0,0,0,252,0,0,23,0,0,0,0,0,0,0,0,0,0,0,1,3,0,256,0
5271,177193,0,0,3,0,0,0,0,0,0,0,0,0,257,0,0,24,0,0,0,0,0,0,0,0,0,0,0,1,3,0,256,0
5272,177194,0,0,3,0,0,0,0,0,0,0,0,0,261,0,0,24,0,0,0,0,0,0,0,0,0,0,0,1,3,0,256,0
5273,177195,0,0,3,0,0,0,0,0,0,0,0,0,266,0,0,25,0,0,0,0,0,0,0,0,0,0,0,1,3,0,256,0
5274,177196,0,0,3,0,0,0,0,0,0,0,0,0,271,0,0,25,0,0,0,0,0,0,0,0,0,0,0,1,3,0,256,0
5275,177197,0,0,3,0,0,0,0,0,0,0,0,0,275,0,0,26,0,0,0,0,0,0,0,0,0,0,0,1,3,0,256,0
5276,177198,0,0,3,0,0,0,0,0,0,0,0,0,280,0,0,26,0,0,0,0,0,0,0,0,0,0,0,1,3,0,256,0
5277,177199,0,0,4,0,0,0,0,0,0,0,0,0,271,0,0,25,0,0,0,0,0,0,0,0,0,0,0,1,3,0,256,0
5278,177200,0,0,4,0,0,0,0,0,0,0,0,0,275,0,0,26,0,0,0,0,0,0,0,0,0,0,0,1,3,0,256,0
5279,177201,0,0,4,0,0,0,0,0,0,0,0,0,280,0,0,26,0,0,0,0,0,0,0,0,0,0,0,1,3,0,256,0
5280,177202,0,0,4,0,0,0,0,0,0,0,0,0,285,0,0,26,0,0,0,0,0,0,0,0,0,0,0,1,3,0,256,0
5281,177203,0,0,4,0,0,0,0,0,0,0,0,0,289,0,0,27,0,0,0,0,0,0,0,0,0,0,0,1,3,0,256,0
5282,177204,0,0,4,0,0,0,0,0,0,0,0,0,294,0,0,27,0,0,0,0,0,0,0,0,0,0,0,1,3,0,256,0
5283,177205,0,0,4,0,0,0,0,0,0,0,0,0,299,0,0,28,0,0,0,0,0,0,0,0,0,0,0,1,3,0,256,0
5284,177206,0,0,4,0,0,0,0,0,0,0,0,0,303,0,0,28,0,0,0,0,0,0,0,0,0,0,0,1,3,0,256,0
5285,177207,0,0,4,0,0,0,0,0,0,0,0,0,308,0,0,29,0,0,0,0,0,0,0,0,0,0,0,1,3,0,256,0
5286,177208,0,0,4,0,0,0,0,0,0,0,0,0,313,0,0,29,0,0,0,0,0,0,0,0,0,0,0,1,3,0,256,0
5287,177209,0,0,4,0,0,0,0,0,0,0,0,0,317,0,0,29,0,0,0,0,0,0,0,0,0,0,0,1,3,0,256,0
5288,177210,0,0,4,0,0,0,0,0,0,0,0,0,308,0,0,29,0,0,0,0,0,0,0,0,0,0,0,1,3,0,256,0
5289,177211,0,0,4,0,0,0,0,0,0,0,0,0,313,0,0,29,0,0,0,0,0,0,0,0,0,0,0,1,3,0,256,0
5290,177212,0,0,4,0,0,0,0,0,0,0,0,0,317,0,0,29,0,0,0,0,0,0,0,0,0,0,0,1,3,0,256,0
5291,177213,0,0,4,0,0,0,0,0,0,0,0,0,322,0,0,30,0,0,0,0,0,0,0,0,0,0,0,1,3,0,256,0
5292,177214,0,0,4,0,0,0,0,0,0,0,0,0,327,0,0,30,0,0,0,0,0,0,0,0,0,0,0,1,3,0,256,0
5293,177215,0,0,4,0,0,0,0,0,0,0,0,0,331,0,0,31,0,0,0,0,0,0,0,0,0,0,0,1,3,0,256,0
5294,177216,0,0,4,0,0,0,0,0,0,0,0,0,336,0,0,31,0,0,0,0,0,0,0,0,0,0,0,1,3,0,256,0
5295,177217,0,0,4,0,0,0,0,0,0,0,0,0,341,0,0,32,0,0,0,0,0,0,0,0,0,0,0,1,3,0,256,0
5296,177218,0,0,4,0,0,0,0,0,0,0,0,0,345,0,0,32,0,0,0,0,0,0,0,0,0,0,0,1,3,0,256,0
5297,177219,0,0,4,0,0,0,0,0,0,0,0,0,350,0,0,33,0,0,0,0,0,0,0,0,0,0,0,1,3,0,256,0
5298,177220,0,0,4,0,0,0,0,0,0,0,0,0,355,0,0,33,0,0,0,0,0,0,0,0,0,0,0,1,3,0,256,0
5299,177221,0,0,4,0,0,0,0,0,0,0,0,0,345,0,0,32,0,0,0,0,0,0,0,0,0,0,0,1,3,0,256,0
5300,177222,0,0,4,0,0,0,0,0,0,0,0,0,350,0,0,33,0,0,0,0,0,0,0,0,0,0,0,1,3,0,256,0
5301,177223,0,0,4,0,0,0,0,0,0,0,0,0,355,0,0,33,0,0,0,0,0,0,0,0,0,0,0,1,3,0,256,0
5302,177224,0,0,4,0,0,0,0,0,0,0,0,0,359,0,0,33,0,0,0,0,0,0,0,0,0,0,0,1,3,0,256,0
5303,177225,0,0,4,0,0,0,0,0,0,0,0,0,364,0,0,34,0,0,0,0,0,0,0,0,0,0,0,1,3,0,256,0
5304,177226,0,0,4,0,0,0,0,0,0,0,0,0,369,0,0,34,0,0,0,0,0,0,0,0,0,0,0,1,3,0,256,0
5305,177227,0,0,4,0,0,0,0,0,0,0,0,0,373,0,0,35,0,0,0,0,0,0,0,0,0,0,0,1,3,0,256,0
5306,177228,0,0,4,0,0,0,0,0,0,0,0,0,378,0,0,35,0,0,0,0,0,0,0,0,0,0,0,1,3,0,256,0
5307,177229,0,0,4,0,0,0,0,0,0,0,0,0,383,0,0,36,0,0,0,0,0,0,0,0,0,0,0,1,3,0,256,0
5308,177230,0,0,4,0,0,0,0,0,0,0,0,0,387,0,0,36,0,0,0,0,0,0,0,0,0,0,0,1,3,0,256,0
5309,177231,0,0,4,0,0,0,0,0,0,0,0,0,392,0,0,36,0,0,0,0,0,0,0,0,0,0,0,1,3,0,256,0
5310,177232,0,0,5,0,0,0,0,0,0,0,0,0,383,0,0,36,0,0,0,0,0,0,0,0,0,0,0,1,3,0,256,0
5311,177233,0,0,5,0,0,0,0,0,0,0,0,0,387,0,0,36,0,0,0,0,0,0,0,0,0,0,0,1,3,0,256,0
5312,177234,0,0,5,0,0,0,0,0,0,0,0,0,392,0,0,36,0,0,0,0,0,0,0,0,0,0,0,1,3,0,256,0
5313,177235,0,0,5,0,0,0,0,0,0,0,0,0,397,0,0,37,0,0,0,0,0,0,0,0,0,0,0,1,3,0,256,0
5314,177236,0,0,5,0,0,0,0,0,0,0,0,0,401,0,0,37,0,0,0,0,0,0,0,0,0,0,0,1,3,0,256,0
5315,177237,0,0,5,0,0,0,0,0,0,0,0,0,406,0,0,38,0,0,0,0,0,0,0,0,0,0,0,1,3,0,256,0
5316,177238,0,0,5,0,0,0,0,0,0,0,0,0,411,0,0,38,0,0,0,0,0,0,0,0,0,0,0,1,3,0,256,0
5317,177239,0,0,5,0,0,0,0,0,0,0,0,0,415,0,0,39,0,0,0,0,0,0,0,0,0,0,0,1,3,0,256,0
5318,177240,0,0,5,0,0,0,0,0,0,0,0,0,420,0,0,39,0,0,0,0,0,0,0,0,0,0,0,1,3,0,256,0
5319,177241,0,0,5,0,0,0,0,0,0,0,0,0,425,0,0,39,0,0,0,0,0,0,0,0,0,0,0,1,3,0,256,0
5320,177242,0,0,5,0,0,0,0,0,0,0,0,0,429,0,0,40,0,0,0,0,0,0,0,0,0,0,0,1,3,0,256,0
5321,177243,0,0,5,0,0,0,0,0,0,0,0,0,420,0,0,39,0,0,0,0,0,0,0,0,0,0,0,1,3,0,256,0
5322,177244,0,0,5,0,0,0,0,0,0,0,0,0,425,0,0,39,0,0,0,0,0,0,0,0,0,0,0,1,3,0,256,0
5323,177245,0,0,5,0,0,0,0,0,0,0,0,0,429,0,0,40,0,0,0,0,0,0,0,0,0,0,0,1,3,0,256,0
5324,177246,0,0,5,0,0,0,0,0,0,0,0,0,434,0,0,40,0,0,0,0,0,0,0,0,0,0,0,1,3,0,256,0
5325,177247,0,0,5,0,0,0,0,0,0,0,0,0,439,0,0,41,0,0,0,0,0,0,0,0,0,0,0,1,3,0,256,0
5326,177248,0,0,5,0,0,0,0,0,0,0,0,0,443,0,0,41,0,0,0,0,0,0,0,0,0,0,0,1,3,0,256,0
5327,177249,0,0,5,0,0,0,0,0,0,0,0,0,448,0,0,42,0,0,0,0,0,0,0,0,0,0,0,1,3,0,256,0
5328,177250,0,0,5,0,0,0,0,0,0,0,0,0,453,0,0,42,0,0,0,0,0,0,0,0,0,0,0,1,3,0,256,0
5329,177251,0,0,5,0,0,0,0,0,0,0,0,0,457,0,0,42,0,0,0,0,0,0,0,0,0,0,0,1,3,0,256,0
5330,177252,0,0,5,0,0,0,0,0,0,0,0,0,462,0,0,43,0,0,0,0,0,0,0,0,0,0,0,1,3,0,256,0
5331,177253,0,0,5,0,0,0,0,0,0,0,0,0,467,0,0,43,0,0,0,0,0,0,0,0,0,0,0,1,3,0,256,0
5332,177254,0,0,5,0,0,0,0,0,0,0,0,0,457,0,0,42,0,0,0,0,0,0,0,0,0,0,0,1,3,0,256,0
5333,177255,0,0,5,0,0,0,0,0,0,0,0,0,462,0,0,43,0,0,0,0,0,0,0,0,0,0,0,1,3,0,256,0
5334,177256,0,0,5,0,0,0,0,0,0,0,0,0,467,0,0,43,0,0,0,0,0,0,0,0,0,0,0,1,3,0,256,0
5335,177257,0,0,5,0,0,0,0,0,0,0,0,0,471,0,0,44,0,0,0,0,0,0,0,0,0,0,0,1,3,0,256,0
5336,177258,0,0,5,0,0,0,0,0,0,0,0,0,476,0,0,44,0,0,0,0,0,0,0,0,0,0,0,1,3,0,256,0
5337,177259,0,0,5,0,0,0,0,0,0,0,0,0,481,0,0,45,0,0,0,0,0,0,0,0,0,0,0,1,3,0,256,0
5338,177260,0,0,5,0,0,0,0,0,0,0,0,0,485,0,0,45,0,0,0,0,0,0,0,0,0,0,0,1,3,0,256,0
5339,177261,0,0,5,0,0,0,0,0,0,0,0,0,490,0,0,46,0,0,0,0,0,0,0,0,0,0,0,1,3,0,256,0
5340,177262,0,0,5,0,0,0,0,0,0,0,0,0,495,0,0,46,0,0,0,0,0,0,0,0,0,0,0,1,3,0,256,0
5341,177263,0,0,5,0,0,0,0,0,0,0,0,0,499,0,0,46,0,0,0,0,0,0,0,0,0,0,0,1,3,0,256,0
5342,177264,0,0,5,0,0,0,0,0,0,0,0,0,504,0,0,47,0,0,0,0,0,0,0,0,0,0,0,1,3,0,256,0
5343,177265,0,0,5,0,0,0,0,0,0,0,0,0,495,0,0,46,0,0,0,0,0,0,0,0,0,0,0,1,3,0,256,0
5344,177266,0,0,5,0,0,0,0,0,0,0,0,0,499,0,0,46,0,0,0,0,0,0,0,0,0,0,0,1,3,0,256,0
5345,177267,0,0,5,0,0,0,0,0,0,0,0,0,504,0,0,47,0,0,0,0,0,0,0,0,0,0,0,1,3,0,256,0
5346,177268,0,0,5,0,0,0,0,0,0,0,0,0,509,0,0,47,0,0,0,0,0,0,0,0,0,0,0,1,3,0,256,0
5347,177269,0,0,5,0,0,0,0,0,0,0,0,0,513,0,0,48,0,0,0,0,0,0,0,0,0,0,0,1,3,0,256,0
5348,177270,0,0,5,0,0,0,0,0,0,0,0,0,518,0,0,48,0,0,0,0,0,0,0,0,0,0,0,1,3,0,256,0
5349,177271,0,0,5,0,0,0,0,0,0,0,0,0,523,0,0,49,0,0,0,0,0,0,0,0,0,0,0,1,3,0,256,0
5350,177272,0,0,5,0,0,0,0,0,0,0,0,0,527,0,0,49,0,0,0,0,0,0,0,0,0,0,0,1,3,0,256,0
5351,177273,0,0,5,0,0,0,0,0,0,0,0,0,532,0,0,49,0,0,0,0,0,0,0,0,0,0,0,1,3,0,256,0
5352,177274,0,0,5,0,0,0,0,0,0,0,0,0,537,0,0,50,0,0,0,0,0,0,0,0,0,0,0,1,3,0,256,0
5353,177275,0,0,5,0,0,0,0,0,0,0,0,0,541,0,0,50,0,0,0,0,0,0,0,0,0,0,0,1,3,0,256,0
5354,177276,0,0,5,0,0,0,0,0,0,0,0,0,532,0,0,49,0,0,0,0,0,0,0,0,0,0,0,1,3,0,256,0
5355,177277,0,0,5,0,0,0,0,0,0,0,0,0,537,0,0,50,0,0,0,0,0,0,0,0,0,0,0,1,3,0,256,0
5356,177278,0,0,5,0,0,0,0,0,0,0,0,0,541,0,0,50,0,0,0,0,0,0,0,0,0,0,0,1,3,0,256,0
5357,177279,0,0,5,0,0,0,0,0,0,0,0,0,546,0,0,51,0,0,0,0,0,0,0,0,0,0,0,1,3,0,256,0
5358,177280,0,0,5,0,0,0,0,0,0,0,0,0,551,0,0,51,0,0,0,0,0,0,0,0,0,0,0,1,3,0,256,0
5359,177281,0,0,5,0,0,0,0,0,0,0,0,0,555,0,0,52,0,0,0,0,0,0,0,0,0,0,0,1,3,0,256,0
5360,177282,0,0,5,0,0,0,0,0,0,0,0,0,560,0,0,52,0,0,0,0,0,0,0,0,0,0,0,1,3,0,256,0
5361,177283,0,0,5,0,0,0,0,0,0,0,0,0,565,0,0,52,0,0,0,0,0,0,0,0,0,0,0,1,3,0,256,0
5362,177284,0,0,5,0,0,0,0,0,0,0,0,0,569,0,0,53,0,0,0,0,0,0,0,0,0,0,0,1,3,0,256,0
5363,177285,0,0,5,0,0,0,0,0,0,0,0,0,574,0,0,53,0,0,0,0,0,0,0,0,0,0,0,1,3,0,256,0
5364,177286,0,0,5,0,0,0,0,0,0,0,0,0,579,0,0,54,0,0,0,0,0,0,0,0,0,0,0,1,3,0,256,0
5365,177287,0,0,5,0,0,0,0,0,0,0,0,0,569,0,0,53,0,0,0,0,0,0,0,0,0,0,0,1,3,0,256,0
5366,177288,0,0,5,0,0,0,0,0,0,0,0,0,574,0,0,53,0,0,0,0,0,0,0,0,0,0,0,1,3,0,256,0
5367,177289,0,0,5,0,0,0,0,0,0,0,0,0,579,0,0,54,0,0,0,0,0,0,0,0,0,0,0,1,3,0,256,0
5368,177290,0,0,5,0,0,0,0,0,0,0,0,0,583,0,0,54,0,0,0,0,0,0,0,0,0,0,0,1,3,0,256,0
5369,177291,0,0,5,0,0,0,0,0,0,0,0,0,588,0,0,55,0,0,0,0,0,0,0,0,0,0,0,1,3,0,256,0
5370,177292,0,0,5,0,0,0,0,0,0,0,0,0,593,0,0,55,0,0,0,0,0,0,0,0,0,0,0,1,3,0,256,0
5371,177293,0,0,5,0,0,0,0,0,0,0,0,0,597,0,0,55,0,0,0,0,0,0,0,0,0,0,0,1,3,0,256,0
5372,177294,0,0,5,0,0,0,0,0,0,0,0,0,602,0,0,56,0,0,0,0,0,0,0,0,0,0,0,1,3,0,256,0
5373,177295,0,0,5,0,0,0,0,0,0,0,0,0,607,0,0,56,0,0,0,0,0,0,0,0,0,0,0,1,3,0,256,0
5374,177296,0,0,5,0,0,0,0,0,0,0,0,0,611,0,0,57,0,0,0,0,0,0,0,0,0,0,0,1,3,0,256,0
5375,177297,0,0,5,0,0,0,0,0,0,0,0,0,616,0,0,57,0,0,0,0,0,0,0,0,0,0,0,1,3,0,256,0
5376,177298,0,0,5,0,0,0,0,0,0,0,0,0,607,0,0,56,0,0,0,0,0,0,0,0,0,0,0,1,3,0,256,0
5377,177299,0,0,5,0,0,0,0,0,0,0,0,0,611,0,0,57,0,0,0,0,0,0,0,0,0,0,0,1,3,0,256,0
5378,177300,0,0,5,0,0,0,0,0,0,0,0,0,616,0,0,57,0,0,0,0,0,0,0,0,0,0,0,1,3,0,256,0
5379,177301,0,0,5,0,0,0,0,0,0,0,0,0,621,0,0,58,0,0,0,0,0,0,0,0,0,0,0,1,3,0,256,0
5380,177302,0,0,5,0,0,0,0,0,0,0,0,0,625,0,0,58,0,0,0,0,0,0,0,0,0,0,0,1,3,0,256,0
5381,177303,0,0,5,0,0,0,0,0,0,0,0,0,630,0,0,59,0,0,0,0,0,0,0,0,0,0,0,1,3,0,256,0
5382,177304,0,0,5,0,0,0,0,0,0,0,0,0,635,0,0,59,0,0,0,0,0,0,0,0,0,0,0,1,3,0,256,0
5383,177305,0,0,5,0,0,0,0,0,0,0,0,0,639,0,0,59,0,0,0,0,0,0,0,0,0,0,0,1,3,0,256,0
5384,177306,0,0,5,0,0,0,0,0,0,0,0,0,644,0,0,60,0,0,0,0,0,0,0,0,0,0,0,1,3,0,256,0
5385,177307,0,0,5,0,0,0,0,0,0,0,0,0,649,0,0,60,0,0,0,0,0,0,0,0,0,0,0,1,3,0,256,0
5386,177308,0,0,5,0,0,0,0,0,0,0,0,0,653,0,0,61,0,0,0,0,0,0,0,0,0,0,0,1,3,0,256,0
5387,177309,0,0,5,0,0,0,0,0,0,0,0,0,644,0,0,60,0,0,0,0,0,0,0,0,0,0,0,1,3,0,256,0
5388,177310,0,0,5,0,0,0,0,0,0,0,0,0,649,0,0,60,0,0,0,0,0,0,0,0,0,0,0,1,3,0,256,0
5389,177311,0,0,5,0,0,0,0,0,0,0,0,0,653,0,0,61,0,0,0,0,0,0,0,0,0,0,0,1,3,0,256,0
5390,177312,0,0,5,0,0,0,0,0,0,0,0,0,658,0,0,61,0,0,0,0,0,0,0,0,0,0,0,1,3,0,256,0
5391,177313,0,0,5,0,0,0,0,0,0,0,0,0,663,0,0,62,0,0,0,0,0,0,0,0,0,0,0,1,3,0,256,0
5392,177314,0,0,5,0,0,0,0,0,0,0,0,0,667,0,0,62,0,0,0,0,0,0,0,0,0,0,0,1,3,0,256,0
5393,177315,0,0,5,0,0,0,0,0,0,0,0,0,672,0,0,62,0,0,0,0,0,0,0,0,0,0,0,1,3,0,256,0
5394,177316,0,0,5,0,0,0,0,0,0,0,0,0,677,0,0,63,0,0,0,0,0,0,0,0,0,0,0,1,3,0,256,0
5395,177317,0,0,5,0,0,0,0,0,0,0,0,0,681,0,0,63,0,0,0,0,0,0,0,0,0,0,0,1,3,0,256,0
5396,177318,0,0,5,0,0,0,0,0,0,0,0,0,686,0,0,64,0,0,0,0,0,0,0,0,0,0,0,1,3,0,256,0
5397,177319,0,0,5,0,0,0,0,0,0,0,0,0,691,0,0,64,0,0,0,0,0,0,0,0,0,0,0,1,3,0,256,0
5398,177320,0,0,5,0,0,0,0,0,0,0,0,0,681,0,0,63,0,0,0,0,0,0,0,0,0,0,0,1,3,0,256,0
5399,177321,0,0,5,0,0,0,0,0,0,0,0,0,686,0,0,64,0,0,0,0,0,0,0,0,0,0,0,1,3,0,256,0
5400,177322,0,0,5,0,0,0,0,0,0,0,0,0,691,0,0,64,0,0,0,0,0,0,0,0,0,0,0,1,3,0,256,0
5401,177323,0,0,5,0,0,0,0,0,0,0,0,0,695,0,0,65,0,0,0,0,0,0,0,0,0,0,0,1,3,0,256,0
5402,177324,0,0,5,0,0,0,0,0,0,0,0,0,700,0,0,65,0,0,0,0,0,0,0,0,0,0,0,1,3,0,256,0
5403,177325,0,0,5,0,0,0,0,0,0,0,0,0,705,0,0,65,0,0,0,0,0,0,0,0,0,0,0,1,3,0,256,0
5404,177326,0,0,5,0,0,0,0,0,0,0,0,0,709,0,0,66,0,0,0,0,0,0,0,0,0,0,0,1,3,0,256,0
5405,177327,0,0,5,0,0,0,0,0,0,0,0,0,714,0,0,66,0,0,0,0,0,0,0,0,0,0,0,1,3,0,256,0
5406,177328,0,0,5,0,0,0,0,0,0,0,0,0,719,0,0,67,0,0,0,0,0,0,0,0,0,0,0,1,3,0,256,0
5407,177329,0,0,5,0,0,0,0,0,0,0,0,0,723,0,0,67,0,0,0,0,0,0,0,0,0,0,0,1,3,0,256,0
5408,177330,0,0,5,0,0,0,0,0,0,0,0,0,728,0,0,68,0,0,0,0,0,0,0,0,0,0,0,1,3,0,256,0
5409,177331,0,0,5,0,0,0,0,0,0,0,0,0,719,0,0,67,0,0,0,0,0,0,0,0,0,0,0,1,3,0,256,0
5410,177332,0,0,5,0,0,0,0,0,0,0,0,0,723,0,0,67,0,0,0,0,0,0,0,0,0,0,0,1,3,0,256,0
5411,177333,0,0,5,0,0,0,0,0,0,0,0,0,728,0,0,68,0,0,0,0,0,0,0,0,0,0,0,1,3,0,256,0
5412,177334,0,0,5,0,0,0,0,0,0,0,0,0,733,0,0,68,0,0,0,0,0,0,0,0,0,0,0,1,3,0,256,0
5413,177335,0,0,5,0,0,0,0,0,0,0,0,0,737,0,0,68,0,0,0,0,0,0,0,0,0,0,0,1,3,0,256,0
5414,177336,0,0,5,0,0,0,0,0,0,0,0,0,742,0,0,69,0,0,0,0,0,0,0,0,0,0,0,1,3,0,256,0
5415,177337,0,0,5,0,0,0,0,0,0,0,0,0,747,0,0,69,0,0,0,0,0,0,0,0,0,0,0,1,3,0,256,0
5416,177338,0,0,5,0,0,0,0,0,0,0,0,0,751,0,0,70,0,0,0,0,0,0,0,0,0,0,0,1,3,0,256,0
5417,177339,0,0,5,0,0,0,0,0,0,0,0,0,756,0,0,70,0,0,0,0,0,0,0,0,0,0,0,1,3,0,256,0
5418,177340,0,0,5,0,0,0,0,0,0,0,0,0,761,0,0,71,0,0,0,0,0,0,0,0,0,0,0,1,3,0,256,0
5419,177341,0,0,5,0,0,0,0,0,0,0,0,0,765,0,0,71,0,0,0,0,0,0,0,0,0,0,0,1,3,0,256,0
5420,177342,0,0,5,0,0,0,0,0,0,0,0,0,756,0,0,70,0,0,0,0,0,0,0,0,0,0,0,1,3,0,256,0
5421,177343,0,0,5,0,0,0,0,0,0,0,0,0,761,0,0,71,0,0,0,0,0,0,0,0,0,0,0,1,3,0,256,0
5422,177344,0,0,5,0,0,0,0,0,0,0,0,0,765,0,0,71,0,0,0,0,0,0,0,0,0,0,0,1,3,0,256,0
5423,177345,0,0,5,0,0,0,0,0,0,0,0,0,770,0,0,72,0,0,0,0,0,0,0,0,0,0,0,1,3,0,256,0
5424,177346,0,0,5,0,0,0,0,0,0,0,0,0,776,0,0,72,0,0,0,0,0,0,0,0,0,0,0,1,3,0,256,0
5425,177347,0,0,5,0,0,0,0,0,0,0,0,0,782,0,0,73,0,0,0,0,0,0,0,0,0,0,0,1,3,0,256,0
5426,177348,0,0,5,0,0,0,0,0,0,0,0,0,788,0,0,73,0,0,0,0,0,0,0,0,0,0,0,1,3,0,256,0
5427,177349,0,0,5,0,0,0,0,0,0,0,0,0,793,0,0,74,0,0,0,0,0,0,0,0,0,0,0,1,3,0,256,0
5428,177350,0,0,5,0,0,0,0,0,0,0,0,0,799,0,0,74,0,0,0,0,0,0,0,0,0,0,0,1,3,0,256,0
5429,177351,0,0,5,0,0,0,0,0,0,0,0,0,805,0,0,75,0,0,0,0,0,0,0,0,0,0,0,1,3,0,256,0
5430,177352,0,0,5,0,0,0,0,0,-1676527064,1623441386,1605837069,-1751741511,811,0,0,75,0,0,0,0,0,0,0,0,0,0,0,1,3,0,256,0
5431,177353,0,0,5,0,0,0,0,0,0,0,0,0,799,0,0,74,0,0,0,0,0,0,0,0,0,0,0,1,3,0,256,0
5432,177354,0,0,5,0,0,0,0,0,0,0,0,0,805,0,0,75,0,0,0,0,0,0,0,0,0,0,0,1,3,0,256,0
5433,177355,0,0,5,0,0,0,0,0,0,0,0,0,811,0,0,75,0,0,0,0,0,0,0,0,0,0,0,1,3,0,256,0
5434,177356,0,0,5,0,0,0,0,0,0,0,0,0,817,0,0,76,0,0,0,0,0,0,0,0,0,0,0,1,3,0,256,0
5435,177357,0,0,5,0,0,0,0,0,0,0,0,0,823,0,0,76,0,0,0,0,0,0,0,0,0,0,0,1,3,0,256,0
5436,177358,0,0,5,0,0,0,0,0,0,0,0,0,828,0,0,77,0,0,0,0,0,0,0,0,0,0,0,1,3,0,256,0
5437,177359,0,0,5,0,0,0,0,0,0,0,0,0,834,0,0,77,0,0,0,0,0,0,0,0,0,0,0,1,3,0,256,0
5438,177360,0,0,5,0,0,0,0,0,0,0,0,0,840,0,0,78,0,0,0,0,0,0,0,0,0,0,0,1,3,0,256,0
5439,177361,0,0,5,0,0,0,0,0,0,0,0,0,846,0,0,79,0,0,0,0,0,0,0,0,0,0,0,1,3,0,256,0
5440,177362,0,0,5,0,0,0,0,0,0,0,0,0,852,0,0,79,0,0,0,0,0,0,0,0,0,0,0,1,3,0,256,0
5441,177363,0,0,5,0,0,0,0,0,0,0,0,0,858,0,0,80,0,0,0,0,0,0,0,0,0,0,0,1,3,0,256,0
5442,177364,0,0,5,0,0,0,0,0,0,0,0,0,846,0,0,79,0,0,0,0,0,0,0,0,0,0,0,1,3,0,256,0
5443,177365,0,0,5,0,0,0,0,0,0,0,0,0,852,0,0,79,0,0,0,0,0,0,0,0,0,0,0,1,3,0,256,0
5444,177366,0,0,5,0,0,0,0,0,0,0,0,0,858,0,0,80,0,0,0,0,0,0,0,0,0,0,0,1,3,0,256,0
5445,177367,0,0,5,0,0,0,0,0,0,0,0,0,863,0,0,80,0,0,0,0,0,0,0,0,0,0,0,1,3,0,256,0
5446,177368,0,0,5,0,0,0,0,0,0,0,0,0,869,0,0,81,0,0,0,0,0,0,0,0,0,0,0,1,3,0,256,0
5447,177369,0,0,5,0,0,0,0,0,0,0,0,0,875,0,0,81,0,0,0,0,0,0,0,0,0,0,0,1,3,0,256,0
5448,177370,0,0,5,0,0,0,0,0,0,0,0,0,881,0,0,82,0,0,0,0,0,0,0,0,0,0,0,1,3,0,256,0
5449,177371,0,0,6,0,0,0,0,0,0,0,0,0,887,0,0,82,0,0,0,0,0,0,0,0,0,0,0,1,3,0,256,0
5450,177372,0,0,6,0,0,0,0,0,0,0,0,0,893,0,0,83,0,0,0,0,0,0,0,0,0,0,0,1,3,0,256,0
5451,177373,0,0,6,0,0,0,0,0,0,0,0,0,898,0,0,83,0,0,0,0,0,0,0,0,0,0,0,1,3,0,256,0
5452,177374,0,0,6,0,0,0,0,0,0,0,0,0,904,0,0,84,0,0,0,0,0,0,0,0,0,0,0,1,3,0,256,0
5453,177375,0,0,6,0,0,0,0,0,0,0,0,0,893,0,0,83,0,0,0,0,0,0,0,0,0,0,0,1,3,0,256,0
5454,177376,0,0,6,0,0,0,0,0,0,0,0,0,898,0,0,83,0,0,0,0,0,0,0,0,0,0,0,1,3,0,256,0
5455,177377,0,0,6,0,0,0,0,0,0,0,0,0,904,0,0,84,0,0,0,0,0,0,0,0,0,0,0,1,3,0,256,0
5456,177378,0,0,6,0,0,0,0,0,0,0,0,0,910,0,0,85,0,0,0,0,0,0,0,0,0,0,0,1,3,0,256,0
5457,177379,0,0,6,0,0,0,0,0,0,0,0,0,916,0,0,85,0,0,0,0,0,0,0,0,0,0,0,1,3,0,256,0
5458,177380,0,0,6,0,0,0,0,0,0,0,0,0,922,0,0,86,0,0,0,0,0,0,0,0,0,0,0,1,3,0,256,0
5459,177381,0,0,6,0,0,0,0,0,0,0,0,0,928,0,0,86,0,0,0,0,0,0,0,0,0,0,0,1,3,0,256,0
5460,177382,0,0,6,0,0,0,0,0,0,0,0,0,933,0,0,87,0,0,0,0,0,0,0,0,0,0,0,1,3,0,256,0
5461,177383,0,0,6,0,0,0,0,0,0,0,0,0,939,0,0,87,0,0,0,0,0,0,0,0,0,0,0,1,3,0,256,0
5462,177384,0,0,6,0,0,0,0,0,0,0,0,0,945,0,0,88,0,0,0,0,0,0,0,0,0,0,0,1,3,0,256,0
5463,177385,0,0,6,0,0,0,0,0,0,0,0,0,951,0,0,88,0,0,0,0,0,0,0,0,0,0,0,1,3,0,256,0
5464,177386,0,0,6,0,0,0,0,0,0,0,0,0,939,0,0,87,0,0,0,0,0,0,0,0,0,0,0,1,3,0,256,0
5465,177387,0,0,6,0,0,0,0,0,0,0,0,0,945,0,0,88,0,0,0,0,0,0,0,0,0,0,0,1,3,0,256,0
5466,177388,0,0,6,0,0,0,0,0,0,0,0,0,951,0,0,88,0,0,0,0,0,0,0,0,0,0,0,1,3,0,256,0
5467,177389,0,0,6,0,0,0,0,0,0,0,0,0,957,0,0,89,0,0,0,0,0,0,0,0,0,0,0,1,3,0,256,0
5468,177390,0,0,6,0,0,0,0,0,0,0,0,0,963,0,0,89,0,0,0,0,0,0,0,0,0,0,0,1,3,0,256,0
5469,177391,0,0,6,0,0,0,0,0,0,0,0,0,968,0,0,90,0,0,0,0,0,0,0,0,0,0,0,1,3,0,256,0
5470,177392,0,0,6,0,0,0,0,0,0,0,0,0,974,0,0,90,0,0,0,0,0,0,0,0,0,0,0,1,3,0,256,0
5471,177393,0,0,6,0,0,0,0,0,0,0,0,0,980,0,0,91,0,0,0,0,0,0,0,0,0,0,0,1,3,0,256,0
5472,177394,0,0,6,0,0,0,0,0,0,0,0,0,986,0,0,92,0,0,0,0,0,0,0,0,0,0,0,1,3,0,256,0
5473,177395,0,0,6,0,0,0,0,0,0,0,0,0,992,0,0,92,0,0,0,0,0,0,0,0,0,0,0,1,3,0,256,0
5474,177396,0,0,6,0,0,0,0,0,0,0,0,0,998,0,0,93,0,0,0,0,0,0,0,0,0,0,0,1,3,0,256,0
5475,177397,0,0,6,0,0,0,0,0,0,0,0,0,986,0,0,92,0,0,0,0,0,0,0,0,0,0,0,1,3,0,256,0
5476,177398,0,0,6,0,0,0,0,0,0,0,0,0,992,0,0,92,0,0,0,0,0,0,0,0,0,0,0,1,3,0,256,0
5477,177399,0,0,6,0,0,0,0,0,0,0,0,0,998,0,0,93,0,0,0,0,0,0,0,0,0,0,0,1,3,0,256,0
5478,177400,0,0,6,0,0,0,0,0,0,0,0,0,1003,0,0,93,0,0,0,0,0,0,0,0,0,0,0,1,3,0,256,0
5479,177401,0,0,6,0,0,0,0,0,0,0,0,0,1009,0,0,94,0,0,0,0,0,0,0,0,0,0,0,1,3,0,256,0
5480,177402,0,0,6,0,0,0,0,0,0,0,0,0,1015,0,0,94,0,0,0,0,0,0,0,0,0,0,0,1,3,0,256,0
5481,177403,0,0,6,0,0,0,0,0,0,0,0,0,1021,0,0,95,0,0,0,0,0,0,0,0,0,0,0,1,3,0,256,0
5482,177404,0,0,6,0,0,0,0,0,0,0,0,0,1027,0,0,95,0,0,0,0,0,0,0,0,0,0,0,1,3,0,256,0
5483,177405,0,0,6,0,0,0,0,0,0,0,0,0,1033,0,0,96,0,0,0,0,0,0,0,0,0,0,0,1,3,0,256,0
5484,177406,0,0,6,0,0,0,0,0,0,0,0,0,1038,0,0,96,0,0,0,0,0,0,0,0,0,0,0,1,3,0,256,0
5485,177407,0,0,6,0,0,0,0,0,0,0,0,0,1044,0,0,97,0,0,0,0,0,0,0,0,0,0,0,1,3,0,256,0
5486,177408,0,0,6,0,0,0,0,0,0,0,0,0,1033,0,0,96,0,0,0,0,0,0,0,0,0,0,0,1,3,0,256,0
5487,177409,0,0,6,0,0,0,0,0,0,0,0,0,1038,0,0,96,0,0,0,0,0,0,0,0,0,0,0,1,3,0,256,0
5488,177410,0,0,6,0,0,0,0,0,0,0,0,0,1044,0,0,97,0,0,0,0,0,0,0,0,0,0,0,1,3,0,256,0
5489,177411,0,0,6,0,0,0,0,0,0,0,0,0,1050,0,0,97,0,0,0,0,0,0,0,0,0,0,0,1,3,0,256,0
5490,177412,0,0,6,0,0,0,0,0,0,0,0,0,1056,0,0,98,0,0,0,0,0,0,0,0,0,0,0,1,3,0,256,0
5491,177413,0,0,6,0,0,0,0,0,0,0,0,0,1062,0,0,99,0,0,0,0,0,0,0,0,0,0,0,1,3,0,256,0
5492,177414,0,0,6,0,0,0,0,0,0,0,0,0,1068,0,0,99,0,0,0,0,0,0,0,0,0,0,0,1,3,0,256,0
5493,177415,0,0,6,0,0,0,0,0,0,0,0,0,1073,0,0,100,0,0,0,0,0,0,0,0,0,0,0,1,3,0,256,0
5494,177416,0,0,6,0,0,0,0,0,0,0,0,0,1079,0,0,100,0,0,0,0,0,0,0,0,0,0,0,1,3,0,256,0
5495,177417,0,0,6,0,0,0,0,0,0,0,0,0,1085,0,0,101,0,0,0,0,0,0,0,0,0,0,0,1,3,0,256,0
5496,177418,0,0,6,0,0,0,0,0,0,0,0,0,1091,0,0,101,0,0,0,0,0,0,0,0,0,0,0,1,3,0,256,0
5497,177419,0,0,6,0,0,0,0,0,0,0,0,0,1079,0,0,100,0,0,0,0,0,0,0,0,0,0,0,1,3,0,256,0
5498,177420,0,0,6,0,0,0,0,0,0,0,0,0,1085,0,0,101,0,0,0,0,0,0,0,0,0,0,0,1,3,0,256,0
5499,177421,0,0,6,0,0,0,0,0,0,0,0,0,1091,0,0,101,0,0,0,0,0,0,0,0,0,0,0,1,3,0,256,0
5500,177422,0,0,6,0,0,0,0,0,0,0,0,0,1097,0,0,102,0,0,0,0,0,0,0,0,0,0,0,1,3,0,256,0
5501,177423,0,0,6,0,0,0,0,0,0,0,0,0,1103,0,0,102,0,0,0,0,0,0,0,0,0,0,0,1,3,0,256,0
5502,177424,0,0,6,0,0,0,0,0,0,0,0,0,1108,0,0,103,0,0,0,0,0,0,0,0,0,0,0,1,3,0,256,0
5503,177425,0,0,6,0,0,0,0,0,0,0,0,0,1114,0,0,103,0,0,0,0,0,0,0,0,0,0,0,1,3,0,256,0
5504,177426,0,0,6,0,0,0,0,0,0,0,0,0,1120,0,0,104,0,0,0,0,0,0,0,0,0,0,0,1,3,0,256,0
5505,178100,0,0,1,0,0,0,0,0,0,0,0,0,14,0,0,1,0,0,0,0,0,0,0,0,0,0,0,1,3,0,192,0
5506,178101,0,0,1,0,0,0,0,0,0,0,0,0,28,0,0,3,0,0,0,0,0,0,0,0,0,0,0,1,3,0,192,0
5507,178102,0,0,1,0,0,0,0,0,0,0,0,0,42,0,0,4,0,0,0,0,0,0,0,0,0,0,0,1,3,0,192,0
5508,178103,0,0,1,0,0,0,0,0,0,0,0,0,56,0,0,5,0,0,0,0,0,0,0,0,0,0,0,1,3,0,192,0
5509,178104,0,0,1,0,0,0,0,0,0,0,0,0,70,0,0,7,0,0,0,0,0,0,0,0,0,0,0,1,3,0,192,0
5510,178105,0,0,1,0,0,0,0,0,0,0,0,0,84,0,0,8,0,0,0,0,0,0,0,0,0,0,0,1,3,0,192,0
5511,178106,0,0,1,0,0,0,0,0,0,0,0,0,98,0,0,9,0,0,0,0,0,0,0,0,0,0,0,1,3,0,192,0
5512,178107,0,0,1,0,0,0,0,0,0,0,0,0,112,0,0,10,0,0,0,0,0,0,0,0,0,0,0,1,3,0,192,0
5513,178108,0,0,1,0,0,0,0,0,0,0,0,0,126,0,0,12,0,0,0,0,0,0,0,0,0,0,0,1,3,0,192,0
5514,178109,0,0,1,0,0,0,0,0,0,0,0,0,140,0,0,13,0,0,0,0,0,0,0,0,0,0,0,1,3,0,192,0
5515,178110,0,0,1,0,0,0,0,0,0,0,0,0,154,0,0,14,0,0,0,0,0,0,0,0,0,0,0,1,3,0,192,0
5516,178111,0,0,1,0,0,0,0,0,0,0,0,0,126,0,0,12,0,0,0,0,0,0,0,0,0,0,0,1,3,0,192,0
5517,178112,0,0,1,0,0,0,0,0,0,0,0,0,140,0,0,13,0,0,0,0,0,0,0,0,0,0,0,1,3,0,192,0
5518,178113,0,0,1,0,0,0,0,0,0,0,0,0,154,0,0,14,0,0,0,0,0,0,0,0,0,0,0,1,3,0,192,0
5519,178114,0,0,1,0,0,0,0,0,0,0,0,0,168,0,0,16,0,0,0,0,0,0,0,0,0,0,0,1,3,0,192,0
5520,178115,0,0,1,0,0,0,0,0,0,0,0,0,182,0,0,17,0,0,0,0,0,0,0,0,0,0,0,1,3,0,192,0
5521,178116,0,0,1,0,0,0,0,0,0,0,0,0,196,0,0,18,0,0,0,0,0,0,0,0,0,0,0,1,3,0,192,0
5522,178117,0,0,1,0,0,0,0,0,0,0,0,0,210,0,0,20,0,0,0,0,0,0,0,0,0,0,0,1,3,0,192,0
5523,178118,0,0,1,0,0,0,0,0,0,0,0,0,224,0,0,21,0,0,0,0,0,0,0,0,0,0,0,1,3,0,192,0
5524,178119,0,0,1,0,0,0,0,0,0,0,0,0,238,0,0,22,0,0,0,0,0,0,0,0,0,0,0,1,3,0,192,0
5525,178120,0,0,1,0,0,0,0,0,0,0,0,0,252,0,0,23,0,0,0,0,0,0,0,0,0,0,0,1,3,0,192,0
5526,178121,0,0,1,0,0,0,0,0,0,0,0,0,266,0,0,25,0,0,0,0,0,0,0,0,0,0,0,1,3,0,192,0
5527,178122,0,0,1,0,0,0,0,0,0,0,0,0,238,0,0,22,0,0,0,0,0,0,0,0,0,0,0,1,3,0,192,0
5528,178123,0,0,1,0,0,0,0,0,0,0,0,0,252,0,0,23,0,0,0,0,0,0,0,0,0,0,0,1,3,0,192,0
5529,178124,0,0,1,0,0,0,0,0,0,0,0,0,266,0,0,25,0,0,0,0,0,0,0,0,0,0,0,1,3,0,192,0
5530,178125,0,0,1,0,0,0,0,0,0,0,0,0,280,0,0,26,0,0,0,0,0,0,0,0,0,0,0,1,3,0,192,0
5531,178126,0,0,1,0,0,0,0,0,0,0,0,0,294,0,0,27,0,0,0,0,0,0,0,0,0,0,0,1,3,0,192,0
5532,178127,0,0,1,0,0,0,0,0,0,0,0,0,308,0,0,29,0,0,0,0,0,0,0,0,0,0,0,1,3,0,192,0
5533,178128,0,0,1,0,0,0,0,0,0,0,0,0,322,0,0,30,0,0,0,0,0,0,0,0,0,0,0,1,3,0,192,0
5534,178129,0,0,1,0,0,0,0,0,0,0,0,0,336,0,0,31,0,0,0,0,0,0,0,0,0,0,0,1,3,0,192,0
5535,178130,0,0,1,0,0,0,0,0,0,0,0,0,350,0,0,33,0,0,0,0,0,0,0,0,0,0,0,1,3,0,192,0
5536,178131,0,0,1,0,0,0,0,0,0,0,0,0,364,0,0,34,0,0,0,0,0,0,0,0,0,0,0,1,3,0,192,0
5537,178132,0,0,1,0,0,0,0,0,0,0,0,0,378,0,0,35,0,0,0,0,0,0,0,0,0,0,0,1,3,0,192,0
5538,178133,0,0,2,0,0,0,0,0,0,0,0,0,350,0,0,33,0,0,0,0,0,0,0,0,0,0,0,1,3,0,192,0
5539,178134,0,0,2,0,0,0,0,0,0,0,0,0,364,0,0,34,0,0,0,0,0,0,0,0,0,0,0,1,3,0,192,0
5540,178135,0,0,2,0,0,0,0,0,0,0,0,0,378,0,0,35,0,0,0,0,0,0,0,0,0,0,0,1,3,0,192,0
5541,178136,0,0,2,0,0,0,0,0,0,0,0,0,392,0,0,36,0,0,0,0,0,0,0,0,0,0,0,1,3,0,192,0
5542,178137,0,0,2,0,0,0,0,0,0,0,0,0,406,0,0,38,0,0,0,0,0,0,0,0,0,0,0,1,3,0,192,0
5543,178138,0,0,2,0,0,0,0,0,0,0,0,0,420,0,0,39,0,0,0,0,0,0,0,0,0,0,0,1,3,0,192,0
5544,178139,0,0,2,0,0,0,0,0,0,0,0,0,434,0,0,40,0,0,0,0,0,0,0,0,0,0,0,1,3,0,192,0
5545,178140,0,0,2,0,0,0,0,0,0,0,0,0,448,0,0,42,0,0,0,0,0,0,0,0,0,0,0,1,3,0,192,0
5546,178141,0,0,2,0,0,0,0,0,0,0,0,0,462,0,0,43,0,0,0,0,0,0,0,0,0,0,0,1,3,0,192,0
5547,178142,0,0,2,0,0,0,0,0,0,0,0,0,476,0,0,44,0,0,0,0,0,0,0,0,0,0,0,1,3,0,192,0
5548,178143,0,0,2,0,0,0,0,0,0,0,0,0,490,0,0,46,0,0,0,0,0,0,0,0,0,0,0,1,3,0,192,0
5549,178144,0,0,2,0,0,0,0,0,0,0,0,0,462,0,0,43,0,0,0,0,0,0,0,0,0,0,0,1,3,0,192,0
5550,178145,0,0,2,0,0,0,0,0,0,0,0,0,476,0,0,44,0,0,0,0,0,0,0,0,0,0,0,1,3,0,192,0
5551,178146,0,0,2,0,0,0,0,0,0,0,0,0,490,0,0,46,0,0,0,0,0,0,0,0,0,0,0,1,3,0,192,0
5552,178147,0,0,2,0,0,0,0,0,0,0,0,0,504,0,0,47,0,0,0,0,0,0,0,0,0,0,0,1,3,0,192,0
5553,178148,0,0,2,0,0,0,0,0,0,0,0,0,518,0,0,48,0,0,0,0,0,0,0,0,0,0,0,1,3,0,192,0
5554,178149,0,0,2,0,0,0,0,0,0,0,0,0,532,0,0,49,0,0,0,0,0,0,0,0,0,0,0,1,3,0,192,0
5555,178150,0,0,2,0,0,0,0,0,0,0,0,0,546,0,0,51,0,0,0,0,0,0,0,0,0,0,0,1,3,0,192,0
5556,178151,0,0,2,0,0,0,0,0,0,0,0,0,560,0,0,52,0,0,0,0,0,0,0,0,0,0,0,1,3,0,192,0
5557,178152,0,0,2,0,0,0,0,0,0,0,0,0,574,0,0,53,0,0,0,0,0,0,0,0,0,0,0,1,3,0,192,0
5558,178153,0,0,2,0,0,0,0,0,0,0,0,0,588,0,0,55,0,0,0,0,0,0,0,0,0,0,0,1,3,0,192,0
5559,178154,0,0,2,0,0,0,0,0,0,0,0,0,602,0,0,56,0,0,0,0,0,0,0,0,0,0,0,1,3,0,192,0
5560,178155,0,0,2,0,0,0,0,0,0,0,0,0,574,0,0,53,0,0,0,0,0,0,0,0,0,0,0,1,3,0,192,0
5561,178156,0,0,2,0,0,0,0,0,0,0,0,0,588,0,0,55,0,0,0,0,0,0,0,0,0,0,0,1,3,0,192,0
5562,178157,0,0,2,0,0,0,0,0,0,0,0,0,602,0,0,56,0,0,0,0,0,0,0,0,0,0,0,1,3,0,192,0
5563,178158,0,0,2,0,0,0,0,0,0,0,0,0,616,0,0,57,0,0,0,0,0,0,0,0,0,0,0,1,3,0,192,0
5564,178159,0,0,2,0,0,0,0,0,0,0,0,0,630,0,0,59,0,0,0,0,0,0,0,0,0,0,0,1,3,0,192,0
5565,178160,0,0,2,0,0,0,0,0,0,0,0,0,644,0,0,60,0,0,0,0,0,0,0,0,0,0,0,1,3,0,192,0
5566,178161,0,0,2,0,0,0,0,0,0,0,0,0,658,0,0,61,0,0,0,0,0,0,0,0,0,0,0,1,3,0,192,0
5567,178162,0,0,2,0,0,0,0,0,0,0,0,0,672,0,0,62,0,0,0,0,0,0,0,0,0,0,0,1,3,0,192,0
5568,178163,0,0,2,0,0,0,0,0,0,0,0,0,686,0,0,64,0,0,0,0,0,0,0,0,0,0,0,1,3,0,192,0
5569,178164,0,0,2,0,0,0,0,0,0,0,0,0,700,0,0,65,0,0,0,0,0,0,0,0,0,0,0,1,3,0,192,0
5570,178165,0,0,2,0,0,0,0,0,0,0,0,0,714,0,0,66,0,0,0,0,0,0,0,0,0,0,0,1,3,0,192,0
5571,178166,0,0,3,0,0,0,0,0,0,0,0,0,686,0,0,64,0,0,0,0,0,0,0,0,0,0,0,1,3,0,192,0
5572,178167,0,0,3,0,0,0,0,0,0,0,0,0,700,0,0,65,0,0,0,0,0,0,0,0,0,0,0,1,3,0,192,0
5573,178168,0,0,3,0,0,0,0,0,0,0,0,0,714,0,0,66,0,0,0,0,0,0,0,0,0,0,0,1,3,0,192,0
5574,178169,0,0,3,0,0,0,0,0,0,0,0,0,728,0,0,68,0,0,0,0,0,0,0,0,0,0,0,1,3,0,192,0
5575,178170,0,0,3,0,0,0,0,0,0,0,0,0,742,0,0,69,0,0,0,0,0,0,0,0,0,0,0,1,3,0,192,0
5576,178171,0,0,3,0,0,0,0,0,0,0,0,0,756,0,0,70,0,0,0,0,0,0,0,0,0,0,0,1,3,0,192,0
5577,178172,0,0,3,0,0,0,0,0,0,0,0,0,770,0,0,72,0,0,0,0,0,0,0,0,0,0,0,1,3,0,192,0
5578,178173,0,0,3,0,0,0,0,0,0,0,0,0,784,0,0,73,0,0,0,0,0,0,0,0,0,0,0,1,3,0,192,0
5579,178174,0,0,3,0,0,0,0,0,0,0,0,0,798,0,0,74,0,0,0,0,0,0,0,0,0,0,0,1,3,0,192,0
5580,178175,0,0,3,0,0,0,0,0,0,0,0,0,812,0,0,75,0,0,0,0,0,0,0,0,0,0,0,1,3,0,192,0
5581,178176,0,0,3,0,0,0,0,0,0,0,0,0,826,0,0,77,0,0,0,0,0,0,0,0,0,0,0,1,3,0,192,0
5582,178177,0,0,3,0,0,0,0,0,0,0,0,0,798,0,0,74,0,0,0,0,0,0,0,0,0,0,0,1,3,0,192,0
5583,178178,0,0,3,0,0,0,0,0,0,0,0,0,812,0,0,75,0,0,0,0,0,0,0,0,0,0,0,1,3,0,192,0
5584,178179,0,0,3,0,0,0,0,0,0,0,0,0,826,0,0,77,0,0,0,0,0,0,0,0,0,0,0,1,3,0,192,0
5585,178180,0,0,3,0,0,0,0,0,0,0,0,0,840,0,0,78,0,0,0,0,0,0,0,0,0,0,0,1,3,0,192,0
5586,178181,0,0,3,0,0,0,0,0,0,0,0,0,859,0,0,80,0,0,0,0,0,0,0,0,0,0,0,1,3,0,192,0
5587,178182,0,0,3,0,0,0,0,0,0,0,0,0,877,0,0,81,0,0,0,0,0,0,0,0,0,0,0,1,3,0,192,0
5588,178183,0,0,3,0,0,0,0,0,0,0,0,0,896,0,0,83,0,0,0,0,0,0,0,0,0,0,0,1,3,0,192,0
5589,178184,0,0,3,0,0,0,0,0,0,0,0,0,915,0,0,85,0,0,0,0,0,0,0,0,0,0,0,1,3,0,192,0
5590,178185,0,0,3,0,0,0,0,0,0,0,0,0,933,0,0,87,0,0,0,0,0,0,0,0,0,0,0,1,3,0,192,0
5591,178186,0,0,3,0,0,0,0,0,0,0,0,0,952,0,0,88,0,0,0,0,0,0,0,0,0,0,0,1,3,0,192,0
5592,178187,0,0,3,0,0,0,0,0,0,0,0,0,971,0,0,90,0,0,0,0,0,0,0,0,0,0,0,1,3,0,192,0
5593,178188,0,0,3,0,0,0,0,0,0,0,0,0,933,0,0,87,0,0,0,0,0,0,0,0,0,0,0,1,3,0,192,0
5594,178189,0,0,3,0,0,0,0,0,0,0,0,0,952,0,0,88,0,0,0,0,0,0,0,0,0,0,0,1,3,0,192,0
5595,178190,0,0,3,0,0,0,0,0,0,0,0,0,971,0,0,90,0,0,0,0,0,0,0,0,0,0,0,1,3,0,192,0
5596,178191,0,0,3,0,0,0,0,0,0,0,0,0,989,0,0,92,0,0,0,0,0,0,0,0,0,0,0,1,3,0,192,0
5597,178192,0,0,3,0,0,0,0,0,0,0,0,0,1008,0,0,94,0,0,0,0,0,0,0,0,0,0,0,1,3,0,192,0
5598,178193,0,0,3,0,0,0,0,0,0,0,0,0,1027,0,0,95,0,0,0,0,0,0,0,0,0,0,0,1,3,0,192,0
5599,178194,0,0,3,0,0,0,0,0,0,0,0,0,1045,0,0,97,0,0,0,0,0,0,0,0,0,0,0,1,3,0,192,0
5600,178195,0,0,3,0,0,0,0,0,0,0,0,0,1064,0,0,99,0,0,0,0,0,0,0,0,0,0,0,1,3,0,192,0
5601,178196,0,0,3,0,0,0,0,0,0,0,0,0,1083,0,0,101,0,0,0,0,0,0,0,0,0,0,0,1,3,0,192,0
5602,178197,0,0,3,0,0,0,0,0,0,0,0,0,1101,0,0,102,0,0,0,0,0,0,0,0,0,0,0,1,3,0,192,0
5603,178198,0,0,3,0,0,0,0,0,0,0,0,0,1120,0,0,104,0,0,0,0,0,0,0,0,0,0,0,1,3,0,192,0
5604,178199,0,0,4,0,0,0,0,0,0,0,0,0,1083,0,0,101,0,0,0,0,0,0,0,0,0,0,0,1,3,0,192,0
5605,178200,0,0,4,0,0,0,0,0,0,0,0,0,1101,0,0,102,0,0,0,0,0,0,0,0,0,0,0,1,3,0,192,0
5606,178201,0,0,4,0,0,0,0,0,0,0,0,0,1120,0,0,104,0,0,0,0,0,0,0,0,0,0,0,1,3,0,192,0
5607,178202,0,0,4,0,0,0,0,0,0,0,0,0,1139,0,0,106,0,0,0,0,0,0,0,0,0,0,0,1,3,0,192,0
5608,178203,0,0,4,0,0,0,0,0,0,0,0,0,1157,0,0,107,0,0,0,0,0,0,0,0,0,0,0,1,3,0,192,0
5609,178204,0,0,4,0,0,0,0,0,0,0,0,0,1176,0,0,109,0,0,0,0,0,0,0,0,0,0,0,1,3,0,192,0
5610,178205,0,0,4,0,0,0,0,0,0,0,0,0,1195,0,0,111,0,0,0,0,0,0,0,0,0,0,0,1,3,0,192,0
5611,178206,0,0,4,0,0,0,0,0,0,0,0,0,1213,0,0,113,0,0,0,0,0,0,0,0,0,0,0,1,3,0,192,0
5612,178207,0,0,4,0,0,0,0,0,0,0,0,0,1232,0,0,114,0,0,0,0,0,0,0,0,0,0,0,1,3,0,192,0
5613,178208,0,0,4,0,0,0,0,0,0,0,0,0,1251,0,0,116,0,0,0,0,0,0,0,0,0,0,0,1,3,0,192,0
5614,178209,0,0,4,0,0,0,0,0,0,0,0,0,1269,0,0,118,0,0,0,0,0,0,0,0,0,0,0,1,3,0,192,0
5615,178210,0,0,4,0,0,0,0,0,0,0,0,0,1232,0,0,114,0,0,0,0,0,0,0,0,0,0,0,1,3,0,192,0
5616,178211,0,0,4,0,0,0,0,0,0,0,0,0,1251,0,0,116,0,0,0,0,0,0,0,0,0,0,0,1,3,0,192,0
5617,178212,0,0,4,0,0,0,0,0,0,0,0,0,1269,0,0,118,0,0,0,0,0,0,0,0,0,0,0,1,3,0,192,0
5618,178213,0,0,4,0,0,0,0,0,0,0,0,0,1288,0,0,120,0,0,0,0,0,0,0,0,0,0,0,1,3,0,192,0
5619,178214,0,0,4,0,0,0,0,0,0,0,0,0,1307,0,0,121,0,0,0,0,0,0,0,0,0,0,0,1,3,0,192,0
5620,178215,0,0,4,0,0,0,0,0,0,0,0,0,1325,0,0,123,0,0,0,0,0,0,0,0,0,0,0,1,3,0,192,0
5621,178216,0,0,4,0,0,0,0,0,0,0,0,0,1344,0,0,125,0,0,0,0,0,0,0,0,0,0,0,1,3,0,192,0
5622,178217,0,0,4,0,0,0,0,0,0,0,0,0,1363,0,0,127,0,0,0,0,0,0,0,0,0,0,0,1,3,0,192,0
5623,178218,0,0,4,0,0,0,0,0,0,0,0,0,1381,0,0,128,0,0,0,0,0,0,0,0,0,0,0,1,3,0,192,0
5624,178219,0,0,4,0,0,0,0,0,0,0,0,0,1400,0,0,130,0,0,0,0,0,0,0,0,0,0,0,1,3,0,192,0
5625,178220,0,0,4,0,0,0,0,0,0,0,0,0,1419,0,0,132,0,0,0,0,0,0,0,0,0,0,0,1,3,0,192,0
5626,178221,0,0,4,0,0,0,0,0,0,0,0,0,1381,0,0,128,0,0,0,0,0,0,0,0,0,0,0,1,3,0,192,0
5627,178222,0,0,4,0,0,0,0,0,0,0,0,0,1400,0,0,130,0,0,0,0,0,0,0,0,0,0,0,1,3,0,192,0
5628,178223,0,0,4,0,0,0,0,0,0,0,0,0,1419,0,0,132,0,0,0,0,0,0,0,0,0,0,0,1,3,0,192,0
5629,178224,0,0,4,0,0,0,0,0,0,0,0,0,1437,0,0,133,0,0,0,0,0,0,0,0,0,0,0,1,3,0,192,0
5630,178225,0,0,4,0,0,0,0,0,0,0,0,0,1456,0,0,135,0,0,0,0,0,0,0,0,0,0,0,1,3,0,192,0
5631,178226,0,0,4,0,0,0,0,0,0,0,0,0,1475,0,0,137,0,0,0,0,0,0,0,0,0,0,0,1,3,0,192,0
5632,178227,0,0,4,0,0,0,0,0,0,0,0,0,1493,0,0,139,0,0,0,0,0,0,0,0,0,0,0,1,3,0,192,0
5633,178228,0,0,4,0,0,0,0,0,0,0,0,0,1512,0,0,140,0,0,0,0,0,0,0,0,0,0,0,1,3,0,192,0
5634,178229,0,0,4,0,0,0,0,0,0,0,0,0,1531,0,0,142,0,0,0,0,0,0,0,0,0,0,0,1,3,0,192,0
5635,178230,0,0,4,0,0,0,0,0,0,0,0,0,1549,0,0,144,0,0,0,0,0,0,0,0,0,0,0,1,3,0,192,0
5636,178231,0,0,4,0,0,0,0,0,0,0,0,0,1568,0,0,146,0,0,0,0,0,0,0,0,0,0,0,1,3,0,192,0
5637,178232,0,0,5,0,0,0,0,0,0,0,0,0,1531,0,0,142,0,0,0,0,0,0,0,0,0,0,0,1,3,0,192,0
5638,178233,0,0,5,0,0,0,0,0,0,0,0,0,1549,0,0,144,0,0,0,0,0,0,0,0,0,0,0,1,3,0,192,0
5639,178234,0,0,5,0,0,0,0,0,0,0,0,0,1568,0,0,146,0,0,0,0,0,0,0,0,0,0,0,1,3,0,192,0
5640,178235,0,0,5,0,0,0,0,0,0,0,0,0,1587,0,0,147,0,0,0,0,0,0,0,0,0,0,0,1,3,0,192,0
5641,178236,0,0,5,0,0,0,0,0,0,0,0,0,1605,0,0,149,0,0,0,0,0,0,0,0,0,0,0,1,3,0,192,0
5642,178237,0,0,5,0,0,0,0,0,0,0,0,0,1624,0,0,151,0,0,0,0,0,0,0,0,0,0,0,1,3,0,192,0
5643,178238,0,0,5,0,0,0,0,0,0,0,0,0,1643,0,0,153,0,0,0,0,0,0,0,0,0,0,0,1,3,0,192,0
5644,178239,0,0,5,0,0,0,0,0,0,0,0,0,1661,0,0,154,0,0,0,0,0,0,0,0,0,0,0,1,3,0,192,0
5645,178240,0,0,5,0,0,0,0,0,0,0,0,0,1680,0,0,156,0,0,0,0,0,0,0,0,0,0,0,1,3,0,192,0
5646,178241,0,0,5,0,0,0,0,0,0,0,0,0,1699,0,0,158,0,0,0,0,0,0,0,0,0,0,0,1,3,0,192,0
5647,178242,0,0,5,0,0,0,0,0,0,0,0,0,1717,0,0,159,0,0,0,0,0,0,0,0,0,0,0,1,3,0,192,0
5648,178243,0,0,5,0,0,0,0,0,0,0,0,0,1680,0,0,156,0,0,0,0,0,0,0,0,0,0,0,1,3,0,192,0
5649,178244,0,0,5,0,0,0,0,0,0,0,0,0,1699,0,0,158,0,0,0,0,0,0,0,0,0,0,0,1,3,0,192,0
5650,178245,0,0,5,0,0,0,0,0,0,0,0,0,1717,0,0,159,0,0,0,0,0,0,0,0,0,0,0,1,3,0,192,0
5651,178246,0,0,5,0,0,0,0,0,0,0,0,0,1736,0,0,161,0,0,0,0,0,0,0,0,0,0,0,1,3,0,192,0
5652,178247,0,0,5,0,0,0,0,0,0,0,0,0,1755,0,0,163,0,0,0,0,0,0,0,0,0,0,0,1,3,0,192,0
5653,178248,0,0,5,0,0,0,0,0,0,0,0,0,1773,0,0,165,0,0,0,0,0,0,0,0,0,0,0,1,3,0,192,0
5654,178249,0,0,5,0,0,0,0,0,0,0,0,0,1792,0,0,166,0,0,0,0,0,0,0,0,0,0,0,1,3,0,192,0
5655,178250,0,0,5,0,0,0,0,0,0,0,0,0,1811,0,0,168,0,0,0,0,0,0,0,0,0,0,0,1,3,0,192,0
5656,178251,0,0,5,0,0,0,0,0,0,0,0,0,1829,0,0,170,0,0,0,0,0,0,0,0,0,0,0,1,3,0,192,0
5657,178252,0,0,5,0,0,0,0,0,0,0,0,0,1848,0,0,172,0,0,0,0,0,0,0,0,0,0,0,1,3,0,192,0
5658,178253,0,0,5,0,0,0,0,0,0,0,0,0,1867,0,0,173,0,0,0,0,0,0,0,0,0,0,0,1,3,0,192,0
5659,178254,0,0,5,0,0,0,0,0,0,0,0,0,1829,0,0,170,0,0,0,0,0,0,0,0,0,0,0,1,3,0,192,0
5660,178255,0,0,5,0,0,0,0,0,0,0,0,0,1848,0,0,172,0,0,0,0,0,0,0,0,0,0,0,1,3,0,192,0
5661,178256,0,0,5,0,0,0,0,0,0,0,0,0,1867,0,0,173,0,0,0,0,0,0,0,0,0,0,0,1,3,0,192,0
5662,178257,0,0,5,0,0,0,0,0,0,0,0,0,1885,0,0,175,0,0,0,0,0,0,0,0,0,0,0,1,3,0,192,0
5663,178258,0,0,5,0,0,0,0,0,0,0,0,0,1904,0,0,177,0,0,0,0,0,0,0,0,0,0,0,1,3,0,192,0
5664,178259,0,0,5,0,0,0,0,0,0,0,0,0,1923,0,0,179,0,0,0,0,0,0,0,0,0,0,0,1,3,0,192,0
5665,178260,0,0,5,0,0,0,0,0,0,0,0,0,1941,0,0,180,0,0,0,0,0,0,0,0,0,0,0,1,3,0,192,0
5666,178261,0,0,5,0,0,0,0,0,0,0,0,0,1960,0,0,182,0,0,0,0,0,0,0,0,0,0,0,1,3,0,192,0
5667,178262,0,0,5,0,0,0,0,0,0,0,0,0,1979,0,0,184,0,0,0,0,0,0,0,0,0,0,0,1,3,0,192,0
5668,178263,0,0,5,0,0,0,0,0,0,0,0,0,1997,0,0,185,0,0,0,0,0,0,0,0,0,0,0,1,3,0,192,0
5669,178264,0,0,5,0,0,0,0,0,0,0,0,0,2016,0,0,187,0,0,0,0,0,0,0,0,0,0,0,1,3,0,192,0
5670,178265,0,0,5,0,0,0,0,0,0,0,0,0,1979,0,0,184,0,0,0,0,0,0,0,0,0,0,0,1,3,0,192,0
5671,178266,0,0,5,0,0,0,0,0,0,0,0,0,1997,0,0,185,0,0,0,0,0,0,0,0,0,0,0,1,3,0,192,0
5672,178267,0,0,5,0,0,0,0,0,0,0,0,0,2016,0,0,187,0,0,0,0,0,0,0,0,0,0,0,1,3,0,192,0
5673,178268,0,0,5,0,0,0,0,0,0,0,0,0,2035,0,0,189,0,0,0,0,0,0,0,0,0,0,0,1,3,0,192,0
5674,178269,0,0,5,0,0,0,0,0,0,0,0,0,2053,0,0,191,0,0,0,0,0,0,0,0,0,0,0,1,3,0,192,0
5675,178270,0,0,5,0,0,0,0,0,0,0,0,0,2072,0,0,192,0,0,0,0,0,0,0,0,0,0,0,1,3,0,192,0
5676,178271,0,0,5,0,0,0,0,0,0,0,0,0,2091,0,0,194,0,0,0,0,0,0,0,0,0,0,0,1,3,0,192,0
5677,178272,0,0,5,0,0,0,0,0,0,0,0,0,2109,0,0,196,0,0,0,0,0,0,0,0,0,0,0,1,3,0,192,0
5678,178273,0,0,5,0,0,0,0,0,0,0,0,0,2128,0,0,198,0,0,0,0,0,0,0,0,0,0,0,1,3,0,192,0
5679,178274,0,0,5,0,0,0,0,0,0,0,0,0,2147,0,0,199,0,0,0,0,0,0,0,0,0,0,0,1,3,0,192,0
5680,178275,0,0,5,0,0,0,0,0,0,0,0,0,2165,0,0,201,0,0,0,0,0,0,0,0,0,0,0,1,3,0,192,0
5681,178276,0,0,5,0,0,0,0,0,0,0,0,0,2128,0,0,198,0,0,0,0,0,0,0,0,0,0,0,1,3,0,192,0
5682,178277,0,0,5,0,0,0,0,0,0,0,0,0,2147,0,0,199,0,0,0,0,0,0,0,0,0,0,0,1,3,0,192,0
5683,178278,0,0,5,0,0,0,0,0,0,0,0,0,2165,0,0,201,0,0,0,0,0,0,0,0,0,0,0,1,3,0,192,0
5684,178279,0,0,5,0,0,0,0,0,0,0,0,0,2184,0,0,203,0,0,0,0,0,0,0,0,0,0,0,1,3,0,192,0
5685,178280,0,0,5,0,0,0,0,0,0,0,0,0,2203,0,0,205,0,0,0,0,0,0,0,0,0,0,0,1,3,0,192,0
5686,178281,0,0,5,0,0,0,0,0,0,0,0,0,2221,0,0,206,0,0,0,0,0,0,0,0,0,0,0,1,3,0,192,0
5687,178282,0,0,5,0,0,0,0,0,0,0,0,0,2240,0,0,208,0,0,0,0,0,0,0,0,0,0,0,1,3,0,192,0
5688,178283,0,0,5,0,0,0,0,0,0,0,0,0,2259,0,0,210,0,0,0,0,0,0,0,0,0,0,0,1,3,0,192,0
5689,178284,0,0,5,0,0,0,0,0,0,0,0,0,2277,0,0,211,0,0,0,0,0,0,0,0,0,0,0,1,3,0,192,0
5690,178285,0,0,5,0,0,0,0,0,0,0,0,0,2296,0,0,213,0,0,0,0,0,0,0,0,0,0,0,1,3,0,192,0
5691,178286,0,0,5,0,0,0,0,0,0,0,0,0,2315,0,0,215,0,0,0,0,0,0,0,0,0,0,0,1,3,0,192,0
5692,178287,0,0,5,0,0,0,0,0,0,0,0,0,2277,0,0,211,0,0,0,0,0,0,0,0,0,0,0,1,3,0,192,0
5693,178288,0,0,5,0,0,0,0,0,0,0,0,0,2296,0,0,213,0,0,0,0,0,0,0,0,0,0,0,1,3,0,192,0
5694,178289,0,0,5,0,0,0,0,0,0,0,0,0,2315,0,0,215,0,0,0,0,0,0,0,0,0,0,0,1,3,0,192,0
5695,178290,0,0,5,0,0,0,0,0,0,0,0,0,2333,0,0,217,0,0,0,0,0,0,0,0,0,0,0,1,3,0,192,0
5696,178291,0,0,5,0,0,0,0,0,0,0,0,0,2352,0,0,218,0,0,0,0,0,0,0,0,0,0,0,1,3,0,192,0
5697,178292,0,0,5,0,0,0,0,0,0,0,0,0,2371,0,0,220,0,0,0,0,0,0,0,0,0,0,0,1,3,0,192,0
5698,178293,0,0,5,0,0,0,0,0,0,0,0,0,2389,0,0,222,0,0,0,0,0,0,0,0,0,0,0,1,3,0,192,0
5699,178294,0,0,5,0,0,0,0,0,0,0,0,0,2408,0,0,224,0,0,0,0,0,0,0,0,0,0,0,1,3,0,192,0
5700,178295,0,0,5,0,0,0,0,0,0,0,0,0,2427,0,0,225,0,0,0,0,0,0,0,0,0,0,0,1,3,0,192,0
5701,178296,0,0,5,0,0,0,0,0,0,0,0,0,2445,0,0,227,0,0,0,0,0,0,0,0,0,0,0,1,3,0,192,0
5702,178297,0,0,5,0,0,0,0,0,0,0,0,0,2464,0,0,229,0,0,0,0,0,0,0,0,0,0,0,1,3,0,192,0
5703,178298,0,0,5,0,0,0,0,0,0,0,0,0,2427,0,0,225,0,0,0,0,0,0,0,0,0,0,0,1,3,0,192,0
5704,178299,0,0,5,0,0,0,0,0,0,0,0,0,2445,0,0,227,0,0,0,0,0,0,0,0,0,0,0,1,3,0,192,0
5705,178300,0,0,5,0,0,0,0,0,0,0,0,0,2464,0,0,229,0,0,0,0,0,0,0,0,0,0,0,1,3,0,192,0
5706,178301,0,0,5,0,0,0,0,0,0,0,0,0,2483,0,0,231,0,0,0,0,0,0,0,0,0,0,0,1,3,0,192,0
5707,178302,0,0,5,0,0,0,0,0,0,0,0,0,2501,0,0,232,0,0,0,0,0,0,0,0,0,0,0,1,3,0,192,0
5708,178303,0,0,5,0,0,0,0,0,0,0,0,0,2520,0,0,234,0,0,0,0,0,0,0,0,0,0,0,1,3,0,192,0
5709,178304,0,0,5,0,0,0,0,0,0,0,0,0,2539,0,0,236,0,0,0,0,0,0,0,0,0,0,0,1,3,0,192,0
5710,178305,0,0,5,0,0,0,0,0,0,0,0,0,2557,0,0,237,0,0,0,0,0,0,0,0,0,0,0,1,3,0,192,0
5711,178306,0,0,5,0,0,0,0,0,0,0,0,0,2576,0,0,239,0,0,0,0,0,0,0,0,0,0,0,1,3,0,192,0
5712,178307,0,0,5,0,0,0,0,0,0,0,0,0,2595,0,0,241,0,0,0,0,0,0,0,0,0,0,0,1,3,0,192,0
5713,178308,0,0,5,0,0,0,0,0,0,0,0,0,2613,0,0,243,0,0,0,0,0,0,0,0,0,0,0,1,3,0,192,0
5714,178309,0,0,5,0,0,0,0,0,0,0,0,0,2576,0,0,239,0,0,0,0,0,0,0,0,0,0,0,1,3,0,192,0
5715,178310,0,0,5,0,0,0,0,0,0,0,0,0,2595,0,0,241,0,0,0,0,0,0,0,0,0,0,0,1,3,0,192,0
5716,178311,0,0,5,0,0,0,0,0,0,0,0,0,2613,0,0,243,0,0,0,0,0,0,0,0,0,0,0,1,3,0,192,0
5717,178312,0,0,5,0,0,0,0,0,0,0,0,0,2632,0,0,244,0,0,0,0,0,0,0,0,0,0,0,1,3,0,192,0
5718,178313,0,0,5,0,0,0,0,0,0,0,0,0,2651,0,0,246,0,0,0,0,0,0,0,0,0,0,0,1,3,0,192,0
5719,178314,0,0,5,0,0,0,0,0,0,0,0,0,2669,0,0,248,0,0,0,0,0,0,0,0,0,0,0,1,3,0,192,0
5720,178315,0,0,5,0,0,0,0,0,0,0,0,0,2688,0,0,250,0,0,0,0,0,0,0,0,0,0,0,1,3,0,192,0
5721,178316,0,0,5,0,0,0,0,0,0,0,0,0,2707,0,0,251,0,0,0,0,0,0,0,0,0,0,0,1,3,0,192,0
5722,178317,0,0,5,0,0,0,0,0,0,0,0,0,2725,0,0,253,0,0,0,0,0,0,0,0,0,0,0,1,3,0,192,0
5723,178318,0,0,5,0,0,0,0,0,0,0,0,0,2744,0,0,255,0,0,0,0,0,0,0,0,0,0,0,1,3,0,192,0
5724,178319,0,0,5,0,0,0,0,0,0,0,0,0,2763,0,0,257,0,0,0,0,0,0,0,0,0,0,0,1,3,0,192,0
5725,178320,0,0,5,0,0,0,0,0,0,0,0,0,2725,0,0,253,0,0,0,0,0,0,0,0,0,0,0,1,3,0,192,0
5726,178321,0,0,5,0,0,0,0,0,0,0,0,0,2744,0,0,255,0,0,0,0,0,0,0,0,0,0,0,1,3,0,192,0
5727,178322,0,0,5,0,0,0,0,0,0,0,0,0,2763,0,0,257,0,0,0,0,0,0,0,0,0,0,0,1,3,0,192,0
5728,178323,0,0,5,0,0,0,0,0,0,0,0,0,2781,0,0,258,0,0,0,0,0,0,0,0,0,0,0,1,3,0,192,0
5729,178324,0,0,5,0,0,0,0,0,0,0,0,0,2800,0,0,260,0,0,0,0,0,0,0,0,0,0,0,1,3,0,192,0
5730,178325,0,0,5,0,0,0,0,0,0,0,0,0,2819,0,0,262,0,0,0,0,0,0,0,0,0,0,0,1,3,0,192,0
5731,178326,0,0,5,0,0,0,0,0,0,0,0,0,2837,0,0,263,0,0,0,0,0,0,0,0,0,0,0,1,3,0,192,0
5732,178327,0,0,5,0,0,0,0,0,0,0,0,0,2856,0,0,265,0,0,0,0,0,0,0,0,0,0,0,1,3,0,192,0
5733,178328,0,0,5,0,0,0,0,0,0,0,0,0,2875,0,0,267,0,0,0,0,0,0,0,0,0,0,0,1,3,0,192,0
5734,178329,0,0,5,0,0,0,0,0,0,0,0,0,2893,0,0,269,0,0,0,0,0,0,0,0,0,0,0,1,3,0,192,0
5735,178330,0,0,5,0,0,0,0,0,0,0,0,0,2912,0,0,270,0,0,0,0,0,0,0,0,0,0,0,1,3,0,192,0
5736,178331,0,0,5,0,0,0,0,0,0,0,0,0,2875,0,0,267,0,0,0,0,0,0,0,0,0,0,0,1,3,0,192,0
5737,178332,0,0,5,0,0,0,0,0,0,0,0,0,2893,0,0,269,0,0,0,0,0,0,0,0,0,0,0,1,3,0,192,0
5738,178333,0,0,5,0,0,0,0,0,0,0,0,0,2912,0,0,270,0,0,0,0,0,0,0,0,0,0,0,1,3,0,192,0
5739,178334,0,0,5,0,0,0,0,0,0,0,0,0,2931,0,0,272,0,0,0,0,0,0,0,0,0,0,0,1,3,0,192,0
5740,178335,0,0,5,0,0,0,0,0,0,0,0,0,2949,0,0,274,0,0,0,0,0,0,0,0,0,0,0,1,3,0,192,0
5741,178336,0,0,5,0,0,0,0,0,0,0,0,0,2968,0,0,276,0,0,0,0,0,0,0,0,0,0,0,1,3,0,192,0
5742,178337,0,0,5,0,0,0,0,0,0,0,0,0,2987,0,0,277,0,0,0,0,0,0,0,0,0,0,0,1,3,0,192,0
5743,178338,0,0,5,0,0,0,0,0,0,0,0,0,3005,0,0,279,0,0,0,0,0,0,0,0,0,0,0,1,3,0,192,0
5744,178339,0,0,5,0,0,0,0,0,0,0,0,0,3024,0,0,281,0,0,0,0,0,0,0,0,0,0,0,1,3,0,192,0
5745,178340,0,0,5,0,0,0,0,0,0,0,0,0,3043,0,0,283,0,0,0,0,0,0,0,0,0,0,0,1,3,0,192,0
5746,178341,0,0,5,0,0,0,0,0,0,0,0,0,3061,0,0,284,0,0,0,0,0,0,0,0,0,0,0,1,3,0,192,0
5747,178342,0,0,5,0,0,0,0,0,0,0,0,0,3024,0,0,281,0,0,0,0,0,0,0,0,0,0,0,1,3,0,192,0
5748,178343,0,0,5,0,0,0,0,0,0,0,0,0,3043,0,0,283,0,0,0,0,0,0,0,0,0,0,0,1,3,0,192,0
5749,178344,0,0,5,0,0,0,0,0,0,0,0,0,3061,0,0,284,0,0,0,0,0,0,0,0,0,0,0,1,3,0,192,0
5750,178345,0,0,5,0,0,0,0,0,0,0,0,0,3080,0,0,286,0,0,0,0,0,0,0,0,0,0,0,1,3,0,192,0
5751,178346,0,0,5,0,0,0,0,0,0,0,0,0,3103,0,0,288,0,0,0,0,0,0,0,0,0,0,0,1,3,0,192,0
5752,178347,0,0,5,0,0,0,0,0,0,0,0,0,3127,0,0,290,0,0,0,0,0,0,0,0,0,0,0,1,3,0,192,0
5753,178348,0,0,5,0,0,0,0,0,0,0,0,0,3150,0,0,293,0,0,0,0,0,0,0,0,0,0,0,1,3,0,192,0
5754,178349,0,0,5,0,0,0,0,0,0,0,0,0,3173,0,0,295,0,0,0,0,0,0,0,0,0,0,0,1,3,0,192,0
5755,178350,0,0,5,0,0,0,0,0,0,0,0,0,3197,0,0,297,0,0,0,0,0,0,0,0,0,0,0,1,3,0,192,0
5756,178351,0,0,5,0,0,0,0,0,0,0,0,0,3220,0,0,299,0,0,0,0,0,0,0,0,0,0,0,1,3,0,192,0
5757,178352,0,0,5,0,0,0,0,0,0,0,0,0,3243,0,0,301,0,0,0,0,0,0,0,0,0,0,0,1,3,0,192,0
5758,178353,0,0,5,0,0,0,0,0,0,0,0,0,3197,0,0,297,0,0,0,0,0,0,0,0,0,0,0,1,3,0,192,0
5759,178354,0,0,5,0,0,0,0,0,0,0,0,0,3220,0,0,299,0,0,0,0,0,0,0,0,0,0,0,1,3,0,192,0
5760,178355,0,0,5,0,0,0,0,0,0,0,0,0,3243,0,0,301,0,0,0,0,0,0,0,0,0,0,0,1,3,0,192,0
5761,178356,0,0,5,0,0,0,0,0,0,0,0,0,3267,0,0,303,0,0,0,0,0,0,0,0,0,0,0,1,3,0,192,0
5762,178357,0,0,5,0,0,0,0,0,0,0,0,0,3290,0,0,306,0,0,0,0,0,0,0,0,0,0,0,1,3,0,192,0
5763,178358,0,0,5,0,0,0,0,0,0,0,0,0,3313,0,0,308,0,0,0,0,0,0,0,0,0,0,0,1,3,0,192,0
5764,178359,0,0,5,0,0,0,0,0,0,0,0,0,3337,0,0,310,0,0,0,0,0,0,0,0,0,0,0,1,3,0,192,0
5765,178360,0,0,5,0,0,0,0,0,0,0,0,0,3360,0,0,312,0,0,0,0,0,0,0,0,0,0,0,1,3,0,192,0
5766,178361,0,0,5,0,0,0,0,0,0,0,0,0,3383,0,0,314,0,0,0,0,0,0,0,0,0,0,0,1,3,0,192,0
5767,178362,0,0,5,0,0,0,0,0,0,0,0,0,3407,0,0,316,0,0,0,0,0,0,0,0,0,0,0,1,3,0,192,0
5768,178363,0,0,5,0,0,0,0,0,0,0,0,0,3430,0,0,319,0,0,0,0,0,0,0,0,0,0,0,1,3,0,192,0
5769,178364,0,0,5,0,0,0,0,0,0,0,0,0,3383,0,0,314,0,0,0,0,0,0,0,0,0,0,0,1,3,0,192,0
5770,178365,0,0,5,0,0,0,0,0,0,0,0,0,3407,0,0,316,0,0,0,0,0,0,0,0,0,0,0,1,3,0,192,0
5771,178366,0,0,5,0,0,0,0,0,0,0,0,0,3430,0,0,319,0,0,0,0,0,0,0,0,0,0,0,1,3,0,192,0
5772,178367,0,0,5,0,0,0,0,0,0,0,0,0,3453,0,0,321,0,0,0,0,0,0,0,0,0,0,0,1,3,0,192,0
5773,178368,0,0,5,0,0,0,0,0,0,0,0,0,3477,0,0,323,0,0,0,0,0,0,0,0,0,0,0,1,3,0,192,0
5774,178369,0,0,5,0,0,0,0,0,0,0,0,0,3500,0,0,325,0,0,0,0,0,0,0,0,0,0,0,1,3,0,192,0
5775,178370,0,0,5,0,0,0,0,0,0,0,0,0,3523,0,0,327,0,0,0,0,0,0,0,0,0,0,0,1,3,0,192,0
5776,178371,0,0,6,0,0,0,0,0,0,0,0,0,3547,0,0,329,0,0,0,0,0,0,0,0,0,0,0,1,3,0,192,0
5777,178372,0,0,6,0,0,0,0,0,0,0,0,0,3570,0,0,332,0,0,0,0,0,0,0,0,0,0,0,1,3,0,192,0
5778,178373,0,0,6,0,0,0,0,0,0,0,0,0,3593,0,0,334,0,0,0,0,0,0,0,0,0,0,0,1,3,0,192,0
5779,178374,0,0,6,0,0,0,0,0,0,0,0,0,3617,0,0,336,0,0,0,0,0,0,0,0,0,0,0,1,3,0,192,0
5780,178375,0,0,6,0,0,0,0,0,0,0,0,0,3570,0,0,332,0,0,0,0,0,0,0,0,0,0,0,1,3,0,192,0
5781,178376,0,0,6,0,0,0,0,0,0,0,0,0,3593,0,0,334,0,0,0,0,0,0,0,0,0,0,0,1,3,0,192,0
5782,178377,0,0,6,0,0,0,0,0,0,0,0,0,3617,0,0,336,0,0,0,0,0,0,0,0,0,0,0,1,3,0,192,0
5783,178378,0,0,6,0,0,0,0,0,0,0,0,0,3640,0,0,338,0,0,0,0,0,0,0,0,0,0,0,1,3,0,192,0
5784,178379,0,0,6,0,0,0,0,0,0,0,0,0,3663,0,0,340,0,0,0,0,0,0,0,0,0,0,0,1,3,0,192,0
5785,178380,0,0,6,0,0,0,0,0,0,0,0,0,3687,0,0,342,0,0,0,0,0,0,0,0,0,0,0,1,3,0,192,0
5786,178381,0,0,6,0,0,0,0,0,0,0,0,0,3710,0,0,345,0,0,0,0,0,0,0,0,0,0,0,1,3,0,192,0
5787,178382,0,0,6,0,0,0,0,0,0,0,0,0,3733,0,0,347,0,0,0,0,0,0,0,0,0,0,0,1,3,0,192,0
5788,178383,0,0,6,0,0,0,0,0,0,0,0,0,3757,0,0,349,0,0,0,0,0,0,0,0,0,0,0,1,3,0,192,0
5789,178384,0,0,6,0,0,0,0,0,0,0,0,0,3780,0,0,351,0,0,0,0,0,0,0,0,0,0,0,1,3,0,192,0
5790,178385,0,0,6,0,0,0,0,0,0,0,0,0,3803,0,0,353,0,0,0,0,0,0,0,0,0,0,0,1,3,0,192,0
5791,178386,0,0,6,0,0,0,0,0,0,0,0,0,3757,0,0,349,0,0,0,0,0,0,0,0,0,0,0,1,3,0,192,0
5792,178387,0,0,6,0,0,0,0,0,0,0,0,0,3780,0,0,351,0,0,0,0,0,0,0,0,0,0,0,1,3,0,192,0
5793,178388,0,0,6,0,0,0,0,0,0,0,0,0,3803,0,0,353,0,0,0,0,0,0,0,0,0,0,0,1,3,0,192,0
5794,178389,0,0,6,0,0,0,0,0,0,0,0,0,3827,0,0,355,0,0,0,0,0,0,0,0,0,0,0,1,3,0,192,0
5795,178390,0,0,6,0,0,0,0,0,0,0,0,0,3850,0,0,358,0,0,0,0,0,0,0,0,0,0,0,1,3,0,192,0
5796,178391,0,0,6,0,0,0,0,0,0,0,0,0,3873,0,0,360,0,0,0,0,0,0,0,0,0,0,0,1,3,0,192,0
5797,178392,0,0,6,0,0,0,0,0,0,0,0,0,3897,0,0,362,0,0,0,0,0,0,0,0,0,0,0,1,3,0,192,0
5798,178393,0,0,6,0,0,0,0,0,0,0,0,0,3920,0,0,364,0,0,0,0,0,0,0,0,0,0,0,1,3,0,192,0
5799,178394,0,0,6,0,0,0,0,0,0,0,0,0,3943,0,0,366,0,0,0,0,0,0,0,0,0,0,0,1,3,0,192,0
5800,178395,0,0,6,0,0,0,0,0,0,0,0,0,3967,0,0,368,0,0,0,0,0,0,0,0,0,0,0,1,3,0,192,0
5801,178396,0,0,6,0,0,0,0,0,0,0,0,0,3990,0,0,371,0,0,0,0,0,0,0,0,0,0,0,1,3,0,192,0
5802,178397,0,0,6,0,0,0,0,0,0,0,0,0,3943,0,0,366,0,0,0,0,0,0,0,0,0,0,0,1,3,0,192,0
5803,178398,0,0,6,0,0,0,0,0,0,0,0,0,3967,0,0,368,0,0,0,0,0,0,0,0,0,0,0,1,3,0,192,0
5804,178399,0,0,6,0,0,0,0,0,0,0,0,0,3990,0,0,371,0,0,0,0,0,0,0,0,0,0,0,1,3,0,192,0
5805,178400,0,0,6,0,0,0,0,0,0,0,0,0,4013,0,0,373,0,0,0,0,0,0,0,0,0,0,0,1,3,0,192,0
5806,178401,0,0,6,0,0,0,0,0,0,0,0,0,4037,0,0,375,0,0,0,0,0,0,0,0,0,0,0,1,3,0,192,0
5807,178402,0,0,6,0,0,0,0,0,0,0,0,0,4060,0,0,377,0,0,0,0,0,0,0,0,0,0,0,1,3,0,192,0
5808,178403,0,0,6,0,0,0,0,0,0,0,0,0,4083,0,0,379,0,0,0,0,0,0,0,0,0,0,0,1,3,0,192,0
5809,178404,0,0,6,0,0,0,0,0,0,0,0,0,4107,0,0,381,0,0,0,0,0,0,0,0,0,0,0,1,3,0,192,0
5810,178405,0,0,6,0,0,0,0,0,0,0,0,0,4130,0,0,384,0,0,0,0,0,0,0,0,0,0,0,1,3,0,192,0
5811,178406,0,0,6,0,0,0,0,0,0,0,0,0,4153,0,0,386,0,0,0,0,0,0,0,0,0,0,0,1,3,0,192,0
5812,178407,0,0,6,0,0,0,0,0,0,0,0,0,4177,0,0,388,0,0,0,0,0,0,0,0,0,0,0,1,3,0,192,0
5813,178408,0,0,6,0,0,0,0,0,0,0,0,0,4130,0,0,384,0,0,0,0,0,0,0,0,0,0,0,1,3,0,192,0
5814,178409,0,0,6,0,0,0,0,0,0,0,0,0,4153,0,0,386,0,0,0,0,0,0,0,0,0,0,0,1,3,0,192,0
5815,178410,0,0,6,0,0,0,0,0,0,0,0,0,4177,0,0,388,0,0,0,0,0,0,0,0,0,0,0,1,3,0,192,0
5816,178411,0,0,6,0,0,0,0,0,0,0,0,0,4200,0,0,390,0,0,0,0,0,0,0,0,0,0,0,1,3,0,192,0
5817,178412,0,0,6,0,0,0,0,0,0,0,0,0,4223,0,0,392,0,0,0,0,0,0,0,0,0,0,0,1,3,0,192,0
5818,178413,0,0,6,0,0,0,0,0,0,0,0,0,4247,0,0,394,0,0,0,0,0,0,0,0,0,0,0,1,3,0,192,0
5819,178414,0,0,6,0,0,0,0,0,0,0,0,0,4270,0,0,397,0,0,0,0,0,0,0,0,0,0,0,1,3,0,192,0
5820,178415,0,0,6,0,0,0,0,0,0,0,0,0,4293,0,0,399,0,0,0,0,0,0,0,0,0,0,0,1,3,0,192,0
5821,178416,0,0,6,0,0,0,0,0,0,0,0,0,4317,0,0,401,0,0,0,0,0,0,0,0,0,0,0,1,3,0,192,0
5822,178417,0,0,6,0,0,0,0,0,0,0,0,0,4340,0,0,403,0,0,0,0,0,0,0,0,0,0,0,1,3,0,192,0
5823,178418,0,0,6,0,0,0,0,0,0,0,0,0,4363,0,0,405,0,0,0,0,0,0,0,0,0,0,0,1,3,0,192,0
5824,178419,0,0,6,0,0,0,0,0,0,0,0,0,4317,0,0,401,0,0,0,0,0,0,0,0,0,0,0,1,3,0,192,0
5825,178420,0,0,6,0,0,0,0,0,0,0,0,0,4340,0,0,403,0,0,0,0,0,0,0,0,0,0,0,1,3,0,192,0
5826,178421,0,0,6,0,0,0,0,0,0,0,0,0,4363,0,0,405,0,0,0,0,0,0,0,0,0,0,0,1,3,0,192,0
5827,178422,0,0,6,0,0,0,0,0,0,0,0,0,4387,0,0,407,0,0,0,0,0,0,0,0,0,0,0,1,3,0,192,0
5828,178423,0,0,6,0,0,0,0,0,0,0,0,0,4410,0,0,409,0,0,0,0,0,0,0,0,0,0,0,1,3,0,192,0
5829,178424,0,0,6,0,0,0,0,0,0,0,0,0,4433,0,0,412,0,0,0,0,0,0,0,0,0,0,0,1,3,0,192,0
5830,178425,0,0,6,0,0,0,0,0,0,0,0,0,4457,0,0,414,0,0,0,0,0,0,0,0,0,0,0,1,3,0,192,0
5831,178426,0,0,6,0,0,0,0,0,0,0,0,0,4480,0,0,416,0,0,0,0,0,0,0,0,0,0,0,1,3,0,192,0
5832,271100,0,0,1,0,0,0,0,0,0,0,0,0,0,0,1,0,0,0,0,0,0,0,0,0,0,1,0,1,3,1,8,0
5833,271101,0,0,1,0,0,0,0,0,0,0,0,0,0,0,3,0,0,0,0,0,0,0,0,0,0,1,0,1,3,1,8,0
5834,271102,0,0,1,0,0,0,0,0,0,0,0,0,0,0,4,0,0,0,0,0,0,0,0,0,0,1,0,1,3,1,8,0
5835,271103,0,0,1,0,0,0,0,0,0,0,0,0,0,0,6,0,0,0,0,0,0,0,0,0,0,1,0,1,3,1,8,0
5836,271104,0,0,1,0,0,0,0,0,0,0,0,0,0,0,7,0,0,0,0,0,0,0,0,0,0,1,0,1,3,1,8,0
5837,271105,0,0,1,0,0,0,0,0,0,0,0,0,0,0,9,0,0,0,0,0,0,0,0,0,0,1,0,1,3,1,8,0
5838,271106,0,0,1,0,0,0,0,0,0,0,0,0,0,0,10,0,0,0,0,0,0,0,0,0,0,1,0,1,3,1,8,0
5839,271107,0,0,1,0,0,0,0,0,0,0,0,0,0,0,12,0,0,0,0,0,0,0,0,0,0,1,0,1,3,1,8,0
5840,271108,0,0,1,0,0,0,0,0,0,0,0,0,0,0,13,0,0,0,0,0,0,0,0,0,0,1,0,1,3,1,8,0
5841,271109,0,0,1,0,0,0,0,0,0,0,0,0,0,0,15,0,0,0,0,0,0,0,0,0,0,1,0,1,3,1,8,0
5842,271110,0,0,1,0,0,0,0,0,0,0,0,0,0,0,16,0,0,0,0,0,0,0,0,0,0,1,0,1,3,1,8,0
5843,271111,0,0,1,0,0,0,0,0,0,0,0,0,0,0,13,0,0,0,0,0,0,0,0,0,0,1,0,1,3,1,8,0
5844,271112,0,0,1,0,0,0,0,0,0,0,0,0,0,0,15,0,0,0,0,0,0,0,0,0,0,1,0,1,3,1,8,0
5845,271113,0,0,1,0,0,0,0,0,0,0,0,0,0,0,16,0,0,0,0,0,0,0,0,0,0,1,0,1,3,1,8,0
5846,271114,0,0,1,0,0,0,0,0,0,0,0,0,0,0,18,0,0,0,0,0,0,0,0,0,0,1,0,1,3,1,8,0
5847,271115,0,0,1,0,0,0,0,0,0,0,0,0,0,0,19,0,0,0,0,0,0,0,0,0,0,1,0,1,3,1,8,0
5848,271116,0,0,1,0,0,0,0,0,0,0,0,0,0,0,20,0,0,0,0,0,0,0,0,0,0,1,0,1,3,1,8,0
5849,271117,0,0,1,0,0,0,0,0,0,0,0,0,0,0,22,0,0,0,0,0,0,0,0,0,0,1,0,1,3,1,8,0
5850,271118,0,0,1,0,0,0,0,0,0,0,0,0,0,0,23,0,0,0,0,0,0,0,0,0,0,1,0,1,3,1,8,0
5851,271119,0,0,1,0,0,0,0,0,0,0,0,0,0,0,25,0,0,0,0,0,0,0,0,0,0,1,0,1,3,1,8,0
5852,271120,0,0,1,0,0,0,0,0,0,0,0,0,0,0,26,0,0,0,0,0,0,0,0,0,0,1,0,1,3,1,8,0
5853,271121,0,0,1,0,0,0,0,0,0,0,0,0,0,0,28,0,0,0,0,0,0,0,0,0,0,1,0,1,3,1,8,0
5854,271122,0,0,1,0,0,0,0,0,0,0,0,0,0,0,25,0,0,0,0,0,0,0,0,0,0,1,0,1,3,1,8,0
5855,271123,0,0,1,0,0,0,0,0,0,0,0,0,0,0,26,0,0,0,0,0,0,0,0,0,0,1,0,1,3,1,8,0
5856,271124,0,0,1,0,0,0,0,0,0,0,0,0,0,0,28,0,0,0,0,0,0,0,0,0,0,1,0,1,3,1,8,0
5857,271125,0,0,1,0,0,0,0,0,0,0,0,0,0,0,29,0,0,0,0,0,0,0,0,0,0,1,0,1,3,1,8,0
5858,271126,0,0,1,0,0,0,0,0,0,0,0,0,0,0,31,0,0,0,0,0,0,0,0,0,0,1,0,1,3,1,8,0
5859,271127,0,0,1,0,0,0,0,0,0,0,0,0,0,0,32,0,0,0,0,0,0,0,0,0,0,1,0,1,3,1,8,0
5860,271128,0,0,1,0,0,0,0,0,0,0,0,0,0,0,34,0,0,0,0,0,0,0,0,0,0,1,0,1,3,1,8,0
5861,271129,0,0,1,0,0,0,0,0,0,0,0,0,0,0,35,0,0,0,0,0,0,0,0,0,0,1,0,1,3,1,8,0
5862,271130,0,0,1,0,0,0,0,0,0,0,0,0,0,0,37,0,0,0,0,0,0,0,0,0,0,1,0,1,3,1,8,0
5863,271131,0,0,1,0,0,0,0,0,0,0,0,0,0,0,38,0,0,0,0,0,0,0,0,0,0,1,0,1,3,1,8,0
5864,271132,0,0,1,0,0,0,0,0,0,0,0,0,0,0,39,0,0,0,0,0,0,0,0,0,0,1,0,1,3,1,8,0
5865,271133,0,0,2,0,0,0,0,0,0,0,0,0,0,0,37,0,0,0,0,0,0,0,0,0,0,1,0,1,3,1,8,0
5866,271134,0,0,2,0,0,0,0,0,0,0,0,0,0,0,38,0,0,0,0,0,0,0,0,0,0,1,0,1,3,1,8,0
5867,271135,0,0,2,0,0,0,0,0,0,0,0,0,0,0,39,0,0,0,0,0,0,0,0,0,0,1,0,1,3,1,8,0
5868,271136,0,0,2,0,0,0,0,0,0,0,0,0,0,0,41,0,0,0,0,0,0,0,0,0,0,1,0,1,3,1,8,0
5869,271137,0,0,2,0,0,0,0,0,0,0,0,0,0,0,42,0,0,0,0,0,0,0,0,0,0,1,0,1,3,1,8,0
5870,271138,0,0,2,0,0,0,0,0,0,0,0,0,0,0,44,0,0,0,0,0,0,0,0,0,0,1,0,1,3,1,8,0
5871,271139,0,0,2,0,0,0,0,0,0,0,0,0,0,0,45,0,0,0,0,0,0,0,0,0,0,1,0,1,3,1,8,0
5872,271140,0,0,2,0,0,0,0,0,0,0,0,0,0,0,47,0,0,0,0,0,0,0,0,0,0,1,0,1,3,1,8,0
5873,271141,0,0,2,0,0,0,0,0,0,0,0,0,0,0,48,0,0,0,0,0,0,0,0,0,0,1,0,1,3,1,8,0
5874,271142,0,0,2,0,0,0,0,0,0,0,0,0,0,0,50,0,0,0,0,0,0,0,0,0,0,1,0,1,3,1,8,0
5875,271143,0,0,2,0,0,0,0,0,0,0,0,0,0,0,51,0,0,0,0,0,0,0,0,0,0,1,0,1,3,1,8,0
5876,271144,0,0,2,0,0,0,0,0,0,0,0,0,0,0,48,0,0,0,0,0,0,0,0,0,0,1,0,1,3,1,8,0
5877,271145,0,0,2,0,0,0,0,0,0,0,0,0,0,0,50,0,0,0,0,0,0,0,0,0,0,1,0,1,3,1,8,0
5878,271146,0,0,2,0,0,0,0,0,0,0,0,0,0,0,51,0,0,0,0,0,0,0,0,0,0,1,0,1,3,1,8,0
5879,271147,0,0,2,0,0,0,0,0,0,0,0,0,0,0,53,0,0,0,0,0,0,0,0,0,0,1,0,1,3,1,8,0
5880,271148,0,0,2,0,0,0,0,0,0,0,0,0,0,0,54,0,0,0,0,0,0,0,0,0,0,1,0,1,3,1,8,0
5881,271149,0,0,2,0,0,0,0,0,0,0,0,0,0,0,56,0,0,0,0,0,0,0,0,0,0,1,0,1,3,1,8,0
5882,271150,0,0,2,0,0,0,0,0,0,0,0,0,0,0,57,0,0,0,0,0,0,0,0,0,0,1,0,1,3,1,8,0
5883,271151,0,0,2,0,0,0,0,0,0,0,0,0,0,0,59,0,0,0,0,0,0,0,0,0,0,1,0,1,3,1,8,0
5884,271152,0,0,2,0,0,0,0,0,0,0,0,0,0,0,60,0,0,0,0,0,0,0,0,0,0,1,0,1,3,1,8,0
5885,271153,0,0,2,0,0,0,0,0,0,0,0,0,0,0,61,0,0,0,0,0,0,0,0,0,0,1,0,1,3,1,8,0
5886,271154,0,0,2,0,0,0,0,0,0,0,0,0,0,0,63,0,0,0,0,0,0,0,0,0,0,1,0,1,3,1,8,0
5887,271155,0,0,2,0,0,0,0,0,0,0,0,0,0,0,60,0,0,0,0,0,0,0,0,0,0,1,0,1,3,1,8,0
5888,271156,0,0,2,0,0,0,0,0,0,0,0,0,0,0,61,0,0,0,0,0,0,0,0,0,0,1,0,1,3,1,8,0
5889,271157,0,0,2,0,0,0,0,0,0,0,0,0,0,0,63,0,0,0,0,0,0,0,0,0,0,1,0,1,3,1,8,0
5890,271158,0,0,2,0,0,0,0,0,0,0,0,0,0,0,64,0,0,0,0,0,0,0,0,0,0,1,0,1,3,1,8,0
5891,271159,0,0,2,0,0,0,0,0,0,0,0,0,0,0,66,0,0,0,0,0,0,0,0,0,0,1,0,1,3,1,8,0
5892,271160,0,0,2,0,0,0,0,0,0,0,0,0,0,0,67,0,0,0,0,0,0,0,0,0,0,1,0,1,3,1,8,0
5893,271161,0,0,2,0,0,0,0,0,0,0,0,0,0,0,69,0,0,0,0,0,0,0,0,0,0,1,0,1,3,1,8,0
5894,271162,0,0,2,0,0,0,0,0,0,0,0,0,0,0,70,0,0,0,0,0,0,0,0,0,0,1,0,1,3,1,8,0
5895,271163,0,0,2,0,0,0,0,0,0,0,0,0,0,0,72,0,0,0,0,0,0,0,0,0,0,1,0,1,3,1,8,0
5896,271164,0,0,2,0,0,0,0,0,0,0,0,0,0,0,73,0,0,0,0,0,0,0,0,0,0,1,0,1,3,1,8,0
5897,271165,0,0,2,0,0,0,0,0,0,0,0,0,0,0,75,0,0,0,0,0,0,0,0,0,0,1,0,1,3,1,8,0
5898,271166,0,0,3,0,0,0,0,0,0,0,0,0,0,0,72,0,0,0,0,0,0,0,0,0,0,1,0,1,3,1,8,0
5899,271167,0,0,3,0,0,0,0,0,0,0,0,0,0,0,73,0,0,0,0,0,0,0,0,0,0,1,0,1,3,1,8,0
5900,271168,0,0,3,0,0,0,0,0,0,0,0,0,0,0,75,0,0,0,0,0,0,0,0,0,0,1,0,1,3,1,8,0
5901,271169,0,0,3,0,0,0,0,0,0,0,0,0,0,0,76,0,0,0,0,0,0,0,0,0,0,1,0,1,3,1,8,0
5902,271170,0,0,3,0,0,0,0,0,0,0,0,0,0,0,78,0,0,0,0,0,0,0,0,0,0,1,0,1,3,1,8,0
5903,271171,0,0,3,0,0,0,0,0,0,0,0,0,0,0,79,0,0,0,0,0,0,0,0,0,0,1,0,1,3,1,8,0
5904,271172,0,0,3,0,0,0,0,0,0,0,0,0,0,0,80,0,0,0,0,0,0,0,0,0,0,1,0,1,3,1,8,0
5905,271173,0,0,3,0,0,0,0,0,0,0,0,0,0,0,82,0,0,0,0,0,0,0,0,0,0,1,0,1,3,1,8,0
5906,271174,0,0,3,0,0,0,0,0,0,0,0,0,0,0,83,0,0,0,0,0,0,0,0,0,0,1,0,1,3,1,8,0
5907,271175,0,0,3,0,0,0,0,0,0,0,0,0,0,0,85,0,0,0,0,0,0,0,0,0,0,1,0,1,3,1,8,0
5908,271176,0,0,3,0,0,0,0,0,0,0,0,0,0,0,86,0,0,0,0,0,0,0,0,0,0,1,0,1,3,1,8,0
5909,271177,0,0,3,0,0,0,0,0,0,0,0,0,0,0,83,0,0,0,0,0,0,0,0,0,0,1,0,1,3,1,8,0
5910,271178,0,0,3,0,0,0,0,0,0,0,0,0,0,0,85,0,0,0,0,0,0,0,0,0,0,1,0,1,3,1,8,0
5911,271179,0,0,3,0,0,0,0,0,0,0,0,0,0,0,86,0,0,0,0,0,0,0,0,0,0,1,0,1,3,1,8,0
5912,271180,0,0,3,0,0,0,0,0,0,0,0,0,0,0,88,0,0,0,0,0,0,0,0,0,0,1,0,1,3,1,8,0
5913,271181,0,0,3,0,0,0,0,0,0,0,0,0,0,0,90,0,0,0,0,0,0,0,0,0,0,1,0,1,3,1,8,0
5914,271182,0,0,3,0,0,0,0,0,0,0,0,0,0,0,92,0,0,0,0,0,0,0,0,0,0,1,0,1,3,1,8,0
5915,271183,0,0,3,0,0,0,0,0,0,0,0,0,0,0,94,0,0,0,0,0,0,0,0,0,0,1,0,1,3,1,8,0
5916,271184,0,0,3,0,0,0,0,0,0,0,0,0,0,0,96,0,0,0,0,0,0,0,0,0,0,1,0,1,3,1,8,0
5917,271185,0,0,3,0,0,0,0,0,0,0,0,0,0,0,98,0,0,0,0,0,0,0,0,0,0,1,0,1,3,1,8,0
5918,271186,0,0,3,0,0,0,0,0,0,0,0,0,0,0,99,0,0,0,0,0,0,0,0,0,0,1,0,1,3,1,8,0
5919,271187,0,0,3,0,0,0,0,0,0,0,0,0,0,0,101,0,0,0,0,0,0,0,0,0,0,1,0,1,3,1,8,0
5920,271188,0,0,3,0,0,0,0,0,0,0,0,0,0,0,98,0,0,0,0,0,0,0,0,0,0,1,0,1,3,1,8,0
5921,271189,0,0,3,0,0,0,0,0,0,0,0,0,0,0,99,0,0,0,0,0,0,0,0,0,0,1,0,1,3,1,8,0
5922,271190,0,0,3,0,0,0,0,0,0,0,0,0,0,0,101,0,0,0,0,0,0,0,0,0,0,1,0,1,3,1,8,0
5923,271191,0,0,3,0,0,0,0,0,0,0,0,0,0,0,103,0,0,0,0,0,0,0,0,0,0,1,0,1,3,1,8,0
5924,271192,0,0,3,0,0,0,0,0,0,0,0,0,0,0,105,0,0,0,0,0,0,0,0,0,0,1,0,1,3,1,8,0
5925,271193,0,0,3,0,0,0,0,0,0,0,0,0,0,0,107,0,0,0,0,0,0,0,0,0,0,1,0,1,3,1,8,0
5926,271194,0,0,3,0,0,0,0,0,0,0,0,0,0,0,109,0,0,0,0,0,0,0,0,0,0,1,0,1,3,1,8,0
5927,271195,0,0,3,0,0,0,0,0,0,0,0,0,0,0,111,0,0,0,0,0,0,0,0,0,0,1,0,1,3,1,8,0
5928,271196,0,0,3,0,0,0,0,0,0,0,0,0,0,0,113,0,0,0,0,0,0,0,0,0,0,1,0,1,3,1,8,0
5929,271197,0,0,3,0,0,0,0,0,0,0,0,0,0,0,115,0,0,0,0,0,0,0,0,0,0,1,0,1,3,1,8,0
5930,271198,0,0,3,0,0,0,0,0,0,0,0,0,0,0,117,0,0,0,0,0,0,0,0,0,0,1,0,1,3,1,8,0
5931,271199,0,0,4,0,0,0,0,0,0,0,0,0,0,0,113,0,0,0,0,0,0,0,0,0,0,1,0,1,3,1,8,0
5932,271200,0,0,4,0,0,0,0,0,0,0,0,0,0,0,115,0,0,0,0,0,0,0,0,0,0,1,0,1,3,1,8,0
5933,271201,0,0,4,0,0,0,0,0,0,0,0,0,0,0,117,0,0,0,0,0,0,0,0,0,0,1,0,1,3,1,8,0
5934,271202,0,0,4,0,0,0,0,0,0,0,0,0,0,0,119,0,0,0,0,0,0,0,0,0,0,1,0,1,3,1,8,0
5935,271203,0,0,4,0,0,0,0,0,0,0,0,0,0,0,121,0,0,0,0,0,0,0,0,0,0,1,0,1,3,1,8,0
5936,271204,0,0,4,0,0,0,0,0,0,0,0,0,0,0,123,0,0,0,0,0,0,0,0,0,0,1,0,1,3,1,8,0
5937,271205,0,0,4,0,0,0,0,0,0,0,0,0,0,0,125,0,0,0,0,0,0,0,0,0,0,1,0,1,3,1,8,0
5938,271206,0,0,4,0,0,0,0,0,0,0,0,0,0,0,127,0,0,0,0,0,0,0,0,0,0,1,0,1,3,1,8,0
5939,271207,0,0,4,0,0,0,0,0,0,0,0,0,0,0,129,0,0,0,0,0,0,0,0,0,0,1,0,1,3,1,8,0
5940,271208,0,0,4,0,0,0,0,0,0,0,0,0,0,0,131,0,0,0,0,0,0,0,0,0,0,1,0,1,3,1,8,0
5941,271209,0,0,4,0,0,0,0,0,0,0,0,0,0,0,133,0,0,0,0,0,0,0,0,0,0,1,0,1,3,1,8,0
5942,271210,0,0,4,0,0,0,0,0,0,0,0,0,0,0,129,0,0,0,0,0,0,0,0,0,0,1,0,1,3,1,8,0
5943,271211,0,0,4,0,0,0,0,0,0,0,0,0,0,0,131,0,0,0,0,0,0,0,0,0,0,1,0,1,3,1,8,0
5944,271212,0,0,4,0,0,0,0,0,0,0,0,0,0,0,133,0,0,0,0,0,0,0,0,0,0,1,0,1,3,1,8,0
5945,271213,0,0,4,0,0,0,0,0,0,0,0,0,0,0,135,0,0,0,0,0,0,0,0,0,0,1,0,1,3,1,8,0
5946,271214,0,0,4,0,0,0,0,0,0,0,0,0,0,0,137,0,0,0,0,0,0,0,0,0,0,1,0,1,3,1,8,0
5947,271215,0,0,4,0,0,0,0,0,0,0,0,0,0,0,138,0,0,0,0,0,0,0,0,0,0,1,0,1,3,1,8,0
5948,271216,0,0,4,0,0,0,0,0,0,0,0,0,0,0,140,0,0,0,0,0,0,0,0,0,0,1,0,1,3,1,8,0
5949,271217,0,0,4,0,0,0,0,0,0,0,0,0,0,0,142,0,0,0,0,0,0,0,0,0,0,1,0,1,3,1,8,0
5950,271218,0,0,4,0,0,0,0,0,0,0,0,0,0,0,144,0,0,0,0,0,0,0,0,0,0,1,0,1,3,1,8,0
5951,271219,0,0,4,0,0,0,0,0,0,0,0,0,0,0,146,0,0,0,0,0,0,0,0,0,0,1,0,1,3,1,8,0
5952,271220,0,0,4,0,0,0,0,0,0,0,0,0,0,0,148,0,0,0,0,0,0,0,0,0,0,1,0,1,3,1,8,0
5953,271221,0,0,4,0,0,0,0,0,0,0,0,0,0,0,144,0,0,0,0,0,0,0,0,0,0,1,0,1,3,1,8,0
5954,271222,0,0,4,0,0,0,0,0,0,0,0,0,0,0,146,0,0,0,0,0,0,0,0,0,0,1,0,1,3,1,8,0
5955,271223,0,0,4,0,0,0,0,0,0,0,0,0,0,0,148,0,0,0,0,0,0,0,0,0,0,1,0,1,3,1,8,0
5956,271224,0,0,4,0,0,0,0,0,0,0,0,0,0,0,150,0,0,0,0,0,0,0,0,0,0,1,0,1,3,1,8,0
5957,271225,0,0,4,0,0,0,0,0,0,0,0,0,0,0,152,0,0,0,0,0,0,0,0,0,0,1,0,1,3,1,8,0
5958,271226,0,0,4,0,0,0,0,0,0,0,0,0,0,0,154,0,0,0,0,0,0,0,0,0,0,1,0,1,3,1,8,0
5959,271227,0,0,4,0,0,0,0,0,0,0,0,0,0,0,156,0,0,0,0,0,0,0,0,0,0,1,0,1,3,1,8,0
5960,271228,0,0,4,0,0,0,0,0,0,0,0,0,0,0,158,0,0,0,0,0,0,0,0,0,0,1,0,1,3,1,8,0
5961,271229,0,0,4,0,0,0,0,0,0,0,0,0,0,0,160,0,0,0,0,0,0,0,0,0,0,1,0,1,3,1,8,0
5962,271230,0,0,4,0,0,0,0,0,0,0,0,0,0,0,162,0,0,0,0,0,0,0,0,0,0,1,0,1,3,1,8,0
5963,271231,0,0,4,0,0,0,0,0,0,0,0,0,0,0,164,0,0,0,0,0,0,0,0,0,0,1,0,1,3,1,8,0
5964,271232,0,0,5,0,0,0,0,0,0,0,0,0,0,0,160,0,0,0,0,0,0,0,0,0,0,1,0,1,3,1,8,0
5965,271233,0,0,5,0,0,0,0,0,0,0,0,0,0,0,162,0,0,0,0,0,0,0,0,0,0,1,0,1,3,1,8,0
5966,271234,0,0,5,0,0,0,0,0,0,0,0,0,0,0,164,0,0,0,0,0,0,0,0,0,0,1,0,1,3,1,8,0
5967,271235,0,0,5,0,0,0,0,0,0,0,0,0,0,0,166,0,0,0,0,0,0,0,0,0,0,1,0,1,3,1,8,0
5968,271236,0,0,5,0,0,0,0,0,0,0,0,0,0,0,168,0,0,0,0,0,0,0,0,0,0,1,0,1,3,1,8,0
5969,271237,0,0,5,0,0,0,0,0,0,0,0,0,0,0,170,0,0,0,0,0,0,0,0,0,0,1,0,1,3,1,8,0
5970,271238,0,0,5,0,0,0,0,0,0,0,0,0,0,0,172,0,0,0,0,0,0,0,0,0,0,1,0,1,3,1,8,0
5971,271239,0,0,5,0,0,0,0,0,0,0,0,0,0,0,174,0,0,0,0,0,0,0,0,0,0,1,0,1,3,1,8,0
5972,271240,0,0,5,0,0,0,0,0,0,0,0,0,0,0,176,0,0,0,0,0,0,0,0,0,0,1,0,1,3,1,8,0
5973,271241,0,0,5,0,0,0,0,0,0,0,0,0,0,0,177,0,0,0,0,0,0,0,0,0,0,1,0,1,3,1,8,0
5974,271242,0,0,5,0,0,0,0,0,0,0,0,0,0,0,179,0,0,0,0,0,0,0,0,0,0,1,0,1,3,1,8,0
5975,271243,0,0,5,0,0,0,0,0,0,0,0,0,0,0,176,0,0,0,0,0,0,0,0,0,0,1,0,1,3,1,8,0
5976,271244,0,0,5,0,0,0,0,0,0,0,0,0,0,0,177,0,0,0,0,0,0,0,0,0,0,1,0,1,3,1,8,0
5977,271245,0,0,5,0,0,0,0,0,0,0,0,0,0,0,179,0,0,0,0,0,0,0,0,0,0,1,0,1,3,1,8,0
5978,271246,0,0,5,0,0,0,0,0,0,0,0,0,0,0,181,0,0,0,0,0,0,0,0,0,0,1,0,1,3,1,8,0
5979,271247,0,0,5,0,0,0,0,0,0,0,0,0,0,0,183,0,0,0,0,0,0,0,0,0,0,1,0,1,3,1,8,0
5980,271248,0,0,5,0,0,0,0,0,0,0,0,0,0,0,185,0,0,0,0,0,0,0,0,0,0,1,0,1,3,1,8,0
5981,271249,0,0,5,0,0,0,0,0,0,0,0,0,0,0,187,0,0,0,0,0,0,0,0,0,0,1,0,1,3,1,8,0
5982,271250,0,0,5,0,0,0,0,0,0,0,0,0,0,0,189,0,0,0,0,0,0,0,0,0,0,1,0,1,3,1,8,0
5983,271251,0,0,5,0,0,0,0,0,0,0,0,0,0,0,191,0,0,0,0,0,0,0,0,0,0,1,0,1,3,1,8,0
5984,271252,0,0,5,0,0,0,0,0,0,0,0,0,0,0,193,0,0,0,0,0,0,0,0,0,0,1,0,1,3,1,8,0
5985,271253,0,0,5,0,0,0,0,0,0,0,0,0,0,0,195,0,0,0,0,0,0,0,0,0,0,1,0,1,3,1,8,0
5986,271254,0,0,5,0,0,0,0,0,0,0,0,0,0,0,191,0,0,0,0,0,0,0,0,0,0,1,0,1,3,1,8,0
5987,271255,0,0,5,0,0,0,0,0,0,0,0,0,0,0,193,0,0,0,0,0,0,0,0,0,0,1,0,1,3,1,8,0
5988,271256,0,0,5,0,0,0,0,0,0,0,0,0,0,0,195,0,0,0,0,0,0,0,0,0,0,1,0,1,3,1,8,0
5989,271257,0,0,5,0,0,0,0,0,0,0,0,0,0,0,197,0,0,0,0,0,0,0,0,0,0,1,0,1,3,1,8,0
5990,271258,0,0,5,0,0,0,0,0,0,0,0,0,0,0,199,0,0,0,0,0,0,0,0,0,0,1,0,1,3,1,8,0
5991,271259,0,0,5,0,0,0,0,0,0,0,0,0,0,0,201,0,0,0,0,0,0,0,0,0,0,1,0,1,3,1,8,0
5992,271260,0,0,5,0,0,0,0,0,0,0,0,0,0,0,203,0,0,0,0,0,0,0,0,0,0,1,0,1,3,1,8,0
5993,271261,0,0,5,0,0,0,0,0,0,0,0,0,0,0,205,0,0,0,0,0,0,0,0,0,0,1,0,1,3,1,8,0
5994,271262,0,0,5,0,0,0,0,0,0,0,0,0,0,0,207,0,0,0,0,0,0,0,0,0,0,1,0,1,3,1,8,0
5995,271263,0,0,5,0,0,0,0,0,0,0,0,0,0,0,209,0,0,0,0,0,0,0,0,0,0,1,0,1,3,1,8,0
5996,271264,0,0,5,0,0,0,0,0,0,0,0,0,0,0,211,0,0,0,0,0,0,0,0,0,0,1,0,1,3,1,8,0
5997,271265,0,0,5,0,0,0,0,0,0,0,0,0,0,0,207,0,0,0,0,0,0,0,0,0,0,1,0,1,3,1,8,0
5998,271266,0,0,5,0,0,0,0,0,0,0,0,0,0,0,209,0,0,0,0,0,0,0,0,0,0,1,0,1,3,1,8,0
5999,271267,0,0,5,0,0,0,0,0,0,0,0,0,0,0,211,0,0,0,0,0,0,0,0,0,0,1,0,1,3,1,8,0
6000,271268,0,0,5,0,0,0,0,0,0,0,0,0,0,0,213,0,0,0,0,0,0,0,0,0,0,1,0,1,3,1,8,0
6001,271269,0,0,5,0,0,0,0,0,0,0,0,0,0,0,215,0,0,0,0,0,0,0,0,0,0,1,0,1,3,1,8,0
6002,271270,0,0,5,0,0,0,0,0,0,0,0,0,0,0,216,0,0,0,0,0,0,0,0,0,0,1,0,1,3,1,8,0
6003,271271,0,0,5,0,0,0,0,0,0,0,0,0,0,0,218,0,0,0,0,0,0,0,0,0,0,1,0,1,3,1,8,0
6004,271272,0,0,5,0,0,0,0,0,0,0,0,0,0,0,220,0,0,0,0,0,0,0,0,0,0,1,0,1,3,1,8,0
6005,271273,0,0,5,0,0,0,0,0,0,0,0,0,0,0,222,0,0,0,0,0,0,0,0,0,0,1,0,1,3,1,8,0
6006,271274,0,0,5,0,0,0,0,0,0,0,0,0,0,0,224,0,0,0,0,0,0,0,0,0,0,1,0,1,3,1,8,0
6007,271275,0,0,5,0,0,0,0,0,0,0,0,0,0,0,226,0,0,0,0,0,0,0,0,0,0,1,0,1,3,1,8,0
6008,271276,0,0,5,0,0,0,0,0,0,0,0,0,0,0,222,0,0,0,0,0,0,0,0,0,0,1,0,1,3,1,8,0
6009,271277,0,0,5,0,0,0,0,0,0,0,0,0,0,0,224,0,0,0,0,0,0,0,0,0,0,1,0,1,3,1,8,0
6010,271278,0,0,5,0,0,0,0,0,0,0,0,0,0,0,226,0,0,0,0,0,0,0,0,0,0,1,0,1,3,1,8,0
6011,271279,0,0,5,0,0,0,0,0,0,0,0,0,0,0,228,0,0,0,0,0,0,0,0,0,0,1,0,1,3,1,8,0
6012,271280,0,0,5,0,0,0,0,0,0,0,0,0,0,0,230,0,0,0,0,0,0,0,0,0,0,1,0,1,3,1,8,0
6013,271281,0,0,5,0,0,0,0,0,0,0,0,0,0,0,232,0,0,0,0,0,0,0,0,0,0,1,0,1,3,1,8,0
6014,271282,0,0,5,0,0,0,0,0,0,0,0,0,0,0,234,0,0,0,0,0,0,0,0,0,0,1,0,1,3,1,8,0
6015,271283,0,0,5,0,0,0,0,0,0,0,0,0,0,0,236,0,0,0,0,0,0,0,0,0,0,1,0,1,3,1,8,0
6016,271284,0,0,5,0,0,0,0,0,0,0,0,0,0,0,238,0,0,0,0,0,0,0,0,0,0,1,0,1,3,1,8,0
6017,271285,0,0,5,0,0,0,0,0,0,0,0,0,0,0,240,0,0,0,0,0,0,0,0,0,0,1,0,1,3,1,8,0
6018,271286,0,0,5,0,0,0,0,0,0,0,0,0,0,0,242,0,0,0,0,0,0,0,0,0,0,1,0,1,3,1,8,0
6019,271287,0,0,5,0,0,0,0,0,0,0,0,0,0,0,238,0,0,0,0,0,0,0,0,0,0,1,0,1,3,1,8,0
6020,271288,0,0,5,0,0,0,0,0,0,0,0,0,0,0,240,0,0,0,0,0,0,0,0,0,0,1,0,1,3,1,8,0
6021,271289,0,0,5,0,0,0,0,0,0,0,0,0,0,0,242,0,0,0,0,0,0,0,0,0,0,1,0,1,3,1,8,0
6022,271290,0,0,5,0,0,0,0,0,0,0,0,0,0,0,244,0,0,0,0,0,0,0,0,0,0,1,0,1,3,1,8,0
6023,271291,0,0,5,0,0,0,0,0,0,0,0,0,0,0,246,0,0,0,0,0,0,0,0,0,0,1,0,1,3,1,8,0
6024,271292,0,0,5,0,0,0,0,0,0,0,0,0,0,0,248,0,0,0,0,0,0,0,0,0,0,1,0,1,3,1,8,0
6025,271293,0,0,5,0,0,0,0,0,0,0,0,0,0,0,250,0,0,0,0,0,0,0,0,0,0,1,0,1,3,1,8,0
6026,271294,0,0,5,0,0,0,0,0,0,0,0,0,0,0,252,0,0,0,0,0,0,0,0,0,0,1,0,1,3,1,8,0
6027,271295,0,0,5,0,0,0,0,0,0,0,0,0,0,0,254,0,0,0,0,0,0,0,0,0,0,1,0,1,3,1,8,0
6028,271296,0,0,5,0,0,0,0,0,0,0,0,0,0,0,255,0,0,0,0,0,0,0,0,0,0,1,0,1,3,1,8,0
6029,271297,0,0,5,0,0,0,0,0,0,0,0,0,0,0,257,0,0,0,0,0,0,0,0,0,0,1,0,1,3,1,8,0
6030,271298,0,0,5,0,0,0,0,0,0,0,0,0,0,0,254,0,0,0,0,0,0,0,0,0,0,1,0,1,3,1,8,0
6031,271299,0,0,5,0,0,0,0,0,0,0,0,0,0,0,255,0,0,0,0,0,0,0,0,0,0,1,0,1,3,1,8,0
6032,271300,0,0,5,0,0,0,0,0,0,0,0,0,0,0,257,0,0,0,0,0,0,0,0,0,0,1,0,1,3,1,8,0
6033,271301,0,0,5,0,0,0,0,0,0,0,0,0,0,0,259,0,0,0,0,0,0,0,0,0,0,1,0,1,3,1,8,0
6034,271302,0,0,5,0,0,0,0,0,0,0,0,0,0,0,261,0,0,0,0,0,0,0,0,0,0,1,0,1,3,1,8,0
6035,271303,0,0,5,0,0,0,0,0,0,0,0,0,0,0,263,0,0,0,0,0,0,0,0,0,0,1,0,1,3,1,8,0
6036,271304,0,0,5,0,0,0,0,0,0,0,0,0,0,0,265,0,0,0,0,0,0,0,0,0,0,1,0,1,3,1,8,0
6037,271305,0,0,5,0,0,0,0,0,0,0,0,0,0,0,267,0,0,0,0,0,0,0,0,0,0,1,0,1,3,1,8,0
6038,271306,0,0,5,0,0,0,0,0,0,0,0,0,0,0,269,0,0,0,0,0,0,0,0,0,0,1,0,1,3,1,8,0
6039,271307,0,0,5,0,0,0,0,0,0,0,0,0,0,0,271,0,0,0,0,0,0,0,0,0,0,1,0,1,3,1,8,0
6040,271308,0,0,5,0,0,0,0,0,0,0,0,0,0,0,273,0,0,0,0,0,0,0,0,0,0,1,0,1,3,1,8,0
6041,271309,0,0,5,0,0,0,0,0,0,0,0,0,0,0,269,0,0,0,0,0,0,0,0,0,0,1,0,1,3,1,8,0
6042,271310,0,0,5,0,0,0,0,0,0,0,0,0,0,0,271,0,0,0,0,0,0,0,0,0,0,1,0,1,3,1,8,0
6043,271311,0,0,5,0,0,0,0,0,0,0,0,0,0,0,273,0,0,0,0,0,0,0,0,0,0,1,0,1,3,1,8,0
6044,271312,0,0,5,0,0,0,0,0,0,0,0,0,0,0,275,0,0,0,0,0,0,0,0,0,0,1,0,1,3,1,8,0
6045,271313,0,0,5,0,0,0,0,0,0,0,0,0,0,0,277,0,0,0,0,0,0,0,0,0,0,1,0,1,3,1,8,0
6046,271314,0,0,5,0,0,0,0,0,0,0,0,0,0,0,279,0,0,0,0,0,0,0,0,0,0,1,0,1,3,1,8,0
6047,271315,0,0,5,0,0,0,0,0,0,0,0,0,0,0,281,0,0,0,0,0,0,0,0,0,0,1,0,1,3,1,8,0
6048,271316,0,0,5,0,0,0,0,0,0,0,0,0,0,0,283,0,0,0,0,0,0,0,0,0,0,1,0,1,3,1,8,0
6049,271317,0,0,5,0,0,0,0,0,0,0,0,0,0,0,285,0,0,0,0,0,0,0,0,0,0,1,0,1,3,1,8,0
6050,271318,0,0,5,0,0,0,0,0,0,0,0,0,0,0,287,0,0,0,0,0,0,0,0,0,0,1,0,1,3,1,8,0
6051,271319,0,0,5,0,0,0,0,0,0,0,0,0,0,0,289,0,0,0,0,0,0,0,0,0,0,1,0,1,3,1,8,0
6052,271320,0,0,5,0,0,0,0,0,0,0,0,0,0,0,285,0,0,0,0,0,0,0,0,0,0,1,0,1,3,1,8,0
6053,271321,0,0,5,0,0,0,0,0,0,0,0,0,0,0,287,0,0,0,0,0,0,0,0,0,0,1,0,1,3,1,8,0
6054,271322,0,0,5,0,0,0,0,0,0,0,0,0,0,0,289,0,0,0,0,0,0,0,0,0,0,1,0,1,3,1,8,0
6055,271323,0,0,5,0,0,0,0,0,0,0,0,0,0,0,291,0,0,0,0,0,0,0,0,0,0,1,0,1,3,1,8,0
6056,271324,0,0,5,0,0,0,0,0,0,0,0,0,0,0,293,0,0,0,0,0,0,0,0,0,0,1,0,1,3,1,8,0
6057,271325,0,0,5,0,0,0,0,0,0,0,0,0,0,0,294,0,0,0,0,0,0,0,0,0,0,1,0,1,3,1,8,0
6058,271326,0,0,5,0,0,0,0,0,0,0,0,0,0,0,296,0,0,0,0,0,0,0,0,0,0,1,0,1,3,1,8,0
6059,271327,0,0,5,0,0,0,0,0,0,0,0,0,0,0,298,0,0,0,0,0,0,0,0,0,0,1,0,1,3,1,8,0
6060,271328,0,0,5,0,0,0,0,0,0,0,0,0,0,0,300,0,0,0,0,0,0,0,0,0,0,1,0,1,3,1,8,0
6061,271329,0,0,5,0,0,0,0,0,0,0,0,0,0,0,302,0,0,0,0,0,0,0,0,0,0,1,0,1,3,1,8,0
6062,271330,0,0,5,0,0,0,0,0,0,0,0,0,0,0,304,0,0,0,0,0,0,0,0,0,0,1,0,1,3,1,8,0
6063,271331,0,0,5,0,0,0,0,0,0,0,0,0,0,0,300,0,0,0,0,0,0,0,0,0,0,1,0,1,3,1,8,0
6064,271332,0,0,5,0,0,0,0,0,0,0,0,0,0,0,302,0,0,0,0,0,0,0,0,0,0,1,0,1,3,1,8,0
6065,271333,0,0,5,0,0,0,0,0,0,0,0,0,0,0,304,0,0,0,0,0,0,0,0,0,0,1,0,1,3,1,8,0
6066,271334,0,0,5,0,0,0,0,0,0,0,0,0,0,0,306,0,0,0,0,0,0,0,0,0,0,1,0,1,3,1,8,0
6067,271335,0,0,5,0,0,0,0,0,0,0,0,0,0,0,308,0,0,0,0,0,0,0,0,0,0,1,0,1,3,1,8,0
6068,271336,0,0,5,0,0,0,0,0,0,0,0,0,0,0,310,0,0,0,0,0,0,0,0,0,0,1,0,1,3,1,8,0
6069,271337,0,0,5,0,0,0,0,0,0,0,0,0,0,0,312,0,0,0,0,0,0,0,0,0,0,1,0,1,3,1,8,0
6070,271338,0,0,5,0,0,0,0,0,0,0,0,0,0,0,314,0,0,0,0,0,0,0,0,0,0,1,0,1,3,1,8,0
6071,271339,0,0,5,0,0,0,0,0,0,0,0,0,0,0,316,0,0,0,0,0,0,0,0,0,0,1,0,1,3,1,8,0
6072,271340,0,0,5,0,0,0,0,0,0,0,0,0,0,0,318,0,0,0,0,0,0,0,0,0,0,1,0,1,3,1,8,0
6073,271341,0,0,5,0,0,0,0,0,0,0,0,0,0,0,320,0,0,0,0,0,0,0,0,0,0,1,0,1,3,1,8,0
6074,271342,0,0,5,0,0,0,0,0,0,0,0,0,0,0,316,0,0,0,0,0,0,0,0,0,0,1,0,1,3,1,8,0
6075,271343,0,0,5,0,0,0,0,0,0,0,0,0,0,0,318,0,0,0,0,0,0,0,0,0,0,1,0,1,3,1,8,0
6076,271344,0,0,5,0,0,0,0,0,0,0,0,0,0,0,320,0,0,0,0,0,0,0,0,0,0,1,0,1,3,1,8,0
6077,271345,0,0,5,0,0,0,0,0,0,0,0,0,0,0,322,0,0,0,0,0,0,0,0,0,0,1,0,1,3,1,8,0
6078,271346,0,0,5,0,0,0,0,0,0,0,0,0,0,0,324,0,0,0,0,0,0,0,0,0,0,1,0,1,3,1,8,0
6079,271347,0,0,5,0,0,0,0,0,0,0,0,0,0,0,327,0,0,0,0,0,0,0,0,0,0,1,0,1,3,1,8,0
6080,271348,0,0,5,0,0,0,0,0,0,0,0,0,0,0,329,0,0,0,0,0,0,0,0,0,0,1,0,1,3,1,8,0
6081,271349,0,0,5,0,0,0,0,0,0,0,0,0,0,0,332,0,0,0,0,0,0,0,0,0,0,1,0,1,3,1,8,0
6082,271350,0,0,5,0,0,0,0,0,0,0,0,0,0,0,334,0,0,0,0,0,0,0,0,0,0,1,0,1,3,1,8,0
6083,271351,0,0,5,0,0,0,0,0,0,0,0,0,0,0,336,0,0,0,0,0,0,0,0,0,0,1,0,1,3,1,8,0
6084,271352,0,0,5,0,0,0,0,0,0,0,0,0,0,0,339,0,0,0,0,0,0,0,0,0,0,1,0,1,3,1,8,0
6085,271353,0,0,5,0,0,0,0,0,0,0,0,0,0,0,334,0,0,0,0,0,0,0,0,0,0,1,0,1,3,1,8,0
6086,271354,0,0,5,0,0,0,0,0,0,0,0,0,0,0,336,0,0,0,0,0,0,0,0,0,0,1,0,1,3,1,8,0
6087,271355,0,0,5,0,0,0,0,0,0,0,0,0,0,0,339,0,0,0,0,0,0,0,0,0,0,1,0,1,3,1,8,0
6088,271356,0,0,5,0,0,0,0,0,0,0,0,0,0,0,341,0,0,0,0,0,0,0,0,0,0,1,0,1,3,1,8,0
6089,271357,0,0,5,0,0,0,0,0,0,0,0,0,0,0,344,0,0,0,0,0,0,0,0,0,0,1,0,1,3,1,8,0
6090,271358,0,0,5,0,0,0,0,0,0,0,0,0,0,0,346,0,0,0,0,0,0,0,0,0,0,1,0,1,3,1,8,0
6091,271359,0,0,5,0,0,0,0,0,0,0,0,0,0,0,349,0,0,0,0,0,0,0,0,0,0,1,0,1,3,1,8,0
6092,271360,0,0,5,0,0,0,0,0,0,0,0,0,0,0,351,0,0,0,0,0,0,0,0,0,0,1,0,1,3,1,8,0
6093,271361,0,0,5,0,0,0,0,0,0,0,0,0,0,0,353,0,0,0,0,0,0,0,0,0,0,1,0,1,3,1,8,0
6094,271362,0,0,5,0,0,0,0,0,0,0,0,0,0,0,356,0,0,0,0,0,0,0,0,0,0,1,0,1,3,1,8,0
6095,271363,0,0,5,0,0,0,0,0,0,0,0,0,0,0,358,0,0,0,0,0,0,0,0,0,0,1,0,1,3,1,8,0
6096,271364,0,0,5,0,0,0,0,0,0,0,0,0,0,0,353,0,0,0,0,0,0,0,0,0,0,1,0,1,3,1,8,0
6097,271365,0,0,5,0,0,0,0,0,0,0,0,0,0,0,356,0,0,0,0,0,0,0,0,0,0,1,0,1,3,1,8,0
6098,271366,0,0,5,0,0,0,0,0,0,0,0,0,0,0,358,0,0,0,0,0,0,0,0,0,0,1,0,1,3,1,8,0
6099,271367,0,0,5,0,0,0,0,0,0,0,0,0,0,0,361,0,0,0,0,0,0,0,0,0,0,1,0,1,3,1,8,0
6100,271368,0,0,5,0,0,0,0,0,0,0,0,0,0,0,363,0,0,0,0,0,0,0,0,0,0,1,0,1,3,1,8,0
6101,271369,0,0,5,0,0,0,0,0,0,0,0,0,0,0,366,0,0,0,0,0,0,0,0,0,0,1,0,1,3,1,8,0
6102,271370,0,0,5,0,0,0,0,0,0,0,0,0,0,0,368,0,0,0,0,0,0,0,0,0,0,1,0,1,3,1,8,0
6103,271371,0,0,6,0,0,0,0,0,0,0,0,0,0,0,371,0,0,0,0,0,0,0,0,0,0,1,0,1,3,1,8,0
6104,271372,0,0,6,0,0,0,0,0,0,0,0,0,0,0,373,0,0,0,0,0,0,0,0,0,0,1,0,1,3,1,8,0
6105,271373,0,0,6,0,0,0,0,0,0,0,0,0,0,0,375,0,0,0,0,0,0,0,0,0,0,1,0,1,3,1,8,0
6106,271374,0,0,6,0,0,0,0,0,0,0,0,0,0,0,378,0,0,0,0,0,0,0,0,0,0,1,0,1,3,1,8,0
6107,271375,0,0,6,0,0,0,0,0,0,0,0,0,0,0,373,0,0,0,0,0,0,0,0,0,0,1,0,1,3,1,8,0
6108,271376,0,0,6,0,0,0,0,0,0,0,0,0,0,0,375,0,0,0,0,0,0,0,0,0,0,1,0,1,3,1,8,0
6109,271377,0,0,6,0,0,0,0,0,0,0,0,0,0,0,378,0,0,0,0,0,0,0,0,0,0,1,0,1,3,1,8,0
6110,271378,0,0,6,0,0,0,0,0,0,0,0,0,0,0,380,0,0,0,0,0,0,0,0,0,0,1,0,1,3,1,8,0
6111,271379,0,0,6,0,0,0,0,0,0,0,0,0,0,0,383,0,0,0,0,0,0,0,0,0,0,1,0,1,3,1,8,0
6112,271380,0,0,6,0,0,0,0,0,0,0,0,0,0,0,385,0,0,0,0,0,0,0,0,0,0,1,0,1,3,1,8,0
6113,271381,0,0,6,0,0,0,0,0,0,0,0,0,0,0,388,0,0,0,0,0,0,0,0,0,0,1,0,1,3,1,8,0
6114,271382,0,0,6,0,0,0,0,0,0,0,0,0,0,0,390,0,0,0,0,0,0,0,0,0,0,1,0,1,3,1,8,0
6115,271383,0,0,6,0,0,0,0,0,0,0,0,0,0,0,392,0,0,0,0,0,0,0,0,0,0,1,0,1,3,1,8,0
6116,271384,0,0,6,0,0,0,0,0,0,0,0,0,0,0,395,0,0,0,0,0,0,0,0,0,0,1,0,1,3,1,8,0
6117,271385,0,0,6,0,0,0,0,0,0,0,0,0,0,0,397,0,0,0,0,0,0,0,0,0,0,1,0,1,3,1,8,0
6118,271386,0,0,6,0,0,0,0,0,0,0,0,0,0,0,392,0,0,0,0,0,0,0,0,0,0,1,0,1,3,1,8,0
6119,271387,0,0,6,0,0,0,0,0,0,0,0,0,0,0,395,0,0,0,0,0,0,0,0,0,0,1,0,1,3,1,8,0
6120,271388,0,0,6,0,0,0,0,0,0,0,0,0,0,0,397,0,0,0,0,0,0,0,0,0,0,1,0,1,3,1,8,0
6121,271389,0,0,6,0,0,0,0,0,0,0,0,0,0,0,400,0,0,0,0,0,0,0,0,0,0,1,0,1,3,1,8,0
6122,271390,0,0,6,0,0,0,0,0,0,0,0,0,0,0,402,0,0,0,0,0,0,0,0,0,0,1,0,1,3,1,8,0
6123,271391,0,0,6,0,0,0,0,0,0,0,0,0,0,0,405,0,0,0,0,0,0,0,0,0,0,1,0,1,3,1,8,0
6124,271392,0,0,6,0,0,0,0,0,0,0,0,0,0,0,407,0,0,0,0,0,0,0,0,0,0,1,0,1,3,1,8,0
6125,271393,0,0,6,0,0,0,0,0,0,0,0,0,0,0,410,0,0,0,0,0,0,0,0,0,0,1,0,1,3,1,8,0
6126,271394,0,0,6,0,0,0,0,0,0,0,0,0,0,0,412,0,0,0,0,0,0,0,0,0,0,1,0,1,3,1,8,0
6127,271395,0,0,6,0,0,0,0,0,0,0,0,0,0,0,414,0,0,0,0,0,0,0,0,0,0,1,0,1,3,1,8,0
6128,271396,0,0,6,0,0,0,0,0,0,0,0,0,0,0,417,0,0,0,0,0,0,0,0,0,0,1,0,1,3,1,8,0
6129,271397,0,0,6,0,0,0,0,0,0,0,0,0,0,0,412,0,0,0,0,0,0,0,0,0,0,1,0,1,3,1,8,0
6130,271398,0,0,6,0,0,0,0,0,0,0,0,0,0,0,414,0,0,0,0,0,0,0,0,0,0,1,0,1,3,1,8,0
6131,271399,0,0,6,0,0,0,0,0,0,0,0,0,0,0,417,0,0,0,0,0,0,0,0,0,0,1,0,1,3,1,8,0
6132,271400,0,0,6,0,0,0,0,0,0,0,0,0,0,0,419,0,0,0,0,0,0,0,0,0,0,1,0,1,3,1,8,0
6133,271401,0,0,6,0,0,0,0,0,0,0,0,0,0,0,422,0,0,0,0,0,0,0,0,0,0,1,0,1,3,1,8,0
6134,271402,0,0,6,0,0,0,0,0,0,0,0,0,0,0,424,0,0,0,0,0,0,0,0,0,0,1,0,1,3,1,8,0
6135,271403,0,0,6,0,0,0,0,0,0,0,0,0,0,0,427,0,0,0,0,0,0,0,0,0,0,1,0,1,3,1,8,0
6136,271404,0,0,6,0,0,0,0,0,0,0,0,0,0,0,429,0,0,0,0,0,0,0,0,0,0,1,0,1,3,1,8,0
6137,271405,0,0,6,0,0,0,0,0,0,0,0,0,0,0,431,0,0,0,0,0,0,0,0,0,0,1,0,1,3,1,8,0
6138,271406,0,0,6,0,0,0,0,0,0,0,0,0,0,0,434,0,0,0,0,0,0,0,0,0,0,1,0,1,3,1,8,0
6139,271407,0,0,6,0,0,0,0,0,0,0,0,0,0,0,436,0,0,0,0,0,0,0,0,0,0,1,0,1,3,1,8,0
6140,271408,0,0,6,0,0,0,0,0,0,0,0,0,0,0,431,0,0,0,0,0,0,0,0,0,0,1,0,1,3,1,8,0
6141,271409,0,0,6,0,0,0,0,0,0,0,0,0,0,0,434,0,0,0,0,0,0,0,0,0,0,1,0,1,3,1,8,0
6142,271410,0,0,6,0,0,0,0,0,0,0,0,0,0,0,436,0,0,0,0,0,0,0,0,0,0,1,0,1,3,1,8,0
6143,271411,0,0,6,0,0,0,0,0,0,0,0,0,0,0,439,0,0,0,0,0,0,0,0,0,0,1,0,1,3,1,8,0
6144,271412,0,0,6,0,0,0,0,0,0,0,0,0,0,0,441,0,0,0,0,0,0,0,0,0,0,1,0,1,3,1,8,0
6145,271413,0,0,6,0,0,0,0,0,0,0,0,0,0,0,444,0,0,0,0,0,0,0,0,0,0,1,0,1,3,1,8,0
6146,271414,0,0,6,0,0,0,0,0,0,0,0,0,0,0,446,0,0,0,0,0,0,0,0,0,0,1,0,1,3,1,8,0
6147,271415,0,0,6,0,0,0,0,0,0,0,0,0,0,0,448,0,0,0,0,0,0,0,0,0,0,1,0,1,3,1,8,0
6148,271416,0,0,6,0,0,0,0,0,0,0,0,0,0,0,451,0,0,0,0,0,0,0,0,0,0,1,0,1,3,1,8,0
6149,271417,0,0,6,0,0,0,0,0,0,0,0,0,0,0,453,0,0,0,0,0,0,0,0,0,0,1,0,1,3,1,8,0
6150,271418,0,0,6,0,0,0,0,0,0,0,0,0,0,0,456,0,0,0,0,0,0,0,0,0,0,1,0,1,3,1,8,0
6151,271419,0,0,6,0,0,0,0,0,0,0,0,0,0,0,451,0,0,0,0,0,0,0,0,0,0,1,0,1,3,1,8,0
6152,271420,0,0,6,0,0,0,0,0,0,0,0,0,0,0,453,0,0,0,0,0,0,0,0,0,0,1,0,1,3,1,8,0
6153,271421,0,0,6,0,0,0,0,0,0,0,0,0,0,0,456,0,0,0,0,0,0,0,0,0,0,1,0,1,3,1,8,0
6154,271422,0,0,6,0,0,0,0,0,0,0,0,0,0,0,458,0,0,0,0,0,0,0,0,0,0,1,0,1,3,1,8,0
6155,271423,0,0,6,0,0,0,0,0,0,0,0,0,0,0,461,0,0,0,0,0,0,0,0,0,0,1,0,1,3,1,8,0
6156,271424,0,0,6,0,0,0,0,0,0,0,0,0,0,0,463,0,0,0,0,0,0,0,0,0,0,1,0,1,3,1,8,0
6157,271425,0,0,6,0,0,0,0,0,0,0,0,0,0,0,466,0,0,0,0,0,0,0,0,0,0,1,0,1,3,1,8,0
6158,271426,0,0,6,0,0,0,0,0,0,0,0,0,0,0,468,0,0,0,0,0,0,0,0,0,0,1,0,1,3,1,8,0
6159,272100,0,0,1,0,0,0,0,0,0,0,0,0,0,0,2,0,0,0,0,0,0,0,0,0,0,1,0,1,3,2,8,0
6160,272101,0,0,1,0,0,0,0,0,0,0,0,0,0,0,3,0,0,0,0,0,0,0,0,0,0,1,0,1,3,2,8,0
6161,272102,0,0,1,0,0,0,0,0,0,0,0,0,0,0,5,0,0,0,0,0,0,0,0,0,0,1,0,1,3,2,8,0
6162,272103,0,0,1,0,0,0,0,0,0,0,0,0,0,0,7,0,0,0,0,0,0,0,0,0,0,1,0,1,3,2,8,0
6163,272104,0,0,1,0,0,0,0,0,0,0,0,0,0,0,8,0,0,0,0,0,0,0,0,0,0,1,0,1,3,2,8,0
6164,272105,0,0,1,0,0,0,0,0,0,0,0,0,0,0,10,0,0,0,0,0,0,0,0,0,0,1,0,1,3,2,8,0
6165,272106,0,0,1,0,0,0,0,0,0,0,0,0,0,0,11,0,0,0,0,0,0,0,0,0,0,1,0,1,3,2,8,0
6166,272107,0,0,1,0,0,0,0,0,0,0,0,0,0,0,13,0,0,0,0,0,0,0,0,0,0,1,0,1,3,2,8,0
6167,272108,0,0,1,0,0,0,0,0,0,0,0,0,0,0,15,0,0,0,0,0,0,0,0,0,0,1,0,1,3,2,8,0
6168,272109,0,0,1,0,0,0,0,0,0,0,0,0,0,0,16,0,0,0,0,0,0,0,0,0,0,1,0,1,3,2,8,0
6169,272110,0,0,1,0,0,0,0,0,0,0,0,0,0,0,18,0,0,0,0,0,0,0,0,0,0,1,0,1,3,2,8,0
6170,272111,0,0,1,0,0,0,0,0,0,0,0,0,0,0,15,0,0,0,0,0,0,0,0,0,0,1,0,1,3,2,8,0
6171,272112,0,0,1,0,0,0,0,0,0,0,0,0,0,0,16,0,0,0,0,0,0,0,0,0,0,1,0,1,3,2,8,0
6172,272113,0,0,1,0,0,0,0,0,0,0,0,0,0,0,18,0,0,0,0,0,0,0,0,0,0,1,0,1,3,2,8,0
6173,272114,0,0,1,0,0,0,0,0,0,0,0,0,0,0,20,0,0,0,0,0,0,0,0,0,0,1,0,1,3,2,8,0
6174,272115,0,0,1,0,0,0,0,0,0,0,0,0,0,0,21,0,0,0,0,0,0,0,0,0,0,1,0,1,3,2,8,0
6175,272116,0,0,1,0,0,0,0,0,0,0,0,0,0,0,23,0,0,0,0,0,0,0,0,0,0,1,0,1,3,2,8,0
6176,272117,0,0,1,0,0,0,0,0,0,0,0,0,0,0,24,0,0,0,0,0,0,0,0,0,0,1,0,1,3,2,8,0
6177,272118,0,0,1,0,0,0,0,0,0,0,0,0,0,0,26,0,0,0,0,0,0,0,0,0,0,1,0,1,3,2,8,0
6178,272119,0,0,1,0,0,0,0,0,0,0,0,0,0,0,28,0,0,0,0,0,0,0,0,0,0,1,0,1,3,2,8,0
6179,272120,0,0,1,0,0,0,0,0,0,0,0,0,0,0,29,0,0,0,0,0,0,0,0,0,0,1,0,1,3,2,8,0
6180,272121,0,0,1,0,0,0,0,0,0,0,0,0,0,0,31,0,0,0,0,0,0,0,0,0,0,1,0,1,3,2,8,0
6181,272122,0,0,1,0,0,0,0,0,0,0,0,0,0,0,28,0,0,0,0,0,0,0,0,0,0,1,0,1,3,2,8,0
6182,272123,0,0,1,0,0,0,0,0,0,0,0,0,0,0,29,0,0,0,0,0,0,0,0,0,0,1,0,1,3,2,8,0
6183,272124,0,0,1,0,0,0,0,0,0,0,0,0,0,0,31,0,0,0,0,0,0,0,0,0,0,1,0,1,3,2,8,0
6184,272125,0,0,1,0,0,0,0,0,0,0,0,0,0,0,33,0,0,0,0,0,0,0,0,0,0,1,0,1,3,2,8,0
6185,272126,0,0,1,0,0,0,0,0,0,0,0,0,0,0,34,0,0,0,0,0,0,0,0,0,0,1,0,1,3,2,8,0
6186,272127,0,0,1,0,0,0,0,0,0,0,0,0,0,0,36,0,0,0,0,0,0,0,0,0,0,1,0,1,3,2,8,0
6187,272128,0,0,1,0,0,0,0,0,0,0,0,0,0,0,37,0,0,0,0,0,0,0,0,0,0,1,0,1,3,2,8,0
6188,272129,0,0,1,0,0,0,0,0,0,0,0,0,0,0,39,0,0,0,0,0,0,0,0,0,0,1,0,1,3,2,8,0
6189,272130,0,0,1,0,0,0,0,0,0,0,0,0,0,0,41,0,0,0,0,0,0,0,0,0,0,1,0,1,3,2,8,0
6190,272131,0,0,1,0,0,0,0,0,0,0,0,0,0,0,42,0,0,0,0,0,0,0,0,0,0,1,0,1,3,2,8,0
6191,272132,0,0,1,0,0,0,0,0,0,0,0,0,0,0,44,0,0,0,0,0,0,0,0,0,0,1,0,1,3,2,8,0
6192,272133,0,0,2,0,0,0,0,0,0,0,0,0,0,0,41,0,0,0,0,0,0,0,0,0,0,1,0,1,3,2,8,0
6193,272134,0,0,2,0,0,0,0,0,0,0,0,0,0,0,42,0,0,0,0,0,0,0,0,0,0,1,0,1,3,2,8,0
6194,272135,0,0,2,0,0,0,0,0,0,0,0,0,0,0,44,0,0,0,0,0,0,0,0,0,0,1,0,1,3,2,8,0
6195,272136,0,0,2,0,0,0,0,0,0,0,0,0,0,0,46,0,0,0,0,0,0,0,0,0,0,1,0,1,3,2,8,0
6196,272137,0,0,2,0,0,0,0,0,0,0,0,0,0,0,47,0,0,0,0,0,0,0,0,0,0,1,0,1,3,2,8,0
6197,272138,0,0,2,0,0,0,0,0,0,0,0,0,0,0,49,0,0,0,0,0,0,0,0,0,0,1,0,1,3,2,8,0
6198,272139,0,0,2,0,0,0,0,0,0,0,0,0,0,0,50,0,0,0,0,0,0,0,0,0,0,1,0,1,3,2,8,0
6199,272140,0,0,2,0,0,0,0,0,0,0,0,0,0,0,52,0,0,0,0,0,0,0,0,0,0,1,0,1,3,2,8,0
6200,272141,0,0,2,0,0,0,0,0,0,0,0,0,0,0,54,0,0,0,0,0,0,0,0,0,0,1,0,1,3,2,8,0
6201,272142,0,0,2,0,0,0,0,0,0,0,0,0,0,0,55,0,0,0,0,0,0,0,0,0,0,1,0,1,3,2,8,0
6202,272143,0,0,2,0,0,0,0,0,0,0,0,0,0,0,57,0,0,0,0,0,0,0,0,0,0,1,0,1,3,2,8,0
6203,272144,0,0,2,0,0,0,0,0,0,0,0,0,0,0,54,0,0,0,0,0,0,0,0,0,0,1,0,1,3,2,8,0
6204,272145,0,0,2,0,0,0,0,0,0,0,0,0,0,0,55,0,0,0,0,0,0,0,0,0,0,1,0,1,3,2,8,0
6205,272146,0,0,2,0,0,0,0,0,0,0,0,0,0,0,57,0,0,0,0,0,0,0,0,0,0,1,0,1,3,2,8,0
6206,272147,0,0,2,0,0,0,0,0,0,0,0,0,0,0,59,0,0,0,0,0,0,0,0,0,0,1,0,1,3,2,8,0
6207,272148,0,0,2,0,0,0,0,0,0,0,0,0,0,0,60,0,0,0,0,0,0,0,0,0,0,1,0,1,3,2,8,0
6208,272149,0,0,2,0,0,0,0,0,0,0,0,0,0,0,62,0,0,0,0,0,0,0,0,0,0,1,0,1,3,2,8,0
6209,272150,0,0,2,0,0,0,0,0,0,0,0,0,0,0,63,0,0,0,0,0,0,0,0,0,0,1,0,1,3,2,8,0
6210,272151,0,0,2,0,0,0,0,0,0,0,0,0,0,0,65,0,0,0,0,0,0,0,0,0,0,1,0,1,3,2,8,0
6211,272152,0,0,2,0,0,0,0,0,0,0,0,0,0,0,67,0,0,0,0,0,0,0,0,0,0,1,0,1,3,2,8,0
6212,272153,0,0,2,0,0,0,0,0,0,0,0,0,0,0,68,0,0,0,0,0,0,0,0,0,0,1,0,1,3,2,8,0
6213,272154,0,0,2,0,0,0,0,0,0,0,0,0,0,0,70,0,0,0,0,0,0,0,0,0,0,1,0,1,3,2,8,0
6214,272155,0,0,2,0,0,0,0,0,0,0,0,0,0,0,67,0,0,0,0,0,0,0,0,0,0,1,0,1,3,2,8,0
6215,272156,0,0,2,0,0,0,0,0,0,0,0,0,0,0,68,0,0,0,0,0,0,0,0,0,0,1,0,1,3,2,8,0
6216,272157,0,0,2,0,0,0,0,0,0,0,0,0,0,0,70,0,0,0,0,0,0,0,0,0,0,1,0,1,3,2,8,0
6217,272158,0,0,2,0,0,0,0,0,0,0,0,0,0,0,72,0,0,0,0,0,0,0,0,0,0,1,0,1,3,2,8,0
6218,272159,0,0,2,0,0,0,0,0,0,0,0,0,0,0,73,0,0,0,0,0,0,0,0,0,0,1,0,1,3,2,8,0
6219,272160,0,0,2,0,0,0,0,0,0,0,0,0,0,0,75,0,0,0,0,0,0,0,0,0,0,1,0,1,3,2,8,0
6220,272161,0,0,2,0,0,0,0,0,0,0,0,0,0,0,76,0,0,0,0,0,0,0,0,0,0,1,0,1,3,2,8,0
6221,272162,0,0,2,0,0,0,0,0,0,0,0,0,0,0,78,0,0,0,0,0,0,0,0,0,0,1,0,1,3,2,8,0
6222,272163,0,0,2,0,0,0,0,0,0,0,0,0,0,0,80,0,0,0,0,0,0,0,0,0,0,1,0,1,3,2,8,0
6223,272164,0,0,2,0,0,0,0,0,0,0,0,0,0,0,81,0,0,0,0,0,0,0,0,0,0,1,0,1,3,2,8,0
6224,272165,0,0,2,0,0,0,0,0,0,0,0,0,0,0,83,0,0,0,0,0,0,0,0,0,0,1,0,1,3,2,8,0
6225,272166,0,0,3,0,0,0,0,0,0,0,0,0,0,0,80,0,0,0,0,0,0,0,0,0,0,1,0,1,3,2,8,0
6226,272167,0,0,3,0,0,0,0,0,0,0,0,0,0,0,81,0,0,0,0,0,0,0,0,0,0,1,0,1,3,2,8,0
6227,272168,0,0,3,0,0,0,0,0,0,0,0,0,0,0,83,0,0,0,0,0,0,0,0,0,0,1,0,1,3,2,8,0
6228,272169,0,0,3,0,0,0,0,0,0,0,0,0,0,0,85,0,0,0,0,0,0,0,0,0,0,1,0,1,3,2,8,0
6229,272170,0,0,3,0,0,0,0,0,0,0,0,0,0,0,86,0,0,0,0,0,0,0,0,0,0,1,0,1,3,2,8,0
6230,272171,0,0,3,0,0,0,0,0,0,0,0,0,0,0,88,0,0,0,0,0,0,0,0,0,0,1,0,1,3,2,8,0
6231,272172,0,0,3,0,0,0,0,0,0,0,0,0,0,0,89,0,0,0,0,0,0,0,0,0,0,1,0,1,3,2,8,0
6232,272173,0,0,3,0,0,0,0,0,0,0,0,0,0,0,91,0,0,0,0,0,0,0,0,0,0,1,0,1,3,2,8,0
6233,272174,0,0,3,0,0,0,0,0,0,0,0,0,0,0,93,0,0,0,0,0,0,0,0,0,0,1,0,1,3,2,8,0
6234,272175,0,0,3,0,0,0,0,0,0,0,0,0,0,0,94,0,0,0,0,0,0,0,0,0,0,1,0,1,3,2,8,0
6235,272176,0,0,3,0,0,0,0,0,0,0,0,0,0,0,96,0,0,0,0,0,0,0,0,0,0,1,0,1,3,2,8,0
6236,272177,0,0,3,0,0,0,0,0,0,0,0,0,0,0,93,0,0,0,0,0,0,0,0,0,0,1,0,1,3,2,8,0
6237,272178,0,0,3,0,0,0,0,0,0,0,0,0,0,0,94,0,0,0,0,0,0,0,0,0,0,1,0,1,3,2,8,0
6238,272179,0,0,3,0,0,0,0,0,0,0,0,0,0,0,96,0,0,0,0,0,0,0,0,0,0,1,0,1,3,2,8,0
6239,272180,0,0,3,0,0,0,0,0,0,0,0,0,0,0,98,0,0,0,0,0,0,0,0,0,0,1,0,1,3,2,8,0
6240,272181,0,0,3,0,0,0,0,0,0,0,0,0,0,0,100,0,0,0,0,0,0,0,0,0,0,1,0,1,3,2,8,0
6241,272182,0,0,3,0,0,0,0,0,0,0,0,0,0,0,102,0,0,0,0,0,0,0,0,0,0,1,0,1,3,2,8,0
6242,272183,0,0,3,0,0,0,0,0,0,0,0,0,0,0,104,0,0,0,0,0,0,0,0,0,0,1,0,1,3,2,8,0
6243,272184,0,0,3,0,0,0,0,0,0,0,0,0,0,0,106,0,0,0,0,0,0,0,0,0,0,1,0,1,3,2,8,0
6244,272185,0,0,3,0,0,0,0,0,0,0,0,0,0,0,108,0,0,0,0,0,0,0,0,0,0,1,0,1,3,2,8,0
6245,272186,0,0,3,0,0,0,0,0,0,0,0,0,0,0,111,0,0,0,0,0,0,0,0,0,0,1,0,1,3,2,8,0
6246,272187,0,0,3,0,0,0,0,0,0,0,0,0,0,0,113,0,0,0,0,0,0,0,0,0,0,1,0,1,3,2,8,0
6247,272188,0,0,3,0,0,0,0,0,0,0,0,0,0,0,108,0,0,0,0,0,0,0,0,0,0,1,0,1,3,2,8,0
6248,272189,0,0,3,0,0,0,0,0,0,0,0,0,0,0,111,0,0,0,0,0,0,0,0,0,0,1,0,1,3,2,8,0
6249,272190,0,0,3,0,0,0,0,0,0,0,0,0,0,0,113,0,0,0,0,0,0,0,0,0,0,1,0,1,3,2,8,0
6250,272191,0,0,3,0,0,0,0,0,0,0,0,0,0,0,115,0,0,0,0,0,0,0,0,0,0,1,0,1,3,2,8,0
6251,272192,0,0,3,0,0,0,0,0,0,0,0,0,0,0,117,0,0,0,0,0,0,0,0,0,0,1,0,1,3,2,8,0
6252,272193,0,0,3,0,0,0,0,0,0,0,0,0,0,0,119,0,0,0,0,0,0,0,0,0,0,1,0,1,3,2,8,0
6253,272194,0,0,3,0,0,0,0,0,0,0,0,0,0,0,121,0,0,0,0,0,0,0,0,0,0,1,0,1,3,2,8,0
6254,272195,0,0,3,0,0,0,0,0,0,0,0,0,0,0,124,0,0,0,0,0,0,0,0,0,0,1,0,1,3,2,8,0
6255,272196,0,0,3,0,0,0,0,0,0,0,0,0,0,0,126,0,0,0,0,0,0,0,0,0,0,1,0,1,3,2,8,0
6256,272197,0,0,3,0,0,0,0,0,0,0,0,0,0,0,128,0,0,0,0,0,0,0,0,0,0,1,0,1,3,2,8,0
6257,272198,0,0,3,0,0,0,0,0,0,0,0,0,0,0,130,0,0,0,0,0,0,0,0,0,0,1,0,1,3,2,8,0
6258,272199,0,0,4,0,0,0,0,0,0,0,0,0,0,0,126,0,0,0,0,0,0,0,0,0,0,1,0,1,3,2,8,0
6259,272200,0,0,4,0,0,0,0,0,0,0,0,0,0,0,128,0,0,0,0,0,0,0,0,0,0,1,0,1,3,2,8,0
6260,272201,0,0,4,0,0,0,0,0,0,0,0,0,0,0,130,0,0,0,0,0,0,0,0,0,0,1,0,1,3,2,8,0
6261,272202,0,0,4,0,0,0,0,0,0,0,0,0,0,0,132,0,0,0,0,0,0,0,0,0,0,1,0,1,3,2,8,0
6262,272203,0,0,4,0,0,0,0,0,0,0,0,0,0,0,134,0,0,0,0,0,0,0,0,0,0,1,0,1,3,2,8,0
6263,272204,0,0,4,0,0,0,0,0,0,0,0,0,0,0,137,0,0,0,0,0,0,0,0,0,0,1,0,1,3,2,8,0
6264,272205,0,0,4,0,0,0,0,0,0,0,0,0,0,0,139,0,0,0,0,0,0,0,0,0,0,1,0,1,3,2,8,0
6265,272206,0,0,4,0,0,0,0,0,0,0,0,0,0,0,141,0,0,0,0,0,0,0,0,0,0,1,0,1,3,2,8,0
6266,272207,0,0,4,0,0,0,0,0,0,0,0,0,0,0,143,0,0,0,0,0,0,0,0,0,0,1,0,1,3,2,8,0
6267,272208,0,0,4,0,0,0,0,0,0,0,0,0,0,0,145,0,0,0,0,0,0,0,0,0,0,1,0,1,3,2,8,0
6268,272209,0,0,4,0,0,0,0,0,0,0,0,0,0,0,147,0,0,0,0,0,0,0,0,0,0,1,0,1,3,2,8,0
6269,272210,0,0,4,0,0,0,0,0,0,0,0,0,0,0,143,0,0,0,0,0,0,0,0,0,0,1,0,1,3,2,8,0
6270,272211,0,0,4,0,0,0,0,0,0,0,0,0,0,0,145,0,0,0,0,0,0,0,0,0,0,1,0,1,3,2,8,0
6271,272212,0,0,4,0,0,0,0,0,0,0,0,0,0,0,147,0,0,0,0,0,0,0,0,0,0,1,0,1,3,2,8,0
6272,272213,0,0,4,0,0,0,0,0,0,0,0,0,0,0,150,0,0,0,0,0,0,0,0,0,0,1,0,1,3,2,8,0
6273,272214,0,0,4,0,0,0,0,0,0,0,0,0,0,0,152,0,0,0,0,0,0,0,0,0,0,1,0,1,3,2,8,0
6274,272215,0,0,4,0,0,0,0,0,0,0,0,0,0,0,154,0,0,0,0,0,0,0,0,0,0,1,0,1,3,2,8,0
6275,272216,0,0,4,0,0,0,0,0,0,0,0,0,0,0,156,0,0,0,0,0,0,0,0,0,0,1,0,1,3,2,8,0
6276,272217,0,0,4,0,0,0,0,0,0,0,0,0,0,0,158,0,0,0,0,0,0,0,0,0,0,1,0,1,3,2,8,0
6277,272218,0,0,4,0,0,0,0,0,0,0,0,0,0,0,160,0,0,0,0,0,0,0,0,0,0,1,0,1,3,2,8,0
6278,272219,0,0,4,0,0,0,0,0,0,0,0,0,0,0,163,0,0,0,0,0,0,0,0,0,0,1,0,1,3,2,8,0
6279,272220,0,0,4,0,0,0,0,0,0,0,0,0,0,0,165,0,0,0,0,0,0,0,0,0,0,1,0,1,3,2,8,0
6280,272221,0,0,4,0,0,0,0,0,0,0,0,0,0,0,160,0,0,0,0,0,0,0,0,0,0,1,0,1,3,2,8,0
6281,272222,0,0,4,0,0,0,0,0,0,0,0,0,0,0,163,0,0,0,0,0,0,0,0,0,0,1,0,1,3,2,8,0
6282,272223,0,0,4,0,0,0,0,0,0,0,0,0,0,0,165,0,0,0,0,0,0,0,0,0,0,1,0,1,3,2,8,0
6283,272224,0,0,4,0,0,0,0,0,0,0,0,0,0,0,167,0,0,0,0,0,0,0,0,0,0,1,0,1,3,2,8,0
6284,272225,0,0,4,0,0,0,0,0,0,0,0,0,0,0,169,0,0,0,0,0,0,0,0,0,0,1,0,1,3,2,8,0
6285,272226,0,0,4,0,0,0,0,0,0,0,0,0,0,0,171,0,0,0,0,0,0,0,0,0,0,1,0,1,3,2,8,0
6286,272227,0,0,4,0,0,0,0,0,0,0,0,0,0,0,173,0,0,0,0,0,0,0,0,0,0,1,0,1,3,2,8,0
6287,272228,0,0,4,0,0,0,0,0,0,0,0,0,0,0,176,0,0,0,0,0,0,0,0,0,0,1,0,1,3,2,8,0
6288,272229,0,0,4,0,0,0,0,0,0,0,0,0,0,0,178,0,0,0,0,0,0,0,0,0,0,1,0,1,3,2,8,0
6289,272230,0,0,4,0,0,0,0,0,0,0,0,0,0,0,180,0,0,0,0,0,0,0,0,0,0,1,0,1,3,2,8,0
6290,272231,0,0,4,0,0,0,0,0,0,0,0,0,0,0,182,0,0,0,0,0,0,0,0,0,0,1,0,1,3,2,8,0
6291,272232,0,0,5,0,0,0,0,0,0,0,0,0,0,0,178,0,0,0,0,0,0,0,0,0,0,1,0,1,3,2,8,0
6292,272233,0,0,5,0,0,0,0,0,0,0,0,0,0,0,180,0,0,0,0,0,0,0,0,0,0,1,0,1,3,2,8,0
6293,272234,0,0,5,0,0,0,0,0,0,0,0,0,0,0,182,0,0,0,0,0,0,0,0,0,0,1,0,1,3,2,8,0
6294,272235,0,0,5,0,0,0,0,0,0,0,0,0,0,0,184,0,0,0,0,0,0,0,0,0,0,1,0,1,3,2,8,0
6295,272236,0,0,5,0,0,0,0,0,0,0,0,0,0,0,186,0,0,0,0,0,0,0,0,0,0,1,0,1,3,2,8,0
6296,272237,0,0,5,0,0,0,0,0,0,0,0,0,0,0,189,0,0,0,0,0,0,0,0,0,0,1,0,1,3,2,8,0
6297,272238,0,0,5,0,0,0,0,0,0,0,0,0,0,0,191,0,0,0,0,0,0,0,0,0,0,1,0,1,3,2,8,0
6298,272239,0,0,5,0,0,0,0,0,0,0,0,0,0,0,193,0,0,0,0,0,0,0,0,0,0,1,0,1,3,2,8,0
6299,272240,0,0,5,0,0,0,0,0,0,0,0,0,0,0,195,0,0,0,0,0,0,0,0,0,0,1,0,1,3,2,8,0
6300,272241,0,0,5,0,0,0,0,0,0,0,0,0,0,0,197,0,0,0,0,0,0,0,0,0,0,1,0,1,3,2,8,0
6301,272242,0,0,5,0,0,0,0,0,0,0,0,0,0,0,199,0,0,0,0,0,0,0,0,0,0,1,0,1,3,2,8,0
6302,272243,0,0,5,0,0,0,0,0,0,0,0,0,0,0,195,0,0,0,0,0,0,0,0,0,0,1,0,1,3,2,8,0
6303,272244,0,0,5,0,0,0,0,0,0,0,0,0,0,0,197,0,0,0,0,0,0,0,0,0,0,1,0,1,3,2,8,0
6304,272245,0,0,5,0,0,0,0,0,0,0,0,0,0,0,199,0,0,0,0,0,0,0,0,0,0,1,0,1,3,2,8,0
6305,272246,0,0,5,0,0,0,0,0,0,0,0,0,0,0,202,0,0,0,0,0,0,0,0,0,0,1,0,1,3,2,8,0
6306,272247,0,0,5,0,0,0,0,0,0,0,0,0,0,0,204,0,0,0,0,0,0,0,0,0,0,1,0,1,3,2,8,0
6307,272248,0,0,5,0,0,0,0,0,0,0,0,0,0,0,206,0,0,0,0,0,0,0,0,0,0,1,0,1,3,2,8,0
6308,272249,0,0,5,0,0,0,0,0,0,0,0,0,0,0,208,0,0,0,0,0,0,0,0,0,0,1,0,1,3,2,8,0
6309,272250,0,0,5,0,0,0,0,0,0,0,0,0,0,0,210,0,0,0,0,0,0,0,0,0,0,1,0,1,3,2,8,0
6310,272251,0,0,5,0,0,0,0,0,0,0,0,0,0,0,212,0,0,0,0,0,0,0,0,0,0,1,0,1,3,2,8,0
6311,272252,0,0,5,0,0,0,0,0,0,0,0,0,0,0,215,0,0,0,0,0,0,0,0,0,0,1,0,1,3,2,8,0
6312,272253,0,0,5,0,0,0,0,0,0,0,0,0,0,0,217,0,0,0,0,0,0,0,0,0,0,1,0,1,3,2,8,0
6313,272254,0,0,5,0,0,0,0,0,0,0,0,0,0,0,212,0,0,0,0,0,0,0,0,0,0,1,0,1,3,2,8,0
6314,272255,0,0,5,0,0,0,0,0,0,0,0,0,0,0,215,0,0,0,0,0,0,0,0,0,0,1,0,1,3,2,8,0
6315,272256,0,0,5,0,0,0,0,0,0,0,0,0,0,0,217,0,0,0,0,0,0,0,0,0,0,1,0,1,3,2,8,0
6316,272257,0,0,5,0,0,0,0,0,0,0,0,0,0,0,219,0,0,0,0,0,0,0,0,0,0,1,0,1,3,2,8,0
6317,272258,0,0,5,0,0,0,0,0,0,0,0,0,0,0,221,0,0,0,0,0,0,0,0,0,0,1,0,1,3,2,8,0
6318,272259,0,0,5,0,0,0,0,0,0,0,0,0,0,0,223,0,0,0,0,0,0,0,0,0,0,1,0,1,3,2,8,0
6319,272260,0,0,5,0,0,0,0,0,0,0,0,0,0,0,225,0,0,0,0,0,0,0,0,0,0,1,0,1,3,2,8,0
6320,272261,0,0,5,0,0,0,0,0,0,0,0,0,0,0,228,0,0,0,0,0,0,0,0,0,0,1,0,1,3,2,8,0
6321,272262,0,0,5,0,0,0,0,0,0,0,0,0,0,0,230,0,0,0,0,0,0,0,0,0,0,1,0,1,3,2,8,0
6322,272263,0,0,5,0,0,0,0,0,0,0,0,0,0,0,232,0,0,0,0,0,0,0,0,0,0,1,0,1,3,2,8,0
6323,272264,0,0,5,0,0,0,0,0,0,0,0,0,0,0,234,0,0,0,0,0,0,0,0,0,0,1,0,1,3,2,8,0
6324,272265,0,0,5,0,0,0,0,0,0,0,0,0,0,0,230,0,0,0,0,0,0,0,0,0,0,1,0,1,3,2,8,0
6325,272266,0,0,5,0,0,0,0,0,0,0,0,0,0,0,232,0,0,0,0,0,0,0,0,0,0,1,0,1,3,2,8,0
6326,272267,0,0,5,0,0,0,0,0,0,0,0,0,0,0,234,0,0,0,0,0,0,0,0,0,0,1,0,1,3,2,8,0
6327,272268,0,0,5,0,0,0,0,0,0,0,0,0,0,0,236,0,0,0,0,0,0,0,0,0,0,1,0,1,3,2,8,0
6328,272269,0,0,5,0,0,0,0,0,0,0,0,0,0,0,238,0,0,0,0,0,0,0,0,0,0,1,0,1,3,2,8,0
6329,272270,0,0,5,0,0,0,0,0,0,0,0,0,0,0,241,0,0,0,0,0,0,0,0,0,0,1,0,1,3,2,8,0
6330,272271,0,0,5,0,0,0,0,0,0,0,0,0,0,0,243,0,0,0,0,0,0,0,0,0,0,1,0,1,3,2,8,0
6331,272272,0,0,5,0,0,0,0,0,0,0,0,0,0,0,245,0,0,0,0,0,0,0,0,0,0,1,0,1,3,2,8,0
6332,272273,0,0,5,0,0,0,0,0,0,0,0,0,0,0,247,0,0,0,0,0,0,0,0,0,0,1,0,1,3,2,8,0
6333,272274,0,0,5,0,0,0,0,0,0,0,0,0,0,0,249,0,0,0,0,0,0,0,0,0,0,1,0,1,3,2,8,0
6334,272275,0,0,5,0,0,0,0,0,0,0,0,0,0,0,251,0,0,0,0,0,0,0,0,0,0,1,0,1,3,2,8,0
6335,272276,0,0,5,0,0,0,0,0,0,0,0,0,0,0,247,0,0,0,0,0,0,0,0,0,0,1,0,1,3,2,8,0
6336,272277,0,0,5,0,0,0,0,0,0,0,0,0,0,0,249,0,0,0,0,0,0,0,0,0,0,1,0,1,3,2,8,0
6337,272278,0,0,5,0,0,0,0,0,0,0,0,0,0,0,251,0,0,0,0,0,0,0,0,0,0,1,0,1,3,2,8,0
6338,272279,0,0,5,0,0,0,0,0,0,0,0,0,0,0,254,0,0,0,0,0,0,0,0,0,0,1,0,1,3,2,8,0
6339,272280,0,0,5,0,0,0,0,0,0,0,0,0,0,0,256,0,0,0,0,0,0,0,0,0,0,1,0,1,3,2,8,0
6340,272281,0,0,5,0,0,0,0,0,0,0,0,0,0,0,258,0,0,0,0,0,0,0,0,0,0,1,0,1,3,2,8,0
6341,272282,0,0,5,0,0,0,0,0,0,0,0,0,0,0,260,0,0,0,0,0,0,0,0,0,0,1,0,1,3,2,8,0
6342,272283,0,0,5,0,0,0,0,0,0,0,0,0,0,0,262,0,0,0,0,0,0,0,0,0,0,1,0,1,3,2,8,0
6343,272284,0,0,5,0,0,0,0,0,0,0,0,0,0,0,264,0,0,0,0,0,0,0,0,0,0,1,0,1,3,2,8,0
6344,272285,0,0,5,0,0,0,0,0,0,0,0,0,0,0,267,0,0,0,0,0,0,0,0,0,0,1,0,1,3,2,8,0
6345,272286,0,0,5,0,0,0,0,0,0,0,0,0,0,0,269,0,0,0,0,0,0,0,0,0,0,1,0,1,3,2,8,0
6346,272287,0,0,5,0,0,0,0,0,0,0,0,0,0,0,264,0,0,0,0,0,0,0,0,0,0,1,0,1,3,2,8,0
6347,272288,0,0,5,0,0,0,0,0,0,0,0,0,0,0,267,0,0,0,0,0,0,0,0,0,0,1,0,1,3,2,8,0
6348,272289,0,0,5,0,0,0,0,0,0,0,0,0,0,0,269,0,0,0,0,0,0,0,0,0,0,1,0,1,3,2,8,0
6349,272290,0,0,5,0,0,0,0,0,0,0,0,0,0,0,271,0,0,0,0,0,0,0,0,0,0,1,0,1,3,2,8,0
6350,272291,0,0,5,0,0,0,0,0,0,0,0,0,0,0,273,0,0,0,0,0,0,0,0,0,0,1,0,1,3,2,8,0
6351,272292,0,0,5,0,0,0,0,0,0,0,0,0,0,0,275,0,0,0,0,0,0,0,0,0,0,1,0,1,3,2,8,0
6352,272293,0,0,5,0,0,0,0,0,0,0,0,0,0,0,277,0,0,0,0,0,0,0,0,0,0,1,0,1,3,2,8,0
6353,272294,0,0,5,0,0,0,0,0,0,0,0,0,0,0,280,0,0,0,0,0,0,0,0,0,0,1,0,1,3,2,8,0
6354,272295,0,0,5,0,0,0,0,0,0,0,0,0,0,0,282,0,0,0,0,0,0,0,0,0,0,1,0,1,3,2,8,0
6355,272296,0,0,5,0,0,0,0,0,0,0,0,0,0,0,284,0,0,0,0,0,0,0,0,0,0,1,0,1,3,2,8,0
6356,272297,0,0,5,0,0,0,0,0,0,0,0,0,0,0,286,0,0,0,0,0,0,0,0,0,0,1,0,1,3,2,8,0
6357,272298,0,0,5,0,0,0,0,0,0,0,0,0,0,0,282,0,0,0,0,0,0,0,0,0,0,1,0,1,3,2,8,0
6358,272299,0,0,5,0,0,0,0,0,0,0,0,0,0,0,284,0,0,0,0,0,0,0,0,0,0,1,0,1,3,2,8,0
6359,272300,0,0,5,0,0,0,0,0,0,0,0,0,0,0,286,0,0,0,0,0,0,0,0,0,0,1,0,1,3,2,8,0
6360,272301,0,0,5,0,0,0,0,0,0,0,0,0,0,0,288,0,0,0,0,0,0,0,0,0,0,1,0,1,3,2,8,0
6361,272302,0,0,5,0,0,0,0,0,0,0,0,0,0,0,290,0,0,0,0,0,0,0,0,0,0,1,0,1,3,2,8,0
6362,272303,0,0,5,0,0,0,0,0,0,0,0,0,0,0,293,0,0,0,0,0,0,0,0,0,0,1,0,1,3,2,8,0
6363,272304,0,0,5,0,0,0,0,0,0,0,0,0,0,0,295,0,0,0,0,0,0,0,0,0,0,1,0,1,3,2,8,0
6364,272305,0,0,5,0,0,0,0,0,0,0,0,0,0,0,297,0,0,0,0,0,0,0,0,0,0,1,0,1,3,2,8,0
6365,272306,0,0,5,0,0,0,0,0,0,0,0,0,0,0,299,0,0,0,0,0,0,0,0,0,0,1,0,1,3,2,8,0
6366,272307,0,0,5,0,0,0,0,0,0,0,0,0,0,0,301,0,0,0,0,0,0,0,0,0,0,1,0,1,3,2,8,0
6367,272308,0,0,5,0,0,0,0,0,0,0,0,0,0,0,303,0,0,0,0,0,0,0,0,0,0,1,0,1,3,2,8,0
6368,272309,0,0,5,0,0,0,0,0,0,0,0,0,0,0,299,0,0,0,0,0,0,0,0,0,0,1,0,1,3,2,8,0
6369,272310,0,0,5,0,0,0,0,0,0,0,0,0,0,0,301,0,0,0,0,0,0,0,0,0,0,1,0,1,3,2,8,0
6370,272311,0,0,5,0,0,0,0,0,0,0,0,0,0,0,303,0,0,0,0,0,0,0,0,0,0,1,0,1,3,2,8,0
6371,272312,0,0,5,0,0,0,0,0,0,0,0,0,0,0,306,0,0,0,0,0,0,0,0,0,0,1,0,1,3,2,8,0
6372,272313,0,0,5,0,0,0,0,0,0,0,0,0,0,0,308,0,0,0,0,0,0,0,0,0,0,1,0,1,3,2,8,0
6373,272314,0,0,5,0,0,0,0,0,0,0,0,0,0,0,310,0,0,0,0,0,0,0,0,0,0,1,0,1,3,2,8,0
6374,272315,0,0,5,0,0,0,0,0,0,0,0,0,0,0,312,0,0,0,0,0,0,0,0,0,0,1,0,1,3,2,8,0
6375,272316,0,0,5,0,0,0,0,0,0,0,0,0,0,0,314,0,0,0,0,0,0,0,0,0,0,1,0,1,3,2,8,0
6376,272317,0,0,5,0,0,0,0,0,0,0,0,0,0,0,316,0,0,0,0,0,0,0,0,0,0,1,0,1,3,2,8,0
6377,272318,0,0,5,0,0,0,0,0,0,0,0,0,0,0,319,0,0,0,0,0,0,0,0,0,0,1,0,1,3,2,8,0
6378,272319,0,0,5,0,0,0,0,0,0,0,0,0,0,0,321,0,0,0,0,0,0,0,0,0,0,1,0,1,3,2,8,0
6379,272320,0,0,5,0,0,0,0,0,0,0,0,0,0,0,316,0,0,0,0,0,0,0,0,0,0,1,0,1,3,2,8,0
6380,272321,0,0,5,0,0,0,0,0,0,0,0,0,0,0,319,0,0,0,0,0,0,0,0,0,0,1,0,1,3,2,8,0
6381,272322,0,0,5,0,0,0,0,0,0,0,0,0,0,0,321,0,0,0,0,0,0,0,0,0,0,1,0,1,3,2,8,0
6382,272323,0,0,5,0,0,0,0,0,0,0,0,0,0,0,323,0,0,0,0,0,0,0,0,0,0,1,0,1,3,2,8,0
6383,272324,0,0,5,0,0,0,0,0,0,0,0,0,0,0,325,0,0,0,0,0,0,0,0,0,0,1,0,1,3,2,8,0
6384,272325,0,0,5,0,0,0,0,0,0,0,0,0,0,0,327,0,0,0,0,0,0,0,0,0,0,1,0,1,3,2,8,0
6385,272326,0,0,5,0,0,0,0,0,0,0,0,0,0,0,329,0,0,0,0,0,0,0,0,0,0,1,0,1,3,2,8,0
6386,272327,0,0,5,0,0,0,0,0,0,0,0,0,0,0,332,0,0,0,0,0,0,0,0,0,0,1,0,1,3,2,8,0
6387,272328,0,0,5,0,0,0,0,0,0,0,0,0,0,0,334,0,0,0,0,0,0,0,0,0,0,1,0,1,3,2,8,0
6388,272329,0,0,5,0,0,0,0,0,0,0,0,0,0,0,336,0,0,0,0,0,0,0,0,0,0,1,0,1,3,2,8,0
6389,272330,0,0,5,0,0,0,0,0,0,0,0,0,0,0,338,0,0,0,0,0,0,0,0,0,0,1,0,1,3,2,8,0
6390,272331,0,0,5,0,0,0,0,0,0,0,0,0,0,0,334,0,0,0,0,0,0,0,0,0,0,1,0,1,3,2,8,0
6391,272332,0,0,5,0,0,0,0,0,0,0,0,0,0,0,336,0,0,0,0,0,0,0,0,0,0,1,0,1,3,2,8,0
6392,272333,0,0,5,0,0,0,0,0,0,0,0,0,0,0,338,0,0,0,0,0,0,0,0,0,0,1,0,1,3,2,8,0
6393,272334,0,0,5,0,0,0,0,0,0,0,0,0,0,0,340,0,0,0,0,0,0,0,0,0,0,1,0,1,3,2,8,0
6394,272335,0,0,5,0,0,0,0,0,0,0,0,0,0,0,342,0,0,0,0,0,0,0,0,0,0,1,0,1,3,2,8,0
6395,272336,0,0,5,0,0,0,0,0,0,0,0,0,0,0,345,0,0,0,0,0,0,0,0,0,0,1,0,1,3,2,8,0
6396,272337,0,0,5,0,0,0,0,0,0,0,0,0,0,0,347,0,0,0,0,0,0,0,0,0,0,1,0,1,3,2,8,0
6397,272338,0,0,5,0,0,0,0,0,0,0,0,0,0,0,349,0,0,0,0,0,0,0,0,0,0,1,0,1,3,2,8,0
6398,272339,0,0,5,0,0,0,0,0,0,0,0,0,0,0,351,0,0,0,0,0,0,0,0,0,0,1,0,1,3,2,8,0
6399,272340,0,0,5,0,0,0,0,0,0,0,0,0,0,0,353,0,0,0,0,0,0,0,0,0,0,1,0,1,3,2,8,0
6400,272341,0,0,5,0,0,0,0,0,0,0,0,0,0,0,355,0,0,0,0,0,0,0,0,0,0,1,0,1,3,2,8,0
6401,272342,0,0,5,0,0,0,0,0,0,0,0,0,0,0,351,0,0,0,0,0,0,0,0,0,0,1,0,1,3,2,8,0
6402,272343,0,0,5,0,0,0,0,0,0,0,0,0,0,0,353,0,0,0,0,0,0,0,0,0,0,1,0,1,3,2,8,0
6403,272344,0,0,5,0,0,0,0,0,0,0,0,0,0,0,355,0,0,0,0,0,0,0,0,0,0,1,0,1,3,2,8,0
6404,272345,0,0,5,0,0,0,0,0,0,0,0,0,0,0,358,0,0,0,0,0,0,0,0,0,0,1,0,1,3,2,8,0
6405,272346,0,0,5,0,0,0,0,0,0,0,0,0,0,0,360,0,0,0,0,0,0,0,0,0,0,1,0,1,3,2,8,0
6406,272347,0,0,5,0,0,0,0,0,0,0,0,0,0,0,363,0,0,0,0,0,0,0,0,0,0,1,0,1,3,2,8,0
6407,272348,0,0,5,0,0,0,0,0,0,0,0,0,0,0,366,0,0,0,0,0,0,0,0,0,0,1,0,1,3,2,8,0
6408,272349,0,0,5,0,0,0,0,0,0,0,0,0,0,0,368,0,0,0,0,0,0,0,0,0,0,1,0,1,3,2,8,0
6409,272350,0,0,5,0,0,0,0,0,0,0,0,0,0,0,371,0,0,0,0,0,0,0,0,0,0,1,0,1,3,2,8,0
6410,272351,0,0,5,0,0,0,0,0,0,0,0,0,0,0,374,0,0,0,0,0,0,0,0,0,0,1,0,1,3,2,8,0
6411,272352,0,0,5,0,0,0,0,0,0,0,0,0,0,0,376,0,0,0,0,0,0,0,0,0,0,1,0,1,3,2,8,0
6412,272353,0,0,5,0,0,0,0,0,0,0,0,0,0,0,371,0,0,0,0,0,0,0,0,0,0,1,0,1,3,2,8,0
6413,272354,0,0,5,0,0,0,0,0,0,0,0,0,0,0,374,0,0,0,0,0,0,0,0,0,0,1,0,1,3,2,8,0
6414,272355,0,0,5,0,0,0,0,0,0,0,0,0,0,0,376,0,0,0,0,0,0,0,0,0,0,1,0,1,3,2,8,0
6415,272356,0,0,5,0,0,0,0,0,0,0,0,0,0,0,379,0,0,0,0,0,0,0,0,0,0,1,0,1,3,2,8,0
6416,272357,0,0,5,0,0,0,0,0,0,0,0,0,0,0,382,0,0,0,0,0,0,0,0,0,0,1,0,1,3,2,8,0
6417,272358,0,0,5,0,0,0,0,0,0,0,0,0,0,0,385,0,0,0,0,0,0,0,0,0,0,1,0,1,3,2,8,0
6418,272359,0,0,5,0,0,0,0,0,0,0,0,0,0,0,387,0,0,0,0,0,0,0,0,0,0,1,0,1,3,2,8,0
6419,272360,0,0,5,0,0,0,0,0,0,0,0,0,0,0,390,0,0,0,0,0,0,0,0,0,0,1,0,1,3,2,8,0
6420,272361,0,0,5,0,0,0,0,0,0,0,0,0,0,0,393,0,0,0,0,0,0,0,0,0,0,1,0,1,3,2,8,0
6421,272362,0,0,5,0,0,0,0,0,0,0,0,0,0,0,395,0,0,0,0,0,0,0,0,0,0,1,0,1,3,2,8,0
6422,272363,0,0,5,0,0,0,0,0,0,0,0,0,0,0,398,0,0,0,0,0,0,0,0,0,0,1,0,1,3,2,8,0
6423,272364,0,0,5,0,0,0,0,0,0,0,0,0,0,0,393,0,0,0,0,0,0,0,0,0,0,1,0,1,3,2,8,0
6424,272365,0,0,5,0,0,0,0,0,0,0,0,0,0,0,395,0,0,0,0,0,0,0,0,0,0,1,0,1,3,2,8,0
6425,272366,0,0,5,0,0,0,0,0,0,0,0,0,0,0,398,0,0,0,0,0,0,0,0,0,0,1,0,1,3,2,8,0
6426,272367,0,0,5,0,0,0,0,0,0,0,0,0,0,0,401,0,0,0,0,0,0,0,0,0,0,1,0,1,3,2,8,0
6427,272368,0,0,5,0,0,0,0,0,0,0,0,0,0,0,404,0,0,0,0,0,0,0,0,0,0,1,0,1,3,2,8,0
6428,272369,0,0,5,0,0,0,0,0,0,0,0,0,0,0,406,0,0,0,0,0,0,0,0,0,0,1,0,1,3,2,8,0
6429,272370,0,0,5,0,0,0,0,0,0,0,0,0,0,0,409,0,0,0,0,0,0,0,0,0,0,1,0,1,3,2,8,0
6430,272371,0,0,6,0,0,0,0,0,0,0,0,0,0,0,412,0,0,0,0,0,0,0,0,0,0,1,0,1,3,2,8,0
6431,272372,0,0,6,0,0,0,0,0,0,0,0,0,0,0,414,0,0,0,0,0,0,0,0,0,0,1,0,1,3,2,8,0
6432,272373,0,0,6,0,0,0,0,0,0,0,0,0,0,0,417,0,0,0,0,0,0,0,0,0,0,1,0,1,3,2,8,0
6433,272374,0,0,6,0,0,0,0,0,0,0,0,0,0,0,420,0,0,0,0,0,0,0,0,0,0,1,0,1,3,2,8,0
6434,272375,0,0,6,0,0,0,0,0,0,0,0,0,0,0,414,0,0,0,0,0,0,0,0,0,0,1,0,1,3,2,8,0
6435,272376,0,0,6,0,0,0,0,0,0,0,0,0,0,0,417,0,0,0,0,0,0,0,0,0,0,1,0,1,3,2,8,0
6436,272377,0,0,6,0,0,0,0,0,0,0,0,0,0,0,420,0,0,0,0,0,0,0,0,0,0,1,0,1,3,2,8,0
6437,272378,0,0,6,0,0,0,0,0,0,0,0,0,0,0,423,0,0,0,0,0,0,0,0,0,0,1,0,1,3,2,8,0
6438,272379,0,0,6,0,0,0,0,0,0,0,0,0,0,0,425,0,0,0,0,0,0,0,0,0,0,1,0,1,3,2,8,0
6439,272380,0,0,6,0,0,0,0,0,0,0,0,0,0,0,428,0,0,0,0,0,0,0,0,0,0,1,0,1,3,2,8,0
6440,272381,0,0,6,0,0,0,0,0,0,0,0,0,0,0,431,0,0,0,0,0,0,0,0,0,0,1,0,1,3,2,8,0
6441,272382,0,0,6,0,0,0,0,0,0,0,0,0,0,0,433,0,0,0,0,0,0,0,0,0,0,1,0,1,3,2,8,0
6442,272383,0,0,6,0,0,0,0,0,0,0,0,0,0,0,436,0,0,0,0,0,0,0,0,0,0,1,0,1,3,2,8,0
6443,272384,0,0,6,0,0,0,0,0,0,0,0,0,0,0,439,0,0,0,0,0,0,0,0,0,0,1,0,1,3,2,8,0
6444,272385,0,0,6,0,0,0,0,0,0,0,0,0,0,0,441,0,0,0,0,0,0,0,0,0,0,1,0,1,3,2,8,0
6445,272386,0,0,6,0,0,0,0,0,0,0,0,0,0,0,436,0,0,0,0,0,0,0,0,0,0,1,0,1,3,2,8,0
6446,272387,0,0,6,0,0,0,0,0,0,0,0,0,0,0,439,0,0,0,0,0,0,0,0,0,0,1,0,1,3,2,8,0
6447,272388,0,0,6,0,0,0,0,0,0,0,0,0,0,0,441,0,0,0,0,0,0,0,0,0,0,1,0,1,3,2,8,0
6448,272389,0,0,6,0,0,0,0,0,0,0,0,0,0,0,444,0,0,0,0,0,0,0,0,0,0,1,0,1,3,2,8,0
6449,272390,0,0,6,0,0,0,0,0,0,0,0,0,0,0,447,0,0,0,0,0,0,0,0,0,0,1,0,1,3,2,8,0
6450,272391,0,0,6,0,0,0,0,0,0,0,0,0,0,0,450,0,0,0,0,0,0,0,0,0,0,1,0,1,3,2,8,0
6451,272392,0,0,6,0,0,0,0,0,0,0,0,0,0,0,452,0,0,0,0,0,0,0,0,0,0,1,0,1,3,2,8,0
6452,272393,0,0,6,0,0,0,0,0,0,0,0,0,0,0,455,0,0,0,0,0,0,0,0,0,0,1,0,1,3,2,8,0
6453,272394,0,0,6,0,0,0,0,0,0,0,0,0,0,0,458,0,0,0,0,0,0,0,0,0,0,1,0,1,3,2,8,0
6454,272395,0,0,6,0,0,0,0,0,0,0,0,0,0,0,460,0,0,0,0,0,0,0,0,0,0,1,0,1,3,2,8,0
6455,272396,0,0,6,0,0,0,0,0,0,0,0,0,0,0,463,0,0,0,0,0,0,0,0,0,0,1,0,1,3,2,8,0
6456,272397,0,0,6,0,0,0,0,0,0,0,0,0,0,0,458,0,0,0,0,0,0,0,0,0,0,1,0,1,3,2,8,0
6457,272398,0,0,6,0,0,0,0,0,0,0,0,0,0,0,460,0,0,0,0,0,0,0,0,0,0,1,0,1,3,2,8,0
6458,272399,0,0,6,0,0,0,0,0,0,0,0,0,0,0,463,0,0,0,0,0,0,0,0,0,0,1,0,1,3,2,8,0
6459,272400,0,0,6,0,0,0,0,0,0,0,0,0,0,0,466,0,0,0,0,0,0,0,0,0,0,1,0,1,3,2,8,0
6460,272401,0,0,6,0,0,0,0,0,0,0,0,0,0,0,469,0,0,0,0,0,0,0,0,0,0,1,0,1,3,2,8,0
6461,272402,0,0,6,0,0,0,0,0,0,0,0,0,0,0,471,0,0,0,0,0,0,0,0,0,0,1,0,1,3,2,8,0
6462,272403,0,0,6,0,0,0,0,0,0,0,0,0,0,0,474,0,0,0,0,0,0,0,0,0,0,1,0,1,3,2,8,0
6463,272404,0,0,6,0,0,0,0,0,0,0,0,0,0,0,477,0,0,0,0,0,0,0,0,0,0,1,0,1,3,2,8,0
6464,272405,0,0,6,0,0,0,0,0,0,0,0,0,0,0,479,0,0,0,0,0,0,0,0,0,0,1,0,1,3,2,8,0
6465,272406,0,0,6,0,0,0,0,0,0,0,0,0,0,0,482,0,0,0,0,0,0,0,0,0,0,1,0,1,3,2,8,0
6466,272407,0,0,6,0,0,0,0,0,0,0,0,0,0,0,485,0,0,0,0,0,0,0,0,0,0,1,0,1,3,2,8,0
6467,272408,0,0,6,0,0,0,0,0,0,0,0,0,0,0,479,0,0,0,0,0,0,0,0,0,0,1,0,1,3,2,8,0
6468,272409,0,0,6,0,0,0,0,0,0,0,0,0,0,0,482,0,0,0,0,0,0,0,0,0,0,1,0,1,3,2,8,0
6469,272410,0,0,6,0,0,0,0,0,0,0,0,0,0,0,485,0,0,0,0,0,0,0,0,0,0,1,0,1,3,2,8,0
6470,272411,0,0,6,0,0,0,0,0,0,0,0,0,0,0,487,0,0,0,0,0,0,0,0,0,0,1,0,1,3,2,8,0
6471,272412,0,0,6,0,0,0,0,0,0,0,0,0,0,0,490,0,0,0,0,0,0,0,0,0,0,1,0,1,3,2,8,0
6472,272413,0,0,6,0,0,0,0,0,0,0,0,0,0,0,493,0,0,0,0,0,0,0,0,0,0,1,0,1,3,2,8,0
6473,272414,0,0,6,0,0,0,0,0,0,0,0,0,0,0,496,0,0,0,0,0,0,0,0,0,0,1,0,1,3,2,8,0
6474,272415,0,0,6,0,0,0,0,0,0,0,0,0,0,0,498,0,0,0,0,0,0,0,0,0,0,1,0,1,3,2,8,0
6475,272416,0,0,6,0,0,0,0,0,0,0,0,0,0,0,501,0,0,0,0,0,0,0,0,0,0,1,0,1,3,2,8,0
6476,272417,0,0,6,0,0,0,0,0,0,0,0,0,0,0,504,0,0,0,0,0,0,0,0,0,0,1,0,1,3,2,8,0
6477,272418,0,0,6,0,0,0,0,0,0,0,0,0,0,0,506,0,0,0,0,0,0,0,0,0,0,1,0,1,3,2,8,0
6478,272419,0,0,6,0,0,0,0,0,0,0,0,0,0,0,501,0,0,0,0,0,0,0,0,0,0,1,0,1,3,2,8,0
6479,272420,0,0,6,0,0,0,0,0,0,0,0,0,0,0,504,0,0,0,0,0,0,0,0,0,0,1,0,1,3,2,8,0
6480,272421,0,0,6,0,0,0,0,0,0,0,0,0,0,0,506,0,0,0,0,0,0,0,0,0,0,1,0,1,3,2,8,0
6481,272422,0,0,6,0,0,0,0,0,0,0,0,0,0,0,509,0,0,0,0,0,0,0,0,0,0,1,0,1,3,2,8,0
6482,272423,0,0,6,0,0,0,0,0,0,0,0,0,0,0,512,0,0,0,0,0,0,0,0,0,0,1,0,1,3,2,8,0
6483,272424,0,0,6,0,0,0,0,0,0,0,0,0,0,0,515,0,0,0,0,0,0,0,0,0,0,1,0,1,3,2,8,0
6484,272425,0,0,6,0,0,0,0,0,0,0,0,0,0,0,517,0,0,0,0,0,0,0,0,0,0,1,0,1,3,2,8,0
6485,272426,0,0,6,0,0,0,0,0,0,0,0,0,0,0,520,0,0,0,0,0,0,0,0,0,0,1,0,1,3,2,8,0
6486,273100,0,0,1,0,0,0,0,0,0,0,0,0,0,0,1,0,0,0,0,0,0,0,0,0,0,1,0,1,3,3,1,0
6487,273101,0,0,1,0,0,0,0,0,0,0,0,0,0,0,3,0,0,0,0,0,0,0,0,0,0,1,0,1,3,3,1,0
6488,273102,0,0,1,0,0,0,0,0,0,0,0,0,0,0,4,0,0,0,0,0,0,0,0,0,0,1,0,1,3,3,1,0
6489,273103,0,0,1,0,0,0,0,0,0,0,0,0,0,0,5,0,0,0,0,0,0,0,0,0,0,1,0,1,3,3,1,0
6490,273104,0,0,1,0,0,0,0,0,0,0,0,0,0,0,7,0,0,0,0,0,0,0,0,0,0,1,0,1,3,3,1,0
6491,273105,0,0,1,0,0,0,0,0,0,0,0,0,0,0,8,0,0,0,0,0,0,0,0,0,0,1,0,1,3,3,1,0
6492,273106,0,0,1,0,0,0,0,0,0,0,0,0,0,0,9,0,0,0,0,0,0,0,0,0,0,1,0,1,3,3,1,0
6493,273107,0,0,1,0,0,0,0,0,0,0,0,0,0,0,10,0,0,0,0,0,0,0,0,0,0,1,0,1,3,3,1,0
6494,273108,0,0,1,0,0,0,0,0,0,0,0,0,0,0,12,0,0,0,0,0,0,0,0,0,0,1,0,1,3,3,1,0
6495,273109,0,0,1,0,0,0,0,0,0,0,0,0,0,0,13,0,0,0,0,0,0,0,0,0,0,1,0,1,3,3,1,0
6496,273110,0,0,1,0,0,0,0,0,0,0,0,0,0,0,14,0,0,0,0,0,0,0,0,0,0,1,0,1,3,3,1,0
6497,273111,0,0,1,0,0,0,0,0,0,0,0,0,0,0,12,0,0,0,0,0,0,0,0,0,0,1,0,1,3,3,1,0
6498,273112,0,0,1,0,0,0,0,0,0,0,0,0,0,0,13,0,0,0,0,0,0,0,0,0,0,1,0,1,3,3,1,0
6499,273113,0,0,1,0,0,0,0,0,0,0,0,0,0,0,14,0,0,0,0,0,0,0,0,0,0,1,0,1,3,3,1,0
6500,273114,0,0,1,0,0,0,0,0,0,0,0,0,0,0,16,0,0,0,0,0,0,0,0,0,0,1,0,1,3,3,1,0
6501,273115,0,0,1,0,0,0,0,0,0,0,0,0,0,0,17,0,0,0,0,0,0,0,0,0,0,1,0,1,3,3,1,0
6502,273116,0,0,1,0,0,0,0,0,0,0,0,0,0,0,18,0,0,0,0,0,0,0,0,0,0,1,0,1,3,3,1,0
6503,273117,0,0,1,0,0,0,0,0,0,0,0,0,0,0,20,0,0,0,0,0,0,0,0,0,0,1,0,1,3,3,1,0
6504,273118,0,0,1,0,0,0,0,0,0,0,0,0,0,0,21,0,0,0,0,0,0,0,0,0,0,1,0,1,3,3,1,0
6505,273119,0,0,1,0,0,0,0,0,0,0,0,0,0,0,22,0,0,0,0,0,0,0,0,0,0,1,0,1,3,3,1,0
6506,273120,0,0,1,0,0,0,0,0,0,0,0,0,0,0,23,0,0,0,0,0,0,0,0,0,0,1,0,1,3,3,1,0
6507,273121,0,0,1,0,0,0,0,0,0,0,0,0,0,0,25,0,0,0,0,0,0,0,0,0,0,1,0,1,3,3,1,0
6508,273122,0,0,1,0,0,0,0,0,0,0,0,0,0,0,22,0,0,0,0,0,0,0,0,0,0,1,0,1,3,3,1,0
6509,273123,0,0,1,0,0,0,0,0,0,0,0,0,0,0,23,0,0,0,0,0,0,0,0,0,0,1,0,1,3,3,1,0
6510,273124,0,0,1,0,0,0,0,0,0,0,0,0,0,0,25,0,0,0,0,0,0,0,0,0,0,1,0,1,3,3,1,0
6511,273125,0,0,1,0,0,0,0,0,0,0,0,0,0,0,26,0,0,0,0,0,0,0,0,0,0,1,0,1,3,3,1,0
6512,273126,0,0,1,0,0,0,0,0,0,0,0,0,0,0,27,0,0,0,0,0,0,0,0,0,0,1,0,1,3,3,1,0
6513,273127,0,0,1,0,0,0,0,0,0,0,0,0,0,0,29,0,0,0,0,0,0,0,0,0,0,1,0,1,3,3,1,0
6514,273128,0,0,1,0,0,0,0,0,0,0,0,0,0,0,30,0,0,0,0,0,0,0,0,0,0,1,0,1,3,3,1,0
6515,273129,0,0,1,0,0,0,0,0,0,0,0,0,0,0,31,0,0,0,0,0,0,0,0,0,0,1,0,1,3,3,1,0
6516,273130,0,0,1,0,0,0,0,0,0,0,0,0,0,0,33,0,0,0,0,0,0,0,0,0,0,1,0,1,3,3,1,0
6517,273131,0,0,1,0,0,0,0,0,0,0,0,0,0,0,34,0,0,0,0,0,0,0,0,0,0,1,0,1,3,3,1,0
6518,273132,0,0,1,0,0,0,0,0,0,0,0,0,0,0,35,0,0,0,0,0,0,0,0,0,0,1,0,1,3,3,1,0
6519,273133,0,0,2,0,0,0,0,0,0,0,0,0,0,0,33,0,0,0,0,0,0,0,0,0,0,1,0,1,3,3,1,0
6520,273134,0,0,2,0,0,0,0,0,0,0,0,0,0,0,34,0,0,0,0,0,0,0,0,0,0,1,0,1,3,3,1,0
6521,273135,0,0,2,0,0,0,0,0,0,0,0,0,0,0,35,0,0,0,0,0,0,0,0,0,0,1,0,1,3,3,1,0
6522,273136,0,0,2,0,0,0,0,0,0,0,0,0,0,0,36,0,0,0,0,0,0,0,0,0,0,1,0,1,3,3,1,0
6523,273137,0,0,2,0,0,0,0,0,0,0,0,0,0,0,38,0,0,0,0,0,0,0,0,0,0,1,0,1,3,3,1,0
6524,273138,0,0,2,0,0,0,0,0,0,0,0,0,0,0,39,0,0,0,0,0,0,0,0,0,0,1,0,1,3,3,1,0
6525,273139,0,0,2,0,0,0,0,0,0,0,0,0,0,0,40,0,0,0,0,0,0,0,0,0,0,1,0,1,3,3,1,0
6526,273140,0,0,2,0,0,0,0,0,0,0,0,0,0,0,42,0,0,0,0,0,0,0,0,0,0,1,0,1,3,3,1,0
6527,273141,0,0,2,0,0,0,0,0,0,0,0,0,0,0,43,0,0,0,0,0,0,0,0,0,0,1,0,1,3,3,1,0
6528,273142,0,0,2,0,0,0,0,0,0,0,0,0,0,0,44,0,0,0,0,0,0,0,0,0,0,1,0,1,3,3,1,0
6529,273143,0,0,2,0,0,0,0,0,0,0,0,0,0,0,46,0,0,0,0,0,0,0,0,0,0,1,0,1,3,3,1,0
6530,273144,0,0,2,0,0,0,0,0,0,0,0,0,0,0,43,0,0,0,0,0,0,0,0,0,0,1,0,1,3,3,1,0
6531,273145,0,0,2,0,0,0,0,0,0,0,0,0,0,0,44,0,0,0,0,0,0,0,0,0,0,1,0,1,3,3,1,0
6532,273146,0,0,2,0,0,0,0,0,0,0,0,0,0,0,46,0,0,0,0,0,0,0,0,0,0,1,0,1,3,3,1,0
6533,273147,0,0,2,0,0,0,0,0,0,0,0,0,0,0,47,0,0,0,0,0,0,0,0,0,0,1,0,1,3,3,1,0
6534,273148,0,0,2,0,0,0,0,0,0,0,0,0,0,0,48,0,0,0,0,0,0,0,0,0,0,1,0,1,3,3,1,0
6535,273149,0,0,2,0,0,0,0,0,0,0,0,0,0,0,49,0,0,0,0,0,0,0,0,0,0,1,0,1,3,3,1,0
6536,273150,0,0,2,0,0,0,0,0,0,0,0,0,0,0,51,0,0,0,0,0,0,0,0,0,0,1,0,1,3,3,1,0
6537,273151,0,0,2,0,0,0,0,0,0,0,0,0,0,0,52,0,0,0,0,0,0,0,0,0,0,1,0,1,3,3,1,0
6538,273152,0,0,2,0,0,0,0,0,0,0,0,0,0,0,53,0,0,0,0,0,0,0,0,0,0,1,0,1,3,3,1,0
6539,273153,0,0,2,0,0,0,0,0,0,0,0,0,0,0,55,0,0,0,0,0,0,0,0,0,0,1,0,1,3,3,1,0
6540,273154,0,0,2,0,0,0,0,0,0,0,0,0,0,0,56,0,0,0,0,0,0,0,0,0,0,1,0,1,3,3,1,0
6541,273155,0,0,2,0,0,0,0,0,0,0,0,0,0,0,53,0,0,0,0,0,0,0,0,0,0,1,0,1,3,3,1,0
6542,273156,0,0,2,0,0,0,0,0,0,0,0,0,0,0,55,0,0,0,0,0,0,0,0,0,0,1,0,1,3,3,1,0
6543,273157,0,0,2,0,0,0,0,0,0,0,0,0,0,0,56,0,0,0,0,0,0,0,0,0,0,1,0,1,3,3,1,0
6544,273158,0,0,2,0,0,0,0,0,0,0,0,0,0,0,57,0,0,0,0,0,0,0,0,0,0,1,0,1,3,3,1,0
6545,273159,0,0,2,0,0,0,0,0,0,0,0,0,0,0,59,0,0,0,0,0,0,0,0,0,0,1,0,1,3,3,1,0
6546,273160,0,0,2,0,0,0,0,0,0,0,0,0,0,0,60,0,0,0,0,0,0,0,0,0,0,1,0,1,3,3,1,0
6547,273161,0,0,2,0,0,0,0,0,0,0,0,0,0,0,61,0,0,0,0,0,0,0,0,0,0,1,0,1,3,3,1,0
6548,273162,0,0,2,0,0,0,0,0,0,0,0,0,0,0,62,0,0,0,0,0,0,0,0,0,0,1,0,1,3,3,1,0
6549,273163,0,0,2,0,0,0,0,0,0,0,0,0,0,0,64,0,0,0,0,0,0,0,0,0,0,1,0,1,3,3,1,0
6550,273164,0,0,2,0,0,0,0,0,0,0,0,0,0,0,65,0,0,0,0,0,0,0,0,0,0,1,0,1,3,3,1,0
6551,273165,0,0,2,0,0,0,0,0,0,0,0,0,0,0,66,0,0,0,0,0,0,0,0,0,0,1,0,1,3,3,1,0
6552,273166,0,0,3,0,0,0,0,0,0,0,0,0,0,0,64,0,0,0,0,0,0,0,0,0,0,1,0,1,3,3,1,0
6553,273167,0,0,3,0,0,0,0,0,0,0,0,0,0,0,65,0,0,0,0,0,0,0,0,0,0,1,0,1,3,3,1,0
6554,273168,0,0,3,0,0,0,0,0,0,0,0,0,0,0,66,0,0,0,0,0,0,0,0,0,0,1,0,1,3,3,1,0
6555,273169,0,0,3,0,0,0,0,0,0,0,0,0,0,0,68,0,0,0,0,0,0,0,0,0,0,1,0,1,3,3,1,0
6556,273170,0,0,3,0,0,0,0,0,0,0,0,0,0,0,69,0,0,0,0,0,0,0,0,0,0,1,0,1,3,3,1,0
6557,273171,0,0,3,0,0,0,0,0,0,0,0,0,0,0,70,0,0,0,0,0,0,0,0,0,0,1,0,1,3,3,1,0
6558,273172,0,0,3,0,0,0,0,0,0,0,0,0,0,0,72,0,0,0,0,0,0,0,0,0,0,1,0,1,3,3,1,0
6559,273173,0,0,3,0,0,0,0,0,0,0,0,0,0,0,73,0,0,0,0,0,0,0,0,0,0,1,0,1,3,3,1,0
6560,273174,0,0,3,0,0,0,0,0,0,0,0,0,0,0,74,0,0,0,0,0,0,0,0,0,0,1,0,1,3,3,1,0
6561,273175,0,0,3,0,0,0,0,0,0,0,0,0,0,0,75,0,0,0,0,0,0,0,0,0,0,1,0,1,3,3,1,0
6562,273176,0,0,3,0,0,0,0,0,0,0,0,0,0,0,77,0,0,0,0,0,0,0,0,0,0,1,0,1,3,3,1,0
6563,273177,0,0,3,0,0,0,0,0,0,0,0,0,0,0,74,0,0,0,0,0,0,0,0,0,0,1,0,1,3,3,1,0
6564,273178,0,0,3,0,0,0,0,0,0,0,0,0,0,0,75,0,0,0,0,0,0,0,0,0,0,1,0,1,3,3,1,0
6565,273179,0,0,3,0,0,0,0,0,0,0,0,0,0,0,77,0,0,0,0,0,0,0,0,0,0,1,0,1,3,3,1,0
6566,273180,0,0,3,0,0,0,0,0,0,0,0,0,0,0,78,0,0,0,0,0,0,0,0,0,0,1,0,1,3,3,1,0
6567,273181,0,0,3,0,0,0,0,0,0,0,0,0,0,0,80,0,0,0,0,0,0,0,0,0,0,1,0,1,3,3,1,0
6568,273182,0,0,3,0,0,0,0,0,0,0,0,0,0,0,81,0,0,0,0,0,0,0,0,0,0,1,0,1,3,3,1,0
6569,273183,0,0,3,0,0,0,0,0,0,0,0,0,0,0,83,0,0,0,0,0,0,0,0,0,0,1,0,1,3,3,1,0
6570,273184,0,0,3,0,0,0,0,0,0,0,0,0,0,0,85,0,0,0,0,0,0,0,0,0,0,1,0,1,3,3,1,0
6571,273185,0,0,3,0,0,0,0,0,0,0,0,0,0,0,87,0,0,0,0,0,0,0,0,0,0,1,0,1,3,3,1,0
6572,273186,0,0,3,0,0,0,0,0,0,0,0,0,0,0,88,0,0,0,0,0,0,0,0,0,0,1,0,1,3,3,1,0
6573,273187,0,0,3,0,0,0,0,0,0,0,0,0,0,0,90,0,0,0,0,0,0,0,0,0,0,1,0,1,3,3,1,0
6574,273188,0,0,3,0,0,0,0,0,0,0,0,0,0,0,87,0,0,0,0,0,0,0,0,0,0,1,0,1,3,3,1,0
6575,273189,0,0,3,0,0,0,0,0,0,0,0,0,0,0,88,0,0,0,0,0,0,0,0,0,0,1,0,1,3,3,1,0
6576,273190,0,0,3,0,0,0,0,0,0,0,0,0,0,0,90,0,0,0,0,0,0,0,0,0,0,1,0,1,3,3,1,0
6577,273191,0,0,3,0,0,0,0,0,0,0,0,0,0,0,92,0,0,0,0,0,0,0,0,0,0,1,0,1,3,3,1,0
6578,273192,0,0,3,0,0,0,0,0,0,0,0,0,0,0,94,0,0,0,0,0,0,0,0,0,0,1,0,1,3,3,1,0
6579,273193,0,0,3,0,0,0,0,0,0,0,0,0,0,0,95,0,0,0,0,0,0,0,0,0,0,1,0,1,3,3,1,0
6580,273194,0,0,3,0,0,0,0,0,0,0,0,0,0,0,97,0,0,0,0,0,0,0,0,0,0,1,0,1,3,3,1,0
6581,273195,0,0,3,0,0,0,0,0,0,0,0,0,0,0,99,0,0,0,0,0,0,0,0,0,0,1,0,1,3,3,1,0
6582,273196,0,0,3,0,0,0,0,0,0,0,0,0,0,0,101,0,0,0,0,0,0,0,0,0,0,1,0,1,3,3,1,0
6583,273197,0,0,3,0,0,0,0,0,0,0,0,0,0,0,102,0,0,0,0,0,0,0,0,0,0,1,0,1,3,3,1,0
6584,273198,0,0,3,0,0,0,0,0,0,0,0,0,0,0,104,0,0,0,0,0,0,0,0,0,0,1,0,1,3,3,1,0
6585,273199,0,0,4,0,0,0,0,0,0,0,0,0,0,0,101,0,0,0,0,0,0,0,0,0,0,1,0,1,3,3,1,0
6586,273200,0,0,4,0,0,0,0,0,0,0,0,0,0,0,102,0,0,0,0,0,0,0,0,0,0,1,0,1,3,3,1,0
6587,273201,0,0,4,0,0,0,0,0,0,0,0,0,0,0,104,0,0,0,0,0,0,0,0,0,0,1,0,1,3,3,1,0
6588,273202,0,0,4,0,0,0,0,0,0,0,0,0,0,0,106,0,0,0,0,0,0,0,0,0,0,1,0,1,3,3,1,0
6589,273203,0,0,4,0,0,0,0,0,0,0,0,0,0,0,107,0,0,0,0,0,0,0,0,0,0,1,0,1,3,3,1,0
6590,273204,0,0,4,0,0,0,0,0,0,0,0,0,0,0,109,0,0,0,0,0,0,0,0,0,0,1,0,1,3,3,1,0
6591,273205,0,0,4,0,0,0,0,0,0,0,0,0,0,0,111,0,0,0,0,0,0,0,0,0,0,1,0,1,3,3,1,0
6592,273206,0,0,4,0,0,0,0,0,0,0,0,0,0,0,113,0,0,0,0,0,0,0,0,0,0,1,0,1,3,3,1,0
6593,273207,0,0,4,0,0,0,0,0,0,0,0,0,0,0,114,0,0,0,0,0,0,0,0,0,0,1,0,1,3,3,1,0
6594,273208,0,0,4,0,0,0,0,0,0,0,0,0,0,0,116,0,0,0,0,0,0,0,0,0,0,1,0,1,3,3,1,0
6595,273209,0,0,4,0,0,0,0,0,0,0,0,0,0,0,118,0,0,0,0,0,0,0,0,0,0,1,0,1,3,3,1,0
6596,273210,0,0,4,0,0,0,0,0,0,0,0,0,0,0,114,0,0,0,0,0,0,0,0,0,0,1,0,1,3,3,1,0
6597,273211,0,0,4,0,0,0,0,0,0,0,0,0,0,0,116,0,0,0,0,0,0,0,0,0,0,1,0,1,3,3,1,0
6598,273212,0,0,4,0,0,0,0,0,0,0,0,0,0,0,118,0,0,0,0,0,0,0,0,0,0,1,0,1,3,3,1,0
6599,273213,0,0,4,0,0,0,0,0,0,0,0,0,0,0,120,0,0,0,0,0,0,0,0,0,0,1,0,1,3,3,1,0
6600,273214,0,0,4,0,0,0,0,0,0,0,0,0,0,0,121,0,0,0,0,0,0,0,0,0,0,1,0,1,3,3,1,0
6601,273215,0,0,4,0,0,0,0,0,0,0,0,0,0,0,123,0,0,0,0,0,0,0,0,0,0,1,0,1,3,3,1,0
6602,273216,0,0,4,0,0,0,0,0,0,0,0,0,0,0,125,0,0,0,0,0,0,0,0,0,0,1,0,1,3,3,1,0
6603,273217,0,0,4,0,0,0,0,0,0,0,0,0,0,0,127,0,0,0,0,0,0,0,0,0,0,1,0,1,3,3,1,0
6604,273218,0,0,4,0,0,0,0,0,0,0,0,0,0,0,128,0,0,0,0,0,0,0,0,0,0,1,0,1,3,3,1,0
6605,273219,0,0,4,0,0,0,0,0,0,0,0,0,0,0,130,0,0,0,0,0,0,0,0,0,0,1,0,1,3,3,1,0
6606,273220,0,0,4,0,0,0,0,0,0,0,0,0,0,0,132,0,0,0,0,0,0,0,0,0,0,1,0,1,3,3,1,0
6607,273221,0,0,4,0,0,0,0,0,0,0,0,0,0,0,128,0,0,0,0,0,0,0,0,0,0,1,0,1,3,3,1,0
6608,273222,0,0,4,0,0,0,0,0,0,0,0,0,0,0,130,0,0,0,0,0,0,0,0,0,0,1,0,1,3,3,1,0
6609,273223,0,0,4,0,0,0,0,0,0,0,0,0,0,0,132,0,0,0,0,0,0,0,0,0,0,1,0,1,3,3,1,0
6610,273224,0,0,4,0,0,0,0,0,0,0,0,0,0,0,133,0,0,0,0,0,0,0,0,0,0,1,0,1,3,3,1,0
6611,273225,0,0,4,0,0,0,0,0,0,0,0,0,0,0,135,0,0,0,0,0,0,0,0,0,0,1,0,1,3,3,1,0
6612,273226,0,0,4,0,0,0,0,0,0,0,0,0,0,0,137,0,0,0,0,0,0,0,0,0,0,1,0,1,3,3,1,0
6613,273227,0,0,4,0,0,0,0,0,0,0,0,0,0,0,139,0,0,0,0,0,0,0,0,0,0,1,0,1,3,3,1,0
6614,273228,0,0,4,0,0,0,0,0,0,0,0,0,0,0,140,0,0,0,0,0,0,0,0,0,0,1,0,1,3,3,1,0
6615,273229,0,0,4,0,0,0,0,0,0,0,0,0,0,0,142,0,0,0,0,0,0,0,0,0,0,1,0,1,3,3,1,0
6616,273230,0,0,4,0,0,0,0,0,0,0,0,0,0,0,144,0,0,0,0,0,0,0,0,0,0,1,0,1,3,3,1,0
6617,273231,0,0,4,0,0,0,0,0,0,0,0,0,0,0,146,0,0,0,0,0,0,0,0,0,0,1,0,1,3,3,1,0
6618,273232,0,0,5,0,0,0,0,0,0,0,0,0,0,0,142,0,0,0,0,0,0,0,0,0,0,1,0,1,3,3,1,0
6619,273233,0,0,5,0,0,0,0,0,0,0,0,0,0,0,144,0,0,0,0,0,0,0,0,0,0,1,0,1,3,3,1,0
6620,273234,0,0,5,0,0,0,0,0,0,0,0,0,0,0,146,0,0,0,0,0,0,0,0,0,0,1,0,1,3,3,1,0
6621,273235,0,0,5,0,0,0,0,0,0,0,0,0,0,0,147,0,0,0,0,0,0,0,0,0,0,1,0,1,3,3,1,0
6622,273236,0,0,5,0,0,0,0,0,0,0,0,0,0,0,149,0,0,0,0,0,0,0,0,0,0,1,0,1,3,3,1,0
6623,273237,0,0,5,0,0,0,0,0,0,0,0,0,0,0,151,0,0,0,0,0,0,0,0,0,0,1,0,1,3,3,1,0
6624,273238,0,0,5,0,0,0,0,0,0,0,0,0,0,0,153,0,0,0,0,0,0,0,0,0,0,1,0,1,3,3,1,0
6625,273239,0,0,5,0,0,0,0,0,0,0,0,0,0,0,154,0,0,0,0,0,0,0,0,0,0,1,0,1,3,3,1,0
6626,273240,0,0,5,0,0,0,0,0,0,0,0,0,0,0,156,0,0,0,0,0,0,0,0,0,0,1,0,1,3,3,1,0
6627,273241,0,0,5,0,0,0,0,0,0,0,0,0,0,0,158,0,0,0,0,0,0,0,0,0,0,1,0,1,3,3,1,0
6628,273242,0,0,5,0,0,0,0,0,0,0,0,0,0,0,159,0,0,0,0,0,0,0,0,0,0,1,0,1,3,3,1,0
6629,273243,0,0,5,0,0,0,0,0,0,0,0,0,0,0,156,0,0,0,0,0,0,0,0,0,0,1,0,1,3,3,1,0
6630,273244,0,0,5,0,0,0,0,0,0,0,0,0,0,0,158,0,0,0,0,0,0,0,0,0,0,1,0,1,3,3,1,0
6631,273245,0,0,5,0,0,0,0,0,0,0,0,0,0,0,159,0,0,0,0,0,0,0,0,0,0,1,0,1,3,3,1,0
6632,273246,0,0,5,0,0,0,0,0,0,0,0,0,0,0,161,0,0,0,0,0,0,0,0,0,0,1,0,1,3,3,1,0
6633,273247,0,0,5,0,0,0,0,0,0,0,0,0,0,0,163,0,0,0,0,0,0,0,0,0,0,1,0,1,3,3,1,0
6634,273248,0,0,5,0,0,0,0,0,0,0,0,0,0,0,165,0,0,0,0,0,0,0,0,0,0,1,0,1,3,3,1,0
6635,273249,0,0,5,0,0,0,0,0,0,0,0,0,0,0,166,0,0,0,0,0,0,0,0,0,0,1,0,1,3,3,1,0
6636,273250,0,0,5,0,0,0,0,0,0,0,0,0,0,0,168,0,0,0,0,0,0,0,0,0,0,1,0,1,3,3,1,0
6637,273251,0,0,5,0,0,0,0,0,0,0,0,0,0,0,170,0,0,0,0,0,0,0,0,0,0,1,0,1,3,3,1,0
6638,273252,0,0,5,0,0,0,0,0,0,0,0,0,0,0,172,0,0,0,0,0,0,0,0,0,0,1,0,1,3,3,1,0
6639,273253,0,0,5,0,0,0,0,0,0,0,0,0,0,0,173,0,0,0,0,0,0,0,0,0,0,1,0,1,3,3,1,0
6640,273254,0,0,5,0,0,0,0,0,0,0,0,0,0,0,170,0,0,0,0,0,0,0,0,0,0,1,0,1,3,3,1,0
6641,273255,0,0,5,0,0,0,0,0,0,0,0,0,0,0,172,0,0,0,0,0,0,0,0,0,0,1,0,1,3,3,1,0
6642,273256,0,0,5,0,0,0,0,0,0,0,0,0,0,0,173,0,0,0,0,0,0,0,0,0,0,1,0,1,3,3,1,0
6643,273257,0,0,5,0,0,0,0,0,0,0,0,0,0,0,175,0,0,0,0,0,0,0,0,0,0,1,0,1,3,3,1,0
6644,273258,0,0,5,0,0,0,0,0,0,0,0,0,0,0,177,0,0,0,0,0,0,0,0,0,0,1,0,1,3,3,1,0
6645,273259,0,0,5,0,0,0,0,0,0,0,0,0,0,0,179,0,0,0,0,0,0,0,0,0,0,1,0,1,3,3,1,0
6646,273260,0,0,5,0,0,0,0,0,0,0,0,0,0,0,180,0,0,0,0,0,0,0,0,0,0,1,0,1,3,3,1,0
6647,273261,0,0,5,0,0,0,0,0,0,0,0,0,0,0,182,0,0,0,0,0,0,0,0,0,0,1,0,1,3,3,1,0
6648,273262,0,0,5,0,0,0,0,0,0,0,0,0,0,0,184,0,0,0,0,0,0,0,0,0,0,1,0,1,3,3,1,0
6649,273263,0,0,5,0,0,0,0,0,0,0,0,0,0,0,185,0,0,0,0,0,0,0,0,0,0,1,0,1,3,3,1,0
6650,273264,0,0,5,0,0,0,0,0,0,0,0,0,0,0,187,0,0,0,0,0,0,0,0,0,0,1,0,1,3,3,1,0
6651,273265,0,0,5,0,0,0,0,0,0,0,0,0,0,0,184,0,0,0,0,0,0,0,0,0,0,1,0,1,3,3,1,0
6652,273266,0,0,5,0,0,0,0,0,0,0,0,0,0,0,185,0,0,0,0,0,0,0,0,0,0,1,0,1,3,3,1,0
6653,273267,0,0,5,0,0,0,0,0,0,0,0,0,0,0,187,0,0,0,0,0,0,0,0,0,0,1,0,1,3,3,1,0
6654,273268,0,0,5,0,0,0,0,0,0,0,0,0,0,0,189,0,0,0,0,0,0,0,0,0,0,1,0,1,3,3,1,0
6655,273269,0,0,5,0,0,0,0,0,0,0,0,0,0,0,191,0,0,0,0,0,0,0,0,0,0,1,0,1,3,3,1,0
6656,273270,0,0,5,0,0,0,0,0,0,0,0,0,0,0,192,0,0,0,0,0,0,0,0,0,0,1,0,1,3,3,1,0
6657,273271,0,0,5,0,0,0,0,0,0,0,0,0,0,0,194,0,0,0,0,0,0,0,0,0,0,1,0,1,3,3,1,0
6658,273272,0,0,5,0,0,0,0,0,0,0,0,0,0,0,196,0,0,0,0,0,0,0,0,0,0,1,0,1,3,3,1,0
6659,273273,0,0,5,0,0,0,0,0,0,0,0,0,0,0,198,0,0,0,0,0,0,0,0,0,0,1,0,1,3,3,1,0
6660,273274,0,0,5,0,0,0,0,0,0,0,0,0,0,0,199,0,0,0,0,0,0,0,0,0,0,1,0,1,3,3,1,0
6661,273275,0,0,5,0,0,0,0,0,0,0,0,0,0,0,201,0,0,0,0,0,0,0,0,0,0,1,0,1,3,3,1,0
6662,273276,0,0,5,0,0,0,0,0,0,0,0,0,0,0,198,0,0,0,0,0,0,0,0,0,0,1,0,1,3,3,1,0
6663,273277,0,0,5,0,0,0,0,0,0,0,0,0,0,0,199,0,0,0,0,0,0,0,0,0,0,1,0,1,3,3,1,0
6664,273278,0,0,5,0,0,0,0,0,0,0,0,0,0,0,201,0,0,0,0,0,0,0,0,0,0,1,0,1,3,3,1,0
6665,273279,0,0,5,0,0,0,0,0,0,0,0,0,0,0,203,0,0,0,0,0,0,0,0,0,0,1,0,1,3,3,1,0
6666,273280,0,0,5,0,0,0,0,0,0,0,0,0,0,0,205,0,0,0,0,0,0,0,0,0,0,1,0,1,3,3,1,0
6667,273281,0,0,5,0,0,0,0,0,0,0,0,0,0,0,206,0,0,0,0,0,0,0,0,0,0,1,0,1,3,3,1,0
6668,273282,0,0,5,0,0,0,0,0,0,0,0,0,0,0,208,0,0,0,0,0,0,0,0,0,0,1,0,1,3,3,1,0
6669,273283,0,0,5,0,0,0,0,0,0,0,0,0,0,0,210,0,0,0,0,0,0,0,0,0,0,1,0,1,3,3,1,0
6670,273284,0,0,5,0,0,0,0,0,0,0,0,0,0,0,211,0,0,0,0,0,0,0,0,0,0,1,0,1,3,3,1,0
6671,273285,0,0,5,0,0,0,0,0,0,0,0,0,0,0,213,0,0,0,0,0,0,0,0,0,0,1,0,1,3,3,1,0
6672,273286,0,0,5,0,0,0,0,0,0,0,0,0,0,0,215,0,0,0,0,0,0,0,0,0,0,1,0,1,3,3,1,0
6673,273287,0,0,5,0,0,0,0,0,0,0,0,0,0,0,211,0,0,0,0,0,0,0,0,0,0,1,0,1,3,3,1,0
6674,273288,0,0,5,0,0,0,0,0,0,0,0,0,0,0,213,0,0,0,0,0,0,0,0,0,0,1,0,1,3,3,1,0
6675,273289,0,0,5,0,0,0,0,0,0,0,0,0,0,0,215,0,0,0,0,0,0,0,0,0,0,1,0,1,3,3,1,0
6676,273290,0,0,5,0,0,0,0,0,0,0,0,0,0,0,217,0,0,0,0,0,0,0,0,0,0,1,0,1,3,3,1,0
6677,273291,0,0,5,0,0,0,0,0,0,0,0,0,0,0,218,0,0,0,0,0,0,0,0,0,0,1,0,1,3,3,1,0
6678,273292,0,0,5,0,0,0,0,0,0,0,0,0,0,0,220,0,0,0,0,0,0,0,0,0,0,1,0,1,3,3,1,0
6679,273293,0,0,5,0,0,0,0,0,0,0,0,0,0,0,222,0,0,0,0,0,0,0,0,0,0,1,0,1,3,3,1,0
6680,273294,0,0,5,0,0,0,0,0,0,0,0,0,0,0,224,0,0,0,0,0,0,0,0,0,0,1,0,1,3,3,1,0
6681,273295,0,0,5,0,0,0,0,0,0,0,0,0,0,0,225,0,0,0,0,0,0,0,0,0,0,1,0,1,3,3,1,0
6682,273296,0,0,5,0,0,0,0,0,0,0,0,0,0,0,227,0,0,0,0,0,0,0,0,0,0,1,0,1,3,3,1,0
6683,273297,0,0,5,0,0,0,0,0,0,0,0,0,0,0,229,0,0,0,0,0,0,0,0,0,0,1,0,1,3,3,1,0
6684,273298,0,0,5,0,0,0,0,0,0,0,0,0,0,0,225,0,0,0,0,0,0,0,0,0,0,1,0,1,3,3,1,0
6685,273299,0,0,5,0,0,0,0,0,0,0,0,0,0,0,227,0,0,0,0,0,0,0,0,0,0,1,0,1,3,3,1,0
6686,273300,0,0,5,0,0,0,0,0,0,0,0,0,0,0,229,0,0,0,0,0,0,0,0,0,0,1,0,1,3,3,1,0
6687,273301,0,0,5,0,0,0,0,0,0,0,0,0,0,0,231,0,0,0,0,0,0,0,0,0,0,1,0,1,3,3,1,0
6688,273302,0,0,5,0,0,0,0,0,0,0,0,0,0,0,232,0,0,0,0,0,0,0,0,0,0,1,0,1,3,3,1,0
6689,273303,0,0,5,0,0,0,0,0,0,0,0,0,0,0,234,0,0,0,0,0,0,0,0,0,0,1,0,1,3,3,1,0
6690,273304,0,0,5,0,0,0,0,0,0,0,0,0,0,0,236,0,0,0,0,0,0,0,0,0,0,1,0,1,3,3,1,0
6691,273305,0,0,5,0,0,0,0,0,0,0,0,0,0,0,237,0,0,0,0,0,0,0,0,0,0,1,0,1,3,3,1,0
6692,273306,0,0,5,0,0,0,0,0,0,0,0,0,0,0,239,0,0,0,0,0,0,0,0,0,0,1,0,1,3,3,1,0
6693,273307,0,0,5,0,0,0,0,0,0,0,0,0,0,0,241,0,0,0,0,0,0,0,0,0,0,1,0,1,3,3,1,0
6694,273308,0,0,5,0,0,0,0,0,0,0,0,0,0,0,243,0,0,0,0,0,0,0,0,0,0,1,0,1,3,3,1,0
6695,273309,0,0,5,0,0,0,0,0,0,0,0,0,0,0,239,0,0,0,0,0,0,0,0,0,0,1,0,1,3,3,1,0
6696,273310,0,0,5,0,0,0,0,0,0,0,0,0,0,0,241,0,0,0,0,0,0,0,0,0,0,1,0,1,3,3,1,0
6697,273311,0,0,5,0,0,0,0,0,0,0,0,0,0,0,243,0,0,0,0,0,0,0,0,0,0,1,0,1,3,3,1,0
6698,273312,0,0,5,0,0,0,0,0,0,0,0,0,0,0,244,0,0,0,0,0,0,0,0,0,0,1,0,1,3,3,1,0
6699,273313,0,0,5,0,0,0,0,0,0,0,0,0,0,0,246,0,0,0,0,0,0,0,0,0,0,1,0,1,3,3,1,0
6700,273314,0,0,5,0,0,0,0,0,0,0,0,0,0,0,248,0,0,0,0,0,0,0,0,0,0,1,0,1,3,3,1,0
6701,273315,0,0,5,0,0,0,0,0,0,0,0,0,0,0,250,0,0,0,0,0,0,0,0,0,0,1,0,1,3,3,1,0
6702,273316,0,0,5,0,0,0,0,0,0,0,0,0,0,0,251,0,0,0,0,0,0,0,0,0,0,1,0,1,3,3,1,0
6703,273317,0,0,5,0,0,0,0,0,0,0,0,0,0,0,253,0,0,0,0,0,0,0,0,0,0,1,0,1,3,3,1,0
6704,273318,0,0,5,0,0,0,0,0,0,0,0,0,0,0,255,0,0,0,0,0,0,0,0,0,0,1,0,1,3,3,1,0
6705,273319,0,0,5,0,0,0,0,0,0,0,0,0,0,0,257,0,0,0,0,0,0,0,0,0,0,1,0,1,3,3,1,0
6706,273320,0,0,5,0,0,0,0,0,0,0,0,0,0,0,253,0,0,0,0,0,0,0,0,0,0,1,0,1,3,3,1,0
6707,273321,0,0,5,0,0,0,0,0,0,0,0,0,0,0,255,0,0,0,0,0,0,0,0,0,0,1,0,1,3,3,1,0
6708,273322,0,0,5,0,0,0,0,0,0,0,0,0,0,0,257,0,0,0,0,0,0,0,0,0,0,1,0,1,3,3,1,0
6709,273323,0,0,5,0,0,0,0,0,0,0,0,0,0,0,258,0,0,0,0,0,0,0,0,0,0,1,0,1,3,3,1,0
6710,273324,0,0,5,0,0,0,0,0,0,0,0,0,0,0,260,0,0,0,0,0,0,0,0,0,0,1,0,1,3,3,1,0
6711,273325,0,0,5,0,0,0,0,0,0,0,0,0,0,0,262,0,0,0,0,0,0,0,0,0,0,1,0,1,3,3,1,0
6712,273326,0,0,5,0,0,0,0,0,0,0,0,0,0,0,263,0,0,0,0,0,0,0,0,0,0,1,0,1,3,3,1,0
6713,273327,0,0,5,0,0,0,0,0,0,0,0,0,0,0,265,0,0,0,0,0,0,0,0,0,0,1,0,1,3,3,1,0
6714,273328,0,0,5,0,0,0,0,0,0,0,0,0,0,0,267,0,0,0,0,0,0,0,0,0,0,1,0,1,3,3,1,0
6715,273329,0,0,5,0,0,0,0,0,0,0,0,0,0,0,269,0,0,0,0,0,0,0,0,0,0,1,0,1,3,3,1,0
6716,273330,0,0,5,0,0,0,0,0,0,0,0,0,0,0,270,0,0,0,0,0,0,0,0,0,0,1,0,1,3,3,1,0
6717,273331,0,0,5,0,0,0,0,0,0,0,0,0,0,0,267,0,0,0,0,0,0,0,0,0,0,1,0,1,3,3,1,0
6718,273332,0,0,5,0,0,0,0,0,0,0,0,0,0,0,269,0,0,0,0,0,0,0,0,0,0,1,0,1,3,3,1,0
6719,273333,0,0,5,0,0,0,0,0,0,0,0,0,0,0,270,0,0,0,0,0,0,0,0,0,0,1,0,1,3,3,1,0
6720,273334,0,0,5,0,0,0,0,0,0,0,0,0,0,0,272,0,0,0,0,0,0,0,0,0,0,1,0,1,3,3,1,0
6721,273335,0,0,5,0,0,0,0,0,0,0,0,0,0,0,274,0,0,0,0,0,0,0,0,0,0,1,0,1,3,3,1,0
6722,273336,0,0,5,0,0,0,0,0,0,0,0,0,0,0,276,0,0,0,0,0,0,0,0,0,0,1,0,1,3,3,1,0
6723,273337,0,0,5,0,0,0,0,0,0,0,0,0,0,0,277,0,0,0,0,0,0,0,0,0,0,1,0,1,3,3,1,0
6724,273338,0,0,5,0,0,0,0,0,0,0,0,0,0,0,279,0,0,0,0,0,0,0,0,0,0,1,0,1,3,3,1,0
6725,273339,0,0,5,0,0,0,0,0,0,0,0,0,0,0,281,0,0,0,0,0,0,0,0,0,0,1,0,1,3,3,1,0
6726,273340,0,0,5,0,0,0,0,0,0,0,0,0,0,0,283,0,0,0,0,0,0,0,0,0,0,1,0,1,3,3,1,0
6727,273341,0,0,5,0,0,0,0,0,0,0,0,0,0,0,284,0,0,0,0,0,0,0,0,0,0,1,0,1,3,3,1,0
6728,273342,0,0,5,0,0,0,0,0,0,0,0,0,0,0,281,0,0,0,0,0,0,0,0,0,0,1,0,1,3,3,1,0
6729,273343,0,0,5,0,0,0,0,0,0,0,0,0,0,0,283,0,0,0,0,0,0,0,0,0,0,1,0,1,3,3,1,0
6730,273344,0,0,5,0,0,0,0,0,0,0,0,0,0,0,284,0,0,0,0,0,0,0,0,0,0,1,0,1,3,3,1,0
6731,273345,0,0,5,0,0,0,0,0,0,0,0,0,0,0,286,0,0,0,0,0,0,0,0,0,0,1,0,1,3,3,1,0
6732,273346,0,0,5,0,0,0,0,0,0,0,0,0,0,0,288,0,0,0,0,0,0,0,0,0,0,1,0,1,3,3,1,0
6733,273347,0,0,5,0,0,0,0,0,0,0,0,0,0,0,290,0,0,0,0,0,0,0,0,0,0,1,0,1,3,3,1,0
6734,273348,0,0,5,0,0,0,0,0,0,0,0,0,0,0,293,0,0,0,0,0,0,0,0,0,0,1,0,1,3,3,1,0
6735,273349,0,0,5,0,0,0,0,0,0,0,0,0,0,0,295,0,0,0,0,0,0,0,0,0,0,1,0,1,3,3,1,0
6736,273350,0,0,5,0,0,0,0,0,0,0,0,0,0,0,297,0,0,0,0,0,0,0,0,0,0,1,0,1,3,3,1,0
6737,273351,0,0,5,0,0,0,0,0,0,0,0,0,0,0,299,0,0,0,0,0,0,0,0,0,0,1,0,1,3,3,1,0
6738,273352,0,0,5,0,0,0,0,0,0,0,0,0,0,0,301,0,0,0,0,0,0,0,0,0,0,1,0,1,3,3,1,0
6739,273353,0,0,5,0,0,0,0,0,0,0,0,0,0,0,297,0,0,0,0,0,0,0,0,0,0,1,0,1,3,3,1,0
6740,273354,0,0,5,0,0,0,0,0,0,0,0,0,0,0,299,0,0,0,0,0,0,0,0,0,0,1,0,1,3,3,1,0
6741,273355,0,0,5,0,0,0,0,0,0,0,0,0,0,0,301,0,0,0,0,0,0,0,0,0,0,1,0,1,3,3,1,0
6742,273356,0,0,5,0,0,0,0,0,0,0,0,0,0,0,303,0,0,0,0,0,0,0,0,0,0,1,0,1,3,3,1,0
6743,273357,0,0,5,0,0,0,0,0,0,0,0,0,0,0,306,0,0,0,0,0,0,0,0,0,0,1,0,1,3,3,1,0
6744,273358,0,0,5,0,0,0,0,0,0,0,0,0,0,0,308,0,0,0,0,0,0,0,0,0,0,1,0,1,3,3,1,0
6745,273359,0,0,5,0,0,0,0,0,0,0,0,0,0,0,310,0,0,0,0,0,0,0,0,0,0,1,0,1,3,3,1,0
6746,273360,0,0,5,0,0,0,0,0,0,0,0,0,0,0,312,0,0,0,0,0,0,0,0,0,0,1,0,1,3,3,1,0
6747,273361,0,0,5,0,0,0,0,0,0,0,0,0,0,0,314,0,0,0,0,0,0,0,0,0,0,1,0,1,3,3,1,0
6748,273362,0,0,5,0,0,0,0,0,0,0,0,0,0,0,316,0,0,0,0,0,0,0,0,0,0,1,0,1,3,3,1,0
6749,273363,0,0,5,0,0,0,0,0,0,0,0,0,0,0,319,0,0,0,0,0,0,0,0,0,0,1,0,1,3,3,1,0
6750,273364,0,0,5,0,0,0,0,0,0,0,0,0,0,0,314,0,0,0,0,0,0,0,0,0,0,1,0,1,3,3,1,0
6751,273365,0,0,5,0,0,0,0,0,0,0,0,0,0,0,316,0,0,0,0,0,0,0,0,0,0,1,0,1,3,3,1,0
6752,273366,0,0,5,0,0,0,0,0,0,0,0,0,0,0,319,0,0,0,0,0,0,0,0,0,0,1,0,1,3,3,1,0
6753,273367,0,0,5,0,0,0,0,0,0,0,0,0,0,0,321,0,0,0,0,0,0,0,0,0,0,1,0,1,3,3,1,0
6754,273368,0,0,5,0,0,0,0,0,0,0,0,0,0,0,323,0,0,0,0,0,0,0,0,0,0,1,0,1,3,3,1,0
6755,273369,0,0,5,0,0,0,0,0,0,0,0,0,0,0,325,0,0,0,0,0,0,0,0,0,0,1,0,1,3,3,1,0
6756,273370,0,0,5,0,0,0,0,0,0,0,0,0,0,0,327,0,0,0,0,0,0,0,0,0,0,1,0,1,3,3,1,0
6757,273371,0,0,6,0,0,0,0,0,0,0,0,0,0,0,329,0,0,0,0,0,0,0,0,0,0,1,0,1,3,3,1,0
6758,273372,0,0,6,0,0,0,0,0,0,0,0,0,0,0,332,0,0,0,0,0,0,0,0,0,0,1,0,1,3,3,1,0
6759,273373,0,0,6,0,0,0,0,0,0,0,0,0,0,0,334,0,0,0,0,0,0,0,0,0,0,1,0,1,3,3,1,0
6760,273374,0,0,6,0,0,0,0,0,0,0,0,0,0,0,336,0,0,0,0,0,0,0,0,0,0,1,0,1,3,3,1,0
6761,273375,0,0,6,0,0,0,0,0,0,0,0,0,0,0,332,0,0,0,0,0,0,0,0,0,0,1,0,1,3,3,1,0
6762,273376,0,0,6,0,0,0,0,0,0,0,0,0,0,0,334,0,0,0,0,0,0,0,0,0,0,1,0,1,3,3,1,0
6763,273377,0,0,6,0,0,0,0,0,0,0,0,0,0,0,336,0,0,0,0,0,0,0,0,0,0,1,0,1,3,3,1,0
6764,273378,0,0,6,0,0,0,0,0,0,0,0,0,0,0,338,0,0,0,0,0,0,0,0,0,0,1,0,1,3,3,1,0
6765,273379,0,0,6,0,0,0,0,0,0,0,0,0,0,0,340,0,0,0,0,0,0,0,0,0,0,1,0,1,3,3,1,0
6766,273380,0,0,6,0,0,0,0,0,0,0,0,0,0,0,342,0,0,0,0,0,0,0,0,0,0,1,0,1,3,3,1,0
6767,273381,0,0,6,0,0,0,0,0,0,0,0,0,0,0,345,0,0,0,0,0,0,0,0,0,0,1,0,1,3,3,1,0
6768,273382,0,0,6,0,0,0,0,0,0,0,0,0,0,0,347,0,0,0,0,0,0,0,0,0,0,1,0,1,3,3,1,0
6769,273383,0,0,6,0,0,0,0,0,0,0,0,0,0,0,349,0,0,0,0,0,0,0,0,0,0,1,0,1,3,3,1,0
6770,273384,0,0,6,0,0,0,0,0,0,0,0,0,0,0,351,0,0,0,0,0,0,0,0,0,0,1,0,1,3,3,1,0
6771,273385,0,0,6,0,0,0,0,0,0,0,0,0,0,0,353,0,0,0,0,0,0,0,0,0,0,1,0,1,3,3,1,0
6772,273386,0,0,6,0,0,0,0,0,0,0,0,0,0,0,349,0,0,0,0,0,0,0,0,0,0,1,0,1,3,3,1,0
6773,273387,0,0,6,0,0,0,0,0,0,0,0,0,0,0,351,0,0,0,0,0,0,0,0,0,0,1,0,1,3,3,1,0
6774,273388,0,0,6,0,0,0,0,0,0,0,0,0,0,0,353,0,0,0,0,0,0,0,0,0,0,1,0,1,3,3,1,0
6775,273389,0,0,6,0,0,0,0,0,0,0,0,0,0,0,355,0,0,0,0,0,0,0,0,0,0,1,0,1,3,3,1,0
6776,273390,0,0,6,0,0,0,0,0,0,0,0,0,0,0,358,0,0,0,0,0,0,0,0,0,0,1,0,1,3,3,1,0
6777,273391,0,0,6,0,0,0,0,0,0,0,0,0,0,0,360,0,0,0,0,0,0,0,0,0,0,1,0,1,3,3,1,0
6778,273392,0,0,6,0,0,0,0,0,0,0,0,0,0,0,362,0,0,0,0,0,0,0,0,0,0,1,0,1,3,3,1,0
6779,273393,0,0,6,0,0,0,0,0,0,0,0,0,0,0,364,0,0,0,0,0,0,0,0,0,0,1,0,1,3,3,1,0
6780,273394,0,0,6,0,0,0,0,0,0,0,0,0,0,0,366,0,0,0,0,0,0,0,0,0,0,1,0,1,3,3,1,0
6781,273395,0,0,6,0,0,0,0,0,0,0,0,0,0,0,368,0,0,0,0,0,0,0,0,0,0,1,0,1,3,3,1,0
6782,273396,0,0,6,0,0,0,0,0,0,0,0,0,0,0,371,0,0,0,0,0,0,0,0,0,0,1,0,1,3,3,1,0
6783,273397,0,0,6,0,0,0,0,0,0,0,0,0,0,0,366,0,0,0,0,0,0,0,0,0,0,1,0,1,3,3,1,0
6784,273398,0,0,6,0,0,0,0,0,0,0,0,0,0,0,368,0,0,0,0,0,0,0,0,0,0,1,0,1,3,3,1,0
6785,273399,0,0,6,0,0,0,0,0,0,0,0,0,0,0,371,0,0,0,0,0,0,0,0,0,0,1,0,1,3,3,1,0
6786,273400,0,0,6,0,0,0,0,0,0,0,0,0,0,0,373,0,0,0,0,0,0,0,0,0,0,1,0,1,3,3,1,0
6787,273401,0,0,6,0,0,0,0,0,0,0,0,0,0,0,375,0,0,0,0,0,0,0,0,0,0,1,0,-1497551292,-1843113273,1225874443,1819291166,0
6788,273402,0,0,6,0,0,0,0,0,0,0,0,0,0,0,377,0,0,0,0,0,0,0,0,0,0,1,0,1,3,3,1,0
6789,273403,0,0,6,0,0,0,0,0,0,0,0,0,0,0,379,0,0,0,0,0,0,0,0,0,0,1,0,1,3,3,1,0
6790,273404,0,0,6,0,0,0,0,0,0,0,0,0,0,0,381,0,0,0,0,0,0,0,0,0,0,1,0,1,3,3,1,0
6791,273405,0,0,6,0,0,0,0,0,0,0,0,0,0,0,384,0,0,0,0,0,0,0,0,0,0,1,0,1,3,3,1,0
6792,273406,0,0,6,0,0,0,0,0,0,0,0,0,0,0,386,0,0,0,0,0,0,0,0,0,0,1,0,1,3,3,1,0
6793,273407,0,0,6,0,0,0,0,0,0,0,0,0,0,0,388,0,0,0,0,0,0,0,0,0,0,1,0,1,3,3,1,0
6794,273408,0,0,6,0,0,0,0,0,0,0,0,0,0,0,384,0,0,0,0,0,0,0,0,0,0,1,0,1,3,3,1,0
6795,273409,0,0,6,0,0,0,0,0,0,0,0,0,0,0,386,0,0,0,0,0,0,0,0,0,0,1,0,1,3,3,1,0
6796,273410,0,0,6,0,0,0,0,0,0,0,0,0,0,0,388,0,0,0,0,0,0,0,0,0,0,1,0,1,3,3,1,0
6797,273411,0,0,6,0,0,0,0,0,0,0,0,0,0,0,390,0,0,0,0,0,0,0,0,0,0,1,0,1,3,3,1,0
6798,273412,0,0,6,0,0,0,0,0,0,0,0,0,0,0,392,0,0,0,0,0,0,0,0,0,0,1,0,1,3,3,1,0
6799,273413,0,0,6,0,0,0,0,0,0,0,0,0,0,0,394,0,0,0,0,0,0,0,0,0,0,1,0,1,3,3,1,0
6800,273414,0,0,6,0,0,0,0,0,0,0,0,0,0,0,397,0,0,0,0,0,0,0,0,0,0,1,0,1,3,3,1,0
6801,273415,0,0,6,0,0,0,0,0,0,0,0,0,0,0,399,0,0,0,0,0,0,0,0,0,0,1,0,1,3,3,1,0
6802,273416,0,0,6,0,0,0,0,0,0,0,0,0,0,0,401,0,0,0,0,0,0,0,0,0,0,1,0,1,3,3,1,0
6803,273417,0,0,6,0,0,0,0,0,0,0,0,0,0,0,403,0,0,0,0,0,0,0,0,0,0,1,0,1,3,3,1,0
6804,273418,0,0,6,0,0,0,0,0,0,0,0,0,0,0,405,0,0,0,0,0,0,0,0,0,0,1,0,1,3,3,1,0
6805,273419,0,0,6,0,0,0,0,0,0,0,0,0,0,0,401,0,0,0,0,0,0,0,0,0,0,1,0,1,3,3,1,0
6806,273420,0,0,6,0,0,0,0,0,0,0,0,0,0,0,403,0,0,0,0,0,0,0,0,0,0,1,0,1,3,3,1,0
6807,273421,0,0,6,0,0,0,0,0,0,0,0,0,0,0,405,0,0,0,0,0,0,0,0,0,0,1,0,1,3,3,1,0
6808,273422,0,0,6,0,0,0,0,0,0,0,0,0,0,0,407,0,0,0,0,0,0,0,0,0,0,1,0,1,3,3,1,0
6809,273423,0,0,6,0,0,0,0,0,0,0,0,0,0,0,409,0,0,0,0,0,0,0,0,0,0,1,0,1,3,3,1,0
6810,273424,0,0,6,0,0,0,0,0,0,0,0,0,0,0,412,0,0,0,0,0,0,0,0,0,0,1,0,1,3,3,1,0
6811,273425,0,0,6,0,0,0,0,0,0,0,0,0,0,0,414,0,0,0,0,0,0,0,0,0,0,1,0,1,3,3,1,0
6812,273426,0,0,6,0,0,0,0,0,0,0,0,0,0,0,416,0,0,0,0,0,0,0,0,0,0,1,0,1,3,3,1,0
6813,274100,0,0,1,0,0,0,0,0,0,0,0,0,0,0,1,0,0,0,0,0,0,0,0,0,0,1,0,1,3,4,4,0
6814,274101,0,0,1,0,0,0,0,0,0,0,0,0,0,0,2,0,0,0,0,0,0,0,0,0,0,1,0,1,3,4,4,0
6815,274102,0,0,1,0,0,0,0,0,0,0,0,0,0,0,3,0,0,0,0,0,0,0,0,0,0,1,0,1,3,4,4,0
6816,274103,0,0,1,0,0,0,0,0,0,0,0,0,0,0,5,0,0,0,0,0,0,0,0,0,0,1,0,1,3,4,4,0
6817,274104,0,0,1,0,0,0,0,0,0,0,0,0,0,0,6,0,0,0,0,0,0,0,0,0,0,1,0,1,3,4,4,0
6818,274105,0,0,1,0,0,0,0,0,0,0,0,0,0,0,7,0,0,0,0,0,0,0,0,0,0,1,0,1,3,4,4,0
6819,274106,0,0,1,0,0,0,0,0,0,0,0,0,0,0,8,0,0,0,0,0,0,0,0,0,0,1,0,1,3,4,4,0
6820,274107,0,0,1,0,0,0,0,0,0,0,0,0,0,0,9,0,0,0,0,0,0,0,0,0,0,1,0,1,3,4,4,0
6821,274108,0,0,1,0,0,0,0,0,0,0,0,0,0,0,10,0,0,0,0,0,0,0,0,0,0,1,0,1,3,4,4,0
6822,274109,0,0,1,0,0,0,0,0,0,0,0,0,0,0,11,0,0,0,0,0,0,0,0,0,0,1,0,1,3,4,4,0
6823,274110,0,0,1,0,0,0,0,0,0,0,0,0,0,0,13,0,0,0,0,0,0,0,0,0,0,1,0,1,3,4,4,0
6824,274111,0,0,1,0,0,0,0,0,0,0,0,0,0,0,10,0,0,0,0,0,0,0,0,0,0,1,0,1,3,4,4,0
6825,274112,0,0,1,0,0,0,0,0,0,0,0,0,0,0,11,0,0,0,0,0,0,0,0,0,0,1,0,1,3,4,4,0
6826,274113,0,0,1,0,0,0,0,0,0,0,0,0,0,0,13,0,0,0,0,0,0,0,0,0,0,1,0,1,3,4,4,0
6827,274114,0,0,1,0,0,0,0,0,0,0,0,0,0,0,14,0,0,0,0,0,0,0,0,0,0,1,0,1,3,4,4,0
6828,274115,0,0,1,0,0,0,0,0,0,0,0,0,0,0,15,0,0,0,0,0,0,0,0,0,0,1,0,1,3,4,4,0
6829,274116,0,0,1,0,0,0,0,0,0,0,0,0,0,0,16,0,0,0,0,0,0,0,0,0,0,1,0,1,3,4,4,0
6830,274117,0,0,1,0,0,0,0,0,0,0,0,0,0,0,17,0,0,0,0,0,0,0,0,0,0,1,0,1,3,4,4,0
6831,274118,0,0,1,0,0,0,0,0,0,0,0,0,0,0,18,0,0,0,0,0,0,0,0,0,0,1,0,1,3,4,4,0
6832,274119,0,0,1,0,0,0,0,0,0,0,0,0,0,0,19,0,0,0,0,0,0,0,0,0,0,1,0,1,3,4,4,0
6833,274120,0,0,1,0,0,0,0,0,0,0,0,0,0,0,20,0,0,0,0,0,0,0,0,0,0,1,0,1,3,4,4,0
6834,274121,0,0,1,0,0,0,0,0,0,0,0,0,0,0,22,0,0,0,0,0,0,0,0,0,0,1,0,1,3,4,4,0
6835,274122,0,0,1,0,0,0,0,0,0,0,0,0,0,0,19,0,0,0,0,0,0,0,0,0,0,1,0,1,3,4,4,0
6836,274123,0,0,1,0,0,0,0,0,0,0,0,0,0,0,20,0,0,0,0,0,0,0,0,0,0,1,0,1,3,4,4,0
6837,274124,0,0,1,0,0,0,0,0,0,0,0,0,0,0,22,0,0,0,0,0,0,0,0,0,0,1,0,1,3,4,4,0
6838,274125,0,0,1,0,0,0,0,0,0,0,0,0,0,0,23,0,0,0,0,0,0,0,0,0,0,1,0,1,3,4,4,0
6839,274126,0,0,1,0,0,0,0,0,0,0,0,0,0,0,24,0,0,0,0,0,0,0,0,0,0,1,0,1,3,4,4,0
6840,274127,0,0,1,0,0,0,0,0,0,0,0,0,0,0,25,0,0,0,0,0,0,0,0,0,0,1,0,1,3,4,4,0
6841,274128,0,0,1,0,0,0,0,0,0,0,0,0,0,0,26,0,0,0,0,0,0,0,0,0,0,1,0,1,3,4,4,0
6842,274129,0,0,1,0,0,0,0,0,0,0,0,0,0,0,27,0,0,0,0,0,0,0,0,0,0,1,0,1,3,4,4,0
6843,274130,0,0,1,0,0,0,0,0,0,0,0,0,0,0,28,0,0,0,0,0,0,0,0,0,0,1,0,1,3,4,4,0
6844,274131,0,0,1,0,0,0,0,0,0,0,0,0,0,0,30,0,0,0,0,0,0,0,0,0,0,1,0,1,3,4,4,0
6845,274132,0,0,1,0,0,0,0,0,0,0,0,0,0,0,31,0,0,0,0,0,0,0,0,0,0,1,0,1,3,4,4,0
6846,274133,0,0,2,0,0,0,0,0,0,0,0,0,0,0,28,0,0,0,0,0,0,0,0,0,0,1,0,1,3,4,4,0
6847,274134,0,0,2,0,0,0,0,0,0,0,0,0,0,0,30,0,0,0,0,0,0,0,0,0,0,1,0,1,3,4,4,0
6848,274135,0,0,2,0,0,0,0,0,0,0,0,0,0,0,31,0,0,0,0,0,0,0,0,0,0,1,0,1,3,4,4,0
6849,274136,0,0,2,0,0,0,0,0,0,0,0,0,0,0,32,0,0,0,0,0,0,0,0,0,0,1,0,1,3,4,4,0
6850,274137,0,0,2,0,0,0,0,0,0,0,0,0,0,0,33,0,0,0,0,0,0,0,0,0,0,1,0,1,3,4,4,0
6851,274138,0,0,2,0,0,0,0,0,0,0,0,0,0,0,34,0,0,0,0,0,0,0,0,0,0,1,0,1,3,4,4,0
6852,274139,0,0,2,0,0,0,0,0,0,0,0,0,0,0,35,0,0,0,0,0,0,0,0,0,0,1,0,1,3,4,4,0
6853,274140,0,0,2,0,0,0,0,0,0,0,0,0,0,0,36,0,0,0,0,0,0,0,0,0,0,1,0,1,3,4,4,0
6854,274141,0,0,2,0,0,0,0,0,0,0,0,0,0,0,38,0,0,0,0,0,0,0,0,0,0,1,0,1,3,4,4,0
6855,274142,0,0,2,0,0,0,0,0,0,0,0,0,0,0,39,0,0,0,0,0,0,0,0,0,0,1,0,1,3,4,4,0
6856,274143,0,0,2,0,0,0,0,0,0,0,0,0,0,0,40,0,0,0,0,0,0,0,0,0,0,1,0,1,3,4,4,0
6857,274144,0,0,2,0,0,0,0,0,0,0,0,0,0,0,38,0,0,0,0,0,0,0,0,0,0,1,0,1,3,4,4,0
6858,274145,0,0,2,0,0,0,0,0,0,0,0,0,0,0,39,0,0,0,0,0,0,0,0,0,0,1,0,1,3,4,4,0
6859,274146,0,0,2,0,0,0,0,0,0,0,0,0,0,0,40,0,0,0,0,0,0,0,0,0,0,1,0,1,3,4,4,0
6860,274147,0,0,2,0,0,0,0,0,0,0,0,0,0,0,41,0,0,0,0,0,0,0,0,0,0,1,0,1,3,4,4,0
6861,274148,0,0,2,0,0,0,0,0,0,0,0,0,0,0,42,0,0,0,0,0,0,0,0,0,0,1,0,1,3,4,4,0
6862,274149,0,0,2,0,0,0,0,0,0,0,0,0,0,0,43,0,0,0,0,0,0,0,0,0,0,1,0,1,3,4,4,0
6863,274150,0,0,2,0,0,0,0,0,0,0,0,0,0,0,44,0,0,0,0,0,0,0,0,0,0,1,0,1,3,4,4,0
6864,274151,0,0,2,0,0,0,0,0,0,0,0,0,0,0,46,0,0,0,0,0,0,0,0,0,0,1,0,1,3,4,4,0
6865,274152,0,0,2,0,0,0,0,0,0,0,0,0,0,0,47,0,0,0,0,0,0,0,0,0,0,1,0,1,3,4,4,0
6866,274153,0,0,2,0,0,0,0,0,0,0,0,0,0,0,48,0,0,0,0,0,0,0,0,0,0,1,0,1,3,4,4,0
6867,274154,0,0,2,0,0,0,0,0,0,0,0,0,0,0,49,0,0,0,0,0,0,0,0,0,0,1,0,1,3,4,4,0
6868,274155,0,0,2,0,0,0,0,0,0,0,0,0,0,0,47,0,0,0,0,0,0,0,0,0,0,1,0,1,3,4,4,0
6869,274156,0,0,2,0,0,0,0,0,0,0,0,0,0,0,48,0,0,0,0,0,0,0,0,0,0,1,0,1,3,4,4,0
6870,274157,0,0,2,0,0,0,0,0,0,0,0,0,0,0,49,0,0,0,0,0,0,0,0,0,0,1,0,1,3,4,4,0
6871,274158,0,0,2,0,0,0,0,0,0,0,0,0,0,0,50,0,0,0,0,0,0,0,0,0,0,1,0,1,3,4,4,0
6872,274159,0,0,2,0,0,0,0,0,0,0,0,0,0,0,51,0,0,0,0,0,0,0,0,0,0,1,0,1,3,4,4,0
6873,274160,0,0,2,0,0,0,0,0,0,0,0,0,0,0,52,0,0,0,0,0,0,0,0,0,0,1,0,1,3,4,4,0
6874,274161,0,0,2,0,0,0,0,0,0,0,0,0,0,0,53,0,0,0,0,0,0,0,0,0,0,1,0,1,3,4,4,0
6875,274162,0,0,2,0,0,0,0,0,0,0,0,0,0,0,55,0,0,0,0,0,0,0,0,0,0,1,0,1,3,4,4,0
6876,274163,0,0,2,0,0,0,0,0,0,0,0,0,0,0,56,0,0,0,0,0,0,0,0,0,0,1,0,1,3,4,4,0
6877,274164,0,0,2,0,0,0,0,0,0,0,0,0,0,0,57,0,0,0,0,0,0,0,0,0,0,1,0,1,3,4,4,0
6878,274165,0,0,2,0,0,0,0,0,0,0,0,0,0,0,58,0,0,0,0,0,0,0,0,0,0,1,0,1,3,4,4,0
6879,274166,0,0,3,0,0,0,0,0,0,0,0,0,0,0,56,0,0,0,0,0,0,0,0,0,0,1,0,1,3,4,4,0
6880,274167,0,0,3,0,0,0,0,0,0,0,0,0,0,0,57,0,0,0,0,0,0,0,0,0,0,1,0,1,3,4,4,0
6881,274168,0,0,3,0,0,0,0,0,0,0,0,0,0,0,58,0,0,0,0,0,0,0,0,0,0,1,0,1,3,4,4,0
6882,274169,0,0,3,0,0,0,0,0,0,0,0,0,0,0,59,0,0,0,0,0,0,0,0,0,0,1,0,1,3,4,4,0
6883,274170,0,0,3,0,0,0,0,0,0,0,0,0,0,0,60,0,0,0,0,0,0,0,0,0,0,1,0,1,3,4,4,0
6884,274171,0,0,3,0,0,0,0,0,0,0,0,0,0,0,61,0,0,0,0,0,0,0,0,0,0,1,0,1,3,4,4,0
6885,274172,0,0,3,0,0,0,0,0,0,0,0,0,0,0,63,0,0,0,0,0,0,0,0,0,0,1,0,1,3,4,4,0
6886,274173,0,0,3,0,0,0,0,0,0,0,0,0,0,0,64,0,0,0,0,0,0,0,0,0,0,1,0,1,3,4,4,0
6887,274174,0,0,3,0,0,0,0,0,0,0,0,0,0,0,65,0,0,0,0,0,0,0,0,0,0,1,0,1,3,4,4,0
6888,274175,0,0,3,0,0,0,0,0,0,0,0,0,0,0,66,0,0,0,0,0,0,0,0,0,0,1,0,1,3,4,4,0
6889,274176,0,0,3,0,0,0,0,0,0,0,0,0,0,0,67,0,0,0,0,0,0,0,0,0,0,1,0,1,3,4,4,0
6890,274177,0,0,3,0,0,0,0,0,0,0,0,0,0,0,65,0,0,0,0,0,0,0,0,0,0,1,0,1,3,4,4,0
6891,274178,0,0,3,0,0,0,0,0,0,0,0,0,0,0,66,0,0,0,0,0,0,0,0,0,0,1,0,1,3,4,4,0
6892,274179,0,0,3,0,0,0,0,0,0,0,0,0,0,0,67,0,0,0,0,0,0,0,0,0,0,1,0,1,3,4,4,0
6893,274180,0,0,3,0,0,0,0,0,0,0,0,0,0,0,68,0,0,0,0,0,0,0,0,0,0,1,0,1,3,4,4,0
6894,274181,0,0,3,0,0,0,0,0,0,0,0,0,0,0,70,0,0,0,0,0,0,0,0,0,0,1,0,1,3,4,4,0
6895,274182,0,0,3,0,0,0,0,0,0,0,0,0,0,0,71,0,0,0,0,0,0,0,0,0,0,1,0,1,3,4,4,0
6896,274183,0,0,3,0,0,0,0,0,0,0,0,0,0,0,73,0,0,0,0,0,0,0,0,0,0,1,0,1,3,4,4,0
6897,274184,0,0,3,0,0,0,0,0,0,0,0,0,0,0,74,0,0,0,0,0,0,0,0,0,0,1,0,1,3,4,4,0
6898,274185,0,0,3,0,0,0,0,0,0,0,0,0,0,0,76,0,0,0,0,0,0,0,0,0,0,1,0,1,3,4,4,0
6899,274186,0,0,3,0,0,0,0,0,0,0,0,0,0,0,77,0,0,0,0,0,0,0,0,0,0,1,0,1,3,4,4,0
6900,274187,0,0,3,0,0,0,0,0,0,0,0,0,0,0,79,0,0,0,0,0,0,0,0,0,0,1,0,1,3,4,4,0
6901,274188,0,0,3,0,0,0,0,0,0,0,0,0,0,0,76,0,0,0,0,0,0,0,0,0,0,1,0,1,3,4,4,0
6902,274189,0,0,3,0,0,0,0,0,0,0,0,0,0,0,77,0,0,0,0,0,0,0,0,0,0,1,0,1,3,4,4,0
6903,274190,0,0,3,0,0,0,0,0,0,0,0,0,0,0,79,0,0,0,0,0,0,0,0,0,0,1,0,1,3,4,4,0
6904,274191,0,0,3,0,0,0,0,0,0,0,0,0,0,0,80,0,0,0,0,0,0,0,0,0,0,1,0,1,3,4,4,0
6905,274192,0,0,3,0,0,0,0,0,0,0,0,0,0,0,82,0,0,0,0,0,0,0,0,0,0,1,0,1,3,4,4,0
6906,274193,0,0,3,0,0,0,0,0,0,0,0,0,0,0,83,0,0,0,0,0,0,0,0,0,0,1,0,1,3,4,4,0
6907,274194,0,0,3,0,0,0,0,0,0,0,0,0,0,0,85,0,0,0,0,0,0,0,0,0,0,1,0,1,3,4,4,0
6908,274195,0,0,3,0,0,0,0,0,0,0,0,0,0,0,86,0,0,0,0,0,0,0,0,0,0,1,0,1,3,4,4,0
6909,274196,0,0,3,0,0,0,0,0,0,0,0,0,0,0,88,0,0,0,0,0,0,0,0,0,0,1,0,1,3,4,4,0
6910,274197,0,0,3,0,0,0,0,0,0,0,0,0,0,0,89,0,0,0,0,0,0,0,0,0,0,1,0,1,3,4,4,0
6911,274198,0,0,3,0,0,0,0,0,0,0,0,0,0,0,91,0,0,0,0,0,0,0,0,0,0,1,0,1,3,4,4,0
6912,274199,0,0,4,0,0,0,0,0,0,0,0,0,0,0,88,0,0,0,0,0,0,0,0,0,0,1,0,1,3,4,4,0
6913,274200,0,0,4,0,0,0,0,0,0,0,0,0,0,0,89,0,0,0,0,0,0,0,0,0,0,1,0,1,3,4,4,0
6914,274201,0,0,4,0,0,0,0,0,0,0,0,0,0,0,91,0,0,0,0,0,0,0,0,0,0,1,0,1,3,4,4,0
6915,274202,0,0,4,0,0,0,0,0,0,0,0,0,0,0,93,0,0,0,0,0,0,0,0,0,0,1,0,1,3,4,4,0
6916,274203,0,0,4,0,0,0,0,0,0,0,0,0,0,0,94,0,0,0,0,0,0,0,0,0,0,1,0,1,3,4,4,0
6917,274204,0,0,4,0,0,0,0,0,0,0,0,0,0,0,96,0,0,0,0,0,0,0,0,0,0,1,0,1,3,4,4,0
6918,274205,0,0,4,0,0,0,0,0,0,0,0,0,0,0,97,0,0,0,0,0,0,0,0,0,0,1,0,1,3,4,4,0
6919,274206,0,0,4,0,0,0,0,0,0,0,0,0,0,0,99,0,0,0,0,0,0,0,0,0,0,1,0,1,3,4,4,0
6920,274207,0,0,4,0,0,0,0,0,0,0,0,0,0,0,100,0,0,0,0,0,0,0,0,0,0,1,0,1,3,4,4,0
6921,274208,0,0,4,0,0,0,0,0,0,0,0,0,0,0,102,0,0,0,0,0,0,0,0,0,0,1,0,1,3,4,4,0
6922,274209,0,0,4,0,0,0,0,0,0,0,0,0,0,0,103,0,0,0,0,0,0,0,0,0,0,1,0,1,3,4,4,0
6923,274210,0,0,4,0,0,0,0,0,0,0,0,0,0,0,100,0,0,0,0,0,0,0,0,0,0,1,0,1,3,4,4,0
6924,274211,0,0,4,0,0,0,0,0,0,0,0,0,0,0,102,0,0,0,0,0,0,0,0,0,0,1,0,1,3,4,4,0
6925,274212,0,0,4,0,0,0,0,0,0,0,0,0,0,0,103,0,0,0,0,0,0,0,0,0,0,1,0,1,3,4,4,0
6926,274213,0,0,4,0,0,0,0,0,0,0,0,0,0,0,105,0,0,0,0,0,0,0,0,0,0,1,0,1,3,4,4,0
6927,274214,0,0,4,0,0,0,0,0,0,0,0,0,0,0,106,0,0,0,0,0,0,0,0,0,0,1,0,1,3,4,4,0
6928,274215,0,0,4,0,0,0,0,0,0,0,0,0,0,0,108,0,0,0,0,0,0,0,0,0,0,1,0,1,3,4,4,0
6929,274216,0,0,4,0,0,0,0,0,0,0,0,0,0,0,109,0,0,0,0,0,0,0,0,0,0,1,0,1,3,4,4,0
6930,274217,0,0,4,0,0,0,0,0,0,0,0,0,0,0,111,0,0,0,0,0,0,0,0,0,0,1,0,1,3,4,4,0
6931,274218,0,0,4,0,0,0,0,0,0,0,0,0,0,0,112,0,0,0,0,0,0,0,0,0,0,1,0,1,3,4,4,0
6932,274219,0,0,4,0,0,0,0,0,0,0,0,0,0,0,114,0,0,0,0,0,0,0,0,0,0,1,0,1,3,4,4,0
6933,274220,0,0,4,0,0,0,0,0,0,0,0,0,0,0,115,0,0,0,0,0,0,0,0,0,0,1,0,1,3,4,4,0
6934,274221,0,0,4,0,0,0,0,0,0,0,0,0,0,0,112,0,0,0,0,0,0,0,0,0,0,1,0,1,3,4,4,0
6935,274222,0,0,4,0,0,0,0,0,0,0,0,0,0,0,114,0,0,0,0,0,0,0,0,0,0,1,0,1,3,4,4,0
6936,274223,0,0,4,0,0,0,0,0,0,0,0,0,0,0,115,0,0,0,0,0,0,0,0,0,0,1,0,1,3,4,4,0
6937,274224,0,0,4,0,0,0,0,0,0,0,0,0,0,0,117,0,0,0,0,0,0,0,0,0,0,1,0,1,3,4,4,0
6938,274225,0,0,4,0,0,0,0,0,0,0,0,0,0,0,118,0,0,0,0,0,0,0,0,0,0,1,0,1,3,4,4,0
6939,274226,0,0,4,0,0,0,0,0,0,0,0,0,0,0,120,0,0,0,0,0,0,0,0,0,0,1,0,1,3,4,4,0
6940,274227,0,0,4,0,0,0,0,0,0,0,0,0,0,0,121,0,0,0,0,0,0,0,0,0,0,1,0,1,3,4,4,0
6941,274228,0,0,4,0,0,0,0,0,0,0,0,0,0,0,123,0,0,0,0,0,0,0,0,0,0,1,0,1,3,4,4,0
6942,274229,0,0,4,0,0,0,0,0,0,0,0,0,0,0,124,0,0,0,0,0,0,0,0,0,0,1,0,1,3,4,4,0
6943,274230,0,0,4,0,0,0,0,0,0,0,0,0,0,0,126,0,0,0,0,0,0,0,0,0,0,1,0,1,3,4,4,0
6944,274231,0,0,4,0,0,0,0,0,0,0,0,0,0,0,127,0,0,0,0,0,0,0,0,0,0,1,0,1,3,4,4,0
6945,274232,0,0,5,0,0,0,0,0,0,0,0,0,0,0,124,0,0,0,0,0,0,0,0,0,0,1,0,1,3,4,4,0
6946,274233,0,0,5,0,0,0,0,0,0,0,0,0,0,0,126,0,0,0,0,0,0,0,0,0,0,1,0,1,3,4,4,0
6947,274234,0,0,5,0,0,0,0,0,0,0,0,0,0,0,127,0,0,0,0,0,0,0,0,0,0,1,0,1,3,4,4,0
6948,274235,0,0,5,0,0,0,0,0,0,0,0,0,0,0,129,0,0,0,0,0,0,0,0,0,0,1,0,1,3,4,4,0
6949,274236,0,0,5,0,0,0,0,0,0,0,0,0,0,0,130,0,0,0,0,0,0,0,0,0,0,1,0,1,3,4,4,0
6950,274237,0,0,5,0,0,0,0,0,0,0,0,0,0,0,132,0,0,0,0,0,0,0,0,0,0,1,0,1,3,4,4,0
6951,274238,0,0,5,0,0,0,0,0,0,0,0,0,0,0,133,0,0,0,0,0,0,0,0,0,0,1,0,1,3,4,4,0
6952,274239,0,0,5,0,0,0,0,0,0,0,0,0,0,0,135,0,0,0,0,0,0,0,0,0,0,1,0,1,3,4,4,0
6953,274240,0,0,5,0,0,0,0,0,0,0,0,0,0,0,137,0,0,0,0,0,0,0,0,0,0,1,0,1,3,4,4,0
6954,274241,0,0,5,0,0,0,0,0,0,0,0,0,0,0,138,0,0,0,0,0,0,0,0,0,0,1,0,1,3,4,4,0
6955,274242,0,0,5,0,0,0,0,0,0,0,0,0,0,0,140,0,0,0,0,0,0,0,0,0,0,1,0,1,3,4,4,0
6956,274243,0,0,5,0,0,0,0,0,0,0,0,0,0,0,137,0,0,0,0,0,0,0,0,0,0,1,0,1,3,4,4,0
6957,274244,0,0,5,0,0,0,0,0,0,0,0,0,0,0,138,0,0,0,0,0,0,0,0,0,0,1,0,1,3,4,4,0
6958,274245,0,0,5,0,0,0,0,0,0,0,0,0,0,0,140,0,0,0,0,0,0,0,0,0,0,1,0,1,3,4,4,0
6959,274246,0,0,5,0,0,0,0,0,0,0,0,0,0,0,141,0,0,0,0,0,0,0,0,0,0,1,0,1,3,4,4,0
6960,274247,0,0,5,0,0,0,0,0,0,0,0,0,0,0,143,0,0,0,0,0,0,0,0,0,0,1,0,1,3,4,4,0
6961,274248,0,0,5,0,0,0,0,0,0,0,0,0,0,0,144,0,0,0,0,0,0,0,0,0,0,1,0,1,3,4,4,0
6962,274249,0,0,5,0,0,0,0,0,0,0,0,0,0,0,146,0,0,0,0,0,0,0,0,0,0,1,0,1,3,4,4,0
6963,274250,0,0,5,0,0,0,0,0,0,0,0,0,0,0,147,0,0,0,0,0,0,0,0,0,0,1,0,1,3,4,4,0
6964,274251,0,0,5,0,0,0,0,0,0,0,0,0,0,0,149,0,0,0,0,0,0,0,0,0,0,1,0,1,3,4,4,0
6965,274252,0,0,5,0,0,0,0,0,0,0,0,0,0,0,150,0,0,0,0,0,0,0,0,0,0,1,0,1,3,4,4,0
6966,274253,0,0,5,0,0,0,0,0,0,0,0,0,0,0,152,0,0,0,0,0,0,0,0,0,0,1,0,1,3,4,4,0
6967,274254,0,0,5,0,0,0,0,0,0,0,0,0,0,0,149,0,0,0,0,0,0,0,0,0,0,1,0,1,3,4,4,0
6968,274255,0,0,5,0,0,0,0,0,0,0,0,0,0,0,150,0,0,0,0,0,0,0,0,0,0,1,0,1,3,4,4,0
6969,274256,0,0,5,0,0,0,0,0,0,0,0,0,0,0,152,0,0,0,0,0,0,0,0,0,0,1,0,1,3,4,4,0
6970,274257,0,0,5,0,0,0,0,0,0,0,0,0,0,0,153,0,0,0,0,0,0,0,0,0,0,1,0,1,3,4,4,0
6971,274258,0,0,5,0,0,0,0,0,0,0,0,0,0,0,155,0,0,0,0,0,0,0,0,0,0,1,0,1,3,4,4,0
6972,274259,0,0,5,0,0,0,0,0,0,0,0,0,0,0,156,0,0,0,0,0,0,0,0,0,0,1,0,1,3,4,4,0
6973,274260,0,0,5,0,0,0,0,0,0,0,0,0,0,0,158,0,0,0,0,0,0,0,0,0,0,1,0,1,3,4,4,0
6974,274261,0,0,5,0,0,0,0,0,0,0,0,0,0,0,159,0,0,0,0,0,0,0,0,0,0,1,0,1,3,4,4,0
6975,274262,0,0,5,0,0,0,0,0,0,0,0,0,0,0,161,0,0,0,0,0,0,0,0,0,0,1,0,1,3,4,4,0
6976,274263,0,0,5,0,0,0,0,0,0,0,0,0,0,0,162,0,0,0,0,0,0,0,0,0,0,1,0,1,3,4,4,0
6977,274264,0,0,5,0,0,0,0,0,0,0,0,0,0,0,164,0,0,0,0,0,0,0,0,0,0,1,0,1,3,4,4,0
6978,274265,0,0,5,0,0,0,0,0,0,0,0,0,0,0,161,0,0,0,0,0,0,0,0,0,0,1,0,1,3,4,4,0
6979,274266,0,0,5,0,0,0,0,0,0,0,0,0,0,0,162,0,0,0,0,0,0,0,0,0,0,1,0,1,3,4,4,0
6980,274267,0,0,5,0,0,0,0,0,0,0,0,0,0,0,164,0,0,0,0,0,0,0,0,0,0,1,0,1,3,4,4,0
6981,274268,0,0,5,0,0,0,0,0,0,0,0,0,0,0,165,0,0,0,0,0,0,0,0,0,0,1,0,1,3,4,4,0
6982,274269,0,0,5,0,0,0,0,0,0,0,0,0,0,0,167,0,0,0,0,0,0,0,0,0,0,1,0,1,3,4,4,0
6983,274270,0,0,5,0,0,0,0,0,0,0,0,0,0,0,168,0,0,0,0,0,0,0,0,0,0,1,0,1,3,4,4,0
6984,274271,0,0,5,0,0,0,0,0,0,0,0,0,0,0,170,0,0,0,0,0,0,0,0,0,0,1,0,1,3,4,4,0
6985,274272,0,0,5,0,0,0,0,0,0,0,0,0,0,0,171,0,0,0,0,0,0,0,0,0,0,1,0,1,3,4,4,0
6986,274273,0,0,5,0,0,0,0,0,0,0,0,0,0,0,173,0,0,0,0,0,0,0,0,0,0,1,0,1,3,4,4,0
6987,274274,0,0,5,0,0,0,0,0,0,0,0,0,0,0,174,0,0,0,0,0,0,0,0,0,0,1,0,1,3,4,4,0
6988,274275,0,0,5,0,0,0,0,0,0,0,0,0,0,0,176,0,0,0,0,0,0,0,0,0,0,1,0,1,3,4,4,0
6989,274276,0,0,5,0,0,0,0,0,0,0,0,0,0,0,173,0,0,0,0,0,0,0,0,0,0,1,0,1,3,4,4,0
6990,274277,0,0,5,0,0,0,0,0,0,0,0,0,0,0,174,0,0,0,0,0,0,0,0,0,0,1,0,1,3,4,4,0
6991,274278,0,0,5,0,0,0,0,0,0,0,0,0,0,0,176,0,0,0,0,0,0,0,0,0,0,1,0,1,3,4,4,0
6992,274279,0,0,5,0,0,0,0,0,0,0,0,0,0,0,177,0,0,0,0,0,0,0,0,0,0,1,0,1,3,4,4,0
6993,274280,0,0,5,0,0,0,0,0,0,0,0,0,0,0,179,0,0,0,0,0,0,0,0,0,0,1,0,1,3,4,4,0
6994,274281,0,0,5,0,0,0,0,0,0,0,0,0,0,0,180,0,0,0,0,0,0,0,0,0,0,1,0,1,3,4,4,0
6995,274282,0,0,5,0,0,0,0,0,0,0,0,0,0,0,182,0,0,0,0,0,0,0,0,0,0,1,0,1,3,4,4,0
6996,274283,0,0,5,0,0,0,0,0,0,0,0,0,0,0,184,0,0,0,0,0,0,0,0,0,0,1,0,1,3,4,4,0
6997,274284,0,0,5,0,0,0,0,0,0,0,0,0,0,0,185,0,0,0,0,0,0,0,0,0,0,1,0,1,3,4,4,0
6998,274285,0,0,5,0,0,0,0,0,0,0,0,0,0,0,187,0,0,0,0,0,0,0,0,0,0,1,0,1,3,4,4,0
6999,274286,0,0,5,0,0,0,0,0,0,0,0,0,0,0,188,0,0,0,0,0,0,0,0,0,0,1,0,1,3,4,4,0
7000,274287,0,0,5,0,0,0,0,0,0,0,0,0,0,0,185,0,0,0,0,0,0,0,0,0,0,1,0,1,3,4,4,0
7001,274288,0,0,5,0,0,0,0,0,0,0,0,0,0,0,187,0,0,0,0,0,0,0,0,0,0,1,0,1,3,4,4,0
7002,274289,0,0,5,0,0,0,0,0,0,0,0,0,0,0,188,0,0,0,0,0,0,0,0,0,0,1,0,1,3,4,4,0
7003,274290,0,0,5,0,0,0,0,0,0,0,0,0,0,0,190,0,0,0,0,0,0,0,0,0,0,1,0,1,3,4,4,0
7004,274291,0,0,5,0,0,0,0,0,0,0,0,0,0,0,191,0,0,0,0,0,0,0,0,0,0,1,0,1,3,4,4,0
7005,274292,0,0,5,0,0,0,0,0,0,0,0,0,0,0,193,0,0,0,0,0,0,0,0,0,0,1,0,1,3,4,4,0
7006,274293,0,0,5,0,0,0,0,0,0,0,0,0,0,0,194,0,0,0,0,0,0,0,0,0,0,1,0,1,3,4,4,0
7007,274294,0,0,5,0,0,0,0,0,0,0,0,0,0,0,196,0,0,0,0,0,0,0,0,0,0,1,0,1,3,4,4,0
7008,274295,0,0,5,0,0,0,0,0,0,0,0,0,0,0,197,0,0,0,0,0,0,0,0,0,0,1,0,1,3,4,4,0
7009,274296,0,0,5,0,0,0,0,0,0,0,0,0,0,0,199,0,0,0,0,0,0,0,0,0,0,1,0,1,3,4,4,0
7010,274297,0,0,5,0,0,0,0,0,0,0,0,0,0,0,200,0,0,0,0,0,0,0,0,0,0,1,0,1,3,4,4,0
7011,274298,0,0,5,0,0,0,0,0,0,0,0,0,0,0,197,0,0,0,0,0,0,0,0,0,0,1,0,1,3,4,4,0
7012,274299,0,0,5,0,0,0,0,0,0,0,0,0,0,0,199,0,0,0,0,0,0,0,0,0,0,1,0,1,3,4,4,0
7013,274300,0,0,5,0,0,0,0,0,0,0,0,0,0,0,200,0,0,0,0,0,0,0,0,0,0,1,0,1,3,4,4,0
7014,274301,0,0,5,0,0,0,0,0,0,0,0,0,0,0,202,0,0,0,0,0,0,0,0,0,0,1,0,1,3,4,4,0
7015,274302,0,0,5,0,0,0,0,0,0,0,0,0,0,0,203,0,0,0,0,0,0,0,0,0,0,1,0,1,3,4,4,0
7016,274303,0,0,5,0,0,0,0,0,0,0,0,0,0,0,205,0,0,0,0,0,0,0,0,0,0,1,0,1,3,4,4,0
7017,274304,0,0,5,0,0,0,0,0,0,0,0,0,0,0,206,0,0,0,0,0,0,0,0,0,0,1,0,1,3,4,4,0
7018,274305,0,0,5,0,0,0,0,0,0,0,0,0,0,0,208,0,0,0,0,0,0,0,0,0,0,1,0,1,3,4,4,0
7019,274306,0,0,5,0,0,0,0,0,0,0,0,0,0,0,209,0,0,0,0,0,0,0,0,0,0,1,0,1,3,4,4,0
7020,274307,0,0,5,0,0,0,0,0,0,0,0,0,0,0,211,0,0,0,0,0,0,0,0,0,0,1,0,1,3,4,4,0
7021,274308,0,0,5,0,0,0,0,0,0,0,0,0,0,0,212,0,0,0,0,0,0,0,0,0,0,1,0,1,3,4,4,0
7022,274309,0,0,5,0,0,0,0,0,0,0,0,0,0,0,209,0,0,0,0,0,0,0,0,0,0,1,0,1,3,4,4,0
7023,274310,0,0,5,0,0,0,0,0,0,0,0,0,0,0,211,0,0,0,0,0,0,0,0,0,0,1,0,1,3,4,4,0
7024,274311,0,0,5,0,0,0,0,0,0,0,0,0,0,0,212,0,0,0,0,0,0,0,0,0,0,1,0,1,3,4,4,0
7025,274312,0,0,5,0,0,0,0,0,0,0,0,0,0,0,214,0,0,0,0,0,0,0,0,0,0,1,0,1,3,4,4,0
7026,274313,0,0,5,0,0,0,0,0,0,0,0,0,0,0,215,0,0,0,0,0,0,0,0,0,0,1,0,1,3,4,4,0
7027,274314,0,0,5,0,0,0,0,0,0,0,0,0,0,0,217,0,0,0,0,0,0,0,0,0,0,1,0,1,3,4,4,0
7028,274315,0,0,5,0,0,0,0,0,0,0,0,0,0,0,218,0,0,0,0,0,0,0,0,0,0,1,0,1,3,4,4,0
7029,274316,0,0,5,0,0,0,0,0,0,0,0,0,0,0,220,0,0,0,0,0,0,0,0,0,0,1,0,1,3,4,4,0
7030,274317,0,0,5,0,0,0,0,0,0,0,0,0,0,0,221,0,0,0,0,0,0,0,0,0,0,1,0,1,3,4,4,0
7031,274318,0,0,5,0,0,0,0,0,0,0,0,0,0,0,223,0,0,0,0,0,0,0,0,0,0,1,0,1,3,4,4,0
7032,274319,0,0,5,0,0,0,0,0,0,0,0,0,0,0,224,0,0,0,0,0,0,0,0,0,0,1,0,1,3,4,4,0
7033,274320,0,0,5,0,0,0,0,0,0,0,0,0,0,0,221,0,0,0,0,0,0,0,0,0,0,1,0,1,3,4,4,0
7034,274321,0,0,5,0,0,0,0,0,0,0,0,0,0,0,223,0,0,0,0,0,0,0,0,0,0,1,0,1,3,4,4,0
7035,274322,0,0,5,0,0,0,0,0,0,0,0,0,0,0,224,0,0,0,0,0,0,0,0,0,0,1,0,1,3,4,4,0
7036,274323,0,0,5,0,0,0,0,0,0,0,0,0,0,0,226,0,0,0,0,0,0,0,0,0,0,1,0,1,3,4,4,0
7037,274324,0,0,5,0,0,0,0,0,0,0,0,0,0,0,228,0,0,0,0,0,0,0,0,0,0,1,0,1,3,4,4,0
7038,274325,0,0,5,0,0,0,0,0,0,0,0,0,0,0,229,0,0,0,0,0,0,0,0,0,0,1,0,1,3,4,4,0
7039,274326,0,0,5,0,0,0,0,0,0,0,0,0,0,0,231,0,0,0,0,0,0,0,0,0,0,1,0,1,3,4,4,0
7040,274327,0,0,5,0,0,0,0,0,0,0,0,0,0,0,232,0,0,0,0,0,0,0,0,0,0,1,0,1,3,4,4,0
7041,274328,0,0,5,0,0,0,0,0,0,0,0,0,0,0,234,0,0,0,0,0,0,0,0,0,0,1,0,1,3,4,4,0
7042,274329,0,0,5,0,0,0,0,0,0,0,0,0,0,0,235,0,0,0,0,0,0,0,0,0,0,1,0,1,3,4,4,0
7043,274330,0,0,5,0,0,0,0,0,0,0,0,0,0,0,237,0,0,0,0,0,0,0,0,0,0,1,0,1,3,4,4,0
7044,274331,0,0,5,0,0,0,0,0,0,0,0,0,0,0,234,0,0,0,0,0,0,0,0,0,0,1,0,1,3,4,4,0
7045,274332,0,0,5,0,0,0,0,0,0,0,0,0,0,0,235,0,0,0,0,0,0,0,0,0,0,1,0,1,3,4,4,0
7046,274333,0,0,5,0,0,0,0,0,0,0,0,0,0,0,237,0,0,0,0,0,0,0,0,0,0,1,0,1,3,4,4,0
7047,274334,0,0,5,0,0,0,0,0,0,0,0,0,0,0,238,0,0,0,0,0,0,0,0,0,0,1,0,1,3,4,4,0
7048,274335,0,0,5,0,0,0,0,0,0,0,0,0,0,0,240,0,0,0,0,0,0,0,0,0,0,1,0,1,3,4,4,0
7049,274336,0,0,5,0,0,0,0,0,0,0,0,0,0,0,241,0,0,0,0,0,0,0,0,0,0,1,0,1,3,4,4,0
7050,274337,0,0,5,0,0,0,0,0,0,0,0,0,0,0,243,0,0,0,0,0,0,0,0,0,0,1,0,1,3,4,4,0
7051,274338,0,0,5,0,0,0,0,0,0,0,0,0,0,0,244,0,0,0,0,0,0,0,0,0,0,1,0,1,3,4,4,0
7052,274339,0,0,5,0,0,0,0,0,0,0,0,0,0,0,246,0,0,0,0,0,0,0,0,0,0,1,0,1,3,4,4,0
7053,274340,0,0,5,0,0,0,0,0,0,0,0,0,0,0,247,0,0,0,0,0,0,0,0,0,0,1,0,1,3,4,4,0
7054,274341,0,0,5,0,0,0,0,0,0,0,0,0,0,0,249,0,0,0,0,0,0,0,0,0,0,1,0,1,3,4,4,0
7055,274342,0,0,5,0,0,0,0,0,0,0,0,0,0,0,246,0,0,0,0,0,0,0,0,0,0,1,0,1,3,4,4,0
7056,274343,0,0,5,0,0,0,0,0,0,0,0,0,0,0,247,0,0,0,0,0,0,0,0,0,0,1,0,1,3,4,4,0
7057,274344,0,0,5,0,0,0,0,0,0,0,0,0,0,0,249,0,0,0,0,0,0,0,0,0,0,1,0,1,3,4,4,0
7058,274345,0,0,5,0,0,0,0,0,0,0,0,0,0,0,250,0,0,0,0,0,0,0,0,0,0,1,0,1,3,4,4,0
7059,274346,0,0,5,0,0,0,0,0,0,0,0,0,0,0,252,0,0,0,0,0,0,0,0,0,0,1,0,1,3,4,4,0
7060,274347,0,0,5,0,0,0,0,0,0,0,0,0,0,0,254,0,0,0,0,0,0,0,0,0,0,1,0,1,3,4,4,0
7061,274348,0,0,5,0,0,0,0,0,0,0,0,0,0,0,256,0,0,0,0,0,0,0,0,0,0,1,0,1,3,4,4,0
7062,274349,0,0,5,0,0,0,0,0,0,0,0,0,0,0,258,0,0,0,0,0,0,0,0,0,0,1,0,1,3,4,4,0
7063,274350,0,0,5,0,0,0,0,0,0,0,0,0,0,0,260,0,0,0,0,0,0,0,0,0,0,1,0,1,3,4,4,0
7064,274351,0,0,5,0,0,0,0,0,0,0,0,0,0,0,262,0,0,0,0,0,0,0,0,0,0,1,0,1,3,4,4,0
7065,274352,0,0,5,0,0,0,0,0,0,0,0,0,0,0,264,0,0,0,0,0,0,0,0,0,0,1,0,1,3,4,4,0
7066,274353,0,0,5,0,0,0,0,0,0,0,0,0,0,0,260,0,0,0,0,0,0,0,0,0,0,1,0,1,3,4,4,0
7067,274354,0,0,5,0,0,0,0,0,0,0,0,0,0,0,262,0,0,0,0,0,0,0,0,0,0,1,0,1,3,4,4,0
7068,274355,0,0,5,0,0,0,0,0,0,0,0,0,0,0,264,0,0,0,0,0,0,0,0,0,0,1,0,1,3,4,4,0
7069,274356,0,0,5,0,0,0,0,0,0,0,0,0,0,0,265,0,0,0,0,0,0,0,0,0,0,1,0,1,3,4,4,0
7070,274357,0,0,5,0,0,0,0,0,0,0,0,0,0,0,267,0,0,0,0,0,0,0,0,0,0,1,0,1,3,4,4,0
7071,274358,0,0,5,0,0,0,0,0,0,0,0,0,0,0,269,0,0,0,0,0,0,0,0,0,0,1,0,1,3,4,4,0
7072,274359,0,0,5,0,0,0,0,0,0,0,0,0,0,0,271,0,0,0,0,0,0,0,0,0,0,1,0,1,3,4,4,0
7073,274360,0,0,5,0,0,0,0,0,0,0,0,0,0,0,273,0,0,0,0,0,0,0,0,0,0,1,0,1,3,4,4,0
7074,274361,0,0,5,0,0,0,0,0,0,0,0,0,0,0,275,0,0,0,0,0,0,0,0,0,0,1,0,1,3,4,4,0
7075,274362,0,0,5,0,0,0,0,0,0,0,0,0,0,0,277,0,0,0,0,0,0,0,0,0,0,1,0,1,3,4,4,0
7076,274363,0,0,5,0,0,0,0,0,0,0,0,0,0,0,279,0,0,0,0,0,0,0,0,0,0,1,0,1,3,4,4,0
7077,274364,0,0,5,0,0,0,0,0,0,0,0,0,0,0,275,0,0,0,0,0,0,0,0,0,0,1,0,1,3,4,4,0
7078,274365,0,0,5,0,0,0,0,0,0,0,0,0,0,0,277,0,0,0,0,0,0,0,0,0,0,1,0,1,3,4,4,0
7079,274366,0,0,5,0,0,0,0,0,0,0,0,0,0,0,279,0,0,0,0,0,0,0,0,0,0,1,0,1,3,4,4,0
7080,274367,0,0,5,0,0,0,0,0,0,0,0,0,0,0,281,0,0,0,0,0,0,0,0,0,0,1,0,1,3,4,4,0
7081,274368,0,0,5,0,0,0,0,0,0,0,0,0,0,0,282,0,0,0,0,0,0,0,0,0,0,1,0,1,3,4,4,0
7082,274369,0,0,5,0,0,0,0,0,0,0,0,0,0,0,284,0,0,0,0,0,0,0,0,0,0,1,0,1,3,4,4,0
7083,274370,0,0,5,0,0,0,0,0,0,0,0,0,0,0,286,0,0,0,0,0,0,0,0,0,0,1,0,1,3,4,4,0
7084,274371,0,0,6,0,0,0,0,0,0,0,0,0,0,0,288,0,0,0,0,0,0,0,0,0,0,1,0,1,3,4,4,0
7085,274372,0,0,6,0,0,0,0,0,0,0,0,0,0,0,290,0,0,0,0,0,0,0,0,0,0,1,0,1,3,4,4,0
7086,274373,0,0,6,0,0,0,0,0,0,0,0,0,0,0,292,0,0,0,0,0,0,0,0,0,0,1,0,1,3,4,4,0
7087,274374,0,0,6,0,0,0,0,0,0,0,0,0,0,0,294,0,0,0,0,0,0,0,0,0,0,1,0,1,3,4,4,0
7088,274375,0,0,6,0,0,0,0,0,0,0,0,0,0,0,290,0,0,0,0,0,0,0,0,0,0,1,0,1,3,4,4,0
7089,274376,0,0,6,0,0,0,0,0,0,0,0,0,0,0,292,0,0,0,0,0,0,0,0,0,0,1,0,1,3,4,4,0
7090,274377,0,0,6,0,0,0,0,0,0,0,0,0,0,0,294,0,0,0,0,0,0,0,0,0,0,1,0,1,3,4,4,0
7091,274378,0,0,6,0,0,0,0,0,0,0,0,0,0,0,296,0,0,0,0,0,0,0,0,0,0,1,0,1,3,4,4,0
7092,274379,0,0,6,0,0,0,0,0,0,0,0,0,0,0,298,0,0,0,0,0,0,0,0,0,0,1,0,1,3,4,4,0
7093,274380,0,0,6,0,0,0,0,0,0,0,0,0,0,0,300,0,0,0,0,0,0,0,0,0,0,1,0,1,3,4,4,0
7094,274381,0,0,6,0,0,0,0,0,0,0,0,0,0,0,301,0,0,0,0,0,0,0,0,0,0,1,0,1,3,4,4,0
7095,274382,0,0,6,0,0,0,0,0,0,0,0,0,0,0,303,0,0,0,0,0,0,0,0,0,0,1,0,1,3,4,4,0
7096,274383,0,0,6,0,0,0,0,0,0,0,0,0,0,0,305,0,0,0,0,0,0,0,0,0,0,1,0,1,3,4,4,0
7097,274384,0,0,6,0,0,0,0,0,0,0,0,0,0,0,307,0,0,0,0,0,0,0,0,0,0,1,0,1,3,4,4,0
7098,274385,0,0,6,0,0,0,0,0,0,0,0,0,0,0,309,0,0,0,0,0,0,0,0,0,0,1,0,1,3,4,4,0
7099,274386,0,0,6,0,0,0,0,0,0,0,0,0,0,0,305,0,0,0,0,0,0,0,0,0,0,1,0,1,3,4,4,0
7100,274387,0,0,6,0,0,0,0,0,0,0,0,0,0,0,307,0,0,0,0,0,0,0,0,0,0,1,0,1,3,4,4,0
7101,274388,0,0,6,0,0,0,0,0,0,0,0,0,0,0,309,0,0,0,0,0,0,0,0,0,0,1,0,1,3,4,4,0
7102,274389,0,0,6,0,0,0,0,0,0,0,0,0,0,0,311,0,0,0,0,0,0,0,0,0,0,1,0,1,3,4,4,0
7103,274390,0,0,6,0,0,0,0,0,0,0,0,0,0,0,313,0,0,0,0,0,0,0,0,0,0,1,0,1,3,4,4,0
7104,274391,0,0,6,0,0,0,0,0,0,0,0,0,0,0,315,0,0,0,0,0,0,0,0,0,0,1,0,1,3,4,4,0
7105,274392,0,0,6,0,0,0,0,0,0,0,0,0,0,0,317,0,0,0,0,0,0,0,0,0,0,1,0,1,3,4,4,0
7106,274393,0,0,6,0,0,0,0,0,0,0,0,0,0,0,319,0,0,0,0,0,0,0,0,0,0,1,0,1,3,4,4,0
7107,274394,0,0,6,0,0,0,0,0,0,0,0,0,0,0,320,0,0,0,0,0,0,0,0,0,0,1,0,1,3,4,4,0
7108,274395,0,0,6,0,0,0,0,0,0,0,0,0,0,0,322,0,0,0,0,0,0,0,0,0,0,1,0,1,3,4,4,0
7109,274396,0,0,6,0,0,0,0,0,0,0,0,0,0,0,324,0,0,0,0,0,0,0,0,0,0,1,0,1,3,4,4,0
7110,274397,0,0,6,0,0,0,0,0,0,0,0,0,0,0,320,0,0,0,0,0,0,0,0,0,0,1,0,1,3,4,4,0
7111,274398,0,0,6,0,0,0,0,0,0,0,0,0,0,0,322,0,0,0,0,0,0,0,0,0,0,1,0,1,3,4,4,0
7112,274399,0,0,6,0,0,0,0,0,0,0,0,0,0,0,324,0,0,0,0,0,0,0,0,0,0,1,0,1,3,4,4,0
7113,274400,0,0,6,0,0,0,0,0,0,0,0,0,0,0,326,0,0,0,0,0,0,0,0,0,0,1,0,1,3,4,4,0
7114,274401,0,0,6,0,0,0,0,0,0,0,0,0,0,0,328,0,0,0,0,0,0,0,0,0,0,1,0,1,3,4,4,0
7115,274402,0,0,6,0,0,0,0,0,0,0,0,0,0,0,330,0,0,0,0,0,0,0,0,0,0,1,0,1,3,4,4,0
7116,274403,0,0,6,0,0,0,0,0,0,0,0,0,0,0,332,0,0,0,0,0,0,0,0,0,0,1,0,1,3,4,4,0
7117,274404,0,0,6,0,0,0,0,0,0,0,0,0,0,0,334,0,0,0,0,0,0,0,0,0,0,1,0,1,3,4,4,0
7118,274405,0,0,6,0,0,0,0,0,0,0,0,0,0,0,336,0,0,0,0,0,0,0,0,0,0,1,0,1,3,4,4,0
7119,274406,0,0,6,0,0,0,0,0,0,0,0,0,0,0,337,0,0,0,0,0,0,0,0,0,0,1,0,1,3,4,4,0
7120,274407,0,0,6,0,0,0,0,0,0,0,0,0,0,0,339,0,0,0,0,0,0,0,0,0,0,1,0,1,3,4,4,0
7121,274408,0,0,6,0,0,0,0,0,0,0,0,0,0,0,336,0,0,0,0,0,0,0,0,0,0,1,0,1,3,4,4,0
7122,274409,0,0,6,0,0,0,0,0,0,0,0,0,0,0,337,0,0,0,0,0,0,0,0,0,0,1,0,1,3,4,4,0
7123,274410,0,0,6,0,0,0,0,0,0,0,0,0,0,0,339,0,0,0,0,0,0,0,0,0,0,1,0,1,3,4,4,0
7124,274411,0,0,6,0,0,0,0,0,0,0,0,0,0,0,341,0,0,0,0,0,0,0,0,0,0,1,0,1,3,4,4,0
7125,274412,0,0,6,0,0,0,0,0,0,0,0,0,0,0,343,0,0,0,0,0,0,0,0,0,0,1,0,1,3,4,4,0
7126,274413,0,0,6,0,0,0,0,0,0,0,0,0,0,0,345,0,0,0,0,0,0,0,0,0,0,1,0,1,3,4,4,0
7127,274414,0,0,6,0,0,0,0,0,0,0,0,0,0,0,347,0,0,0,0,0,0,0,0,0,0,1,0,1,3,4,4,0
7128,274415,0,0,6,0,0,0,0,0,0,0,0,0,0,0,349,0,0,0,0,0,0,0,0,0,0,1,0,1,3,4,4,0
7129,274416,0,0,6,0,0,0,0,0,0,0,0,0,0,0,351,0,0,0,0,0,0,0,0,0,0,1,0,1,3,4,4,0
7130,274417,0,0,6,0,0,0,0,0,0,0,0,0,0,0,353,0,0,0,0,0,0,0,0,0,0,1,0,1,3,4,4,0
7131,274418,0,0,6,0,0,0,0,0,0,0,0,0,0,0,355,0,0,0,0,0,0,0,0,0,0,1,0,1,3,4,4,0
7132,274419,0,0,6,0,0,0,0,0,0,0,0,0,0,0,351,0,0,0,0,0,0,0,0,0,0,1,0,1,3,4,4,0
7133,274420,0,0,6,0,0,0,0,0,0,0,0,0,0,0,353,0,0,0,0,0,0,0,0,0,0,1,0,1,3,4,4,0
7134,274421,0,0,6,0,0,0,0,0,0,0,0,0,0,0,355,0,0,0,0,0,0,0,0,0,0,1,0,1,3,4,4,0
7135,274422,0,0,6,0,0,0,0,0,0,0,0,0,0,0,356,0,0,0,0,0,0,0,0,0,0,1,0,1,3,4,4,0
7136,274423,0,0,6,0,0,0,0,0,0,0,0,0,0,0,358,0,0,0,0,0,0,0,0,0,0,1,0,1,3,4,4,0
7137,274424,0,0,6,0,0,0,0,0,0,0,0,0,0,0,360,0,0,0,0,0,0,0,0,0,0,1,0,1,3,4,4,0
7138,274425,0,0,6,0,0,0,0,0,0,0,0,0,0,0,362,0,0,0,0,0,0,0,0,0,0,1,0,1,3,4,4,0
7139,274426,0,0,6,0,0,0,0,0,0,0,0,0,0,0,364,0,0,0,0,0,0,0,0,0,0,1,0,1,3,4,4,0
7140,275100,0,0,1,0,0,0,0,0,0,0,0,0,7,0,0,1,0,0,0,0,0,0,0,0,0,0,0,1,3,0,64,0
7141,275101,0,0,1,0,0,0,0,0,0,0,0,0,14,0,0,1,0,0,0,0,0,0,0,0,0,0,0,1,3,0,64,0
7142,275102,0,0,1,0,0,0,0,0,0,0,0,0,21,0,0,2,0,0,0,0,0,0,0,0,0,0,0,1,3,0,64,0
7143,275103,0,0,1,0,0,0,0,0,0,0,0,0,28,0,0,3,0,0,0,0,0,0,0,0,0,0,0,1,3,0,64,0
7144,275104,0,0,1,0,0,0,0,0,0,0,0,0,35,0,0,3,0,0,0,0,0,0,0,0,0,0,0,1,3,0,64,0
7145,275105,0,0,1,0,0,0,0,0,0,0,0,0,42,0,0,4,0,0,0,0,0,0,0,0,0,0,0,1,3,0,64,0
7146,275106,0,0,1,0,0,0,0,0,0,0,0,0,49,0,0,5,0,0,0,0,0,0,0,0,0,0,0,1,3,0,64,0
7147,275107,0,0,1,0,0,0,0,0,0,0,0,0,56,0,0,5,0,0,0,0,0,0,0,0,0,0,0,1,3,0,64,0
7148,275108,0,0,1,0,0,0,0,0,0,0,0,0,63,0,0,6,0,0,0,0,0,0,0,0,0,0,0,1,3,0,64,0
7149,275109,0,0,1,0,0,0,0,0,0,0,0,0,70,0,0,7,0,0,0,0,0,0,0,0,0,0,0,1,3,0,64,0
7150,275110,0,0,1,0,0,0,0,0,0,0,0,0,77,0,0,7,0,0,0,0,0,0,0,0,0,0,0,1,3,0,64,0
7151,275111,0,0,1,0,0,0,0,0,0,0,0,0,63,0,0,6,0,0,0,0,0,0,0,0,0,0,0,1,3,0,64,0
7152,275112,0,0,1,0,0,0,0,0,0,0,0,0,70,0,0,7,0,0,0,0,0,0,0,0,0,0,0,1,3,0,64,0
7153,275113,0,0,1,0,0,0,0,0,0,0,0,0,77,0,0,7,0,0,0,0,0,0,0,0,0,0,0,1,3,0,64,0
7154,275114,0,0,1,0,0,0,0,0,0,0,0,0,84,0,0,8,0,0,0,0,0,0,0,0,0,0,0,1,3,0,64,0
7155,275115,0,0,1,0,0,0,0,0,0,0,0,0,91,0,0,8,0,0,0,0,0,0,0,0,0,0,0,1,3,0,64,0
7156,275116,0,0,1,0,0,0,0,0,0,0,0,0,98,0,0,9,0,0,0,0,0,0,0,0,0,0,0,1,3,0,64,0
7157,275117,0,0,1,0,0,0,0,0,0,0,0,0,105,0,0,10,0,0,0,0,0,0,0,0,0,0,0,1,3,0,64,0
7158,275118,0,0,1,0,0,0,0,0,0,0,0,0,112,0,0,10,0,0,0,0,0,0,0,0,0,0,0,1,3,0,64,0
7159,275119,0,0,1,0,0,0,0,0,0,0,0,0,119,0,0,11,0,0,0,0,0,0,0,0,0,0,0,1,3,0,64,0
7160,275120,0,0,1,0,0,0,0,0,0,0,0,0,126,0,0,12,0,0,0,0,0,0,0,0,0,0,0,1,3,0,64,0
7161,275121,0,0,1,0,0,0,0,0,0,0,0,0,133,0,0,12,0,0,0,0,0,0,0,0,0,0,0,1,3,0,64,0
7162,275122,0,0,1,0,0,0,0,0,0,0,0,0,119,0,0,11,0,0,0,0,0,0,0,0,0,0,0,1,3,0,64,0
7163,275123,0,0,1,0,0,0,0,0,0,0,0,0,126,0,0,12,0,0,0,0,0,0,0,0,0,0,0,1,3,0,64,0
7164,275124,0,0,1,0,0,0,0,0,0,0,0,0,133,0,0,12,0,0,0,0,0,0,0,0,0,0,0,1,3,0,64,0
7165,275125,0,0,1,0,0,0,0,0,0,0,0,0,140,0,0,13,0,0,0,0,0,0,0,0,0,0,0,1,3,0,64,0
7166,275126,0,0,1,0,0,0,0,0,0,0,0,0,147,0,0,14,0,0,0,0,0,0,0,0,0,0,0,1,3,0,64,0
7167,275127,0,0,1,0,0,0,0,0,0,0,0,0,154,0,0,14,0,0,0,0,0,0,0,0,0,0,0,1,3,0,64,0
7168,275128,0,0,1,0,0,0,0,0,0,0,0,0,161,0,0,15,0,0,0,0,0,0,0,0,0,0,0,1,3,0,64,0
7169,275129,0,0,1,0,0,0,0,0,0,0,0,0,168,0,0,16,0,0,0,0,0,0,0,0,0,0,0,1,3,0,64,0
7170,275130,0,0,1,0,0,0,0,0,0,0,0,0,175,0,0,16,0,0,0,0,0,0,0,0,0,0,0,1,3,0,64,0
7171,275131,0,0,1,0,0,0,0,0,0,0,0,0,182,0,0,17,0,0,0,0,0,0,0,0,0,0,0,1,3,0,64,0
7172,275132,0,0,1,0,0,0,0,0,0,0,0,0,189,0,0,18,0,0,0,0,0,0,0,0,0,0,0,1,3,0,64,0
7173,275133,0,0,2,0,0,0,0,0,0,0,0,0,175,0,0,16,0,0,0,0,0,0,0,0,0,0,0,1,3,0,64,0
7174,275134,0,0,2,0,0,0,0,0,0,0,0,0,182,0,0,17,0,0,0,0,0,0,0,0,0,0,0,1,3,0,64,0
7175,275135,0,0,2,0,0,0,0,0,0,0,0,0,189,0,0,18,0,0,0,0,0,0,0,0,0,0,0,1,3,0,64,0
7176,275136,0,0,2,0,0,0,0,0,0,0,0,0,196,0,0,18,0,0,0,0,0,0,0,0,0,0,0,1,3,0,64,0
7177,275137,0,0,2,0,0,0,0,0,0,0,0,0,203,0,0,19,0,0,0,0,0,0,0,0,0,0,0,1,3,0,64,0
7178,275138,0,0,2,0,0,0,0,0,0,0,0,0,210,0,0,20,0,0,0,0,0,0,0,0,0,0,0,1,3,0,64,0
7179,275139,0,0,2,0,0,0,0,0,0,0,0,0,217,0,0,20,0,0,0,0,0,0,0,0,0,0,0,1,3,0,64,0
7180,275140,0,0,2,0,0,0,0,0,0,0,0,0,224,0,0,21,0,0,0,0,0,0,0,0,0,0,0,1,3,0,64,0
7181,275141,0,0,2,0,0,0,0,0,0,0,0,0,231,0,0,21,0,0,0,0,0,0,0,0,0,0,0,1,3,0,64,0
7182,275142,0,0,2,0,0,0,0,0,0,0,0,0,238,0,0,22,0,0,0,0,0,0,0,0,0,0,0,1,3,0,64,0
7183,275143,0,0,2,0,0,0,0,0,0,0,0,0,245,0,0,23,0,0,0,0,0,0,0,0,0,0,0,1,3,0,64,0
7184,275144,0,0,2,0,0,0,0,0,0,0,0,0,231,0,0,21,0,0,0,0,0,0,0,0,0,0,0,1,3,0,64,0
7185,275145,0,0,2,0,0,0,0,0,0,0,0,0,238,0,0,22,0,0,0,0,0,0,0,0,0,0,0,1,3,0,64,0
7186,275146,0,0,2,0,0,0,0,0,0,0,0,0,245,0,0,23,0,0,0,0,0,0,0,0,0,0,0,1,3,0,64,0
7187,275147,0,0,2,0,0,0,0,0,0,0,0,0,252,0,0,23,0,0,0,0,0,0,0,0,0,0,0,1,3,0,64,0
7188,275148,0,0,2,0,0,0,0,0,0,0,0,0,259,0,0,24,0,0,0,0,0,0,0,0,0,0,0,1,3,0,64,0
7189,275149,0,0,2,0,0,0,0,0,0,0,0,0,266,0,0,25,0,0,0,0,0,0,0,0,0,0,0,1,3,0,64,0
7190,275150,0,0,2,0,0,0,0,0,0,0,0,0,273,0,0,25,0,0,0,0,0,0,0,0,0,0,0,1,3,0,64,0
7191,275151,0,0,2,0,0,0,0,0,0,0,0,0,280,0,0,26,0,0,0,0,0,0,0,0,0,0,0,1,3,0,64,0
7192,275152,0,0,2,0,0,0,0,0,0,0,0,0,287,0,0,27,0,0,0,0,0,0,0,0,0,0,0,1,3,0,64,0
7193,275153,0,0,2,0,0,0,0,0,0,0,0,0,294,0,0,27,0,0,0,0,0,0,0,0,0,0,0,1,3,0,64,0
7194,275154,0,0,2,0,0,0,0,0,0,0,0,0,301,0,0,28,0,0,0,0,0,0,0,0,0,0,0,1,3,0,64,0
7195,275155,0,0,2,0,0,0,0,0,0,0,0,0,287,0,0,27,0,0,0,0,0,0,0,0,0,0,0,1,3,0,64,0
7196,275156,0,0,2,0,0,0,0,0,0,0,0,0,294,0,0,27,0,0,0,0,0,0,0,0,0,0,0,1,3,0,64,0
7197,275157,0,0,2,0,0,0,0,0,0,0,0,0,301,0,0,28,0,0,0,0,0,0,0,0,0,0,0,1,3,0,64,0
7198,275158,0,0,2,0,0,0,0,0,0,0,0,0,308,0,0,29,0,0,0,0,0,0,0,0,0,0,0,1,3,0,64,0
7199,275159,0,0,2,0,0,0,0,0,0,0,0,0,315,0,0,29,0,0,0,0,0,0,0,0,0,0,0,1,3,0,64,0
7200,275160,0,0,2,0,0,0,0,0,0,0,0,0,322,0,0,30,0,0,0,0,0,0,0,0,0,0,0,1,3,0,64,0
7201,275161,0,0,2,0,0,0,0,0,0,0,0,0,329,0,0,31,0,0,0,0,0,0,0,0,0,0,0,1,3,0,64,0
7202,275162,0,0,2,0,0,0,0,0,0,0,0,0,336,0,0,31,0,0,0,0,0,0,0,0,0,0,0,1,3,0,64,0
7203,275163,0,0,2,0,0,0,0,0,0,0,0,0,343,0,0,32,0,0,0,0,0,0,0,0,0,0,0,1,3,0,64,0
7204,275164,0,0,2,0,0,0,0,0,0,0,0,0,350,0,0,33,0,0,0,0,0,0,0,0,0,0,0,1,3,0,64,0
7205,275165,0,0,2,0,0,0,0,0,0,0,0,0,357,0,0,33,0,0,0,0,0,0,0,0,0,0,0,1,3,0,64,0
7206,275166,0,0,3,0,0,0,0,0,0,0,0,0,343,0,0,32,0,0,0,0,0,0,0,0,0,0,0,1,3,0,64,0
7207,275167,0,0,3,0,0,0,0,0,0,0,0,0,350,0,0,33,0,0,0,0,0,0,0,0,0,0,0,1,3,0,64,0
7208,275168,0,0,3,0,0,0,0,0,0,0,0,0,357,0,0,33,0,0,0,0,0,0,0,0,0,0,0,1,3,0,64,0
7209,275169,0,0,3,0,0,0,0,0,0,0,0,0,364,0,0,34,0,0,0,0,0,0,0,0,0,0,0,1,3,0,64,0
7210,275170,0,0,3,0,0,0,0,0,0,0,0,0,371,0,0,34,0,0,0,0,0,0,0,0,0,0,0,1,3,0,64,0
7211,275171,0,0,3,0,0,0,0,0,0,0,0,0,378,0,0,35,0,0,0,0,0,0,0,0,0,0,0,1,3,0,64,0
7212,275172,0,0,3,0,0,0,0,0,0,0,0,0,385,0,0,36,0,0,0,0,0,0,0,0,0,0,0,1,3,0,64,0
7213,275173,0,0,3,0,0,0,0,0,0,0,0,0,392,0,0,36,0,0,0,0,0,0,0,0,0,0,0,1,3,0,64,0
7214,275174,0,0,3,0,0,0,0,0,0,0,0,0,399,0,0,37,0,0,0,0,0,0,0,0,0,0,0,1,3,0,64,0
7215,275175,0,0,3,0,0,0,0,0,0,0,0,0,406,0,0,38,0,0,0,0,0,0,0,0,0,0,0,1,3,0,64,0
7216,275176,0,0,3,0,0,0,0,0,0,0,0,0,413,0,0,38,0,0,0,0,0,0,0,0,0,0,0,1,3,0,64,0
7217,275177,0,0,3,0,0,0,0,0,0,0,0,0,399,0,0,37,0,0,0,0,0,0,0,0,0,0,0,1,3,0,64,0
7218,275178,0,0,3,0,0,0,0,0,0,0,0,0,406,0,0,38,0,0,0,0,0,0,0,0,0,0,0,1,3,0,64,0
7219,275179,0,0,3,0,0,0,0,0,0,0,0,0,413,0,0,38,0,0,0,0,0,0,0,0,0,0,0,1,3,0,64,0
7220,275180,0,0,3,0,0,0,0,0,0,0,0,0,420,0,0,39,0,0,0,0,0,0,0,0,0,0,0,1,3,0,64,0
7221,275181,0,0,3,0,0,0,0,0,0,0,0,0,429,0,0,40,0,0,0,0,0,0,0,0,0,0,0,1,3,0,64,0
7222,275182,0,0,3,0,0,0,0,0,0,0,0,0,439,0,0,41,0,0,0,0,0,0,0,0,0,0,0,1,3,0,64,0
7223,275183,0,0,3,0,0,0,0,0,0,0,0,0,448,0,0,42,0,0,0,0,0,0,0,0,0,0,0,1,3,0,64,0
7224,275184,0,0,3,0,0,0,0,0,0,0,0,0,457,0,0,42,0,0,0,0,0,0,0,0,0,0,0,1,3,0,64,0
7225,275185,0,0,3,0,0,0,0,0,0,0,0,0,467,0,0,43,0,0,0,0,0,0,0,0,0,0,0,1,3,0,64,0
7226,275186,0,0,3,0,0,0,0,0,0,0,0,0,476,0,0,44,0,0,0,0,0,0,0,0,0,0,0,1,3,0,64,0
7227,275187,0,0,3,0,0,0,0,0,0,0,0,0,485,0,0,45,0,0,0,0,0,0,0,0,0,0,0,1,3,0,64,0
7228,275188,0,0,3,0,0,0,0,0,0,0,0,0,467,0,0,43,0,0,0,0,0,0,0,0,0,0,0,1,3,0,64,0
7229,275189,0,0,3,0,0,0,0,0,0,0,0,0,476,0,0,44,0,0,0,0,0,0,0,0,0,0,0,1,3,0,64,0
7230,275190,0,0,3,0,0,0,0,0,0,0,0,0,485,0,0,45,0,0,0,0,0,0,0,0,0,0,0,1,3,0,64,0
7231,275191,0,0,3,0,0,0,0,0,0,0,0,0,495,0,0,46,0,0,0,0,0,0,0,0,0,0,0,1,3,0,64,0
7232,275192,0,0,3,0,0,0,0,0,0,0,0,0,504,0,0,47,0,0,0,0,0,0,0,0,0,0,0,1,3,0,64,0
7233,275193,0,0,3,0,0,0,0,0,0,0,0,0,513,0,0,48,0,0,0,0,0,0,0,0,0,0,0,1,3,0,64,0
7234,275194,0,0,3,0,0,0,0,0,0,0,0,0,523,0,0,49,0,0,0,0,0,0,0,0,0,0,0,1,3,0,64,0
7235,275195,0,0,3,0,0,0,0,0,0,0,0,0,532,0,0,49,0,0,0,0,0,0,0,0,0,0,0,1,3,0,64,0
7236,275196,0,0,3,0,0,0,0,0,0,0,0,0,541,0,0,50,0,0,0,0,0,0,0,0,0,0,0,1,3,0,64,0
7237,275197,0,0,3,0,0,0,0,0,0,0,0,0,551,0,0,51,0,0,0,0,0,0,0,0,0,0,0,1,3,0,64,0
7238,275198,0,0,3,0,0,0,0,0,0,0,0,0,560,0,0,52,0,0,0,0,0,0,0,0,0,0,0,1,3,0,64,0
7239,275199,0,0,4,0,0,0,0,0,0,0,0,0,541,0,0,50,0,0,0,0,0,0,0,0,0,0,0,1,3,0,64,0
7240,275200,0,0,4,0,0,0,0,0,0,0,0,0,551,0,0,51,0,0,0,0,0,0,0,0,0,0,0,1,3,0,64,0
7241,275201,0,0,4,0,0,0,0,0,0,0,0,0,560,0,0,52,0,0,0,0,0,0,0,0,0,0,0,1,3,0,64,0
7242,275202,0,0,4,0,0,0,0,0,0,0,0,0,569,0,0,53,0,0,0,0,0,0,0,0,0,0,0,1,3,0,64,0
7243,275203,0,0,4,0,0,0,0,0,0,0,0,0,579,0,0,54,0,0,0,0,0,0,0,0,0,0,0,1,3,0,64,0
7244,275204,0,0,4,0,0,0,0,0,0,0,0,0,588,0,0,55,0,0,0,0,0,0,0,0,0,0,0,1,3,0,64,0
7245,275205,0,0,4,0,0,0,0,0,0,0,0,0,597,0,0,55,0,0,0,0,0,0,0,0,0,0,0,1,3,0,64,0
7246,275206,0,0,4,0,0,0,0,0,0,0,0,0,607,0,0,56,0,0,0,0,0,0,0,0,0,0,0,1,3,0,64,0
7247,275207,0,0,4,0,0,0,0,0,0,0,0,0,616,0,0,57,0,0,0,0,0,0,0,0,0,0,0,1,3,0,64,0
7248,275208,0,0,4,0,0,0,0,0,0,0,0,0,625,0,0,58,0,0,0,0,0,0,0,0,0,0,0,1,3,0,64,0
7249,275209,0,0,4,0,0,0,0,0,0,0,0,0,635,0,0,59,0,0,0,0,0,0,0,0,0,0,0,1,3,0,64,0
7250,275210,0,0,4,0,0,0,0,0,0,0,0,0,616,0,0,57,0,0,0,0,0,0,0,0,0,0,0,1,3,0,64,0
7251,275211,0,0,4,0,0,0,0,0,0,0,0,0,625,0,0,58,0,0,0,0,0,0,0,0,0,0,0,1,3,0,64,0
7252,275212,0,0,4,0,0,0,0,0,0,0,0,0,635,0,0,59,0,0,0,0,0,0,0,0,0,0,0,1,3,0,64,0
7253,275213,0,0,4,0,0,0,0,0,0,0,0,0,644,0,0,60,0,0,0,0,0,0,0,0,0,0,0,1,3,0,64,0
7254,275214,0,0,4,0,0,0,0,0,0,0,0,0,653,0,0,61,0,0,0,0,0,0,0,0,0,0,0,1,3,0,64,0
7255,275215,0,0,4,0,0,0,0,0,0,0,0,0,663,0,0,62,0,0,0,0,0,0,0,0,0,0,0,1,3,0,64,0
7256,275216,0,0,4,0,0,0,0,0,0,0,0,0,672,0,0,62,0,0,0,0,0,0,0,0,0,0,0,1,3,0,64,0
7257,275217,0,0,4,0,0,0,0,0,0,0,0,0,681,0,0,63,0,0,0,0,0,0,0,0,0,0,0,1,3,0,64,0
7258,275218,0,0,4,0,0,0,0,0,0,0,0,0,691,0,0,64,0,0,0,0,0,0,0,0,0,0,0,1,3,0,64,0
7259,275219,0,0,4,0,0,0,0,0,0,0,0,0,700,0,0,65,0,0,0,0,0,0,0,0,0,0,0,1,3,0,64,0
7260,275220,0,0,4,0,0,0,0,0,0,0,0,0,709,0,0,66,0,0,0,0,0,0,0,0,0,0,0,1,3,0,64,0
7261,275221,0,0,4,0,0,0,0,0,0,0,0,0,691,0,0,64,0,0,0,0,0,0,0,0,0,0,0,1,3,0,64,0
7262,275222,0,0,4,0,0,0,0,0,0,0,0,0,700,0,0,65,0,0,0,0,0,0,0,0,0,0,0,1,3,0,64,0
7263,275223,0,0,4,0,0,0,0,0,0,0,0,0,709,0,0,66,0,0,0,0,0,0,0,0,0,0,0,1,3,0,64,0
7264,275224,0,0,4,0,0,0,0,0,0,0,0,0,719,0,0,67,0,0,0,0,0,0,0,0,0,0,0,1,3,0,64,0
7265,275225,0,0,4,0,0,0,0,0,0,0,0,0,728,0,0,68,0,0,0,0,0,0,0,0,0,0,0,1,3,0,64,0
7266,275226,0,0,4,0,0,0,0,0,0,0,0,0,737,0,0,68,0,0,0,0,0,0,0,0,0,0,0,1,3,0,64,0
7267,275227,0,0,4,0,0,0,0,0,0,0,0,0,747,0,0,69,0,0,0,0,0,0,0,0,0,0,0,1,3,0,64,0
7268,275228,0,0,4,0,0,0,0,0,0,0,0,0,756,0,0,70,0,0,0,0,0,0,0,0,0,0,0,1,3,0,64,0
7269,275229,0,0,4,0,0,0,0,0,0,0,0,0,765,0,0,71,0,0,0,0,0,0,0,0,0,0,0,1,3,0,64,0
7270,275230,0,0,4,0,0,0,0,0,0,0,0,0,775,0,0,72,0,0,0,0,0,0,0,0,0,0,0,1,3,0,64,0
7271,275231,0,0,4,0,0,0,0,0,0,0,0,0,784,0,0,73,0,0,0,0,0,0,0,0,0,0,0,1,3,0,64,0
7272,275232,0,0,5,0,0,0,0,0,0,0,0,0,765,0,0,71,0,0,0,0,0,0,0,0,0,0,0,1,3,0,64,0
7273,275233,0,0,5,0,0,0,0,0,0,0,0,0,775,0,0,72,0,0,0,0,0,0,0,0,0,0,0,1,3,0,64,0
7274,275234,0,0,5,0,0,0,0,0,0,0,0,0,784,0,0,73,0,0,0,0,0,0,0,0,0,0,0,1,3,0,64,0
7275,275235,0,0,5,0,0,0,0,0,0,0,0,0,793,0,0,74,0,0,0,0,0,0,0,0,0,0,0,1,3,0,64,0
7276,275236,0,0,5,0,0,0,0,0,0,0,0,0,803,0,0,75,0,0,0,0,0,0,0,0,0,0,0,1,3,0,64,0
7277,275237,0,0,5,0,0,0,0,0,0,0,0,0,812,0,0,75,0,0,0,0,0,0,0,0,0,0,0,1,3,0,64,0
7278,275238,0,0,5,0,0,0,0,0,0,0,0,0,821,0,0,76,0,0,0,0,0,0,0,0,0,0,0,1,3,0,64,0
7279,275239,0,0,5,0,0,0,0,0,0,0,0,0,831,0,0,77,0,0,0,0,0,0,0,0,0,0,0,1,3,0,64,0
7280,275240,0,0,5,0,0,0,0,0,0,0,0,0,840,0,0,78,0,0,0,0,0,0,0,0,0,0,0,1,3,0,64,0
7281,275241,0,0,5,0,0,0,0,0,0,0,0,0,849,0,0,79,0,0,0,0,0,0,0,0,0,0,0,1,3,0,64,0
7282,275242,0,0,5,0,0,0,0,0,0,0,0,0,859,0,0,80,0,0,0,0,0,0,0,0,0,0,0,1,3,0,64,0
7283,275243,0,0,5,0,0,0,0,0,0,0,0,0,840,0,0,78,0,0,0,0,0,0,0,0,0,0,0,1,3,0,64,0
7284,275244,0,0,5,0,0,0,0,0,0,0,0,0,849,0,0,79,0,0,0,0,0,0,0,0,0,0,0,1,3,0,64,0
7285,275245,0,0,5,0,0,0,0,0,0,0,0,0,859,0,0,80,0,0,0,0,0,0,0,0,0,0,0,1,3,0,64,0
7286,275246,0,0,5,0,0,0,0,0,0,0,0,0,868,0,0,81,0,0,0,0,0,0,0,0,0,0,0,1,3,0,64,0
7287,275247,0,0,5,0,0,0,0,0,0,0,0,0,877,0,0,81,0,0,0,0,0,0,0,0,0,0,0,1,3,0,64,0
7288,275248,0,0,5,0,0,0,0,0,0,0,0,0,887,0,0,82,0,0,0,0,0,0,0,0,0,0,0,1,3,0,64,0
7289,275249,0,0,5,0,0,0,0,0,0,0,0,0,896,0,0,83,0,0,0,0,0,0,0,0,0,0,0,1,3,0,64,0
7290,275250,0,0,5,0,0,0,0,0,0,0,0,0,905,0,0,84,0,0,0,0,0,0,0,0,0,0,0,1,3,0,64,0
7291,275251,0,0,5,0,0,0,0,0,0,0,0,0,915,0,0,85,0,0,0,0,0,0,0,0,0,0,0,1,3,0,64,0
7292,275252,0,0,5,0,0,0,0,0,0,0,0,0,924,0,0,86,0,0,0,0,0,0,0,0,0,0,0,1,3,0,64,0
7293,275253,0,0,5,0,0,0,0,0,0,0,0,0,933,0,0,87,0,0,0,0,0,0,0,0,0,0,0,1,3,0,64,0
7294,275254,0,0,5,0,0,0,0,0,0,0,0,0,915,0,0,85,0,0,0,0,0,0,0,0,0,0,0,1,3,0,64,0
7295,275255,0,0,5,0,0,0,0,0,0,0,0,0,924,0,0,86,0,0,0,0,0,0,0,0,0,0,0,1,3,0,64,0
7296,275256,0,0,5,0,0,0,0,0,0,0,0,0,933,0,0,87,0,0,0,0,0,0,0,0,0,0,0,1,3,0,64,0
7297,275257,0,0,5,0,0,0,0,0,0,0,0,0,943,0,0,88,0,0,0,0,0,0,0,0,0,0,0,1,3,0,64,0
7298,275258,0,0,5,0,0,0,0,0,0,0,0,0,952,0,0,88,0,0,0,0,0,0,0,0,0,0,0,1,3,0,64,0
7299,275259,0,0,5,0,0,0,0,0,0,0,0,0,961,0,0,89,0,0,0,0,0,0,0,0,0,0,0,1,3,0,64,0
7300,275260,0,0,5,0,0,0,0,0,0,0,0,0,971,0,0,90,0,0,0,0,0,0,0,0,0,0,0,1,3,0,64,0
7301,275261,0,0,5,0,0,0,0,0,0,0,0,0,980,0,0,91,0,0,0,0,0,0,0,0,0,0,0,1,3,0,64,0
7302,275262,0,0,5,0,0,0,0,0,0,0,0,0,989,0,0,92,0,0,0,0,0,0,0,0,0,0,0,1,3,0,64,0
7303,275263,0,0,5,0,0,0,0,0,0,0,0,0,999,0,0,93,0,0,0,0,0,0,0,0,0,0,0,1,3,0,64,0
7304,275264,0,0,5,0,0,0,0,0,0,0,0,0,1008,0,0,94,0,0,0,0,0,0,0,0,0,0,0,1,3,0,64,0
7305,275265,0,0,5,0,0,0,0,0,0,0,0,0,989,0,0,92,0,0,0,0,0,0,0,0,0,0,0,1,3,0,64,0
7306,275266,0,0,5,0,0,0,0,0,0,0,0,0,999,0,0,93,0,0,0,0,0,0,0,0,0,0,0,1,3,0,64,0
7307,275267,0,0,5,0,0,0,0,0,0,0,0,0,1008,0,0,94,0,0,0,0,0,0,0,0,0,0,0,1,3,0,64,0
7308,275268,0,0,5,0,0,0,0,0,0,0,0,0,1017,0,0,94,0,0,0,0,0,0,0,0,0,0,0,1,3,0,64,0
7309,275269,0,0,5,0,0,0,0,0,0,0,0,0,1027,0,0,95,0,0,0,0,0,0,0,0,0,0,0,1,3,0,64,0
7310,275270,0,0,5,0,0,0,0,0,0,0,0,0,1036,0,0,96,0,0,0,0,0,0,0,0,0,0,0,1,3,0,64,0
7311,275271,0,0,5,0,0,0,0,0,0,0,0,0,1045,0,0,97,0,0,0,0,0,0,0,0,0,0,0,1,3,0,64,0
7312,275272,0,0,5,0,0,0,0,0,0,0,0,0,1055,0,0,98,0,0,0,0,0,0,0,0,0,0,0,1,3,0,64,0
7313,275273,0,0,5,0,0,0,0,0,0,0,0,0,1064,0,0,99,0,0,0,0,0,0,0,0,0,0,0,1,3,0,64,0
7314,275274,0,0,5,0,0,0,0,0,0,0,0,0,1073,0,0,100,0,0,0,0,0,0,0,0,0,0,0,1,3,0,64,0
7315,275275,0,0,5,0,0,0,0,0,0,0,0,0,1083,0,0,101,0,0,0,0,0,0,0,0,0,0,0,1,3,0,64,0
7316,275276,0,0,5,0,0,0,0,0,0,0,0,0,1064,0,0,99,0,0,0,0,0,0,0,0,0,0,0,1,3,0,64,0
7317,275277,0,0,5,0,0,0,0,0,0,0,0,0,1073,0,0,100,0,0,0,0,0,0,0,0,0,0,0,1,3,0,64,0
7318,275278,0,0,5,0,0,0,0,0,0,0,0,0,1083,0,0,101,0,0,0,0,0,0,0,0,0,0,0,1,3,0,64,0
7319,275279,0,0,5,0,0,0,0,0,0,0,0,0,1092,0,0,101,0,0,0,0,0,0,0,0,0,0,0,1,3,0,64,0
7320,275280,0,0,5,0,0,0,0,0,0,0,0,0,1101,0,0,102,0,0,0,0,0,0,0,0,0,0,0,1,3,0,64,0
7321,275281,0,0,5,0,0,0,0,0,0,0,0,0,1111,0,0,103,0,0,0,0,0,0,0,0,0,0,0,1,3,0,64,0
7322,275282,0,0,5,0,0,0,0,0,0,0,0,0,1120,0,0,104,0,0,0,0,0,0,0,0,0,0,0,1,3,0,64,0
7323,275283,0,0,5,0,0,0,0,0,0,0,0,0,1129,0,0,105,0,0,0,0,0,0,0,0,0,0,0,1,3,0,64,0
7324,275284,0,0,5,0,0,0,0,0,0,0,0,0,1139,0,0,106,0,0,0,0,0,0,0,0,0,0,0,1,3,0,64,0
7325,275285,0,0,5,0,0,0,0,0,0,0,0,0,1148,0,0,107,0,0,0,0,0,0,0,0,0,0,0,1,3,0,64,0
7326,275286,0,0,5,0,0,0,0,0,0,0,0,0,1157,0,0,107,0,0,0,0,0,0,0,0,0,0,0,1,3,0,64,0
7327,275287,0,0,5,0,0,0,0,0,0,0,0,0,1139,0,0,106,0,0,0,0,0,0,0,0,0,0,0,1,3,0,64,0
7328,275288,0,0,5,0,0,0,0,0,0,0,0,0,1148,0,0,107,0,0,0,0,0,0,0,0,0,0,0,1,3,0,64,0
7329,275289,0,0,5,0,0,0,0,0,0,0,0,0,1157,0,0,107,0,0,0,0,0,0,0,0,0,0,0,1,3,0,64,0
7330,275290,0,0,5,0,0,0,0,0,0,0,0,0,1167,0,0,108,0,0,0,0,0,0,0,0,0,0,0,1,3,0,64,0
7331,275291,0,0,5,0,0,0,0,0,0,0,0,0,1176,0,0,109,0,0,0,0,0,0,0,0,0,0,0,1,3,0,64,0
7332,275292,0,0,5,0,0,0,0,0,0,0,0,0,1185,0,0,110,0,0,0,0,0,0,0,0,0,0,0,1,3,0,64,0
7333,275293,0,0,5,0,0,0,0,0,0,0,0,0,1195,0,0,111,0,0,0,0,0,0,0,0,0,0,0,1,3,0,64,0
7334,275294,0,0,5,0,0,0,0,0,0,0,0,0,1204,0,0,112,0,0,0,0,0,0,0,0,0,0,0,1,3,0,64,0
7335,275295,0,0,5,0,0,0,0,0,0,0,0,0,1213,0,0,113,0,0,0,0,0,0,0,0,0,0,0,1,3,0,64,0
7336,275296,0,0,5,0,0,0,0,0,0,0,0,0,1223,0,0,114,0,0,0,0,0,0,0,0,0,0,0,1,3,0,64,0
7337,275297,0,0,5,0,0,0,0,0,0,0,0,0,1232,0,0,114,0,0,0,0,0,0,0,0,0,0,0,1,3,0,64,0
7338,275298,0,0,5,0,0,0,0,0,0,0,0,0,1213,0,0,113,0,0,0,0,0,0,0,0,0,0,0,1,3,0,64,0
7339,275299,0,0,5,0,0,0,0,0,0,0,0,0,1223,0,0,114,0,0,0,0,0,0,0,0,0,0,0,1,3,0,64,0
7340,275300,0,0,5,0,0,0,0,0,0,0,0,0,1232,0,0,114,0,0,0,0,0,0,0,0,0,0,0,1,3,0,64,0
7341,275301,0,0,5,0,0,0,0,0,0,0,0,0,1241,0,0,115,0,0,0,0,0,0,0,0,0,0,0,1,3,0,64,0
7342,275302,0,0,5,0,0,0,0,0,0,0,0,0,1251,0,0,116,0,0,0,0,0,0,0,0,0,0,0,1,3,0,64,0
7343,275303,0,0,5,0,0,0,0,0,0,0,0,0,1260,0,0,117,0,0,0,0,0,0,0,0,0,0,0,1,3,0,64,0
7344,275304,0,0,5,0,0,0,0,0,0,0,0,0,1269,0,0,118,0,0,0,0,0,0,0,0,0,0,0,1,3,0,64,0
7345,275305,0,0,5,0,0,0,0,0,0,0,0,0,1279,0,0,119,0,0,0,0,0,0,0,0,0,0,0,1,3,0,64,0
7346,275306,0,0,5,0,0,0,0,0,0,0,0,0,1288,0,0,120,0,0,0,0,0,0,0,0,0,0,0,1,3,0,64,0
7347,275307,0,0,5,0,0,0,0,0,0,0,0,0,1297,0,0,120,0,0,0,0,0,0,0,0,0,0,0,1,3,0,64,0
7348,275308,0,0,5,0,0,0,0,0,0,0,0,0,1307,0,0,121,0,0,0,0,0,0,0,0,0,0,0,1,3,0,64,0
7349,275309,0,0,5,0,0,0,0,0,0,0,0,0,1288,0,0,120,0,0,0,0,0,0,0,0,0,0,0,1,3,0,64,0
7350,275310,0,0,5,0,0,0,0,0,0,0,0,0,1297,0,0,120,0,0,0,0,0,0,0,0,0,0,0,1,3,0,64,0
7351,275311,0,0,5,0,0,0,0,0,0,0,0,0,1307,0,0,121,0,0,0,0,0,0,0,0,0,0,0,1,3,0,64,0
7352,275312,0,0,5,0,0,0,0,0,0,0,0,0,1316,0,0,122,0,0,0,0,0,0,0,0,0,0,0,1,3,0,64,0
7353,275313,0,0,5,0,0,0,0,0,0,0,0,0,1325,0,0,123,0,0,0,0,0,0,0,0,0,0,0,1,3,0,64,0
7354,275314,0,0,5,0,0,0,0,0,0,0,0,0,1335,0,0,124,0,0,0,0,0,0,0,0,0,0,0,1,3,0,64,0
7355,275315,0,0,5,0,0,0,0,0,0,0,0,0,1344,0,0,125,0,0,0,0,0,0,0,0,0,0,0,1,3,0,64,0
7356,275316,0,0,5,0,0,0,0,0,0,0,0,0,1353,0,0,126,0,0,0,0,0,0,0,0,0,0,0,1,3,0,64,0
7357,275317,0,0,5,0,0,0,0,0,0,0,0,0,1363,0,0,127,0,0,0,0,0,0,0,0,0,0,0,1,3,0,64,0
7358,275318,0,0,5,0,0,0,0,0,0,0,0,0,1372,0,0,127,0,0,0,0,0,0,0,0,0,0,0,1,3,0,64,0
7359,275319,0,0,5,0,0,0,0,0,0,0,0,0,1381,0,0,128,0,0,0,0,0,0,0,0,0,0,0,1,3,0,64,0
7360,275320,0,0,5,0,0,0,0,0,0,0,0,0,1363,0,0,127,0,0,0,0,0,0,0,0,0,0,0,1,3,0,64,0
7361,275321,0,0,5,0,0,0,0,0,0,0,0,0,1372,0,0,127,0,0,0,0,0,0,0,0,0,0,0,1,3,0,64,0
7362,275322,0,0,5,0,0,0,0,0,0,0,0,0,1381,0,0,128,0,0,0,0,0,0,0,0,0,0,0,1,3,0,64,0
7363,275323,0,0,5,0,0,0,0,0,0,0,0,0,1391,0,0,129,0,0,0,0,0,0,0,0,0,0,0,1,3,0,64,0
7364,275324,0,0,5,0,0,0,0,0,0,0,0,0,1400,0,0,130,0,0,0,0,0,0,0,0,0,0,0,1,3,0,64,0
7365,275325,0,0,5,0,0,0,0,0,0,0,0,0,1409,0,0,131,0,0,0,0,0,0,0,0,0,0,0,1,3,0,64,0
7366,275326,0,0,5,0,0,0,0,0,0,0,0,0,1419,0,0,132,0,0,0,0,0,0,0,0,0,0,0,1,3,0,64,0
7367,275327,0,0,5,0,0,0,0,0,0,0,0,0,1428,0,0,133,0,0,0,0,0,0,0,0,0,0,0,1,3,0,64,0
7368,275328,0,0,5,0,0,0,0,0,0,0,0,0,1437,0,0,133,0,0,0,0,0,0,0,0,0,0,0,1,3,0,64,0
7369,275329,0,0,5,0,0,0,0,0,0,0,0,0,1447,0,0,134,0,0,0,0,0,0,0,0,0,0,0,1,3,0,64,0
7370,275330,0,0,5,0,0,0,0,0,0,0,0,0,1456,0,0,135,0,0,0,0,0,0,0,0,0,0,0,1,3,0,64,0
7371,275331,0,0,5,0,0,0,0,0,0,0,0,0,1437,0,0,133,0,0,0,0,0,0,0,0,0,0,0,1,3,0,64,0
7372,275332,0,0,5,0,0,0,0,0,0,0,0,0,1447,0,0,134,0,0,0,0,0,0,0,0,0,0,0,1,3,0,64,0
7373,275333,0,0,5,0,0,0,0,0,0,0,0,0,1456,0,0,135,0,0,0,0,0,0,0,0,0,0,0,1,3,0,64,0
7374,275334,0,0,5,0,0,0,0,0,0,0,0,0,1465,0,0,136,0,0,0,0,0,0,0,0,0,0,0,1,3,0,64,0
7375,275335,0,0,5,0,0,0,0,0,0,0,0,0,1475,0,0,137,0,0,0,0,0,0,0,0,0,0,0,1,3,0,64,0
7376,275336,0,0,5,0,0,0,0,0,0,0,0,0,1484,0,0,138,0,0,0,0,0,0,0,0,0,0,0,1,3,0,64,0
7377,275337,0,0,5,0,0,0,0,0,0,0,0,0,1493,0,0,139,0,0,0,0,0,0,0,0,0,0,0,1,3,0,64,0
7378,275338,0,0,5,0,0,0,0,0,0,0,0,0,1503,0,0,140,0,0,0,0,0,0,0,0,0,0,0,1,3,0,64,0
7379,275339,0,0,5,0,0,0,0,0,0,0,0,0,1512,0,0,140,0,0,0,0,0,0,0,0,0,0,0,1,3,0,64,0
7380,275340,0,0,5,0,0,0,0,0,0,0,0,0,1521,0,0,141,0,0,0,0,0,0,0,0,0,0,0,1,3,0,64,0
7381,275341,0,0,5,0,0,0,0,0,0,0,0,0,1531,0,0,142,0,0,0,0,0,0,0,0,0,0,0,1,3,0,64,0
7382,275342,0,0,5,0,0,0,0,0,0,0,0,0,1512,0,0,140,0,0,0,0,0,0,0,0,0,0,0,1,3,0,64,0
7383,275343,0,0,5,0,0,0,0,0,0,0,0,0,1521,0,0,141,0,0,0,0,0,0,0,0,0,0,0,1,3,0,64,0
7384,275344,0,0,5,0,0,0,0,0,0,0,0,0,1531,0,0,142,0,0,0,0,0,0,0,0,0,0,0,1,3,0,64,0
7385,275345,0,0,5,0,0,0,0,0,0,0,0,0,1540,0,0,143,0,0,0,0,0,0,0,0,0,0,0,1,3,0,64,0
7386,275346,0,0,5,0,0,0,0,0,0,0,0,0,1552,0,0,144,0,0,0,0,0,0,0,0,0,0,0,1,3,0,64,0
7387,275347,0,0,5,0,0,0,0,0,0,0,0,0,1563,0,0,145,0,0,0,0,0,0,0,0,0,0,0,1,3,0,64,0
7388,275348,0,0,5,0,0,0,0,0,0,0,0,0,1575,0,0,146,0,0,0,0,0,0,0,0,0,0,0,1,3,0,64,0
7389,275349,0,0,5,0,0,0,0,0,0,0,0,0,1587,0,0,147,0,0,0,0,0,0,0,0,0,0,0,1,3,0,64,0
7390,275350,0,0,5,0,0,0,0,0,0,0,0,0,1598,0,0,148,0,0,0,0,0,0,0,0,0,0,0,1,3,0,64,0
7391,275351,0,0,5,0,0,0,0,0,0,0,0,0,1610,0,0,150,0,0,0,0,0,0,0,0,0,0,0,1,3,0,64,0
7392,275352,0,0,5,0,0,0,0,0,0,0,0,0,1622,0,0,151,0,0,0,0,0,0,0,0,0,0,0,1,3,0,64,0
7393,275353,0,0,5,0,0,0,0,0,0,0,0,0,1598,0,0,148,0,0,0,0,0,0,0,0,0,0,0,1,3,0,64,0
7394,275354,0,0,5,0,0,0,0,0,0,0,0,0,1610,0,0,150,0,0,0,0,0,0,0,0,0,0,0,1,3,0,64,0
7395,275355,0,0,5,0,0,0,0,0,0,0,0,0,1622,0,0,151,0,0,0,0,0,0,0,0,0,0,0,1,3,0,64,0
7396,275356,0,0,5,0,0,0,0,0,0,0,0,0,1633,0,0,152,0,0,0,0,0,0,0,0,0,0,0,1,3,0,64,0
7397,275357,0,0,5,0,0,0,0,0,0,0,0,0,1645,0,0,153,0,0,0,0,0,0,0,0,0,0,0,1,3,0,64,0
7398,275358,0,0,5,0,0,0,0,0,0,0,0,0,1657,0,0,154,0,0,0,0,0,0,0,0,0,0,0,1,3,0,64,0
7399,275359,0,0,5,0,0,0,0,0,0,0,0,0,1668,0,0,155,0,0,0,0,0,0,0,0,0,0,0,1,3,0,64,0
7400,275360,0,0,5,0,0,0,0,0,0,0,0,0,1680,0,0,156,0,0,0,0,0,0,0,0,0,0,0,1,3,0,64,0
7401,275361,0,0,5,0,0,0,0,0,0,0,0,0,1692,0,0,157,0,0,0,0,0,0,0,0,0,0,0,1,3,0,64,0
7402,275362,0,0,5,0,0,0,0,0,0,0,0,0,1703,0,0,158,0,0,0,0,0,0,0,0,0,0,0,1,3,0,64,0
7403,275363,0,0,5,0,0,0,0,0,0,0,0,0,1715,0,0,159,0,0,0,0,0,0,0,0,0,0,0,1,3,0,64,0
7404,275364,0,0,5,0,0,0,0,0,0,0,0,0,1692,0,0,157,0,0,0,0,0,0,0,0,0,0,0,1,3,0,64,0
7405,275365,0,0,5,0,0,0,0,0,0,0,0,0,1703,0,0,158,0,0,0,0,0,0,0,0,0,0,0,1,3,0,64,0
7406,275366,0,0,5,0,0,0,0,0,0,0,0,0,1715,0,0,159,0,0,0,0,0,0,0,0,0,0,0,1,3,0,64,0
7407,275367,0,0,5,0,0,0,0,0,0,0,0,0,1727,0,0,160,0,0,0,0,0,0,0,0,0,0,0,1,3,0,64,0
7408,275368,0,0,5,0,0,0,0,0,0,0,0,0,1738,0,0,161,0,0,0,0,0,0,0,0,0,0,0,1,3,0,64,0
7409,275369,0,0,5,0,0,0,0,0,0,0,0,0,1750,0,0,163,0,0,0,0,0,0,0,0,0,0,0,1,3,0,64,0
7410,275370,0,0,5,0,0,0,0,0,0,0,0,0,1762,0,0,164,0,0,0,0,0,0,0,0,0,0,0,1,3,0,64,0
7411,275371,0,0,6,0,0,0,0,0,0,0,0,0,1773,0,0,165,0,0,0,0,0,0,0,0,0,0,0,1,3,0,64,0
7412,275372,0,0,6,0,0,0,0,0,0,0,0,0,1785,0,0,166,0,0,0,0,0,0,0,0,0,0,0,1,3,0,64,0
7413,275373,0,0,6,0,0,0,0,0,0,0,0,0,1797,0,0,167,0,0,0,0,0,0,0,0,0,0,0,1,3,0,64,0
7414,275374,0,0,6,0,0,0,0,0,0,0,0,0,1808,0,0,168,0,0,0,0,0,0,0,0,0,0,0,1,3,0,64,0
7415,275375,0,0,6,0,0,0,0,0,0,0,0,0,1785,0,0,166,0,0,0,0,0,0,0,0,0,0,0,1,3,0,64,0
7416,275376,0,0,6,0,0,0,0,0,0,0,0,0,1797,0,0,167,0,0,0,0,0,0,0,0,0,0,0,1,3,0,64,0
7417,275377,0,0,6,0,0,0,0,0,0,0,0,0,1808,0,0,168,0,0,0,0,0,0,0,0,0,0,0,1,3,0,64,0
7418,275378,0,0,6,0,0,0,0,0,0,0,0,0,1820,0,0,169,0,0,0,0,0,0,0,0,0,0,0,1,3,0,64,0
7419,275379,0,0,6,0,0,0,0,0,0,0,0,0,1832,0,0,170,0,0,0,0,0,0,0,0,0,0,0,1,3,0,64,0
7420,275380,0,0,6,0,0,0,0,0,0,0,0,0,1843,0,0,171,0,0,0,0,0,0,0,0,0,0,0,1,3,0,64,0
7421,275381,0,0,6,0,0,0,0,0,0,0,0,0,1855,0,0,172,0,0,0,0,0,0,0,0,0,0,0,1,3,0,64,0
7422,275382,0,0,6,0,0,0,0,0,0,0,0,0,1867,0,0,173,0,0,0,0,0,0,0,0,0,0,0,1,3,0,64,0
7423,275383,0,0,6,0,0,0,0,0,0,0,0,0,1878,0,0,174,0,0,0,0,0,0,0,0,0,0,0,1,3,0,64,0
7424,275384,0,0,6,0,0,0,0,0,0,0,0,0,1890,0,0,176,0,0,0,0,0,0,0,0,0,0,0,1,3,0,64,0
7425,275385,0,0,6,0,0,0,0,0,0,0,0,0,1902,0,0,177,0,0,0,0,0,0,0,0,0,0,0,1,3,0,64,0
7426,275386,0,0,6,0,0,0,0,0,0,0,0,0,1878,0,0,174,0,0,0,0,0,0,0,0,0,0,0,1,3,0,64,0
7427,275387,0,0,6,0,0,0,0,0,0,0,0,0,1890,0,0,176,0,0,0,0,0,0,0,0,0,0,0,1,3,0,64,0
7428,275388,0,0,6,0,0,0,0,0,0,0,0,0,1902,0,0,177,0,0,0,0,0,0,0,0,0,0,0,1,3,0,64,0
7429,275389,0,0,6,0,0,0,0,0,0,0,0,0,1913,0,0,178,0,0,0,0,0,0,0,0,0,0,0,1,3,0,64,0
7430,275390,0,0,6,0,0,0,0,0,0,0,0,0,1925,0,0,179,0,0,0,0,0,0,0,0,0,0,0,1,3,0,64,0
7431,275391,0,0,6,0,0,0,0,0,0,0,0,0,1937,0,0,180,0,0,0,0,0,0,0,0,0,0,0,1,3,0,64,0
7432,275392,0,0,6,0,0,0,0,0,0,0,0,0,1948,0,0,181,0,0,0,0,0,0,0,0,0,0,0,1,3,0,64,0
7433,275393,0,0,6,0,0,0,0,0,0,0,0,0,1960,0,0,182,0,0,0,0,0,0,0,0,0,0,0,1,3,0,64,0
7434,275394,0,0,6,0,0,0,0,0,0,0,0,0,1972,0,0,183,0,0,0,0,0,0,0,0,0,0,0,1,3,0,64,0
7435,275395,0,0,6,0,0,0,0,0,0,0,0,0,1983,0,0,184,0,0,0,0,0,0,0,0,0,0,0,1,3,0,64,0
7436,275396,0,0,6,0,0,0,0,0,0,0,0,0,1995,0,0,185,0,0,0,0,0,0,0,0,0,0,0,1,3,0,64,0
7437,275397,0,0,6,0,0,0,0,0,0,0,0,0,1972,0,0,183,0,0,0,0,0,0,0,0,0,0,0,1,3,0,64,0
7438,275398,0,0,6,0,0,0,0,0,0,0,0,0,1983,0,0,184,0,0,0,0,0,0,0,0,0,0,0,1,3,0,64,0
7439,275399,0,0,6,0,0,0,0,0,0,0,0,0,1995,0,0,185,0,0,0,0,0,0,0,0,0,0,0,1,3,0,64,0
7440,275400,0,0,6,0,0,0,0,0,0,0,0,0,2007,0,0,186,0,0,0,0,0,0,0,0,0,0,0,1,3,0,64,0
7441,275401,0,0,6,0,0,0,0,0,0,0,0,0,2018,0,0,187,0,0,0,0,0,0,0,0,0,0,0,1,3,0,64,0
7442,275402,0,0,6,0,0,0,0,0,0,0,0,0,2030,0,0,189,0,0,0,0,0,0,0,0,0,0,0,1,3,0,64,0
7443,275403,0,0,6,0,0,0,0,0,0,0,0,0,2042,0,0,190,0,0,0,0,0,0,0,0,0,0,0,1,3,0,64,0
7444,275404,0,0,6,0,0,0,0,0,0,0,0,0,2053,0,0,191,0,0,0,0,0,0,0,0,0,0,0,1,3,0,64,0
7445,275405,0,0,6,0,0,0,0,0,0,0,0,0,2065,0,0,192,0,0,0,0,0,0,0,0,0,0,0,1,3,0,64,0
7446,275406,0,0,6,0,0,0,0,0,0,0,0,0,2077,0,0,193,0,0,0,0,0,0,0,0,0,0,0,1,3,0,64,0
7447,275407,0,0,6,0,0,0,0,0,0,0,0,0,2088,0,0,194,0,0,0,0,0,0,0,0,0,0,0,1,3,0,64,0
7448,275408,0,0,6,0,0,0,0,0,0,0,0,0,2065,0,0,192,0,0,0,0,0,0,0,0,0,0,0,1,3,0,64,0
7449,275409,0,0,6,0,0,0,0,0,0,0,0,0,2077,0,0,193,0,0,0,0,0,0,0,0,0,0,0,1,3,0,64,0
7450,275410,0,0,6,0,0,0,0,0,0,0,0,0,2088,0,0,194,0,0,0,0,0,0,0,0,0,0,0,1,3,0,64,0
7451,275411,0,0,6,0,0,0,0,0,0,0,0,0,2100,0,0,195,0,0,0,0,0,0,0,0,0,0,0,1,3,0,64,0
7452,275412,0,0,6,0,0,0,0,0,0,0,0,0,2112,0,0,196,0,0,0,0,0,0,0,0,0,0,0,1,3,0,64,0
7453,275413,0,0,6,0,0,0,0,0,0,0,0,0,2123,0,0,197,0,0,0,0,0,0,0,0,0,0,0,1,3,0,64,0
7454,275414,0,0,6,0,0,0,0,0,0,0,0,0,2135,0,0,198,0,0,0,0,0,0,0,0,0,0,0,1,3,0,64,0
7455,275415,0,0,6,0,0,0,0,0,0,0,0,0,2147,0,0,199,0,0,0,0,0,0,0,0,0,0,0,1,3,0,64,0
7456,275416,0,0,6,0,0,0,0,0,0,0,0,0,2158,0,0,200,0,0,0,0,0,0,0,0,0,0,0,1,3,0,64,0
7457,275417,0,0,6,0,0,0,0,0,0,0,0,0,2170,0,0,202,0,0,0,0,0,0,0,0,0,0,0,1,3,0,64,0
7458,275418,0,0,6,0,0,0,0,0,0,0,0,0,2182,0,0,203,0,0,0,0,0,0,0,0,0,0,0,1,3,0,64,0
7459,275419,0,0,6,0,0,0,0,0,0,0,0,0,2158,0,0,200,0,0,0,0,0,0,0,0,0,0,0,1,3,0,64,0
7460,275420,0,0,6,0,0,0,0,0,0,0,0,0,2170,0,0,202,0,0,0,0,0,0,0,0,0,0,0,1,3,0,64,0
7461,275421,0,0,6,0,0,0,0,0,0,0,0,0,2182,0,0,203,0,0,0,0,0,0,0,0,0,0,0,1,3,0,64,0
7462,275422,0,0,6,0,0,0,0,0,0,0,0,0,2193,0,0,204,0,0,0,0,0,0,0,0,0,0,0,1,3,0,64,0
7463,275423,0,0,6,0,0,0,0,0,0,0,0,0,2205,0,0,205,0,0,0,0,0,0,0,0,0,0,0,1,3,0,64,0
7464,275424,0,0,6,0,0,0,0,0,0,0,0,0,2217,0,0,206,0,0,0,0,0,0,0,0,0,0,0,1,3,0,64,0
7465,275425,0,0,6,0,0,0,0,0,0,0,0,0,2228,0,0,207,0,0,0,0,0,0,0,0,0,0,0,1,3,0,64,0
7466,275426,0,0,6,0,0,0,0,0,0,0,0,0,2240,0,0,208,0,0,0,0,0,0,0,0,0,0,0,1,3,0,64,0
7467,276100,0,0,1,0,0,0,0,0,0,0,0,0,7,0,0,1,0,0,0,0,0,0,0,0,0,0,0,1,3,0,128,0
7468,276101,0,0,1,0,0,0,0,0,0,0,0,0,14,0,0,1,0,0,0,0,0,0,0,0,0,0,0,1,3,0,128,0
7469,276102,0,0,1,0,0,0,0,0,0,0,0,0,21,0,0,2,0,0,0,0,0,0,0,0,0,0,0,1,3,0,128,0
7470,276103,0,0,1,0,0,0,0,0,0,0,0,0,28,0,0,3,0,0,0,0,0,0,0,0,0,0,0,1,3,0,128,0
7471,276104,0,0,1,0,0,0,0,0,0,0,0,0,35,0,0,3,0,0,0,0,0,0,0,0,0,0,0,1,3,0,128,0
7472,276105,0,0,1,0,0,0,0,0,0,0,0,0,42,0,0,4,0,0,0,0,0,0,0,0,0,0,0,1,3,0,128,0
7473,276106,0,0,1,0,0,0,0,0,0,0,0,0,49,0,0,5,0,0,0,0,0,0,0,0,0,0,0,1,3,0,128,0
7474,276107,0,0,1,0,0,0,0,0,0,0,0,0,56,0,0,5,0,0,0,0,0,0,0,0,0,0,0,1,3,0,128,0
7475,276108,0,0,1,0,0,0,0,0,0,0,0,0,63,0,0,6,0,0,0,0,0,0,0,0,0,0,0,1,3,0,128,0
7476,276109,0,0,1,0,0,0,0,0,0,0,0,0,70,0,0,7,0,0,0,0,0,0,0,0,0,0,0,1,3,0,128,0
7477,276110,0,0,1,0,0,0,0,0,0,0,0,0,77,0,0,7,0,0,0,0,0,0,0,0,0,0,0,1,3,0,128,0
7478,276111,0,0,1,0,0,0,0,0,0,0,0,0,63,0,0,6,0,0,0,0,0,0,0,0,0,0,0,1,3,0,128,0
7479,276112,0,0,1,0,0,0,0,0,0,0,0,0,70,0,0,7,0,0,0,0,0,0,0,0,0,0,0,1,3,0,128,0
7480,276113,0,0,1,0,0,0,0,0,0,0,0,0,77,0,0,7,0,0,0,0,0,0,0,0,0,0,0,1,3,0,128,0
7481,276114,0,0,1,0,0,0,0,0,0,0,0,0,84,0,0,8,0,0,0,0,0,0,0,0,0,0,0,1,3,0,128,0
7482,276115,0,0,1,0,0,0,0,0,0,0,0,0,91,0,0,8,0,0,0,0,0,0,0,0,0,0,0,1,3,0,128,0
7483,276116,0,0,1,0,0,0,0,0,0,0,0,0,98,0,0,9,0,0,0,0,0,0,0,0,0,0,0,1,3,0,128,0
7484,276117,0,0,1,0,0,0,0,0,0,0,0,0,105,0,0,10,0,0,0,0,0,0,0,0,0,0,0,1,3,0,128,0
7485,276118,0,0,1,0,0,0,0,0,0,0,0,0,112,0,0,10,0,0,0,0,0,0,0,0,0,0,0,1,3,0,128,0
7486,276119,0,0,1,0,0,0,0,0,0,0,0,0,119,0,0,11,0,0,0,0,0,0,0,0,0,0,0,1,3,0,128,0
7487,276120,0,0,1,0,0,0,0,0,0,0,0,0,126,0,0,12,0,0,0,0,0,0,0,0,0,0,0,1,3,0,128,0
7488,276121,0,0,1,0,0,0,0,0,0,0,0,0,133,0,0,12,0,0,0,0,0,0,0,0,0,0,0,1,3,0,128,0
7489,276122,0,0,1,0,0,0,0,0,0,0,0,0,119,0,0,11,0,0,0,0,0,0,0,0,0,0,0,1,3,0,128,0
7490,276123,0,0,1,0,0,0,0,0,0,0,0,0,126,0,0,12,0,0,0,0,0,0,0,0,0,0,0,1,3,0,128,0
7491,276124,0,0,1,0,0,0,0,0,0,0,0,0,133,0,0,12,0,0,0,0,0,0,0,0,0,0,0,1,3,0,128,0
7492,276125,0,0,1,0,0,0,0,0,0,0,0,0,140,0,0,13,0,0,0,0,0,0,0,0,0,0,0,1,3,0,128,0
7493,276126,0,0,1,0,0,0,0,0,0,0,0,0,147,0,0,14,0,0,0,0,0,0,0,0,0,0,0,1,3,0,128,0
7494,276127,0,0,1,0,0,0,0,0,0,0,0,0,154,0,0,14,0,0,0,0,0,0,0,0,0,0,0,1,3,0,128,0
7495,276128,0,0,1,0,0,0,0,0,0,0,0,0,161,0,0,15,0,0,0,0,0,0,0,0,0,0,0,1,3,0,128,0
7496,276129,0,0,1,0,0,0,0,0,0,0,0,0,168,0,0,16,0,0,0,0,0,0,0,0,0,0,0,1,3,0,128,0
7497,276130,0,0,1,0,0,0,0,0,0,0,0,0,175,0,0,16,0,0,0,0,0,0,0,0,0,0,0,1,3,0,128,0
7498,276131,0,0,1,0,0,0,0,0,0,0,0,0,182,0,0,17,0,0,0,0,0,0,0,0,0,0,0,1,3,0,128,0
7499,276132,0,0,1,0,0,0,0,0,0,0,0,0,189,0,0,18,0,0,0,0,0,0,0,0,0,0,0,1,3,0,128,0
7500,276133,0,0,2,0,0,0,0,0,0,0,0,0,175,0,0,16,0,0,0,0,0,0,0,0,0,0,0,1,3,0,128,0
7501,276134,0,0,2,0,0,0,0,0,0,0,0,0,182,0,0,17,0,0,0,0,0,0,0,0,0,0,0,1,3,0,128,0
7502,276135,0,0,2,0,0,0,0,0,0,0,0,0,189,0,0,18,0,0,0,0,0,0,0,0,0,0,0,1,3,0,128,0
7503,276136,0,0,2,0,0,0,0,0,0,0,0,0,196,0,0,18,0,0,0,0,0,0,0,0,0,0,0,1,3,0,128,0
7504,276137,0,0,2,0,0,0,0,0,0,0,0,0,203,0,0,19,0,0,0,0,0,0,0,0,0,0,0,1,3,0,128,0
7505,276138,0,0,2,0,0,0,0,0,0,0,0,0,210,0,0,20,0,0,0,0,0,0,0,0,0,0,0,1,3,0,128,0
7506,276139,0,0,2,0,0,0,0,0,0,0,0,0,217,0,0,20,0,0,0,0,0,0,0,0,0,0,0,1,3,0,128,0
7507,276140,0,0,2,0,0,0,0,0,0,0,0,0,224,0,0,21,0,0,0,0,0,0,0,0,0,0,0,1,3,0,128,0
7508,276141,0,0,2,0,0,0,0,0,0,0,0,0,231,0,0,21,0,0,0,0,0,0,0,0,0,0,0,1,3,0,128,0
7509,276142,0,0,2,0,0,0,0,0,0,0,0,0,238,0,0,22,0,0,0,0,0,0,0,0,0,0,0,1,3,0,128,0
7510,276143,0,0,2,0,0,0,0,0,0,0,0,0,245,0,0,23,0,0,0,0,0,0,0,0,0,0,0,1,3,0,128,0
7511,276144,0,0,2,0,0,0,0,0,0,0,0,0,231,0,0,21,0,0,0,0,0,0,0,0,0,0,0,1,3,0,128,0
7512,276145,0,0,2,0,0,0,0,0,0,0,0,0,238,0,0,22,0,0,0,0,0,0,0,0,0,0,0,1,3,0,128,0
7513,276146,0,0,2,0,0,0,0,0,0,0,0,0,245,0,0,23,0,0,0,0,0,0,0,0,0,0,0,1,3,0,128,0
7514,276147,0,0,2,0,0,0,0,0,0,0,0,0,252,0,0,23,0,0,0,0,0,0,0,0,0,0,0,1,3,0,128,0
7515,276148,0,0,2,0,0,0,0,0,0,0,0,0,259,0,0,24,0,0,0,0,0,0,0,0,0,0,0,1,3,0,128,0
7516,276149,0,0,2,0,0,0,0,0,0,0,0,0,266,0,0,25,0,0,0,0,0,0,0,0,0,0,0,1,3,0,128,0
7517,276150,0,0,2,0,0,0,0,0,0,0,0,0,273,0,0,25,0,0,0,0,0,0,0,0,0,0,0,1,3,0,128,0
7518,276151,0,0,2,0,0,0,0,0,0,0,0,0,280,0,0,26,0,0,0,0,0,0,0,0,0,0,0,1,3,0,128,0
7519,276152,0,0,2,0,0,0,0,0,0,0,0,0,287,0,0,27,0,0,0,0,0,0,0,0,0,0,0,1,3,0,128,0
7520,276153,0,0,2,0,0,0,0,0,0,0,0,0,294,0,0,27,0,0,0,0,0,0,0,0,0,0,0,1,3,0,128,0
7521,276154,0,0,2,0,0,0,0,0,0,0,0,0,301,0,0,28,0,0,0,0,0,0,0,0,0,0,0,1,3,0,128,0
7522,276155,0,0,2,0,0,0,0,0,0,0,0,0,287,0,0,27,0,0,0,0,0,0,0,0,0,0,0,1,3,0,128,0
7523,276156,0,0,2,0,0,0,0,0,0,0,0,0,294,0,0,27,0,0,0,0,0,0,0,0,0,0,0,1,3,0,128,0
7524,276157,0,0,2,0,0,0,0,0,0,0,0,0,301,0,0,28,0,0,0,0,0,0,0,0,0,0,0,1,3,0,128,0
7525,276158,0,0,2,0,0,0,0,0,0,0,0,0,308,0,0,29,0,0,0,0,0,0,0,0,0,0,0,1,3,0,128,0
7526,276159,0,0,2,0,0,0,0,0,0,0,0,0,315,0,0,29,0,0,0,0,0,0,0,0,0,0,0,1,3,0,128,0
7527,276160,0,0,2,0,0,0,0,0,0,0,0,0,322,0,0,30,0,0,0,0,0,0,0,0,0,0,0,1,3,0,128,0
7528,276161,0,0,2,0,0,0,0,0,0,0,0,0,329,0,0,31,0,0,0,0,0,0,0,0,0,0,0,1,3,0,128,0
7529,276162,0,0,2,0,0,0,0,0,0,0,0,0,336,0,0,31,0,0,0,0,0,0,0,0,0,0,0,1,3,0,128,0
7530,276163,0,0,2,0,0,0,0,0,0,0,0,0,343,0,0,32,0,0,0,0,0,0,0,0,0,0,0,1,3,0,128,0
7531,276164,0,0,2,0,0,0,0,0,0,0,0,0,350,0,0,33,0,0,0,0,0,0,0,0,0,0,0,1,3,0,128,0
7532,276165,0,0,2,0,0,0,0,0,0,0,0,0,357,0,0,33,0,0,0,0,0,0,0,0,0,0,0,1,3,0,128,0
7533,276166,0,0,3,0,0,0,0,0,0,0,0,0,343,0,0,32,0,0,0,0,0,0,0,0,0,0,0,1,3,0,128,0
7534,276167,0,0,3,0,0,0,0,0,0,0,0,0,350,0,0,33,0,0,0,0,0,0,0,0,0,0,0,1,3,0,128,0
7535,276168,0,0,3,0,0,0,0,0,0,0,0,0,357,0,0,33,0,0,0,0,0,0,0,0,0,0,0,1,3,0,128,0
7536,276169,0,0,3,0,0,0,0,0,0,0,0,0,364,0,0,34,0,0,0,0,0,0,0,0,0,0,0,1,3,0,128,0
7537,276170,0,0,3,0,0,0,0,0,0,0,0,0,371,0,0,34,0,0,0,0,0,0,0,0,0,0,0,1,3,0,128,0
7538,276171,0,0,3,0,0,0,0,0,0,0,0,0,378,0,0,35,0,0,0,0,0,0,0,0,0,0,0,1,3,0,128,0
7539,276172,0,0,3,0,0,0,0,0,0,0,0,0,385,0,0,36,0,0,0,0,0,0,0,0,0,0,0,1,3,0,128,0
7540,276173,0,0,3,0,0,0,0,0,0,0,0,0,392,0,0,36,0,0,0,0,0,0,0,0,0,0,0,1,3,0,128,0
7541,276174,0,0,3,0,0,0,0,0,0,0,0,0,399,0,0,37,0,0,0,0,0,0,0,0,0,0,0,1,3,0,128,0
7542,276175,0,0,3,0,0,0,0,0,0,0,0,0,406,0,0,38,0,0,0,0,0,0,0,0,0,0,0,1,3,0,128,0
7543,276176,0,0,3,0,0,0,0,0,0,0,0,0,413,0,0,38,0,0,0,0,0,0,0,0,0,0,0,1,3,0,128,0
7544,276177,0,0,3,0,0,0,0,0,0,0,0,0,399,0,0,37,0,0,0,0,0,0,0,0,0,0,0,1,3,0,128,0
7545,276178,0,0,3,0,0,0,0,0,0,0,0,0,406,0,0,38,0,0,0,0,0,0,0,0,0,0,0,1,3,0,128,0
7546,276179,0,0,3,0,0,0,0,0,0,0,0,0,413,0,0,38,0,0,0,0,0,0,0,0,0,0,0,1,3,0,128,0
7547,276180,0,0,3,0,0,0,0,0,0,0,0,0,420,0,0,39,0,0,0,0,0,0,0,0,0,0,0,1,3,0,128,0
7548,276181,0,0,3,0,0,0,0,0,0,0,0,0,429,0,0,40,0,0,0,0,0,0,0,0,0,0,0,1,3,0,128,0
7549,276182,0,0,3,0,0,0,0,0,0,0,0,0,439,0,0,41,0,0,0,0,0,0,0,0,0,0,0,1,3,0,128,0
7550,276183,0,0,3,0,0,0,0,0,0,0,0,0,448,0,0,42,0,0,0,0,0,0,0,0,0,0,0,1,3,0,128,0
7551,276184,0,0,3,0,0,0,0,0,0,0,0,0,457,0,0,42,0,0,0,0,0,0,0,0,0,0,0,1,3,0,128,0
7552,276185,0,0,3,0,0,0,0,0,0,0,0,0,467,0,0,43,0,0,0,0,0,0,0,0,0,0,0,1,3,0,128,0
7553,276186,0,0,3,0,0,0,0,0,0,0,0,0,476,0,0,44,0,0,0,0,0,0,0,0,0,0,0,1,3,0,128,0
7554,276187,0,0,3,0,0,0,0,0,0,0,0,0,485,0,0,45,0,0,0,0,0,0,0,0,0,0,0,1,3,0,128,0
7555,276188,0,0,3,0,0,0,0,0,0,0,0,0,467,0,0,43,0,0,0,0,0,0,0,0,0,0,0,1,3,0,128,0
7556,276189,0,0,3,0,0,0,0,0,0,0,0,0,476,0,0,44,0,0,0,0,0,0,0,0,0,0,0,1,3,0,128,0
7557,276190,0,0,3,0,0,0,0,0,0,0,0,0,485,0,0,45,0,0,0,0,0,0,0,0,0,0,0,1,3,0,128,0
7558,276191,0,0,3,0,0,0,0,0,0,0,0,0,495,0,0,46,0,0,0,0,0,0,0,0,0,0,0,1,3,0,128,0
7559,276192,0,0,3,0,0,0,0,0,0,0,0,0,504,0,0,47,0,0,0,0,0,0,0,0,0,0,0,1,3,0,128,0
7560,276193,0,0,3,0,0,0,0,0,0,0,0,0,513,0,0,48,0,0,0,0,0,0,0,0,0,0,0,1,3,0,128,0
7561,276194,0,0,3,0,0,0,0,0,0,0,0,0,523,0,0,49,0,0,0,0,0,0,0,0,0,0,0,1,3,0,128,0
7562,276195,0,0,3,0,0,0,0,0,0,0,0,0,532,0,0,49,0,0,0,0,0,0,0,0,0,0,0,1,3,0,128,0
7563,276196,0,0,3,0,0,0,0,0,0,0,0,0,541,0,0,50,0,0,0,0,0,0,0,0,0,0,0,1,3,0,128,0
7564,276197,0,0,3,0,0,0,0,0,0,0,0,0,551,0,0,51,0,0,0,0,0,0,0,0,0,0,0,1,3,0,128,0
7565,276198,0,0,3,0,0,0,0,0,0,0,0,0,560,0,0,52,0,0,0,0,0,0,0,0,0,0,0,1,3,0,128,0
7566,276199,0,0,4,0,0,0,0,0,0,0,0,0,541,0,0,50,0,0,0,0,0,0,0,0,0,0,0,1,3,0,128,0
7567,276200,0,0,4,0,0,0,0,0,0,0,0,0,551,0,0,51,0,0,0,0,0,0,0,0,0,0,0,1,3,0,128,0
7568,276201,0,0,4,0,0,0,0,0,0,0,0,0,560,0,0,52,0,0,0,0,0,0,0,0,0,0,0,1,3,0,128,0
7569,276202,0,0,4,0,0,0,0,0,0,0,0,0,569,0,0,53,0,0,0,0,0,0,0,0,0,0,0,1,3,0,128,0
7570,276203,0,0,4,0,0,0,0,0,0,0,0,0,579,0,0,54,0,0,0,0,0,0,0,0,0,0,0,1,3,0,128,0
7571,276204,0,0,4,0,0,0,0,0,0,0,0,0,588,0,0,55,0,0,0,0,0,0,0,0,0,0,0,1,3,0,128,0
7572,276205,0,0,4,0,0,0,0,0,0,0,0,0,597,0,0,55,0,0,0,0,0,0,0,0,0,0,0,1,3,0,128,0
7573,276206,0,0,4,0,0,0,0,0,0,0,0,0,607,0,0,56,0,0,0,0,0,0,0,0,0,0,0,1,3,0,128,0
7574,276207,0,0,4,0,0,0,0,0,0,0,0,0,616,0,0,57,0,0,0,0,0,0,0,0,0,0,0,1,3,0,128,0
7575,276208,0,0,4,0,0,0,0,0,0,0,0,0,625,0,0,58,0,0,0,0,0,0,0,0,0,0,0,1,3,0,128,0
7576,276209,0,0,4,0,0,0,0,0,0,0,0,0,635,0,0,59,0,0,0,0,0,0,0,0,0,0,0,1,3,0,128,0
7577,276210,0,0,4,0,0,0,0,0,0,0,0,0,616,0,0,57,0,0,0,0,0,0,0,0,0,0,0,1,3,0,128,0
7578,276211,0,0,4,0,0,0,0,0,0,0,0,0,625,0,0,58,0,0,0,0,0,0,0,0,0,0,0,1,3,0,128,0
7579,276212,0,0,4,0,0,0,0,0,0,0,0,0,635,0,0,59,0,0,0,0,0,0,0,0,0,0,0,1,3,0,128,0
7580,276213,0,0,4,0,0,0,0,0,0,0,0,0,644,0,0,60,0,0,0,0,0,0,0,0,0,0,0,1,3,0,128,0
7581,276214,0,0,4,0,0,0,0,0,0,0,0,0,653,0,0,61,0,0,0,0,0,0,0,0,0,0,0,1,3,0,128,0
7582,276215,0,0,4,0,0,0,0,0,0,0,0,0,663,0,0,62,0,0,0,0,0,0,0,0,0,0,0,1,3,0,128,0
7583,276216,0,0,4,0,0,0,0,0,0,0,0,0,672,0,0,62,0,0,0,0,0,0,0,0,0,0,0,1,3,0,128,0
7584,276217,0,0,4,0,0,0,0,0,0,0,0,0,681,0,0,63,0,0,0,0,0,0,0,0,0,0,0,1,3,0,128,0
7585,276218,0,0,4,0,0,0,0,0,0,0,0,0,691,0,0,64,0,0,0,0,0,0,0,0,0,0,0,1,3,0,128,0
7586,276219,0,0,4,0,0,0,0,0,0,0,0,0,700,0,0,65,0,0,0,0,0,0,0,0,0,0,0,1,3,0,128,0
7587,276220,0,0,4,0,0,0,0,0,0,0,0,0,709,0,0,66,0,0,0,0,0,0,0,0,0,0,0,1,3,0,128,0
7588,276221,0,0,4,0,0,0,0,0,0,0,0,0,691,0,0,64,0,0,0,0,0,0,0,0,0,0,0,1,3,0,128,0
7589,276222,0,0,4,0,0,0,0,0,0,0,0,0,700,0,0,65,0,0,0,0,0,0,0,0,0,0,0,1,3,0,128,0
7590,276223,0,0,4,0,0,0,0,0,0,0,0,0,709,0,0,66,0,0,0,0,0,0,0,0,0,0,0,1,3,0,128,0
7591,276224,0,0,4,0,0,0,0,0,0,0,0,0,719,0,0,67,0,0,0,0,0,0,0,0,0,0,0,1,3,0,128,0
7592,276225,0,0,4,0,0,0,0,0,0,0,0,0,728,0,0,68,0,0,0,0,0,0,0,0,0,0,0,1,3,0,128,0
7593,276226,0,0,4,0,0,0,0,0,0,0,0,0,737,0,0,68,0,0,0,0,0,0,0,0,0,0,0,1,3,0,128,0
7594,276227,0,0,4,0,0,0,0,0,0,0,0,0,747,0,0,69,0,0,0,0,0,0,0,0,0,0,0,1,3,0,128,0
7595,276228,0,0,4,0,0,0,0,0,0,0,0,0,756,0,0,70,0,0,0,0,0,0,0,0,0,0,0,1,3,0,128,0
7596,276229,0,0,4,0,0,0,0,0,0,0,0,0,765,0,0,71,0,0,0,0,0,0,0,0,0,0,0,1,3,0,128,0
7597,276230,0,0,4,0,0,0,0,0,0,0,0,0,775,0,0,72,0,0,0,0,0,0,0,0,0,0,0,1,3,0,128,0
7598,276231,0,0,4,0,0,0,0,0,0,0,0,0,784,0,0,73,0,0,0,0,0,0,0,0,0,0,0,1,3,0,128,0
7599,276232,0,0,5,0,0,0,0,0,0,0,0,0,765,0,0,71,0,0,0,0,0,0,0,0,0,0,0,1,3,0,128,0
7600,276233,0,0,5,0,0,0,0,0,0,0,0,0,775,0,0,72,0,0,0,0,0,0,0,0,0,0,0,1,3,0,128,0
7601,276234,0,0,5,0,0,0,0,0,0,0,0,0,784,0,0,73,0,0,0,0,0,0,0,0,0,0,0,1,3,0,128,0
7602,276235,0,0,5,0,0,0,0,0,0,0,0,0,793,0,0,74,0,0,0,0,0,0,0,0,0,0,0,1,3,0,128,0
7603,276236,0,0,5,0,0,0,0,0,0,0,0,0,803,0,0,75,0,0,0,0,0,0,0,0,0,0,0,1,3,0,128,0
7604,276237,0,0,5,0,0,0,0,0,0,0,0,0,812,0,0,75,0,0,0,0,0,0,0,0,0,0,0,1,3,0,128,0
7605,276238,0,0,5,0,0,0,0,0,0,0,0,0,821,0,0,76,0,0,0,0,0,0,0,0,0,0,0,1,3,0,128,0
7606,276239,0,0,5,0,0,0,0,0,0,0,0,0,831,0,0,77,0,0,0,0,0,0,0,0,0,0,0,1,3,0,128,0
7607,276240,0,0,5,0,0,0,0,0,0,0,0,0,840,0,0,78,0,0,0,0,0,0,0,0,0,0,0,1,3,0,128,0
7608,276241,0,0,5,0,0,0,0,0,0,0,0,0,849,0,0,79,0,0,0,0,0,0,0,0,0,0,0,1,3,0,128,0
7609,276242,0,0,5,0,0,0,0,0,0,0,0,0,859,0,0,80,0,0,0,0,0,0,0,0,0,0,0,1,3,0,128,0
7610,276243,0,0,5,0,0,0,0,0,0,0,0,0,840,0,0,78,0,0,0,0,0,0,0,0,0,0,0,1,3,0,128,0
7611,276244,0,0,5,0,0,0,0,0,0,0,0,0,849,0,0,79,0,0,0,0,0,0,0,0,0,0,0,1,3,0,128,0
7612,276245,0,0,5,0,0,0,0,0,0,0,0,0,859,0,0,80,0,0,0,0,0,0,0,0,0,0,0,1,3,0,128,0
7613,276246,0,0,5,0,0,0,0,0,0,0,0,0,868,0,0,81,0,0,0,0,0,0,0,0,0,0,0,1,3,0,128,0
7614,276247,0,0,5,0,0,0,0,0,0,0,0,0,877,0,0,81,0,0,0,0,0,0,0,0,0,0,0,1,3,0,128,0
7615,276248,0,0,5,0,0,0,0,0,0,0,0,0,887,0,0,82,0,0,0,0,0,0,0,0,0,0,0,1,3,0,128,0
7616,276249,0,0,5,0,0,0,0,0,0,0,0,0,896,0,0,83,0,0,0,0,0,0,0,0,0,0,0,1,3,0,128,0
7617,276250,0,0,5,0,0,0,0,0,0,0,0,0,905,0,0,84,0,0,0,0,0,0,0,0,0,0,0,1,3,0,128,0
7618,276251,0,0,5,0,0,0,0,0,0,0,0,0,915,0,0,85,0,0,0,0,0,0,0,0,0,0,0,1,3,0,128,0
7619,276252,0,0,5,0,0,0,0,0,0,0,0,0,924,0,0,86,0,0,0,0,0,0,0,0,0,0,0,1,3,0,128,0
7620,276253,0,0,5,0,0,0,0,0,0,0,0,0,933,0,0,87,0,0,0,0,0,0,0,0,0,0,0,1,3,0,128,0
7621,276254,0,0,5,0,0,0,0,0,0,0,0,0,915,0,0,85,0,0,0,0,0,0,0,0,0,0,0,1,3,0,128,0
7622,276255,0,0,5,0,0,0,0,0,0,0,0,0,924,0,0,86,0,0,0,0,0,0,0,0,0,0,0,1,3,0,128,0
7623,276256,0,0,5,0,0,0,0,0,0,0,0,0,933,0,0,87,0,0,0,0,0,0,0,0,0,0,0,1,3,0,128,0
7624,276257,0,0,5,0,0,0,0,0,0,0,0,0,943,0,0,88,0,0,0,0,0,0,0,0,0,0,0,1,3,0,128,0
7625,276258,0,0,5,0,0,0,0,0,0,0,0,0,952,0,0,88,0,0,0,0,0,0,0,0,0,0,0,1,3,0,128,0
7626,276259,0,0,5,0,0,0,0,0,0,0,0,0,961,0,0,89,0,0,0,0,0,0,0,0,0,0,0,1,3,0,128,0
7627,276260,0,0,5,0,0,0,0,0,0,0,0,0,971,0,0,90,0,0,0,0,0,0,0,0,0,0,0,1,3,0,128,0
7628,276261,0,0,5,0,0,0,0,0,0,0,0,0,980,0,0,91,0,0,0,0,0,0,0,0,0,0,0,1,3,0,128,0
7629,276262,0,0,5,0,0,0,0,0,0,0,0,0,989,0,0,92,0,0,0,0,0,0,0,0,0,0,0,1,3,0,128,0
7630,276263,0,0,5,0,0,0,0,0,0,0,0,0,999,0,0,93,0,0,0,0,0,0,0,0,0,0,0,1,3,0,128,0
7631,276264,0,0,5,0,0,0,0,0,0,0,0,0,1008,0,0,94,0,0,0,0,0,0,0,0,0,0,0,1,3,0,128,0
7632,276265,0,0,5,0,0,0,0,0,0,0,0,0,989,0,0,92,0,0,0,0,0,0,0,0,0,0,0,1,3,0,128,0
7633,276266,0,0,5,0,0,0,0,0,0,0,0,0,999,0,0,93,0,0,0,0,0,0,0,0,0,0,0,1,3,0,128,0
7634,276267,0,0,5,0,0,0,0,0,0,0,0,0,1008,0,0,94,0,0,0,0,0,0,0,0,0,0,0,1,3,0,128,0
7635,276268,0,0,5,0,0,0,0,0,0,0,0,0,1017,0,0,94,0,0,0,0,0,0,0,0,0,0,0,1,3,0,128,0
7636,276269,0,0,5,0,0,0,0,0,0,0,0,0,1027,0,0,95,0,0,0,0,0,0,0,0,0,0,0,1,3,0,128,0
7637,276270,0,0,5,0,0,0,0,0,0,0,0,0,1036,0,0,96,0,0,0,0,0,0,0,0,0,0,0,1,3,0,128,0
7638,276271,0,0,5,0,0,0,0,0,0,0,0,0,1045,0,0,97,0,0,0,0,0,0,0,0,0,0,0,1,3,0,128,0
7639,276272,0,0,5,0,0,0,0,0,0,0,0,0,1055,0,0,98,0,0,0,0,0,0,0,0,0,0,0,1,3,0,128,0
7640,276273,0,0,5,0,0,0,0,0,0,0,0,0,1064,0,0,99,0,0,0,0,0,0,0,0,0,0,0,1,3,0,128,0
7641,276274,0,0,5,0,0,0,0,0,0,0,0,0,1073,0,0,100,0,0,0,0,0,0,0,0,0,0,0,1,3,0,128,0
7642,276275,0,0,5,0,0,0,0,0,0,0,0,0,1083,0,0,101,0,0,0,0,0,0,0,0,0,0,0,1,3,0,128,0
7643,276276,0,0,5,0,0,0,0,0,0,0,0,0,1064,0,0,99,0,0,0,0,0,0,0,0,0,0,0,1,3,0,128,0
7644,276277,0,0,5,0,0,0,0,0,0,0,0,0,1073,0,0,100,0,0,0,0,0,0,0,0,0,0,0,1,3,0,128,0
7645,276278,0,0,5,0,0,0,0,0,0,0,0,0,1083,0,0,101,0,0,0,0,0,0,0,0,0,0,0,1,3,0,128,0
7646,276279,0,0,5,0,0,0,0,0,0,0,0,0,1092,0,0,101,0,0,0,0,0,0,0,0,0,0,0,1,3,0,128,0
7647,276280,0,0,5,0,0,0,0,0,0,0,0,0,1101,0,0,102,0,0,0,0,0,0,0,0,0,0,0,1,3,0,128,0
7648,276281,0,0,5,0,0,0,0,0,0,0,0,0,1111,0,0,103,0,0,0,0,0,0,0,0,0,0,0,1,3,0,128,0
7649,276282,0,0,5,0,0,0,0,0,0,0,0,0,1120,0,0,104,0,0,0,0,0,0,0,0,0,0,0,1,3,0,128,0
7650,276283,0,0,5,0,0,0,0,0,0,0,0,0,1129,0,0,105,0,0,0,0,0,0,0,0,0,0,0,1,3,0,128,0
7651,276284,0,0,5,0,0,0,0,0,0,0,0,0,1139,0,0,106,0,0,0,0,0,0,0,0,0,0,0,1,3,0,128,0
7652,276285,0,0,5,0,0,0,0,0,0,0,0,0,1148,0,0,107,0,0,0,0,0,0,0,0,0,0,0,1,3,0,128,0
7653,276286,0,0,5,0,0,0,0,0,0,0,0,0,1157,0,0,107,0,0,0,0,0,0,0,0,0,0,0,1,3,0,128,0
7654,276287,0,0,5,0,0,0,0,0,0,0,0,0,1139,0,0,106,0,0,0,0,0,0,0,0,0,0,0,1,3,0,128,0
7655,276288,0,0,5,0,0,0,0,0,0,0,0,0,1148,0,0,107,0,0,0,0,0,0,0,0,0,0,0,1,3,0,128,0
7656,276289,0,0,5,0,0,0,0,0,0,0,0,0,1157,0,0,107,0,0,0,0,0,0,0,0,0,0,0,1,3,0,128,0
7657,276290,0,0,5,0,0,0,0,0,0,0,0,0,1167,0,0,108,0,0,0,0,0,0,0,0,0,0,0,1,3,0,128,0
7658,276291,0,0,5,0,0,0,0,0,0,0,0,0,1176,0,0,109,0,0,0,0,0,0,0,0,0,0,0,1,3,0,128,0
7659,276292,0,0,5,0,0,0,0,0,0,0,0,0,1185,0,0,110,0,0,0,0,0,0,0,0,0,0,0,1,3,0,128,0
7660,276293,0,0,5,0,0,0,0,0,0,0,0,0,1195,0,0,111,0,0,0,0,0,0,0,0,0,0,0,1,3,0,128,0
7661,276294,0,0,5,0,0,0,0,0,0,0,0,0,1204,0,0,112,0,0,0,0,0,0,0,0,0,0,0,1,3,0,128,0
7662,276295,0,0,5,0,0,0,0,0,0,0,0,0,1213,0,0,113,0,0,0,0,0,0,0,0,0,0,0,1,3,0,128,0
7663,276296,0,0,5,0,0,0,0,0,0,0,0,0,1223,0,0,114,0,0,0,0,0,0,0,0,0,0,0,1,3,0,128,0
7664,276297,0,0,5,0,0,0,0,0,0,0,0,0,1232,0,0,114,0,0,0,0,0,0,0,0,0,0,0,1,3,0,128,0
7665,276298,0,0,5,0,0,0,0,0,0,0,0,0,1213,0,0,113,0,0,0,0,0,0,0,0,0,0,0,1,3,0,128,0
7666,276299,0,0,5,0,0,0,0,0,0,0,0,0,1223,0,0,114,0,0,0,0,0,0,0,0,0,0,0,1,3,0,128,0
7667,276300,0,0,5,0,0,0,0,0,0,0,0,0,1232,0,0,114,0,0,0,0,0,0,0,0,0,0,0,1,3,0,128,0
7668,276301,0,0,5,0,0,0,0,0,0,0,0,0,1241,0,0,115,0,0,0,0,0,0,0,0,0,0,0,1,3,0,128,0
7669,276302,0,0,5,0,0,0,0,0,0,0,0,0,1251,0,0,116,0,0,0,0,0,0,0,0,0,0,0,1,3,0,128,0
7670,276303,0,0,5,0,0,0,0,0,0,0,0,0,1260,0,0,117,0,0,0,0,0,0,0,0,0,0,0,1,3,0,128,0
7671,276304,0,0,5,0,0,0,0,0,0,0,0,0,1269,0,0,118,0,0,0,0,0,0,0,0,0,0,0,1,3,0,128,0
7672,276305,0,0,5,0,0,0,0,0,0,0,0,0,1279,0,0,119,0,0,0,0,0,0,0,0,0,0,0,1,3,0,128,0
7673,276306,0,0,5,0,0,0,0,0,0,0,0,0,1288,0,0,120,0,0,0,0,0,0,0,0,0,0,0,1,3,0,128,0
7674,276307,0,0,5,0,0,0,0,0,0,0,0,0,1297,0,0,120,0,0,0,0,0,0,0,0,0,0,0,1,3,0,128,0
7675,276308,0,0,5,0,0,0,0,0,0,0,0,0,1307,0,0,121,0,0,0,0,0,0,0,0,0,0,0,1,3,0,128,0
7676,276309,0,0,5,0,0,0,0,0,0,0,0,0,1288,0,0,120,0,0,0,0,0,0,0,0,0,0,0,1,3,0,128,0
7677,276310,0,0,5,0,0,0,0,0,0,0,0,0,1297,0,0,120,0,0,0,0,0,0,0,0,0,0,0,1,3,0,128,0
7678,276311,0,0,5,0,0,0,0,0,0,0,0,0,1307,0,0,121,0,0,0,0,0,0,0,0,0,0,0,1,3,0,128,0
7679,276312,0,0,5,0,0,0,0,0,0,0,0,0,1316,0,0,122,0,0,0,0,0,0,0,0,0,0,0,1,3,0,128,0
7680,276313,0,0,5,0,0,0,0,0,0,0,0,0,1325,0,0,123,0,0,0,0,0,0,0,0,0,0,0,1,3,0,128,0
7681,276314,0,0,5,0,0,0,0,0,0,0,0,0,1335,0,0,124,0,0,0,0,0,0,0,0,0,0,0,1,3,0,128,0
7682,276315,0,0,5,0,0,0,0,0,0,0,0,0,1344,0,0,125,0,0,0,0,0,0,0,0,0,0,0,1,3,0,128,0
7683,276316,0,0,5,0,0,0,0,0,0,0,0,0,1353,0,0,126,0,0,0,0,0,0,0,0,0,0,0,1,3,0,128,0
7684,276317,0,0,5,0,0,0,0,0,0,0,0,0,1363,0,0,127,0,0,0,0,0,0,0,0,0,0,0,1,3,0,128,0
7685,276318,0,0,5,0,0,0,0,0,0,0,0,0,1372,0,0,127,0,0,0,0,0,0,0,0,0,0,0,1,3,0,128,0
7686,276319,0,0,5,0,0,0,0,0,0,0,0,0,1381,0,0,128,0,0,0,0,0,0,0,0,0,0,0,1,3,0,128,0
7687,276320,0,0,5,0,0,0,0,0,0,0,0,0,1363,0,0,127,0,0,0,0,0,0,0,0,0,0,0,1,3,0,128,0
7688,276321,0,0,5,0,0,0,0,0,0,0,0,0,1372,0,0,127,0,0,0,0,0,0,0,0,0,0,0,1,3,0,128,0
7689,276322,0,0,5,0,0,0,0,0,0,0,0,0,1381,0,0,128,0,0,0,0,0,0,0,0,0,0,0,1,3,0,128,0
7690,276323,0,0,5,0,0,0,0,0,0,0,0,0,1391,0,0,129,0,0,0,0,0,0,0,0,0,0,0,1,3,0,128,0
7691,276324,0,0,5,0,0,0,0,0,0,0,0,0,1400,0,0,130,0,0,0,0,0,0,0,0,0,0,0,1,3,0,128,0
7692,276325,0,0,5,0,0,0,0,0,0,0,0,0,1409,0,0,131,0,0,0,0,0,0,0,0,0,0,0,1,3,0,128,0
7693,276326,0,0,5,0,0,0,0,0,0,0,0,0,1419,0,0,132,0,0,0,0,0,0,0,0,0,0,0,1,3,0,128,0
7694,276327,0,0,5,0,0,0,0,0,0,0,0,0,1428,0,0,133,0,0,0,0,0,0,0,0,0,0,0,1,3,0,128,0
7695,276328,0,0,5,0,0,0,0,0,0,0,0,0,1437,0,0,133,0,0,0,0,0,0,0,0,0,0,0,1,3,0,128,0
7696,276329,0,0,5,0,0,0,0,0,0,0,0,0,1447,0,0,134,0,0,0,0,0,0,0,0,0,0,0,1,3,0,128,0
7697,276330,0,0,5,0,0,0,0,0,0,0,0,0,1456,0,0,135,0,0,0,0,0,0,0,0,0,0,0,1,3,0,128,0
7698,276331,0,0,5,0,0,0,0,0,0,0,0,0,1437,0,0,133,0,0,0,0,0,0,0,0,0,0,0,1,3,0,128,0
7699,276332,0,0,5,0,0,0,0,0,0,0,0,0,1447,0,0,134,0,0,0,0,0,0,0,0,0,0,0,1,3,0,128,0
7700,276333,0,0,5,0,0,0,0,0,0,0,0,0,1456,0,0,135,0,0,0,0,0,0,0,0,0,0,0,1,3,0,128,0
7701,276334,0,0,5,0,0,0,0,0,0,0,0,0,1465,0,0,136,0,0,0,0,0,0,0,0,0,0,0,1,3,0,128,0
7702,276335,0,0,5,0,0,0,0,0,0,0,0,0,1475,0,0,137,0,0,0,0,0,0,0,0,0,0,0,1,3,0,128,0
7703,276336,0,0,5,0,0,0,0,0,0,0,0,0,1484,0,0,138,0,0,0,0,0,0,0,0,0,0,0,1,3,0,128,0
7704,276337,0,0,5,0,0,0,0,0,0,0,0,0,1493,0,0,139,0,0,0,0,0,0,0,0,0,0,0,1,3,0,128,0
7705,276338,0,0,5,0,0,0,0,0,0,0,0,0,1503,0,0,140,0,0,0,0,0,0,0,0,0,0,0,1,3,0,128,0
7706,276339,0,0,5,0,0,0,0,0,0,0,0,0,1512,0,0,140,0,0,0,0,0,0,0,0,0,0,0,1,3,0,128,0
7707,276340,0,0,5,0,0,0,0,0,0,0,0,0,1521,0,0,141,0,0,0,0,0,0,0,0,0,0,0,1,3,0,128,0
7708,276341,0,0,5,0,0,0,0,0,0,0,0,0,1531,0,0,142,0,0,0,0,0,0,0,0,0,0,0,1,3,0,128,0
7709,276342,0,0,5,0,0,0,0,0,0,0,0,0,1512,0,0,140,0,0,0,0,0,0,0,0,0,0,0,1,3,0,128,0
7710,276343,0,0,5,0,0,0,0,0,0,0,0,0,1521,0,0,141,0,0,0,0,0,0,0,0,0,0,0,1,3,0,128,0
7711,276344,0,0,5,0,0,0,0,0,0,0,0,0,1531,0,0,142,0,0,0,0,0,0,0,0,0,0,0,1,3,0,128,0
7712,276345,0,0,5,0,0,0,0,0,0,0,0,0,1540,0,0,143,0,0,0,0,0,0,0,0,0,0,0,1,3,0,128,0
7713,276346,0,0,5,0,0,0,0,0,0,0,0,0,1552,0,0,144,0,0,0,0,0,0,0,0,0,0,0,1,3,0,128,0
7714,276347,0,0,5,0,0,0,0,0,0,0,0,0,1563,0,0,145,0,0,0,0,0,0,0,0,0,0,0,1,3,0,128,0
7715,276348,0,0,5,0,0,0,0,0,0,0,0,0,1575,0,0,146,0,0,0,0,0,0,0,0,0,0,0,1,3,0,128,0
7716,276349,0,0,5,0,0,0,0,0,0,0,0,0,1587,0,0,147,0,0,0,0,0,0,0,0,0,0,0,1,3,0,128,0
7717,276350,0,0,5,0,0,0,0,0,0,0,0,0,1598,0,0,148,0,0,0,0,0,0,0,0,0,0,0,1,3,0,128,0
7718,276351,0,0,5,0,0,0,0,0,0,0,0,0,1610,0,0,150,0,0,0,0,0,0,0,0,0,0,0,1,3,0,128,0
7719,276352,0,0,5,0,0,0,0,0,0,0,0,0,1622,0,0,151,0,0,0,0,0,0,0,0,0,0,0,1,3,0,128,0
7720,276353,0,0,5,0,0,0,0,0,0,0,0,0,1598,0,0,148,0,0,0,0,0,0,0,0,0,0,0,1,3,0,128,0
7721,276354,0,0,5,0,0,0,0,0,0,0,0,0,1610,0,0,150,0,0,0,0,0,0,0,0,0,0,0,1,3,0,128,0
7722,276355,0,0,5,0,0,0,0,0,0,0,0,0,1622,0,0,151,0,0,0,0,0,0,0,0,0,0,0,1,3,0,128,0
7723,276356,0,0,5,0,0,0,0,0,0,0,0,0,1633,0,0,152,0,0,0,0,0,0,0,0,0,0,0,1,3,0,128,0
7724,276357,0,0,5,0,0,0,0,0,0,0,0,0,1645,0,0,153,0,0,0,0,0,0,0,0,0,0,0,1,3,0,128,0
7725,276358,0,0,5,0,0,0,0,0,0,0,0,0,1657,0,0,154,0,0,0,0,0,0,0,0,0,0,0,1,3,0,128,0
7726,276359,0,0,5,0,0,0,0,0,0,0,0,0,1668,0,0,155,0,0,0,0,0,0,0,0,0,0,0,1,3,0,128,0
7727,276360,0,0,5,0,0,0,0,0,0,0,0,0,1680,0,0,156,0,0,0,0,0,0,0,0,0,0,0,1,3,0,128,0
7728,276361,0,0,5,0,0,0,0,0,0,0,0,0,1692,0,0,157,0,0,0,0,0,0,0,0,0,0,0,1,3,0,128,0
7729,276362,0,0,5,0,0,0,0,0,0,0,0,0,1703,0,0,158,0,0,0,0,0,0,0,0,0,0,0,1,3,0,128,0
7730,276363,0,0,5,0,0,0,0,0,0,0,0,0,1715,0,0,159,0,0,0,0,0,0,0,0,0,0,0,1,3,0,128,0
7731,276364,0,0,5,0,0,0,0,0,0,0,0,0,1692,0,0,157,0,0,0,0,0,0,0,0,0,0,0,1,3,0,128,0
7732,276365,0,0,5,0,0,0,0,0,0,0,0,0,1703,0,0,158,0,0,0,0,0,0,0,0,0,0,0,1,3,0,128,0
7733,276366,0,0,5,0,0,0,0,0,0,0,0,0,1715,0,0,159,0,0,0,0,0,0,0,0,0,0,0,1,3,0,128,0
7734,276367,0,0,5,0,0,0,0,0,0,0,0,0,1727,0,0,160,0,0,0,0,0,0,0,0,0,0,0,1,3,0,128,0
7735,276368,0,0,5,0,0,0,0,0,0,0,0,0,1738,0,0,161,0,0,0,0,0,0,0,0,0,0,0,1,3,0,128,0
7736,276369,0,0,5,0,0,0,0,0,0,0,0,0,1750,0,0,163,0,0,0,0,0,0,0,0,0,0,0,1,3,0,128,0
7737,276370,0,0,5,0,0,0,0,0,0,0,0,0,1762,0,0,164,0,0,0,0,0,0,0,0,0,0,0,1,3,0,128,0
7738,276371,0,0,6,0,0,0,0,0,0,0,0,0,1773,0,0,165,0,0,0,0,0,0,0,0,0,0,0,1,3,0,128,0
7739,276372,0,0,6,0,0,0,0,0,0,0,0,0,1785,0,0,166,0,0,0,0,0,0,0,0,0,0,0,1,3,0,128,0
7740,276373,0,0,6,0,0,0,0,0,0,0,0,0,1797,0,0,167,0,0,0,0,0,0,0,0,0,0,0,1,3,0,128,0
7741,276374,0,0,6,0,0,0,0,0,0,0,0,0,1808,0,0,168,0,0,0,0,0,0,0,0,0,0,0,1,3,0,128,0
7742,276375,0,0,6,0,0,0,0,0,0,0,0,0,1785,0,0,166,0,0,0,0,0,0,0,0,0,0,0,1,3,0,128,0
7743,276376,0,0,6,0,0,0,0,0,0,0,0,0,1797,0,0,167,0,0,0,0,0,0,0,0,0,0,0,1,3,0,128,0
7744,276377,0,0,6,0,0,0,0,0,0,0,0,0,1808,0,0,168,0,0,0,0,0,0,0,0,0,0,0,1,3,0,128,0
7745,276378,0,0,6,0,0,0,0,0,0,0,0,0,1820,0,0,169,0,0,0,0,0,0,0,0,0,0,0,1,3,0,128,0
7746,276379,0,0,6,0,0,0,0,0,0,0,0,0,1832,0,0,170,0,0,0,0,0,0,0,0,0,0,0,1,3,0,128,0
7747,276380,0,0,6,0,0,0,0,0,0,0,0,0,1843,0,0,171,0,0,0,0,0,0,0,0,0,0,0,1,3,0,128,0
7748,276381,0,0,6,0,0,0,0,0,0,0,0,0,1855,0,0,172,0,0,0,0,0,0,0,0,0,0,0,1,3,0,128,0
7749,276382,0,0,6,0,0,0,0,0,0,0,0,0,1867,0,0,173,0,0,0,0,0,0,0,0,0,0,0,1,3,0,128,0
7750,276383,0,0,6,0,0,0,0,0,0,0,0,0,1878,0,0,174,0,0,0,0,0,0,0,0,0,0,0,1,3,0,128,0
7751,276384,0,0,6,0,0,0,0,0,0,0,0,0,1890,0,0,176,0,0,0,0,0,0,0,0,0,0,0,1,3,0,128,0
7752,276385,0,0,6,0,0,0,0,0,0,0,0,0,1902,0,0,177,0,0,0,0,0,0,0,0,0,0,0,1,3,0,128,0
7753,276386,0,0,6,0,0,0,0,0,0,0,0,0,1878,0,0,174,0,0,0,0,0,0,0,0,0,0,0,1,3,0,128,0
7754,276387,0,0,6,0,0,0,0,0,0,0,0,0,1890,0,0,176,0,0,0,0,0,0,0,0,0,0,0,1,3,0,128,0
7755,276388,0,0,6,0,0,0,0,0,0,0,0,0,1902,0,0,177,0,0,0,0,0,0,0,0,0,0,0,1,3,0,128,0
7756,276389,0,0,6,0,0,0,0,0,0,0,0,0,1913,0,0,178,0,0,0,0,0,0,0,0,0,0,0,1,3,0,128,0
7757,276390,0,0,6,0,0,0,0,0,0,0,0,0,1925,0,0,179,0,0,0,0,0,0,0,0,0,0,0,1,3,0,128,0
7758,276391,0,0,6,0,0,0,0,0,0,0,0,0,1937,0,0,180,0,0,0,0,0,0,0,0,0,0,0,1,3,0,128,0
7759,276392,0,0,6,0,0,0,0,0,0,0,0,0,1948,0,0,181,0,0,0,0,0,0,0,0,0,0,0,1,3,0,128,0
7760,276393,0,0,6,0,0,0,0,0,0,0,0,0,1960,0,0,182,0,0,0,0,0,0,0,0,0,0,0,1,3,0,128,0
7761,276394,0,0,6,0,0,0,0,0,0,0,0,0,1972,0,0,183,0,0,0,0,0,0,0,0,0,0,0,1,3,0,128,0
7762,276395,0,0,6,0,0,0,0,0,0,0,0,0,1983,0,0,184,0,0,0,0,0,0,0,0,0,0,0,1,3,0,128,0
7763,276396,0,0,6,0,0,0,0,0,0,0,0,0,1995,0,0,185,0,0,0,0,0,0,0,0,0,0,0,1,3,0,128,0
7764,276397,0,0,6,0,0,0,0,0,0,0,0,0,1972,0,0,183,0,0,0,0,0,0,0,0,0,0,0,1,3,0,128,0
7765,276398,0,0,6,0,0,0,0,0,0,0,0,0,1983,0,0,184,0,0,0,0,0,0,0,0,0,0,0,1,3,0,128,0
7766,276399,0,0,6,0,0,0,0,0,0,0,0,0,1995,0,0,185,0,0,0,0,0,0,0,0,0,0,0,1,3,0,128,0
7767,276400,0,0,6,0,0,0,0,0,0,0,0,0,2007,0,0,186,0,0,0,0,0,0,0,0,0,0,0,1,3,0,128,0
7768,276401,0,0,6,0,0,0,0,0,0,0,0,0,2018,0,0,187,0,0,0,0,0,0,0,0,0,0,0,1,3,0,128,0
7769,276402,0,0,6,0,0,0,0,0,0,0,0,0,2030,0,0,189,0,0,0,0,0,0,0,0,0,0,0,1,3,0,128,0
7770,276403,0,0,6,0,0,0,0,0,0,0,0,0,2042,0,0,190,0,0,0,0,0,0,0,0,0,0,0,1,3,0,128,0
7771,276404,0,0,6,0,0,0,0,0,0,0,0,0,2053,0,0,191,0,0,0,0,0,0,0,0,0,0,0,1,3,0,128,0
7772,276405,0,0,6,0,0,0,0,0,0,0,0,0,2065,0,0,192,0,0,0,0,0,0,0,0,0,0,0,1,3,0,128,0
7773,276406,0,0,6,0,0,0,0,0,0,0,0,0,2077,0,0,193,0,0,0,0,0,0,0,0,0,0,0,1,3,0,128,0
7774,276407,0,0,6,0,0,0,0,0,0,0,0,0,2088,0,0,194,0,0,0,0,0,0,0,0,0,0,0,1,3,0,128,0
7775,276408,0,0,6,0,0,0,0,0,0,0,0,0,2065,0,0,192,0,0,0,0,0,0,0,0,0,0,0,1,3,0,128,0
7776,276409,0,0,6,0,0,0,0,0,0,0,0,0,2077,0,0,193,0,0,0,0,0,0,0,0,0,0,0,1,3,0,128,0
7777,276410,0,0,6,0,0,0,0,0,0,0,0,0,2088,0,0,194,0,0,0,0,0,0,0,0,0,0,0,1,3,0,128,0
7778,276411,0,0,6,0,0,0,0,0,0,0,0,0,2100,0,0,195,0,0,0,0,0,0,0,0,0,0,0,1,3,0,128,0
7779,276412,0,0,6,0,0,0,0,0,0,0,0,0,2112,0,0,196,0,0,0,0,0,0,0,0,0,0,0,1,3,0,128,0
7780,276413,0,0,6,0,0,0,0,0,0,0,0,0,2123,0,0,197,0,0,0,0,0,0,0,0,0,0,0,1,3,0,128,0
7781,276414,0,0,6,0,0,0,0,0,0,0,0,0,2135,0,0,198,0,0,0,0,0,0,0,0,0,0,0,1,3,0,128,0
7782,276415,0,0,6,0,0,0,0,0,0,0,0,0,2147,0,0,199,0,0,0,0,0,0,0,0,0,0,0,1,3,0,128,0
7783,276416,0,0,6,0,0,0,0,0,0,0,0,0,2158,0,0,200,0,0,0,0,0,0,0,0,0,0,0,1,3,0,128,0
7784,276417,0,0,6,0,0,0,0,0,0,0,0,0,2170,0,0,202,0,0,0,0,0,0,0,0,0,0,0,1,3,0,128,0
7785,276418,0,0,6,0,0,0,0,0,0,0,0,0,2182,0,0,203,0,0,0,0,0,0,0,0,0,0,0,1,3,0,128,0
7786,276419,0,0,6,0,0,0,0,0,0,0,0,0,2158,0,0,200,0,0,0,0,0,0,0,0,0,0,0,1,3,0,128,0
7787,276420,0,0,6,0,0,0,0,0,0,0,0,0,2170,0,0,202,0,0,0,0,0,0,0,0,0,0,0,1,3,0,128,0
7788,276421,0,0,6,0,0,0,0,0,0,0,0,0,2182,0,0,203,0,0,0,0,0,0,0,0,0,0,0,1,3,0,128,0
7789,276422,0,0,6,0,0,0,0,0,0,0,0,0,2193,0,0,204,0,0,0,0,0,0,0,0,0,0,0,1,3,0,128,0
7790,276423,0,0,6,0,0,0,0,0,0,0,0,0,2205,0,0,205,0,0,0,0,0,0,0,0,0,0,0,1,3,0,128,0
7791,276424,0,0,6,0,0,0,0,0,0,0,0,0,2217,0,0,206,0,0,0,0,0,0,0,0,0,0,0,1,3,0,128,0
7792,276425,0,0,6,0,0,0,0,0,0,0,0,0,2228,0,0,207,0,0,0,0,0,0,0,0,0,0,0,1,3,0,128,0
7793,276426,0,0,6,0,0,0,0,0,0,0,0,0,2240,0,0,208,0,0,0,0,0,0,0,0,0,0,0,1,3,0,128,0
7794,277100,0,0,1,0,0,0,0,0,0,0,0,0,4,0,0,1,0,0,0,0,0,0,0,0,0,0,0,1,3,0,256,0
7795,277101,0,0,1,0,0,0,0,0,0,0,0,0,7,0,0,1,0,0,0,0,0,0,0,0,0,0,0,1,3,0,256,0
7796,277102,0,0,1,0,0,0,0,0,0,0,0,0,11,0,0,1,0,0,0,0,0,0,0,0,0,0,0,1,3,0,256,0
7797,277103,0,0,1,0,0,0,0,0,0,0,0,0,14,0,0,1,0,0,0,0,0,0,0,0,0,0,0,1,3,0,256,0
7798,277104,0,0,1,0,0,0,0,0,0,0,0,0,18,0,0,2,0,0,0,0,0,0,0,0,0,0,0,1,3,0,256,0
7799,277105,0,0,1,0,0,0,0,0,0,0,0,0,21,0,0,2,0,0,0,0,0,0,0,0,0,0,0,1,3,0,256,0
7800,277106,0,0,1,0,0,0,0,0,0,0,0,0,25,0,0,2,0,0,0,0,0,0,0,0,0,0,0,1,3,0,256,0
7801,277107,0,0,1,0,0,0,0,0,0,0,0,0,28,0,0,3,0,0,0,0,0,0,0,0,0,0,0,1,3,0,256,0
7802,277108,0,0,1,0,0,0,0,0,0,0,0,0,32,0,0,3,0,0,0,0,0,0,0,0,0,0,0,1,3,0,256,0
7803,277109,0,0,1,0,0,0,0,0,0,0,0,0,35,0,0,3,0,0,0,0,0,0,0,0,0,0,0,1,3,0,256,0
7804,277110,0,0,1,0,0,0,0,0,0,0,0,0,39,0,0,4,0,0,0,0,0,0,0,0,0,0,0,1,3,0,256,0
7805,277111,0,0,1,0,0,0,0,0,0,0,0,0,32,0,0,3,0,0,0,0,0,0,0,0,0,0,0,1,3,0,256,0
7806,277112,0,0,1,0,0,0,0,0,0,0,0,0,35,0,0,3,0,0,0,0,0,0,0,0,0,0,0,1,3,0,256,0
7807,277113,0,0,1,0,0,0,0,0,0,0,0,0,39,0,0,4,0,0,0,0,0,0,0,0,0,0,0,1,3,0,256,0
7808,277114,0,0,1,0,0,0,0,0,0,0,0,0,42,0,0,4,0,0,0,0,0,0,0,0,0,0,0,1,3,0,256,0
7809,277115,0,0,1,0,0,0,0,0,0,0,0,0,46,0,0,4,0,0,0,0,0,0,0,0,0,0,0,1,3,0,256,0
7810,277116,0,0,1,0,0,0,0,0,0,0,0,0,49,0,0,5,0,0,0,0,0,0,0,0,0,0,0,1,3,0,256,0
7811,277117,0,0,1,0,0,0,0,0,0,0,0,0,53,0,0,5,0,0,0,0,0,0,0,0,0,0,0,1,3,0,256,0
7812,277118,0,0,1,0,0,0,0,0,0,0,0,0,56,0,0,5,0,0,0,0,0,0,0,0,0,0,0,1,3,0,256,0
7813,277119,0,0,1,0,0,0,0,0,0,0,0,0,60,0,0,6,0,0,0,0,0,0,0,0,0,0,0,1,3,0,256,0
7814,277120,0,0,1,0,0,0,0,0,0,0,0,0,63,0,0,6,0,0,0,0,0,0,0,0,0,0,0,1,3,0,256,0
7815,277121,0,0,1,0,0,0,0,0,0,0,0,0,67,0,0,6,0,0,0,0,0,0,0,0,0,0,0,1,3,0,256,0
7816,277122,0,0,1,0,0,0,0,0,0,0,0,0,60,0,0,6,0,0,0,0,0,0,0,0,0,0,0,1,3,0,256,0
7817,277123,0,0,1,0,0,0,0,0,0,0,0,0,63,0,0,6,0,0,0,0,0,0,0,0,0,0,0,1,3,0,256,0
7818,277124,0,0,1,0,0,0,0,0,0,0,0,0,67,0,0,6,0,0,0,0,0,0,0,0,0,0,0,1,3,0,256,0
7819,277125,0,0,1,0,0,0,0,0,0,0,0,0,70,0,0,7,0,0,0,0,0,0,0,0,0,0,0,1,3,0,256,0
7820,277126,0,0,1,0,0,0,0,0,0,0,0,0,74,0,0,7,0,0,0,0,0,0,0,0,0,0,0,1,3,0,256,0
7821,277127,0,0,1,0,0,0,0,0,0,0,0,0,77,0,0,7,0,0,0,0,0,0,0,0,0,0,0,1,3,0,256,0
7822,277128,0,0,1,0,0,0,0,0,0,0,0,0,81,0,0,7,0,0,0,0,0,0,0,0,0,0,0,1,3,0,256,0
7823,277129,0,0,1,0,0,0,0,0,0,0,0,0,84,0,0,8,0,0,0,0,0,0,0,0,0,0,0,1,3,0,256,0
7824,277130,0,0,1,0,0,0,0,0,0,0,0,0,88,0,0,8,0,0,0,0,0,0,0,0,0,0,0,1,3,0,256,0
7825,277131,0,0,1,0,0,0,0,0,0,0,0,0,91,0,0,8,0,0,0,0,0,0,0,0,0,0,0,1,3,0,256,0
7826,277132,0,0,1,0,0,0,0,0,0,0,0,0,95,0,0,9,0,0,0,0,0,0,0,0,0,0,0,1,3,0,256,0
7827,277133,0,0,2,0,0,0,0,0,0,0,0,0,88,0,0,8,0,0,0,0,0,0,0,0,0,0,0,1,3,0,256,0
7828,277134,0,0,2,0,0,0,0,0,0,0,0,0,91,0,0,8,0,0,0,0,0,0,0,0,0,0,0,1,3,0,256,0
7829,277135,0,0,2,0,0,0,0,0,0,0,0,0,95,0,0,9,0,0,0,0,0,0,0,0,0,0,0,1,3,0,256,0
7830,277136,0,0,2,0,0,0,0,0,0,0,0,0,98,0,0,9,0,0,0,0,0,0,0,0,0,0,0,1,3,0,256,0
7831,277137,0,0,2,0,0,0,0,0,0,0,0,0,102,0,0,9,0,0,0,0,0,0,0,0,0,0,0,1,3,0,256,0
7832,277138,0,0,2,0,0,0,0,0,0,0,0,0,105,0,0,10,0,0,0,0,0,0,0,0,0,0,0,1,3,0,256,0
7833,277139,0,0,2,0,0,0,0,0,0,0,0,0,109,0,0,10,0,0,0,0,0,0,0,0,0,0,0,1,3,0,256,0
7834,277140,0,0,2,0,0,0,0,0,0,0,0,0,112,0,0,10,0,0,0,0,0,0,0,0,0,0,0,1,3,0,256,0
7835,277141,0,0,2,0,0,0,0,0,0,0,0,0,116,0,0,11,0,0,0,0,0,0,0,0,0,0,0,1,3,0,256,0
7836,277142,0,0,2,0,0,0,0,0,0,0,0,0,119,0,0,11,0,0,0,0,0,0,0,0,0,0,0,1,3,0,256,0
7837,277143,0,0,2,0,0,0,0,0,0,0,0,0,123,0,0,11,0,0,0,0,0,0,0,0,0,0,0,1,3,0,256,0
7838,277144,0,0,2,0,0,0,0,0,0,0,0,0,116,0,0,11,0,0,0,0,0,0,0,0,0,0,0,1,3,0,256,0
7839,277145,0,0,2,0,0,0,0,0,0,0,0,0,119,0,0,11,0,0,0,0,0,0,0,0,0,0,0,1,3,0,256,0
7840,277146,0,0,2,0,0,0,0,0,0,0,0,0,123,0,0,11,0,0,0,0,0,0,0,0,0,0,0,1,3,0,256,0
7841,277147,0,0,2,0,0,0,0,0,0,0,0,0,126,0,0,12,0,0,0,0,0,0,0,0,0,0,0,1,3,0,256,0
7842,277148,0,0,2,0,0,0,0,0,0,0,0,0,130,0,0,12,0,0,0,0,0,0,0,0,0,0,0,1,3,0,256,0
7843,277149,0,0,2,0,0,0,0,0,0,0,0,0,133,0,0,12,0,0,0,0,0,0,0,0,0,0,0,1,3,0,256,0
7844,277150,0,0,2,0,0,0,0,0,0,0,0,0,137,0,0,13,0,0,0,0,0,0,0,0,0,0,0,1,3,0,256,0
7845,277151,0,0,2,0,0,0,0,0,0,0,0,0,140,0,0,13,0,0,0,0,0,0,0,0,0,0,0,1,3,0,256,0
7846,277152,0,0,2,0,0,0,0,0,0,0,0,0,144,0,0,13,0,0,0,0,0,0,0,0,0,0,0,1,3,0,256,0
7847,277153,0,0,2,0,0,0,0,0,0,0,0,0,147,0,0,14,0,0,0,0,0,0,0,0,0,0,0,1,3,0,256,0
7848,277154,0,0,2,0,0,0,0,0,0,0,0,0,151,0,0,14,0,0,0,0,0,0,0,0,0,0,0,1,3,0,256,0
7849,277155,0,0,2,0,0,0,0,0,0,0,0,0,144,0,0,13,0,0,0,0,0,0,0,0,0,0,0,1,3,0,256,0
7850,277156,0,0,2,0,0,0,0,0,0,0,0,0,147,0,0,14,0,0,0,0,0,0,0,0,0,0,0,1,3,0,256,0
7851,277157,0,0,2,0,0,0,0,0,0,0,0,0,151,0,0,14,0,0,0,0,0,0,0,0,0,0,0,1,3,0,256,0
7852,277158,0,0,2,0,0,0,0,0,0,0,0,0,154,0,0,14,0,0,0,0,0,0,0,0,0,0,0,1,3,0,256,0
7853,277159,0,0,2,0,0,0,0,0,0,0,0,0,158,0,0,15,0,0,0,0,0,0,0,0,0,0,0,1,3,0,256,0
7854,277160,0,0,2,0,0,0,0,0,0,0,0,0,161,0,0,15,0,0,0,0,0,0,0,0,0,0,0,1,3,0,256,0
7855,277161,0,0,2,0,0,0,0,0,0,0,0,0,165,0,0,15,0,0,0,0,0,0,0,0,0,0,0,1,3,0,256,0
7856,277162,0,0,2,0,0,0,0,0,0,0,0,0,168,0,0,16,0,0,0,0,0,0,0,0,0,0,0,1,3,0,256,0
7857,277163,0,0,2,0,0,0,0,0,0,0,0,0,172,0,0,16,0,0,0,0,0,0,0,0,0,0,0,1,3,0,256,0
7858,277164,0,0,2,0,0,0,0,0,0,0,0,0,175,0,0,16,0,0,0,0,0,0,0,0,0,0,0,1,3,0,256,0
7859,277165,0,0,2,0,0,0,0,0,0,0,0,0,179,0,0,17,0,0,0,0,0,0,0,0,0,0,0,1,3,0,256,0
7860,277166,0,0,3,0,0,0,0,0,0,0,0,0,172,0,0,16,0,0,0,0,0,0,0,0,0,0,0,1,3,0,256,0
7861,277167,0,0,3,0,0,0,0,0,0,0,0,0,175,0,0,16,0,0,0,0,0,0,0,0,0,0,0,1,3,0,256,0
7862,277168,0,0,3,0,0,0,0,0,0,0,0,0,179,0,0,17,0,0,0,0,0,0,0,0,0,0,0,1,3,0,256,0
7863,277169,0,0,3,0,0,0,0,0,0,0,0,0,182,0,0,17,0,0,0,0,0,0,0,0,0,0,0,1,3,0,256,0
7864,277170,0,0,3,0,0,0,0,0,0,0,0,0,186,0,0,17,0,0,0,0,0,0,0,0,0,0,0,1,3,0,256,0
7865,277171,0,0,3,0,0,0,0,0,0,0,0,0,189,0,0,18,0,0,0,0,0,0,0,0,0,0,0,1,3,0,256,0
7866,277172,0,0,3,0,0,0,0,0,0,0,0,0,193,0,0,18,0,0,0,0,0,0,0,0,0,0,0,1,3,0,256,0
7867,277173,0,0,3,0,0,0,0,0,0,0,0,0,196,0,0,18,0,0,0,0,0,0,0,0,0,0,0,1,3,0,256,0
7868,277174,0,0,3,0,0,0,0,0,0,0,0,0,200,0,0,19,0,0,0,0,0,0,0,0,0,0,0,1,3,0,256,0
7869,277175,0,0,3,0,0,0,0,0,0,0,0,0,203,0,0,19,0,0,0,0,0,0,0,0,0,0,0,1,3,0,256,0
7870,277176,0,0,3,0,0,0,0,0,0,0,0,0,207,0,0,19,0,0,0,0,0,0,0,0,0,0,0,1,3,0,256,0
7871,277177,0,0,3,0,0,0,0,0,0,0,0,0,200,0,0,19,0,0,0,0,0,0,0,0,0,0,0,1,3,0,256,0
7872,277178,0,0,3,0,0,0,0,0,0,0,0,0,203,0,0,19,0,0,0,0,0,0,0,0,0,0,0,1,3,0,256,0
7873,277179,0,0,3,0,0,0,0,0,0,0,0,0,207,0,0,19,0,0,0,0,0,0,0,0,0,0,0,1,3,0,256,0
7874,277180,0,0,3,0,0,0,0,0,0,0,0,0,210,0,0,20,0,0,0,0,0,0,0,0,0,0,0,1,3,0,256,0
7875,277181,0,0,3,0,0,0,0,0,0,0,0,0,215,0,0,20,0,0,0,0,0,0,0,0,0,0,0,1,3,0,256,0
7876,277182,0,0,3,0,0,0,0,0,0,0,0,0,219,0,0,20,0,0,0,0,0,0,0,0,0,0,0,1,3,0,256,0
7877,277183,0,0,3,0,0,0,0,0,0,0,0,0,224,0,0,21,0,0,0,0,0,0,0,0,0,0,0,1,3,0,256,0
7878,277184,0,0,3,0,0,0,0,0,0,0,0,0,229,0,0,21,0,0,0,0,0,0,0,0,0,0,0,1,3,0,256,0
7879,277185,0,0,3,0,0,0,0,0,0,0,0,0,233,0,0,22,0,0,0,0,0,0,0,0,0,0,0,1,3,0,256,0
7880,277186,0,0,3,0,0,0,0,0,0,0,0,0,238,0,0,22,0,0,0,0,0,0,0,0,0,0,0,1,3,0,256,0
7881,277187,0,0,3,0,0,0,0,0,0,0,0,0,243,0,0,23,0,0,0,0,0,0,0,0,0,0,0,1,3,0,256,0
7882,277188,0,0,3,0,0,0,0,0,0,0,0,0,233,0,0,22,0,0,0,0,0,0,0,0,0,0,0,1,3,0,256,0
7883,277189,0,0,3,0,0,0,0,0,0,0,0,0,238,0,0,22,0,0,0,0,0,0,0,0,0,0,0,1,3,0,256,0
7884,277190,0,0,3,0,0,0,0,0,0,0,0,0,243,0,0,23,0,0,0,0,0,0,0,0,0,0,0,1,3,0,256,0
7885,277191,0,0,3,0,0,0,0,0,0,0,0,0,247,0,0,23,0,0,0,0,0,0,0,0,0,0,0,1,3,0,256,0
7886,277192,0,0,3,0,0,0,0,0,0,0,0,0,252,0,0,23,0,0,0,0,0,0,0,0,0,0,0,1,3,0,256,0
7887,277193,0,0,3,0,0,0,0,0,0,0,0,0,257,0,0,24,0,0,0,0,0,0,0,0,0,0,0,1,3,0,256,0
7888,277194,0,0,3,0,0,0,0,0,0,0,0,0,261,0,0,24,0,0,0,0,0,0,0,0,0,0,0,1,3,0,256,0
7889,277195,0,0,3,0,0,0,0,0,0,0,0,0,266,0,0,25,0,0,0,0,0,0,0,0,0,0,0,1,3,0,256,0
7890,277196,0,0,3,0,0,0,0,0,0,0,0,0,271,0,0,25,0,0,0,0,0,0,0,0,0,0,0,1,3,0,256,0
7891,277197,0,0,3,0,0,0,0,0,0,0,0,0,275,0,0,26,0,0,0,0,0,0,0,0,0,0,0,1,3,0,256,0
7892,277198,0,0,3,0,0,0,0,0,0,0,0,0,280,0,0,26,0,0,0,0,0,0,0,0,0,0,0,1,3,0,256,0
7893,277199,0,0,4,0,0,0,0,0,0,0,0,0,271,0,0,25,0,0,0,0,0,0,0,0,0,0,0,1,3,0,256,0
7894,277200,0,0,4,0,0,0,0,0,0,0,0,0,275,0,0,26,0,0,0,0,0,0,0,0,0,0,0,1,3,0,256,0
7895,277201,0,0,4,0,0,0,0,0,0,0,0,0,280,0,0,26,0,0,0,0,0,0,0,0,0,0,0,1,3,0,256,0
7896,277202,0,0,4,0,0,0,0,0,0,0,0,0,285,0,0,26,0,0,0,0,0,0,0,0,0,0,0,1,3,0,256,0
7897,277203,0,0,4,0,0,0,0,0,0,0,0,0,289,0,0,27,0,0,0,0,0,0,0,0,0,0,0,1,3,0,256,0
7898,277204,0,0,4,0,0,0,0,0,0,0,0,0,294,0,0,27,0,0,0,0,0,0,0,0,0,0,0,1,3,0,256,0
7899,277205,0,0,4,0,0,0,0,0,0,0,0,0,299,0,0,28,0,0,0,0,0,0,0,0,0,0,0,1,3,0,256,0
7900,277206,0,0,4,0,0,0,0,0,0,0,0,0,303,0,0,28,0,0,0,0,0,0,0,0,0,0,0,1,3,0,256,0
7901,277207,0,0,4,0,0,0,0,0,0,0,0,0,308,0,0,29,0,0,0,0,0,0,0,0,0,0,0,1,3,0,256,0
7902,277208,0,0,4,0,0,0,0,0,0,0,0,0,313,0,0,29,0,0,0,0,0,0,0,0,0,0,0,1,3,0,256,0
7903,277209,0,0,4,0,0,0,0,0,0,0,0,0,317,0,0,29,0,0,0,0,0,0,0,0,0,0,0,1,3,0,256,0
7904,277210,0,0,4,0,0,0,0,0,0,0,0,0,308,0,0,29,0,0,0,0,0,0,0,0,0,0,0,1,3,0,256,0
7905,277211,0,0,4,0,0,0,0,0,0,0,0,0,313,0,0,29,0,0,0,0,0,0,0,0,0,0,0,1,3,0,256,0
7906,277212,0,0,4,0,0,0,0,0,0,0,0,0,317,0,0,29,0,0,0,0,0,0,0,0,0,0,0,1,3,0,256,0
7907,277213,0,0,4,0,0,0,0,0,0,0,0,0,322,0,0,30,0,0,0,0,0,0,0,0,0,0,0,1,3,0,256,0
7908,277214,0,0,4,0,0,0,0,0,0,0,0,0,327,0,0,30,0,0,0,0,0,0,0,0,0,0,0,1,3,0,256,0
7909,277215,0,0,4,0,0,0,0,0,0,0,0,0,331,0,0,31,0,0,0,0,0,0,0,0,0,0,0,1,3,0,256,0
7910,277216,0,0,4,0,0,0,0,0,0,0,0,0,336,0,0,31,0,0,0,0,0,0,0,0,0,0,0,1,3,0,256,0
7911,277217,0,0,4,0,0,0,0,0,0,0,0,0,341,0,0,32,0,0,0,0,0,0,0,0,0,0,0,1,3,0,256,0
7912,277218,0,0,4,0,0,0,0,0,0,0,0,0,345,0,0,32,0,0,0,0,0,0,0,0,0,0,0,1,3,0,256,0
7913,277219,0,0,4,0,0,0,0,0,0,0,0,0,350,0,0,33,0,0,0,0,0,0,0,0,0,0,0,1,3,0,256,0
7914,277220,0,0,4,0,0,0,0,0,0,0,0,0,355,0,0,33,0,0,0,0,0,0,0,0,0,0,0,1,3,0,256,0
7915,277221,0,0,4,0,0,0,0,0,0,0,0,0,345,0,0,32,0,0,0,0,0,0,0,0,0,0,0,1,3,0,256,0
7916,277222,0,0,4,0,0,0,0,0,0,0,0,0,350,0,0,33,0,0,0,0,0,0,0,0,0,0,0,1,3,0,256,0
7917,277223,0,0,4,0,0,0,0,0,0,0,0,0,355,0,0,33,0,0,0,0,0,0,0,0,0,0,0,1,3,0,256,0
7918,277224,0,0,4,0,0,0,0,0,0,0,0,0,359,0,0,33,0,0,0,0,0,0,0,0,0,0,0,1,3,0,256,0
7919,277225,0,0,4,0,0,0,0,0,0,0,0,0,364,0,0,34,0,0,0,0,0,0,0,0,0,0,0,1,3,0,256,0
7920,277226,0,0,4,0,0,0,0,0,0,0,0,0,369,0,0,34,0,0,0,0,0,0,0,0,0,0,0,1,3,0,256,0
7921,277227,0,0,4,0,0,0,0,0,0,0,0,0,373,0,0,35,0,0,0,0,0,0,0,0,0,0,0,1,3,0,256,0
7922,277228,0,0,4,0,0,0,0,0,0,0,0,0,378,0,0,35,0,0,0,0,0,0,0,0,0,0,0,1,3,0,256,0
7923,277229,0,0,4,0,0,0,0,0,0,0,0,0,383,0,0,36,0,0,0,0,0,0,0,0,0,0,0,1,3,0,256,0
7924,277230,0,0,4,0,0,0,0,0,0,0,0,0,387,0,0,36,0,0,0,0,0,0,0,0,0,0,0,1,3,0,256,0
7925,277231,0,0,4,0,0,0,0,0,0,0,0,0,392,0,0,36,0,0,0,0,0,0,0,0,0,0,0,1,3,0,256,0
7926,277232,0,0,5,0,0,0,0,0,0,0,0,0,383,0,0,36,0,0,0,0,0,0,0,0,0,0,0,1,3,0,256,0
7927,277233,0,0,5,0,0,0,0,0,0,0,0,0,387,0,0,36,0,0,0,0,0,0,0,0,0,0,0,1,3,0,256,0
7928,277234,0,0,5,0,0,0,0,0,0,0,0,0,392,0,0,36,0,0,0,0,0,0,0,0,0,0,0,1,3,0,256,0
7929,277235,0,0,5,0,0,0,0,0,0,0,0,0,397,0,0,37,0,0,0,0,0,0,0,0,0,0,0,1,3,0,256,0
7930,277236,0,0,5,0,0,0,0,0,0,0,0,0,401,0,0,37,0,0,0,0,0,0,0,0,0,0,0,1,3,0,256,0
7931,277237,0,0,5,0,0,0,0,0,0,0,0,0,406,0,0,38,0,0,0,0,0,0,0,0,0,0,0,1,3,0,256,0
7932,277238,0,0,5,0,0,0,0,0,0,0,0,0,411,0,0,38,0,0,0,0,0,0,0,0,0,0,0,1,3,0,256,0
7933,277239,0,0,5,0,0,0,0,0,0,0,0,0,415,0,0,39,0,0,0,0,0,0,0,0,0,0,0,1,3,0,256,0
7934,277240,0,0,5,0,0,0,0,0,0,0,0,0,420,0,0,39,0,0,0,0,0,0,0,0,0,0,0,1,3,0,256,0
7935,277241,0,0,5,0,0,0,0,0,0,0,0,0,425,0,0,39,0,0,0,0,0,0,0,0,0,0,0,1,3,0,256,0
7936,277242,0,0,5,0,0,0,0,0,0,0,0,0,429,0,0,40,0,0,0,0,0,0,0,0,0,0,0,1,3,0,256,0
7937,277243,0,0,5,0,0,0,0,0,0,0,0,0,420,0,0,39,0,0,0,0,0,0,0,0,0,0,0,1,3,0,256,0
7938,277244,0,0,5,0,0,0,0,0,0,0,0,0,425,0,0,39,0,0,0,0,0,0,0,0,0,0,0,1,3,0,256,0
7939,277245,0,0,5,0,0,0,0,0,0,0,0,0,429,0,0,40,0,0,0,0,0,0,0,0,0,0,0,1,3,0,256,0
7940,277246,0,0,5,0,0,0,0,0,0,0,0,0,434,0,0,40,0,0,0,0,0,0,0,0,0,0,0,1,3,0,256,0
7941,277247,0,0,5,0,0,0,0,0,0,0,0,0,439,0,0,41,0,0,0,0,0,0,0,0,0,0,0,1,3,0,256,0
7942,277248,0,0,5,0,0,0,0,0,0,0,0,0,443,0,0,41,0,0,0,0,0,0,0,0,0,0,0,1,3,0,256,0
7943,277249,0,0,5,0,0,0,0,0,0,0,0,0,448,0,0,42,0,0,0,0,0,0,0,0,0,0,0,1,3,0,256,0
7944,277250,0,0,5,0,0,0,0,0,0,0,0,0,453,0,0,42,0,0,0,0,0,0,0,0,0,0,0,1,3,0,256,0
7945,277251,0,0,5,0,0,0,0,0,0,0,0,0,457,0,0,42,0,0,0,0,0,0,0,0,0,0,0,1,3,0,256,0
7946,277252,0,0,5,0,0,0,0,0,0,0,0,0,462,0,0,43,0,0,0,0,0,0,0,0,0,0,0,1,3,0,256,0
7947,277253,0,0,5,0,0,0,0,0,0,0,0,0,467,0,0,43,0,0,0,0,0,0,0,0,0,0,0,1,3,0,256,0
7948,277254,0,0,5,0,0,0,0,0,0,0,0,0,457,0,0,42,0,0,0,0,0,0,0,0,0,0,0,1,3,0,256,0
7949,277255,0,0,5,0,0,0,0,0,0,0,0,0,462,0,0,43,0,0,0,0,0,0,0,0,0,0,0,1,3,0,256,0
7950,277256,0,0,5,0,0,0,0,0,0,0,0,0,467,0,0,43,0,0,0,0,0,0,0,0,0,0,0,1,3,0,256,0
7951,277257,0,0,5,0,0,0,0,0,0,0,0,0,471,0,0,44,0,0,0,0,0,0,0,0,0,0,0,1,3,0,256,0
7952,277258,0,0,5,0,0,0,0,0,0,0,0,0,476,0,0,44,0,0,0,0,0,0,0,0,0,0,0,1,3,0,256,0
7953,277259,0,0,5,0,0,0,0,0,0,0,0,0,481,0,0,45,0,0,0,0,0,0,0,0,0,0,0,1,3,0,256,0
7954,277260,0,0,5,0,0,0,0,0,0,0,0,0,485,0,0,45,0,0,0,0,0,0,0,0,0,0,0,1,3,0,256,0
7955,277261,0,0,5,0,0,0,0,0,0,0,0,0,490,0,0,46,0,0,0,0,0,0,0,0,0,0,0,1,3,0,256,0
7956,277262,0,0,5,0,0,0,0,0,0,0,0,0,495,0,0,46,0,0,0,0,0,0,0,0,0,0,0,1,3,0,256,0
7957,277263,0,0,5,0,0,0,0,0,0,0,0,0,499,0,0,46,0,0,0,0,0,0,0,0,0,0,0,1,3,0,256,0
7958,277264,0,0,5,0,0,0,0,0,0,0,0,0,504,0,0,47,0,0,0,0,0,0,0,0,0,0,0,1,3,0,256,0
7959,277265,0,0,5,0,0,0,0,0,0,0,0,0,495,0,0,46,0,0,0,0,0,0,0,0,0,0,0,1,3,0,256,0
7960,277266,0,0,5,0,0,0,0,0,0,0,0,0,499,0,0,46,0,0,0,0,0,0,0,0,0,0,0,1,3,0,256,0
7961,277267,0,0,5,0,0,0,0,0,0,0,0,0,504,0,0,47,0,0,0,0,0,0,0,0,0,0,0,1,3,0,256,0
7962,277268,0,0,5,0,0,0,0,0,0,0,0,0,509,0,0,47,0,0,0,0,0,0,0,0,0,0,0,1,3,0,256,0
7963,277269,0,0,5,0,0,0,0,0,0,0,0,0,513,0,0,48,0,0,0,0,0,0,0,0,0,0,0,1,3,0,256,0
7964,277270,0,0,5,0,0,0,0,0,0,0,0,0,518,0,0,48,0,0,0,0,0,0,0,0,0,0,0,1,3,0,256,0
7965,277271,0,0,5,0,0,0,0,0,0,0,0,0,523,0,0,49,0,0,0,0,0,0,0,0,0,0,0,1,3,0,256,0
7966,277272,0,0,5,0,0,0,0,0,0,0,0,0,527,0,0,49,0,0,0,0,0,0,0,0,0,0,0,1,3,0,256,0
7967,277273,0,0,5,0,0,0,0,0,0,0,0,0,532,0,0,49,0,0,0,0,0,0,0,0,0,0,0,1,3,0,256,0
7968,277274,0,0,5,0,0,0,0,0,0,0,0,0,537,0,0,50,0,0,0,0,0,0,0,0,0,0,0,1,3,0,256,0
7969,277275,0,0,5,0,0,0,0,0,0,0,0,0,541,0,0,50,0,0,0,0,0,0,0,0,0,0,0,1,3,0,256,0
7970,277276,0,0,5,0,0,0,0,0,0,0,0,0,532,0,0,49,0,0,0,0,0,0,0,0,0,0,0,1,3,0,256,0
7971,277277,0,0,5,0,0,0,0,0,0,0,0,0,537,0,0,50,0,0,0,0,0,0,0,0,0,0,0,1,3,0,256,0
7972,277278,0,0,5,0,0,0,0,0,0,0,0,0,541,0,0,50,0,0,0,0,0,0,0,0,0,0,0,1,3,0,256,0
7973,277279,0,0,5,0,0,0,0,0,0,0,0,0,546,0,0,51,0,0,0,0,0,0,0,0,0,0,0,1,3,0,256,0
7974,277280,0,0,5,0,0,0,0,0,0,0,0,0,551,0,0,51,0,0,0,0,0,0,0,0,0,0,0,1,3,0,256,0
7975,277281,0,0,5,0,0,0,0,0,0,0,0,0,555,0,0,52,0,0,0,0,0,0,0,0,0,0,0,1,3,0,256,0
7976,277282,0,0,5,0,0,0,0,0,0,0,0,0,560,0,0,52,0,0,0,0,0,0,0,0,0,0,0,1,3,0,256,0
7977,277283,0,0,5,0,0,0,0,0,0,0,0,0,565,0,0,52,0,0,0,0,0,0,0,0,0,0,0,1,3,0,256,0
7978,277284,0,0,5,0,0,0,0,0,0,0,0,0,569,0,0,53,0,0,0,0,0,0,0,0,0,0,0,1,3,0,256,0
7979,277285,0,0,5,0,0,0,0,0,0,0,0,0,574,0,0,53,0,0,0,0,0,0,0,0,0,0,0,1,3,0,256,0
7980,277286,0,0,5,0,0,0,0,0,0,0,0,0,579,0,0,54,0,0,0,0,0,0,0,0,0,0,0,1,3,0,256,0
7981,277287,0,0,5,0,0,0,0,0,0,0,0,0,569,0,0,53,0,0,0,0,0,0,0,0,0,0,0,1,3,0,256,0
7982,277288,0,0,5,0,0,0,0,0,0,0,0,0,574,0,0,53,0,0,0,0,0,0,0,0,0,0,0,1,3,0,256,0
7983,277289,0,0,5,0,0,0,0,0,0,0,0,0,579,0,0,54,0,0,0,0,0,0,0,0,0,0,0,1,3,0,256,0
7984,277290,0,0,5,0,0,0,0,0,0,0,0,0,583,0,0,54,0,0,0,0,0,0,0,0,0,0,0,1,3,0,256,0
7985,277291,0,0,5,0,0,0,0,0,0,0,0,0,588,0,0,55,0,0,0,0,0,0,0,0,0,0,0,1,3,0,256,0
7986,277292,0,0,5,0,0,0,0,0,0,0,0,0,593,0,0,55,0,0,0,0,0,0,0,0,0,0,0,1,3,0,256,0
7987,277293,0,0,5,0,0,0,0,0,0,0,0,0,597,0,0,55,0,0,0,0,0,0,0,0,0,0,0,1,3,0,256,0
7988,277294,0,0,5,0,0,0,0,0,0,0,0,0,602,0,0,56,0,0,0,0,0,0,0,0,0,0,0,1,3,0,256,0
7989,277295,0,0,5,0,0,0,0,0,0,0,0,0,607,0,0,56,0,0,0,0,0,0,0,0,0,0,0,1,3,0,256,0
7990,277296,0,0,5,0,0,0,0,0,0,0,0,0,611,0,0,57,0,0,0,0,0,0,0,0,0,0,0,1,3,0,256,0
7991,277297,0,0,5,0,0,0,0,0,0,0,0,0,616,0,0,57,0,0,0,0,0,0,0,0,0,0,0,1,3,0,256,0
7992,277298,0,0,5,0,0,0,0,0,0,0,0,0,607,0,0,56,0,0,0,0,0,0,0,0,0,0,0,1,3,0,256,0
7993,277299,0,0,5,0,0,0,0,0,0,0,0,0,611,0,0,57,0,0,0,0,0,0,0,0,0,0,0,1,3,0,256,0
7994,277300,0,0,5,0,0,0,0,0,0,0,0,0,616,0,0,57,0,0,0,0,0,0,0,0,0,0,0,1,3,0,256,0
7995,277301,0,0,5,0,0,0,0,0,0,0,0,0,621,0,0,58,0,0,0,0,0,0,0,0,0,0,0,1,3,0,256,0
7996,277302,0,0,5,0,0,0,0,0,0,0,0,0,625,0,0,58,0,0,0,0,0,0,0,0,0,0,0,1,3,0,256,0
7997,277303,0,0,5,0,0,0,0,0,0,0,0,0,630,0,0,59,0,0,0,0,0,0,0,0,0,0,0,1,3,0,256,0
7998,277304,0,0,5,0,0,0,0,0,0,0,0,0,635,0,0,59,0,0,0,0,0,0,0,0,0,0,0,1,3,0,256,0
7999,277305,0,0,5,0,0,0,0,0,0,0,0,0,639,0,0,59,0,0,0,0,0,0,0,0,0,0,0,1,3,0,256,0
8000,277306,0,0,5,0,0,0,0,0,0,0,0,0,644,0,0,60,0,0,0,0,0,0,0,0,0,0,0,1,3,0,256,0
8001,277307,0,0,5,0,0,0,0,0,0,0,0,0,649,0,0,60,0,0,0,0,0,0,0,0,0,0,0,1,3,0,256,0
8002,277308,0,0,5,0,0,0,0,0,0,0,0,0,653,0,0,61,0,0,0,0,0,0,0,0,0,0,0,1,3,0,256,0
8003,277309,0,0,5,0,0,0,0,0,0,0,0,0,644,0,0,60,0,0,0,0,0,0,0,0,0,0,0,1,3,0,256,0
8004,277310,0,0,5,0,0,0,0,0,0,0,0,0,649,0,0,60,0,0,0,0,0,0,0,0,0,0,0,1,3,0,256,0
8005,277311,0,0,5,0,0,0,0,0,0,0,0,0,653,0,0,61,0,0,0,0,0,0,0,0,0,0,0,1,3,0,256,0
8006,277312,0,0,5,0,0,0,0,0,0,0,0,0,658,0,0,61,0,0,0,0,0,0,0,0,0,0,0,1,3,0,256,0
8007,277313,0,0,5,0,0,0,0,0,0,0,0,0,663,0,0,62,0,0,0,0,0,0,0,0,0,0,0,1,3,0,256,0
8008,277314,0,0,5,0,0,0,0,0,0,0,0,0,667,0,0,62,0,0,0,0,0,0,0,0,0,0,0,1,3,0,256,0
8009,277315,0,0,5,0,0,0,0,0,0,0,0,0,672,0,0,62,0,0,0,0,0,0,0,0,0,0,0,1,3,0,256,0
8010,277316,0,0,5,0,0,0,0,0,0,0,0,0,677,0,0,63,0,0,0,0,0,0,0,0,0,0,0,1,3,0,256,0
8011,277317,0,0,5,0,0,0,0,0,0,0,0,0,681,0,0,63,0,0,0,0,0,0,0,0,0,0,0,1,3,0,256,0
8012,277318,0,0,5,0,0,0,0,0,0,0,0,0,686,0,0,64,0,0,0,0,0,0,0,0,0,0,0,1,3,0,256,0
8013,277319,0,0,5,0,0,0,0,0,0,0,0,0,691,0,0,64,0,0,0,0,0,0,0,0,0,0,0,1,3,0,256,0
8014,277320,0,0,5,0,0,0,0,0,0,0,0,0,681,0,0,63,0,0,0,0,0,0,0,0,0,0,0,1,3,0,256,0
8015,277321,0,0,5,0,0,0,0,0,0,0,0,0,686,0,0,64,0,0,0,0,0,0,0,0,0,0,0,1,3,0,256,0
8016,277322,0,0,5,0,0,0,0,0,0,0,0,0,691,0,0,64,0,0,0,0,0,0,0,0,0,0,0,1,3,0,256,0
8017,277323,0,0,5,0,0,0,0,0,0,0,0,0,695,0,0,65,0,0,0,0,0,0,0,0,0,0,0,1,3,0,256,0
8018,277324,0,0,5,0,0,0,0,0,0,0,0,0,700,0,0,65,0,0,0,0,0,0,0,0,0,0,0,1,3,0,256,0
8019,277325,0,0,5,0,0,0,0,0,0,0,0,0,705,0,0,65,0,0,0,0,0,0,0,0,0,0,0,1,3,0,256,0
8020,277326,0,0,5,0,0,0,0,0,0,0,0,0,709,0,0,66,0,0,0,0,0,0,0,0,0,0,0,1,3,0,256,0
8021,277327,0,0,5,0,0,0,0,0,0,0,0,0,714,0,0,66,0,0,0,0,0,0,0,0,0,0,0,1,3,0,256,0
8022,277328,0,0,5,0,0,0,0,0,0,0,0,0,719,0,0,67,0,0,0,0,0,0,0,0,0,0,0,1,3,0,256,0
8023,277329,0,0,5,0,0,0,0,0,0,0,0,0,723,0,0,67,0,0,0,0,0,0,0,0,0,0,0,1,3,0,256,0
8024,277330,0,0,5,0,0,0,0,0,0,0,0,0,728,0,0,68,0,0,0,0,0,0,0,0,0,0,0,1,3,0,256,0
8025,277331,0,0,5,0,0,0,0,0,0,0,0,0,719,0,0,67,0,0,0,0,0,0,0,0,0,0,0,1,3,0,256,0
8026,277332,0,0,5,0,0,0,0,0,0,0,0,0,723,0,0,67,0,0,0,0,0,0,0,0,0,0,0,1,3,0,256,0
8027,277333,0,0,5,0,0,0,0,0,0,0,0,0,728,0,0,68,0,0,0,0,0,0,0,0,0,0,0,1,3,0,256,0
8028,277334,0,0,5,0,0,0,0,0,0,0,0,0,733,0,0,68,0,0,0,0,0,0,0,0,0,0,0,1,3,0,256,0
8029,277335,0,0,5,0,0,0,0,0,0,0,0,0,737,0,0,68,0,0,0,0,0,0,0,0,0,0,0,1,3,0,256,0
8030,277336,0,0,5,0,0,0,0,0,0,0,0,0,742,0,0,69,0,0,0,0,0,0,0,0,0,0,0,1,3,0,256,0
8031,277337,0,0,5,0,0,0,0,0,0,0,0,0,747,0,0,69,0,0,0,0,0,0,0,0,0,0,0,1,3,0,256,0
8032,277338,0,0,5,0,0,0,0,0,0,0,0,0,751,0,0,70,0,0,0,0,0,0,0,0,0,0,0,1,3,0,256,0
8033,277339,0,0,5,0,0,0,0,0,0,0,0,0,756,0,0,70,0,0,0,0,0,0,0,0,0,0,0,1,3,0,256,0
8034,277340,0,0,5,0,0,0,0,0,0,0,0,0,761,0,0,71,0,0,0,0,0,0,0,0,0,0,0,1,3,0,256,0
8035,277341,0,0,5,0,0,0,0,0,0,0,0,0,765,0,0,71,0,0,0,0,0,0,0,0,0,0,0,1,3,0,256,0
8036,277342,0,0,5,0,0,0,0,0,0,0,0,0,756,0,0,70,0,0,0,0,0,0,0,0,0,0,0,1,3,0,256,0
8037,277343,0,0,5,0,0,0,0,0,0,0,0,0,761,0,0,71,0,0,0,0,0,0,0,0,0,0,0,1,3,0,256,0
8038,277344,0,0,5,0,0,0,0,0,0,0,0,0,765,0,0,71,0,0,0,0,0,0,0,0,0,0,0,1,3,0,256,0
8039,277345,0,0,5,0,0,0,0,0,0,0,0,0,770,0,0,72,0,0,0,0,0,0,0,0,0,0,0,1,3,0,256,0
8040,277346,0,0,5,0,0,0,0,0,0,0,0,0,776,0,0,72,0,0,0,0,0,0,0,0,0,0,0,1,3,0,256,0
8041,277347,0,0,5,0,0,0,0,0,0,0,0,0,782,0,0,73,0,0,0,0,0,0,0,0,0,0,0,1,3,0,256,0
8042,277348,0,0,5,0,0,0,0,0,0,0,0,0,788,0,0,73,0,0,0,0,0,0,0,0,0,0,0,1,3,0,256,0
8043,277349,0,0,5,0,0,0,0,0,0,0,0,0,793,0,0,74,0,0,0,0,0,0,0,0,0,0,0,1,3,0,256,0
8044,277350,0,0,5,0,0,0,0,0,0,0,0,0,799,0,0,74,0,0,0,0,0,0,0,0,0,0,0,1,3,0,256,0
8045,277351,0,0,5,0,0,0,0,0,0,0,0,0,805,0,0,75,0,0,0,0,0,0,0,0,0,0,0,1,3,0,256,0
8046,277352,0,0,5,0,0,0,0,0,0,0,0,0,811,0,0,75,0,0,0,0,0,0,0,0,0,0,0,1,3,0,256,0
8047,277353,0,0,5,0,0,0,0,0,0,0,0,0,799,0,0,74,0,0,0,0,0,0,0,0,0,0,0,1,3,0,256,0
8048,277354,0,0,5,0,0,0,0,0,0,0,0,0,805,0,0,75,0,0,0,0,0,0,0,0,0,0,0,1,3,0,256,0
8049,277355,0,0,5,0,0,0,0,0,0,0,0,0,811,0,0,75,0,0,0,0,0,0,0,0,0,0,0,1,3,0,256,0
8050,277356,0,0,5,0,0,0,0,0,0,0,0,0,817,0,0,76,0,0,0,0,0,0,0,0,0,0,0,1,3,0,256,0
8051,277357,0,0,5,0,0,0,0,0,0,0,0,0,823,0,0,76,0,0,0,0,0,0,0,0,0,0,0,1,3,0,256,0
8052,277358,0,0,5,0,0,0,0,0,0,0,0,0,828,0,0,77,0,0,0,0,0,0,0,0,0,0,0,1,3,0,256,0
8053,277359,0,0,5,0,0,0,0,0,0,0,0,0,834,0,0,77,0,0,0,0,0,0,0,0,0,0,0,1,3,0,256,0
8054,277360,0,0,5,0,0,0,0,0,0,0,0,0,840,0,0,78,0,0,0,0,0,0,0,0,0,0,0,1,3,0,256,0
8055,277361,0,0,5,0,0,0,0,0,0,0,0,0,846,0,0,79,0,0,0,0,0,0,0,0,0,0,0,1,3,0,256,0
8056,277362,0,0,5,0,0,0,0,0,0,0,0,0,852,0,0,79,0,0,0,0,0,0,0,0,0,0,0,1,3,0,256,0
8057,277363,0,0,5,0,0,0,0,0,0,0,0,0,858,0,0,80,0,0,0,0,0,0,0,0,0,0,0,1,3,0,256,0
8058,277364,0,0,5,0,0,0,0,0,0,0,0,0,846,0,0,79,0,0,0,0,0,0,0,0,0,0,0,1,3,0,256,0
8059,277365,0,0,5,0,0,0,0,0,0,0,0,0,852,0,0,79,0,0,0,0,0,0,0,0,0,0,0,1,3,0,256,0
8060,277366,0,0,5,0,0,0,0,0,0,0,0,0,858,0,0,80,0,0,0,0,0,0,0,0,0,0,0,1,3,0,256,0
8061,277367,0,0,5,0,0,0,0,0,0,0,0,0,863,0,0,80,0,0,0,0,0,0,0,0,0,0,0,1,3,0,256,0
8062,277368,0,0,5,0,0,0,0,0,0,0,0,0,869,0,0,81,0,0,0,0,0,0,0,0,0,0,0,1,3,0,256,0
8063,277369,0,0,5,0,0,0,0,0,0,0,0,0,875,0,0,81,0,0,0,0,0,0,0,0,0,0,0,1,3,0,256,0
8064,277370,0,0,5,0,0,0,0,0,0,0,0,0,881,0,0,82,0,0,0,0,0,0,0,0,0,0,0,1,3,0,256,0
8065,277371,0,0,6,0,0,0,0,0,0,0,0,0,887,0,0,82,0,0,0,0,0,0,0,0,0,0,0,1,3,0,256,0
8066,277372,0,0,6,0,0,0,0,0,0,0,0,0,893,0,0,83,0,0,0,0,0,0,0,0,0,0,0,1,3,0,256,0
8067,277373,0,0,6,0,0,0,0,0,0,0,0,0,898,0,0,83,0,0,0,0,0,0,0,0,0,0,0,1,3,0,256,0
8068,277374,0,0,6,0,0,0,0,0,0,0,0,0,904,0,0,84,0,0,0,0,0,0,0,0,0,0,0,1,3,0,256,0
8069,277375,0,0,6,0,0,0,0,0,0,0,0,0,893,0,0,83,0,0,0,0,0,0,0,0,0,0,0,1,3,0,256,0
8070,277376,0,0,6,0,0,0,0,0,0,0,0,0,898,0,0,83,0,0,0,0,0,0,0,0,0,0,0,1,3,0,256,0
8071,277377,0,0,6,0,0,0,0,0,0,0,0,0,904,0,0,84,0,0,0,0,0,0,0,0,0,0,0,1,3,0,256,0
8072,277378,0,0,6,0,0,0,0,0,0,0,0,0,910,0,0,85,0,0,0,0,0,0,0,0,0,0,0,1,3,0,256,0
8073,277379,0,0,6,0,0,0,0,0,0,0,0,0,916,0,0,85,0,0,0,0,0,0,0,0,0,0,0,1,3,0,256,0
8074,277380,0,0,6,0,0,0,0,0,0,0,0,0,922,0,0,86,0,0,0,0,0,0,0,0,0,0,0,1,3,0,256,0
8075,277381,0,0,6,0,0,0,0,0,0,0,0,0,928,0,0,86,0,0,0,0,0,0,0,0,0,0,0,1,3,0,256,0
8076,277382,0,0,6,0,0,0,0,0,0,0,0,0,933,0,0,87,0,0,0,0,0,0,0,0,0,0,0,1,3,0,256,0
8077,277383,0,0,6,0,0,0,0,0,0,0,0,0,939,0,0,87,0,0,0,0,0,0,0,0,0,0,0,1,3,0,256,0
8078,277384,0,0,6,0,0,0,0,0,0,0,0,0,945,0,0,88,0,0,0,0,0,0,0,0,0,0,0,1,3,0,256,0
8079,277385,0,0,6,0,0,0,0,0,0,0,0,0,951,0,0,88,0,0,0,0,0,0,0,0,0,0,0,1,3,0,256,0
8080,277386,0,0,6,0,0,0,0,0,0,0,0,0,939,0,0,87,0,0,0,0,0,0,0,0,0,0,0,1,3,0,256,0
8081,277387,0,0,6,0,0,0,0,0,0,0,0,0,945,0,0,88,0,0,0,0,0,0,0,0,0,0,0,1,3,0,256,0
8082,277388,0,0,6,0,0,0,0,0,0,0,0,0,951,0,0,88,0,0,0,0,0,0,0,0,0,0,0,1,3,0,256,0
8083,277389,0,0,6,0,0,0,0,0,0,0,0,0,957,0,0,89,0,0,0,0,0,0,0,0,0,0,0,1,3,0,256,0
8084,277390,0,0,6,0,0,0,0,0,0,0,0,0,963,0,0,89,0,0,0,0,0,0,0,0,0,0,0,1,3,0,256,0
8085,277391,0,0,6,0,0,0,0,0,0,0,0,0,968,0,0,90,0,0,0,0,0,0,0,0,0,0,0,1,3,0,256,0
8086,277392,0,0,6,0,0,0,0,0,0,0,0,0,974,0,0,90,0,0,0,0,0,0,0,0,0,0,0,1,3,0,256,0
8087,277393,0,0,6,0,0,0,0,0,0,0,0,0,980,0,0,91,0,0,0,0,0,0,0,0,0,0,0,1,3,0,256,0
8088,277394,0,0,6,0,0,0,0,0,0,0,0,0,986,0,0,92,0,0,0,0,0,0,0,0,0,0,0,1,3,0,256,0
8089,277395,0,0,6,0,0,0,0,0,0,0,0,0,992,0,0,92,0,0,0,0,0,0,0,0,0,0,0,1,3,0,256,0
8090,277396,0,0,6,0,0,0,0,0,0,0,0,0,998,0,0,93,0,0,0,0,0,0,0,0,0,0,0,1,3,0,256,0
8091,277397,0,0,6,0,0,0,0,0,0,0,0,0,986,0,0,92,0,0,0,0,0,0,0,0,0,0,0,1,3,0,256,0
8092,277398,0,0,6,0,0,0,0,0,0,0,0,0,992,0,0,92,0,0,0,0,0,0,0,0,0,0,0,1,3,0,256,0
8093,277399,0,0,6,0,0,0,0,0,0,0,0,0,998,0,0,93,0,0,0,0,0,0,0,0,0,0,0,1,3,0,256,0
8094,277400,0,0,6,0,0,0,0,0,0,0,0,0,1003,0,0,93,0,0,0,0,0,0,0,0,0,0,0,1,3,0,256,0
8095,277401,0,0,6,0,0,0,0,0,0,0,0,0,1009,0,0,94,0,0,0,0,0,0,0,0,0,0,0,1,3,0,256,0
8096,277402,0,0,6,0,0,0,0,0,0,0,0,0,1015,0,0,94,0,0,0,0,0,0,0,0,0,0,0,1,3,0,256,0
8097,277403,0,0,6,0,0,0,0,0,0,0,0,0,1021,0,0,95,0,0,0,0,0,0,0,0,0,0,0,1,3,0,256,0
8098,277404,0,0,6,0,0,0,0,0,0,0,0,0,1027,0,0,95,0,0,0,0,0,0,0,0,0,0,0,1,3,0,256,0
8099,277405,0,0,6,0,0,0,0,0,0,0,0,0,1033,0,0,96,0,0,0,0,0,0,0,0,0,0,0,1,3,0,256,0
8100,277406,0,0,6,0,0,0,0,0,0,0,0,0,1038,0,0,96,0,0,0,0,0,0,0,0,0,0,0,1,3,0,256,0
8101,277407,0,0,6,0,0,0,0,0,0,0,0,0,1044,0,0,97,0,0,0,0,0,0,0,0,0,0,0,1,3,0,256,0
8102,277408,0,0,6,0,0,0,0,0,0,0,0,0,1033,0,0,96,0,0,0,0,0,0,0,0,0,0,0,1,3,0,256,0
8103,277409,0,0,6,0,0,0,0,0,0,0,0,0,1038,0,0,96,0,0,0,0,0,0,0,0,0,0,0,1,3,0,256,0
8104,277410,0,0,6,0,0,0,0,0,0,0,0,0,1044,0,0,97,0,0,0,0,0,0,0,0,0,0,0,1,3,0,256,0
8105,277411,0,0,6,0,0,0,0,0,0,0,0,0,1050,0,0,97,0,0,0,0,0,0,0,0,0,0,0,1,3,0,256,0
8106,277412,0,0,6,0,0,0,0,0,0,0,0,0,1056,0,0,98,0,0,0,0,0,0,0,0,0,0,0,1,3,0,256,0
8107,277413,0,0,6,0,0,0,0,0,0,0,0,0,1062,0,0,99,0,0,0,0,0,0,0,0,0,0,0,1,3,0,256,0
8108,277414,0,0,6,0,0,0,0,0,0,0,0,0,1068,0,0,99,0,0,0,0,0,0,0,0,0,0,0,1,3,0,256,0
8109,277415,0,0,6,0,0,0,0,0,0,0,0,0,1073,0,0,100,0,0,0,0,0,0,0,0,0,0,0,1,3,0,256,0
8110,277416,0,0,6,0,0,0,0,0,0,0,0,0,1079,0,0,100,0,0,0,0,0,0,0,0,0,0,0,1,3,0,256,0
8111,277417,0,0,6,0,0,0,0,0,0,0,0,0,1085,0,0,101,0,0,0,0,0,0,0,0,0,0,0,1,3,0,256,0
8112,277418,0,0,6,0,0,0,0,0,0,0,0,0,1091,0,0,101,0,0,0,0,0,0,0,0,0,0,0,1,3,0,256,0
8113,277419,0,0,6,0,0,0,0,0,0,0,0,0,1079,0,0,100,0,0,0,0,0,0,0,0,0,0,0,1,3,0,256,0
8114,277420,0,0,6,0,0,0,0,0,0,0,0,0,1085,0,0,101,0,0,0,0,0,0,0,0,0,0,0,1,3,0,256,0
8115,277421,0,0,6,0,0,0,0,0,0,0,0,0,1091,0,0,101,0,0,0,0,0,0,0,0,0,0,0,1,3,0,256,0
8116,277422,0,0,6,0,0,0,0,0,0,0,0,0,1097,0,0,102,0,0,0,0,0,0,0,0,0,0,0,1,3,0,256,0
8117,277423,0,0,6,0,0,0,0,0,0,0,0,0,1103,0,0,102,0,0,0,0,0,0,0,0,0,0,0,1,3,0,256,0
8118,277424,0,0,6,0,0,0,0,0,0,0,0,0,1108,0,0,103,0,0,0,0,0,0,0,0,0,0,0,1,3,0,256,0
8119,277425,0,0,6,0,0,0,0,0,0,0,0,0,1114,0,0,103,0,0,0,0,0,0,0,0,0,0,0,1,3,0,256,0
8120,277426,0,0,6,0,0,0,0,0,0,0,0,0,1120,0,0,104,0,0,0,0,0,0,0,0,0,0,0,1,3,0,256,0
8121,278100,0,0,1,0,0,0,0,0,0,0,0,0,14,0,0,1,0,0,0,0,0,0,0,0,0,0,0,1,3,0,192,0
8122,278101,0,0,1,0,0,0,0,0,0,0,0,0,28,0,0,3,0,0,0,0,0,0,0,0,0,0,0,1,3,0,192,0
8123,278102,0,0,1,0,0,0,0,0,0,0,0,0,42,0,0,4,0,0,0,0,0,0,0,0,0,0,0,1,3,0,192,0
8124,278103,0,0,1,0,0,0,0,0,0,0,0,0,56,0,0,5,0,0,0,0,0,0,0,0,0,0,0,1,3,0,192,0
8125,278104,0,0,1,0,0,0,0,0,0,0,0,0,70,0,0,7,0,0,0,0,0,0,0,0,0,0,0,1,3,0,192,0
8126,278105,0,0,1,0,0,0,0,0,0,0,0,0,84,0,0,8,0,0,0,0,0,0,0,0,0,0,0,1,3,0,192,0
8127,278106,0,0,1,0,0,0,0,0,0,0,0,0,98,0,0,9,0,0,0,0,0,0,0,0,0,0,0,1,3,0,192,0
8128,278107,0,0,1,0,0,0,0,0,0,0,0,0,112,0,0,10,0,0,0,0,0,0,0,0,0,0,0,1,3,0,192,0
8129,278108,0,0,1,0,0,0,0,0,0,0,0,0,126,0,0,12,0,0,0,0,0,0,0,0,0,0,0,1,3,0,192,0
8130,278109,0,0,1,0,0,0,0,0,0,0,0,0,140,0,0,13,0,0,0,0,0,0,0,0,0,0,0,1,3,0,192,0
8131,278110,0,0,1,0,0,0,0,0,0,0,0,0,154,0,0,14,0,0,0,0,0,0,0,0,0,0,0,1,3,0,192,0
8132,278111,0,0,1,0,0,0,0,0,0,0,0,0,126,0,0,12,0,0,0,0,0,0,0,0,0,0,0,1,3,0,192,0
8133,278112,0,0,1,0,0,0,0,0,0,0,0,0,140,0,0,13,0,0,0,0,0,0,0,0,0,0,0,1,3,0,192,0
8134,278113,0,0,1,0,0,0,0,0,0,0,0,0,154,0,0,14,0,0,0,0,0,0,0,0,0,0,0,1,3,0,192,0
8135,278114,0,0,1,0,0,0,0,0,0,0,0,0,168,0,0,16,0,0,0,0,0,0,0,0,0,0,0,1,3,0,192,0
8136,278115,0,0,1,0,0,0,0,0,0,0,0,0,182,0,0,17,0,0,0,0,0,0,0,0,0,0,0,1,3,0,192,0
8137,278116,0,0,1,0,0,0,0,0,0,0,0,0,196,0,0,18,0,0,0,0,0,0,0,0,0,0,0,1,3,0,192,0
8138,278117,0,0,1,0,0,0,0,0,0,0,0,0,210,0,0,20,0,0,0,0,0,0,0,0,0,0,0,1,3,0,192,0
8139,278118,0,0,1,0,0,0,0,0,0,0,0,0,224,0,0,21,0,0,0,0,0,0,0,0,0,0,0,1,3,0,192,0
8140,278119,0,0,1,0,0,0,0,0,0,0,0,0,238,0,0,22,0,0,0,0,0,0,0,0,0,0,0,1,3,0,192,0
8141,278120,0,0,1,0,0,0,0,0,0,0,0,0,252,0,0,23,0,0,0,0,0,0,0,0,0,0,0,1,3,0,192,0
8142,278121,0,0,1,0,0,0,0,0,0,0,0,0,266,0,0,25,0,0,0,0,0,0,0,0,0,0,0,1,3,0,192,0
8143,278122,0,0,1,0,0,0,0,0,0,0,0,0,238,0,0,22,0,0,0,0,0,0,0,0,0,0,0,1,3,0,192,0
8144,278123,0,0,1,0,0,0,0,0,0,0,0,0,252,0,0,23,0,0,0,0,0,0,0,0,0,0,0,1,3,0,192,0
8145,278124,0,0,1,0,0,0,0,0,0,0,0,0,266,1830653260,2136481466,-612663593,1621081332,0,0,0,0,0,0,0,0,0,0,1,3,0,192,0
8146,278125,0,0,1,0,0,0,0,0,0,0,0,0,280,0,0,26,0,0,0,0,0,0,0,0,0,0,0,1,3,0,192,0
8147,278126,0,0,1,0,0,0,0,0,0,0,0,0,294,0,0,27,0,0,0,0,0,0,0,0,0,0,0,1,3,0,192,0
8148,278127,0,0,1,0,0,0,0,0,0,0,0,0,308,0,0,29,0,0,0,0,0,0,0,0,0,0,0,1,3,0,192,0
8149,278128,0,0,1,0,0,0,0,0,0,0,0,0,322,0,0,30,0,0,0,0,0,0,0,0,0,0,0,1,3,0,192,0
8150,278129,0,0,1,0,0,0,0,0,0,0,0,0,336,0,0,31,0,0,0,0,0,0,0,0,0,0,0,1,3,0,192,0
8151,278130,0,0,1,0,0,0,0,0,0,0,0,0,350,0,0,33,0,0,0,0,0,0,0,0,0,0,0,1,3,0,192,0
8152,278131,0,0,1,0,0,0,0,0,0,0,0,0,364,0,0,34,0,0,0,0,0,0,0,0,0,0,0,1,3,0,192,0
8153,278132,0,0,1,0,0,0,0,0,0,0,0,0,378,0,0,35,0,0,0,0,0,0,0,0,0,0,0,1,3,0,192,0
8154,278133,0,0,2,0,0,0,0,0,0,0,0,0,350,0,0,33,0,0,0,0,0,0,0,0,0,0,0,1,3,0,192,0
8155,278134,0,0,2,0,0,0,0,0,0,0,0,0,364,0,0,34,0,0,0,0,0,0,0,0,0,0,0,1,3,0,192,0
8156,278135,0,0,2,0,0,0,0,0,0,0,0,0,378,0,0,35,0,0,0,0,0,0,0,0,0,0,0,1,3,0,192,0
8157,278136,0,0,2,0,0,0,0,0,0,0,0,0,392,0,0,36,0,0,0,0,0,0,0,0,0,0,0,1,3,0,192,0
8158,278137,0,0,2,0,0,0,0,0,0,0,0,0,406,0,0,38,0,0,0,0,0,0,0,0,0,0,0,1,3,0,192,0
8159,278138,0,0,2,0,0,0,0,0,0,0,0,0,420,0,0,39,0,0,0,0,0,0,0,0,0,0,0,1,3,0,192,0
8160,278139,0,0,2,0,0,0,0,0,0,0,0,0,434,0,0,40,0,0,0,0,0,0,0,0,0,0,0,1,3,0,192,0
8161,278140,0,0,2,0,0,0,0,0,0,0,0,0,448,0,0,42,0,0,0,0,0,0,0,0,0,0,0,1,3,0,192,0
8162,278141,0,0,2,0,0,0,0,0,0,0,0,0,462,0,0,43,0,0,0,0,0,0,0,0,0,0,0,1,3,0,192,0
8163,278142,0,0,2,0,0,0,0,0,0,0,0,0,476,0,0,44,0,0,0,0,0,0,0,0,0,0,0,1,3,0,192,0
8164,278143,0,0,2,0,0,0,0,0,0,0,0,0,490,0,0,46,0,0,0,0,0,0,0,0,0,0,0,1,3,0,192,0
8165,278144,0,0,2,0,0,0,0,0,0,0,0,0,462,0,0,43,0,0,0,0,0,0,0,0,0,0,0,1,3,0,192,0
8166,278145,0,0,2,0,0,0,0,0,0,0,0,0,476,0,0,44,0,0,0,0,0,0,0,0,0,0,0,1,3,0,192,0
8167,278146,0,0,2,0,0,0,0,0,0,0,0,0,490,0,0,46,0,0,0,0,0,0,0,0,0,0,0,1,3,0,192,0
8168,278147,0,0,2,0,0,0,0,0,0,0,0,0,504,0,0,47,0,0,0,0,0,0,0,0,0,0,0,1,3,0,192,0
8169,278148,0,0,2,0,0,0,0,0,0,0,0,0,518,0,0,48,0,0,0,0,0,0,0,0,0,0,0,1,3,0,192,0
8170,278149,0,0,2,0,0,0,0,0,0,0,0,0,532,0,0,49,0,0,0,0,0,0,0,0,0,0,0,1,3,0,192,0
8171,278150,0,0,2,0,0,0,0,0,0,0,0,0,546,0,0,51,0,0,0,0,0,0,0,0,0,0,0,1,3,0,192,0
8172,278151,0,0,2,0,0,0,0,0,0,0,0,0,560,0,0,52,0,0,0,0,0,0,0,0,0,0,0,1,3,0,192,0
8173,278152,0,0,2,0,0,0,0,0,0,0,0,0,574,0,0,53,0,0,0,0,0,0,0,0,0,0,0,1,3,0,192,0
8174,278153,0,0,2,0,0,0,0,0,0,0,0,0,588,0,0,55,0,0,0,0,0,0,0,0,0,0,0,1,3,0,192,0
8175,278154,0,0,2,0,0,0,0,0,0,0,0,0,602,0,0,56,0,0,0,0,0,0,0,0,0,0,0,1,3,0,192,0
8176,278155,0,0,2,0,0,0,0,0,0,0,0,0,574,0,0,53,0,0,0,0,0,0,0,0,0,0,0,1,3,0,192,0
8177,278156,0,0,2,0,0,0,0,0,0,0,0,0,588,0,0,55,0,0,0,0,0,0,0,0,0,0,0,1,3,0,192,0
8178,278157,0,0,2,0,0,0,0,0,0,0,0,0,602,0,0,56,0,0,0,0,0,0,0,0,0,0,0,1,3,0,192,0
8179,278158,0,0,2,0,0,0,0,0,0,0,0,0,616,0,0,57,0,0,0,0,0,0,0,0,0,0,0,1,3,0,192,0
8180,278159,0,0,2,0,0,0,0,0,0,0,0,0,630,0,0,59,0,0,0,0,0,0,0,0,0,0,0,1,3,0,192,0
8181,278160,0,0,2,0,0,0,0,0,0,0,0,0,644,0,0,60,0,0,0,0,0,0,0,0,0,0,0,1,3,0,192,0
8182,278161,0,0,2,0,0,0,0,0,0,0,0,0,658,0,0,61,0,0,0,0,0,0,0,0,0,0,0,1,3,0,192,0
8183,278162,0,0,2,0,0,0,0,0,0,0,0,0,672,0,0,62,0,0,0,0,0,0,0,0,0,0,0,1,3,0,192,0
8184,278163,0,0,2,0,0,0,0,0,0,0,0,0,686,0,0,64,0,0,0,0,0,0,0,0,0,0,0,1,3,0,192,0
8185,278164,0,0,2,0,0,0,0,0,0,0,0,0,700,0,0,65,0,0,0,0,0,0,0,0,0,0,0,1,3,0,192,0
8186,278165,0,0,2,0,0,0,0,0,0,0,0,0,714,0,0,66,0,0,0,0,0,0,0,0,0,0,0,1,3,0,192,0
8187,278166,0,0,3,0,0,0,0,0,0,0,0,0,686,0,0,64,0,0,0,0,0,0,0,0,0,0,0,1,3,0,192,0
8188,278167,0,0,3,0,0,0,0,0,0,0,0,0,700,0,0,65,0,0,0,0,0,0,0,0,0,0,0,1,3,0,192,0
8189,278168,0,0,3,0,0,0,0,0,0,0,0,0,714,0,0,66,0,0,0,0,0,0,0,0,0,0,0,1,3,0,192,0
8190,278169,0,0,3,0,0,0,0,0,0,0,0,0,728,0,0,68,0,0,0,0,0,0,0,0,0,0,0,1,3,0,192,0
8191,278170,0,0,3,0,0,0,0,0,0,0,0,0,742,0,0,69,0,0,0,0,0,0,0,0,0,0,0,1,3,0,192,0
8192,278171,0,0,3,0,0,0,0,0,0,0,0,0,756,0,0,70,0,0,0,0,0,0,0,0,0,0,0,1,3,0,192,0
8193,278172,0,0,3,0,0,0,0,0,0,0,0,0,770,0,0,72,0,0,0,0,0,0,0,0,0,0,0,1,3,0,192,0
8194,278173,0,0,3,0,0,0,0,0,0,0,0,0,784,0,0,73,0,0,0,0,0,0,0,0,0,0,0,1,3,0,192,0
8195,278174,0,0,3,0,0,0,0,0,0,0,0,0,798,0,0,74,0,0,0,0,0,0,0,0,0,0,0,1,3,0,192,0
8196,278175,0,0,3,0,0,0,0,0,0,0,0,0,812,0,0,75,0,0,0,0,0,0,0,0,0,0,0,1,3,0,192,0
8197,278176,0,0,3,0,0,0,0,0,0,0,0,0,826,0,0,77,0,0,0,0,0,0,0,0,0,0,0,1,3,0,192,0
8198,278177,0,0,3,0,0,0,0,0,0,0,0,0,798,0,0,74,0,0,0,0,0,0,0,0,0,0,0,1,3,0,192,0
8199,278178,0,0,3,0,0,0,0,0,0,0,0,0,812,0,0,75,0,0,0,0,0,0,0,0,0,0,0,1,3,0,192,0
8200,278179,0,0,3,0,0,0,0,0,0,0,0,0,826,0,0,77,0,0,0,0,0,0,0,0,0,0,0,1,3,0,192,0
8201,278180,0,0,3,0,0,0,0,0,0,0,0,0,840,0,0,78,0,0,0,0,0,0,0,0,0,0,0,1,3,0,192,0
8202,278181,0,0,3,0,0,0,0,0,0,0,0,0,859,0,0,80,0,0,0,0,0,0,0,0,0,0,0,1,3,0,192,0
8203,278182,0,0,3,0,0,0,0,0,0,0,0,0,877,0,0,81,0,0,0,0,0,0,0,0,0,0,0,1,3,0,192,0
8204,278183,0,0,3,0,0,0,0,0,0,0,0,0,896,0,0,83,0,0,0,0,0,0,0,0,0,0,0,1,3,0,192,0
8205,278184,0,0,3,0,0,0,0,0,0,0,0,0,915,0,0,85,0,0,0,0,0,0,0,0,0,0,0,1,3,0,192,0
8206,278185,0,0,3,0,0,0,0,0,0,0,0,0,933,0,0,87,0,0,0,0,0,0,0,0,0,0,0,1,3,0,192,0
8207,278186,0,0,3,0,0,0,0,0,0,0,0,0,952,0,0,88,0,0,0,0,0,0,0,0,0,0,0,1,3,0,192,0
8208,278187,0,0,3,0,0,0,0,0,0,0,0,0,971,0,0,90,0,0,0,0,0,0,0,0,0,0,0,1,3,0,192,0
8209,278188,0,0,3,0,0,0,0,0,0,0,0,0,933,0,0,87,0,0,0,0,0,0,0,0,0,0,0,1,3,0,192,0
8210,278189,0,0,3,0,0,0,0,0,0,0,0,0,952,0,0,88,0,0,0,0,0,0,0,0,0,0,0,1,3,0,192,0
8211,278190,0,0,3,0,0,0,0,0,0,0,0,0,971,0,0,90,0,0,0,0,0,0,0,0,0,0,0,1,3,0,192,0
8212,278191,0,0,3,0,0,0,0,0,0,0,0,0,989,0,0,92,0,0,0,0,0,0,0,0,0,0,0,1,3,0,192,0
8213,278192,0,0,3,0,0,0,0,0,0,0,0,0,1008,0,0,94,0,0,0,0,0,0,0,0,0,0,0,1,3,0,192,0
8214,278193,0,0,3,0,0,0,0,0,0,0,0,0,1027,0,0,95,0,0,0,0,0,0,0,0,0,0,0,1,3,0,192,0
8215,278194,0,0,3,0,0,0,0,0,0,0,0,0,1045,0,0,97,0,0,0,0,0,0,0,0,0,0,0,1,3,0,192,0
8216,278195,0,0,3,0,0,0,0,0,0,0,0,0,1064,0,0,99,0,0,0,0,0,0,0,0,0,0,0,1,3,0,192,0
8217,278196,0,0,3,0,0,0,0,0,0,0,0,0,1083,0,0,101,0,0,0,0,0,0,0,0,0,0,0,1,3,0,192,0
8218,278197,0,0,3,0,0,0,0,0,0,0,0,0,1101,0,0,102,0,0,0,0,0,0,0,0,0,0,0,1,3,0,192,0
8219,278198,0,0,3,0,0,0,0,0,0,0,0,0,1120,0,0,104,0,0,0,0,0,0,0,0,0,0,0,1,3,0,192,0
8220,278199,0,0,4,0,0,0,0,0,0,0,0,0,1083,0,0,101,0,0,0,0,0,0,0,0,0,0,0,1,3,0,192,0
8221,278200,0,0,4,0,0,0,0,0,0,0,0,0,1101,0,0,102,0,0,0,0,0,0,0,0,0,0,0,1,3,0,192,0
8222,278201,0,0,4,0,0,0,0,0,0,0,0,0,1120,0,0,104,0,0,0,0,0,0,0,0,0,0,0,1,3,0,192,0
8223,278202,0,0,4,0,0,0,0,0,0,0,0,0,1139,0,0,106,0,0,0,0,0,0,0,0,0,0,0,1,3,0,192,0
8224,278203,0,0,4,0,0,0,0,0,0,0,0,0,1157,0,0,107,0,0,0,0,0,0,0,0,0,0,0,1,3,0,192,0
8225,278204,0,0,4,0,0,0,0,0,0,0,0,0,1176,0,0,109,0,0,0,0,0,0,0,0,0,0,0,1,3,0,192,0
8226,278205,0,0,4,0,0,0,0,0,0,0,0,0,1195,0,0,111,0,0,0,0,0,0,0,0,0,0,0,1,3,0,192,0
8227,278206,0,0,4,0,0,0,0,0,0,0,0,0,1213,0,0,113,0,0,0,0,0,0,0,0,0,0,0,1,3,0,192,0
8228,278207,0,0,4,0,0,0,0,0,0,0,0,0,1232,0,0,114,0,0,0,0,0,0,0,0,0,0,0,1,3,0,192,0
8229,278208,0,0,4,0,0,0,0,0,0,0,0,0,1251,0,0,116,0,0,0,0,0,0,0,0,0,0,0,1,3,0,192,0
8230,278209,0,0,4,0,0,0,0,0,0,0,0,0,1269,0,0,118,0,0,0,0,0,0,0,0,0,0,0,1,3,0,192,0
8231,278210,0,0,4,0,0,0,0,0,0,0,0,0,1232,0,0,114,0,0,0,0,0,0,0,0,0,0,0,1,3,0,192,0
8232,278211,0,0,4,0,0,0,0,0,0,0,0,0,1251,0,0,116,0,0,0,0,0,0,0,0,0,0,0,1,3,0,192,0
8233,278212,0,0,4,0,0,0,0,0,0,0,0,0,1269,0,0,118,0,0,0,0,0,0,0,0,0,0,0,1,3,0,192,0
8234,278213,0,0,4,0,0,0,0,0,0,0,0,0,1288,0,0,120,0,0,0,0,0,0,0,0,0,0,0,1,3,0,192,0
8235,278214,0,0,4,0,0,0,0,0,0,0,0,0,1307,0,0,121,0,0,0,0,0,0,0,0,0,0,0,1,3,0,192,0
8236,278215,0,0,4,0,0,0,0,0,0,0,0,0,1325,0,0,123,0,0,0,0,0,0,0,0,0,0,0,1,3,0,192,0
8237,278216,0,0,4,0,0,0,0,0,0,0,0,0,1344,0,0,125,0,0,0,0,0,0,0,0,0,0,0,1,3,0,192,0
8238,278217,0,0,4,0,0,0,0,0,0,0,0,0,1363,0,0,127,0,0,0,0,0,0,0,0,0,0,0,1,3,0,192,0
8239,278218,0,0,4,0,0,0,0,0,0,0,0,0,1381,0,0,128,0,0,0,0,0,0,0,0,0,0,0,1,3,0,192,0
8240,278219,0,0,4,0,0,0,0,0,0,0,0,0,1400,0,0,130,0,0,0,0,0,0,0,0,0,0,0,1,3,0,192,0
8241,278220,0,0,4,0,0,0,0,0,0,0,0,0,1419,0,0,132,0,0,0,0,0,0,0,0,0,0,0,1,3,0,192,0
8242,278221,0,0,4,0,0,0,0,0,0,0,0,0,1381,0,0,128,0,0,0,0,0,0,0,0,0,0,0,1,3,0,192,0
8243,278222,0,0,4,0,0,0,0,0,0,0,0,0,1400,0,0,130,0,0,0,0,0,0,0,0,0,0,0,1,3,0,192,0
8244,278223,0,0,4,0,0,0,0,0,0,0,0,0,1419,0,0,132,0,0,0,0,0,0,0,0,0,0,0,1,3,0,192,0
8245,278224,0,0,4,0,0,0,0,0,0,0,0,0,1437,0,0,133,0,0,0,0,0,0,0,0,0,0,0,1,3,0,192,0
8246,278225,0,0,4,0,0,0,0,0,0,0,0,0,1456,0,0,135,0,0,0,0,0,0,0,0,0,0,0,1,3,0,192,0
8247,278226,0,0,4,0,0,0,0,0,0,0,0,0,1475,0,0,137,0,0,0,0,0,0,0,0,0,0,0,1,3,0,192,0
8248,278227,0,0,4,0,0,0,0,0,0,0,0,0,1493,0,0,139,0,0,0,0,0,0,0,0,0,0,0,1,3,0,192,0
8249,278228,0,0,4,0,0,0,0,0,0,0,0,0,1512,0,0,140,0,0,0,0,0,0,0,0,0,0,0,1,3,0,192,0
8250,278229,0,0,4,0,0,0,0,0,0,0,0,0,1531,0,0,142,0,0,0,0,0,0,0,0,0,0,0,1,3,0,192,0
8251,278230,0,0,4,0,0,0,0,0,0,0,0,0,1549,0,0,144,0,0,0,0,0,0,0,0,0,0,0,1,3,0,192,0
8252,278231,0,0,4,0,0,0,0,0,0,0,0,0,1568,0,0,146,0,0,0,0,0,0,0,0,0,0,0,1,3,0,192,0
8253,278232,0,0,5,0,0,0,0,0,0,0,0,0,1531,0,0,142,0,0,0,0,0,0,0,0,0,0,0,1,3,0,192,0
8254,278233,0,0,5,0,0,0,0,0,0,0,0,0,1549,0,0,144,0,0,0,0,0,0,0,0,0,0,0,1,3,0,192,0
8255,278234,0,0,5,0,0,0,0,0,0,0,0,0,1568,0,0,146,0,0,0,0,0,0,0,0,0,0,0,1,3,0,192,0
8256,278235,0,0,5,0,0,0,0,0,0,0,0,0,1587,0,0,147,0,0,0,0,0,0,0,0,0,0,0,1,3,0,192,0
8257,278236,0,0,5,0,0,0,0,0,0,0,0,0,1605,0,0,149,0,0,0,0,0,0,0,0,0,0,0,1,3,0,192,0
8258,278237,0,0,5,0,0,0,0,0,0,0,0,0,1624,0,0,151,0,0,0,0,0,0,0,0,0,0,0,1,3,0,192,0
8259,278238,0,0,5,0,0,0,0,0,0,0,0,0,1643,0,0,153,0,0,0,0,0,0,0,0,0,0,0,1,3,0,192,0
8260,278239,0,0,5,0,0,0,0,0,0,0,0,0,1661,0,0,154,0,0,0,0,0,0,0,0,0,0,0,1,3,0,192,0
8261,278240,0,0,5,0,0,0,0,0,0,0,0,0,1680,0,0,156,0,0,0,0,0,0,0,0,0,0,0,1,3,0,192,0
8262,278241,0,0,5,0,0,0,0,0,0,0,0,0,1699,0,0,158,0,0,0,0,0,0,0,0,0,0,0,1,3,0,192,0
8263,278242,0,0,5,0,0,0,0,0,0,0,0,0,1717,0,0,159,0,0,0,0,0,0,0,0,0,0,0,1,3,0,192,0
8264,278243,0,0,5,0,0,0,0,0,0,0,0,0,1680,0,0,156,0,0,0,0,0,0,0,0,0,0,0,1,3,0,192,0
8265,278244,0,0,5,0,0,0,0,0,0,0,0,0,1699,0,0,158,0,0,0,0,0,0,0,0,0,0,0,1,3,0,192,0
8266,278245,0,0,5,0,0,0,0,0,0,0,0,0,1717,0,0,159,0,0,0,0,0,0,0,0,0,0,0,1,3,0,192,0
8267,278246,0,0,5,0,0,0,0,0,0,0,0,0,1736,0,0,161,0,0,0,0,0,0,0,0,0,0,0,1,3,0,192,0
8268,278247,0,0,5,0,0,0,0,0,0,0,0,0,1755,0,0,163,0,0,0,0,0,0,0,0,0,0,0,1,3,0,192,0
8269,278248,0,0,5,0,0,0,0,0,0,0,0,0,1773,0,0,165,0,0,0,0,0,0,0,0,0,0,0,1,3,0,192,0
8270,278249,0,0,5,0,0,0,0,0,0,0,0,0,1792,0,0,166,0,0,0,0,0,0,0,0,0,0,0,1,3,0,192,0
8271,278250,0,0,5,0,0,0,0,0,0,0,0,0,1811,0,0,168,0,0,0,0,0,0,0,0,0,0,0,1,3,0,192,0
8272,278251,0,0,5,0,0,0,0,0,0,0,0,0,1829,0,0,170,0,0,0,0,0,0,0,0,0,0,0,1,3,0,192,0
8273,278252,0,0,5,0,0,0,0,0,0,0,0,0,1848,0,0,172,0,0,0,0,0,0,0,0,0,0,0,1,3,0,192,0
8274,278253,0,0,5,0,0,0,0,0,0,0,0,0,1867,0,0,173,0,0,0,0,0,0,0,0,0,0,0,1,3,0,192,0
8275,278254,0,0,5,0,0,0,0,0,0,0,0,0,1829,0,0,170,0,0,0,0,0,0,0,0,0,0,0,1,3,0,192,0
8276,278255,0,0,5,0,0,0,0,0,0,0,0,0,1848,0,0,172,0,0,0,0,0,0,0,0,0,0,0,1,3,0,192,0
8277,278256,0,0,5,0,0,0,0,0,0,0,0,0,1867,0,0,173,0,0,0,0,0,0,0,0,0,0,0,1,3,0,192,0
8278,278257,0,0,5,0,0,0,0,0,0,0,0,0,1885,0,0,175,0,0,0,0,0,0,0,0,0,0,0,1,3,0,192,0
8279,278258,0,0,5,0,0,0,0,0,0,0,0,0,1904,0,0,177,0,0,0,0,0,0,0,0,0,0,0,1,3,0,192,0
8280,278259,0,0,5,0,0,0,0,0,0,0,0,0,1923,0,0,179,0,0,0,0,0,0,0,0,0,0,0,1,3,0,192,0
8281,278260,0,0,5,0,0,0,0,0,0,0,0,0,1941,0,0,180,0,0,0,0,0,0,0,0,0,0,0,1,3,0,192,0
8282,278261,0,0,5,0,0,0,0,0,0,0,0,0,1960,0,0,182,0,0,0,0,0,0,0,0,0,0,0,1,3,0,192,0
8283,278262,0,0,5,0,0,0,0,0,0,0,0,0,1979,0,0,184,0,0,0,0,0,0,0,0,0,0,0,1,3,0,192,0
8284,278263,0,0,5,0,0,0,0,0,0,0,0,0,1997,0,0,185,0,0,0,0,0,0,0,0,0,0,0,1,3,0,192,0
8285,278264,0,0,5,0,0,0,0,0,0,0,0,0,2016,0,0,187,0,0,0,0,0,0,0,0,0,0,0,1,3,0,192,0
8286,278265,0,0,5,0,0,0,0,0,0,0,0,0,1979,0,0,184,0,0,0,0,0,0,0,0,0,0,0,1,3,0,192,0
8287,278266,0,0,5,0,0,0,0,0,0,0,0,0,1997,0,0,185,0,0,0,0,0,0,0,0,0,0,0,1,3,0,192,0
8288,278267,0,0,5,0,0,0,0,0,0,0,0,0,2016,0,0,187,0,0,0,0,0,0,0,0,0,0,0,1,3,0,192,0
8289,278268,0,0,5,0,0,0,0,0,0,0,0,0,2035,0,0,189,0,0,0,0,0,0,0,0,0,0,0,1,3,0,192,0
8290,278269,0,0,5,0,0,0,0,0,0,0,0,0,2053,0,0,191,0,0,0,0,0,0,0,0,0,0,0,1,3,0,192,0
8291,278270,0,0,5,0,0,0,0,0,0,0,0,0,2072,0,0,192,0,0,0,0,0,0,0,0,0,0,0,1,3,0,192,0
8292,278271,0,0,5,0,0,0,0,0,0,0,0,0,2091,0,0,194,0,0,0,0,0,0,0,0,0,0,0,1,3,0,192,0
8293,278272,0,0,5,0,0,0,0,0,0,0,0,0,2109,0,0,196,0,0,0,0,0,0,0,0,0,0,0,1,3,0,192,0
8294,278273,0,0,5,0,0,0,0,0,0,0,0,0,2128,0,0,198,0,0,0,0,0,0,0,0,0,0,0,1,3,0,192,0
8295,278274,0,0,5,0,0,0,0,0,0,0,0,0,2147,0,0,199,0,0,0,0,0,0,0,0,0,0,0,1,3,0,192,0
8296,278275,0,0,5,0,0,0,0,0,0,0,0,0,2165,0,0,201,0,0,0,0,0,0,0,0,0,0,0,1,3,0,192,0
8297,278276,0,0,5,0,0,0,0,0,0,0,0,0,2128,0,0,198,0,0,0,0,0,0,0,0,0,0,0,1,3,0,192,0
8298,278277,0,0,5,0,0,0,0,0,0,0,0,0,2147,0,0,199,0,0,0,0,0,0,0,0,0,0,0,1,3,0,192,0
8299,278278,0,0,5,0,0,0,0,0,0,0,0,0,2165,0,0,201,0,0,0,0,0,0,0,0,0,0,0,1,3,0,192,0
8300,278279,0,0,5,0,0,0,0,0,0,0,0,0,2184,0,0,203,0,0,0,0,0,0,0,0,0,0,0,1,3,0,192,0
8301,278280,0,0,5,0,0,0,0,0,0,0,0,0,2203,0,0,205,0,0,0,0,0,0,0,0,0,0,0,1,3,0,192,0
8302,278281,0,0,5,0,0,0,0,0,0,0,0,0,2221,0,0,206,0,0,0,0,0,0,0,0,0,0,0,1,3,0,192,0
8303,278282,0,0,5,0,0,0,0,0,0,0,0,0,2240,0,0,208,0,0,0,0,0,0,0,0,0,0,0,1,3,0,192,0
8304,278283,0,0,5,0,0,0,0,0,0,0,0,0,2259,0,0,210,0,0,0,0,0,0,0,0,0,0,0,1,3,0,192,0
8305,278284,0,0,5,0,0,0,0,0,0,0,0,0,2277,0,0,211,0,0,0,0,0,0,0,0,0,0,0,1,3,0,192,0
8306,278285,0,0,5,0,0,0,0,0,0,0,0,0,2296,0,0,213,0,0,0,0,0,0,0,0,0,0,0,1,3,0,192,0
8307,278286,0,0,5,0,0,0,0,0,0,0,0,0,2315,0,0,215,0,0,0,0,0,0,0,0,0,0,0,1,3,0,192,0
8308,278287,0,0,5,0,0,0,0,0,0,0,0,0,2277,0,0,211,0,0,0,0,0,0,0,0,0,0,0,1,3,0,192,0
8309,278288,0,0,5,0,0,0,0,0,0,0,0,0,2296,0,0,213,0,0,0,0,0,0,0,0,0,0,0,1,3,0,192,0
8310,278289,0,0,5,0,0,0,0,0,0,0,0,0,2315,0,0,215,0,0,0,0,0,0,0,0,0,0,0,1,3,0,192,0
8311,278290,0,0,5,0,0,0,0,0,0,0,0,0,2333,0,0,217,0,0,0,0,0,0,0,0,0,0,0,1,3,0,192,0
8312,278291,0,0,5,0,0,0,0,0,0,0,0,0,2352,0,0,218,0,0,0,0,0,0,0,0,0,0,0,1,3,0,192,0
8313,278292,0,0,5,0,0,0,0,0,0,0,0,0,2371,0,0,220,0,0,0,0,0,0,0,0,0,0,0,1,3,0,192,0
8314,278293,0,0,5,0,0,0,0,0,0,0,0,0,2389,0,0,222,0,0,0,0,0,0,0,0,0,0,0,1,3,0,192,0
8315,278294,0,0,5,0,0,0,0,0,0,0,0,0,2408,0,0,224,0,0,0,0,0,0,0,0,0,0,0,1,3,0,192,0
8316,278295,0,0,5,0,0,0,0,0,0,0,0,0,2427,0,0,225,0,0,0,0,0,0,0,0,0,0,0,1,3,0,192,0
8317,278296,0,0,5,0,0,0,0,0,0,0,0,0,2445,0,0,227,0,0,0,0,0,0,0,0,0,0,0,1,3,0,192,0
8318,278297,0,0,5,0,0,0,0,0,0,0,0,0,2464,0,0,229,0,0,0,0,0,0,0,0,0,0,0,1,3,0,192,0
8319,278298,0,0,5,0,0,0,0,0,0,0,0,0,2427,0,0,225,0,0,0,0,0,0,0,0,0,0,0,1,3,0,192,0
8320,278299,0,0,5,0,0,0,0,0,0,0,0,0,2445,0,0,227,0,0,0,0,0,0,0,0,0,0,0,1,3,0,192,0
8321,278300,0,0,5,0,0,0,0,0,0,0,0,0,2464,0,0,229,0,0,0,0,0,0,0,0,0,0,0,1,3,0,192,0
8322,278301,0,0,5,0,0,0,0,0,0,0,0,0,2483,0,0,231,0,0,0,0,0,0,0,0,0,0,0,1,3,0,192,0
8323,278302,0,0,5,0,0,0,0,0,0,0,0,0,2501,0,0,232,0,0,0,0,0,0,0,0,0,0,0,1,3,0,192,0
8324,278303,0,0,5,0,0,0,0,0,0,0,0,0,2520,0,0,234,0,0,0,0,0,0,0,0,0,0,0,1,3,0,192,0
8325,278304,0,0,5,0,0,0,0,0,0,0,0,0,2539,0,0,236,0,0,0,0,0,0,0,0,0,0,0,1,3,0,192,0
8326,278305,0,0,5,0,0,0,0,0,0,0,0,0,2557,0,0,237,0,0,0,0,0,0,0,0,0,0,0,1,3,0,192,0
8327,278306,0,0,5,0,0,0,0,0,0,0,0,0,2576,0,0,239,0,0,0,0,0,0,0,0,0,0,0,1,3,0,192,0
8328,278307,0,0,5,0,0,0,0,0,0,0,0,0,2595,0,0,241,0,0,0,0,0,0,0,0,0,0,0,1,3,0,192,0
8329,278308,0,0,5,0,0,0,0,0,0,0,0,0,2613,0,0,243,0,0,0,0,0,0,0,0,0,0,0,1,3,0,192,0
8330,278309,0,0,5,0,0,0,0,0,0,0,0,0,2576,0,0,239,0,0,0,0,0,0,0,0,0,0,0,1,3,0,192,0
8331,278310,0,0,5,0,0,0,0,0,0,0,0,0,2595,0,0,241,0,0,0,0,0,0,0,0,0,0,0,1,3,0,192,0
8332,278311,0,0,5,0,0,0,0,0,0,0,0,0,2613,0,0,243,0,0,0,0,0,0,0,0,0,0,0,1,3,0,192,0
8333,278312,0,0,5,0,0,0,0,0,0,0,0,0,2632,0,0,244,0,0,0,0,0,0,0,0,0,0,0,1,3,0,192,0
8334,278313,0,0,5,0,0,0,0,0,0,0,0,0,2651,0,0,246,0,0,0,0,0,0,0,0,0,0,0,1,3,0,192,0
8335,278314,0,0,5,0,0,0,0,0,0,0,0,0,2669,0,0,248,0,0,0,0,0,0,0,0,0,0,0,1,3,0,192,0
8336,278315,0,0,5,0,0,0,0,0,0,0,0,0,2688,0,0,250,0,0,0,0,0,0,0,0,0,0,0,1,3,0,192,0
8337,278316,0,0,5,0,0,0,0,0,0,0,0,0,2707,0,0,251,0,0,0,0,0,0,0,0,0,0,0,1,3,0,192,0
8338,278317,0,0,5,0,0,0,0,0,0,0,0,0,2725,0,0,253,0,0,0,0,0,0,0,0,0,0,0,1,3,0,192,0
8339,278318,0,0,5,0,0,0,0,0,0,0,0,0,2744,0,0,255,0,0,0,0,0,0,0,0,0,0,0,1,3,0,192,0
8340,278319,0,0,5,0,0,0,0,0,0,0,0,0,2763,0,0,257,0,0,0,0,0,0,0,0,0,0,0,1,3,0,192,0
8341,278320,0,0,5,0,0,0,0,0,0,0,0,0,2725,0,0,253,0,0,0,0,0,0,0,0,0,0,0,1,3,0,192,0
8342,278321,0,0,5,0,0,0,0,0,0,0,0,0,2744,0,0,255,0,0,0,0,0,0,0,0,0,0,0,1,3,0,192,0
8343,278322,0,0,5,0,0,0,0,0,0,0,0,0,2763,0,0,257,0,0,0,0,0,0,0,0,0,0,0,1,3,0,192,0
8344,278323,0,0,5,0,0,0,0,0,0,0,0,0,2781,0,0,258,0,0,0,0,0,0,0,0,0,0,0,1,3,0,192,0
8345,278324,0,0,5,0,0,0,0,0,0,0,0,0,2800,0,0,260,0,0,0,0,0,0,0,0,0,0,0,1,3,0,192,0
8346,278325,0,0,5,0,0,0,0,0,0,0,0,0,2819,0,0,262,0,0,0,0,0,0,0,0,0,0,0,1,3,0,192,0
8347,278326,0,0,5,0,0,0,0,0,0,0,0,0,2837,0,0,263,0,0,0,0,0,0,0,0,0,0,0,1,3,0,192,0
8348,278327,0,0,5,0,0,0,0,0,0,0,0,0,2856,0,0,265,0,0,0,0,0,0,0,0,0,0,0,1,3,0,192,0
8349,278328,0,0,5,0,0,0,0,0,0,0,0,0,2875,0,0,267,0,0,0,0,0,0,0,0,0,0,0,1,3,0,192,0
8350,278329,0,0,5,0,0,0,0,0,0,0,0,0,2893,0,0,269,0,0,0,0,0,0,0,0,0,0,0,1,3,0,192,0
8351,278330,0,0,5,0,0,0,0,0,0,0,0,0,2912,0,0,270,0,0,0,0,0,0,0,0,0,0,0,1,3,0,192,0
8352,278331,0,0,5,0,0,0,0,0,0,0,0,0,2875,0,0,267,0,0,0,0,0,0,0,0,0,0,0,1,3,0,192,0
8353,278332,0,0,5,0,0,0,0,0,0,0,0,0,2893,0,0,269,0,0,0,0,0,0,0,0,0,0,0,1,3,0,192,0
8354,278333,0,0,5,0,0,0,0,0,0,0,0,0,2912,0,0,270,0,0,0,0,0,0,0,0,0,0,0,1,3,0,192,0
8355,278334,0,0,5,0,0,0,0,0,0,0,0,0,2931,0,0,272,0,0,0,0,0,0,0,0,0,0,0,1,3,0,192,0
8356,278335,0,0,5,0,0,0,0,0,0,0,0,0,2949,0,0,274,0,0,0,0,0,0,0,0,0,0,0,1,3,0,192,0
8357,278336,0,0,5,0,0,0,0,0,0,0,0,0,2968,0,0,276,0,0,0,0,0,0,0,0,0,0,0,1,3,0,192,0
8358,278337,0,0,5,0,0,0,0,0,0,0,0,0,2987,0,0,277,0,0,0,0,0,0,0,0,0,0,0,1,3,0,192,0
8359,278338,0,0,5,0,0,0,0,0,0,0,0,0,3005,0,0,279,0,0,0,0,0,0,0,0,0,0,0,1,3,0,192,0
8360,278339,0,0,5,0,0,0,0,0,0,0,0,0,3024,0,0,281,0,0,0,0,0,0,0,0,0,0,0,1,3,0,192,0
8361,278340,0,0,5,0,0,0,0,0,0,0,0,0,3043,0,0,283,0,0,0,0,0,0,0,0,0,0,0,1,3,0,192,0
8362,278341,0,0,5,0,0,0,0,0,0,0,0,0,3061,0,0,284,0,0,0,0,0,0,0,0,0,0,0,1,3,0,192,0
8363,278342,0,0,5,0,0,0,0,0,0,0,0,0,3024,0,0,281,0,0,0,0,0,0,0,0,0,0,0,1,3,0,192,0
8364,278343,0,0,5,0,0,0,0,0,0,0,0,0,3043,0,0,283,0,0,0,0,0,0,0,0,0,0,0,1,3,0,192,0
8365,278344,0,0,5,0,0,0,0,0,0,0,0,0,3061,0,0,284,0,0,0,0,0,0,0,0,0,0,0,1,3,0,192,0
8366,278345,0,0,5,0,0,0,0,0,0,0,0,0,3080,0,0,286,0,0,0,0,0,0,0,0,0,0,0,1,3,0,192,0
8367,278346,0,0,5,0,0,0,0,0,0,0,0,0,3103,0,0,288,0,0,0,0,0,0,0,0,0,0,0,1,3,0,192,0
8368,278347,0,0,5,0,0,0,0,0,0,0,0,0,3127,0,0,290,0,0,0,0,0,0,0,0,0,0,0,1,3,0,192,0
8369,278348,0,0,5,0,0,0,0,0,0,0,0,0,3150,0,0,293,0,0,0,0,0,0,0,0,0,0,0,1,3,0,192,0
8370,278349,0,0,5,0,0,0,0,0,0,0,0,0,3173,0,0,295,0,0,0,0,0,0,0,0,0,0,0,1,3,0,192,0
8371,278350,0,0,5,0,0,0,0,0,0,0,0,0,3197,0,0,297,0,0,0,0,0,0,0,0,0,0,0,1,3,0,192,0
8372,278351,0,0,5,0,0,0,0,0,0,0,0,0,3220,0,0,299,0,0,0,0,0,0,0,0,0,0,0,1,3,0,192,0
8373,278352,0,0,5,0,0,0,0,0,0,0,0,0,3243,0,0,301,0,0,0,0,0,0,0,0,0,0,0,1,3,0,192,0
8374,278353,0,0,5,0,0,0,0,0,0,0,0,0,3197,0,0,297,0,0,0,0,0,0,0,0,0,0,0,1,3,0,192,0
8375,278354,0,0,5,0,0,0,0,0,0,0,0,0,3220,0,0,299,0,0,0,0,0,0,0,0,0,0,0,1,3,0,192,0
8376,278355,0,0,5,0,0,0,0,0,0,0,0,0,3243,0,0,301,0,0,0,0,0,0,0,0,0,0,0,1,3,0,192,0
8377,278356,0,0,5,0,0,0,0,0,0,0,0,0,3267,0,0,303,0,0,0,0,0,0,0,0,0,0,0,1,3,0,192,0
8378,278357,0,0,5,0,0,0,0,0,0,0,0,0,3290,0,0,306,0,0,0,0,0,0,0,0,0,0,0,1,3,0,192,0
8379,278358,0,0,5,0,0,0,0,0,0,0,0,0,3313,0,0,308,0,0,0,0,0,0,0,0,0,0,0,1,3,0,192,0
8380,278359,0,0,5,0,0,0,0,0,0,0,0,0,3337,0,0,310,0,0,0,0,0,0,0,0,0,0,0,1,3,0,192,0
8381,278360,0,0,5,0,0,0,0,0,0,0,0,0,3360,0,0,312,0,0,0,0,0,0,0,0,0,0,0,1,3,0,192,0
8382,278361,0,0,5,0,0,0,0,0,0,0,0,0,3383,0,0,314,0,0,0,0,0,0,0,0,0,0,0,1,3,0,192,0
8383,278362,0,0,5,0,0,0,0,0,0,0,0,0,3407,0,0,316,0,0,0,0,0,0,0,0,0,0,0,1,3,0,192,0
8384,278363,0,0,5,0,0,0,0,0,0,0,0,0,3430,0,0,319,0,0,0,0,0,0,0,0,0,0,0,1,3,0,192,0
8385,278364,0,0,5,0,0,0,0,0,0,0,0,0,3383,0,0,314,0,0,0,0,0,0,0,0,0,0,0,1,3,0,192,0
8386,278365,0,0,5,0,0,0,0,0,0,0,0,0,3407,0,0,316,0,0,0,0,0,0,0,0,0,0,0,1,3,0,192,0
8387,278366,0,0,5,0,0,0,0,0,0,0,0,0,3430,0,0,319,0,0,0,0,0,0,0,0,0,0,0,1,3,0,192,0
8388,278367,0,0,5,0,0,0,0,0,0,0,0,0,3453,0,0,321,0,0,0,0,0,0,0,0,0,0,0,1,3,0,192,0
8389,278368,0,0,5,0,0,0,0,0,0,0,0,0,3477,0,0,323,0,0,0,0,0,0,0,0,0,0,0,1,3,0,192,0
8390,278369,0,0,5,0,0,0,0,0,0,0,0,0,3500,0,0,325,0,0,0,0,0,0,0,0,0,0,0,1,3,0,192,0
8391,278370,0,0,5,0,0,0,0,0,0,0,0,0,3523,0,0,327,0,0,0,0,0,0,0,0,0,0,0,1,3,0,192,0
8392,278371,0,0,6,0,0,0,0,0,0,0,0,0,3547,0,0,329,0,0,0,0,0,0,0,0,0,0,0,1,3,0,192,0
8393,278372,0,0,6,0,0,0,0,0,0,0,0,0,3570,0,0,332,0,0,0,0,0,0,0,0,0,0,0,1,3,0,192,0
8394,278373,0,0,6,0,0,0,0,0,0,0,0,0,3593,0,0,334,0,0,0,0,0,0,0,0,0,0,0,1,3,0,192,0
8395,278374,0,0,6,0,0,0,0,0,0,0,0,0,3617,0,0,336,0,0,0,0,0,0,0,0,0,0,0,1,3,0,192,0
8396,278375,0,0,6,0,0,0,0,0,0,0,0,0,3570,0,0,332,0,0,0,0,0,0,0,0,0,0,0,1,3,0,192,0
8397,278376,0,0,6,0,0,0,0,0,0,0,0,0,3593,0,0,334,0,0,0,0,0,0,0,0,0,0,0,1,3,0,192,0
8398,278377,0,0,6,0,0,0,0,0,0,0,0,0,3617,0,0,336,0,0,0,0,0,0,0,0,0,0,0,1,3,0,192,0
8399,278378,0,0,6,0,0,0,0,0,0,0,0,0,3640,0,0,338,0,0,0,0,0,0,0,0,0,0,0,1,3,0,192,0
8400,278379,0,0,6,0,0,0,0,0,0,0,0,0,3663,0,0,340,0,0,0,0,0,0,0,0,0,0,0,1,3,0,192,0
8401,278380,0,0,6,0,0,0,0,0,0,0,0,0,3687,0,0,342,0,0,0,0,0,0,0,0,0,0,0,1,3,0,192,0
8402,278381,0,0,6,0,0,0,0,0,0,0,0,0,3710,0,0,345,0,0,0,0,0,0,0,0,0,0,0,1,3,0,192,0
8403,278382,0,0,6,0,0,0,0,0,0,0,0,0,3733,0,0,347,0,0,0,0,0,0,0,0,0,0,0,1,3,0,192,0
8404,278383,0,0,6,0,0,0,0,0,0,0,0,0,3757,0,0,349,0,0,0,0,0,0,0,0,0,0,0,1,3,0,192,0
8405,278384,0,0,6,0,0,0,0,0,0,0,0,0,3780,0,0,351,0,0,0,0,0,0,0,0,0,0,0,1,3,0,192,0
8406,278385,0,0,6,0,0,0,0,0,0,0,0,0,3803,0,0,353,0,0,0,0,0,0,0,0,0,0,0,1,3,0,192,0
8407,278386,0,0,6,0,0,0,0,0,0,0,0,0,3757,0,0,349,0,0,0,0,0,0,0,0,0,0,0,1,3,0,192,0
8408,278387,0,0,6,0,0,0,0,0,0,0,0,0,3780,0,0,351,0,0,0,0,0,0,0,0,0,0,0,1,3,0,192,0
8409,278388,0,0,6,0,0,0,0,0,0,0,0,0,3803,0,0,353,0,0,0,0,0,0,0,0,0,0,0,1,3,0,192,0
8410,278389,0,0,6,0,0,0,0,0,0,0,0,0,3827,0,0,355,0,0,0,0,0,0,0,0,0,0,0,1,3,0,192,0
8411,278390,0,0,6,0,0,0,0,0,0,0,0,0,3850,0,0,358,0,0,0,0,0,0,0,0,0,0,0,1,3,0,192,0
8412,278391,0,0,6,0,0,0,0,0,0,0,0,0,3873,0,0,360,0,0,0,0,0,0,0,0,0,0,0,1,3,0,192,0
8413,278392,0,0,6,0,0,0,0,0,0,0,0,0,3897,0,0,362,0,0,0,0,0,0,0,0,0,0,0,1,3,0,192,0
8414,278393,0,0,6,0,0,0,0,0,0,0,0,0,3920,0,0,364,0,0,0,0,0,0,0,0,0,0,0,1,3,0,192,0
8415,278394,0,0,6,0,0,0,0,0,0,0,0,0,3943,0,0,366,0,0,0,0,0,0,0,0,0,0,0,1,3,0,192,0
8416,278395,0,0,6,0,0,0,0,0,0,0,0,0,3967,0,0,368,0,0,0,0,0,0,0,0,0,0,0,1,3,0,192,0
8417,278396,0,0,6,0,0,0,0,0,0,0,0,0,3990,0,0,371,0,0,0,0,0,0,0,0,0,0,0,1,3,0,192,0
8418,278397,0,0,6,0,0,0,0,0,0,0,0,0,3943,0,0,366,0,0,0,0,0,0,0,0,0,0,0,1,3,0,192,0
8419,278398,0,0,6,0,0,0,0,0,0,0,0,0,3967,0,0,368,0,0,0,0,0,0,0,0,0,0,0,1,3,0,192,0
8420,278399,0,0,6,0,0,0,0,0,0,0,0,0,3990,0,0,371,0,0,0,0,0,0,0,0,0,0,0,1,3,0,192,0
8421,278400,0,0,6,0,0,0,0,0,0,0,0,0,4013,0,0,373,0,0,0,0,0,0,0,0,0,0,0,1,3,0,192,0
8422,278401,0,0,6,0,0,0,0,0,0,0,0,0,4037,0,0,375,0,0,0,0,0,0,0,0,0,0,0,1,3,0,192,0
8423,278402,0,0,6,0,0,0,0,0,0,0,0,0,4060,0,0,377,0,0,0,0,0,0,0,0,0,0,0,1,3,0,192,0
8424,278403,0,0,6,0,0,0,0,0,0,0,0,0,4083,0,0,379,0,0,0,0,0,0,0,0,0,0,0,1,3,0,192,0
8425,278404,0,0,6,0,0,0,0,0,0,0,0,0,4107,0,0,381,0,0,0,0,0,0,0,0,0,0,0,1,3,0,192,0
8426,278405,0,0,6,0,0,0,0,0,0,0,0,0,4130,0,0,384,0,0,0,0,0,0,0,0,0,0,0,1,3,0,192,0
8427,278406,0,0,6,0,0,0,0,0,0,0,0,0,4153,0,0,386,0,0,0,0,0,0,0,0,0,0,0,1,3,0,192,0
8428,278407,0,0,6,0,0,0,0,0,0,0,0,0,4177,0,0,388,0,0,0,0,0,0,0,0,0,0,0,1,3,0,192,0
8429,278408,0,0,6,0,0,0,0,0,0,0,0,0,4130,0,0,384,0,0,0,0,0,0,0,0,0,0,0,1,3,0,192,0
8430,278409,0,0,6,0,0,0,0,0,0,0,0,0,4153,0,0,386,0,0,0,0,0,0,0,0,0,0,0,1,3,0,192,0
8431,278410,0,0,6,0,0,0,0,0,0,0,0,0,4177,0,0,388,0,0,0,0,0,0,0,0,0,0,0,1,3,0,192,0
8432,278411,0,0,6,0,0,0,0,0,0,0,0,0,4200,0,0,390,0,0,0,0,0,0,0,0,0,0,0,1,3,0,192,0
8433,278412,0,0,6,0,0,0,0,0,0,0,0,0,4223,0,0,392,0,0,0,0,0,0,0,0,0,0,0,1,3,0,192,0
8434,278413,0,0,6,0,0,0,0,0,0,0,0,0,4247,0,0,394,0,0,0,0,0,0,0,0,0,0,0,1,3,0,192,0
8435,278414,0,0,6,0,0,0,0,0,0,0,0,0,4270,0,0,397,0,0,0,0,0,0,0,0,0,0,0,1,3,0,192,0
8436,278415,0,0,6,0,0,0,0,0,0,0,0,0,4293,0,0,399,0,0,0,0,0,0,0,0,0,0,0,1,3,0,192,0
8437,278416,0,0,6,0,0,0,0,0,0,0,0,0,4317,0,0,401,0,0,0,0,0,0,0,0,0,0,0,1,3,0,192,0
8438,278417,0,0,6,0,0,0,0,0,0,0,0,0,4340,0,0,403,0,0,0,0,0,0,0,0,0,0,0,1,3,0,192,0
8439,278418,0,0,6,0,0,0,0,0,0,0,0,0,4363,0,0,405,0,0,0,0,0,0,0,0,0,0,0,1,3,0,192,0
8440,278419,0,0,6,0,0,0,0,0,0,0,0,0,4317,0,0,401,0,0,0,0,0,0,0,0,0,0,0,1,3,0,192,0
8441,278420,0,0,6,0,0,0,0,0,0,0,0,0,4340,0,0,403,0,0,0,0,0,0,0,0,0,0,0,1,3,0,192,0
8442,278421,0,0,6,0,0,0,0,0,0,0,0,0,4363,0,0,405,0,0,0,0,0,0,0,0,0,0,0,1,3,0,192,0
8443,278422,0,0,6,0,0,0,0,0,0,0,0,0,4387,0,0,407,0,0,0,0,0,0,0,0,0,0,0,1,3,0,192,0
8444,278423,0,0,6,0,0,0,0,0,0,0,0,0,4410,0,0,409,0,0,0,0,0,0,0,0,0,0,0,1,3,0,192,0
8445,278424,0,0,6,0,0,0,0,0,0,0,0,0,4433,0,0,412,0,0,0,0,0,0,0,0,0,0,0,1,3,0,192,0
8446,278425,0,0,6,0,0,0,0,0,0,0,0,0,4457,0,0,414,0,0,0,0,0,0,0,0,0,0,0,1,3,0,192,0
8447,278426,0,0,6,0,0,0,0,0,0,0,0,0,4480,0,0,416,0,0,0,0,0,0,0,0,0,0,0,1,3,0,192,0
