index,item_id,code,name,desc,i0,i1,i2,i3,i4,i5,i6,i7,i8,i9,i10,i11,i12
0,110001,blade_A0001,Stinger,Cutter-type blade,2,4,8,2,1,0,0,0,102,20001,0,1,522222
1,119001,blade_A0001,Limit Break Stinger,"A legendary modified Stinger. Because it forcibly draws out its latent power, it cannot be handled by anyone below a fourth-year student.",2,4,8,2,1,0,0,0,102,20001,0,1,522222
2,119009,blade_A0001,Stinger,Cutter-type blade,2,4,8,2,1,0,0,0,102,20001,0,1,522222
3,110002,blade_A0002,Baro Sword,A blade equipped with a convenient function for measuring length.,2,4,8,2,1,0,0,0,104,20002,0,1,522222
4,912001,blade_A0003,Megaton Hammer,Slot 1,2,4,8,2,1,1,0,0,101,20004,10,1,10005
5,912002,blade_A0003,Megaton Hammer,Slot 2,2,4,8,2,1,2,0,0,101,20004,20,2,10005
6,912003,blade_A0003,Megaton Hammer,Slot 3,2,4,8,2,1,3,0,0,101,20004,30,3,10005
7,912004,blade_A0003,Megaton Hammer,Slot 4,2,4,8,2,1,4,0,0,101,20004,40,4,10005
8,912005,blade_A0003,Megaton Hammer,Slot 5,2,4,8,2,1,5,0,0,101,20004,50,5,10005
9,110003,blade_A0003,Megaton Hammer,"A somewhat compact hammer, but with more than enough power. Its structure concentrates mass at the point of impact at the moment of the strike, allowing it to be wielded with one hand while still delivering heavy damage.",2,4,8,2,1,0,0,0,101,20004,0,1,522222
10,119006,blade_A0003,Event Megaton Hammer,"A somewhat compact hammer, but with more than enough power. Its structure concentrates mass at the point of impact at the moment of the strike, allowing it to be wielded with one hand while still delivering heavy damage.",2,5,8,2,1,0,0,0,101,20004,0,1,522222
11,110004,blade_A0004,Vine Rapier,"A blade with a long, pointed sword edge. Vines are wrapped around the blade and the guard.",2,4,8,2,1,0,0,0,104,20006,0,1,522222
12,110005,blade_A0005,Ring Dagger,"It came to be called a “Ring Dagger” because a ring about the size of a fist is attached to the pommel. Because of this ring, it is difficult to conceal and is not very useful as a dagger.",2,4,8,2,1,0,0,0,0,0,0,1,522222
13,110006,blade_A0006,Wooden Sword,"A must-have item for delinquent mode. Along with the nail bat, it is known as one of the two great weapons of delinquents. Its intimidating appearance is more effective than its practicality.",2,4,8,2,1,0,0,0,104,20008,0,1,522222
14,110007,blade_A0007,Spiked Bat,"Together with the wooden sword, it is considered one of the two great weapons of delinquents and is a must-have in delinquent mode. Its vicious shape is so intimidating that even the person using it sometimes gets scared.",2,4,8,2,1,0,0,0,101,20009,0,1,522222
15,110008,blade_A0008,Fly Pang☆,A very large frying pan. There is a rumor that it was originally made to cook ostrich eggs.,2,4,8,2,1,0,0,0,101,20030,0,1,522222
16,110009,blade_A0009,Evening Star,"A weapon rumored to become strongest in the evening. However, when you actually try using it, the rumor doesn’t seem very believable.",2,4,8,2,1,0,0,0,101,20011,0,1,522222
17,110010,blade_A0010,Kitchen Knife,"Used for peeling apples and preparing sashimi. Some say it was made as a weapon for cooking monsters, but so far no monster dishes have ever appeared.",2,4,8,2,1,0,0,0,0,0,0,1,522222
18,110011,blade_A0011,Sonic Blade,A blade equipped with a rapidly spinning edge that operates on the same principle as a chainsaw.,2,4,8,2,1,0,0,0,104,20015,0,1,522222
19,119002,blade_A0011,Tonic Blade,"A fake Sonic Blade. It’s said that a bold bartender once used it to mix cocktails. Because its output is weak, even first-year students can handle it.",2,4,8,2,1,0,0,0,104,20015,0,1,522222
20,110012,blade_A0012,Magical Stomper,"It looks like a toy, but it actually boasts considerable power. An opponent who gets hit while letting their guard down will be surprised by the damage!",2,4,8,2,1,0,0,0,101,20032,0,1,522222
21,119022,blade_A0012,Hitōban Hammer,"A weapon that has captured the yokai known as “Hitōban,” which is human during the day but whose head flies away from its body at night. Be careful that it doesn’t fly off when using its skill!",2,4,8,2,1,0,0,0,101,20032,0,1,522222
22,110013,blade_A0013,Juggernaut Hammer,"A crude, brutally heavy hammer. It looks so intimidating that you feel like you might take damage just by looking at it. You should absolutely avoid dueling someone wielding this weapon.",2,4,8,2,1,0,0,0,102,20018,0,1,522222
23,119004,blade_A0013,Trial Hammer,"It looks almost identical to the Juggernaut Hammer, but because it’s made from a lighter metal than the real one, even second-year students can handle it.",2,4,8,2,1,0,0,0,102,20018,0,1,522222
24,110014,blade_A0014,Assassin’s Thunder,"A weapon favored by assassins. Electricity flows through the entire blade except for the rubber part of the handle, and simply touching it can cause fatal damage.",2,4,8,2,1,0,0,0,0,0,0,1,522222
25,110015,blade_A0015,Thunder Saber,A beam sword with a blade that focuses energy flowing from the rechargeable battery in the handle. The sound it makes each time it’s swung is really cool.,2,4,8,2,1,0,0,0,104,20021,0,1,522222
26,119011,blade_A0015,Thunder Saber,A beam sword with a blade that focuses energy flowing from the rechargeable battery in the handle. The sound it makes each time it’s swung is really cool.,2,4,8,2,1,0,0,0,104,20021,0,1,522222
27,110016,blade_A0016,Katana,"A traditional blade from ancient Japan and a symbol of the samurai. Its edge is extremely sharp, so it must be handled with care.",2,4,8,2,1,0,0,0,104,20023,0,1,522222
28,110017,blade_A0017,Asura Blade,"A blade said to have a demon god sealed within it. Only those with courage greater than that of the demon god itself can wield it. If mastered, its power is said to be truly terrifying…",2,4,8,2,1,0,0,0,0,0,0,1,522222
29,110018,blade_A0018,Vice-Principal Slayer,A legendary blade that has been secretly passed down only among sixth-year students. It is said that whoever wields this blade gains the power to defeat even the vice-principal.,2,4,8,2,1,0,0,0,102,20036,0,1,522222
30,110019,blade_A0019,Screwdriver,A Phillips screwdriver shaped like a screw.,2,4,8,2,1,0,0,0,104,20016,0,1,522222
31,119003,blade_A0019,Paper Driver,"A screwdriver made out of papercraft. Naturally, it’s weaker than the real thing. If you keep going without any accidents, it might even turn gold?",2,4,8,2,1,0,0,0,104,20016,0,1,522222
32,119010,blade_A0019,Paper Driver,"A screwdriver made out of papercraft. Naturally, it’s weaker than the real thing. If you keep going without any accidents, it might even turn gold?",2,4,8,2,1,0,0,0,104,20016,0,1,522222
33,110020,blade_A0020,Vermilion Edge,A blade with a crimson gemstone set in the guard. It is said to become stronger when the gem emits light.,2,4,8,2,1,0,0,0,102,20034,0,1,522222
34,110021,blade_A0021,Bringer,A blade shaped like a large scythe.,2,4,8,2,1,0,0,0,102,20028,0,1,522222
35,119005,blade_A0021,Pringer,"A fake version of the Bringer. Even third-year students can equip it, but its attack power is low. Surprisingly, it might be useful as a whisk when making sweets.",2,4,8,2,1,0,0,0,102,20028,0,1,522222
36,119021,blade_A0021,Kamaitachi,"A blade transformed from the yokai known as “Kamaitachi.” It is said that among the Kamaitachi, the first one knocks a person down, the second one cuts them, and the third one heals the wound.",2,4,8,2,1,0,0,0,102,20028,0,1,522222
37,110022,blade_A0022,Seaweed,A blade made from golden powder said to be used by sea fairies.,2,4,8,2,1,0,0,0,102,20029,0,1,522222
38,110023,blade_A0023,Light Breaker,"A blade made using a fluorescent light tube as its base. It has been reinforced so that it won’t break easily, allowing you to fight without worry.",2,4,8,2,1,0,0,0,102,20033,0,1,522222
39,110024,blade_A0024,Stinger Blaze,A blade based on the Stinger that has been improved to achieve higher performance.,2,4,8,2,1,0,0,0,102,20035,0,1,522222
40,911001,blade_A1001,Anna Stinger,Slot 1,2,4,8,2,1,1,0,0,102,20001,10,1,11005
41,911002,blade_A1001,Anna Stinger,Slot 2,2,4,8,2,1,2,0,0,102,20001,20,2,11005
42,911003,blade_A1001,Anna Stinger,Slot 3,2,4,8,2,1,3,0,0,102,20001,30,3,11005
43,911004,blade_A1001,Anna Stinger,Slot 4,2,4,8,2,1,4,0,0,102,20001,40,4,11005
44,911005,blade_A1001,Anna Stinger,Slot 5,2,4,8,2,1,5,0,0,102,20001,50,5,11005
45,111001,blade_A1001,Anna Stinger,"A cute pink Stinger decorated with an illustration of SD Anna. With Anna by your side anytime, anywhere!",2,4,8,2,1,0,0,0,102,20001,0,1,522222
46,111002,blade_A1002,Baro Sword M,"The Baro Sword boasts a level of precision that even professionals approve of as a measuring tool. Its length is said to exactly match the distance that light travels in a vacuum in 1/299,792,458 of a second.",2,4,8,2,1,0,0,0,104,20002,0,1,522222
47,119008,blade_A1002,블러디 바로 소드 YT,거리를 재는데 탁월한 기능을 가지고 있는 블레이드. 주로 초급학년들에게 적당하다.<br>이것은 요구르팅 1주년 기념 선물이라고 한다.,2,4,8,2,1,0,0,0,104,20002,0,1,522222
48,119013,blade_A1002,Baro Sword M,"The Baro Sword boasts a level of precision that even professionals approve of as a measuring tool. Its length is said to exactly match the distance that light travels in a vacuum in 1/299,792,458 of a second.",2,4,8,2,1,0,0,0,104,20002,0,1,522222
49,111004,blade_A1004,Rose Rapier,"A blade with a long, pointed sword edge. Like a rose with sharp thorns, its blade is beautifully stained a deep crimson.",2,4,8,2,1,0,0,0,104,20006,0,1,522222
50,119014,blade_A1004,Rose Rapier,"A blade with a long, pointed sword edge. Like a rose with sharp thorns, its blade is beautifully stained a deep crimson.",2,4,8,2,1,0,0,0,104,20006,0,1,522222
51,119019,blade_A1004,Vampire Rapier,"It is said to be the weapon an immortal vampire used to bathe in the blood of maidens. As if the soul of its original owner still resides within it, the vines wrapped around it writhe in search of prey.",2,4,8,2,1,0,0,0,104,20006,0,1,522222
52,910001,blade_A1006,Red Sandalwood Bokken,Slot 1,2,4,8,2,1,1,0,0,104,20008,10,1,10005
53,910002,blade_A1006,Red Sandalwood Bokken,Slot 2,2,4,8,2,1,2,0,0,104,20008,20,2,10005
54,910003,blade_A1006,Red Sandalwood Bokken,Slot 3,2,4,8,2,1,3,0,0,104,20008,30,3,10005
55,910004,blade_A1006,Red Sandalwood Bokken,Slot 4,2,4,8,2,1,4,0,0,104,20008,40,4,10005
56,910005,blade_A1006,Red Sandalwood Bokken,Slot 5,2,4,8,2,1,5,0,0,104,20008,50,5,10005
57,111006,blade_A1006,Red Sandalwood Bokken,"A wooden sword made from red sandalwood, a material long said to be legendary. It has a presence and dignity unlike an ordinary wooden sword, making it a must-have if you want to call yourself a true boss!",2,4,8,2,1,0,0,0,104,20008,0,1,522222
58,119007,blade_A1006,실전 목도 YT,불량 모드의 필수품. 못박힌 배트와 함께 2대 불량 무기라 불리운다. 일반 목도보다는 실전용이라 할 수 있다.<br>이것은 요구르팅 1주년 기념 선물이라고 한다.,2,4,8,2,1,0,0,0,104,20008,0,1,522222
59,119012,blade_A1006,Red Sandalwood Bokken,"A wooden sword made from red sandalwood, a material long said to be legendary. It has a presence and dignity unlike an ordinary wooden sword, making it a must-have if you want to call yourself a true boss!",2,4,8,2,1,0,0,0,104,20008,0,1,522222
60,119018,blade_A1006,Jinmenju Bokken,"A wooden sword made from the yokai known as the “Jinmenju” (Human-Faced Tree). It is cursed, and it is said that if you continue using it, the owner will eventually turn into a Jinmenju as well. If that doesn’t bother you, enjoy its overwhelming cursed power.",2,4,8,2,1,0,0,0,104,20008,0,1,522222
61,111011,blade_A1011,Foreman Sonic Blade,"A cutting machine that enjoys tremendous support from workers at lumberyards and construction sites. As a weapon, it boasts power comparable to a standard Sonic Blade.",2,4,8,2,1,0,0,0,104,20015,0,1,522222
62,119015,blade_A1011,Foreman Sonic Blade,"A cutting machine that enjoys tremendous support from workers at lumberyards and construction sites. As a weapon, it boasts power comparable to a standard Sonic Blade.",2,4,8,2,1,0,0,0,104,20015,0,1,522222
63,111013,blade_A1013,Gigantic Hammer,"A weapon created to duel against someone wielding the Juggernaut Hammer. From the day you take up this weapon, you are destined to fight the wielder of the Juggernaut Hammer.",2,4,8,2,1,0,0,0,102,20018,0,1,522222
64,119017,blade_A1013,Gigantic Hammer,"A weapon created to duel against someone wielding the Juggernaut Hammer. From the day you take up this weapon, you are destined to fight the wielder of the Juggernaut Hammer.",2,4,8,2,1,0,0,0,102,20018,0,1,522222
65,111015,blade_A1015,Dark Saber,"It is said that when the wielder of the Thunder Saber chooses the path of evil with a strong will, the blade becomes stained with darkness and transforms into the Dark Saber. However, there are also rumors that replacing the battery will turn it back into a normal Thunder Saber.",2,4,8,2,1,0,0,0,104,20021,0,1,522222
66,119020,blade_A1015,Raiju Stinger,"A Dark Saber that has grown more powerful after being struck by the lightning of the yokai known as the “Raijū,” said to appear along with lightning strikes. When using its skill, be sure to warn others about possible lightning strikes!",2,4,8,2,1,0,0,0,104,20021,0,1,522222
67,111016,blade_A1016,Unsigned Katana,"A traditional Japanese blade. Not one from the era when such swords were treated like works of art as symbols of the samurai, but a finely crafted, unsigned weapon used by nameless soldiers during the Warring States period. Through long use, the blade has been stained a deep crimson.",2,4,8,2,1,0,0,0,104,20023,0,1,522222
68,119016,blade_A1016,Unsigned Katana,"A traditional Japanese blade. Not one from the era when such swords were treated like works of art as symbols of the samurai, but a finely crafted, unsigned weapon used by nameless soldiers during the Warring States period. Through long use, the blade has been stained a deep crimson.",2,4,8,2,1,0,0,0,104,20023,0,1,522222
69,111019,blade_A1019,Phillips Screwdriver,A screwdriver whose cross-shaped tip is made from a special alloy. It is designed so that even screws with stripped heads can still be tightened or loosened.,2,4,8,2,1,0,0,0,104,20016,0,1,522222
70,111021,blade_A1021,Punisher,"A weapon that became the prototype for the Bringer. Originally, it was not used for hunting monsters, but rather for executing criminals.",2,4,8,2,1,0,0,0,102,20028,0,1,522222
71,111022,blade_A1022,Deep Seaweed,"A blade said to have been made by a fairy who lives at the bottom of the deep sea. Its blade shines with a brilliant blue glow, but the fairy who made it lives on the dark ocean floor where no light reaches, and will never know how it looks.",2,4,8,2,1,0,0,0,102,20029,0,1,522222
72,120001,glorb_A0001,Forewarned is Forearmed,"A pair of hard metal gloves. When struck against solid ground or a wall, they scatter sparks and become fists of flame.",3,4,8,1,2,0,0,0,302,40001,0,1,522222
73,120002,glorb_A0002,Spirit of Righteousness,A pair of gloves whose gauntlet lenses glow blue. They allow the user to unleash a special move that fires shining blasts of energy.,3,4,8,1,2,0,0,0,302,40002,0,1,522222
74,129001,glorb_A0002,Ultimate Spirit of Righteousness,"An enhanced version of the Spirit of Righteousness whose output has exceeded its limits. Its light shines with the brilliance of a divine immortal, but it also places a heavy burden on the materials. Only fourth-year students or higher can equip it.",3,4,8,1,2,0,0,0,302,40002,0,1,522222
75,129009,glorb_A0002,Spirit of Righteousness,A pair of gloves whose gauntlet lenses glow blue. They allow the user to unleash a special move that fires shining blasts of energy.,3,4,8,1,2,0,0,0,302,40030,0,1,522222
76,120003,glorb_A0003,The Ringo Fist,"A pair of gloves covered in patches from being repaired many times. They embody a hungry, never-give-up spirit.",3,4,8,1,2,0,0,0,302,40003,0,1,522222
77,120004,glorb_A0004,Green Bamboo Claws,A pair of gloves that have the look and feel of green bamboo.,3,4,8,1,2,0,0,0,0,40003,0,1,522222
78,120005,glorb_A0005,Rainbow Fist,"It came to be called the Rainbow Fist because every time a technique is unleashed, it leaves behind a rainbow-colored trail. Since a rainbow appears whenever its special move is used, it’s often used during school festivals.",3,4,8,1,2,0,0,0,302,40006,0,1,522222
79,129004,glorb_A0005,Rainbo Fist,"A fake version of the Rainbow Fist. It breaks easily with use, but because its power is weaker, even lower-year students can use it.",3,4,8,1,2,0,0,0,302,40006,0,1,522222
80,120006,glorb_A0006,Maxima Gauntlet,"A very heavy pair of gloves, but if mastered, they can unleash tremendous power.",3,4,8,1,2,0,0,0,304,40032,0,1,522222
81,120007,glorb_A0007,Gambler’s Hand,"A pair of gloves with an Ace of Spades engraved on the back of the hand. When its special move is used, playing cards appear.",3,4,8,1,2,0,0,0,301,40009,0,1,522222
82,120008,glorb_A0008,Battle Claw,"A pair of gloves said to have been used mainly in large-scale battles in ancient times. They have since been modified for hunting monsters, but their overwhelming and intimidating presence remains unchanged.",3,4,8,1,2,0,0,0,303,40010,0,1,522222
83,129006,glorb_A0008,Event Battle Claw,"A pair of gloves said to have been used mainly in large-scale battles in ancient times. They have since been modified for hunting monsters, but their overwhelming and intimidating presence remains unchanged.",3,5,8,1,2,0,0,0,303,40010,0,1,522222
84,120009,glorb_A0009,Axis of Heaven and Earth,"It’s hard to understand the mindset of anyone who would use gloves with such a bizarre design. However, every student who has used these gloves can’t stop praising them.",3,4,8,1,2,0,0,0,302,40011,0,1,522222
85,120010,glorb_A0010,Blade Hand,"This weapon is closer to a blade than a glove. When worn on both arms, it feels as if you’re fighting with two swords. It’s well suited for quick, rapid attacks.",3,4,8,1,2,0,0,0,303,40012,0,1,522222
86,120011,glorb_A0011,Biting Claws,A pair of gloves designed to look like a monster with its mouth open. The sharp horns growing from the fingertips show just how powerful this weapon is.,3,4,8,1,2,0,0,0,303,40013,0,1,522222
87,129022,glorb_A0011,Oni Bite Claws,"A pair of gloves transformed by the yokai known as an “Oni” in order to attack its user. If you keep fighting and satisfy the oni’s hunger, you can avoid being eaten. The phrase “oni hitokuchi” (an oni’s single bite) is used to describe the ferocity with which an oni devours something in one mouthful.",3,4,8,1,2,0,0,0,303,40013,0,1,522222
88,120012,glorb_A0012,Gigantic Gauntlets,"The heaviest pair of gloves. This weapon is a modified version of gloves said to have been used by an ancient race of giants, adapted for student use. They are difficult to handle, but once you get used to them, there’s nothing left to fear.",0,4,0,0,0,0,0,0,0,0,0,1,522222
89,120013,glorb_A0013,Phoenix Knuckles,A pair of gloves said to be made from the feathers of a phoenix.,3,4,8,1,2,0,0,0,302,40016,0,1,522222
90,129011,glorb_A0013,Phoenix Knuckles,A pair of gloves said to be made from the feathers of a phoenix.,3,4,8,1,2,0,0,0,302,40016,0,1,522222
91,120014,glorb_A0014,Gordian Cutter,"The fastest weapon available. However, because it focuses so much on speed, its power is not very high.",3,4,8,1,2,0,0,0,302,40018,0,1,522222
92,129005,glorb_A0014,Phantom Cutter,"A fake left behind by a phantom thief who appears out of nowhere to steal rare items, swapping it with the real one at the scene of the crime. Even third-year students can equip it.",3,4,8,1,2,0,0,0,302,40018,0,1,522222
93,120015,glorb_A0015,Viper Gauntlets,"A pair of gloves made from snake skin, finished by coating the surface with snake venom. Anyone struck by them will inevitably fall into a severe state of poisoning, so their sale and use are now prohibited.",3,4,8,1,2,0,0,0,301,40021,0,1,522222
94,129002,glorb_A0015,Viper Knuckles,"An unfinished version of the Viper Gauntlets. Because the venom coating is incomplete, even first-year students can use them.",3,4,8,1,2,0,0,0,301,40021,0,1,522222
95,120016,glorb_A0016,Eagle Claw,A pair of gloves modeled after the hooked talons of a hawk. They are designed more for tearing attacks than for blunt strikes.,3,4,8,1,2,0,0,0,303,40023,0,1,522222
96,120017,glorb_A0017,Taurus Gauntlets,"A legendary pair of gloves said to be powerful enough to crush even mountains. Looking at their rugged and bold design, it almost feels like it might actually be possible.",3,4,8,1,2,0,0,0,304,40033,0,1,522222
97,120018,glorb_A0018,Ultimate Gauntlets,"As the name suggests, the ultimate pair of gloves. It is said that the gloves themselves choose their wielder.",3,4,8,1,2,0,0,0,304,40034,0,1,522222
98,120019,glorb_A0019,Phenomenal Gauntlets,"These gloves, equipped with a gauge panel on the back of the hand, were created for exploration purposes.",3,4,8,1,2,0,0,0,301,40014,0,1,522222
99,120020,glorb_A0020,Dual Gauntlets,"With an appearance like having large bowling balls fitted over the hands, they look overwhelmingly powerful at a glance.",0,4,0,0,0,0,0,0,0,0,0,1,522222
100,120021,glorb_A0021,Joe’s Bandages,"A set of bandages said to have been wrapped around the fists of Joe, the legendary king of martial artists.",3,4,8,1,2,0,0,0,301,40028,0,1,522222
101,129003,glorb_A0021,Training Bandages,Hand wraps under 2.5 m in length. Protect your fists well and train hard. Can be worn even by first-year students.,3,4,8,1,2,0,0,0,301,40028,0,1,522222
102,129010,glorb_A0021,Joe’s Bandages,"A set of bandages said to have been wrapped around the fists of Joe, the legendary king of martial artists.",3,4,8,1,2,0,0,0,301,40028,0,1,522222
103,129019,glorb_A0021,Ittan-Momen Bandages,"Bandages made from an Ittan-Momen, a cloth yokai and type of tsukumogami. One ‘tan’ measures about 11 meters, making them much longer than ordinary bandages and suited for advanced students.",3,4,8,1,2,0,0,0,301,40028,0,1,522222
104,120022,glorb_A0022,Riot Gauntlets,"Gauntlets that convert negative emotions like anger and sadness into strength. After battle, the wearer is said to feel strangely refreshed.",3,4,8,1,2,0,0,0,304,40031,0,1,522222
105,121001,glorb_A1001,Unwarned is Unarmed,"An early prototype of “Forewarned is Forearmed.” Due to staff negligence it was released with defects and later recalled, earning the sarcastic nickname “Unwarned is Unarmed.”",3,4,8,1,2,0,0,0,302,40001,0,1,522222
106,129007,glorb_A1001,무비유환 글로브 YT,단단한 금속 재질의 글로브.<br>이것은 요구르팅 1주년 기념 선물이라고 한다.,3,4,8,1,2,0,0,0,302,40001,0,1,522222
107,129012,glorb_A1001,Forewarned is Forearmed,"A pair of hard metal gloves. When struck against solid ground or a wall, they scatter sparks and become fists of flame.",3,4,8,1,2,0,0,0,302,40001,0,1,522222
108,129018,glorb_A1001,Great Toad Gloves,"A pair of gloves made from the skin of the yokai known as the “Great Toad,” which emits a lure that draws in people and animals as prey. Sticky to the touch, they also constantly give off this tempting aura, making them quite a troublesome item.",3,4,8,1,2,0,0,0,302,40001,0,1,522222
109,121002,glorb_A1002,Righteous Heart,A pair of gloves whose gauntlet lenses glow with a blue light. It is said that only those whose hearts have nothing to be ashamed of before heaven and earth can unleash their true power.,3,4,8,1,2,0,0,0,302,40002,0,1,522222
110,121003,glorb_A1003,Ultimate Zaringobi Fist,"A pair of gloves said to drive their wearer into desperate situations. Whether you survive and seize victory or collapse from exhaustion, it truly becomes a do-or-die battle. Perfect for training the spirit.",3,4,8,1,2,0,0,0,302,40003,0,1,522222
111,129008,glorb_A1003,The 자린고비 피스트 YT,빼빼 마른 글로브.<br>이것은 요구르팅 1주년 기념 선물이라고 한다.,3,4,8,1,2,0,0,0,302,40003,0,1,522222
112,129013,glorb_A1003,Ultimate Zaringobi Fist,"A pair of gloves said to drive their wearer into desperate situations. Whether you survive and seize victory or collapse from exhaustion, it truly becomes a do-or-die battle. Perfect for training the spirit.",3,4,8,1,2,0,0,0,302,40003,0,1,522222
113,121005,glorb_A1005,Violet Fist,"An improved version of the Rainbow Fist. The violet color in the rainbow trail that appears whenever a technique is unleashed is said to shine even more beautifully now. For some reason, its users often seem to be quite well-tanned.",3,4,8,1,2,0,0,0,302,40006,0,1,522222
114,129017,glorb_A1005,Violet Fist,"An improved version of the Rainbow Fist. The violet color in the rainbow trail that appears whenever a technique is unleashed is said to shine even more beautifully now. For some reason, its users often seem to be quite well-tanned.",3,4,8,1,2,0,0,0,302,40006,0,1,522222
115,129020,glorb_A1005,Yatagarasu,"A pair of gloves made using the wings of the three-legged yokai “Yatagarasu,” said to be a messenger of the gods. Because it flaps its wings to point out the correct path, even people with a poor sense of direction can use it with confidence.",3,4,8,1,2,0,0,0,302,40006,0,1,522222
116,121007,glorb_A1007,Blackjack,"These gloves are said to draw either the best possible card or the worst possible card—each with a 50% chance—when it comes down to the decisive moment. Because of this, they are both admired and feared by many gamblers.",3,4,8,1,2,0,0,0,301,40009,0,1,522222
117,129014,glorb_A1007,Blackjack,"These gloves are said to draw either the best possible card or the worst possible card—each with a 50% chance—when it comes down to the decisive moment. Because of this, they are both admired and feared by many gamblers.",3,4,8,1,2,0,0,0,301,40009,0,1,522222
118,921001,glorb_A1009,Innocent Radiance,Slot 1,3,4,8,1,2,1,0,0,302,40011,10,1,21005
119,921002,glorb_A1009,Innocent Radiance,Slot 2,3,4,8,1,2,2,0,0,302,40011,20,2,21005
120,921003,glorb_A1009,Innocent Radiance,Slot 3,3,4,8,1,2,3,0,0,302,40011,30,3,21005
121,921004,glorb_A1009,Innocent Radiance,Slot 4,3,4,8,1,2,4,0,0,302,40011,40,4,21005
122,921005,glorb_A1009,Innocent Radiance,Slot 5,3,4,8,1,2,5,0,0,302,40011,50,5,21005
123,121009,glorb_A1009,Innocent Radiance,"A pair of gloves with a design that surpasses art by a hair’s breadth. Once you get used to them, they’re said to be surprisingly cute. Rumor has it the design comes from drawings made on a whim by either a child or a chimpanzee.",3,4,8,1,2,0,0,0,302,40011,0,1,522222
124,129021,glorb_A1009,One Hundred Yokai Scenes,"A pair of gloves that began to emit a supernatural aura after being colored by a yokai painter. If you stare at them long enough, a 3D image of one hundred yokai appears to emerge. Taking a 15-minute break every hour is recommended?",3,4,8,1,2,0,0,0,302,40011,0,1,522222
125,121013,glorb_A1013,Heavenly Phoenix,A pair of gloves said to be made from the feathers left behind by a phoenix that repeated death and rebirth a thousand times before finally ascending to the heavens.,3,4,8,1,2,0,0,0,302,40016,0,1,522222
126,121014,glorb_A1014,Supernatural Might,"It is spoken of alongside the saying, “Technique is Kaitō Ranma, strength is Kairiki Ranshin.” Though this weapon was created by an evil organization as an imitation of “Kaitō Ranma,” it is said that if wielded by someone with a pure, righteous, and strong heart, it will reveal its true power.",3,4,8,1,2,0,0,0,302,40018,0,1,522222
127,121015,glorb_A1015,Venom Knuckles,"A pair of gloves made from snake skin and finished by coating the surface with a specially prepared snake venom. Anyone struck by them falls into a severe state of poisoning and continues to suffer. If worn for too long, even the user may begin to…",3,4,8,1,2,0,0,0,301,40021,0,1,522222
128,129015,glorb_A1015,Venom Knuckles,"A pair of gloves made from snake skin and finished by coating the surface with a specially prepared snake venom. Anyone struck by them falls into a severe state of poisoning and continues to suffer. If worn for too long, even the user may begin to…",3,4,8,1,2,0,0,0,301,40021,0,1,522222
129,121019,glorb_A1019,Phenometer Proto,"A prototype of the Phenometer Gear developed for exploration. It has functions not found in the mass-produced Phenometer Gear, but its combat performance has already been fully perfected.",3,4,8,1,2,0,0,0,301,40014,0,1,522222
130,129016,glorb_A1019,Phenometer Proto,"A prototype of the Phenometer Gear developed for exploration. It has functions not found in the mass-produced Phenometer Gear, but its combat performance has already been fully perfected.",3,4,8,1,2,0,0,0,301,40014,0,1,522222
131,920001,glorb_A1021,Joe’s Blood & Tears Bandages,Slot 1,3,4,8,1,2,1,0,0,301,40028,10,1,20005
132,920002,glorb_A1021,Joe’s Blood & Tears Bandages,Slot 2,3,4,8,1,2,2,0,0,301,40028,20,2,20005
133,920003,glorb_A1021,Joe’s Blood & Tears Bandages,Slot 3,3,4,8,1,2,3,0,0,301,40028,30,3,20005
134,920004,glorb_A1021,Joe’s Blood & Tears Bandages,Slot 4,3,4,8,1,2,4,0,0,301,40028,40,4,20005
135,920005,glorb_A1021,Joe’s Blood & Tears Bandages,Slot 5,3,4,8,1,2,5,0,0,301,40028,50,5,20005
136,121021,glorb_A1021,Joe’s Blood & Tears Bandages,"A worn set of bandages said to have been wrapped around the fists of Joe, the legendary king of martial artists. They are soaked with Joe’s blood, sweat, and tears.",3,4,8,1,2,0,0,0,301,40028,0,1,522222
137,130001,mura_A0001,Drone,A Mura shaped like a brass instrument.,4,4,1,2,3,0,0,0,501,60001,0,1,522222
138,130002,mura_A0002,Shaman Bongo,"It has a shape where the outer side is enlarged, with sharp feathers protruding outward.",4,4,1,2,3,0,0,0,505,60003,0,1,522222
139,139002,mura_A0002,German Bongo,"An obvious imitation of the Shaman Bongo, but since even first-year students can equip it, it turns out to be surprisingly useful for a fake.",4,4,1,2,3,0,0,0,505,60003,0,1,522222
140,130003,mura_A0003,Trump Power,It resembles a trumpet that is broken and tattered on all sides.,4,4,1,2,3,0,0,0,0,0,0,1,522222
141,130004,mura_A0004,The DJ,A giant rainbow-colored afro wig with a turntable attached.,4,4,1,2,3,0,0,0,505,60006,0,1,522222
142,139003,mura_A0004,The DJ βedit,"An introductory afro wig developed so that even lower-grade students can use it. In addition to the turntable, it is equipped with the latest 4-channel mixer and other features. Can be equipped even by first-year students.",4,4,1,2,3,0,0,0,505,60006,0,1,522222
143,139010,mura_A0004,The DJ,A giant rainbow-colored afro wig with a turntable attached.,4,4,1,2,3,0,0,0,505,60006,0,1,522222
144,130005,mura_A0005,Fluffy,"A Mura with a long, elongated shape and a slightly silver-colored tone. Its sound is said to be so beautiful that people nearby stop their work and become captivated by the music.",4,4,1,2,3,0,0,0,501,60029,0,1,522222
145,139004,mura_A0005,Flahhi,A worn-out version of Fluffy that sounds as if the air has completely leaked out of it. It has been adjusted so that students from the second year and above can equip it.,4,4,1,2,3,0,0,0,501,60029,0,1,522222
146,130006,mura_A0006,Pan Flute,"A Mura that is easy to use and lightweight, making it popular with many people. Dedicated Ricoring music competitions are even occasionally held for it.",4,4,1,2,3,0,0,0,501,60030,0,1,522222
147,130007,mura_A0007,Cymbaline,"A Mura that produces an extremely loud and noisy sound. However, when used together with other Muras, it creates a beautiful tone. It is often used during ensemble performances.",4,4,1,2,3,0,0,0,501,60031,0,1,522222
148,130008,mura_A0008,Violino,"A Mura capable of producing everything from quiet single notes to passionate chords. Although it can create many different sounds at once, mastering it requires steady and diligent practice.",4,4,1,2,3,0,0,0,501,60032,0,1,522222
149,130009,mura_A0009,Pianio,"A Mura that looks like a keyboard and actually produces sound when its keys are pressed. Although it has existed for a long time, some aspects of its structure remain unexplained, attracting the interest of scholars.",4,4,1,2,3,0,0,0,501,60011,0,1,522222
150,139006,mura_A0009,Event Pianio,"A Mura that looks like a keyboard and actually produces sound when its keys are pressed. Although it has existed for a long time, some aspects of its structure remain unexplained, attracting the interest of scholars.",4,5,1,2,3,0,0,0,501,60011,0,1,522222
151,139021,mura_A0009,Pianio LVB,"The instrument of a certain composer said to haunt the music room. At night, it begins composing and performing on the Pianio keys all by itself. Even if this leads to unfortunate events, accept it as “fate.”",4,4,1,2,3,0,0,0,501,60011,0,1,522222
152,931001,mura_A0010,Buzzanova,Slot 1,4,4,1,2,3,1,0,0,502,60012,10,1,31005
153,931002,mura_A0010,Buzzanova,Slot 2,4,4,1,2,3,2,0,0,502,60012,20,2,31005
154,931003,mura_A0010,Buzzanova,Slot 3,4,4,1,2,3,3,0,0,502,60012,30,3,31005
155,931004,mura_A0010,Buzzanova,Slot 4,4,4,1,2,3,4,0,0,502,60012,40,4,31005
156,931005,mura_A0010,Buzzanova,Slot 5,4,4,1,2,3,5,0,0,502,60012,50,5,31005
157,130010,mura_A0010,Buzzanova,"A Mura whose lively and cheerful movements stand out more than its sound. Each time the wearer shakes their head, its flashy appearance captures everyone’s attention.",4,4,1,2,3,0,0,0,502,60012,0,1,522222
158,130011,mura_A0011,Clarinet,Hearing the lively sound of this light-brown clarinet naturally lifts one’s spirits. It is a Mura often used in ensemble performances together with the Cymbaline.,4,4,1,2,3,0,0,0,501,60013,0,1,522222
159,139001,mura_A0011,Bass Clarinet,A clarinet that specializes in low tones. Only students in their fourth year or above can equip it.,4,4,1,2,3,0,0,0,501,60013,0,1,522222
160,139009,mura_A0011,Clarinet,Hearing the lively sound of this light-brown clarinet naturally lifts one’s spirits. It is a Mura often used in ensemble performances together with the Cymbaline.,4,4,1,2,3,0,0,0,501,60013,0,1,522222
161,932001,mura_A0012,Ugi Ugi,Slot 1,4,4,1,2,3,1,0,0,506,60020,10,1,30005
162,932002,mura_A0012,Ugi Ugi,Slot 2,4,4,1,2,3,2,0,0,506,60020,20,2,30005
163,932003,mura_A0012,Ugi Ugi,Slot 3,4,4,1,2,3,3,0,0,506,60020,30,3,30005
164,932004,mura_A0012,Ugi Ugi,Slot 4,4,4,1,2,3,4,0,0,506,60020,40,4,30005
165,932005,mura_A0012,Ugi Ugi,Slot 5,4,4,1,2,3,5,0,0,506,60020,50,5,30005
166,130012,mura_A0012,Ugi Ugi,"A Mura said to have been made and used for performances by a once-famous musician. It’s said to represent the musician himself, though it’s unclear whether that refers to his musical sense… or his face.",4,4,1,2,3,0,0,0,506,60020,0,1,522222
167,130013,mura_A0013,Scratch Mixer,"At first listen, it sends a chill down your spine, but if you keep listening, before you know it you’re completely hooked.",0,4,0,0,0,0,0,0,0,0,0,1,522222
168,130014,mura_A0014,MC MacStar,"A mass-produced version of the Mura used by the legendary MC, MC MacStar. It lets people indulge in nostalgia for MC MacStar, and has been met with an explosive reaction from the public.",0,4,0,0,0,0,0,0,0,0,0,1,522222
169,130015,mura_A0015,Zigzag Tap,"Because this single Mura can produce a wide variety of tones, it is favored by students who aspire to avant-garde art.",0,4,0,0,0,0,0,0,0,0,0,1,522222
170,130016,mura_A0016,Magnedio,"When surrounded by students wearing this Mura, with antennas sprouting from all over it, you start to feel as if you’ve wandered onto another planet. Just like its unusual shape, the way it’s used is equally unique.",0,4,0,0,0,0,0,0,0,0,0,1,522222
171,130017,mura_A0017,Angelic Voice,A wing-shaped Mura said to have been left behind by an angel who returned to the heavens. Intended for upper-grade students.,4,4,1,2,3,0,0,0,501,60024,0,1,522222
172,130018,mura_A0018,Metal Baroque,A Mura designed for combat rather than for dancing or music. Anyone who sees this gleaming metallic Mura can’t help but feel a sense of fear.,0,4,0,0,0,0,0,0,0,0,0,1,522222
173,130019,mura_A0019,Tam-Tam Scarf,"This Mura is perfect for cold weather, and in winter it’s often used as a fashion item as well.",4,4,1,2,3,0,0,0,505,60014,0,1,522222
174,139005,mura_A0019,Trial Scarf,A sample version of the Tam-Tam Scarf. Can be equipped by students in their third year or higher.,4,4,1,2,3,0,0,0,505,60014,0,1,522222
175,130020,mura_A0020,Doburock,"A Mura whose power everyone acknowledges. However, continued use might lead to alcohol poisoning, so be careful. Remember: alcohol is for those 20 and older!",4,4,1,2,3,0,0,0,506,60015,0,1,522222
176,139022,mura_A0020,Tsuina: Demon-Poison Sake,"A powerful sacred sake that became the key to defeating the yokai Shuten Doji. Poison to demons and medicine to humans. Even if it makes you stronger the more drunk you get, alcohol is only for those 20 and older.",4,4,1,2,3,0,0,0,506,60015,0,1,522222
177,130021,mura_A0021,Utanka,A large circular earring with a carved face.,4,4,1,2,3,0,0,0,504,60027,0,1,522222
178,130022,mura_A0022,Tabukai,An earring shaped like a skull.,4,4,1,2,3,0,0,0,505,60028,0,1,522222
179,139011,mura_A0022,Tabukai,An earring shaped like a skull.,4,4,1,2,3,0,0,0,505,60028,0,1,522222
180,130023,mura_A0023,Pink Serpent,A Mura shaped like a cute pink snake.,4,4,1,2,3,0,0,0,503,60033,0,1,522222
181,130024,mura_A0024,블랙 카마엘,"거대한 날개 장식이 섹시한 느낌을 풍기는, 성인 취향의 뮤라.",4,4,1,2,3,0,0,0,503,60034,0,1,522222
182,130025,mura_A0025,Drone Anna,"To commemorate Anna taking first place in the 2006 ‘Spring General Election!’<br>this original Mura was created based on a drone. Its name was also chosen through a public contest, making it a symbol of the friendship between Anna and everyone!",4,4,1,2,3,0,0,0,501,60001,0,1,522222
183,131001,mura_A1001,Classic Drone,"An early model drone. Unlike the modern drones that have been refined over time, it has a distinct charm and a sense of history.",4,4,1,2,3,0,0,0,501,60001,0,1,522222
184,139008,mura_A1001,브로운 YT,금관 악기 형상의 뮤라.<br>이것은 요구르팅 1주년 기념 선물이라고 한다.,4,4,1,2,3,0,0,0,501,60001,0,1,522222
185,139013,mura_A1001,Classic Drone,"An early model drone. Unlike the modern drones that have been refined over time, it has a distinct charm and a sense of history.",4,4,1,2,3,0,0,0,501,60001,0,1,522222
186,139018,mura_A1001,Classic Drone WAM,An instrument of a certain composer said to lurk in the music room. Those who use it gain the composer’s power and improved memory. It might come in very handy during tests.,4,4,1,2,3,0,0,0,501,60001,0,1,522222
187,131002,mura_A1002,Mystic Bongo,"A specially crafted shaman bongo passed down through generations. Used only during secret rituals closed to outsiders, it holds great folkloric value.",4,4,1,2,3,0,0,0,505,60003,0,1,522222
188,139015,mura_A1002,Mystic Bongo,"A specially crafted shaman bongo passed down through generations. Used only during secret rituals closed to outsiders, it holds great folkloric value.",4,4,1,2,3,0,0,0,505,60003,0,1,522222
189,933001,mura_A1004,The DJ SNF,Slot 1,4,4,1,2,3,1,0,0,505,60006,10,1,31005
190,933002,mura_A1004,The DJ SNF,Slot 2,4,4,1,2,3,2,0,0,505,60006,20,2,31005
191,933003,mura_A1004,The DJ SNF,Slot 3,4,4,1,2,3,3,0,0,505,60006,30,3,31005
192,933004,mura_A1004,The DJ SNF,Slot 4,4,4,1,2,3,4,0,0,505,60006,40,4,31005
193,933005,mura_A1004,The DJ SNF,Slot 5,4,4,1,2,3,5,0,0,505,60006,50,5,31005
194,131004,mura_A1004,The DJ SNF,A giant striped afro wig said to shine brightest on Saturday nights.,4,4,1,2,3,0,0,0,505,60006,0,1,522222
195,131005,mura_A1005,Alto Fluffy,"A golden Fluffy that plays beautiful low tones. When you perform a duet with it, the animals of the forest gather around, captivated by the music.",4,4,1,2,3,0,0,0,501,60029,0,1,522222
196,139017,mura_A1005,Alto Fluffy,"A golden Fluffy that plays beautiful low tones. When you perform a duet with it, the animals of the forest gather around, captivated by the music.",4,4,1,2,3,0,0,0,501,60029,0,1,522222
197,131006,mura_A1006,Soprano Pan Flute,"A type of pan flute that is lightweight and easy to play, making it popular with many people. It is tuned to produce high notes.",4,4,1,2,3,0,0,0,501,60030,0,1,522222
198,139007,mura_A1006,골든 팬 플룻 YT,사용법이 간편하고 무게가 가벼워 많은 사람들이 애용하는 황금빛 뮤라. 때문에 리코링 전용 음악 대회도 간간히 열리기도 한다.<br>이것은 요구르팅 1주년 기념 선물이라고 한다.,4,4,1,2,3,0,0,0,501,60030,0,1,522222
199,139012,mura_A1006,Soprano Pan Flute,"A type of pan flute that is lightweight and easy to play, making it popular with many people. It is tuned to produce high notes.",4,4,1,2,3,0,0,0,501,60030,0,1,522222
200,131007,mura_A1007,Crash Cymbaline,A Mura called the ‘king of percussion’ by cymbaline players. It’s so loud that its use is said to be restricted outside concert halls.,4,4,1,2,3,0,0,0,501,60031,0,1,522222
201,139014,mura_A1007,Crash Cymbaline,A Mura called the ‘king of percussion’ by cymbaline players. It’s so loud that its use is said to be restricted outside concert halls.,4,4,1,2,3,0,0,0,501,60031,0,1,522222
202,139019,mura_A1007,Cry Cymbaline,"A cymbaline that produces a sound as loud as the cry of the yokai Konaki-jiji. The key is to handle it as gently as a baby. Legend says that when Konaki-jiji cries, earthquakes occur.",4,4,1,2,3,0,0,0,501,60009,0,1,522222
203,131008,mura_A1008,Amati Violin,A master violin crafted by a top-tier artisan. It is said that many of the violins in circulation today were modeled after it.,4,4,1,2,3,0,0,0,501,60032,0,1,522222
204,139016,mura_A1008,Amati Violin,A master violin crafted by a top-tier artisan. It is said that many of the violins in circulation today were modeled after it.,4,4,1,2,3,0,0,0,501,60032,0,1,522222
205,930001,mura_A1011,Crystal Clarinet,Slot 1,4,4,1,2,3,1,0,0,501,60013,10,1,30005
206,930002,mura_A1011,Crystal Clarinet,Slot 2,4,4,1,2,3,2,0,0,501,60013,20,2,30005
207,930003,mura_A1011,Crystal Clarinet,Slot 3,4,4,1,2,3,3,0,0,501,60013,30,3,30005
208,930004,mura_A1011,Crystal Clarinet,Slot 4,4,4,1,2,3,4,0,0,501,60013,40,4,30005
209,930005,mura_A1011,Crystal Clarinet,Slot 5,4,4,1,2,3,5,0,0,501,60013,50,5,30005
210,131011,mura_A1011,Crystal Clarinet,"A clarinet enhanced with embedded crystal whose molecular structure amplifies the sound, producing a clearer tone.",4,4,1,2,3,0,0,0,501,60013,0,1,522222
211,131017,mura_A1017,Luciferic Voice,"A Mura shaped like black wings, said to have been left behind on earth by an angel who betrayed God out of jealousy toward humans and fell into hell.",4,4,1,2,3,0,0,0,501,60024,0,1,522222
212,131019,mura_A1019,Tom-Tom Scarf,"This winter, this is the must-have! Stand out with the latest fashion!",4,4,1,2,3,0,0,0,505,60014,0,1,522222
213,131022,mura_A1022,Ethnic Tabukai,"A Tabukai said to have been discovered in ancient ruins in Central and South America. Believed impossible to create with the technology of that era, it has stirred debate in the archaeological community.",4,4,1,2,3,0,0,0,505,60028,0,1,522222
214,139020,mura_A1022,Gashadokuro,A Mura inhabited by the yokai Gashadokuro. It rattles loudly every night. Gashadokuro is said to be a yokai born from the grudges of the dead.,4,4,1,2,3,0,0,0,505,60028,0,1,522222
215,140001,spirit_A0001,Aquamarine,A spirit that summons a water elemental.,5,4,4,2,4,0,0,0,701,80001,0,1,522222
216,140002,spirit_A0002,Salamander,The firework pattern engraved in the center is the emblem of the fire spirit Salamander summoned with this bag.,5,4,4,2,4,0,0,0,701,80002,0,1,522222
217,140003,spirit_A0003,Cobra Bag,"It looks like nothing more than an old jar, but two cobras spring out from inside and unleash a fierce attack.",5,4,4,2,4,0,0,0,701,80003,0,1,522222
218,149001,spirit_A0003,Tsuchinoko Bag,"A bag said to contain the legendary snake Tsuchinoko. If the lid is opened carelessly, it may escape with its incredible jumping ability, so only fourth-year students and above can equip it.",5,4,4,2,4,0,0,0,701,80003,0,1,522222
219,149009,spirit_A0003,Cobra Bag,"It looks like nothing more than an old jar, but two cobras spring out from inside and unleash a fierce attack.",5,4,4,2,4,0,0,0,701,80003,0,1,522222
220,140004,spirit_A0004,Undertaker,A coffin-shaped spirit inhabited by skeleton spirits.,5,4,4,2,4,0,0,0,701,80004,0,1,522222
221,149011,spirit_A0004,Undertaker,A coffin-shaped spirit inhabited by skeleton spirits.,5,4,4,2,4,0,0,0,701,80004,0,1,522222
222,140005,spirit_A0005,Vespa,"A bag filled with tiny tree spirits. Because of them, leaves grow from the bag itself.",5,4,4,2,4,0,0,0,702,80006,0,1,522222
223,140006,spirit_A0006,Vampire Trunk,A spirit rarely used because the rows of fangs growing from it look so unsettling.,5,4,4,2,4,0,0,0,701,80007,0,1,522222
224,149005,spirit_A0006,Umpire Trunk,A trunk containing a poor umpire who was mistaken for a vampire. Usable even by third-year students.,5,4,4,2,4,0,0,0,701,80007,0,1,522222
225,140007,spirit_A0007,Lifeguard,"Originally created to fight ancient vampires, this spirit is now mainly used for medical treatment in hospitals. Its red cross mark is distinctive.",0,4,0,0,0,0,0,0,0,0,0,1,522222
226,140008,spirit_A0008,Winged Bomb,"A winged bomb. Wearing it might make others see you as dangerous, but it’s effective when taking down large numbers of monsters.",5,4,4,2,4,0,0,0,702,80009,0,1,522222
227,140009,spirit_A0009,Hellhound,A coffin-shaped spirit said to contain a ferocious war dog that once rampaged across ancient battlefields.,5,4,4,2,4,0,0,0,701,80010,0,1,522222
228,140010,spirit_A0010,Yasha Lantern,An Eastern-style lantern worn on the back. Legend says two yasha who once ravaged the world long ago were sealed inside it.,5,4,4,2,4,0,0,0,702,80011,0,1,522222
229,149002,spirit_A0010,Daiitoku Lantern,A lantern said to contain a yasha that transcends death and can even defeat the king of the underworld. Its aura is so overwhelming that only fifth-year students or above can wield it.,5,4,4,2,4,0,0,0,702,80011,0,1,522222
230,149003,spirit_A0010,Red Lantern,"A lantern often seen hanging from oden stalls. The yasha sealed inside is always drunk, so its power is weak enough for even first-year students to use.",5,4,4,2,4,0,0,0,702,80011,0,1,522222
231,149010,spirit_A0010,Yasha Lantern,An Eastern-style lantern worn on the back. Legend says two yasha who once ravaged the world long ago were sealed inside it.,5,4,4,2,4,0,0,0,702,80011,0,1,522222
232,140011,spirit_A0011,Ice Mantle,"Not only the target of the attack, but the user also feels the cold.",0,4,0,0,0,0,0,0,0,0,0,1,522222
233,140012,spirit_A0012,Bookworm Bag,A spirit whose contents are easy to guess from the books sticking out and the tear in the bag. Considered one of the essential items for exemplary Yogurting students.,5,4,4,2,4,0,0,0,702,80013,0,1,522222
234,140013,spirit_A0013,Valkyrie Wing,"When its special move is used, a mythical warrior maiden appears and hurls a spear. Rumor has it that if its true power were unlocked it could fly, but no one has ever succeeded.",5,4,4,2,4,0,0,0,701,80014,0,1,522222
235,140014,spirit_A0014,Seraphim Horn,"A horn-shaped spirit that summons the angel Seraphim. It appears to be bound in chains, leaving one to wonder what exactly is sealed inside.",5,4,4,2,4,0,0,0,701,80015,0,1,522222
236,149006,spirit_A0014,Event Seraphim Horn,"A horn-shaped spirit that summons the angel Seraphim. It appears to be bound in chains, leaving one to wonder what exactly is sealed inside.",5,5,4,2,4,0,0,0,701,80015,0,1,522222
237,149021,spirit_A0014,Kesaram Horn,"A horn-shaped spirit used to raise the yokai Kesaran Pasaran. The face powder it feeds on is sold separately, so be careful. Raise them well and you might find happiness.",5,4,4,2,4,0,0,0,701,80015,0,1,522222
238,140015,spirit_A0015,Blue Hope,A spirit with a large deep blue gemstone set in its center.,5,4,4,2,4,0,0,0,701,80017,0,1,522222
239,140016,spirit_A0016,Apache,"A spirit said to have been made by a tribal shaman who lived in harmony with the earth. It is sealed with woven feathers, leaving one to wonder what lies inside.",5,4,4,2,4,0,0,0,703,80019,0,1,522222
240,140017,spirit_A0017,Mephisto,A spirit named after the great demon an expedition reportedly encountered while investigating the cause of the EVP phenomenon.,0,4,0,0,0,0,0,0,0,0,0,1,522222
241,140018,spirit_A0018,Nightmare,A terrifying spirit said to bring nightmares into reality.,5,4,4,2,4,0,0,0,701,80029,0,1,522222
242,149022,spirit_A0018,Ox-Head Demon,"A spirit formed from the head of Gozuki, the underworld demon with the head of an ox and the body of a man who torments the dead. The constant chewing and foul breath are hard to ignore, but its power is tremendous!",5,4,4,2,4,0,0,0,701,80029,0,1,522222
243,140019,spirit_A0019,Turtle Plate,"A spirit shaped like a turtle shell, designed with a focus on defense rather than offense.",5,4,4,2,4,0,0,0,702,80030,0,1,522222
244,140020,spirit_A0020,Exo Topaz,A weapon used to defeat evil spirits.,5,4,4,2,4,0,0,0,701,80027,0,1,522222
245,149004,spirit_A0020,Exo & Birth,"A replica of the Exo Topaz said to have been made by the mysterious artisan brothers Exo and Birth. Despite being a copy, it’s carefully made and can be used even by second-year students.",5,4,4,2,4,0,0,0,701,80027,0,1,522222
246,140021,spirit_A0021,Genocide,A vicious spirit wielding a massive disc-shaped blade.,5,4,4,2,4,0,0,0,703,80025,0,1,522222
247,140022,spirit_A0022,Elite Bag,A bag used by elite students. Neatly organized and unmistakably studious.,0,4,0,0,0,0,0,0,0,0,0,1,522222
248,140023,spirit_A0023,프레이야의 날개,설명 추가,5,4,4,2,4,0,0,0,703,80031,0,1,522222
249,141001,spirit_A1001,Aquamarine C,"A spirit that summons a water spirit. Its moisture contains vitamin C, which is said to help keep the skin firm.",5,4,4,2,4,0,0,0,701,80001,0,1,522222
250,149007,spirit_A1001,이온마린 YT,물의 정령을 소환할 수 있는 스피릿.<br>이것은 요구르팅 1주년 기념 선물이라고 한다.,5,4,4,2,4,0,0,0,701,80001,0,1,522222
251,149012,spirit_A1001,Aquamarine C,"A spirit that summons a water spirit. Its moisture contains vitamin C, which is said to help keep the skin firm.",5,4,4,2,4,0,0,0,701,80001,0,1,522222
252,149018,spirit_A1001,Aquamarine KP,"A spirit that seals the yokai Kappa, said to dwell near water and pull passersby into the depths. Tossing a cucumber inside might double its power.",5,4,4,2,4,0,0,0,701,80001,0,1,522222
253,141002,spirit_A1002,Sea Salamander,"A salamander whose flame burns completely thanks to a rich oxygen supply, making it glow blue at extremely high temperatures. It apparently can even be submerged in water.",5,4,4,2,4,0,0,0,701,80002,0,1,522222
254,149008,spirit_A1002,빙염의 살라만더 YT,아담하게 생긴 푸른 가방 가운데에 새겨진 불꽃 문양은 이 가방에서 불러낼 수 있는 스피릿인 살라만더를 가리키는 표식이다.<br>이것은 요구르팅 1주년 기념 선물이라고 한다.,5,4,4,2,4,0,0,0,701,80002,0,1,522222
255,149013,spirit_A1002,Sea Salamander,"A salamander whose flame burns completely thanks to a rich oxygen supply, making it glow blue at extremely high temperatures. It apparently can even be submerged in water.",5,4,4,2,4,0,0,0,701,80002,0,1,522222
256,141003,spirit_A1003,King Cobra Bag,"It looks like nothing more than an old jar, but inside lurks the king of venomous snakes, a king cobra, ready to unleash a devastating attack.",5,4,4,2,4,0,0,0,701,80003,0,1,522222
257,940001,spirit_A1004,Grave Digger,Slot 1,5,4,4,2,4,1,0,0,701,80004,10,1,41005
258,940002,spirit_A1004,Grave Digger,Slot 2,5,4,4,2,4,2,0,0,701,80004,20,2,41005
259,940003,spirit_A1004,Grave Digger,Slot 3,5,4,4,2,4,3,0,0,701,80004,30,3,41005
260,940004,spirit_A1004,Grave Digger,Slot 4,5,4,4,2,4,4,0,0,701,80004,40,4,41005
261,940005,spirit_A1004,Grave Digger,Slot 5,5,4,4,2,4,5,0,0,701,80004,50,5,41005
262,141004,spirit_A1004,Grave Digger,A coffin-shaped spirit said to contain the vengeful ghost of someone buried alive. If you keep using it for too long…,5,4,4,2,4,0,0,0,701,80004,0,1,522222
263,141005,spirit_A1005,Autumn Vespa,"A bag filled with tiny tree spirits. Since it was made during the autumn foliage season, the leaves growing from it are beautifully colored.",5,4,4,2,4,0,0,0,702,80006,0,1,522222
264,149014,spirit_A1005,Autumn Vespa,"A bag filled with tiny tree spirits. Since it was made during the autumn foliage season, the leaves growing from it are beautifully colored.",5,4,4,2,4,0,0,0,702,80006,0,1,522222
265,141006,spirit_A1006,Gargoyle Trunk,A spirit that seals a monster created to guard buildings.,5,4,4,2,4,0,0,0,701,80007,0,1,522222
266,141008,spirit_A1008,Bomber Wing Kai,"An improved Bomber Wing that has been successfully made lighter, while keeping the same power as before.",5,4,4,2,4,0,0,0,702,80009,0,1,522222
267,149016,spirit_A1008,Bomber Wing Kai,"An improved Bomber Wing that has been successfully made lighter, while keeping the same power as before.",5,4,4,2,4,0,0,0,702,80009,0,1,522222
268,149020,spirit_A1008,Cursed Bomber Wing,"Centered around the yokai Kasha, said to appear at funerals and graveyards to steal the limbs of the dead, with numerous aero parts docked onto it. Even ghosts are no match for its welcoming fire attack!?",5,4,4,2,4,0,0,0,702,80009,0,1,522222
269,941001,spirit_A1010,Yasha Andon,Slot 1,5,4,4,2,4,1,0,0,702,80011,10,1,40005
270,941002,spirit_A1010,Yasha Andon,Slot 2,5,4,4,2,4,2,0,0,702,80011,20,2,40005
271,941003,spirit_A1010,Yasha Andon,Slot 3,5,4,4,2,4,3,0,0,702,80011,30,3,40005
272,941004,spirit_A1010,Yasha Andon,Slot 4,5,4,4,2,4,4,0,0,702,80011,40,4,40005
273,941005,spirit_A1010,Yasha Andon,Slot 5,5,4,4,2,4,5,0,0,702,80011,50,5,40005
274,141010,spirit_A1010,Yasha Andon,An Eastern-style lamp that can summon a yasha that became a guardian deity in Buddhism. This type of lamp is called an andon.,5,4,4,2,4,0,0,0,702,80011,0,1,522222
275,149019,spirit_A1010,Ao Andon,A pale blue andon said to contain the demon woman that appears at the end of the Hyakumonogatari stories. It’s sure to be an essential item for keeping cool in the summer!?,5,4,4,2,4,0,0,0,702,80011,0,1,522222
276,141013,spirit_A1013,Bloody Valkyrie,A spirit once used by a Valkyrie who collected the souls of fallen heroes. Its wings are stained with the blood of those heroes.,5,4,4,2,4,0,0,0,701,80014,0,1,522222
277,141019,spirit_A1019,Lucky Turtle Plate,"A rare golden turtle long believed to bring wealth and longevity. Biologically, it is thought to be an albino, a white mutation.",5,4,4,2,4,0,0,0,702,80030,0,1,522222
278,149015,spirit_A1019,Lucky Turtle Plate,"A rare golden turtle long believed to bring wealth and longevity. Biologically, it is thought to be an albino, a white mutation.",5,4,4,2,4,0,0,0,702,80030,0,1,522222
279,141020,spirit_A1020,Exo Jade,"A spirit used to banish evil spirits. It is studded with jade, believed to have protective powers.",5,4,4,2,4,0,0,0,701,80027,0,1,522222
280,149017,spirit_A1020,Exo Jade,"A spirit used to banish evil spirits. It is studded with jade, believed to have protective powers.",5,4,4,2,4,0,0,0,701,80027,0,1,522222
281,951111,upper_M9022,Movie Uniform Jacket (Male),Slot 1<br>(Cannot be traded),6,5,64,1,0,1,1,0,0,0,10,1,511111
282,951112,upper_M9022,Movie Uniform Jacket (Male),Slot 2<br>(Cannot be traded),6,5,64,1,0,2,1,0,0,0,20,2,511111
283,951113,upper_M9022,Movie Uniform Jacket (Male),Slot 3<br>(Cannot be traded),6,5,64,1,0,3,1,0,0,0,30,3,511111
284,951114,upper_M9022,Movie Uniform Jacket (Male),Slot 4<br>(Cannot be traded),6,5,64,1,0,4,1,0,0,0,40,4,511111
285,951115,upper_M9022,Movie Uniform Jacket (Male),Slot 5<br>(Cannot be traded),6,5,64,1,0,5,1,0,0,0,50,5,511111
286,951211,lower_M9022,Movie Uniform Bottom (Male),Slot 1<br>(Cannot be traded),6,5,128,1,0,1,1,0,0,0,10,1,511111
287,951212,lower_M9022,Movie Uniform Bottom (Male),Slot 2<br>(Cannot be traded),6,5,128,1,0,2,1,0,0,0,20,2,511111
288,951213,lower_M9022,Movie Uniform Bottom (Male),Slot 3<br>(Cannot be traded),6,5,128,1,0,3,1,0,0,0,30,3,511111
289,951214,lower_M9022,Movie Uniform Bottom (Male),Slot 4<br>(Cannot be traded),6,5,128,1,0,4,1,0,0,0,40,4,511111
290,951215,lower_M9022,Movie Uniform Bottom (Male),Slot 5<br>(Cannot be traded),6,5,128,1,0,5,1,0,0,0,50,5,511111
291,951311,foot_M9022,Movie Uniform Shoes (Male),Slot 1<br>(Cannot be traded),6,5,256,1,0,1,1,0,0,0,10,1,511111
292,951312,foot_M9022,Movie Uniform Shoes (Male),Slot 2<br>(Cannot be traded),6,5,256,1,0,2,1,0,0,0,20,2,511111
293,951313,foot_M9022,Movie Uniform Shoes (Male),Slot 3<br>(Cannot be traded),6,5,256,1,0,3,1,0,0,0,30,3,511111
294,951314,foot_M9022,Movie Uniform Shoes (Male),Slot 4<br>(Cannot be traded),6,5,256,1,0,4,1,0,0,0,40,4,511111
295,951315,foot_M9022,Movie Uniform Shoes (Male),Slot 5<br>(Cannot be traded),6,5,256,1,0,5,1,0,0,0,50,5,511111
296,952111,upper_F9022,Movie Uniform Jacket (Female),Slot 1<br>(Cannot be traded),6,5,64,1,0,1,2,0,0,0,10,1,511111
297,952112,upper_F9022,Movie Uniform Jacket (Female),Slot 2<br>(Cannot be traded),6,5,64,1,0,2,2,0,0,0,20,2,511111
298,952113,upper_F9022,Movie Uniform Jacket (Female),Slot 3<br>(Cannot be traded),6,5,64,1,0,3,2,0,0,0,30,3,511111
299,952114,upper_F9022,Movie Uniform Jacket (Female),Slot 4<br>(Cannot be traded),6,5,64,1,0,4,2,0,0,0,40,4,511111
300,952115,upper_F9022,Movie Uniform Jacket (Female),Slot 5<br>(Cannot be traded),6,5,64,1,0,5,2,0,0,0,50,5,511111
301,952211,lower_F9022,Movie Uniform Bottom (Female),Slot 1<br>(Cannot be traded),6,5,128,1,0,1,2,0,0,0,10,1,511111
302,952212,lower_F9022,Movie Uniform Bottom (Female),Slot 2<br>(Cannot be traded),6,5,128,1,0,2,2,0,0,0,20,2,511111
303,952213,lower_F9022,Movie Uniform Bottom (Female),Slot 3<br>(Cannot be traded),6,5,128,1,0,3,2,0,0,0,30,3,511111
304,952214,lower_F9022,Movie Uniform Bottom (Female),Slot 4<br>(Cannot be traded),6,5,128,1,0,4,2,0,0,0,40,4,511111
305,952215,lower_F9022,Movie Uniform Bottom (Female),Slot 5<br>(Cannot be traded),6,5,128,1,0,5,2,0,0,0,50,5,511111
306,952311,foot_F9022,Movie Uniform Shoes (Female),Slot 1<br>(Cannot be traded),6,5,256,1,0,1,2,0,0,0,10,1,511111
307,952312,foot_F9022,Movie Uniform Shoes (Female),Slot 2<br>(Cannot be traded),6,5,256,1,0,2,2,0,0,0,20,2,511111
308,952313,foot_F9022,Movie Uniform Shoes (Female),Slot 3<br>(Cannot be traded),6,5,256,1,0,3,2,0,0,0,30,3,511111
309,952314,foot_F9022,Movie Uniform Shoes (Female),Slot 4<br>(Cannot be traded),6,5,256,1,0,4,2,0,0,0,40,4,511111
310,952315,foot_F9022,Movie Uniform Shoes (Female),Slot 5<br>(Cannot be traded),6,5,256,1,0,5,2,0,0,0,50,5,511111
311,951121,upper_M9022,Movie Uniform Jacket (Male),Slot 1<br>(Cannot be traded),6,5,64,1,0,1,1,0,0,0,10,1,522222
312,951122,upper_M9022,Movie Uniform Jacket (Male),Slot 2<br>(Cannot be traded),6,5,64,1,0,2,1,0,0,0,20,2,522222
313,951123,upper_M9022,Movie Uniform Jacket (Male),Slot 3<br>(Cannot be traded),6,5,64,1,0,3,1,0,0,0,30,3,522222
314,951124,upper_M9022,Movie Uniform Jacket (Male),Slot 4<br>(Cannot be traded),6,5,64,1,0,4,1,0,0,0,40,4,522222
315,951125,upper_M9022,Movie Uniform Jacket (Male),Slot 5<br>(Cannot be traded),6,5,64,1,0,5,1,0,0,0,50,5,522222
316,951221,lower_M9022,Movie Uniform Bottom (Male),Slot 1<br>(Cannot be traded),6,5,128,1,0,1,1,0,0,0,10,1,522222
317,951222,lower_M9022,Movie Uniform Bottom (Male),Slot 2<br>(Cannot be traded),6,5,128,1,0,2,1,0,0,0,20,2,522222
318,951223,lower_M9022,Movie Uniform Bottom (Male),Slot 3<br>(Cannot be traded),6,5,128,1,0,3,1,0,0,0,30,3,522222
319,951224,lower_M9022,Movie Uniform Bottom (Male),Slot 4<br>(Cannot be traded),6,5,128,1,0,4,1,0,0,0,40,4,522222
320,951225,lower_M9022,Movie Uniform Bottom (Male),Slot 5<br>(Cannot be traded),6,5,128,1,0,5,1,0,0,0,50,5,522222
321,951321,foot_M9022,Movie Uniform Shoes (Male),Slot 1<br>(Cannot be traded),6,5,256,1,0,1,1,0,0,0,10,1,522222
322,951322,foot_M9022,Movie Uniform Shoes (Male),Slot 2<br>(Cannot be traded),6,5,256,1,0,2,1,0,0,0,20,2,522222
323,951323,foot_M9022,Movie Uniform Shoes (Male),Slot 3<br>(Cannot be traded),6,5,256,1,0,3,1,0,0,0,30,3,522222
324,951324,foot_M9022,Movie Uniform Shoes (Male),Slot 4<br>(Cannot be traded),6,5,256,1,0,4,1,0,0,0,40,4,522222
325,951325,foot_M9022,Movie Uniform Shoes (Male),Slot 5<br>(Cannot be traded),6,5,256,1,0,5,1,0,0,0,50,5,522222
326,952121,upper_F9022,Movie Uniform Jacket (Female),Slot 1<br>(Cannot be traded),6,5,64,1,0,1,2,0,0,0,10,1,522222
327,952122,upper_F9022,Movie Uniform Jacket (Female),Slot 2<br>(Cannot be traded),6,5,64,1,0,2,2,0,0,0,20,2,522222
328,952123,upper_F9022,Movie Uniform Jacket (Female),Slot 3<br>(Cannot be traded),6,5,64,1,0,3,2,0,0,0,30,3,522222
329,952124,upper_F9022,Movie Uniform Jacket (Female),Slot 4<br>(Cannot be traded),6,5,64,1,0,4,2,0,0,0,40,4,522222
330,952125,upper_F9022,Movie Uniform Jacket (Female),Slot 5<br>(Cannot be traded),6,5,64,1,0,5,2,0,0,0,50,5,522222
331,952221,lower_F9022,Movie Uniform Bottom (Female),Slot 1<br>(Cannot be traded),6,5,128,1,0,1,2,0,0,0,10,1,522222
332,952222,lower_F9022,Movie Uniform Bottom (Female),Slot 2<br>(Cannot be traded),6,5,128,1,0,2,2,0,0,0,20,2,522222
333,952223,lower_F9022,Movie Uniform Bottom (Female),Slot 3<br>(Cannot be traded),6,5,128,1,0,3,2,0,0,0,30,3,522222
334,952224,lower_F9022,Movie Uniform Bottom (Female),Slot 4<br>(Cannot be traded),6,5,128,1,0,4,2,0,0,0,40,4,522222
335,952225,lower_F9022,Movie Uniform Bottom (Female),Slot 5<br>(Cannot be traded),6,5,128,1,0,5,2,0,0,0,50,5,522222
336,952321,foot_F9022,Movie Uniform Shoes (Female),Slot 1<br>(Cannot be traded),6,5,256,1,0,1,2,0,0,0,10,1,522222
337,952322,foot_F9022,Movie Uniform Shoes (Female),Slot 2<br>(Cannot be traded),6,5,256,1,0,2,2,0,0,0,20,2,522222
338,952323,foot_F9022,Movie Uniform Shoes (Female),Slot 3<br>(Cannot be traded),6,5,256,1,0,3,2,0,0,0,30,3,522222
339,952324,foot_F9022,Movie Uniform Shoes (Female),Slot 4<br>(Cannot be traded),6,5,256,1,0,4,2,0,0,0,40,4,522222
340,952325,foot_F9022,Movie Uniform Shoes (Female),Slot 5<br>(Cannot be traded),6,5,256,1,0,5,2,0,0,0,50,5,522222
341,951131,upper_M9022,Movie Uniform Jacket (Male),Slot 1<br>(Cannot be traded),6,5,64,1,0,1,1,0,0,0,10,1,533333
342,951132,upper_M9022,Movie Uniform Jacket (Male),Slot 2<br>(Cannot be traded),6,5,64,1,0,2,1,0,0,0,20,2,533333
343,951133,upper_M9022,Movie Uniform Jacket (Male),Slot 3<br>(Cannot be traded),6,5,64,1,0,3,1,0,0,0,30,3,533333
344,951134,upper_M9022,Movie Uniform Jacket (Male),Slot 4<br>(Cannot be traded),6,5,64,1,0,4,1,0,0,0,40,4,533333
345,951135,upper_M9022,Movie Uniform Jacket (Male),Slot 5<br>(Cannot be traded),6,5,64,1,0,5,1,0,0,0,50,5,533333
346,951231,lower_M9022,Movie Uniform Bottom (Male),Slot 1<br>(Cannot be traded),6,5,128,1,0,1,1,0,0,0,10,1,533333
347,951232,lower_M9022,Movie Uniform Bottom (Male),Slot 2<br>(Cannot be traded),6,5,128,1,0,2,1,0,0,0,20,2,533333
348,951233,lower_M9022,Movie Uniform Bottom (Male),Slot 3<br>(Cannot be traded),6,5,128,1,0,3,1,0,0,0,30,3,533333
349,951234,lower_M9022,Movie Uniform Bottom (Male),Slot 4<br>(Cannot be traded),6,5,128,1,0,4,1,0,0,0,40,4,533333
350,951235,lower_M9022,Movie Uniform Bottom (Male),Slot 5<br>(Cannot be traded),6,5,128,1,0,5,1,0,0,0,50,5,533333
351,951331,foot_M9022,Movie Uniform Shoes (Male),Slot 1<br>(Cannot be traded),6,5,256,1,0,1,1,0,0,0,10,1,533333
352,951332,foot_M9022,Movie Uniform Shoes (Male),Slot 2<br>(Cannot be traded),6,5,256,1,0,2,1,0,0,0,20,2,533333
353,951333,foot_M9022,Movie Uniform Shoes (Male),Slot 3<br>(Cannot be traded),6,5,256,1,0,3,1,0,0,0,30,3,533333
354,951334,foot_M9022,Movie Uniform Shoes (Male),Slot 4<br>(Cannot be traded),6,5,256,1,0,4,1,0,0,0,40,4,533333
355,951335,foot_M9022,Movie Uniform Shoes (Male),Slot 5<br>(Cannot be traded),6,5,256,1,0,5,1,0,0,0,50,5,533333
356,952131,upper_F9022,Movie Uniform Jacket (Female),Slot 1<br>(Cannot be traded),6,5,64,1,0,1,2,0,0,0,10,1,533333
357,952132,upper_F9022,Movie Uniform Jacket (Female),Slot 2<br>(Cannot be traded),6,5,64,1,0,2,2,0,0,0,20,2,533333
358,952133,upper_F9022,Movie Uniform Jacket (Female),Slot 3<br>(Cannot be traded),6,5,64,1,0,3,2,0,0,0,30,3,533333
359,952134,upper_F9022,Movie Uniform Jacket (Female),Slot 4<br>(Cannot be traded),6,5,64,1,0,4,2,0,0,0,40,4,533333
360,952135,upper_F9022,Movie Uniform Jacket (Female),Slot 5<br>(Cannot be traded),6,5,64,1,0,5,2,0,0,0,50,5,533333
361,952231,lower_F9022,Movie Uniform Bottom (Female),Slot 1<br>(Cannot be traded),6,5,128,1,0,1,2,0,0,0,10,1,533333
362,952232,lower_F9022,Movie Uniform Bottom (Female),Slot 2<br>(Cannot be traded),6,5,128,1,0,2,2,0,0,0,20,2,533333
363,952233,lower_F9022,Movie Uniform Bottom (Female),Slot 3<br>(Cannot be traded),6,5,128,1,0,3,2,0,0,0,30,3,533333
364,952234,lower_F9022,Movie Uniform Bottom (Female),Slot 4<br>(Cannot be traded),6,5,128,1,0,4,2,0,0,0,40,4,533333
365,952235,lower_F9022,Movie Uniform Bottom (Female),Slot 5<br>(Cannot be traded),6,5,128,1,0,5,2,0,0,0,50,5,533333
366,952331,foot_F9022,Movie Uniform Shoes (Female),Slot 1<br>(Cannot be traded),6,5,256,1,0,1,2,0,0,0,10,1,533333
367,952332,foot_F9022,Movie Uniform Shoes (Female),Slot 2<br>(Cannot be traded),6,5,256,1,0,2,2,0,0,0,20,2,533333
368,952333,foot_F9022,Movie Uniform Shoes (Female),Slot 3<br>(Cannot be traded),6,5,256,1,0,3,2,0,0,0,30,3,533333
369,952334,foot_F9022,Movie Uniform Shoes (Female),Slot 4<br>(Cannot be traded),6,5,256,1,0,4,2,0,0,0,40,4,533333
370,952335,foot_F9022,Movie Uniform Shoes (Female),Slot 5<br>(Cannot be traded),6,5,256,1,0,5,2,0,0,0,50,5,533333
371,951011,special_M9017,Rainbow Swimsuit,Slot 1,6,4,192,1,0,1,1,0,0,0,10,1,511111
372,951012,special_M9017,Rainbow Swimsuit,Slot 2,6,4,192,1,0,2,1,0,0,0,20,2,511111
373,951013,special_M9017,Rainbow Swimsuit,Slot 3,6,4,192,1,0,3,1,0,0,0,30,3,511111
374,951014,special_M9017,Rainbow Swimsuit,Slot 4,6,4,192,1,0,4,1,0,0,0,40,4,511111
375,951015,special_M9017,Rainbow Swimsuit,Slot 5,6,4,192,1,0,5,1,0,0,0,50,5,511111
376,952011,special_F9017,White School Swimsuit,Slot 1,6,4,192,1,0,1,2,0,0,0,10,1,511111
377,952012,special_F9017,White School Swimsuit,Slot 2,6,4,192,1,0,2,2,0,0,0,20,2,511111
378,952013,special_F9017,White School Swimsuit,Slot 3,6,4,192,1,0,3,2,0,0,0,30,3,511111
379,952014,special_F9017,White School Swimsuit,Slot 4,6,4,192,1,0,4,2,0,0,0,40,4,511111
380,952015,special_F9017,White School Swimsuit,Slot 5,6,4,192,1,0,5,2,0,0,0,50,5,511111
381,951021,special_M9017,Rainbow Swimsuit,Slot 1,6,4,192,1,0,1,1,0,0,0,10,1,522222
382,951022,special_M9017,Rainbow Swimsuit,Slot 2,6,4,192,1,0,2,1,0,0,0,20,2,522222
383,951023,special_M9017,Rainbow Swimsuit,Slot 3,6,4,192,1,0,3,1,0,0,0,30,3,522222
384,951024,special_M9017,Rainbow Swimsuit,Slot 4,6,4,192,1,0,4,1,0,0,0,40,4,522222
385,951025,special_M9017,Rainbow Swimsuit,Slot 5,6,4,192,1,0,5,1,0,0,0,50,5,522222
386,952021,special_F9017,White School Swimsuit,Slot 1,6,4,192,1,0,1,2,0,0,0,10,1,522222
387,952022,special_F9017,White School Swimsuit,Slot 2,6,4,192,1,0,2,2,0,0,0,20,2,522222
388,952023,special_F9017,White School Swimsuit,Slot 3,6,4,192,1,0,3,2,0,0,0,30,3,522222
389,952024,special_F9017,White School Swimsuit,Slot 4,6,4,192,1,0,4,2,0,0,0,40,4,522222
390,952025,special_F9017,White School Swimsuit,Slot 5,6,4,192,1,0,5,2,0,0,0,50,5,522222
391,951031,special_M9017,Rainbow Swimsuit,Slot 1,6,4,192,1,0,1,1,0,0,0,10,1,533333
392,951032,special_M9017,Rainbow Swimsuit,Slot 2,6,4,192,1,0,2,1,0,0,0,20,2,533333
393,951033,special_M9017,Rainbow Swimsuit,Slot 3,6,4,192,1,0,3,1,0,0,0,30,3,533333
394,951034,special_M9017,Rainbow Swimsuit,Slot 4,6,4,192,1,0,4,1,0,0,0,40,4,533333
395,951035,special_M9017,Rainbow Swimsuit,Slot 5,6,4,192,1,0,5,1,0,0,0,50,5,533333
396,952031,special_F9017,White School Swimsuit,Slot 1,6,4,192,1,0,1,2,0,0,0,10,1,533333
397,952032,special_F9017,White School Swimsuit,Slot 2,6,4,192,1,0,2,2,0,0,0,20,2,533333
398,952033,special_F9017,White School Swimsuit,Slot 3,6,4,192,1,0,3,2,0,0,0,30,3,533333
399,952034,special_F9017,White School Swimsuit,Slot 4,6,4,192,1,0,4,2,0,0,0,40,4,533333
400,952035,special_F9017,White School Swimsuit,Slot 5,6,4,192,1,0,5,2,0,0,0,50,5,533333
401,951435,cap_M9027,Purple School Hat,Slot 5<br>(Cannot be traded),6,5,1,2,0,5,1,0,0,0,50,5,533333
402,952435,cap_F9027,Purple School Hat,Slot 5<br>(Cannot be traded),6,5,1,2,0,5,2,0,0,0,50,5,533333
403,150001,upper_M0002,Winter Uniform Jacket,Estivar Academy winter uniform for male students<br>(Cannot be traded/sold),6,7,64,1,0,0,1,1,0,0,0,1,522222
404,150002,lower_M0002,Winter Uniform Pants,Estivar Academy winter uniform for male students<br>(Cannot be traded/sold),6,7,128,1,0,0,1,1,0,0,0,1,522222
405,150003,foot_M0002,Winter Uniform Shoes,Estivar Academy winter uniform shoes for male students<br>(Cannot be traded/sold),6,7,256,1,0,0,1,1,0,0,0,1,522222
406,150004,upper_F0002,Winter Uniform Jacket,Estivar Academy winter uniform for female students<br>(Cannot be traded/sold),6,7,64,1,0,0,2,1,0,0,0,1,522222
407,150005,lower_F0002,Winter Uniform Skirt,Estivar Academy winter uniform for female students<br>(Cannot be traded/sold),6,7,128,1,0,0,2,1,0,0,0,1,522222
408,150006,foot_F0002,Winter Uniform Boots,Estivar Academy winter uniform shoes for female students<br>(Cannot be traded/sold),6,7,256,1,0,0,2,1,0,0,0,1,522222
409,150007,upper_M0001,Summer Uniform Jacket,Estivar Academy summer uniform for male students<br>(Cannot be traded/sold),6,7,64,1,0,0,1,1,0,0,0,1,522222
410,150008,lower_M0001,Summer Uniform Pants,Estivar Academy summer uniform for male students<br>(Cannot be traded/sold),6,7,128,1,0,0,1,1,0,0,0,1,522222
411,150009,foot_M0001,Summer Uniform Shoes,Estivar Academy summer uniform shoes for male students<br>(Cannot be traded/sold),6,7,256,1,0,0,1,1,0,0,0,1,522222
412,150010,upper_F0001,Summer Uniform Jacket,Estivar Academy summer uniform for female students<br>(Cannot be traded/sold),6,7,64,1,0,0,2,1,0,0,0,1,522222
413,150011,lower_F0001,Summer Uniform Skirt,Estivar Academy summer uniform for female students<br>(Cannot be traded/sold),6,7,128,1,0,0,2,1,0,0,0,1,522222
414,150012,foot_F0001,Summer Uniform Shoes,Estivar Academy summer uniform shoes for female students<br>(Cannot be traded/sold),6,7,256,1,0,0,2,1,0,0,0,1,522222
415,150013,special_F0004,Nurse Uniform,Estivar Academy Nursing Club uniform for female students.,6,4,192,1,0,0,2,1,0,0,0,1,522222
416,150014,cap_F0004,Nurse Cap,Estivar Academy Nursing Club cap for female students.,6,4,1,2,0,0,2,1,0,0,0,0,522222
417,150015,hand_F0004,Nurse Gloves,Estivar Academy Nursing Club gloves for female students.,6,4,8,1,0,0,2,1,0,0,0,0,522222
418,150016,foot_F0004,Nurse Shoes,Estivar Academy Nursing Club shoes for female students.,6,4,256,1,0,0,2,1,0,0,0,1,522222
419,150017,back_F0004,First Aid Bag,Estivar Academy Nursing Club bag for female students.,6,4,4,2,0,0,2,1,0,0,0,0,522222
420,150018,upper_M0004,Nurse Uniform Jacket,Estivar Academy Nursing Club uniform for male students.,6,4,64,1,0,0,1,1,0,0,0,1,522222
421,150019,lower_M0004,Nurse Uniform Pants,Estivar Academy Nursing Club uniform for male students.,6,4,128,1,0,0,1,1,0,0,0,1,522222
422,150020,hand_M0004,Nurse Gloves,Estivar Academy Nursing Club gloves for male students.,6,4,8,1,0,0,1,1,0,0,0,0,522222
423,150021,foot_M0004,Nurse Shoes,Estivar Academy Nursing Club shoes for male students.,6,4,256,1,0,0,1,1,0,0,0,1,522222
424,150022,back_M0004,First Aid Bag,Estivar Academy Nursing Club bag for male students.,8,4,4,2,0,0,1,1,0,0,0,0,522222
425,150023,upper_F0003,Handicrafts Club Jacket,Estivar Academy Handicrafts Club jacket for female students.,6,4,64,1,0,0,2,1,0,0,0,1,522222
426,150024,lower_F0003,Handicrafts Club Skirt,Estivar Academy Handicrafts Club skirt for female students.,6,4,128,1,0,0,2,1,0,0,0,1,522222
427,150025,foot_F0003,Handicrafts Club Shoes,Estivar Academy Handicrafts Club shoes for female students.,6,4,256,1,0,0,2,1,0,0,0,1,522222
428,150026,,Handicrafts Club Hat,Estivar Academy Handicrafts Club hat for female students.,6,4,1,2,0,0,2,1,0,0,0,0,522222
429,150027,upper_M0003,Handicrafts Club Jacket,Estivar Academy Handicrafts Club jacket for male students.,6,4,64,1,0,0,1,1,0,0,0,1,522222
430,150028,lower_M0003,Handicrafts Club Pants,Estivar Academy Handicrafts Club pants for male students.,6,4,128,1,0,0,1,1,0,0,0,1,522222
431,150029,foot_M0003,Handicrafts Club Shoes,Estivar Academy Handicrafts Club shoes for male students.,6,4,256,1,0,0,1,1,0,0,0,1,522222
432,150030,special_M0005,Lab Coat,Estivar Academy Science Club uniform for male students.,6,4,192,1,0,0,1,1,0,0,0,1,522222
433,150031,foot_M0005,Lab Shoes,Estivar Academy Science Club shoes designed to protect against dangerous chemicals and broken glass. For male students.,6,4,256,1,0,0,1,1,0,0,0,1,522222
434,150032,special_F0005,Lab Coat,Estivar Academy Science Club uniform for female students.,6,4,192,1,0,0,2,1,0,0,0,1,522222
435,150033,foot_F0005,Lab Shoes,Estivar Academy Science Club shoes designed to protect against dangerous chemicals and broken glass. For female students.,6,4,256,1,0,0,2,1,0,0,0,1,522222
436,150034,cap_M0004,Nurse Glasses,Stylish glasses favored by nurses. For male students of Estivar Academy.,6,4,1,2,0,0,1,1,0,0,0,0,522222
437,150035,etc_be050035,Stefano’s Handkerchief,Butler Stefano’s handkerchief. Does anyone actually collect things like this?,7,4,0,0,0,0,0,0,0,0,0,0,522222
438,150036,etc_be050036,Page’s Handkerchief,Librarian Page’s handkerchief. Be careful not to let Page catch you.,7,4,0,0,0,0,0,0,0,0,0,0,522222
439,150037,etc_be050037,Strange Bear’s Handkerchief,Strange Bear’s handkerchief. What terrible taste.,7,4,0,0,0,0,0,0,0,0,0,0,522222
440,150038,etc_be050038,Bianca’s Handkerchief,"Professor Bianca’s lace handkerchief, known among collectors as an ultra-rare item. Extremely difficult to obtain.",7,4,0,0,0,0,0,0,0,0,0,0,522222
441,150039,special_F0007,Animal Care Uniform,Estivar Academy Animal Care Club uniform for female students.,6,4,192,1,0,0,2,1,0,0,0,1,522222
442,150040,foot_F0007,Animal Care Shoes,Estivar Academy Animal Care Club shoes for female students.,6,4,256,1,0,0,2,1,0,0,0,1,522222
443,150041,cap_F0007,Cat Ears,Estivar Academy Animal Care Club hat. Wearing it makes you feel like you can understand animals. For female students.,6,4,1,2,0,0,2,1,0,0,0,0,522222
444,150042,special_M0007,Animal Care Uniform,Estivar Academy Animal Care Club uniform for male students.,6,4,192,1,0,0,1,1,0,0,0,1,522222
445,150043,foot_M0007,Animal Care Shoes,Estivar Academy Animal Care Club shoes for male students.,6,4,256,1,0,0,1,1,0,0,0,1,522222
446,150044,cap_M0007,Dog Ears,Estivar Academy Animal Care Club hat. Wearing it makes you feel like you can understand animals. For male students.,6,4,1,2,0,0,1,1,0,0,0,0,522222
447,150045,upper_F0008,Safari Shirt,Estivar Academy Exploration Club uniform for female students.,6,4,64,1,0,0,2,1,0,0,0,1,522222
448,150046,lower_F0008,Safari Pants,Estivar Academy Exploration Club uniform for female students.,6,4,128,1,0,0,2,1,0,0,0,1,522222
449,150047,foot_F0008,Safari Shoes,Estivar Academy Exploration Club shoes for female students.,6,4,256,1,0,0,2,1,0,0,0,1,522222
450,150048,cap_F0008,Safari Hat,Estivar Academy Exploration Club hat for female students.,6,4,1,2,0,0,2,1,0,0,0,0,522222
451,150049,upper_M0008,Safari Shirt,Estivar Academy Exploration Club jacket for male students.,6,4,64,1,0,0,1,1,0,0,0,1,522222
452,150050,lower_M0008,Safari Pants,Estivar Academy Exploration Club pants for male students.,6,4,128,1,0,0,1,1,0,0,0,1,522222
453,150051,foot_M0008,Safari Shoes,Estivar Academy Exploration Club shoes for male students.,6,4,256,1,0,0,1,1,0,0,0,1,522222
454,150052,cap_M0008,Safari Hat,Estivar Academy Exploration Club hat for male students.,6,4,1,2,0,0,1,1,0,0,0,0,522222
455,150053,etc_be050053,Sweat It Out! Madame Namaniel,A photo book of Madame Namaniel striking sultry poses in an extremely hot sauna. Just looking at it will make you feel hot.,9,4,0,0,0,0,0,0,0,0,0,0,522222
456,150054,etc_be050054,Naughty Cover Book,"A book with only a naughty cover. The contents are actually complicated and difficult English academic papers. These days, even kindergarteners wouldn’t be fooled by such a trick.",9,4,0,0,0,0,0,0,0,0,0,0,522222
457,150055,special_M0006,Waiter Uniform,Estivar Academy shop part-time uniform for male students.,6,4,192,1,0,0,1,1,0,0,0,1,522222
458,150056,foot_M0006,Waiter Shoes,Men’s shoes that match the Estivar Academy shop part-time uniform.,6,4,256,1,0,0,1,1,0,0,0,1,522222
459,150057,special_F0006,Waitress Uniform,Estivar Academy shop part-time uniform for female students.,6,4,192,1,0,0,2,1,0,0,0,1,522222
460,150058,foot_F0006,Waitress Shoes,Cute shoes that match the Estivar Academy shop part-time uniform. For female students.,6,4,256,1,0,0,2,1,0,0,0,1,522222
461,150059,cap_F0006,Headband,A cute headband that keeps your hair neatly in place while working. For female students of Estivar Academy.,6,4,1,2,0,0,2,1,0,0,0,0,522222
462,150060,upper_M1002,Winter Uniform Jacket,Sowol Academy winter uniform for male students<br>(Cannot be traded/sold),6,7,64,1,0,0,1,2,0,0,0,1,522222
463,150061,lower_M1002,Winter Uniform Pants,Sowol Academy winter uniform for male students<br>(Cannot be traded/sold),6,7,128,1,0,0,1,2,0,0,0,1,522222
464,150062,foot_M1002,Winter Uniform Shoes,Sowol Academy winter uniform shoes for male students<br>(Cannot be traded/sold),6,7,256,1,0,0,1,2,0,0,0,1,522222
465,150063,upper_F1002,Winter Uniform Jacket,Sowol Academy winter uniform for female students<br>(Cannot be traded/sold),6,7,64,1,0,0,2,2,0,0,0,1,522222
466,150064,lower_F1002,Winter Uniform Skirt,Sowol Academy winter uniform for female students<br>(Cannot be traded/sold),6,7,128,1,0,0,2,2,0,0,0,1,522222
467,150065,foot_F1002,Winter Uniform Shoes,Sowol Academy winter uniform shoes for female students<br>(Cannot be traded/sold),6,7,256,1,0,0,2,2,0,0,0,1,522222
468,150066,upper_M1001,Summer Uniform Jacket,Sowol Academy summer uniform for male students<br>(Cannot be traded/sold),6,7,64,1,0,0,1,2,0,0,0,1,522222
469,150067,lower_M1001,Summer Uniform Pants,Sowol Academy summer uniform for male students<br>(Cannot be traded/sold),6,7,128,1,0,0,1,2,0,0,0,1,522222
470,150068,foot_M1001,Summer Uniform Shoes,Sowol Academy summer uniform shoes for male students<br>(Cannot be traded/sold),6,7,256,1,0,0,1,2,0,0,0,1,522222
471,150069,special_F1001,Summer Uniform,Sowol Academy summer uniform for female students<br>(Cannot be traded/sold),6,7,192,1,0,0,2,2,0,0,0,1,522222
472,150070,foot_F1001,Summer Uniform Shoes,Sowol Academy summer uniform shoes for female students<br>(Cannot be traded/sold),6,7,256,1,0,0,2,2,0,0,0,1,522222
473,150071,cap_F1004,Nurse Cap,Sowol Academy Nursing Club cap for female students.,6,4,1,2,0,0,2,2,0,0,0,0,522222
474,150072,hand_F1004,Nurse Gloves,Sowol Academy Nursing Club gloves for female students.,6,4,8,1,0,0,2,2,0,0,0,0,522222
475,150073,special_F1004,Nurse Uniform,Sowol Academy Nursing Club uniform for female students.,6,4,192,1,0,0,2,2,0,0,0,1,522222
476,150074,foot_F1004,Nurse Shoes,Sowol Academy Nursing Club shoes for female students.,6,4,256,1,0,0,2,2,0,0,0,1,522222
477,150075,cap_M1004,Nurse Cap,Sowol Academy Nursing Club cap for male students.,6,4,1,2,0,0,1,2,0,0,0,0,522222
478,150076,hand_M1004,Nurse Gloves,Sowol Academy Nursing Club gloves for male students.,6,4,8,1,0,0,1,2,0,0,0,0,522222
479,150077,special_M1004,Nurse Uniform,Sowol Academy Nursing Club uniform for male students.,6,4,192,1,0,0,1,2,0,0,0,1,522222
480,150078,foot_M1004,Nurse Shoes,Sowol Academy Nursing Club shoes for male students.,6,4,256,1,0,0,1,2,0,0,0,1,522222
481,150079,cap_F1007,Fox Hat,Sowol Academy Animal Care Club hat. Wearing it makes you feel like you can understand animals. For female students.,6,4,1,2,0,0,2,2,0,0,0,0,522222
482,150080,special_F1007,Animal Care Uniform,Sowol Academy Animal Care Club uniform for female students.,6,4,192,1,0,0,2,2,0,0,0,1,522222
483,150081,foot_F1007,Animal Care Shoes,Sowol Academy Animal Care Club shoes for female students.,6,4,256,1,0,0,2,2,0,0,0,1,522222
484,150082,cap_M1007,Bear Hat,Sowol Academy Animal Care Club hat. Wearing it makes you feel like you can understand animals. For male students.,6,4,1,2,0,0,1,2,0,0,0,0,522222
485,150083,special_M1007,Animal Care Uniform,Sowol Academy Animal Care Club uniform for male students.,6,4,192,1,0,0,1,2,0,0,0,1,522222
486,150084,foot_M1007,Animal Care Shoes,Sowol Academy Animal Care Club shoes for male students.,6,4,256,1,0,0,1,2,0,0,0,1,522222
487,150085,cap_F1005,Lab Mask,Sowol Academy Science Club mask for female students.,6,4,1,2,0,0,2,2,0,0,0,0,522222
488,150086,hand_M1005,Lab Gloves,Sowol Academy Science Club gloves for male students.,6,4,8,1,0,0,1,2,0,0,0,0,522222
489,150087,special_F1005,Lab Coat,Sowol Academy Science Club uniform for female students.,6,4,192,1,0,0,2,2,0,0,0,1,522222
490,150088,foot_F1005,Lab Shoes,Sowol Academy Science Club shoes for female students.,6,4,256,1,0,0,2,2,0,0,0,1,522222
491,150089,cap_M1005,Lab Mask,Sowol Academy Science Club mask for male students.,6,4,1,2,0,0,1,2,0,0,0,0,522222
492,150090,special_M1005,Lab Coat,Sowol Academy Science Club uniform for male students.,6,4,192,1,0,0,1,2,0,0,0,1,522222
493,150091,foot_M1005,Lab Shoes,Sowol Academy Science Club shoes for male students.,6,4,256,1,0,0,1,2,0,0,0,1,522222
494,150092,special_M9001,Santa Student Uniform,An outfit designed for the Christmas season. Recognized as an official uniform only during the holidays.,6,4,192,1,0,0,1,0,0,0,0,1,522222
495,150093,cap_M9001,Santa Hat,A key part of the Santa outfit. Warmer than it looks.,6,4,1,2,0,0,1,0,0,0,0,0,522222
496,150094,foot_M9001,Santa Boots,Designed to prevent slipping on snow.,6,4,256,1,0,0,1,0,0,0,0,1,522222
497,150095,special_F9001,Santa Student Uniform,An outfit designed for the Christmas season. Recognized as an official uniform only during the holidays.,6,4,192,1,0,0,2,0,0,0,0,1,522222
498,150096,cap_F9001,Santa Hat,A key part of the Santa outfit. Warmer than it looks.,6,4,1,2,0,0,2,0,0,0,0,0,522222
499,150097,foot_F9001,Santa Boots,Designed to prevent slipping on snow.,6,4,256,1,0,0,2,0,0,0,0,1,522222
500,150098,hand_M9001,Santa Gloves,"Striking red-and-white gloves. The palms are made of soft leather, giving them a premium feel.",6,4,8,1,0,0,1,0,0,0,0,0,522222
501,150099,hand_F9001,Santa Gloves,"Striking red-and-white gloves. The palms are made of soft leather, giving them a premium feel.",6,4,8,1,0,0,2,0,0,0,0,0,522222
502,150100,hand_F1005,Lab Gloves,Sowol Academy Science Club gloves for female students.,6,4,8,1,0,0,2,2,0,0,0,0,522222
503,150101,upper_M0009,Basketball Club Uniform,Estivar Academy Basketball Club uniform for male students.,6,4,64,1,0,0,1,1,0,0,0,1,522222
504,150102,lower_M0009,Basketball Club Shorts,Estivar Academy Basketball Club uniform for male students.,6,4,128,1,0,0,1,1,0,0,0,1,522222
505,150103,foot_M0009,Basketball Shoes,Estivar Academy Basketball Club shoes for male students.,6,4,256,1,0,0,1,1,0,0,0,1,522222
506,150104,upper_F0009,Basketball Club Uniform,Estivar Academy Basketball Club uniform for female students.,6,4,64,1,0,0,2,1,0,0,0,1,522222
507,150105,lower_F0009,Basketball Club Shorts,Estivar Academy Basketball Club uniform for female students.,6,4,128,1,0,0,2,1,0,0,0,1,522222
508,150106,foot_F0009,Basketball Shoes,Estivar Academy Basketball Club shoes for female students.,6,4,256,1,0,0,2,1,0,0,0,1,522222
509,150107,special_M0010,Coat,Estivar Academy winter coat for male students.,6,4,192,1,0,0,1,1,0,0,0,1,522222
510,150108,special_F0010,Coat,Estivar Academy winter coat for female students.,6,4,192,1,0,0,2,1,0,0,0,1,522222
511,150109,upper_M0011,Gym Uniform,Estivar Academy gym uniform for male students.,6,4,64,1,0,0,1,1,0,0,0,1,522222
512,150110,lower_M0011,Shorts,Estivar Academy gym uniform for male students.,6,4,128,1,0,0,1,1,0,0,0,1,522222
513,150111,upper_F0011,Gym Uniform,Estivar Academy gym uniform for female students.,6,4,64,1,0,0,2,1,0,0,0,1,522222
514,150112,lower_F0011,Shorts,Estivar Academy gym uniform for female students.,6,4,128,1,0,0,2,1,0,0,0,1,522222
515,150113,upper_M0012,Training Outfit,Estivar Academy winter training outfit for male students.,6,4,64,1,0,0,1,1,0,0,0,1,522222
516,150114,lower_M0012,Training Pants,Estivar Academy winter training outfit for male students.,6,4,128,1,0,0,1,1,0,0,0,1,522222
517,150115,upper_F0012,Training Outfit,Estivar Academy winter training outfit for female students.,6,4,64,1,0,0,2,1,0,0,0,1,522222
518,150116,lower_F0012,Training Pants,Estivar Academy winter training outfit for female students.,6,4,128,1,0,0,2,1,0,0,0,1,522222
519,150117,upper_M0013,Cardigan,Estivar Academy cardigan for male students.,6,4,64,1,0,0,1,1,0,0,0,1,522222
520,150118,upper_F0013,Cardigan,Estivar Academy cardigan for female students.,6,4,64,1,0,0,2,1,0,0,0,1,522222
521,150119,upper_M0014,Student Council Uniform,Estivar Academy Student Council uniform for male students.,6,4,64,1,0,0,1,1,0,0,0,1,522222
522,150120,lower_M0014,Student Council Pants,Estivar Academy Student Council uniform for male students.,6,4,128,1,0,0,1,1,0,0,0,1,522222
523,150121,foot_M0014,Student Council Shoes,Estivar Academy Student Council shoes for male students.,6,4,256,1,0,0,1,1,0,0,0,1,522222
524,150122,special_F0014,Student Council Uniform,Estivar Academy Student Council uniform for female students.,6,4,192,1,0,0,2,1,0,0,0,1,522222
525,150123,lower_F0014,Student Council Uniform Skirt,Estivar Academy Student Council uniform for female students.,6,4,128,1,0,0,2,1,0,0,0,1,522222
526,150124,foot_F0014,Student Council Shoes,Estivar Academy Student Council shoes for female students.,6,4,256,1,0,0,2,1,0,0,0,1,522222
527,150125,special_M0015,Swimsuit,Estivar Academy Swimming Club uniform for male students.,6,4,192,1,0,0,1,1,0,0,0,1,522222
528,150126,special_F0015,School Swimsuit,Estivar Academy Swimming Club uniform for female students.,6,4,192,1,0,0,2,1,0,0,0,1,522222
529,150127,upper_M0016,Summer Uniform Jacket,A variation of the Estivar Academy summer uniform for male students.,6,4,64,1,0,0,1,1,0,0,0,1,522222
530,150128,lower_M0016,Summer Uniform Pants,A variation of the Estivar Academy summer uniform for male students.,6,4,128,1,0,0,1,1,0,0,0,1,522222
531,150129,upper_M0017,Winter Uniform Jacket,A variation of the Estivar Academy winter uniform for male students.,6,4,64,1,0,0,1,1,0,0,0,1,522222
532,150130,upper_F0016,Summer Uniform Jacket,A variation of the Estivar Academy summer uniform for female students.,6,4,64,1,0,0,2,1,0,0,0,1,522222
533,150131,lower_F0016,Summer Uniform Shorts,A variation of the Estivar Academy summer uniform for female students.,6,4,128,1,0,0,2,1,0,0,0,1,522222
534,150132,special_F0017,Winter Uniform,A variation of the Estivar Academy winter uniform for female students.,6,4,192,1,0,0,2,1,0,0,0,1,522222
535,150133,upper_M0026,Gambler Jacket,Estivar Academy Gambling Club uniform for male students.,6,4,64,1,0,0,1,1,0,0,0,1,522222
536,150134,lower_M0026,Gambler Pants,Estivar Academy Gambling Club uniform for male students.,6,4,128,1,0,0,1,1,0,0,0,1,522222
537,150135,foot_M0026,Gambler Shoes,Estivar Academy Gambling Club shoes for male students.,6,4,256,1,0,0,1,1,0,0,0,1,522222
538,150136,upper_F0026,Gambler Jacket,Estivar Academy Gambling Club uniform for female students.,6,4,64,1,0,0,2,1,0,0,0,1,522222
539,150137,lower_F0026,Gambler Skirt,Estivar Academy Gambling Club uniform for female students.,6,4,128,1,0,0,2,1,0,0,0,1,522222
540,150138,foot_F0026,Gambler Shoes,Estivar Academy Gambling Club shoes for female students.,6,4,256,1,0,0,2,1,0,0,0,1,522222
541,150139,upper_M0019,Martial Arts Top,Estivar Academy Martial Arts Club uniform for male students.,6,4,64,1,0,0,1,1,0,0,0,1,522222
542,150140,lower_M0019,Martial Arts Pants,Estivar Academy Martial Arts Club uniform for male students.,6,4,128,1,0,0,1,1,0,0,0,1,522222
543,150141,hand_M0019,Knuckle Guard,"Estivar Academy Martial Arts Club gloves. Padding protects the fists, making it safer for both the attacker and the target. For male students.",6,4,8,1,0,0,1,1,0,0,0,0,522222
544,150142,cap_M0019,Guts Headband,Estivar Academy Martial Arts Club headgear. For male students.,6,4,1,2,0,0,1,1,0,0,0,0,522222
545,150143,foot_M0019,Build-Up Shoes,Estivar Academy Martial Arts Club shoes with built-in weights for training. For male students.,6,4,256,1,0,0,1,1,0,0,0,1,522222
546,150144,upper_F0019,Martial Arts Top,Estivar Academy Martial Arts Club uniform for female students.,6,4,64,1,0,0,2,1,0,0,0,1,522222
547,150145,lower_F0019,Martial Arts Pants,Estivar Academy Martial Arts Club uniform for female students.,6,4,128,1,0,0,2,1,0,0,0,1,522222
548,150146,hand_F0019,Knuckle Guard,"Estivar Academy Martial Arts Club gloves. Padding protects the fists, making it safer for both the attacker and the target. For female students.",6,4,8,1,0,0,2,1,0,0,0,0,522222
549,150147,cap_F0019,Guts Headband,Estivar Academy Martial Arts Club headgear. For female students.,6,4,1,2,0,0,2,1,0,0,0,0,522222
550,150148,foot_F0019,Build-Up Shoes,Estivar Academy Martial Arts Club shoes with built-in weights for training. For female students.,6,4,256,1,0,0,2,1,0,0,0,1,522222
551,150149,upper_M0023,Chef Jacket,Estivar Academy Cooking Club uniform for male students.,6,4,64,1,0,0,1,1,0,0,0,1,522222
552,150150,lower_M0023,Chef Pants,Estivar Academy Cooking Club uniform for male students.,6,4,128,1,0,0,1,1,0,0,0,1,522222
553,150151,cap_M0023,Chef Hat,Estivar Academy Cooking Club hat for male students.,6,4,1,2,0,0,1,1,0,0,0,0,522222
554,150152,foot_M0023,Chef Shoes,Estivar Academy Cooking Club shoes for male students.,6,4,256,1,0,0,1,1,0,0,0,1,522222
555,150153,upper_F0023,Chef Uniform,Estivar Academy Cooking Club uniform for female students.,6,4,64,1,0,0,2,1,0,0,0,1,522222
556,150154,lower_F0023,Apron Skirt,Estivar Academy Cooking Club uniform for female students.,6,4,128,1,0,0,2,1,0,0,0,1,522222
557,150155,cap_F0023,Chef Hat,Estivar Academy Cooking Club hat for female students.,6,4,1,2,0,0,2,1,0,0,0,0,522222
558,150156,foot_F0023,Chef Shoes,Estivar Academy Cooking Club shoes for female students.,6,4,256,1,0,0,2,1,0,0,0,1,522222
559,150157,upper_M0025,Cheer Uniform Top,Estivar Academy Cheer Club uniform for male students.,6,4,64,1,0,0,1,1,0,0,0,1,522222
560,150158,lower_M0025,Cheer Uniform Pants,Estivar Academy Cheer Club uniform for male students.,6,4,128,1,0,0,1,1,0,0,0,1,522222
561,150159,hand_M0025,Cheer Gloves,Estivar Academy Cheer Club gloves for male students.,6,4,8,1,0,0,1,1,0,0,0,0,522222
562,150160,foot_M0025,Cheer Shoes,Estivar Academy Cheer Club shoes for male students.,6,4,256,1,0,0,1,1,0,0,0,1,522222
563,150161,tool_M0025,Cheer Props,Estivar Academy Cheer Club props for male students.,6,4,16,2,0,0,1,1,0,0,0,0,522222
564,150162,upper_F0025,Cheer Uniform,Estivar Academy Cheer Club uniform for female students.,6,4,64,1,0,0,2,1,0,0,0,1,522222
565,150163,lower_F0025,Cheer Skirt,Estivar Academy Cheer Club uniform for female students.,6,4,128,1,0,0,2,1,0,0,0,1,522222
566,150164,lower_F0021,Cheerleader Gloves,Estivar Academy Cheer Club gloves for female students.,6,4,8,1,0,0,2,1,0,0,0,0,522222
567,150165,foot_F0025,Cheer Shoes,Estivar Academy Cheer Club shoes for female students.,6,4,256,1,0,0,2,1,0,0,0,1,522222
568,150166,tool_F0025,Cheer Props,Estivar Academy Cheer Club props for female students.,6,4,16,2,0,0,2,1,0,0,0,0,522222
569,150167,upper_M0024,Gentleman’s Suit,Estivar Academy Tea Time Club uniform for male students.,6,4,64,1,0,0,1,1,0,0,0,1,522222
570,150168,lower_M0024,Gentleman’s Pants,Estivar Academy Tea Time Club uniform for male students.,6,4,128,1,0,0,1,1,0,0,0,1,522222
571,150169,cap_M0024,Top Hat,Estivar Academy Tea Time Club hat for male students.,6,4,1,2,0,0,1,1,0,0,0,0,522222
572,150170,foot_M0024,Gentleman’s Shoes,Estivar Academy Tea Time Club shoes for male students.,6,4,256,1,0,0,1,1,0,0,0,1,522222
573,150171,special_F0024,Mademoiselle Dress,Estivar Academy Tea Time Club uniform for female students.,6,4,192,1,0,0,2,1,0,0,0,1,522222
574,150172,cap_F0024,Mademoiselle Hat,Estivar Academy Tea Time Club hat for female students.,6,4,1,2,0,0,2,1,0,0,0,0,522222
575,150173,foot_F0024,Mademoiselle Shoes,Estivar Academy Tea Time Club shoes for female students.,6,4,256,1,0,0,2,1,0,0,0,1,522222
576,150174,tool_F0024,Elegant Fan,Estivar Academy Tea Time Club fan. Female-only prop.,6,4,16,2,0,0,2,1,0,0,0,0,522222
577,150175,special_M1006,Shop Part-Time Uniform,Sowol Academy shop part-time uniform for male students.,6,4,192,1,0,0,1,2,0,0,0,1,522222
578,150176,foot_M1006,Shop Part-Time Shoes,Sowol Academy shop part-time shoes for male students.,6,4,256,1,0,0,1,2,0,0,0,1,522222
579,150177,cap_M1006,Shop Part-Time Headband,Sowol Academy shop part-time headband for male students.,6,4,1,2,0,0,1,2,0,0,0,0,522222
580,150178,special_F1006,Shop Part-Time Uniform,Sowol Academy shop part-time uniform for female students.,6,4,192,1,0,0,2,2,0,0,0,1,522222
581,150179,foot_F1006,Shop Part-Time Shoes,Sowol Academy shop part-time shoes for female students.,6,4,256,1,0,0,2,2,0,0,0,1,522222
582,150180,cap_F1006,Shop Part-Time Hood,Sowol Academy shop part-time hood for female students.,6,4,1,2,0,0,2,2,0,0,0,0,522222
583,150181,special_M1015,Swimwear,Sowol Academy Swimming Club uniform for male students.,6,4,192,1,0,0,1,2,0,0,0,1,522222
584,150182,special_F1015,Competitive Swimsuit,Sowol Academy Swimming Club uniform for female students.,6,4,192,1,0,0,2,2,0,0,0,1,522222
585,150183,upper_M1016,Summer Uniform Jacket,A variation of the Sowol Academy summer uniform for male students.,6,4,64,1,0,0,1,2,0,0,0,1,522222
586,150184,lower_M1016,Summer Uniform Pants,A variation of the Sowol Academy summer uniform for male students.,6,4,128,1,0,0,1,2,0,0,0,1,522222
587,150185,upper_M1017,Winter Uniform Jacket,A variation of the Sowol Academy winter uniform for male students.,6,4,64,1,0,0,1,2,0,0,0,1,522222
588,150186,upper_F1016,Summer Uniform Jacket,A variation of the Sowol Academy summer uniform for female students.,6,4,64,1,0,0,2,2,0,0,0,1,522222
589,150187,lower_F1016,Summer Uniform Skirt,A variation of the Sowol Academy summer uniform for female students.,6,4,128,1,0,0,2,2,0,0,0,1,522222
590,150188,lower_F1017,Winter Uniform Skirt,A variation of the Sowol Academy winter uniform for female students.,6,4,128,1,0,0,2,2,0,0,0,1,522222
591,150189,upper_M1018,Soccer Jersey,Sowol Academy Soccer Club uniform for male students.,6,4,64,1,0,0,1,2,0,0,0,1,522222
592,150190,lower_M1018,Soccer Shorts,Sowol Academy Soccer Club uniform for male students.,6,4,128,1,0,0,1,2,0,0,0,1,522222
593,150191,foot_M1018,Soccer Shoes,Sowol Academy Soccer Club shoes for male students.,6,4,256,1,0,0,1,2,0,0,0,1,522222
594,150192,upper_F1018,Soccer Jersey,Sowol Academy Soccer Club uniform for female students.,6,4,64,1,0,0,2,2,0,0,0,1,522222
595,150193,lower_F1018,Soccer Shorts,Sowol Academy Soccer Club uniform for female students.,6,4,128,1,0,0,2,2,0,0,0,1,522222
596,150194,foot_F1018,Soccer Shoes,Sowol Academy Soccer Club shoes for female students.,6,4,256,1,0,0,2,2,0,0,0,1,522222
597,150195,special_M1019,Ninja Outfit,Sowol Academy Ninja Club outfit for male students.,6,4,192,1,0,0,1,2,0,0,0,1,522222
598,150196,foot_M1019,Ninja Leg Wraps,"Sowol Academy Ninja Club leg wraps. With proper training, they allow you to move without making a sound. For male students.",6,4,256,1,0,0,1,2,0,0,0,1,522222
599,150197,hand_M1019,Ninja Arm Guards,Sowol Academy Ninja Club gloves for male students.,6,4,8,1,0,0,1,2,0,0,0,0,522222
600,150198,cap_M1019,Ninja Face Mask,Sowol Academy Ninja Club face mask for male students.,6,4,1,2,0,0,1,2,0,0,0,0,522222
601,150199,special_F1019,Ninja Outfit,Sowol Academy Ninja Club outfit for female students.,6,4,192,1,0,0,2,2,0,0,0,1,522222
602,150200,foot_F1019,Ninja Leg Wraps,"Sowol Academy Ninja Club leg wraps. With proper training, they allow you to move without making a sound. For female students.",6,4,256,1,0,0,2,2,0,0,0,1,522222
603,150201,hand_F1019,Ninja Arm Guards,Sowol Academy Ninja Club gloves for female students.,6,4,8,1,0,0,2,2,0,0,0,0,522222
604,150202,cap_F1019,Ninja Hood,Sowol Academy Ninja Club hood for female students.,6,4,1,2,0,0,2,2,0,0,0,0,522222
605,150203,special_M1020,Ratchu Costume,Sowol Academy Costume Club uniform for male students.,6,4,192,1,0,0,1,2,0,0,0,1,522222
606,150204,foot_M1020,Ratchu Shoes,Sowol Academy Costume Club shoes for male students.,6,4,256,1,0,0,1,2,0,0,0,1,522222
607,150205,hand_M1020,Ratchu Gloves,Sowol Academy Costume Club gloves for male students.,6,4,8,1,0,0,1,2,0,0,0,0,522222
608,150206,cap_M1020,Ratchu Hat,Sowol Academy Costume Club hat for male students.,6,4,1,2,0,0,1,2,0,0,0,0,522222
609,150207,special_F1020,Geto Costume,Sowol Academy Costume Club uniform for female students.,6,4,192,1,0,0,2,2,0,0,0,1,522222
610,150208,foot_F1020,Geto Shoes,Sowol Academy Costume Club shoes for female students.,6,4,256,1,0,0,2,2,0,0,0,1,522222
611,150209,hand_F1020,Geto Gloves,Sowol Academy Costume Club gloves for female students.,6,4,8,1,0,0,2,2,0,0,0,0,522222
612,150210,cap_F1020,Geto Hat,Sowol Academy Costume Club hat for female students.,6,4,1,2,0,0,2,2,0,0,0,0,522222
613,150211,special_M1027,Kendo Uniform,Sowol Academy Kendo Club armor for male students.,6,4,192,1,0,0,1,2,0,0,0,1,522222
614,150212,hand_M1027,Kendo Gloves,Sowol Academy Kendo Club arm guards for male students.,6,4,8,1,0,0,1,2,0,0,0,0,522222
615,150213,foot_M1027,Laced Tabi,Sowol Academy Kendo Club tabi for male students.,6,4,256,1,0,0,1,2,0,0,0,1,522222
616,150214,special_F1027,Kendo Uniform,Sowol Academy Kendo Club armor for female students.,6,4,192,1,0,0,2,2,0,0,0,1,522222
617,150215,hand_F1027,Kendo Gloves,Sowol Academy Kendo Club arm guards for female students.,6,4,8,1,0,0,2,2,0,0,0,0,522222
618,150216,foot_F1027,Laced Tabi,Sowol Academy Kendo Club tabi for female students.,6,4,256,1,0,0,2,2,0,0,0,1,522222
619,150217,upper_M1024,Dim Sum Outfit,Sowol Academy Dim Sum Club uniform for male students.,6,4,64,1,0,0,1,2,0,0,0,1,522222
620,150218,lower_M1024,Dim Sum Pants,Sowol Academy Dim Sum Club pants for male students.,6,4,128,1,0,0,1,2,0,0,0,1,522222
621,150219,cap_M1024,Dim Sum Hat,Sowol Academy Dim Sum Club hat for male students.,6,4,1,2,0,0,1,2,0,0,0,0,522222
622,150220,foot_M1024,Dim Sum Shoes,Sowol Academy Dim Sum Club shoes for male students.,6,4,256,1,0,0,1,2,0,0,0,1,522222
623,150221,special_F1024,Dim Sum Dress,Sowol Academy Dim Sum Club uniform for female students.,6,4,192,1,0,0,2,2,0,0,0,1,522222
624,150222,cap_F1024,Dim Sum Hair Buns,Sowol Academy Dim Sum Club hair accessory for female students.,6,4,1,2,0,0,2,2,0,0,0,0,522222
625,150223,foot_F1024,Dim Sum Shoes,Sowol Academy Dim Sum Club shoes for female students.,6,4,256,1,0,0,2,2,0,0,0,1,522222
626,150224,special_M1023,Chef Uniform,Sowol Academy Cooking Club uniform for male students.,6,4,192,1,0,0,1,2,0,0,0,1,522222
627,150225,cap_M1023,Chef Hat,Sowol Academy Cooking Club hat for male students.,6,4,1,2,0,0,1,2,0,0,0,0,522222
628,150226,foot_M1023,Cooking Sandals,Sowol Academy Cooking Club sandals for male students.,6,4,256,1,0,0,1,2,0,0,0,1,522222
629,150227,special_F1023,Chef Uniform,Sowol Academy Cooking Club uniform for female students.,6,4,192,1,0,0,2,2,0,0,0,1,522222
630,150228,cap_F1023,Chef Hat,Sowol Academy Cooking Club hat for female students.,6,4,1,2,0,0,2,2,0,0,0,0,522222
631,150229,foot_F1023,Cooking Slippers,Sowol Academy Cooking Club slippers for female students.,6,4,256,1,0,0,2,2,0,0,0,1,522222
632,150230,special_M1025,Cheer Outfit,Sowol Academy Cheer Club uniform for male students.,6,4,192,1,0,0,1,2,0,0,0,1,522222
633,150231,lower_M1025,Cheer Uniform Pants,Sowol Academy Cheer Club uniform for male students.,6,4,128,1,0,0,1,2,0,0,0,1,522222
634,150232,cap_M1025,Victory Headband,Sowol Academy Cheer Club headband for male students.,6,4,1,2,0,0,1,2,0,0,0,0,522222
635,150233,foot_M1025,Cheer Shoes,Sowol Academy Cheer Club shoes for male students.,6,4,256,1,0,0,1,2,0,0,0,1,522222
636,150234,tool_M1025,Cheer Props,Sowol Academy Cheer Club cheer accessory for male students.,6,4,16,2,0,0,1,2,0,0,0,0,522222
637,150235,special_F1025,Cheer Uniform,Sowol Academy Cheer Club uniform for female students.,6,4,192,1,0,0,2,2,0,0,0,1,522222
638,150236,hand_F1025,Cheerleader Gloves,Sowol Academy Cheer Club gloves for female students.,6,4,8,1,0,0,2,2,0,0,0,0,522222
639,150237,foot_F1025,Cheer Shoes,Sowol Academy Cheer Club shoes for female students.,6,4,256,1,0,0,2,2,0,0,0,1,522222
640,150238,tool_F1025,Cheer Goods,Sowol Academy Cheer Club cheer accessory for female students.,6,4,16,2,0,0,2,2,0,0,0,0,522222
641,150239,special_M1003,Handicrafts Outfit,Sowol Academy Handicrafts Club outfit for male students.,6,4,192,1,0,0,1,2,0,0,0,1,522222
642,150240,foot_M1003,Handicrafts Club Shoes,Sowol Academy Handicrafts Club shoes for male students.,6,4,256,1,0,0,1,2,0,0,0,1,522222
643,150241,special_F1003,Handicrafts Outfit,Sowol Academy Handicrafts Club outfit for female students.,6,4,192,1,0,0,2,2,0,0,0,1,522222
644,150242,cap_F1003,Handicrafts Club Hat,Sowol Academy Handicrafts Club hat for female students.,6,4,1,2,0,0,2,2,0,0,0,0,522222
645,150243,foot_F1003,Handicrafts Club Shoes,Sowol Academy Handicrafts Club shoes for female students.,6,4,256,1,0,0,2,2,0,0,0,1,522222
646,150244,special_M0021,Atelier Apron,Estiva Academy Art Club uniform for male students.<br>(This item will be removed during December 2006. Please check the Yogurting official website for details.),6,5,192,1,0,0,1,1,0,0,0,1,522222
647,150245,special_F0021,Atelier Apron,Estiva Academy Art Club uniform for female students.<br>(This item will be removed during December 2006. Please check the Yogurting official website for details.),6,5,192,1,0,0,2,1,0,0,0,1,522222
648,150246,upper_M1009,Basketball Club Uniform,Sowol Academy Basketball Club uniform for male students.,6,4,64,1,0,0,1,2,0,0,0,1,522222
649,150247,lower_M1009,Basketball Club Shorts,Sowol Academy Basketball Club uniform for male students.,6,4,128,1,0,0,1,2,0,0,0,1,522222
650,150248,foot_M1009,Basketball Shoes,Sowol Academy Basketball Club shoes for male students.,6,4,256,1,0,0,1,2,0,0,0,1,522222
651,150249,upper_F1009,Basketball Club Uniform,Sowol Academy Basketball Club uniform for female students.,6,4,64,1,0,0,2,2,0,0,0,1,522222
652,150250,lower_F1009,Basketball Club Shorts,Sowol Academy Basketball Club uniform for female students.,6,4,128,1,0,0,2,2,0,0,0,1,522222
653,150251,foot_F1009,Basketball Shoes,Sowol Academy Basketball Club shoes for female students.,6,4,256,1,0,0,2,2,0,0,0,1,522222
654,150252,upper_M1021,Atelier Outfit,Sowol Academy Art Club uniform for male students.,6,4,64,1,0,0,1,2,0,0,0,1,522222
655,150253,cap_M1021,Beret,Sowol Academy Art Club hat for male students.,6,4,1,2,0,0,1,2,0,0,0,0,522222
656,150254,upper_F1021,Atelier Outfit,Sowol Academy Art Club uniform for female students.,6,4,64,1,0,0,2,2,0,0,0,1,522222
657,150255,cap_F1021,Beret,Sowol Academy Art Club hat for female students.,6,4,1,2,0,0,2,2,0,0,0,0,522222
658,150256,special_M1010,Coat,Sowol Academy winter coat for male students.,6,4,192,1,0,0,1,2,0,0,0,1,522222
659,150257,special_F1010,Coat,Sowol Academy winter coat for female students.,6,4,192,1,0,0,2,2,0,0,0,1,522222
660,150258,upper_M1011,Training Wear Jacket,Sowol Academy summer training wear for male students.,6,4,64,1,0,0,1,2,0,0,0,1,522222
661,150259,lower_M1011,Training Wear Pants,Sowol Academy summer training wear for male students.,6,4,128,1,0,0,1,2,0,0,0,1,522222
662,150260,upper_F1012,Sweatsuit,Sowol Academy winter training wear for female students.,6,4,64,1,0,0,2,2,0,0,0,1,522222
663,150261,lower_F1012,Athletic Shorts,Sowol Academy winter training wear for female students.,6,4,128,1,0,0,2,2,0,0,0,1,522222
664,150262,upper_M1012,Training Wear Jacket,Sowol Academy winter training wear for male students.,6,4,64,1,0,0,1,2,0,0,0,1,522222
665,150263,lower_M1012,Training Wear Pants,Sowol Academy winter training wear for male students.,6,4,128,1,0,0,1,2,0,0,0,1,522222
666,150264,special_F1011,Sweatsuit,Sowol Academy summer training wear for female students.,6,4,192,1,0,0,2,2,0,0,0,1,522222
667,150265,upper_M1013,Knit Sweater,Sowol Academy knit sweater for male students.,6,4,64,1,0,0,1,2,0,0,0,1,522222
668,150266,upper_F1013,Knit Sweater,Sowol Academy knit sweater for female students.,6,4,64,1,0,0,2,2,0,0,0,1,522222
669,150267,upper_M1014,Student Council Uniform,Sowol Academy Student Council uniform for male students.,6,4,64,1,0,0,1,2,0,0,0,1,522222
670,150268,lower_M1014,Student Council Pants,Sowol Academy Student Council uniform for male students.,6,4,128,1,0,0,1,2,0,0,0,1,522222
671,150269,foot_M1014,Student Council Shoes,Sowol Academy Student Council shoes for male students.,6,4,256,1,0,0,1,2,0,0,0,1,522222
672,150270,upper_F1014,Student Council Uniform,Sowol Academy Student Council uniform for female students.,6,4,64,1,0,0,2,2,0,0,0,1,522222
673,150271,lower_F1014,Student Council Skirt,Sowol Academy Student Council uniform for female students.,6,4,128,1,0,0,2,2,0,0,0,1,522222
674,150272,foot_F1014,Student Council Shoes,Sowol Academy Student Council shoes for female students.,6,4,256,1,0,0,2,2,0,0,0,1,522222
675,150273,hand_F0023,Oven Mitt,Estiva Academy Cooking Club gloves for female students.,6,4,8,1,0,0,2,1,0,0,0,0,522222
676,150274,upper_M0018,Football Jersey,Estiva Academy Football Club uniform for male students.,6,4,64,1,0,0,1,1,0,0,0,1,522222
677,150275,lower_M0018,Football Pants,Estiva Academy Football Club uniform for male students.,6,4,128,1,0,0,1,1,0,0,0,1,522222
678,150276,foot_M0018,Football Shoes,Estiva Academy Football Club shoes for male students.,6,4,256,1,0,0,1,1,0,0,0,1,522222
679,150277,cap_M0018,Football Helmet,Estiva Academy Football Club helmet for male students.,6,4,1,2,0,0,1,1,0,0,0,0,522222
680,150278,upper_F0018,Football Jersey,Estiva Academy Football Club uniform for female students.,6,4,64,1,0,0,2,1,0,0,0,1,522222
681,150279,lower_F0018,Football Pants,Estiva Academy Football Club uniform for female students.,6,4,128,1,0,0,2,1,0,0,0,1,522222
682,150280,foot_F0018,Football Shoes,Estiva Academy Football Club cleats for female students.,6,4,256,1,0,0,2,1,0,0,0,1,522222
683,150281,cap_F0018,Football Helmet,Estiva Academy Football Club helmet for female students.,6,4,1,2,0,0,2,1,0,0,0,0,522222
684,150282,upper_M0022,Robotic Jacket,Estiva Academy Robotics Club uniform for male students.,6,4,64,1,0,0,1,1,0,0,0,1,522222
685,150283,lower_M0022,Robotic Pants,Estiva Academy Robotics Club pants for male students.,6,4,128,1,0,0,1,1,0,0,0,1,522222
686,150284,foot_M0022,Robotic Boots,Estiva Academy Robotics Club boots for male students.,6,4,256,1,0,0,1,1,0,0,0,1,522222
687,150285,hand_M0022,Robotic Gloves,Estiva Academy Robotics Club gloves for male students.,6,4,8,1,0,0,1,1,0,0,0,0,522222
688,150286,special_F0022,Robotic Suit,Estiva Academy Robotics Club uniform for female students.,6,4,192,1,0,0,2,1,0,0,0,1,522222
689,150287,foot_F0022,Robotic Boots,Estiva Academy Robotics Club boots for female students.,6,4,256,1,0,0,2,1,0,0,0,1,522222
690,150288,hand_F0022,Robotic Gloves,Estiva Academy Robotics Club gloves for female students.,6,4,8,1,0,0,2,1,0,0,0,0,522222
691,150289,upper_M1026,Taekwondo Jacket,Sowol Academy Taekwondo Club uniform for male students.<br>(This item will be removed during December 2006. Please check the Yogurting official website for details.),6,5,64,1,0,0,1,2,0,0,0,1,522222
692,150290,lower_M1026,Taekwondo Pants,Sowol Academy Taekwondo Club uniform for male students.<br>(This item will be removed during December 2006. Please check the Yogurting official website for details.),6,5,128,1,0,0,1,2,0,0,0,1,522222
693,150291,foot_M1026,Ankle Tape,Sowol Academy Taekwondo Club ankle support for male students.<br>(This item will be removed during December 2006. Please check the Yogurting official website for details.),6,5,256,1,0,0,1,2,0,0,0,1,522222
694,150292,hand_M1026,Wrist Tape,Sowol Academy Taekwondo Club wrist support for male students.<br>(This item will be removed during December 2006. Please check the Yogurting official website for details.),6,5,8,1,0,0,1,2,0,0,0,0,522222
695,150293,cap_M1026,Taekwondo Headgear,Sowol Academy Taekwondo Club headgear for male students.<br>(This item will be removed during December 2006. Please check the Yogurting official website for details.),6,5,1,2,0,0,1,2,0,0,0,0,522222
696,150294,upper_F1026,Taekwondo Jacket,Sowol Academy Taekwondo Club uniform for female students.<br>(This item will be removed during December 2006. Please check the Yogurting official website for details.),6,5,64,1,0,0,2,2,0,0,0,1,522222
697,150295,lower_F1026,Taekwondo Pants,Sowol Academy Taekwondo Club uniform for female students.<br>(This item will be removed during December 2006. Please check the Yogurting official website for details.),6,5,128,1,0,0,2,2,0,0,0,1,522222
698,150296,foot_F1026,Ankle Tape,Sowol Academy Taekwondo Club ankle support for female students.<br>(This item will be removed during December 2006. Please check the Yogurting official website for details.),6,5,256,1,0,0,2,2,0,0,0,1,522222
699,150297,hand_F1026,Wrist Tape,Sowol Academy Taekwondo Club wrist support for female students.<br>(This item will be removed during December 2006. Please check the Yogurting official website for details.),6,5,8,1,0,0,2,2,0,0,0,0,522222
700,150298,cap_F1026,Taekwondo Headgear,Sowol Academy Taekwondo Club headgear for female students.<br>(This item will be removed during December 2006. Please check the Yogurting official website for details.),6,5,1,2,0,0,2,2,0,0,0,0,522222
701,150299,upper_M1029,Spelunker Shirt,Sowol Academy Archaeology Club uniform for male students.,6,4,64,1,0,0,1,2,0,0,0,1,522222
702,150300,lower_M1029,Spelunker Pants,Sowol Academy Archaeology Club pants for male students.,6,4,128,1,0,0,1,2,0,0,0,1,522222
703,150301,foot_M1029,Spelunker Boots,Sowol Academy Archaeology Club boots for male students.,6,4,256,1,0,0,1,2,0,0,0,1,522222
704,150302,hand_M1029,Spelunker Gloves,Sowol Academy Archaeology Club gloves for male students.,6,4,8,1,0,0,1,2,0,0,0,0,522222
705,150303,cap_M1029,Spelunker Hat,Sowol Academy Archaeology Club hat for male students.,6,4,1,2,0,0,1,2,0,0,0,0,522222
706,150304,back_M1029,Spelunker Pouch,Sowol Academy Archaeology Club bag for male students.,6,4,4,2,0,0,1,2,0,0,0,0,522222
707,150305,upper_F1029,Spelunker Shirt,Sowol Academy Archaeology Club jacket for female students.,6,4,64,1,0,0,2,2,0,0,0,1,522222
708,150306,lower_F1029,Spelunker Skirt,Sowol Academy Archaeology Club skirt for female students.,6,4,128,1,0,0,2,2,0,0,0,1,522222
709,150307,foot_F1029,Spelunker Boots,Sowol Academy Archaeology Club boots for female students.,6,4,256,1,0,0,2,2,0,0,0,1,522222
710,150308,hand_F1029,Spelunker Gloves,Sowol Academy Archaeology Club gloves for female students.,6,4,8,1,0,0,2,2,0,0,0,0,522222
711,150309,cap_F1029,Spelunker Hat,Sowol Academy Archaeology Club hat for female students.,6,4,1,2,0,0,2,2,0,0,0,0,522222
712,150310,back_F1029,Spelunker Pouch,Sowol Academy Archaeology Club bag for female students.,6,4,4,2,0,0,2,2,0,0,0,0,522222
713,150311,upper_M0034,Chorus Suit,Estiva Academy Chorus Club suit for male students.,6,4,64,1,0,0,1,1,0,0,0,1,522222
714,150312,lower_M0034,Chorus Pants,Estiva Academy Chorus Club pants for male students.,6,4,128,1,0,0,1,1,0,0,0,1,522222
715,150313,foot_M0034,Chorus Shoes,Estiva Academy Chorus Club shoes for male students.,6,4,256,1,0,0,1,1,0,0,0,1,522222
716,150314,upper_F0034,Chorus Dress,Estiva Academy Chorus Club dress for female students.,6,4,64,1,0,0,2,1,0,0,0,1,522222
717,150315,lower_F0034,Chorus Skirt,Estiva Academy Chorus Club skirt for female students.,6,4,128,1,0,0,2,1,0,0,0,1,522222
718,150316,foot_F0034,Chorus Shoes,Estiva Academy Chorus Club shoes for female students.,6,4,256,1,0,0,2,1,0,0,0,1,522222
719,150317,upper_M1034,Chorus Robe,Sowol Academy Chorus Club robe for male students.,6,4,64,1,0,0,1,2,0,0,0,1,522222
720,150318,lower_M1034,Chorus Pants,Sowol Academy Chorus Club pants for male students.,6,4,128,1,0,0,1,2,0,0,0,1,522222
721,150319,foot_M1034,Chorus Shoes,Sowol Academy Chorus Club shoes for male students.,6,4,256,1,0,0,1,2,0,0,0,1,522222
722,150320,upper_F1034,Chorus Robe,Sowol Academy Chorus Club robe for female students.,6,4,64,1,0,0,2,2,0,0,0,1,522222
723,150321,lower_F1034,Chorus Skirt,Sowol Academy Chorus Club skirt for female students.,6,4,128,1,0,0,2,2,0,0,0,1,522222
724,150322,foot_F1034,Chorus Shoes,Sowol Academy Chorus Club shoes for female students.,6,4,256,1,0,0,2,2,0,0,0,1,522222
725,159001,upper_M9002,Fanta Shirt,Fanta Shirt for male students.,6,4,64,1,0,0,1,0,0,0,0,1,522222
726,159002,lower_M9002,Fanta Pants,Fanta Pants for male students.,6,4,128,1,0,0,1,0,0,0,0,1,522222
727,159003,foot_M9002,Fanta Shoes,Fanta Shoes for male students.,6,4,256,1,0,0,1,0,0,0,0,1,522222
728,159004,upper_F9002,Fanta Shirt,Fanta Shirt for female students.,6,4,64,1,0,0,2,0,0,0,0,1,522222
729,159005,lower_F9002,Fanta Skirt,Fanta Skirt for female students.,6,4,128,1,0,0,2,0,0,0,0,1,522222
730,159006,foot_F9002,Fanta Shoes,Fanta Shoes for female students.,6,4,256,1,0,0,2,0,0,0,0,1,522222
731,159007,cap_M9002,Fanta Hat,Fanta Hat for male students.,6,4,1,2,0,0,1,0,0,0,0,0,522222
732,159008,cap_F9002,Fanta Hat,Fanta Hat for female students.,6,4,1,2,0,0,2,0,0,0,0,0,522222
733,159901,special_GMM0001,Disciplinary Committee Uniform,A custom-made uniform for a sharp-looking male Disciplinary Committee member. Grants the wearer comfort and charisma.<br>(Cannot be traded or sold),12,7,192,1,0,0,1,0,0,0,0,1,522222
734,159902,foot_GMM0001,Disciplinary Committee Shoes,"Comfortable shoes made with the new material Ntixum, offering high elasticity and rigidity.<br>(Cannot be traded or sold)",13,7,256,1,0,0,1,0,0,0,0,1,522222
735,159903,special_GMF0001,Disciplinary Committee Uniform,A custom-made uniform for a beautiful female Disciplinary Committee member. Grants the wearer comfort and charisma.<br>(Cannot be traded or sold),12,7,192,1,0,0,2,0,0,0,0,1,522222
736,159904,foot_GMF0001,Disciplinary Committee Shoes,"Comfortable shoes made with the new material Ntixum, offering high elasticity and rigidity.<br>(Cannot be traded or sold)",13,7,256,1,0,0,2,0,0,0,0,1,522222
737,159905,cap_GMA0001,Disciplinary Committee Hat,Features a windmill emblem with a balanced green and black color scheme.<br>(Cannot be traded or sold),6,7,1,2,0,0,0,0,0,0,0,0,522222
738,159906,special_M9004,Class Representative Uniform,~Three Guidelines for Class Representatives~ 1. Greet others. 2. Never forget your original intentions. 3. Stay true to yourself. (Not for exchange or sale),12,7,448,1,0,0,1,0,0,0,0,-2146826246,522222
739,159907,special_F9004,Class Representative Uniform,~Three Guidelines for Class Representatives~ 1. Greet others. 2. Never forget your original intentions. 3. Stay true to yourself. (Not for exchange or sale),12,7,448,1,0,0,2,0,0,0,0,-2146826246,522222
740,151282,upper_M0022,Robotic Jacket,Estiva Academy Robotics Club uniform for male students.<br>(Cannot be traded or sold),6,7,64,1,0,0,1,1,0,0,0,1,522222
741,151283,lower_M0022,Robotic Pants,Estiva Academy Robotics Club pants for male students.<br>(Cannot be traded or sold),6,7,128,1,0,0,1,1,0,0,0,1,522222
742,151284,foot_M0022,Robotic Boots,Estiva Academy Robotics Club boots for male students.<br>(Cannot be traded or sold),6,7,256,1,0,0,1,1,0,0,0,1,522222
743,151285,hand_M0022,Robotic Gloves,Estiva Academy Robotics Club gloves for male students.<br>(Cannot be traded or sold),6,7,8,1,0,0,1,1,0,0,0,0,522222
744,151286,special_F0022,Robotic Suit,Estiva Academy Robotics Club uniform for female students.<br>(Cannot be traded or sold),6,7,192,1,0,0,2,1,0,0,0,1,522222
745,151287,foot_F0022,Robotic Boots,Estiva Academy Robotics Club boots for female students.<br>(Cannot be traded or sold),6,7,256,1,0,0,2,1,0,0,0,1,522222
746,151288,hand_F0022,Robotic Gloves,Estiva Academy Robotics Club gloves for female students.<br>(Cannot be traded or sold),6,7,8,1,0,0,2,1,0,0,0,0,522222
747,151299,upper_M1029,Spelunker Shirt,Sowol Academy Archaeology Club uniform for male students.<br>(Cannot be traded or sold),6,7,64,1,0,0,1,2,0,0,0,1,522222
748,151300,lower_M1029,Spelunker Pants,Sowol Academy Archaeology Club pants for male students.<br>(Cannot be traded or sold),6,7,128,1,0,0,1,2,0,0,0,1,522222
749,151301,foot_M1029,Spelunker Boots,Sowol Academy Archaeology Club boots for male students.<br>(Cannot be traded or sold),6,7,256,1,0,0,1,2,0,0,0,1,522222
750,151302,hand_M1029,Spelunker Gloves,Sowol Academy Archaeology Club gloves for male students.<br>(Cannot be traded or sold),6,7,8,1,0,0,1,2,0,0,0,0,522222
751,151303,cap_M1029,Spelunker Hat,Sowol Academy Archaeology Club hat for male students.<br>(Cannot be traded or sold),6,7,1,2,0,0,1,2,0,0,0,0,522222
752,151304,back_M1029,Spelunker Pouch,Sowol Academy Archaeology Club bag for male students.<br>(Cannot be traded or sold),6,7,4,2,0,0,1,2,0,0,0,0,522222
753,151305,upper_F1029,Spelunker Shirt,Sowol Academy Archaeology Club jacket for female students.<br>(Cannot be traded or sold),6,7,64,1,0,0,2,2,0,0,0,1,522222
754,151306,lower_F1029,Spelunker Skirt,Sowol Academy Archaeology Club skirt for female students.<br>(Cannot be traded or sold),6,7,128,1,0,0,2,2,0,0,0,1,522222
755,151307,foot_F1029,Spelunker Boots,Sowol Academy Archaeology Club boots for female students.<br>(Cannot be traded or sold),6,7,256,1,0,0,2,2,0,0,0,1,522222
756,151308,hand_F1029,Spelunker Gloves,Sowol Academy Archaeology Club gloves for female students.<br>(Cannot be traded or sold),6,7,8,1,0,0,2,2,0,0,0,0,522222
757,151309,cap_F1029,Spelunker Hat,Sowol Academy Archaeology Club hat for female students.<br>(Cannot be traded or sold),6,7,1,2,0,0,2,2,0,0,0,0,522222
758,151310,back_F1029,Spelunker Pouch,Sowol Academy Archaeology Club bag for female students.<br>(Cannot be traded or sold),6,7,4,2,0,0,2,2,0,0,0,0,522222
759,151217,upper_M1024,Dim Sum Outfit,Sowol Academy Dim Sum Club uniform for male students.<br>(Cannot be traded or sold),6,7,64,1,0,0,1,2,0,0,0,1,522222
760,151218,lower_M1024,Dim Sum Pants,Sowol Academy Dim Sum Club pants for male students.<br>(Cannot be traded or sold),6,7,128,1,0,0,1,2,0,0,0,1,522222
761,151219,cap_M1024,Dim Sum Hat,Sowol Academy Dim Sum Club hat for male students.<br>(Cannot be traded or sold),6,7,1,2,0,0,1,2,0,0,0,0,522222
762,151220,foot_M1024,Dim Sum Shoes,Sowol Academy Dim Sum Club shoes for male students.<br>(Cannot be traded or sold),6,7,256,1,0,0,1,2,0,0,0,1,522222
763,151221,special_F1024,Dim Sum Dress,Sowol Academy Dim Sum Club uniform for female students.<br>(Cannot be traded or sold),6,7,192,1,0,0,2,2,0,0,0,1,522222
764,151222,cap_F1024,Dim Sum Hair Buns,Sowol Academy Dim Sum Club hair accessory for female students.<br>(Cannot be traded or sold),6,7,1,2,0,0,2,2,0,0,0,0,522222
765,151223,foot_F1024,Dim Sum Shoes,Sowol Academy Dim Sum Club shoes for female students.<br>(Cannot be traded or sold),6,7,256,1,0,0,2,2,0,0,0,1,522222
766,151167,upper_M0024,Gentleman’s Suit,Estiva Academy Tea Time Club uniform for male students.<br>(Cannot be traded or sold),6,7,64,1,0,0,1,1,0,0,0,1,522222
767,151168,lower_M0024,Gentleman’s Pants,Estiva Academy Tea Time Club uniform for male students.<br>(Cannot be traded or sold),6,7,128,1,0,0,1,1,0,0,0,1,522222
768,151169,cap_M0024,Top Hat,Estiva Academy Tea Time Club hat for male students.<br>(Cannot be traded or sold),6,7,1,2,0,0,1,1,0,0,0,0,522222
769,151170,foot_M0024,Gentleman’s Shoes,Estiva Academy Tea Time Club shoes for male students.<br>(Cannot be traded or sold),6,7,256,1,0,0,1,1,0,0,0,1,522222
770,151171,special_F0024,Mademoiselle Dress,Estiva Academy Tea Time Club uniform for female students.<br>(Cannot be traded or sold),6,7,192,1,0,0,2,1,0,0,0,1,522222
771,151172,cap_F0024,Mademoiselle Hat,Estiva Academy Tea Time Club hat for female students.<br>(Cannot be traded or sold),6,7,1,2,0,0,2,1,0,0,0,0,522222
772,151173,foot_F0024,Mademoiselle Shoes,Estiva Academy Tea Time Club shoes for female students.<br>(Cannot be traded or sold),6,7,256,1,0,0,2,1,0,0,0,1,522222
773,151174,upper_M0034,Chorus Suit,Estiva Academy Chorus Club suit for male students.<br>(Cannot be traded or sold),6,7,64,1,0,0,1,1,0,0,0,1,522222
774,151175,lower_M0034,Chorus Pants,Estiva Academy Chorus Club pants for male students.<br>(Cannot be traded or sold),6,7,128,1,0,0,1,1,0,0,0,1,522222
775,151176,foot_M0034,Chorus Shoes,Estiva Academy Chorus Club shoes for male students.<br>(Cannot be traded or sold),6,7,256,1,0,0,1,1,0,0,0,1,522222
776,151177,upper_F0034,Chorus Dress,Estiva Academy Chorus Club dress for female students.<br>(Cannot be traded or sold),6,7,64,1,0,0,2,1,0,0,0,1,522222
777,151178,lower_F0034,Chorus Skirt,Estiva Academy Chorus Club skirt for female students.<br>(Cannot be traded or sold),6,7,128,1,0,0,2,1,0,0,0,1,522222
778,151179,foot_F0034,Chorus Shoes,Estiva Academy Chorus Club shoes for female students.<br>(Cannot be traded or sold),6,7,256,1,0,0,2,1,0,0,0,1,522222
779,151180,upper_M1034,Chorus Robe,Sowol Academy Chorus Club robe for male students.<br>(Cannot be traded or sold),6,7,64,1,0,0,1,2,0,0,0,1,522222
780,151181,lower_M1034,Chorus Pants,Sowol Academy Chorus Club pants for male students.<br>(Cannot be traded or sold),6,7,128,1,0,0,1,2,0,0,0,1,522222
781,151182,foot_M1034,Chorus Shoes,Sowol Academy Chorus Club shoes for male students.<br>(Cannot be traded or sold),6,7,256,1,0,0,1,2,0,0,0,1,522222
782,151183,upper_F1034,Chorus Robe,Sowol Academy Chorus Club robe for female students.<br>(Cannot be traded or sold),6,7,64,1,0,0,2,2,0,0,0,1,522222
783,151184,lower_F1034,Chorus Skirt,Sowol Academy Chorus Club skirt for female students.<br>(Cannot be traded or sold),6,7,128,1,0,0,2,2,0,0,0,1,522222
784,151185,foot_F1034,Chorus Shoes,Sowol Academy Chorus Club shoes for female students.<br>(Cannot be traded or sold),6,7,256,1,0,0,2,2,0,0,0,1,522222
785,151186,upper_M0026,Gambler Jacket,Estivar Academy Gambling Club uniform for male students.,6,4,64,1,0,0,1,1,0,0,0,1,522222
786,151187,lower_M0026,Gambler Pants,Estivar Academy Gambling Club uniform for male students.,6,4,128,1,0,0,1,1,0,0,0,1,522222
787,151188,foot_M0026,Gambler Shoes,Estivar Academy Gambling Club shoes for male students.,6,4,256,1,0,0,1,1,0,0,0,1,522222
788,151189,upper_F0026,Gambler Jacket,Estivar Academy Gambling Club uniform for female students.,6,4,64,1,0,0,2,1,0,0,0,1,522222
789,151190,lower_F0026,Gambler Skirt,Estivar Academy Gambling Club uniform for female students.,6,4,128,1,0,0,2,1,0,0,0,1,522222
790,151191,foot_F0026,Gambler Shoes,Estivar Academy Gambling Club shoes for female students.,6,4,256,1,0,0,2,1,0,0,0,1,522222
791,151192,special_M1019,Ninja Outfit,Sowol Academy Ninja Club outfit for male students.,6,4,192,1,0,0,1,2,0,0,0,1,522222
792,151193,foot_M1019,Ninja Leg Wraps,"Sowol Academy Ninja Club leg wraps. With proper training, they allow you to move without making a sound. For male students.",6,4,256,1,0,0,1,2,0,0,0,1,522222
793,151194,hand_M1019,Ninja Arm Guards,Sowol Academy Ninja Club gloves for male students.,6,4,8,1,0,0,1,2,0,0,0,0,522222
794,151195,cap_M1019,Ninja Face Mask,Sowol Academy Ninja Club face mask for male students.,6,4,1,2,0,0,1,2,0,0,0,0,522222
795,151196,special_F1019,Ninja Outfit,Sowol Academy Ninja Club outfit for female students.,6,4,192,1,0,0,2,2,0,0,0,1,522222
796,151197,foot_F1019,Ninja Leg Wraps,"Sowol Academy Ninja Club leg wraps. With proper training, they allow you to move without making a sound. For female students.",6,4,256,1,0,0,2,2,0,0,0,1,522222
797,151198,hand_F1019,Ninja Arm Guards,Sowol Academy Ninja Club gloves for female students.,6,4,8,1,0,0,2,2,0,0,0,0,522222
798,151199,upper_M0016,Summer Uniform Jacket,A variation of the Estivar Academy summer uniform for male students.,6,4,64,1,0,0,1,1,0,0,0,1,522222
799,151200,lower_M0016,Summer Uniform Pants,A variation of the Estivar Academy summer uniform for male students.,6,4,128,1,0,0,1,1,0,0,0,1,522222
800,151201,upper_F0016,Summer Uniform Jacket,A variation of the Estivar Academy summer uniform for female students.,6,4,64,1,0,0,2,1,0,0,0,1,522222
801,151202,lower_F0016,Summer Uniform Shorts,A variation of the Estivar Academy summer uniform for female students.,6,4,128,1,0,0,2,1,0,0,0,1,522222
802,151203,upper_M1016,Summer Uniform Jacket,A variation of the Sowol Academy summer uniform for male students.,6,4,64,1,0,0,1,2,0,0,0,1,522222
803,151204,lower_M1016,Summer Uniform Pants,A variation of the Sowol Academy summer uniform for male students.,6,4,128,1,0,0,1,2,0,0,0,1,522222
804,151205,upper_F1016,Summer Uniform Jacket,A variation of the Sowol Academy summer uniform for female students.,6,4,64,1,0,0,2,2,0,0,0,1,522222
805,151206,lower_F1016,Summer Uniform Skirt,A variation of the Sowol Academy summer uniform for female students.,6,4,128,1,0,0,2,2,0,0,0,1,522222
806,159009,cap_M9008,Soccer Support Headband,Let’s cheer for the World Cup together! For male students.<br>(Cannot be traded),6,5,1,2,0,0,1,0,0,0,0,0,522222
807,159010,upper_M9008,Soccer Support Tank Top,Let’s cheer for the World Cup together! For male students.<br>(Cannot be traded),6,5,64,1,0,0,1,0,0,0,0,1,522222
808,159011,lower_M9008,Soccer Support Pants,Let’s cheer for the World Cup together! For male students.<br>(Cannot be traded),6,5,128,1,0,0,1,0,0,0,0,1,522222
809,159012,foot_M9008,Soccer Support Shoes,Let’s cheer for the World Cup together! For male students.<br>(Cannot be traded),6,5,256,1,0,0,1,0,0,0,0,1,522222
810,159013,cap_F9008,Soccer Support Headband,Let’s cheer for the World Cup together! For female students.<br>(Cannot be traded),6,5,1,2,0,0,2,0,0,0,0,0,522222
811,159014,upper_F9008,Soccer Support Tube Top,Let’s cheer for the World Cup together! For female students.<br>(Cannot be traded),6,5,64,1,0,0,2,0,0,0,0,1,522222
812,159015,lower_F9008,Soccer Support Pants,Let’s cheer for the World Cup together! For female students.<br>(Cannot be traded),6,5,128,1,0,0,2,0,0,0,0,1,522222
813,159016,foot_F9008,Soccer Support Boots,Let’s cheer for the World Cup together! For female students.<br>(Cannot be traded),6,5,256,1,0,0,2,0,0,0,0,1,522222
814,159017,cap_M9009,Soccer Support Headband,Let’s cheer for Team Japan together! For male students.<br>(Cannot be traded),6,5,1,2,0,0,1,0,0,0,0,0,522222
815,159018,upper_M9009,Soccer Support Tank Top,Let’s cheer for Team Japan together! For male students.<br>(Cannot be traded),6,5,64,1,0,0,1,0,0,0,0,1,522222
816,159019,lower_M9009,Soccer Support Pants,Let’s cheer for Team Japan together! For male students.<br>(Cannot be traded),6,5,128,1,0,0,1,0,0,0,0,1,522222
817,159020,foot_M9009,Soccer Support Shoes,Let’s cheer for Team Japan together! For male students.<br>(Cannot be traded),6,5,256,1,0,0,1,0,0,0,0,1,522222
818,159021,cap_F9009,Soccer Support Headband,Let’s cheer for Team Japan together! For female students.<br>(Cannot be traded),6,5,1,2,0,0,2,0,0,0,0,0,522222
819,159022,upper_F9009,Soccer Support Tube Top,Let’s cheer for Team Japan together! For female students.<br>(Cannot be traded),6,5,64,1,0,0,2,0,0,0,0,1,522222
820,159023,lower_F9009,Soccer Support Pants,Let’s cheer for Team Japan together! For female students.<br>(Cannot be traded),6,5,128,1,0,0,2,0,0,0,0,1,522222
821,159024,foot_F9009,Soccer Support Boots,Let’s cheer for Team Japan together! For female students.<br>(Cannot be traded),6,5,256,1,0,0,2,0,0,0,0,1,522222
822,159025,cap_M9010,Soccer Support Headband,Let’s cheer for the World Cup together! For male students.<br>(Cannot be traded),6,5,1,2,0,0,1,0,0,0,0,0,522222
823,159026,upper_M9010,Soccer Support Tank Top,Let’s cheer for the World Cup together! For male students.<br>(Cannot be traded),6,5,64,1,0,0,1,0,0,0,0,1,522222
824,159027,lower_M9010,Soccer Support Pants,Let’s cheer for the World Cup together! For male students.<br>(Cannot be traded),6,5,128,1,0,0,1,0,0,0,0,1,522222
825,159028,foot_M9010,Soccer Support Shoes,Let’s cheer for the World Cup together! For male students.<br>(Cannot be traded),6,5,256,1,0,0,1,0,0,0,0,1,522222
826,159029,cap_F9010,Soccer Support Headband,Let’s cheer for the World Cup together! For female students.<br>(Cannot be traded),6,5,1,2,0,0,2,0,0,0,0,0,522222
827,159030,upper_F9010,Soccer Support Tube Top,Let’s cheer for the World Cup together! For female students.<br>(Cannot be traded),6,5,64,1,0,0,2,0,0,0,0,1,522222
828,159031,lower_F9010,Soccer Support Pants,Let’s cheer for the World Cup together! For female students.<br>(Cannot be traded),6,5,128,1,0,0,2,0,0,0,0,1,522222
829,159032,foot_F9010,Soccer Support Boots,Let’s cheer for the World Cup together! For female students.<br>(Cannot be traded),6,5,256,1,0,0,2,0,0,0,0,1,522222
830,159033,upper_M9011,Soccer Uniform,A limited-edition uniform commemorating the World Cup. Feel like part of Team Japan! For male students.<br>(Cannot be traded),6,5,64,1,0,0,1,0,0,0,0,1,522222
831,159034,lower_M9011,Soccer Shorts,A limited-edition uniform commemorating the World Cup. Feel like part of Team Japan! For male students.<br>(Cannot be traded),6,5,128,1,0,0,1,0,0,0,0,1,522222
832,159035,foot_M9011,Soccer Shoes,A limited-edition uniform commemorating the World Cup. Feel like part of Team Japan! For male students.<br>(Cannot be traded),6,5,256,1,0,0,1,0,0,0,0,1,522222
833,159036,upper_F9011,Soccer Uniform,A limited-edition uniform commemorating the World Cup. Feel like part of Team Japan! For female students.<br>(Cannot be traded),6,5,64,1,0,0,2,0,0,0,0,1,522222
834,159037,lower_F9011,Soccer Shorts,A limited-edition uniform commemorating the World Cup. Feel like part of Team Japan! For female students.<br>(Cannot be traded),6,5,128,1,0,0,2,0,0,0,0,1,522222
835,159038,foot_F9011,Soccer Shoes,A limited-edition uniform commemorating the World Cup. Feel like part of Team Japan! For female students.<br>(Cannot be traded),6,5,256,1,0,0,2,0,0,0,0,1,522222
836,159039,upper_M9012,Soccer Uniform,A soccer player’s uniform. Feel like part of Team Japan! For male students.<br>(Cannot be traded),6,5,64,1,0,0,1,0,0,0,0,1,522222
837,159040,lower_M9012,Soccer Shorts,A soccer player’s uniform. Feel like part of Team Japan! For male students.<br>(Cannot be traded),6,5,128,1,0,0,1,0,0,0,0,1,522222
838,159041,foot_M9012,Soccer Shoes,A soccer player’s uniform. Feel like part of Team Japan! For male students.<br>(Cannot be traded),6,5,256,1,0,0,1,0,0,0,0,1,522222
839,159042,upper_F9012,Soccer Uniform,A soccer player’s uniform. Feel like part of Team Japan! For female students.<br>(Cannot be traded),6,5,64,1,0,0,2,0,0,0,0,1,522222
840,159043,lower_F9012,Soccer Shorts,A soccer player’s uniform. Feel like part of Team Japan! For female students.<br>(Cannot be traded),6,5,128,1,0,0,2,0,0,0,0,1,522222
841,159044,foot_F9012,Soccer Shoes,A soccer player’s uniform. Feel like part of Team Japan! For female students.<br>(Cannot be traded),6,5,256,1,0,0,2,0,0,0,0,1,522222
842,159045,upper_M9013,Soccer Uniform,A limited-edition uniform commemorating the World Cup. Feel like part of Team Japan! For male students.<br>(Cannot be traded),6,5,64,1,0,0,1,0,0,0,0,1,522222
843,159046,lower_M9013,Soccer Shorts,A limited-edition uniform commemorating the World Cup. Feel like part of Team Japan! For male students.<br>(Cannot be traded),6,5,128,1,0,0,1,0,0,0,0,1,522222
844,159047,foot_M9013,Soccer Shoes,A limited-edition uniform commemorating the World Cup. Feel like part of Team Japan! For male students.<br>(Cannot be traded),6,5,256,1,0,0,1,0,0,0,0,1,522222
845,159048,upper_F9013,Soccer Uniform,A limited-edition uniform commemorating the World Cup. Feel like part of Team Japan! For female students.<br>(Cannot be traded),6,5,64,1,0,0,2,0,0,0,0,1,522222
846,159049,lower_F9013,Soccer Shorts,A limited-edition uniform commemorating the World Cup. Feel like part of Team Japan! For female students.<br>(Cannot be traded),6,5,128,1,0,0,2,0,0,0,0,1,522222
847,159050,foot_F9013,Soccer Shoes,A limited-edition uniform commemorating the World Cup. Feel like part of Team Japan! For female students.<br>(Cannot be traded),6,5,256,1,0,0,2,0,0,0,0,1,522222
848,159051,cap_M9014,Headgear M,"A giant headpiece that completely hides your face. Even if you’re trying to keep a cool image, this will let you cheer at full volume! For males only.<br>(Cannot be traded)",6,5,1,2,0,0,1,0,0,0,0,0,522222
849,159052,cap_M9015,Headgear A,"A giant headpiece that completely hides your face. Even if you’re trying to keep a cool image, this will let you cheer at full volume! For males only.<br>(Cannot be traded)",6,5,1,2,0,0,1,0,0,0,0,0,522222
850,159053,cap_M9016,Headgear H,"A giant headpiece that completely hides your face. Even if you’re trying to keep a cool image, this will let you cheer at full volume! For males only.<br>(Cannot be traded)",6,5,1,2,0,0,1,0,0,0,0,0,522222
851,159054,cap_F9014,Headgear M,"A giant headpiece that completely hides your face. Even if you’re going for a gentle, ladylike image, this will let you cheer at full volume! For females only.<br>(Cannot be traded)",6,5,1,2,0,0,2,0,0,0,0,0,522222
852,159055,cap_F9015,Headgear A,"A giant headpiece that completely hides your face. Even if you’re going for a gentle, ladylike image, this will let you cheer at full volume! For females only.<br>(Cannot be traded)",6,5,1,2,0,0,2,0,0,0,0,0,522222
853,159056,cap_F9016,Headgear H,"A giant headpiece that completely hides your face. Even if you’re going for a gentle, ladylike image, this will let you cheer at full volume! For females only.<br>(Cannot be traded)",6,5,1,2,0,0,2,0,0,0,0,0,522222
854,159057,special_M9017,Rainbow Swimsuit,"A flashy, vividly colored swimsuit.<br>Guaranteed to draw attention—from admiring looks to icy stares!",6,4,192,1,0,0,1,0,0,0,0,1,522222
855,159058,special_F9017,White School Swimsuit,"A pure white school swimsuit.<br>With its innocent look, it’s sure to capture all the boys’ attention!",6,4,192,1,0,0,2,0,0,0,0,1,522222
856,159059,special_M9018,Cyber Suit,A futuristic bodysuit straight out of sci-fi. Will the day come when this becomes everyday wear? For male students.<br>(This item will be removed during December 2006. Please check the Yogurting official website for details.),6,5,192,1,0,0,1,0,0,0,0,1,522222
857,159060,hand_M9018,Cyber Gloves,Futuristic gloves straight out of sci-fi. Will the day come when this becomes everyday wear? For male students.<br>(This item will be removed during December 2006. Please check the Yogurting official website for details.),6,5,8,1,0,0,1,0,0,0,0,0,522222
858,159061,foot_M9018,Cyber Boots,Futuristic boots straight out of sci-fi. Will the day come when this becomes everyday wear? For male students.<br>(This item will be removed during December 2006. Please check the Yogurting official website for details.),6,5,256,1,0,0,1,0,0,0,0,1,522222
859,159062,cap_M9018,Cyber Headgear,A futuristic headband straight out of sci-fi. Will the day come when this becomes everyday wear? For male students.<br>(This item will be removed during December 2006. Please check the Yogurting official website for details.),6,5,1,2,0,0,1,0,0,0,0,0,522222
860,159063,special_F9018,Cyber Suit,A futuristic bodysuit straight out of sci-fi. Will the day come when this becomes everyday wear? For female students.<br>(This item will be removed during December 2006. Please check the Yogurting official website for details.),6,5,192,1,0,0,2,0,0,0,0,1,522222
861,159064,hand_F9018,Cyber Gloves,Futuristic gloves straight out of sci-fi. Will the day come when this becomes everyday wear? For female students.<br>(This item will be removed during December 2006. Please check the Yogurting official website for details.),6,5,8,1,0,0,2,0,0,0,0,0,522222
862,159065,foot_F9018,Cyber Boots,Futuristic boots straight out of sci-fi. Will the day come when this becomes everyday wear? For female students.<br>(This item will be removed during December 2006. Please check the Yogurting official website for details.),6,5,256,1,0,0,2,0,0,0,0,1,522222
863,159066,cap_F9018,Cyber Headgear,A futuristic headband straight out of sci-fi. Will the day come when this becomes everyday wear? For female students.<br>(This item will be removed during December 2006. Please check the Yogurting official website for details.),6,5,1,2,0,0,2,0,0,0,0,0,522222
864,159067,upper_M9022,Movie Uniform Jacket (Male),"A uniform that does not exist in this world. A jacket that appeared in “Because I love you, it’s okay…”<br>(Cannot be traded)",6,5,64,1,0,0,1,0,0,0,0,1,522222
865,159068,lower_M9022,Movie Uniform Bottom (Male),"A uniform that does not exist in this world. Bottoms that appeared in “Because I love you, it’s okay…”<br>(Cannot be traded)",6,5,128,1,0,0,1,0,0,0,0,1,522222
866,159069,foot_M9022,Movie Uniform Shoes (Male),"A uniform that does not exist in this world. Footwear that appeared in “Because I love you, it’s okay…”<br>(Cannot be traded)",6,5,256,1,0,0,1,0,0,0,0,1,522222
867,159070,upper_F9022,Movie Uniform Jacket (Female),"A uniform that does not exist in this world. A jacket that appeared in “Because I love you, it’s okay…”<br>(Cannot be traded)",6,5,64,1,0,0,2,0,0,0,0,1,522222
868,159071,lower_F9022,Movie Uniform Bottom (Female),"A uniform that does not exist in this world. Bottoms that appeared in “Because I love you, it’s okay…”<br>(Cannot be traded)",6,5,128,1,0,0,2,0,0,0,0,1,522222
869,159072,foot_F9022,Movie Uniform Shoes (Female),"A uniform that does not exist in this world. Footwear that appeared in “Because I love you, it’s okay…”<br>(Cannot be traded)",6,5,256,1,0,0,2,0,0,0,0,1,522222
870,159073,upper_M9019,Orange Aloha Shirt,"A cool, orange Aloha shirt. For male students.<br>(Cannot be traded)",6,5,64,1,0,0,1,0,0,0,0,1,522222
871,159074,lower_M9019,Blue Cropped Pants,Blue cropped pants that fall below the knee. For male students.<br>(Cannot be traded),6,5,128,1,0,0,1,0,0,0,0,1,522222
872,159075,foot_M9019,Brown Flip-Flops,Flip-flops with brown straps. For male students.<br>(Cannot be traded),6,5,256,1,0,0,1,0,0,0,0,1,522222
873,159076,cap_M9019,Orange Sunglasses,Sunglasses with orange lenses. For male students.<br>(Cannot be traded),6,5,1,2,0,0,1,0,0,0,0,0,522222
874,159077,upper_M9020,Red Aloha Shirt,"A cool, red Aloha shirt. For male students.<br>(Cannot be traded)",6,5,64,1,0,0,1,0,0,0,0,1,522222
875,159078,lower_M9020,Green Cropped Pants,Green cropped pants that fall below the knee. For male students.<br>(Cannot be traded),6,5,128,1,0,0,1,0,0,0,0,1,522222
876,159079,foot_M9020,Blue Flip-Flops,Flip-flops with blue straps. For male students.<br>(Cannot be traded),6,5,256,1,0,0,1,0,0,0,0,1,522222
877,159080,cap_M9020,Blue Sunglasses,Sunglasses with blue lenses. For male students.<br>(Cannot be traded),6,5,1,2,0,0,1,0,0,0,0,0,522222
878,159081,upper_M9021,Blue Aloha Shirt,"A cool, blue Aloha shirt. For male students.<br>(Cannot be traded)",6,5,64,1,0,0,1,0,0,0,0,1,522222
879,159082,lower_M9021,Gray Cropped Pants,Gray cropped pants that fall below the knee. For male students.<br>(Cannot be traded),6,5,128,1,0,0,1,0,0,0,0,1,522222
880,159083,foot_M9021,Red-Brown Flip-Flops,Flip-flops with reddish-brown straps. For male students.<br>(Cannot be traded),6,5,256,1,0,0,1,0,0,0,0,1,522222
881,159084,cap_M9021,Red Sunglasses,Sunglasses with red lenses. For male students.<br>(Cannot be traded),6,5,1,2,0,0,1,0,0,0,0,0,522222
882,159085,upper_F9019,Orange Blouse,A sleeveless orange blouse. For female students.<br>(Cannot be traded),6,5,64,1,0,0,2,0,0,0,0,1,522222
883,159086,lower_F9019,Blue Pareo,A blue pareo. For female students.<br>(Cannot be traded),6,5,128,1,0,0,2,0,0,0,0,1,522222
884,159087,foot_F9019,Blue Sandals,Blue sandals. For female students.<br>(Cannot be traded),6,5,256,1,0,0,2,0,0,0,0,1,522222
885,159088,cap_F9019,Yellow Straw Hat,A yellow straw hat. For female students.<br>(Cannot be traded),6,5,1,2,0,0,2,0,0,0,0,0,522222
886,159089,upper_F9020,Red Blouse,A sleeveless red blouse. For female students.<br>(Cannot be traded),6,5,64,1,0,0,2,0,0,0,0,1,522222
887,159090,lower_F9020,Red Pareo,A red pareo. For female students.<br>(Cannot be traded),6,5,128,1,0,0,2,0,0,0,0,1,522222
888,159091,foot_F9020,Pink Sandals,Pink sandals. For female students.<br>(Cannot be traded),6,5,256,1,0,0,2,0,0,0,0,1,522222
889,159092,cap_F9020,Pink Straw Hat,A pink straw hat. For female students.<br>(Cannot be traded),6,5,1,2,0,0,2,0,0,0,0,0,522222
890,159093,upper_F9021,Blue Blouse,A sleeveless blue blouse. For female students.<br>(Cannot be traded),6,5,64,1,0,0,2,0,0,0,0,1,522222
891,159094,lower_F9021,White Pareo,A pure white pareo. For female students.<br>(Cannot be traded),6,5,128,1,0,0,2,0,0,0,0,1,522222
892,159095,foot_F9021,Aqua Sandals,Light blue sandals. For female students.<br>(Cannot be traded),6,5,256,1,0,0,2,0,0,0,0,1,522222
893,159096,cap_F9021,Pastel Pink Straw Hat,A light pink straw hat. For female students.<br>(Cannot be traded),6,5,1,2,0,0,2,0,0,0,0,0,522222
894,159097,upper_M9027,Purple School Jacket,"A purple jacket. Part of the “Classic Uniform,” a new design prototype created by the Shopping District Association. If students respond well to it, it may be officially adopted. For male students.",6,5,64,1,0,0,1,0,0,0,0,1,522222
895,159098,lower_M9027,Purple School Pants,"Purple pants. Part of the “Classic Uniform,” a new design prototype created by the Shopping District Association. If students respond well to it, it may be officially adopted. For male students.",6,5,128,1,0,0,1,0,0,0,0,1,522222
896,159099,foot_M9027,White School Shoes,"White shoes. Part of the “Classic Uniform,” a new design prototype created by the Shopping District Association. If students respond well to it, it may be officially adopted. For male students.",6,5,256,1,0,0,1,0,0,0,0,1,522222
897,159100,cap_M9027,School Hat ???,"A ???-colored hat. Part of the “Classic Uniform,” a new design prototype created by the Shopping District Association. If students respond well to it, it may be officially adopted. For male students.",6,5,1,2,0,0,1,0,0,0,0,0,522222
898,159101,upper_F9027,Purple School Jacket,"A purple jacket. Part of the “Classic Uniform,” a new design prototype created by the Shopping District Association. If students respond well to it, it may be officially adopted. For female students.",6,5,64,1,0,0,2,0,0,0,0,1,522222
899,159102,lower_F9027,Orange School Skirt,"An orange skirt. Part of the “Classic Uniform,” a new design prototype created by the Shopping District Association. If students respond well to it, it may be officially adopted. For female students.",6,5,128,1,0,0,2,0,0,0,0,1,522222
900,159103,foot_F9027,Purple School Shoes,"Purple shoes. Part of the “Classic Uniform,” a new design prototype created by the Shopping District Association. If students respond well to it, it may be officially adopted. For female students.",6,5,256,1,0,0,2,0,0,0,0,1,522222
901,159104,cap_F9027,Purple School Hat,"A purple hat. Part of the “Classic Uniform,” a new design prototype created by the Shopping District Association. If students respond well to it, it may be officially adopted. For female students.",6,5,1,2,0,0,2,0,0,0,0,0,522222
902,159105,upper_M9028,Pink School Jacket,"A pink jacket. Part of the “Modern Uniform,” a new design prototype created by the Shopping District Association. If students respond well to it, it may be officially adopted. For male students.",6,5,64,1,0,0,1,0,0,0,0,1,522222
903,159106,lower_M9028,Orange School Pants,"Orange pants. Part of the “Modern Uniform,” a new design prototype created by the Shopping District Association. If students respond well to it, it may be officially adopted. For male students.",6,5,128,1,0,0,1,0,0,0,0,1,522222
904,159107,foot_M9028,Orange School Shoes,"Orange shoes. Part of the “Modern Uniform,” a new design prototype created by the Shopping District Association. If students respond well to it, it may be officially adopted. For male students.",6,5,256,1,0,0,1,0,0,0,0,1,522222
905,159108,cap_M9028,School Hat ???,"A ???-colored hat. Part of the “Modern Uniform,” a new design prototype created by the Shopping District Association. If students respond well to it, it may be officially adopted. For male students.",6,5,1,2,0,0,1,0,0,0,0,0,522222
906,159109,upper_F9028,Pink School Jacket,"A pink jacket. Part of the “Modern Uniform,” a new design prototype created by the Shopping District Association. If students respond well to it, it may be officially adopted. For female students.",6,5,64,1,0,0,2,0,0,0,0,1,522222
907,159110,lower_F9028,Purple School Skirt,"A purple skirt. Part of the “Modern Uniform,” a new design prototype created by the Shopping District Association. If students respond well to it, it may be officially adopted. For female students.",6,5,128,1,0,0,2,0,0,0,0,1,522222
908,159111,foot_F9028,Pink School Shoes,"Pink shoes. Part of the “Modern Uniform,” a new design prototype created by the Shopping District Association. If students respond well to it, it may be officially adopted. For female students.",6,5,256,1,0,0,2,0,0,0,0,1,522222
909,159112,cap_F9028,Pink School Hat,"A pink hat. Part of the “Modern Uniform,” a new design prototype created by the Shopping District Association. If students respond well to it, it may be officially adopted. For female students.",6,5,1,2,0,0,2,0,0,0,0,0,522222
910,159113,special_M9023,Pink Cat Costume,That cat everyone knows (Not for sale). For male students.,6,5,192,1,0,0,1,0,0,0,0,1,522222
911,159114,foot_M9023,Pink Cat Shoes,That cat everyone knows (Not for sale). For male students.,6,5,256,1,0,0,1,0,0,0,0,1,522222
912,159115,hand_M9023,Pink Cat Gloves,That cat everyone knows (Not for sale). For male students.,6,5,8,1,0,0,1,0,0,0,0,0,522222
913,159116,cap_M9023,Pink Cat Headgear,That cat everyone knows (Not for sale). For male students.,6,5,1,2,0,0,1,0,0,0,0,0,522222
914,159117,special_F9023,Pink Cat Costume,That cat everyone knows (Not for sale). For female students.,6,5,192,1,0,0,2,0,0,0,0,1,522222
915,159118,foot_F9023,Pink Cat Shoes,That cat everyone knows (Not for sale). For female students.,6,5,256,1,0,0,2,0,0,0,0,1,522222
916,159119,hand_F9023,Pink Cat Gloves,That cat everyone knows (Not for sale). For female students.,6,5,8,1,0,0,2,0,0,0,0,0,522222
917,159120,cap_F9023,Pink Cat Headgear,That cat everyone knows (Not for sale). For female students.,6,5,1,2,0,0,2,0,0,0,0,0,522222
918,159121,special_M9024,Spotted Cat Costume,That cat everyone knows (Not for sale). For male students.,6,5,192,1,0,0,1,0,0,0,0,1,522222
919,159122,foot_M9024,Spotted Cat Shoes,That cat everyone knows (Not for sale). For male students.,6,5,256,1,0,0,1,0,0,0,0,1,522222
920,159123,hand_M9024,Spotted Cat Gloves,That cat everyone knows (Not for sale). For male students.,6,5,8,1,0,0,1,0,0,0,0,0,522222
921,159124,cap_M9024,Spotted Cat Headgear,That cat everyone knows (Not for sale). For male students.,6,5,1,2,0,0,1,0,0,0,0,0,522222
922,159125,special_F9024,Spotted Cat Costume,That cat everyone knows (Not for sale). For female students.,6,5,192,1,0,0,2,0,0,0,0,1,522222
923,159126,foot_F9024,Spotted Cat Shoes,That cat everyone knows (Not for sale). For female students.,6,5,256,1,0,0,2,0,0,0,0,1,522222
924,159127,hand_F9024,Spotted Cat Gloves,That cat everyone knows (Not for sale). For female students.,6,5,8,1,0,0,2,0,0,0,0,0,522222
925,159128,cap_F9024,Spotted Cat Headgear,That cat everyone knows (Not for sale). For female students.,6,5,1,2,0,0,2,0,0,0,0,0,522222
926,159129,special_M9025,Blue Cat Costume,A blue cat costume. Put this on and become a cat—meow! For male students.<br>(Cannot be traded),6,5,192,1,0,0,1,0,0,0,0,1,522222
927,159130,foot_M9025,Blue Cat Shoes,Blue cat shoes. Put these on and become a cat—meow! For male students.<br>(Cannot be traded),6,5,256,1,0,0,1,0,0,0,0,1,522222
928,159131,hand_M9025,Blue Cat Gloves,Blue cat gloves. Put these on and become a cat—meow! For male students.<br>(Cannot be traded),6,5,8,1,0,0,1,0,0,0,0,0,522222
929,159132,cap_M9025,Blue Cat Headgear,A blue cat headpiece. Put this on and become a cat—meow! For male students.<br>(Cannot be traded),6,5,1,2,0,0,1,0,0,0,0,0,522222
930,159133,special_F9025,Blue Cat Costume,A blue cat costume. Put this on and become a cat—meow! For female students.<br>(Cannot be traded),6,5,192,1,0,0,2,0,0,0,0,1,522222
931,159134,foot_F9025,Blue Cat Shoes,Blue cat shoes. Put these on and become a cat—meow! For female students.<br>(Cannot be traded),6,5,256,1,0,0,2,0,0,0,0,1,522222
932,159135,hand_F9025,Blue Cat Gloves,Blue cat gloves. Put these on and become a cat—meow! For female students.<br>(Cannot be traded),6,5,8,1,0,0,2,0,0,0,0,0,522222
933,159136,cap_F9025,Blue Cat Headgear,A blue cat headpiece. Put this on and become a cat—meow! For female students.<br>(Cannot be traded),6,5,1,2,0,0,2,0,0,0,0,0,522222
934,159137,special_M9026,Black Cat Costume,A black cat costume. Put this on and become a cat—meow! For male students.<br>(Cannot be traded),6,5,192,1,0,0,1,0,0,0,0,1,522222
935,159138,foot_M9026,Black Cat Shoes,Black cat shoes. Put these on and become a cat—meow! For male students.<br>(Cannot be traded),6,5,256,1,0,0,1,0,0,0,0,1,522222
936,159139,hand_M9026,Black Cat Gloves,Black cat gloves. Put these on and become a cat—meow! For male students.<br>(Cannot be traded),6,5,8,1,0,0,1,0,0,0,0,0,522222
937,159140,cap_M9026,Black Cat Headgear,A black cat headpiece. Put this on and become a cat—meow! For male students.<br>(Cannot be traded),6,5,1,2,0,0,1,0,0,0,0,0,522222
938,159141,special_F9026,Black Cat Costume,A black cat costume. Put this on and become a cat—meow! For female students.<br>(Cannot be traded),6,5,192,1,0,0,2,0,0,0,0,1,522222
939,159142,foot_F9026,Black Cat Shoes,Black cat shoes. Put these on and become a cat—meow! For female students.<br>(Cannot be traded),6,5,256,1,0,0,2,0,0,0,0,1,522222
940,159143,hand_F9026,Black Cat Gloves,Black cat gloves. Put these on and become a cat—meow! For female students.<br>(Cannot be traded),6,5,8,1,0,0,2,0,0,0,0,0,522222
941,159144,cap_F9026,Black Cat Headgear,A black cat headpiece. Put this on and become a cat—meow! For female students.<br>(Cannot be traded),6,5,1,2,0,0,2,0,0,0,0,0,522222
942,159145,special_M9005,Korean Traditional Outfit,A traditional Korean-style outfit worn on special occasions. For male students.,6,5,192,1,0,0,1,0,0,0,0,1,522222
943,159146,foot_M9005,Korean Traditional Shoes,Traditional Korean-style footwear. For male students.,6,5,256,1,0,0,1,0,0,0,0,1,522222
944,159147,special_F9005,Korean Traditional Outfit,A traditional Korean-style outfit worn on special occasions. For female students.,6,5,192,1,0,0,2,0,0,0,0,1,522222
945,159148,foot_F9005,Korean Traditional Shoes,Traditional Korean-style footwear. For female students.,6,5,256,1,0,0,2,0,0,0,0,1,522222
946,159149,special_M9006,Montsuki Hakama,A traditional Japanese formal outfit. Perfect for New Year’s! For male students.,6,5,192,1,0,0,1,0,0,0,0,1,522222
947,159150,foot_M9006,Zori Sandals,Traditional Japanese formal footwear. Perfect for New Year’s! For male students.,6,5,256,1,0,0,1,0,0,0,0,1,522222
948,159151,special_F9006,Kimono,A traditional Japanese formal outfit. Perfect for New Year’s! For female students.,6,5,192,1,0,0,2,0,0,0,0,1,522222
949,159152,foot_F9006,Zori Sandals,Traditional Japanese formal footwear. Perfect for New Year’s! For female students.,6,5,256,1,0,0,2,0,0,0,0,1,522222
950,159153,special_M9007,Thai Traditional Outfit,A Thai-style traditional outfit. Feel like you’re in the tropics! For male students.,6,5,192,1,0,0,1,0,0,0,0,1,522222
951,159154,foot_M9007,Thai Traditional Footwear,Thai-style traditional footwear. Feel like you’re in the tropics! For male students.,6,5,256,1,0,0,1,0,0,0,0,1,522222
952,159155,special_F9007,Thai Traditional Outfit,A Thai-style traditional outfit. Feel like you’re in the tropics! For female students.,6,5,192,1,0,0,2,0,0,0,0,1,522222
953,159156,foot_F9007,Thai Traditional Footwear,Thai-style traditional footwear. Feel like you’re in the tropics! For female students.,6,5,256,1,0,0,2,0,0,0,0,1,522222
954,159157,special_M9029,Montsuki Hakama,A traditional Japanese formal outfit. Perfect for New Year’s! For male students.,6,5,192,1,0,0,1,0,0,0,0,1,522222
955,159158,foot_M9029,Zori Sandals,Traditional Japanese formal footwear. Perfect for New Year’s! For male students.,6,5,256,1,0,0,1,0,0,0,0,1,522222
956,159159,special_F9029,Kimono,A traditional Japanese formal outfit. Perfect for New Year’s! For female students.,6,5,192,1,0,0,2,0,0,0,0,1,522222
957,159160,foot_F9029,Zori Sandals,Traditional Japanese formal footwear. Perfect for New Year’s! For female students.,6,5,256,1,0,0,2,0,0,0,0,1,522222
958,159161,special_M9030,Sparkly Fluffy Bear Suit,"The grand prize winner of the Uniform Design Contest (Magazine Category). A “Sparkly Fluffy Bear Life” suit for male students, designed by illustrator Ryusuke Hamamoto.",6,4,192,1,0,0,1,0,0,0,0,1,522222
959,159162,foot_M9030,Sparkly Fluffy Bear Feet,"The grand prize winner of the Uniform Design Contest (Magazine Category). Shoes from the “Sparkly Fluffy Bear Life” uniform for male students, designed by illustrator Ryusuke Hamamoto.",6,4,256,1,0,0,1,0,0,0,0,1,522222
960,159163,hand_M9030,Sparkly Fluffy Bear Gloves,"The grand prize winner of the Uniform Design Contest (Magazine Category). Gloves from the “Sparkly Fluffy Bear Life” uniform for male students, designed by illustrator Ryusuke Hamamoto.",6,4,8,1,0,0,1,0,0,0,0,0,522222
961,159164,cap_M9030,Sparkly Fluffy Bear Hood,"The grand prize winner of the Uniform Design Contest (Magazine Category). Headgear from the “Sparkly Fluffy Bear Life” uniform for male students, designed by illustrator Ryusuke Hamamoto.",6,4,1,2,0,0,1,0,0,0,0,0,522222
962,159165,special_F9030,Sparkly Fluffy Bear Dress,"The grand prize winner of the Uniform Design Contest (Magazine Category). A dress from the “Sparkly Fluffy Bear Life” uniform for female students, designed by illustrator Ryusuke Hamamoto.",6,4,192,1,0,0,2,0,0,0,0,1,522222
963,159166,foot_F9030,Sparkly Fluffy Bear Boots,"The grand prize winner of the Uniform Design Contest (Magazine Category). Boots from the “Sparkly Fluffy Bear Life” uniform for female students, designed by illustrator Ryusuke Hamamoto.",6,4,256,1,0,0,2,0,0,0,0,1,522222
964,159167,hand_F9030,Sparkly Fluffy Bear Gloves,"The grand prize winner of the Uniform Design Contest (Magazine Category). Gloves from the “Sparkly Fluffy Bear Life” uniform for female students, designed by illustrator Ryusuke Hamamoto.",6,4,8,1,0,0,2,0,0,0,0,0,522222
965,159168,cap_F9030,Sparkly Fluffy Bear Ears,"The grand prize winner of the Uniform Design Contest (Magazine Category). A hairband from the “Sparkly Fluffy Bear Life” uniform for female students, designed by illustrator Ryusuke Hamamoto.",6,4,1,2,0,0,2,0,0,0,0,0,522222
966,159169,special_M9031,Evening Sky Robe,"The grand prize winner of the Uniform Design Contest (General Category). A robe for the Astronomy Club for male students, designed by Tono Shiki.",6,4,192,1,0,0,1,0,0,0,0,1,522222
967,159170,foot_M9031,Twinkle Boots,"The grand prize winner of the Uniform Design Contest (General Category). Boots for the Astronomy Club for male students, designed by Tono Shiki.",6,4,256,1,0,0,1,0,0,0,0,1,522222
968,159171,hand_M9031,Uranus Gloves,"The grand prize winner of the Uniform Design Contest (General Category). Gloves for the Astronomy Club for male students, designed by Tono Shiki.",6,4,8,1,0,0,1,0,0,0,0,0,522222
969,159172,cap_M9031,Crescent Moon Hat,"The grand prize winner of the Uniform Design Contest (General Category). A hat for the Astronomy Club for male students, designed by Tono Shiki.",6,4,1,2,0,0,1,0,0,0,0,0,522222
970,159173,special_F9031,Morning Sky Robe,"The grand prize winner of the Uniform Design Contest (General Category). A robe for the Astronomy Club for female students, designed by Tono Shiki.",6,4,192,1,0,0,2,0,0,0,0,1,522222
971,159174,foot_F9031,Twinkle Boots,"The grand prize winner of the Uniform Design Contest (General Category). Boots for the Astronomy Club for female students, designed by Tono Shiki.",6,4,256,1,0,0,2,0,0,0,0,1,522222
972,159175,hand_F9031,Mars Gloves,"The grand prize winner of the Uniform Design Contest (General Category). Gloves for the Astronomy Club for female students, designed by Tono Shiki.",6,4,8,1,0,0,2,0,0,0,0,0,522222
973,159176,cap_F9031,Sunrise Hat,"The grand prize winner of the Uniform Design Contest (General Category). A hat for the Astronomy Club for female students, designed by Tono Shiki.",6,4,1,2,0,0,2,0,0,0,0,0,522222
974,159177,special_M9032,Concert Band Uniform,"The grand prize winner of the Uniform Design Contest (Student Category).<br>A Concert Band Club uniform for male students, designed by Kotera.",6,4,192,1,0,0,1,0,0,0,0,1,522222
975,159178,foot_M9032,Concert Band Shoes,"The grand prize winner of the Uniform Design Contest (Student Category).<br>Shoes for the Concert Band Club for male students, designed by Kotera.",6,4,256,1,0,0,1,0,0,0,0,1,522222
976,159179,cap_M9032,Concert Band Hat,"The grand prize winner of the Uniform Design Contest (Student Category).<br>A hat for the Concert Band Club for male students, designed by Kotera.",6,4,1,2,0,0,1,0,0,0,0,0,522222
977,159180,special_F9032,Concert Band Uniform,"The grand prize winner of the Uniform Design Contest (Student Category).<br>A Concert Band Club uniform for female students, designed by Kotera.",6,4,192,1,0,0,2,0,0,0,0,1,522222
978,159181,foot_F9032,Concert Band Shoes,"The grand prize winner of the Uniform Design Contest (Student Category).<br>Shoes for the Concert Band Club for female students, designed by Kotera.",6,4,256,1,0,0,2,0,0,0,0,1,522222
979,159182,cap_F9032,Concert Band Hat,"The grand prize winner of the Uniform Design Contest (Student Category).<br>A hat for the Concert Band Club for female students, designed by Kotera.",6,4,1,2,0,0,2,0,0,0,0,0,522222
980,10005,blade_A0005,Ring Dagger,"It came to be called a “Ring Dagger” because a ring about the size of a fist is attached to the pommel. Because of this ring, it is difficult to conceal and is not very useful as a dagger.",2,4,16,2,1,6,0,0,0,0,0,0,0
981,10010,blade_A0010,Kitchen Knife,"Used for peeling apples and preparing sashimi. Some say it was made as a weapon for cooking monsters, but so far no monster dishes have ever appeared.",2,4,16,2,1,6,0,0,0,0,0,0,0
982,10014,blade_A0014,Assassin’s Thunder,"A weapon favored by assassins. Electricity flows through the entire blade except for the rubber part of the handle, and simply touching it can cause fatal damage.",2,4,16,2,1,6,0,0,0,0,0,0,0
983,10017,blade_A0017,Asura Blade,"A blade said to contain a sealed demon. Only those with courage greater than the demon itself can wield it. If mastered, its power is truly terrifying…",2,4,16,2,1,6,0,0,0,0,0,0,0
984,10009,blade_A0009,Evening Star,"A weapon rumored to become strongest in the evening. However, when you actually try using it, the rumor doesn’t seem very believable.",2,4,16,2,1,6,0,0,101,20011,0,0,0
985,10007,blade_A0007,Spiked Bat,"Together with the wooden sword, it is considered one of the two great weapons of delinquents and is a must-have in delinquent mode. Its vicious shape is so intimidating that even the person using it sometimes gets scared.",2,4,16,2,1,6,0,0,101,20009,0,0,0
986,19001,blade_A0001,Limit Break Stinger,"A modified Stinger of legend. Its latent power is forcibly drawn out, making it usable only by fourth-year students or higher.<br>It will be removed during the scheduled maintenance on Thursday, May 11, 2006.",2,4,16,2,1,4,0,0,102,20001,0,0,0
987,19002,blade_A0011,Tonic Blade,"A fake Sonic Blade. Said to have been used by a bold bartender to mix cocktails. Its output is weak, so even first-year students can use it.<br>It will be removed during the scheduled maintenance on Thursday, May 11, 2006.",2,4,16,2,1,1,0,0,104,20014,0,0,0
988,19003,blade_A0019,Paper Driver,"A screwdriver made of papercraft. Naturally weaker than the real thing. Keep a perfect safety record and it might turn gold?<br>It will be removed during the scheduled maintenance on Thursday, May 11, 2006.",2,4,16,2,1,1,0,0,104,20016,0,0,0
989,19004,blade_A0013,Trial Hammer,"Looks just like the Juggernaut Hammer, but it’s made from a lighter metal than the real one, so even second-year students can use it.<br>It will be removed during the scheduled maintenance on Thursday, May 11, 2006.",2,4,16,2,1,2,0,0,102,20018,0,0,0
990,19005,blade_A0021,Pringer,"A fake Bringer. Even third-year students can equip it, but its attack power is low. Surprisingly useful as a mixer when making sweets?<br>It will be removed during the scheduled maintenance on Thursday, May 11, 2006.",2,4,16,2,1,3,0,0,102,20028,0,0,0
991,19006,blade_A0003,Event Megaton Hammer,"A somewhat compact hammer, but with more than enough power. Its structure concentrates mass at the point of impact at the moment of the strike, allowing it to be wielded with one hand while still delivering heavy damage.",2,5,16,2,1,4,0,0,101,20003,0,0,0
992,19007,blade_A1006,실전 목도 YT,불량 모드의 필수품. 못박힌 배트와 함께 2대 불량 무기라 불리운다. 일반 목도보다는 실전용이라 할 수 있다.<br>이것은 요구르팅 1주년 기념 선물이라고 한다.,2,4,16,2,1,1,0,0,104,20008,0,0,0
993,19008,blade_A1002,블러디 바로 소드 YT,거리를 재는데 탁월한 기능을 가지고 있는 블레이드. 주로 초급학년들에게 적당하다.<br>이것은 요구르팅 1주년 기념 선물이라고 한다.,2,4,16,2,1,1,0,0,104,20002,0,0,0
994,19009,blade_A0001,Stinger,Cutter-type blade,2,4,16,2,1,1,0,0,102,20001,0,0,0
995,19010,blade_A0019,Screwdriver,A Phillips screwdriver shaped like a screw.,2,4,16,2,1,2,0,0,104,20016,0,0,0
996,19011,blade_A0015,Thunder Saber,A beam sword with a blade that focuses energy flowing from the rechargeable battery in the handle. The sound it makes each time it’s swung is really cool.,2,4,16,2,1,3,0,0,104,20021,0,0,0
997,19012,blade_A1006,Red Sandalwood Bokken,"A wooden sword made from red sandalwood, a material long said to be legendary. It has a presence and dignity unlike an ordinary wooden sword, making it a must-have if you want to call yourself a true boss!",2,4,16,2,1,1,0,0,104,20008,0,0,0
998,19013,blade_A1002,Baro Sword M,"The Baro Sword boasts a level of precision that even professionals approve of as a measuring tool. Its length is said to exactly match the distance that light travels in a vacuum in 1/299,792,458 of a second.",2,4,16,2,1,1,0,0,104,20002,0,0,0
999,19014,blade_A1004,Rose Rapier,"A blade with a long, pointed sword edge. Like a rose with sharp thorns, its blade is beautifully stained a deep crimson.",2,4,16,2,1,2,0,0,104,20005,0,0,0
1000,19015,blade_A1011,Foreman Sonic Blade,"A cutting machine that enjoys tremendous support from workers at lumberyards and construction sites. As a weapon, it boasts power comparable to a standard Sonic Blade.",2,4,16,2,1,2,0,0,104,20014,0,0,0
1001,19016,blade_A1016,Unsigned Katana,"A traditional Japanese blade. Not one from the era when such swords were treated like works of art as symbols of the samurai, but a finely crafted, unsigned weapon used by nameless soldiers during the Warring States period. Through long use, the blade has been stained a deep crimson.",2,4,16,2,1,3,0,0,104,20022,0,0,0
1002,19017,blade_A1013,Gigantic Hammer,"A weapon created to duel against someone wielding the Juggernaut Hammer. From the day you take up this weapon, you are destined to fight the wielder of the Juggernaut Hammer.",2,4,16,2,1,3,0,0,102,20018,0,0,0
1003,19018,blade_A1006,Jinmenju Bokken,"A wooden sword made from the yokai “Jinmenju.” It is cursed—those who keep using it are said to be transformed into a Jinmenju themselves. If that doesn’t bother you, enjoy its overwhelming cursed power.<br>(It will become non-tradeable on August 17, 2006, and will be removed on August 24.)",2,5,16,2,1,4,0,0,104,20008,0,0,0
1004,19019,blade_A1004,Vampire Rapier,"A weapon said to have been used by an immortal vampire to bathe in the blood of maidens. Perhaps inhabited by its former owner’s soul, the vines wrapped around it writhe in search of prey.<br>(It will become non-tradeable on August 17, 2006, and will be removed on August 24.)",2,5,16,2,1,2,0,0,104,20005,0,0,0
1005,19020,blade_A1015,Raiju Stinger,"A Dark Saber empowered by the lightning of the yokai “Raiju,” said to appear with thunderbolts. When using its skill, be sure to warn others about incoming lightning.<br>(It will become non-tradeable on August 17, 2006, and will be removed on August 24.)",2,5,16,2,1,5,0,0,104,20021,0,0,0
1006,19021,blade_A0021,Kamaitachi,"A blade said to be a yokai “Kamaitachi” in disguise. It is said that the first knocks a person down, the second cuts them, and the third heals the wound.<br>(It will become non-tradeable on August 17, 2006, and will be removed on August 24.)",2,5,16,2,1,1,0,0,102,20028,0,0,0
1007,19022,blade_A0012,Hitōban Hammer,"A weapon that has captured the yokai “Rokurokubi,” said to be human by day but whose head flies from its body at night. Be careful it doesn’t fly off when using its skill!<br>(It will become non-tradeable on August 17, 2006, and will be removed on August 24.)",2,5,16,2,1,3,0,0,101,20032,0,0,0
1008,10006,blade_A0006,Wooden Sword,"A must-have item for delinquent mode. Along with the nail bat, it is known as one of the two great weapons of delinquents. Its intimidating appearance is more effective than its practicality.",2,4,16,2,1,1,0,0,104,20008,0,0,0
1009,11006,blade_A1006,Red Sandalwood Bokken,"A wooden sword made from red sandalwood, a material long said to be legendary. It has a presence and dignity unlike an ordinary wooden sword, making it a must-have if you want to call yourself a true boss!",2,4,16,2,1,1,0,0,104,20008,0,0,0
1010,10002,blade_A0002,Baro Sword,A blade equipped with a handy measuring function. Perfect for first-year students.,2,4,16,2,1,1,0,0,104,20002,0,0,0
1011,11002,blade_A1002,Baro Sword M,"The Baro Sword boasts a level of precision that even professionals approve of as a measuring tool. Its length is said to exactly match the distance that light travels in a vacuum in 1/299,792,458 of a second.",2,4,16,2,1,1,0,0,104,20002,0,0,0
1012,10001,blade_A0001,Stinger,Cutter-type blade,2,4,16,2,1,1,0,0,102,20001,0,0,0
1013,11001,blade_A1001,Anna Stinger,"A cute pink Stinger decorated with an illustration of SD Anna. With Anna by your side anytime, anywhere!",2,4,16,2,1,1,0,0,102,20001,0,0,0
1014,10004,blade_A0004,Vine Rapier,"A blade with a long, pointed sword edge. Vines are wrapped around the blade and the guard.",2,4,16,2,1,2,0,0,104,20005,0,0,0
1015,11004,blade_A1004,Rose Rapier,"A blade with a long, pointed sword edge. Like a rose with sharp thorns, its blade is beautifully stained a deep crimson.",2,4,16,2,1,2,0,0,104,20005,0,0,0
1016,10011,blade_A0011,Sonic Blade,A blade equipped with a rapidly spinning edge that operates on the same principle as a chainsaw.,2,4,16,2,1,2,0,0,104,20014,0,0,0
1017,11011,blade_A1011,Foreman Sonic Blade,"A cutting machine that enjoys tremendous support from workers at lumberyards and construction sites. As a weapon, it boasts power comparable to a standard Sonic Blade.",2,4,16,2,1,2,0,0,104,20014,0,0,0
1018,10019,blade_A0019,Screwdriver,A Phillips screwdriver shaped like a screw.,2,4,16,2,1,2,0,0,104,20016,0,0,0
1019,11019,blade_A1019,Phillips Screwdriver,A screwdriver whose cross-shaped tip is made from a special alloy. It is designed so that even screws with stripped heads can still be tightened or loosened.,2,4,16,2,1,2,0,0,104,20016,0,0,0
1020,10016,blade_A0016,Katana,"A traditional Japanese blade, symbol of the samurai. Its sharp edge makes it restricted for use by lower-year students.",2,4,16,2,1,3,0,0,104,20022,0,0,0
1021,11016,blade_A1016,Unsigned Katana,"A traditional Japanese blade. Not one from the era when such swords were treated like works of art as symbols of the samurai, but a finely crafted, unsigned weapon used by nameless soldiers during the Warring States period. Through long use, the blade has been stained a deep crimson.",2,4,16,2,1,3,0,0,104,20022,0,0,0
1022,10013,blade_A0013,Juggernaut Hammer,"A crude, brutally heavy hammer. It looks so intimidating that you feel like you might take damage just by looking at it. You should absolutely avoid dueling someone wielding this weapon.",2,4,16,2,1,3,0,0,102,20018,0,0,0
1023,11013,blade_A1013,Gigantic Hammer,"A weapon created to duel against someone wielding the Juggernaut Hammer. From the day you take up this weapon, you are destined to fight the wielder of the Juggernaut Hammer.",2,4,16,2,1,3,0,0,102,20018,0,0,0
1024,10015,blade_A0015,Thunder Saber,A beam sword with a blade that focuses energy flowing from the rechargeable battery in the handle. The sound it makes each time it’s swung is really cool.,2,4,16,2,1,3,0,0,104,20021,0,0,0
1025,11015,blade_A1015,Dark Saber,"It is said that when the wielder of the Thunder Saber chooses the path of evil with a strong will, the blade becomes stained with darkness and transforms into the Dark Saber. However, there are also rumors that replacing the battery will turn it back into a normal Thunder Saber.",2,4,16,2,1,3,0,0,104,20021,0,0,0
1026,10021,blade_A0021,Bringer,A blade shaped like a large scythe.,2,4,16,2,1,4,0,0,102,20028,0,0,0
1027,11021,blade_A1021,Punisher,"A weapon that became the prototype for the Bringer. Originally, it was not used for hunting monsters, but rather for executing criminals.",2,4,16,2,1,4,0,0,102,20028,0,0,0
1028,10022,blade_A0022,Seaweed,A blade made from golden powder said to be used by sea fairies.,2,4,16,2,1,4,0,0,102,20029,0,0,0
1029,11022,blade_A1022,Deep Seaweed,"A blade said to have been made by a fairy who lives at the bottom of the deep sea. Its blade shines with a brilliant blue glow, but the fairy who made it lives on the dark ocean floor where no light reaches, and will never know how it looks.",2,4,16,2,1,4,0,0,102,20029,0,0,0
1030,10003,blade_A0003,Megaton Hammer,"A somewhat compact hammer, but with more than enough power. Its structure concentrates mass at the point of impact at the moment of the strike, allowing it to be wielded with one hand while still delivering heavy damage.",2,4,16,2,1,4,0,0,101,20003,0,0,0
1031,10008,blade_A0008,Fly Pang☆,A very large frying pan. There is a rumor that it was originally made to cook ostrich eggs.,2,4,16,2,1,5,0,0,101,20030,0,0,0
1032,10012,blade_A0012,Magical Stomper,"It looks like a toy, but it actually boasts considerable power. An opponent who gets hit while letting their guard down will be surprised by the damage!",2,4,16,2,1,5,0,0,101,20032,0,0,0
1033,10023,blade_A0023,Light Breaker,"A blade made using a fluorescent light tube as its base. It has been reinforced so that it won’t break easily, allowing you to fight without worry.",2,4,16,2,1,5,0,0,102,20033,0,0,0
1034,10020,blade_A0020,Vermilion Edge,"This blade features a large red diamond set in the guard, even bigger than the blade itself. It is said to grow stronger when the gem emits light.",2,4,16,2,1,6,0,0,102,0,0,0,0
1035,10024,blade_A0024,Stinger FE,The final evolution of the Stinger.,2,4,16,2,1,6,0,0,102,0,0,0,0
1036,10018,blade_A0018,Vice-Principal Slayer,A legendary blade that has been secretly passed down only among sixth-year students. It is said that whoever wields this blade gains the power to defeat even the vice-principal.,2,4,16,2,1,6,0,0,102,0,0,0,0
1037,20004,glorb_A0004,Green Bamboo Claws,A pair of gloves that have the look and feel of green bamboo.,3,4,8,1,2,0,0,0,0,40003,0,0,0
1038,20012,glorb_A0012,Gigantic Gauntlets,"The heaviest pair of gloves. This weapon is a modified version of gloves said to have been used by an ancient race of giants, adapted for student use. They are difficult to handle, but once you get used to them, there’s nothing left to fear.",0,4,0,0,0,0,0,0,0,0,0,0,0
1039,20020,glorb_A0020,Dual Gauntlets,"With an appearance like having large bowling balls fitted over the hands, they look overwhelmingly powerful at a glance.",0,4,0,0,0,0,0,0,0,0,0,0,0
1040,29001,glorb_A0002,Ultimate Spirit of Righteousness,"A weapon whose Haoran energy output has exceeded its limits. Its light shines like that of an immortal, but it places great strain on its materials. Only fourth-year students or higher can equip it.<br>It will be removed during the scheduled maintenance on Thursday, May 11, 2006.",3,4,8,1,2,4,0,0,302,40030,0,0,0
1041,29002,glorb_A0015,Viper Knuckles,"An unfinished Viper Knuckle. The poison coating is incomplete, so even first-year students can use it.<br>It will be removed during the scheduled maintenance on Thursday, May 11, 2006.",3,4,8,1,2,1,0,0,301,40020,0,0,0
1042,29003,glorb_A0021,Training Bandages,"Bandages under 2.5 meters long. Protect your fists well and focus on your training. Can be used by first-year students.<br>It will be removed during the scheduled maintenance on Thursday, May 11, 2006.",3,4,8,1,2,1,0,0,301,40028,0,0,0
1043,29004,glorb_A0005,Rainbo Fist,"A fake Rainbow Fist. It breaks easily with use, but its low power makes it usable even by lower-year students.<br>It will be removed during the scheduled maintenance on Thursday, May 11, 2006.",3,4,8,1,2,2,0,0,302,40006,0,0,0
1044,29005,glorb_A0014,Phantom Cutter,"A fake left behind at the scene by a phantom thief who appears out of nowhere and steals rare items, swapping it with the real one. Can be equipped by third-year students.<br>It will be removed during the scheduled maintenance on Thursday, May 11, 2006.",3,4,8,1,2,3,0,0,302,40017,0,0,0
1045,29006,glorb_A0008,Event Battle Claw,"A pair of gloves said to have been used mainly in large-scale battles in ancient times. They have since been modified for hunting monsters, but their overwhelming and intimidating presence remains unchanged.",3,5,8,1,2,4,0,0,303,40010,0,0,0
1046,29007,glorb_A1001,무비유환 글로브 YT,단단한 금속 재질의 글로브.<br>이것은 요구르팅 1주년 기념 선물이라고 한다.,3,4,8,1,2,1,0,0,302,40001,0,0,0
1047,29008,glorb_A1003,The 자린고비 피스트 YT,빼빼 마른 글로브.<br>이것은 요구르팅 1주년 기념 선물이라고 한다.,3,4,8,1,2,1,0,0,302,40003,0,0,0
1048,29009,glorb_A0002,Spirit of Righteousness,Gloves with lenses on the back that glow blue. They allow you to unleash skill attacks that fire radiant energy projectiles.,3,4,8,1,2,1,0,0,302,40030,0,0,0
1049,29010,glorb_A0021,Joe’s Bandages,"A set of bandages said to have been wrapped around the fists of Joe, the legendary king of martial artists.",3,4,8,1,2,2,0,0,301,40028,0,0,0
1050,29011,glorb_A0013,Phoenix Knuckles,A pair of gloves said to be made from the feathers of a phoenix.,3,4,8,1,2,3,0,0,302,40016,0,0,0
1051,29012,glorb_A1001,Forewarned is Forearmed,"A pair of hard metal gloves. When struck against solid ground or a wall, they scatter sparks and become fists of flame.",3,4,8,1,2,1,0,0,302,40001,0,0,0
1052,29013,glorb_A1003,Ultimate Zaringobi Fist,"A pair of gloves said to drive their wearer into desperate situations. Whether you survive and seize victory or collapse from exhaustion, it truly becomes a do-or-die battle. Perfect for training the spirit.",3,4,8,1,2,1,0,0,302,40003,0,0,0
1053,29014,glorb_A1007,Blackjack,"These gloves are said to draw either the best possible card or the worst possible card—each with a 50% chance—when it comes down to the decisive moment. Because of this, they are both admired and feared by many gamblers.",3,4,8,1,2,2,0,0,301,40008,0,0,0
1054,29015,glorb_A1015,Venom Knuckles,"Gloves made from snakeskin, finished with a special blend of snake venom applied to the surface. Anyone struck by them will inevitably suffer severe poisoning, so their sale and use are now prohibited. Prolonged use may cause the poison to affect the wearer as well…",3,4,8,1,2,2,0,0,301,40020,0,0,0
1055,29016,glorb_A1019,Phenometer Proto,"A prototype of the Phenometer Gear developed for exploration. It has functions not found in the mass-produced Phenometer Gear, but its combat performance has already been fully perfected.",3,4,8,1,2,3,0,0,301,40014,0,0,0
1056,29017,glorb_A1005,Violet Fist,"An improved version of the Rainbow Fist. The violet color in the rainbow trail that appears whenever a technique is unleashed is said to shine even more beautifully now. For some reason, its users often seem to be quite well-tanned.",3,4,8,1,2,3,0,0,302,40006,0,0,0
1057,29018,glorb_A1001,Great Toad Gloves,"Gloves made from the skin of the yokai “Oogama,” said to emit an aura that lures in people and animals as prey. Sticky to the touch and constantly giving off a tempting aura, making them quite troublesome.<br>(It will become non-tradeable on August 17, 2006, and will be removed on August 24.)",3,5,8,1,2,3,0,0,302,40001,0,0,0
1058,29019,glorb_A0021,Ittan-Momen Bandages,"A type of tsukumogami, “Ittan Momen,” a cloth yokai that has taken the form of bandages. One tan is about 11 meters, making it longer than standard bandages and suited for advanced students.<br>(It will become non-tradeable on August 17, 2006, and will be removed on August 24.)",3,5,8,1,2,1,0,0,301,40028,0,0,0
1059,29020,glorb_A1005,Yatagarasu,"Gloves made using the wings of the yokai “Yatagarasu,” a three-legged crow said to be a divine messenger. They flap to point the correct path, making them perfect even for those with a poor sense of direction.<br>(It will become non-tradeable on August 17, 2006, and will be removed on August 24.)",3,5,8,1,2,5,0,0,302,40006,0,0,0
1060,29021,glorb_A1009,One Hundred Yokai Scenes,"Gloves imbued with a mysterious aura after being painted by a yokai artist. Stare at them long enough and you’ll see 100 yokai emerge in 3D. Be sure to take a 15-minute break every hour?<br>(It will become non-tradeable on August 17, 2006, and will be removed on August 24.)",3,5,8,1,2,2,0,0,302,40011,0,0,0
1061,29022,glorb_A0011,Oni Bite Claws,"Gloves said to be a yokai “Oni” in disguise, waiting to attack its wearer. Keep fighting to satisfy its hunger, or you may be devoured. The phrase “oni hitokuchi” refers to the way an oni devours things in a single bite.<br>(It will become non-tradeable on August 17, 2006, and will be removed on August 24.)",3,5,8,1,2,4,0,0,303,40013,0,0,0
1062,20001,glorb_A0001,Forewarned is Forearmed,"A pair of hard metal gloves. When struck against solid ground or a wall, they scatter sparks and become fists of flame.",3,4,8,1,2,1,0,0,302,40001,0,0,0
1063,21001,glorb_A1001,Unwarned is Unarmed,"The original version of “Be Prepared,” a bestselling beginner glove. Ironically, it was released with defects due to negligence and later recalled. As a result, it came to be mockingly called “Unprepared, Trouble Follows.”",3,4,8,1,2,1,0,0,302,40001,0,0,0
1064,20003,glorb_A0003,The Ringo Fist,"A pair of gloves covered in patches from being repaired many times. They embody a hungry, never-give-up spirit.",3,4,8,1,2,1,0,0,302,40003,0,0,0
1065,21003,glorb_A1003,Ultimate Zaringobi Fist,"A pair of gloves said to drive their wearer into desperate situations. Whether you survive and seize victory or collapse from exhaustion, it truly becomes a do-or-die battle. Perfect for training the spirit.",3,4,8,1,2,1,0,0,302,40003,0,0,0
1066,20002,glorb_A0002,Spirit of Righteousness,Gloves with lenses on the back that glow blue. They allow you to unleash skill attacks that fire radiant energy projectiles.,3,4,8,1,2,1,0,0,302,40030,0,0,0
1067,21002,glorb_A1002,Righteous Heart,A pair of gloves whose gauntlet lenses glow with a blue light. It is said that only those whose hearts have nothing to be ashamed of before heaven and earth can unleash their true power.,3,4,8,1,2,1,0,0,302,40030,0,0,0
1068,20007,glorb_A0007,Gambler’s Hand,Gloves engraved with the Ace of Spades on the back of the hand. Cards appear when using skill attacks.,3,4,8,1,2,2,0,0,301,40008,0,0,0
1069,21007,glorb_A1007,Blackjack,"These gloves are said to draw either the best possible card or the worst possible card—each with a 50% chance—when it comes down to the decisive moment. Because of this, they are both admired and feared by many gamblers.",3,4,8,1,2,2,0,0,301,40008,0,0,0
1070,20015,glorb_A0015,Viper Gauntlets,"Gloves made from snakeskin, finished with a coating of snake venom on the surface. Anyone struck by them will inevitably suffer severe poisoning, so their sale and use are now prohibited. They are secretly used as a weapon by delinquent students.",3,4,8,1,2,2,0,0,301,40020,0,0,0
1071,21015,glorb_A1015,Venom Knuckles,"Gloves made from snakeskin, finished with a special blend of snake venom applied to the surface. Anyone struck by them will inevitably suffer severe poisoning, so their sale and use are now prohibited. Prolonged use may cause the poison to affect the wearer as well…",3,4,8,1,2,2,0,0,301,40020,0,0,0
1072,20021,glorb_A0021,Joe’s Bandages,"A set of bandages said to have been wrapped around the fists of Joe, the legendary king of martial artists.",3,4,8,1,2,2,0,0,301,40028,0,0,0
1073,21021,glorb_A1021,Joe’s Blood & Tears Bandages,"A worn set of bandages said to have been wrapped around the fists of Joe, the legendary king of martial artists. They are soaked with Joe’s blood, sweat, and tears.",3,4,8,1,2,2,0,0,301,40028,0,0,0
1074,20019,glorb_A0019,Phenomenal Gauntlets,"These gloves, equipped with a gauge panel on the back of the hand, were created for exploration purposes.",3,4,8,1,2,3,0,0,301,40014,0,0,0
1075,21019,glorb_A1019,Phenometer Proto,"A prototype of the Phenometer Gear developed for exploration. It has functions not found in the mass-produced Phenometer Gear, but its combat performance has already been fully perfected.",3,4,8,1,2,3,0,0,301,40014,0,0,0
1076,20005,glorb_A0005,Rainbow Fist,"It came to be called the Rainbow Fist because it leaves a rainbow trail each time a technique is unleashed. A rainbow appears with every skill attack, making it popular during school festivals.",3,4,8,1,2,3,0,0,302,40006,0,0,0
1077,21005,glorb_A1005,Violet Fist,"An improved version of the Rainbow Fist. The violet color in the rainbow trail that appears whenever a technique is unleashed is said to shine even more beautifully now. For some reason, its users often seem to be quite well-tanned.",3,4,8,1,2,3,0,0,302,40006,0,0,0
1078,20013,glorb_A0013,Phoenix Knuckles,A pair of gloves said to be made from the feathers of a phoenix.,3,4,8,1,2,3,0,0,302,40016,0,0,0
1079,21013,glorb_A1013,Heavenly Phoenix,A pair of gloves said to be made from the feathers left behind by a phoenix that repeated death and rebirth a thousand times before finally ascending to the heavens.,3,4,8,1,2,3,0,0,302,40016,0,0,0
1080,20014,glorb_A0014,Gordian Cutter,"The fastest weapon available. However, because it focuses so much on speed, its power is not very high.",3,4,8,1,2,4,0,0,302,40017,0,0,0
1081,21014,glorb_A1014,Supernatural Might,"It is spoken of alongside the saying, “Technique is Kaitō Ranma, strength is Kairiki Ranshin.” Though this weapon was created by an evil organization as an imitation of “Kaitō Ranma,” it is said that if wielded by someone with a pure, righteous, and strong heart, it will reveal its true power.",3,4,8,1,2,4,0,0,302,40017,0,0,0
1082,20009,glorb_A0009,Axis of Heaven and Earth,"It’s hard to understand the mindset of anyone who would use gloves with such a bizarre design. However, every student who has used these gloves can’t stop praising them.",3,4,8,1,2,4,0,0,302,40011,0,0,0
1083,21009,glorb_A1009,Innocent Radiance,"A pair of gloves with a design that surpasses art by a hair’s breadth. Once you get used to them, they’re said to be surprisingly cute. Rumor has it the design comes from drawings made on a whim by either a child or a chimpanzee.",3,4,8,1,2,4,0,0,302,40011,0,0,0
1084,20008,glorb_A0008,Battle Claw,"A pair of gloves said to have been used mainly in large-scale battles in ancient times. They have since been modified for hunting monsters, but their overwhelming and intimidating presence remains unchanged.",3,4,8,1,2,4,0,0,303,40010,0,0,0
1085,20010,glorb_A0010,Blade Hand,"This weapon is closer to a blade than a glove. When worn on both arms, it feels as if you’re fighting with two swords. It’s well suited for quick, rapid attacks.",3,4,8,1,2,5,0,0,303,40012,0,0,0
1086,20016,glorb_A0016,Eagle Claw,A pair of gloves modeled after the hooked talons of a hawk. They are designed more for tearing attacks than for blunt strikes.,3,4,8,1,2,5,0,0,303,40023,0,0,0
1087,20011,glorb_A0011,Biting Claws,A pair of gloves designed to look like a monster with its mouth open. The sharp horns growing from the fingertips show just how powerful this weapon is.,3,4,8,1,2,5,0,0,303,40013,0,0,0
1088,20022,glorb_A0022,Riot Gauntlets,"Gauntlets that convert negative emotions like anger and sadness into strength. After battle, the wearer is said to feel strangely refreshed.",3,4,8,1,2,5,0,0,304,40031,0,0,0
1089,20006,glorb_A0006,Maxima Gauntlet,Very heavy gloves that slow down attack speed but deliver powerful blows.,3,4,8,1,2,6,0,0,304,0,0,0,0
1090,20017,glorb_A0017,Windscatter Slash,"Legendary gloves said to be powerful enough to shatter mountains. Their straightforward, sturdy design only adds to the rumor’s credibility.",3,4,8,1,2,6,0,0,304,0,0,0,0
1091,20018,glorb_A0018,Ultimate Gauntlets,"As the name suggests, the ultimate pair of gloves. It is said that the gloves themselves choose their wielder.",3,4,8,1,2,6,0,0,304,0,0,0,0
1092,30003,mura_A0003,Trump Power,It resembles a trumpet that is broken and tattered on all sides.,4,4,1,2,3,0,0,0,0,0,0,0,0
1093,30013,mura_A0013,Scratch Mixer,"At first listen, it sends a chill down your spine, but if you keep listening, before you know it you’re completely hooked.",0,4,0,0,0,0,0,0,0,0,0,0,0
1094,30014,mura_A0014,MC MacStar,"A mass-produced version of the Mura used by the legendary MC, MC MacStar. It lets people indulge in nostalgia for MC MacStar, and has been met with an explosive reaction from the public.",0,4,0,0,0,0,0,0,0,0,0,0,0
1095,30015,mura_A0015,Zigzag Tap,"Because this single Mura can produce a wide variety of tones, it is favored by students who aspire to avant-garde art.",0,4,0,0,0,0,0,0,0,0,0,0,0
1096,30016,mura_A0016,Magnedio,"When surrounded by students wearing this Mura, with antennas sprouting from all over it, you start to feel as if you’ve wandered onto another planet. Just like its unusual shape, the way it’s used is equally unique.",0,4,0,0,0,0,0,0,0,0,0,0,0
1097,30018,mura_A0018,Metal Baroque,A Mura designed for combat rather than for dancing or music. Anyone who sees this gleaming metallic Mura can’t help but feel a sense of fear.,0,4,0,0,0,0,0,0,0,0,0,0,0
1098,39001,mura_A0011,Bass Clarinet,"A clarinet that excels in low tones. Only fourth-year students or higher can equip it.<br>It will be removed during the scheduled maintenance on Thursday, May 11, 2006.",4,4,1,2,3,4,0,0,501,60013,0,0,0
1099,39002,mura_A0002,German Bongo,"An obvious fake of the Shaman Bongo, but since even first-year students can equip it, it’s surprisingly useful for a knockoff.<br>It will be removed during the scheduled maintenance on Thursday, May 11, 2006.",4,4,1,2,3,1,0,0,505,60002,0,0,0
1100,39003,mura_A0004,The DJ βedit,"A beginner afro wig developed so lower-year students can use it. Equipped not only with turntables, but also a state-of-the-art 4-channel mixer. Usable by first-year students.<br>It will be removed during the scheduled maintenance on Thursday, May 11, 2006.",4,4,1,2,3,1,0,0,505,60006,0,0,0
1101,39004,mura_A0005,Flahhi,"A worn-out Fluffy that sounds like it’s lost all its air no matter how you play it. Adjusted so it can be equipped by second-year students or higher.<br>It will be removed during the scheduled maintenance on Thursday, May 11, 2006.",4,4,1,2,3,2,0,0,501,60029,0,0,0
1102,39005,mura_A0019,Trial Scarf,"A sample version of the Tam-Tam Muffler. Can be equipped by third-year students or higher.<br>It will be removed during the scheduled maintenance on Thursday, May 11, 2006.",4,4,1,2,3,3,0,0,505,60014,0,0,0
1103,39006,mura_A0009,Event Pianio,"A Mura that looks like a keyboard and produces sound when pressed. Though it has existed for a long time, it still contains unresolved mysteries, attracting the interest of scholars.",4,5,1,2,3,4,0,0,501,60011,0,0,0
1104,39007,mura_A1006,골든 팬 플룻 YT,사용법이 간편하고 무게가 가벼워 많은 사람들이 애용하는 황금빛 뮤라. 때문에 리코링 전용 음악 대회도 간간히 열리기도 한다.<br>이것은 요구르팅 1주년 기념 선물이라고 한다.,4,4,1,2,3,1,0,0,501,60030,0,0,0
1105,39008,mura_A1001,브로운 YT,금관 악기 형상의 뮤라.<br>이것은 요구르팅 1주년 기념 선물이라고 한다.,4,4,1,2,3,1,0,0,501,60001,0,0,0
1106,39009,mura_A0011,Clarinet,Hearing the lively sound of this light-brown clarinet naturally lifts one’s spirits. It is a Mura often used in ensemble performances together with the Cymbaline.,4,4,1,2,3,1,0,0,501,60013,0,0,0
1107,39010,mura_A0004,The DJ,A giant rainbow-colored afro wig with a turntable attached.,4,4,1,2,3,2,0,0,505,60006,0,0,0
1108,39011,mura_A0022,Tabukai,An earring shaped like a skull.,4,4,1,2,3,3,0,0,505,60028,0,0,0
1109,39012,mura_A1006,Soprano Pan Flute,"A type of pan flute that is lightweight and easy to play, making it popular with many people. It is tuned to produce high notes.",4,4,1,2,3,1,0,0,501,60030,0,0,0
1110,39013,mura_A1001,Classic Drone,"An early model drone. Unlike the modern drones that have been refined over time, it has a distinct charm and a sense of history.",4,4,1,2,3,1,0,0,501,60001,0,0,0
1111,39014,mura_A1007,Crash Cymbaline,A Mura called the ‘king of percussion’ by cymbaline players. It’s so loud that its use is said to be restricted outside concert halls.,4,4,1,2,3,2,0,0,501,60009,0,0,0
1112,39015,mura_A1002,Mystic Bongo,"A specially crafted shaman bongo passed down through generations. Used only during secret rituals closed to outsiders, it holds great folkloric value.",4,4,1,2,3,2,0,0,505,60002,0,0,0
1113,39016,mura_A1008,Amati Violin,A master violin crafted by a top-tier artisan. It is said that many of the violins in circulation today were modeled after it.,4,4,1,2,3,3,0,0,501,60032,0,0,0
1114,39017,mura_A1005,Alto Fluffy,"A golden Fluffy that plays beautiful low tones. When you perform a duet with it, the animals of the forest gather around, captivated by the music.",4,4,1,2,3,3,0,0,501,60029,0,0,0
1115,39018,mura_A1001,Classic Drone WAM,"An instrument belonging to a certain composer said to haunt the music room. The user is imbued with that composer’s power, improving memory. Might come in handy during exams?<br>(It will become non-tradeable on August 17, 2006, and will be removed on August 24.)",4,5,1,2,3,2,0,0,501,60001,0,0,0
1116,39019,mura_A1007,Cry Cymbaline,"A cymbaline that produces sound as loud as the cry of the yokai “Konaki-jiji.” The key is to handle it as gently as a baby. It is said that when Konaki-jiji cries, earthquakes occur.<br>(It will become non-tradeable on August 17, 2006, and will be removed on August 24.)",4,5,1,2,3,5,0,0,501,60009,0,0,0
1117,39020,mura_A1022,Gashadokuro,"A Mura inhabited by the yokai Gashadokuro. It makes noise night after night, making it quite a nuisance. Gashadokuro is said to be a yokai formed from the grudges of the dead.<br>(It will become non-tradeable on August 17, 2006, and will be removed on August 24.)",4,5,1,2,3,4,0,0,505,60028,0,0,0
1118,39021,mura_A0009,Pianio LVB,"An instrument belonging to a certain composer said to haunt the music room. At night, it begins composing and playing on the Pianio keys on its own. If misfortune befalls you as a result, accept it as “fate.”<br>(It will become non-tradeable on August 17, 2006, and will be removed on August 24.)",4,5,1,2,3,1,0,0,501,60011,0,0,0
1119,39022,mura_A0020,Tsuina: Demon-Poison Sake,"A powerful sacred sake said to have been the key to defeating the yokai Shuten Doji. Poison to demons, but medicine to humans. The more you drink, the stronger you become—but remember, alcohol is for those 20 and over!<br>(It will become non-tradeable on August 17, 2006, and will be removed on August 24.)",4,5,1,2,3,3,0,0,506,60015,0,0,0
1120,30006,mura_A0006,Pan Flute,"A Mura that is easy to use and lightweight, making it popular with many people. Dedicated Ricoring music competitions are even occasionally held for it.",4,4,1,2,3,1,0,0,501,60030,0,0,0
1121,31006,mura_A1006,Soprano Pan Flute,"A type of pan flute that is lightweight and easy to play, making it popular with many people. It is tuned to produce high notes.",4,4,1,2,3,1,0,0,501,60030,0,0,0
1122,30001,mura_A0001,Drone,A Mura shaped like a brass instrument.,4,4,1,2,3,1,0,0,501,60001,0,0,0
1123,31001,mura_A1001,Classic Drone,"An early model drone. Unlike the modern drones that have been refined over time, it has a distinct charm and a sense of history.",4,4,1,2,3,1,0,0,501,60001,0,0,0
1124,30011,mura_A0011,Clarinet,Hearing the lively sound of this light-brown clarinet naturally lifts one’s spirits. It is a Mura often used in ensemble performances together with the Cymbaline.,4,4,1,2,3,1,0,0,501,60013,0,0,0
1125,31011,mura_A1011,Crystal Clarinet,"A clarinet enhanced with embedded crystal whose molecular structure amplifies the sound, producing a clearer tone.",4,4,1,2,3,1,0,0,501,60013,0,0,0
1126,30007,mura_A0007,Cymbaline,"A Mura that produces an extremely loud and noisy sound. However, when used together with other Muras, it creates a beautiful tone. It is often used during ensemble performances.",4,4,1,2,3,2,0,0,501,60009,0,0,0
1127,31007,mura_A1007,Crash Cymbaline,A Mura called the ‘king of percussion’ by cymbaline players. It’s so loud that its use is said to be restricted outside concert halls.,4,4,1,2,3,2,0,0,501,60009,0,0,0
1128,30002,mura_A0002,Shaman Bongo,"It has a shape where the outer side is enlarged, with sharp feathers protruding outward.",4,4,1,2,3,2,0,0,505,60002,0,0,0
1129,31002,mura_A1002,Mystic Bongo,"A specially crafted shaman bongo passed down through generations. Used only during secret rituals closed to outsiders, it holds great folkloric value.",4,4,1,2,3,2,0,0,505,60002,0,0,0
1130,30004,mura_A0004,The DJ,A giant rainbow-colored afro wig with a turntable attached.,4,4,1,2,3,2,0,0,505,60006,0,0,0
1131,31004,mura_A1004,The DJ SNF,A giant striped afro wig said to shine brightest on Saturday nights.,4,4,1,2,3,2,0,0,505,60006,0,0,0
1132,30008,mura_A0008,Violino,"A Mura capable of producing everything from quiet single tones to intense chords. It can play multiple sounds at once, making it a beginner-level instrument, but difficult to master. Using its skill restores allies within a certain range around the user.",4,4,1,2,3,3,0,0,501,60032,0,0,0
1133,31008,mura_A1008,Amati Violin,A master violin crafted by a top-tier artisan. It is said that many of the violins in circulation today were modeled after it.,4,4,1,2,3,3,0,0,501,60032,0,0,0
1134,30005,mura_A0005,Fluffy,"A Mura with a long, elongated shape and a slightly silver-colored tone. Its sound is said to be so beautiful that people nearby stop their work and become captivated by the music.",4,4,1,2,3,3,0,0,501,60029,0,0,0
1135,31005,mura_A1005,Alto Fluffy,"A golden Fluffy that plays beautiful low tones. When you perform a duet with it, the animals of the forest gather around, captivated by the music.",4,4,1,2,3,3,0,0,501,60029,0,0,0
1136,30022,mura_A0022,Tabukai,An earring shaped like a skull.,4,4,1,2,3,3,0,0,505,60028,0,0,0
1137,31022,mura_A1022,Ethnic Tabukai,"A Tabukai said to have been discovered in ancient ruins in Central and South America. Believed impossible to create with the technology of that era, it has stirred debate in the archaeological community.",4,4,1,2,3,3,0,0,505,60028,0,0,0
1138,30019,mura_A0019,Tam-Tam Scarf,"This Mura is perfect for cold weather, and in winter it’s often used as a fashion item as well.",4,4,1,2,3,4,0,0,505,60014,0,0,0
1139,31019,mura_A1019,Tom-Tom Scarf,"This winter, this is the must-have! Stand out with the latest fashion!",4,4,1,2,3,4,0,0,505,60014,0,0,0
1140,30017,mura_A0017,Angelic Voice,A wing-shaped Mura said to have been left behind by an angel who returned to the heavens. Intended for upper-grade students.,4,4,1,2,3,4,0,0,501,60024,0,0,0
1141,31017,mura_A1017,Luciferic Voice,"A Mura shaped like black wings, said to have been left behind on earth by an angel who betrayed God out of jealousy toward humans and fell into hell.",4,4,1,2,3,4,0,0,501,60024,0,0,0
1142,30009,mura_A0009,Pianio,"A Mura that looks like a keyboard and actually produces sound when its keys are pressed. Although it has existed for a long time, some aspects of its structure remain unexplained, attracting the interest of scholars.",4,4,1,2,3,4,0,0,501,60011,0,0,0
1143,30020,mura_A0020,Doburock,"A Mura whose power everyone acknowledges. However, continued use might lead to alcohol poisoning, so be careful. Remember: alcohol is for those 20 and older!",4,4,1,2,3,5,0,0,506,60015,0,0,0
1144,30010,mura_A0010,Buzzanova,"A Mura whose lively and cheerful movements stand out more than its sound. Each time the wearer shakes their head, its flashy appearance captures everyone’s attention.",4,4,1,2,3,5,0,0,502,60012,0,0,0
1145,30012,mura_A0012,Ugi Ugi,"A Mura said to have been made and used for performances by a once-famous musician. It’s said to represent the musician himself, though it’s unclear whether that refers to his musical sense… or his face.",4,4,1,2,3,5,0,0,506,60020,0,0,0
1146,30021,mura_A0021,Utanka,A large circular earring with a carved face.,4,4,1,2,3,6,0,0,504,0,0,0,0
1147,30023,mura_A0023,Pink Serpent,귀여운 핑크빛 뱀의 형상을 한 뮤라.,4,4,1,2,3,6,0,0,503,0,0,0,0
1148,30024,mura_A0024,블랙 카마엘,"거대한 날개 장식이 섹시한 느낌을 풍기는, 성인 취향의 뮤라.",4,4,1,2,3,6,0,0,503,0,0,0,0
1149,30025,mura_A0025,Drone Anna,"To commemorate Anna taking first place in the 2006 ‘Spring General Election!’<br>this original Mura was created based on a drone. Its name was also chosen through a public contest, making it a symbol of the friendship between Anna and everyone!",4,4,1,2,3,1,0,0,501,60001,0,0,0
1150,40007,spirit_A0007,Lifeguard,"Originally created to fight ancient vampires, this spirit is now mainly used for medical treatment in hospitals. Its red cross mark is distinctive.",0,4,0,0,0,0,0,0,0,0,0,0,0
1151,40011,spirit_A0011,Ice Mantle,"Not only the target of the attack, but the user also feels the cold.",0,4,0,0,0,0,0,0,0,0,0,0,0
1152,40017,spirit_A0017,Mephisto,A spirit named after the great demon an expedition reportedly encountered while investigating the cause of the EVP phenomenon.,0,4,0,0,0,0,0,0,0,0,0,0,0
1153,40022,spirit_A0022,Elite Bag,A bag used by elite students. Neatly organized and unmistakably studious.,0,4,0,0,0,0,0,0,0,0,0,0,0
1154,40012,spirit_A0012,Bookworm Bag,A spirit whose contents are easy to guess from the books sticking out and the tear in the bag. Considered one of the essential items for exemplary Yogurting students.,5,4,4,2,4,5,0,0,702,80013,0,0,0
1155,49001,spirit_A0003,Tsuchinoko Bag,"A bag said to contain a phantom snake. If you accidentally open it, it will leap out and escape with incredible speed, so only fourth-year students or higher can equip it.<br>It will be removed during the scheduled maintenance on Thursday, May 11, 2006.",5,4,4,2,4,4,0,0,701,80003,0,0,0
1156,49002,spirit_A0010,Daiitoku Lantern,"A lantern said to contain a Yasha that has transcended death, powerful enough to defeat even the King of the Underworld. Its aura is so immense that only fifth-year students or higher can handle it.<br>It will be removed during the scheduled maintenance on Thursday, May 11, 2006.",5,4,4,2,4,5,0,0,702,80011,0,0,0
1157,49003,spirit_A0010,Red Lantern,"A lantern often seen hanging at oden food stalls. The Yasha sealed inside is drunk, making it weak enough for even first-year students to use.<br>It will be removed during the scheduled maintenance on Thursday, May 11, 2006.",5,4,4,2,4,1,0,0,702,80011,0,0,0
1158,49004,spirit_A0020,Exo & Birth,"A replica of the Exo Topaz said to have been made by the mysterious artisan brothers Exo and Bath. Surprisingly well-crafted, it can be used by second-year students.<br>It will be removed during the scheduled maintenance on Thursday, May 11, 2006.",5,4,4,2,4,2,0,0,701,80027,0,0,0
1159,49005,spirit_A0006,Umpire Trunk,"A trunk containing a poor judge who was mistaken for a vampire and sealed inside. Can be used by third-year students.<br>It will be removed during the scheduled maintenance on Thursday, May 11, 2006.",5,4,4,2,4,3,0,0,701,80007,0,0,0
1160,49006,spirit_A0014,Event Seraphim Horn,"A horn-shaped spirit that summons the angel Seraphim. It appears to be bound in chains, leaving one to wonder what exactly is sealed inside.",5,5,4,2,4,4,0,0,701,80015,0,0,0
1161,49007,spirit_A1001,이온마린 YT,물의 정령을 소환할 수 있는 스피릿.<br>이것은 요구르팅 1주년 기념 선물이라고 한다.,5,4,4,2,4,1,0,0,701,80001,0,0,0
1162,49008,spirit_A1002,빙염의 살라만더 YT,아담하게 생긴 푸른 가방 가운데에 새겨진 불꽃 문양은 이 가방에서 불러낼 수 있는 스피릿인 살라만더를 가리키는 표식이다.<br>이것은 요구르팅 1주년 기념 선물이라고 한다.,5,4,4,2,4,1,0,0,701,80002,0,0,0
1163,49009,spirit_A0003,Cobra Bag,"It looks like nothing more than an old jar, but two cobras spring out from inside and unleash a fierce attack.",5,4,4,2,4,1,0,0,701,80003,0,0,0
1164,49010,spirit_A0010,Yasha Lantern,An Eastern-style lantern worn on the back. Legend says two yasha who once ravaged the world long ago were sealed inside it.,5,4,4,2,4,2,0,0,702,80011,0,0,0
1165,49011,spirit_A0004,Undertaker,A coffin-shaped spirit inhabited by skeleton spirits.,5,4,4,2,4,3,0,0,701,80004,0,0,0
1166,49012,spirit_A1001,Aquamarine C,"A spirit that summons a water spirit. Its moisture contains vitamin C, which is said to help keep the skin firm.",5,4,4,2,4,1,0,0,701,80001,0,0,0
1167,49013,spirit_A1002,Sea Salamander,"A salamander whose flame burns completely thanks to a rich oxygen supply, making it glow blue at extremely high temperatures. It apparently can even be submerged in water.",5,4,4,2,4,1,0,0,701,80002,0,0,0
1168,49014,spirit_A1005,Autumn Vespa,"A bag filled with tiny tree spirits. Since it was made during the autumn foliage season, the leaves growing from it are beautifully colored.",5,4,4,2,4,2,0,0,702,80006,0,0,0
1169,49015,spirit_A1019,Lucky Turtle Plate,"A rare golden turtle long believed to bring wealth and longevity. Biologically, it is thought to be an albino, a white mutation.",5,4,4,2,4,2,0,0,702,80028,0,0,0
1170,49016,spirit_A1008,Bomber Wing Kai,"An improved Bomber Wing that has been successfully made lighter, while keeping the same power as before.",5,4,4,2,4,3,0,0,702,80009,0,0,0
1171,49017,spirit_A1020,Exo Jade,"A spirit used to banish evil spirits. It is studded with jade, believed to have protective powers.",5,4,4,2,4,3,0,0,701,80027,0,0,0
1172,49018,spirit_A1001,Aquamarine KP,"A spirit containing the yokai “Kappa,” said to dwell near water and drag passersby into the depths. Toss a cucumber inside and its power might double?<br>(It will become non-tradeable on August 17, 2006, and will be removed on August 24.)",5,5,4,2,4,5,0,0,701,80001,0,0,0
1173,49019,spirit_A1010,Ao Andon,"A pale blue paper lantern containing the “Kijo,” said to appear at the end of a hundred ghost stories. Sure to be a must-have item for staying cool during the summer!?<br>(It will become non-tradeable on August 17, 2006, and will be removed on August 24.)",5,5,4,2,4,1,0,0,702,80011,0,0,0
1174,49020,spirit_A1008,Cursed Bomber Wing,"A machine built around the yokai “Kasha,” said to appear at funerals and graveyards to steal corpses, with multiple aero parts docked onto it! Its welcoming flame attack can take down even ghosts in one hit!?<br>(It will become non-tradeable on August 17, 2006, and will be removed on August 24.)",5,5,4,2,4,2,0,0,702,80009,0,0,0
1175,49021,spirit_A0014,Kesaram Horn,"A horn-shaped spirit that lets you raise the yokai “Kesaran Pasaran.” Be careful—its food, face powder, is sold separately. Raise it well and find happiness.<br>(It will become non-tradeable on August 17, 2006, and will be removed on August 24.)",5,5,4,2,4,3,0,0,701,80015,0,0,0
1176,49022,spirit_A0018,Ox-Head Demon,"A spirit formed from the head of “Gozuki,” a prison demon with the head of an ox and the body of a human who torments the dead. The constant chewing sounds and foul breath are hard to ignore, but its power is outstanding!<br>(It will become non-tradeable on August 17, 2006, and will be removed on August 24.)",5,5,4,2,4,4,0,0,701,80029,0,0,0
1177,40001,spirit_A0001,Aquamarine,A spirit that summons a water elemental.,5,4,4,2,4,1,0,0,701,80001,0,0,0
1178,41001,spirit_A1001,Aquamarine C,"A spirit that summons a water spirit. Its moisture contains vitamin C, which is said to help keep the skin firm.",5,4,4,2,4,1,0,0,701,80001,0,0,0
1179,40002,spirit_A0002,Salamander,The firework pattern engraved in the center is the emblem of the fire spirit Salamander summoned with this bag.,5,4,4,2,4,1,0,0,701,80002,0,0,0
1180,41002,spirit_A1002,Sea Salamander,"A salamander whose flame burns completely thanks to a rich oxygen supply, making it glow blue at extremely high temperatures. It apparently can even be submerged in water.",5,4,4,2,4,1,0,0,701,80002,0,0,0
1181,40003,spirit_A0003,Cobra Bag,"It looks like nothing more than an old jar, but two cobras spring out from inside and unleash a fierce attack.",5,4,4,2,4,1,0,0,701,80003,0,0,0
1182,41003,spirit_A1003,King Cobra Bag,"It looks like nothing more than an old jar, but inside lurks the king of venomous snakes, a king cobra, ready to unleash a devastating attack.",5,4,4,2,4,1,0,0,701,80003,0,0,0
1183,40005,spirit_A0005,Vespa,"A bag filled with tiny tree spirits. Because of them, leaves grow from the bag itself.",5,4,4,2,4,2,0,0,702,80006,0,0,0
1184,41005,spirit_A1005,Autumn Vespa,"A bag filled with tiny tree spirits. Since it was made during the autumn foliage season, the leaves growing from it are beautifully colored.",5,4,4,2,4,2,0,0,702,80006,0,0,0
1185,40019,spirit_A0019,Turtle Plate,"A spirit shaped like a turtle shell, designed with a focus on defense rather than offense.",5,4,4,2,4,2,0,0,702,80028,0,0,0
1186,41019,spirit_A1019,Lucky Turtle Plate,"A rare golden turtle long believed to bring wealth and longevity. Biologically, it is thought to be an albino, a white mutation.",5,4,4,2,4,2,0,0,702,80028,0,0,0
1187,40010,spirit_A0010,Yasha Lantern,An Eastern-style lantern worn on the back. Legend says two yasha who once ravaged the world long ago were sealed inside it.,5,4,4,2,4,2,0,0,702,80011,0,0,0
1188,41010,spirit_A1010,Yasha Andon,An Eastern-style lamp that can summon a yasha that became a guardian deity in Buddhism. This type of lamp is called an andon.,5,4,4,2,4,2,0,0,702,80011,0,0,0
1189,40008,spirit_A0008,Winged Bomb,"A winged bomb. Wearing it might make others see you as dangerous, but it’s effective when taking down large numbers of monsters.",5,4,4,2,4,3,0,0,702,80009,0,0,0
1190,41008,spirit_A1008,Bomber Wing Kai,"An improved Bomber Wing that has been successfully made lighter, while keeping the same power as before.",5,4,4,2,4,3,0,0,702,80009,0,0,0
1191,40020,spirit_A0020,Exo Topaz,A weapon used to defeat evil spirits.,5,4,4,2,4,3,0,0,701,80027,0,0,0
1192,41020,spirit_A1020,Exo Jade,"A spirit used to banish evil spirits. It is studded with jade, believed to have protective powers.",5,4,4,2,4,3,0,0,701,80027,0,0,0
1193,40004,spirit_A0004,Undertaker,A coffin-shaped spirit inhabited by skeleton spirits.,5,4,4,2,4,3,0,0,701,80004,0,0,0
1194,41004,spirit_A1004,Grave Digger,A coffin-shaped spirit said to contain the vengeful ghost of someone buried alive. If you keep using it for too long…,5,4,4,2,4,3,0,0,701,80004,0,0,0
1195,40006,spirit_A0006,Vampire Trunk,A spirit rarely used because the rows of fangs growing from it look so unsettling.,5,4,4,2,4,4,0,0,701,80007,0,0,0
1196,41006,spirit_A1006,Gargoyle Trunk,A spirit that seals a monster created to guard buildings.,5,4,4,2,4,4,0,0,701,80007,0,0,0
1197,40013,spirit_A0013,Valkyrie Wing,"Using its skill summons a mythic warrior maiden who throws a spear. Rumor has it that if its true power is unlocked, it can fly—but no one has ever managed to do so.",5,4,4,2,4,4,0,0,701,80014,0,0,0
1198,41013,spirit_A1013,Bloody Valkyrie,A spirit once used by a Valkyrie who collected the souls of fallen heroes. Its wings are stained with the blood of those heroes.,5,4,4,2,4,4,0,0,701,80014,0,0,0
1199,40014,spirit_A0014,Seraphim Horn,"A horn-shaped spirit that summons the angel Seraphim. It appears to be bound in chains, leaving one to wonder what exactly is sealed inside.",5,4,4,2,4,4,0,0,701,80015,0,0,0
1200,40015,spirit_A0015,Blue Hope,A spirit with a large deep blue gemstone set in its center.,5,4,4,2,4,5,0,0,701,80017,0,0,0
1201,40018,spirit_A0018,Nightmare,A terrifying spirit said to bring nightmares into reality.,5,4,4,2,4,5,0,0,701,80029,0,0,0
1202,40009,spirit_A0009,Hellhound,A coffin-shaped spirit said to contain a ferocious war dog that once rampaged across ancient battlefields.,5,4,4,2,4,5,0,0,701,80010,0,0,0
1203,40016,spirit_A0016,Apache,"A spirit said to contain the mystical power of ancient Native American rituals. Its feather-woven, sealed form gives the impression that something is truly inside.",5,4,4,2,4,6,0,0,703,80027,0,0,0
1204,40021,spirit_A0021,Genocide,A vicious spirit with disc-shaped blades attached on both sides.,5,4,4,2,4,6,0,0,703,0,0,0,0
1205,40023,spirit_A002,프레이야의 날개,설명 추가,5,4,4,2,4,6,0,0,703,0,0,0,0
1206,50001,upper_M0002,Winter Uniform Jacket,Estiva Academy winter uniform for male students.,6,7,64,1,0,0,1,1,0,0,0,0,0
1207,50002,lower_M0002,Winter Uniform Pants,Estiva Academy winter uniform for male students.,6,7,128,1,0,0,1,1,0,0,0,0,0
1208,50003,foot_M0002,Winter Uniform Shoes,Estiva Academy winter school shoes for male students.,6,7,256,1,0,0,1,1,0,0,0,0,0
1209,50004,upper_F0002,Winter Uniform Jacket,Estiva Academy winter uniform for female students.,6,7,64,1,0,0,2,1,0,0,0,0,0
1210,50005,lower_F0002,Winter Uniform Skirt,Estiva Academy winter uniform for female students.,6,7,128,1,0,0,2,1,0,0,0,0,0
1211,50006,foot_F0002,Winter Uniform Boots,Estiva Academy winter school shoes for female students.,6,7,256,1,0,0,2,1,0,0,0,0,0
1212,50007,upper_M0001,Summer Uniform Jacket,Estiva Academy summer uniform for male students.,6,7,64,1,0,0,1,1,0,0,0,0,0
1213,50008,lower_M0001,Summer Uniform Pants,Estiva Academy summer uniform for male students.,6,7,128,1,0,0,1,1,0,0,0,0,0
1214,50009,foot_M0001,Summer Uniform Shoes,Estiva Academy summer school shoes for male students.,6,7,256,1,0,0,1,1,0,0,0,0,0
1215,50010,upper_F0001,Summer Uniform Jacket,Estiva Academy summer uniform for female students.,6,7,64,1,0,0,2,1,0,0,0,0,0
1216,50011,lower_F0001,Summer Uniform Skirt,Estiva Academy summer uniform for female students.,6,7,128,1,0,0,2,1,0,0,0,0,0
1217,50012,foot_F0001,Summer Uniform Shoes,Estiva Academy summer school shoes for female students.,6,7,256,1,0,0,2,1,0,0,0,0,0
1218,50013,special_F0004,Nurse Uniform,Estivar Academy Nursing Club uniform for female students.,6,4,192,1,0,0,2,1,0,0,0,0,0
1219,50014,cap_F0004,Nurse Cap,Estivar Academy Nursing Club cap for female students.,6,4,1,2,0,0,2,1,0,0,0,0,0
1220,50015,hand_F0004,Nurse Gloves,Estivar Academy Nursing Club gloves for female students.,6,4,8,1,0,0,2,1,0,0,0,0,0
1221,50016,foot_F0004,Nurse Shoes,Estivar Academy Nursing Club shoes for female students.,6,4,256,1,0,0,2,1,0,0,0,0,0
1222,50017,back_F0004,First Aid Bag,Estivar Academy Nursing Club bag for female students.,6,4,4,2,0,0,2,1,0,0,0,0,0
1223,50018,upper_M0004,Nurse Uniform Jacket,Estivar Academy Nursing Club uniform for male students.,6,4,64,1,0,0,1,1,0,0,0,0,0
1224,50019,lower_M0004,Nurse Uniform Pants,Estivar Academy Nursing Club uniform for male students.,6,4,128,1,0,0,1,1,0,0,0,0,0
1225,50020,hand_M0004,Nurse Gloves,Estivar Academy Nursing Club gloves for male students.,6,4,8,1,0,0,1,1,0,0,0,0,0
1226,50021,foot_M0004,Nurse Shoes,Estivar Academy Nursing Club shoes for male students.,6,4,256,1,0,0,1,1,0,0,0,0,0
1227,50022,back_M0004,First Aid Bag,Estivar Academy Nursing Club bag for male students.,8,4,4,2,0,0,1,1,0,0,0,0,0
1228,50023,upper_F0003,Handicrafts Club Jacket,Estivar Academy Handicrafts Club jacket for female students.,6,4,64,1,0,0,2,1,0,0,0,0,0
1229,50024,lower_F0003,Handicrafts Club Skirt,Estivar Academy Handicrafts Club skirt for female students.,6,4,128,1,0,0,2,1,0,0,0,0,0
1230,50025,foot_F0003,Handicrafts Club Shoes,Estivar Academy Handicrafts Club shoes for female students.,6,4,256,1,0,0,2,1,0,0,0,0,0
1231,50026,,Handicrafts Club Hat,Estivar Academy Handicrafts Club hat for female students.,6,4,1,2,0,0,2,1,0,0,0,0,0
1232,50027,upper_M0003,Handicrafts Club Jacket,Estivar Academy Handicrafts Club jacket for male students.,6,4,64,1,0,0,1,1,0,0,0,0,0
1233,50028,lower_M0003,Handicrafts Club Pants,Estivar Academy Handicrafts Club pants for male students.,6,4,128,1,0,0,1,1,0,0,0,0,0
1234,50029,foot_M0003,Handicrafts Club Shoes,Estivar Academy Handicrafts Club shoes for male students.,6,4,256,1,0,0,1,1,0,0,0,0,0
1235,50030,special_M0005,Lab Coat,Estivar Academy Science Club uniform for male students.,6,4,192,1,0,0,1,1,0,0,0,0,0
1236,50031,foot_M0005,Lab Shoes,Estivar Academy Science Club shoes designed to protect against dangerous chemicals and broken glass. For male students.,6,4,256,1,0,0,1,1,0,0,0,0,0
1237,50032,special_F0005,Lab Coat,Estivar Academy Science Club uniform for female students.,6,4,192,1,0,0,2,1,0,0,0,0,0
1238,50033,foot_F0005,Lab Shoes,Estivar Academy Science Club shoes designed to protect against dangerous chemicals and broken glass. For female students.,6,4,256,1,0,0,2,1,0,0,0,0,0
1239,50034,cap_M0004,Nurse Glasses,Stylish glasses favored by nurses. For male students of Estivar Academy.,6,4,1,2,0,0,1,1,0,0,0,0,0
1240,50035,etc_be050035,Stefano’s Handkerchief,Butler Stefano’s handkerchief. Does anyone actually collect things like this?,7,4,0,0,0,0,0,0,0,0,0,0,0
1241,50036,etc_be050036,Page’s Handkerchief,Librarian Page’s handkerchief. Be careful not to let Page catch you.,7,4,0,0,0,0,0,0,0,0,0,0,0
1242,50037,etc_be050037,Strange Bear’s Handkerchief,Strange Bear’s handkerchief. What terrible taste.,7,4,0,0,0,0,0,0,0,0,0,0,0
1243,50038,etc_be050038,Bianca’s Handkerchief,"Professor Bianca’s lace handkerchief, known among collectors as an ultra-rare item. Extremely difficult to obtain.",7,4,0,0,0,0,0,0,0,0,0,0,0
1244,50039,special_F0007,Animal Care Uniform,Estivar Academy Animal Care Club uniform for female students.,6,4,192,1,0,0,2,1,0,0,0,0,0
1245,50040,foot_F0007,Animal Care Shoes,Estivar Academy Animal Care Club shoes for female students.,6,4,256,1,0,0,2,1,0,0,0,0,0
1246,50041,cap_F0007,Cat Ears,Estivar Academy Animal Care Club hat. Wearing it makes you feel like you can understand animals. For female students.,6,4,1,2,0,0,2,1,0,0,0,0,0
1247,50042,special_M0007,Animal Care Uniform,Estivar Academy Animal Care Club uniform for male students.,6,4,192,1,0,0,1,1,0,0,0,0,0
1248,50043,foot_M0007,Animal Care Shoes,Estivar Academy Animal Care Club shoes for male students.,6,4,256,1,0,0,1,1,0,0,0,0,0
1249,50044,cap_M0007,Dog Ears,Estivar Academy Animal Care Club hat. Wearing it makes you feel like you can understand animals. For male students.,6,4,1,2,0,0,1,1,0,0,0,0,0
1250,50045,upper_F0008,Safari Shirt,Estivar Academy Exploration Club uniform for female students.,6,4,64,1,0,0,2,1,0,0,0,0,0
1251,50046,lower_F0008,Safari Pants,Estivar Academy Exploration Club uniform for female students.,6,4,128,1,0,0,2,1,0,0,0,0,0
1252,50047,foot_F0008,Safari Shoes,Estivar Academy Exploration Club shoes for female students.,6,4,256,1,0,0,2,1,0,0,0,0,0
1253,50048,cap_F0008,Safari Hat,Estivar Academy Exploration Club hat for female students.,6,4,1,2,0,0,2,1,0,0,0,0,0
1254,50049,upper_M0008,Safari Shirt,Estivar Academy Exploration Club jacket for male students.,6,4,64,1,0,0,1,1,0,0,0,0,0
1255,50050,lower_M0008,Safari Pants,Estivar Academy Exploration Club pants for male students.,6,4,128,1,0,0,1,1,0,0,0,0,0
1256,50051,foot_M0008,Safari Shoes,Estivar Academy Exploration Club shoes for male students.,6,4,256,1,0,0,1,1,0,0,0,0,0
1257,50052,cap_M0008,Safari Hat,Estivar Academy Exploration Club hat for male students.,6,4,1,2,0,0,1,1,0,0,0,0,0
1258,50053,etc_be050053,Sweat It Out! Madame Namaniel,A photo book of Madame Namaniel striking sultry poses in an extremely hot sauna. Just looking at it will make you feel hot.,9,4,0,0,0,0,0,0,0,0,0,0,0
1259,50054,etc_be050054,Naughty Cover Book,"A book with only a naughty cover. The contents are actually complicated and difficult English academic papers. These days, even kindergarteners wouldn’t be fooled by such a trick.",9,4,0,0,0,0,0,0,0,0,0,0,0
1260,50055,special_M0006,Waiter Uniform,Estivar Academy shop part-time uniform for male students.,6,4,192,1,0,0,1,1,0,0,0,0,0
1261,50056,foot_M0006,Waiter Shoes,Men’s shoes that match the Estivar Academy shop part-time uniform.,6,4,256,1,0,0,1,1,0,0,0,0,0
1262,50057,special_F0006,Waitress Uniform,Estivar Academy shop part-time uniform for female students.,6,4,192,1,0,0,2,1,0,0,0,0,0
1263,50058,foot_F0006,Waitress Shoes,Cute shoes that match the Estivar Academy shop part-time uniform. For female students.,6,4,256,1,0,0,2,1,0,0,0,0,0
1264,50059,cap_F0006,Headband,A cute headband that keeps your hair neatly in place while working. For female students of Estivar Academy.,6,4,1,2,0,0,2,1,0,0,0,0,0
1265,50060,upper_M1002,Winter Uniform Jacket,Sowol Academy winter uniform for male students.,6,7,64,1,0,0,1,2,0,0,0,0,0
1266,50061,lower_M1002,Winter Uniform Pants,Sowol Academy winter uniform for male students.,6,7,128,1,0,0,1,2,0,0,0,0,0
1267,50062,foot_M1002,Winter Uniform Shoes,Sowol Academy winter school shoes for male students.,6,7,256,1,0,0,1,2,0,0,0,0,0
1268,50063,upper_F1002,Winter Uniform Jacket,Sowol Academy Winter Uniform for Female Students,6,7,64,1,0,0,2,2,0,0,0,0,0
1269,50064,lower_F1002,Winter Uniform Skirt,Sowol Academy Winter Uniform for Female Students,6,7,128,1,0,0,2,2,0,0,0,0,0
1270,50065,foot_F1002,Winter Uniform Shoes,Sowol Academy Winter School Shoes for Female Students,6,7,256,1,0,0,2,2,0,0,0,0,0
1271,50066,upper_M1001,Summer Uniform Jacket,Sowol Academy Summer Uniform for Male Students,6,7,64,1,0,0,1,2,0,0,0,0,0
1272,50067,lower_M1001,Summer Uniform Pants,Sowol Academy Summer Uniform for Male Students,6,7,128,1,0,0,1,2,0,0,0,0,0
1273,50068,foot_M1001,Summer Uniform Shoes,Sowol Academy Summer School Shoes for Male Students,6,7,256,1,0,0,1,2,0,0,0,0,0
1274,50069,special_F1001,Summer Uniform,Sowol Academy Summer Uniform for Female Students,6,7,192,1,0,0,2,2,0,0,0,0,0
1275,50070,foot_F1001,Summer Uniform Shoes,Sowol Academy Summer School Shoes for Female Students,6,7,256,1,0,0,2,2,0,0,0,0,0
1276,50071,cap_F1004,Nurse Cap,Sowol Academy Nursing Club cap for female students.,6,4,1,2,0,0,2,2,0,0,0,0,0
1277,50072,hand_F1004,Nurse Gloves,Sowol Academy Nursing Club gloves for female students.,6,4,8,1,0,0,2,2,0,0,0,0,0
1278,50073,special_F1004,Nurse Uniform,Sowol Academy Nursing Club uniform for female students.,6,4,192,1,0,0,2,2,0,0,0,0,0
1279,50074,foot_F1004,Nurse Shoes,Sowol Academy Nursing Club shoes for female students.,6,4,256,1,0,0,2,2,0,0,0,0,0
1280,50075,cap_M1004,Nurse Cap,Sowol Academy Nursing Club cap for male students.,6,4,1,2,0,0,1,2,0,0,0,0,0
1281,50076,hand_M1004,Nurse Gloves,Sowol Academy Nursing Club gloves for male students.,6,4,8,1,0,0,1,2,0,0,0,0,0
1282,50077,special_M1004,Nurse Uniform,Sowol Academy Nursing Club uniform for male students.,6,4,192,1,0,0,1,2,0,0,0,0,0
1283,50078,foot_M1004,Nurse Shoes,Sowol Academy Nursing Club shoes for male students.,6,4,256,1,0,0,1,2,0,0,0,0,0
1284,50079,cap_F1007,Fox Hat,Sowol Academy Animal Care Club hat. Wearing it makes you feel like you can understand animals. For female students.,6,4,1,2,0,0,2,2,0,0,0,0,0
1285,50080,special_F1007,Animal Care Uniform,Sowol Academy Animal Care Club uniform for female students.,6,4,192,1,0,0,2,2,0,0,0,0,0
1286,50081,foot_F1007,Animal Care Shoes,Sowol Academy Animal Care Club shoes for female students.,6,4,256,1,0,0,2,2,0,0,0,0,0
1287,50082,cap_M1007,Bear Hat,Sowol Academy Animal Care Club hat. Wearing it makes you feel like you can understand animals. For male students.,6,4,1,2,0,0,1,2,0,0,0,0,0
1288,50083,special_M1007,Animal Care Uniform,Sowol Academy Animal Care Club uniform for male students.,6,4,192,1,0,0,1,2,0,0,0,0,0
1289,50084,foot_M1007,Animal Care Shoes,Sowol Academy Animal Care Club shoes for male students.,6,4,256,1,0,0,1,2,0,0,0,0,0
1290,50085,cap_F1005,Lab Mask,Sowol Academy Science Club mask for female students.,6,4,1,2,0,0,2,2,0,0,0,0,0
1291,50086,hand_M1005,Lab Gloves,Sowol Academy Science Club gloves for male students.,6,4,8,1,0,0,1,2,0,0,0,0,0
1292,50087,special_F1005,Lab Coat,Sowol Academy Science Club uniform for female students.,6,4,192,1,0,0,2,2,0,0,0,0,0
1293,50088,foot_F1005,Lab Shoes,Sowol Academy Science Club shoes for female students.,6,4,256,1,0,0,2,2,0,0,0,0,0
1294,50089,cap_M1005,Lab Mask,Sowol Academy Science Club mask for male students.,6,4,1,2,0,0,1,2,0,0,0,0,0
1295,50090,special_M1005,Lab Coat,Sowol Academy Science Club uniform for male students.,6,4,192,1,0,0,1,2,0,0,0,0,0
1296,50091,foot_M1005,Lab Shoes,Sowol Academy Science Club shoes for male students.,6,4,256,1,0,0,1,2,0,0,0,0,0
1297,50092,special_M9001,Santa Student Uniform,An outfit designed for the Christmas season. Recognized as an official uniform only during the holidays.,6,4,192,1,0,0,1,0,0,0,0,0,0
1298,50093,cap_M9001,Santa Hat,A key part of the Santa outfit. Warmer than it looks.,6,4,1,2,0,0,1,0,0,0,0,0,0
1299,50094,foot_M9001,Santa Boots,Designed to prevent slipping on snow.,6,4,256,1,0,0,1,0,0,0,0,0,0
1300,50095,special_F9001,Santa Student Uniform,An outfit designed for the Christmas season. Recognized as an official uniform only during the holidays.,6,4,192,1,0,0,2,0,0,0,0,0,0
1301,50096,cap_F9001,Santa Hat,A key part of the Santa outfit. Warmer than it looks.,6,4,1,2,0,0,2,0,0,0,0,0,0
1302,50097,foot_F9001,Santa Boots,Designed to prevent slipping on snow.,6,4,256,1,0,0,2,0,0,0,0,0,0
1303,50098,hand_M9001,Santa Gloves,"Striking red-and-white gloves. The palms are made of soft leather, giving them a premium feel.",6,4,8,1,0,0,1,0,0,0,0,0,0
1304,50099,hand_F9001,Santa Gloves,"Striking red-and-white gloves. The palms are made of soft leather, giving them a premium feel.",6,4,8,1,0,0,2,0,0,0,0,0,0
1305,50100,hand_F1005,Lab Gloves,Sowol Academy Science Club gloves for female students.,6,4,8,1,0,0,2,2,0,0,0,0,0
1306,50101,upper_M0009,Basketball Club Uniform,Estivar Academy Basketball Club uniform for male students.,6,4,64,1,0,0,1,1,0,0,0,0,0
1307,50102,lower_M0009,Basketball Club Shorts,Estivar Academy Basketball Club uniform for male students.,6,4,128,1,0,0,1,1,0,0,0,0,0
1308,50103,foot_M0009,Basketball Shoes,Estivar Academy Basketball Club shoes for male students.,6,4,256,1,0,0,1,1,0,0,0,0,0
1309,50104,upper_F0009,Basketball Club Uniform,Estivar Academy Basketball Club uniform for female students.,6,4,64,1,0,0,2,1,0,0,0,0,0
1310,50105,lower_F0009,Basketball Club Shorts,Estivar Academy Basketball Club uniform for female students.,6,4,128,1,0,0,2,1,0,0,0,0,0
1311,50106,foot_F0009,Basketball Shoes,Estivar Academy Basketball Club shoes for female students.,6,4,256,1,0,0,2,1,0,0,0,0,0
1312,50107,special_M0010,Coat,Estivar Academy winter coat for male students.,6,4,192,1,0,0,1,1,0,0,0,0,0
1313,50108,special_F0010,Coat,Estivar Academy winter coat for female students.,6,4,192,1,0,0,2,1,0,0,0,0,0
1314,50109,upper_M0011,Gym Uniform,Estivar Academy gym uniform for male students.,6,4,64,1,0,0,1,1,0,0,0,0,0
1315,50110,lower_M0011,Shorts,Estivar Academy gym uniform for male students.,6,4,128,1,0,0,1,1,0,0,0,0,0
1316,50111,upper_F0011,Gym Uniform,Estivar Academy gym uniform for female students.,6,4,64,1,0,0,2,1,0,0,0,0,0
1317,50112,lower_F0011,Shorts,Estivar Academy gym uniform for female students.,6,4,128,1,0,0,2,1,0,0,0,0,0
1318,50113,upper_M0012,Training Outfit,Estivar Academy winter training outfit for male students.,6,4,64,1,0,0,1,1,0,0,0,0,0
1319,50114,lower_M0012,Training Pants,Estivar Academy winter training outfit for male students.,6,4,128,1,0,0,1,1,0,0,0,0,0
1320,50115,upper_F0012,Training Outfit,Estivar Academy winter training outfit for female students.,6,4,64,1,0,0,2,1,0,0,0,0,0
1321,50116,lower_F0012,Training Pants,Estivar Academy winter training outfit for female students.,6,4,128,1,0,0,2,1,0,0,0,0,0
1322,50117,upper_M0013,Cardigan,Estivar Academy cardigan for male students.,6,4,64,1,0,0,1,1,0,0,0,0,0
1323,50118,upper_F0013,Cardigan,Estivar Academy cardigan for female students.,6,4,64,1,0,0,2,1,0,0,0,0,0
1324,50119,upper_M0014,Student Council Uniform,Estivar Academy Student Council uniform for male students.,6,4,64,1,0,0,1,1,0,0,0,0,0
1325,50120,lower_M0014,Student Council Pants,Estivar Academy Student Council uniform for male students.,6,4,128,1,0,0,1,1,0,0,0,0,0
1326,50121,foot_M0014,Student Council Shoes,Estivar Academy Student Council shoes for male students.,6,4,256,1,0,0,1,1,0,0,0,0,0
1327,50122,special_F0014,Student Council Uniform,Estivar Academy Student Council uniform for female students.,6,4,192,1,0,0,2,1,0,0,0,0,0
1328,50123,lower_F0014,Student Council Uniform Skirt,Estivar Academy Student Council uniform for female students.,6,4,128,1,0,0,2,1,0,0,0,0,0
1329,50124,foot_F0014,Student Council Shoes,Estivar Academy Student Council shoes for female students.,6,4,256,1,0,0,2,1,0,0,0,0,0
1330,50125,special_M0015,Swimsuit,Estivar Academy Swimming Club uniform for male students.,6,4,192,1,0,0,1,1,0,0,0,0,0
1331,50126,special_F0015,School Swimsuit,Estivar Academy Swimming Club uniform for female students.,6,4,192,1,0,0,2,1,0,0,0,0,0
1332,50127,upper_M0016,Summer Uniform Jacket,A variation of the Estivar Academy summer uniform for male students.,6,4,64,1,0,0,1,1,0,0,0,0,0
1333,50128,lower_M0016,Summer Uniform Pants,A variation of the Estivar Academy summer uniform for male students.,6,4,128,1,0,0,1,1,0,0,0,0,0
1334,50129,upper_M0017,Winter Uniform Jacket,A variation of the Estivar Academy winter uniform for male students.,6,4,64,1,0,0,1,1,0,0,0,0,0
1335,50130,upper_F0016,Summer Uniform Jacket,A variation of the Estivar Academy summer uniform for female students.,6,4,64,1,0,0,2,1,0,0,0,0,0
1336,50131,lower_F0016,Summer Uniform Shorts,A variation of the Estivar Academy summer uniform for female students.,6,4,128,1,0,0,2,1,0,0,0,0,0
1337,50132,special_F0017,Winter Uniform,A variation of the Estivar Academy winter uniform for female students.,6,4,192,1,0,0,2,1,0,0,0,0,0
1338,50133,upper_M0026,Gambler Jacket,Estivar Academy Gambling Club uniform for male students.,6,4,64,1,0,0,1,1,0,0,0,0,0
1339,50134,lower_M0026,Gambler Pants,Estivar Academy Gambling Club uniform for male students.,6,4,128,1,0,0,1,1,0,0,0,0,0
1340,50135,foot_M0026,Gambler Shoes,Estivar Academy Gambling Club shoes for male students.,6,4,256,1,0,0,1,1,0,0,0,0,0
1341,50136,upper_F0026,Gambler Jacket,Estivar Academy Gambling Club uniform for female students.,6,4,64,1,0,0,2,1,0,0,0,0,0
1342,50137,lower_F0026,Gambler Skirt,Estivar Academy Gambling Club uniform for female students.,6,4,128,1,0,0,2,1,0,0,0,0,0
1343,50138,foot_F0026,Gambler Shoes,Estivar Academy Gambling Club shoes for female students.,6,4,256,1,0,0,2,1,0,0,0,0,0
1344,50139,upper_M0019,Martial Arts Top,Estivar Academy Martial Arts Club uniform for male students.,6,4,64,1,0,0,1,1,0,0,0,0,0
1345,50140,lower_M0019,Martial Arts Pants,Estivar Academy Martial Arts Club uniform for male students.,6,4,128,1,0,0,1,1,0,0,0,0,0
1346,50141,hand_M0019,Knuckle Guard,"Estivar Academy Martial Arts Club gloves. Padding protects the fists, making it safer for both the attacker and the target. For male students.",6,4,8,1,0,0,1,1,0,0,0,0,0
1347,50142,cap_M0019,Guts Headband,Estivar Academy Martial Arts Club headgear. For male students.,6,4,1,2,0,0,1,1,0,0,0,0,0
1348,50143,foot_M0019,Build-Up Shoes,Estivar Academy Martial Arts Club shoes with built-in weights for training. For male students.,6,4,256,1,0,0,1,1,0,0,0,0,0
1349,50144,upper_F0019,Martial Arts Top,Estivar Academy Martial Arts Club uniform for female students.,6,4,64,1,0,0,2,1,0,0,0,0,0
1350,50145,lower_F0019,Martial Arts Pants,Estivar Academy Martial Arts Club uniform for female students.,6,4,128,1,0,0,2,1,0,0,0,0,0
1351,50146,hand_F0019,Knuckle Guard,"Estivar Academy Martial Arts Club gloves. Padding protects the fists, making it safer for both the attacker and the target. For female students.",6,4,8,1,0,0,2,1,0,0,0,0,0
1352,50147,cap_F0019,Guts Headband,Estivar Academy Martial Arts Club headgear. For female students.,6,4,1,2,0,0,2,1,0,0,0,0,0
1353,50148,foot_F0019,Build-Up Shoes,Estivar Academy Martial Arts Club shoes with built-in weights for training. For female students.,6,4,256,1,0,0,2,1,0,0,0,0,0
1354,50149,upper_M0023,Chef Jacket,Estivar Academy Cooking Club uniform for male students.,6,4,64,1,0,0,1,1,0,0,0,0,0
1355,50150,lower_M0023,Chef Pants,Estivar Academy Cooking Club uniform for male students.,6,4,128,1,0,0,1,1,0,0,0,0,0
1356,50151,cap_M0023,Chef Hat,Estivar Academy Cooking Club hat for male students.,6,4,1,2,0,0,1,1,0,0,0,0,0
1357,50152,foot_M0023,Chef Shoes,Estivar Academy Cooking Club shoes for male students.,6,4,256,1,0,0,1,1,0,0,0,0,0
1358,50153,upper_F0023,Chef Uniform,Estivar Academy Cooking Club uniform for female students.,6,4,64,1,0,0,2,1,0,0,0,0,0
1359,50154,lower_F0023,Apron Skirt,Estivar Academy Cooking Club uniform for female students.,6,4,128,1,0,0,2,1,0,0,0,0,0
1360,50155,cap_F0023,Chef Hat,Estivar Academy Cooking Club hat for female students.,6,4,1,2,0,0,2,1,0,0,0,0,0
1361,50156,foot_F0023,Chef Shoes,Estivar Academy Cooking Club shoes for female students.,6,4,256,1,0,0,2,1,0,0,0,0,0
1362,50157,upper_M0025,Cheer Uniform Top,Estivar Academy Cheer Club uniform for male students.,6,4,64,1,0,0,1,1,0,0,0,0,0
1363,50158,lower_M0025,Cheer Uniform Pants,Estivar Academy Cheer Club uniform for male students.,6,4,128,1,0,0,1,1,0,0,0,0,0
1364,50159,hand_M0025,Cheer Gloves,Estivar Academy Cheer Club gloves for male students.,6,4,8,1,0,0,1,1,0,0,0,0,0
1365,50160,foot_M0025,Cheer Shoes,Estivar Academy Cheer Club shoes for male students.,6,4,256,1,0,0,1,1,0,0,0,0,0
1366,50161,tool_M0025,Cheer Props,Estivar Academy Cheer Club props for male students.,6,4,16,2,0,0,1,1,0,0,0,0,0
1367,50162,upper_F0025,Cheer Uniform,Estivar Academy Cheer Club uniform for female students.,6,4,64,1,0,0,2,1,0,0,0,0,0
1368,50163,lower_F0025,Cheer Skirt,Estivar Academy Cheer Club uniform for female students.,6,4,128,1,0,0,2,1,0,0,0,0,0
1369,50164,lower_F0021,Cheerleader Gloves,Estivar Academy Cheer Club gloves for female students.,6,4,8,1,0,0,2,1,0,0,0,0,0
1370,50165,foot_F0025,Cheer Shoes,Estivar Academy Cheer Club shoes for female students.,6,4,256,1,0,0,2,1,0,0,0,0,0
1371,50166,tool_F0025,Cheer Props,Estivar Academy Cheer Club props for female students.,6,4,16,2,0,0,2,1,0,0,0,0,0
1372,50167,upper_M0024,Gentleman’s Suit,Estivar Academy Tea Time Club uniform for male students.,6,4,64,1,0,0,1,1,0,0,0,0,0
1373,50168,lower_M0024,Gentleman’s Pants,Estivar Academy Tea Time Club uniform for male students.,6,4,128,1,0,0,1,1,0,0,0,0,0
1374,50169,cap_M0024,Top Hat,Estivar Academy Tea Time Club hat for male students.,6,4,1,2,0,0,1,1,0,0,0,0,0
1375,50170,foot_M0024,Gentleman’s Shoes,Estivar Academy Tea Time Club shoes for male students.,6,4,256,1,0,0,1,1,0,0,0,0,0
1376,50171,special_F0024,Mademoiselle Dress,Estivar Academy Tea Time Club uniform for female students.,6,4,192,1,0,0,2,1,0,0,0,0,0
1377,50172,cap_F0024,Mademoiselle Hat,Estivar Academy Tea Time Club hat for female students.,6,4,1,2,0,0,2,1,0,0,0,0,0
1378,50173,foot_F0024,Mademoiselle Shoes,Estivar Academy Tea Time Club shoes for female students.,6,4,256,1,0,0,2,1,0,0,0,0,0
1379,50174,tool_F0024,Elegant Fan,Estivar Academy Tea Time Club fan. Female-only prop.,6,4,16,2,0,0,2,1,0,0,0,0,0
1380,50175,special_M1006,Shop Part-Time Uniform,Sowol Academy shop part-time uniform for male students.,6,4,192,1,0,0,1,2,0,0,0,0,0
1381,50176,foot_M1006,Shop Part-Time Shoes,Sowol Academy shop part-time shoes for male students.,6,4,256,1,0,0,1,2,0,0,0,0,0
1382,50177,cap_M1006,Shop Part-Time Headband,Sowol Academy shop part-time headband for male students.,6,4,1,2,0,0,1,2,0,0,0,0,0
1383,50178,special_F1006,Shop Part-Time Uniform,Sowol Academy shop part-time uniform for female students.,6,4,192,1,0,0,2,2,0,0,0,0,0
1384,50179,foot_F1006,Shop Part-Time Shoes,Sowol Academy shop part-time shoes for female students.,6,4,256,1,0,0,2,2,0,0,0,0,0
1385,50180,cap_F1006,Shop Part-Time Hood,Sowol Academy shop part-time hood for female students.,6,4,1,2,0,0,2,2,0,0,0,0,0
1386,50181,special_M1015,Swimwear,Sowol Academy Swimming Club uniform for male students.,6,4,192,1,0,0,1,2,0,0,0,0,0
1387,50182,special_F1015,Competitive Swimsuit,Sowol Academy Swimming Club uniform for female students.,6,4,192,1,0,0,2,2,0,0,0,0,0
1388,50183,upper_M1016,Summer Uniform Jacket,A variation of the Sowol Academy summer uniform for male students.,6,4,64,1,0,0,1,2,0,0,0,0,0
1389,50184,lower_M1016,Summer Uniform Pants,A variation of the Sowol Academy summer uniform for male students.,6,4,128,1,0,0,1,2,0,0,0,0,0
1390,50185,upper_M1017,Winter Uniform Jacket,A variation of the Sowol Academy winter uniform for male students.,6,4,64,1,0,0,1,2,0,0,0,0,0
1391,50186,upper_F1016,Summer Uniform Jacket,A variation of the Sowol Academy summer uniform for female students.,6,4,64,1,0,0,2,2,0,0,0,0,0
1392,50187,lower_F1016,Summer Uniform Skirt,A variation of the Sowol Academy summer uniform for female students.,6,4,128,1,0,0,2,2,0,0,0,0,0
1393,50188,lower_F1017,Winter Uniform Skirt,A variation of the Sowol Academy winter uniform for female students.,6,4,128,1,0,0,2,2,0,0,0,0,0
1394,50189,upper_M1018,Soccer Jersey,Sowol Academy Soccer Club uniform for male students.,6,4,64,1,0,0,1,2,0,0,0,0,0
1395,50190,lower_M1018,Soccer Shorts,Sowol Academy Soccer Club uniform for male students.,6,4,128,1,0,0,1,2,0,0,0,0,0
1396,50191,foot_M1018,Soccer Shoes,Sowol Academy Soccer Club shoes for male students.,6,4,256,1,0,0,1,2,0,0,0,0,0
1397,50192,upper_F1018,Soccer Jersey,Sowol Academy Soccer Club uniform for female students.,6,4,64,1,0,0,2,2,0,0,0,0,0
1398,50193,lower_F1018,Soccer Shorts,Sowol Academy Soccer Club uniform for female students.,6,4,128,1,0,0,2,2,0,0,0,0,0
1399,50194,foot_F1018,Soccer Shoes,Sowol Academy Soccer Club shoes for female students.,6,4,256,1,0,0,2,2,0,0,0,0,0
1400,50195,special_M1019,Ninja Outfit,Sowol Academy Ninja Club outfit for male students.,6,4,192,1,0,0,1,2,0,0,0,0,0
1401,50196,foot_M1019,Ninja Leg Wraps,"Sowol Academy Ninja Club leg wraps. With proper training, they allow you to move without making a sound. For male students.",6,4,256,1,0,0,1,2,0,0,0,0,0
1402,50197,hand_M1019,Ninja Arm Guards,Sowol Academy Ninja Club gloves for male students.,6,4,8,1,0,0,1,2,0,0,0,0,0
1403,50198,cap_M1019,Ninja Face Mask,Sowol Academy Ninja Club face mask for male students.,6,4,1,2,0,0,1,2,0,0,0,0,0
1404,50199,special_F1019,Ninja Outfit,Sowol Academy Ninja Club outfit for female students.,6,4,192,1,0,0,2,2,0,0,0,0,0
1405,50200,foot_F1019,Ninja Leg Wraps,"Sowol Academy Ninja Club leg wraps. With proper training, they allow you to move without making a sound. For female students.",6,4,256,1,0,0,2,2,0,0,0,0,0
1406,50201,hand_F1019,Ninja Arm Guards,Sowol Academy Ninja Club gloves for female students.,6,4,8,1,0,0,2,2,0,0,0,0,0
1407,50202,cap_F1019,Ninja Hood,Sowol Academy Ninja Club hood for female students.,6,4,1,2,0,0,2,2,0,0,0,0,0
1408,50203,special_M1020,Ratchu Costume,Sowol Academy Costume Club uniform for male students.,6,4,192,1,0,0,1,2,0,0,0,0,0
1409,50204,foot_M1020,Ratchu Shoes,Sowol Academy Costume Club shoes for male students.,6,4,256,1,0,0,1,2,0,0,0,0,0
1410,50205,hand_M1020,Ratchu Gloves,Sowol Academy Costume Club gloves for male students.,6,4,8,1,0,0,1,2,0,0,0,0,0
1411,50206,cap_M1020,Ratchu Hat,Sowol Academy Costume Club hat for male students.,6,4,1,2,0,0,1,2,0,0,0,0,0
1412,50207,special_F1020,Geto Costume,Sowol Academy Costume Club uniform for female students.,6,4,192,1,0,0,2,2,0,0,0,0,0
1413,50208,foot_F1020,Geto Shoes,Sowol Academy Costume Club shoes for female students.,6,4,256,1,0,0,2,2,0,0,0,0,0
1414,50209,hand_F1020,Geto Gloves,Sowol Academy Costume Club gloves for female students.,6,4,8,1,0,0,2,2,0,0,0,0,0
1415,50210,cap_F1020,Geto Hat,Sowol Academy Costume Club hat for female students.,6,4,1,2,0,0,2,2,0,0,0,0,0
1416,50211,special_M1027,Kendo Uniform,Sowol Academy Kendo Club armor for male students.,6,4,192,1,0,0,1,2,0,0,0,0,0
1417,50212,hand_M1027,Kendo Gloves,Sowol Academy Kendo Club arm guards for male students.,6,4,8,1,0,0,1,2,0,0,0,0,0
1418,50213,foot_M1027,Laced Tabi,Sowol Academy Kendo Club tabi for male students.,6,4,256,1,0,0,1,2,0,0,0,0,0
1419,50214,special_F1027,Kendo Uniform,Sowol Academy Kendo Club armor for female students.,6,4,192,1,0,0,2,2,0,0,0,0,0
1420,50215,hand_F1027,Kendo Gloves,Sowol Academy Kendo Club arm guards for female students.,6,4,8,1,0,0,2,2,0,0,0,0,0
1421,50216,foot_F1027,Laced Tabi,Sowol Academy Kendo Club tabi for female students.,6,4,256,1,0,0,2,2,0,0,0,0,0
1422,50217,upper_M1024,Dim Sum Outfit,Sowol Academy Dim Sum Club uniform for male students.,6,4,64,1,0,0,1,2,0,0,0,0,0
1423,50218,lower_M1024,Dim Sum Pants,Sowol Academy Dim Sum Club pants for male students.,6,4,128,1,0,0,1,2,0,0,0,0,0
1424,50219,cap_M1024,Dim Sum Hat,Sowol Academy Dim Sum Club hat for male students.,6,4,1,2,0,0,1,2,0,0,0,0,0
1425,50220,foot_M1024,Dim Sum Shoes,Sowol Academy Dim Sum Club shoes for male students.,6,4,256,1,0,0,1,2,0,0,0,0,0
1426,50221,special_F1024,Dim Sum Dress,Sowol Academy Dim Sum Club uniform for female students.,6,4,192,1,0,0,2,2,0,0,0,0,0
1427,50222,cap_F1024,Dim Sum Hair Buns,Sowol Academy Dim Sum Club hair accessory for female students.,6,4,1,2,0,0,2,2,0,0,0,0,0
1428,50223,foot_F1024,Dim Sum Shoes,Sowol Academy Dim Sum Club shoes for female students.,6,4,256,1,0,0,2,2,0,0,0,0,0
1429,50224,special_M1023,Chef Uniform,Sowol Academy Cooking Club uniform for male students.,6,4,192,1,0,0,1,2,0,0,0,0,0
1430,50225,cap_M1023,Chef Hat,Sowol Academy Cooking Club hat for male students.,6,4,1,2,0,0,1,2,0,0,0,0,0
1431,50226,foot_M1023,Cooking Sandals,Sowol Academy Cooking Club sandals for male students.,6,4,256,1,0,0,1,2,0,0,0,0,0
1432,50227,special_F1023,Chef Uniform,Sowol Academy Cooking Club uniform for female students.,6,4,192,1,0,0,2,2,0,0,0,0,0
1433,50228,cap_F1023,Chef Hat,Sowol Academy Cooking Club hat for female students.,6,4,1,2,0,0,2,2,0,0,0,0,0
1434,50229,foot_F1023,Cooking Slippers,Sowol Academy Cooking Club slippers for female students.,6,4,256,1,0,0,2,2,0,0,0,0,0
1435,50230,special_M1025,Cheer Outfit,Sowol Academy Cheer Club uniform for male students.,6,4,192,1,0,0,1,2,0,0,0,0,0
1436,50231,lower_M1025,Cheer Uniform Pants,Sowol Academy Cheer Club uniform for male students.,6,4,128,1,0,0,1,2,0,0,0,0,0
1437,50232,cap_M1025,Victory Headband,Sowol Academy Cheer Club headband for male students.,6,4,1,2,0,0,1,2,0,0,0,0,0
1438,50233,foot_M1025,Cheer Shoes,Sowol Academy Cheer Club shoes for male students.,6,4,256,1,0,0,1,2,0,0,0,0,0
1439,50234,tool_M1025,Cheer Props,Sowol Academy Cheer Club cheer accessory for male students.,6,4,16,2,0,0,1,2,0,0,0,0,0
1440,50235,special_F1025,Cheer Uniform,Sowol Academy Cheer Club uniform for female students.,6,4,192,1,0,0,2,2,0,0,0,0,0
1441,50236,hand_F1025,Cheerleader Gloves,Sowol Academy Cheer Club gloves for female students.,6,4,8,1,0,0,2,2,0,0,0,0,0
1442,50237,foot_F1025,Cheer Shoes,Sowol Academy Cheer Club shoes for female students.,6,4,256,1,0,0,2,2,0,0,0,0,0
1443,50238,tool_F1025,Cheer Goods,Sowol Academy Cheer Club cheer accessory for female students.,6,4,16,2,0,0,2,2,0,0,0,0,0
1444,50239,special_M1003,Handicrafts Outfit,Sowol Academy Handicrafts Club outfit for male students.,6,4,192,1,0,0,1,2,0,0,0,0,0
1445,50240,foot_M1003,Handicrafts Club Shoes,Sowol Academy Handicrafts Club shoes for male students.,6,4,256,1,0,0,1,2,0,0,0,0,0
1446,50241,special_F1003,Handicrafts Outfit,Sowol Academy Handicrafts Club outfit for female students.,6,4,192,1,0,0,2,2,0,0,0,0,0
1447,50242,cap_F1003,Handicrafts Club Hat,Sowol Academy Handicrafts Club hat for female students.,6,4,1,2,0,0,2,2,0,0,0,0,0
1448,50243,foot_F1003,Handicrafts Club Shoes,Sowol Academy Handicrafts Club shoes for female students.,6,4,256,1,0,0,2,2,0,0,0,0,0
1449,50244,special_M0021,Atelier Apron,Estiva Academy Art Club Uniform for Male Students,6,4,192,1,0,0,1,1,0,0,0,0,0
1450,50245,special_F0021,Atelier Apron,Estiva Academy Art Club Uniform for Female Students,6,4,192,1,0,0,2,1,0,0,0,0,0
1451,50246,upper_M1009,Basketball Club Uniform,Sowol Academy Basketball Club uniform for male students.,6,4,64,1,0,0,1,2,0,0,0,0,0
1452,50247,lower_M1009,Basketball Club Shorts,Sowol Academy Basketball Club uniform for male students.,6,4,128,1,0,0,1,2,0,0,0,0,0
1453,50248,foot_M1009,Basketball Shoes,Sowol Academy Basketball Club shoes for male students.,6,4,256,1,0,0,1,2,0,0,0,0,0
1454,50249,upper_F1009,Basketball Club Uniform,Sowol Academy Basketball Club uniform for female students.,6,4,64,1,0,0,2,2,0,0,0,0,0
1455,50250,lower_F1009,Basketball Club Shorts,Sowol Academy Basketball Club uniform for female students.,6,4,128,1,0,0,2,2,0,0,0,0,0
1456,50251,foot_F1009,Basketball Shoes,Sowol Academy Basketball Club shoes for female students.,6,4,256,1,0,0,2,2,0,0,0,0,0
1457,50252,upper_M1021,Atelier Outfit,Sowol Academy Art Club uniform for male students.,6,4,64,1,0,0,1,2,0,0,0,0,0
1458,50253,cap_M1021,Beret,Sowol Academy Art Club hat for male students.,6,4,1,2,0,0,1,2,0,0,0,0,0
1459,50254,upper_F1021,Atelier Outfit,Sowol Academy Art Club uniform for female students.,6,4,64,1,0,0,2,2,0,0,0,0,0
1460,50255,cap_F1021,Beret,Sowol Academy Art Club hat for female students.,6,4,1,2,0,0,2,2,0,0,0,0,0
1461,50256,special_M1010,Coat,Sowol Academy winter coat for male students.,6,4,192,1,0,0,1,2,0,0,0,0,0
1462,50257,special_F1010,Coat,Sowol Academy winter coat for female students.,6,4,192,1,0,0,2,2,0,0,0,0,0
1463,50258,upper_M1011,Training Wear Jacket,Sowol Academy summer training wear for male students.,6,4,64,1,0,0,1,2,0,0,0,0,0
1464,50259,lower_M1011,Training Wear Pants,Sowol Academy summer training wear for male students.,6,4,128,1,0,0,1,2,0,0,0,0,0
1465,50260,upper_F1012,Sweatsuit,Sowol Academy winter training wear for female students.,6,4,64,1,0,0,2,2,0,0,0,0,0
1466,50261,lower_F1012,Athletic Shorts,Sowol Academy winter training wear for female students.,6,4,128,1,0,0,2,2,0,0,0,0,0
1467,50262,upper_M1012,Training Wear Jacket,Sowol Academy winter training wear for male students.,6,4,64,1,0,0,1,2,0,0,0,0,0
1468,50263,lower_M1012,Training Wear Pants,Sowol Academy winter training wear for male students.,6,4,128,1,0,0,1,2,0,0,0,0,0
1469,50264,special_F1011,Sweatsuit,Sowol Academy summer training wear for female students.,6,4,192,1,0,0,2,2,0,0,0,0,0
1470,50265,upper_M1013,Knit Sweater,Sowol Academy knit sweater for male students.,6,4,64,1,0,0,1,2,0,0,0,0,0
1471,50266,upper_F1013,Knit Sweater,Sowol Academy knit sweater for female students.,6,4,64,1,0,0,2,2,0,0,0,0,0
1472,50267,upper_M1014,Student Council Uniform,Sowol Academy Student Council uniform for male students.,6,4,64,1,0,0,1,2,0,0,0,0,0
1473,50268,lower_M1014,Student Council Pants,Sowol Academy Student Council uniform for male students.,6,4,128,1,0,0,1,2,0,0,0,0,0
1474,50269,foot_M1014,Student Council Shoes,Sowol Academy Student Council shoes for male students.,6,4,256,1,0,0,1,2,0,0,0,0,0
1475,50270,upper_F1014,Student Council Uniform,Sowol Academy Student Council uniform for female students.,6,4,64,1,0,0,2,2,0,0,0,0,0
1476,50271,lower_F1014,Student Council Skirt,Sowol Academy Student Council uniform for female students.,6,4,128,1,0,0,2,2,0,0,0,0,0
1477,50272,foot_F1014,Student Council Shoes,Sowol Academy Student Council shoes for female students.,6,4,256,1,0,0,2,2,0,0,0,0,0
1478,50273,hand_F0023,Oven Mitt,Estiva Academy Cooking Club gloves for female students.,6,4,8,1,0,0,2,1,0,0,0,0,0
1479,50274,upper_M0018,Football Jersey,Estiva Academy Football Club uniform for male students.,6,4,64,1,0,0,1,1,0,0,0,0,0
1480,50275,lower_M0018,Football Pants,Estiva Academy Football Club uniform for male students.,6,4,128,1,0,0,1,1,0,0,0,0,0
1481,50276,foot_M0018,Football Shoes,Estiva Academy Football Club shoes for male students.,6,4,256,1,0,0,1,1,0,0,0,0,0
1482,50277,cap_M0018,Football Helmet,Estiva Academy Football Club helmet for male students.,6,4,1,2,0,0,1,1,0,0,0,0,0
1483,50278,upper_F0018,Football Jersey,Estiva Academy Football Club uniform for female students.,6,4,64,1,0,0,2,1,0,0,0,0,0
1484,50279,lower_F0018,Football Pants,Estiva Academy Football Club uniform for female students.,6,4,128,1,0,0,2,1,0,0,0,0,0
1485,50280,foot_F0018,Football Shoes,Estiva Academy Football Club cleats for female students.,6,4,256,1,0,0,2,1,0,0,0,0,0
1486,50281,cap_F0018,Football Helmet,Estiva Academy Football Club helmet for female students.,6,4,1,2,0,0,2,1,0,0,0,0,0
1487,50282,upper_M0022,Robotic Jacket,Estiva Academy Robotics Club uniform for male students.,6,4,64,1,0,0,1,1,0,0,0,0,0
1488,50283,lower_M0022,Robotic Pants,Estiva Academy Robotics Club pants for male students.,6,4,128,1,0,0,1,1,0,0,0,0,0
1489,50284,foot_M0022,Robotic Boots,Estiva Academy Robotics Club boots for male students.,6,4,256,1,0,0,1,1,0,0,0,0,0
1490,50285,hand_M0022,Robotic Gloves,Estiva Academy Robotics Club gloves for male students.,6,4,8,1,0,0,1,1,0,0,0,0,0
1491,50286,special_F0022,Robotic Suit,Estiva Academy Robotics Club uniform for female students.,6,4,192,1,0,0,2,1,0,0,0,0,0
1492,50287,foot_F0022,Robotic Boots,Estiva Academy Robotics Club boots for female students.,6,4,256,1,0,0,2,1,0,0,0,0,0
1493,50288,hand_F0022,Robotic Gloves,Estiva Academy Robotics Club gloves for female students.,6,4,8,1,0,0,2,1,0,0,0,0,0
1494,50289,upper_M1026,Taekwondo Jacket,Sowol Academy Taekwondo Club Uniform for Male Students,6,4,64,1,0,0,1,2,0,0,0,0,0
1495,50290,lower_M1026,Taekwondo Pants,Sowol Academy Taekwondo Club Uniform for Male Students,6,4,128,1,0,0,1,2,0,0,0,0,0
1496,50291,foot_M1026,Ankle Tape,Sowol Academy Taekwondo Club Foot Guards for Male Students,6,4,256,1,0,0,1,2,0,0,0,0,0
1497,50292,hand_M1026,Wrist Tape,Sowol Academy Taekwondo Club Wrist Guards for Male Students,6,4,8,1,0,0,1,2,0,0,0,0,0
1498,50293,cap_M1026,Taekwondo Headgear,Sowol Academy Taekwondo Club Headgear for Male Students,6,4,1,2,0,0,1,2,0,0,0,0,0
1499,50294,upper_F1026,Taekwondo Jacket,Sowol Academy Taekwondo Club Uniform for Female Students,6,4,64,1,0,0,2,2,0,0,0,0,0
1500,50295,lower_F1026,Taekwondo Pants,Sowol Academy Taekwondo Club Uniform for Female Students,6,4,128,1,0,0,2,2,0,0,0,0,0
1501,50296,foot_F1026,Ankle Tape,Sowol Academy Taekwondo Club Foot Guards for Female Students,6,4,256,1,0,0,2,2,0,0,0,0,0
1502,50297,hand_F1026,Wrist Tape,Sowol Academy Taekwondo Club Wrist Guards for Female Students,6,4,8,1,0,0,2,2,0,0,0,0,0
1503,50298,cap_F1026,Taekwondo Headgear,Sowol Academy Taekwondo Club Headgear for Female Students,6,4,1,2,0,0,2,2,0,0,0,0,0
1504,50299,upper_M1029,Spelunker Shirt,Sowol Academy Archaeology Club uniform for male students.,6,4,64,1,0,0,1,2,0,0,0,0,0
1505,50300,lower_M1029,Spelunker Pants,Sowol Academy Archaeology Club pants for male students.,6,4,128,1,0,0,1,2,0,0,0,0,0
1506,50301,foot_M1029,Spelunker Boots,Sowol Academy Archaeology Club boots for male students.,6,4,256,1,0,0,1,2,0,0,0,0,0
1507,50302,hand_M1029,Spelunker Gloves,Sowol Academy Archaeology Club gloves for male students.,6,4,8,1,0,0,1,2,0,0,0,0,0
1508,50303,cap_M1029,Spelunker Hat,Sowol Academy Archaeology Club hat for male students.,6,4,1,2,0,0,1,2,0,0,0,0,0
1509,50304,back_M1029,Spelunker Pouch,Sowol Academy Archaeology Club bag for male students.,6,4,4,2,0,0,1,2,0,0,0,0,0
1510,50305,upper_F1029,Spelunker Shirt,Sowol Academy Archaeology Club jacket for female students.,6,4,64,1,0,0,2,2,0,0,0,0,0
1511,50306,lower_F1029,Spelunker Skirt,Sowol Academy Archaeology Club skirt for female students.,6,4,128,1,0,0,2,2,0,0,0,0,0
1512,50307,foot_F1029,Spelunker Boots,Sowol Academy Archaeology Club boots for female students.,6,4,256,1,0,0,2,2,0,0,0,0,0
1513,50308,hand_F1029,Spelunker Gloves,Sowol Academy Archaeology Club gloves for female students.,6,4,8,1,0,0,2,2,0,0,0,0,0
1514,50309,cap_F1029,Spelunker Hat,Sowol Academy Archaeology Club hat for female students.,6,4,1,2,0,0,2,2,0,0,0,0,0
1515,50310,back_F1029,Spelunker Pouch,Sowol Academy Archaeology Club bag for female students.,6,4,4,2,0,0,2,2,0,0,0,0,0
1516,50311,upper_M0034,Chorus Suit,Estiva Academy Chorus Club suit for male students.,6,4,64,1,0,0,1,1,0,0,0,0,0
1517,50312,lower_M0034,Chorus Pants,Estiva Academy Chorus Club pants for male students.,6,4,128,1,0,0,1,1,0,0,0,0,0
1518,50313,foot_M0034,Chorus Shoes,Estiva Academy Chorus Club shoes for male students.,6,4,256,1,0,0,1,1,0,0,0,0,0
1519,50314,upper_F0034,Chorus Dress,Estiva Academy Chorus Club dress for female students.,6,4,64,1,0,0,2,1,0,0,0,0,0
1520,50315,lower_F0034,Chorus Skirt,Estiva Academy Chorus Club skirt for female students.,6,4,128,1,0,0,2,1,0,0,0,0,0
1521,50316,foot_F0034,Chorus Shoes,Estiva Academy Chorus Club shoes for female students.,6,4,256,1,0,0,2,1,0,0,0,0,0
1522,50317,upper_M1034,Chorus Robe,Sowol Academy Chorus Club robe for male students.,6,4,64,1,0,0,1,2,0,0,0,0,0
1523,50318,lower_M1034,Chorus Pants,Sowol Academy Chorus Club pants for male students.,6,4,128,1,0,0,1,2,0,0,0,0,0
1524,50319,foot_M1034,Chorus Shoes,Sowol Academy Chorus Club shoes for male students.,6,4,256,1,0,0,1,2,0,0,0,0,0
1525,50320,upper_F1034,Chorus Robe,Sowol Academy Chorus Club robe for female students.,6,4,64,1,0,0,2,2,0,0,0,0,0
1526,50321,lower_F1034,Chorus Skirt,Sowol Academy Chorus Club skirt for female students.,6,4,128,1,0,0,2,2,0,0,0,0,0
1527,50322,foot_F1034,Chorus Shoes,Sowol Academy Chorus Club shoes for female students.,6,4,256,1,0,0,2,2,0,0,0,0,0
1528,59001,upper_M9002,Fanta Shirt,Fanta Shirt for male students.,6,4,64,1,0,0,1,0,0,0,0,0,0
1529,59002,lower_M9002,Fanta Pants,Fanta Pants for male students.,6,4,128,1,0,0,1,0,0,0,0,0,0
1530,59003,foot_M9002,Fanta Shoes,Fanta Shoes for male students.,6,4,256,1,0,0,1,0,0,0,0,0,0
1531,59004,upper_F9002,Fanta Shirt,Fanta Shirt for female students.,6,4,64,1,0,0,2,0,0,0,0,0,0
1532,59005,lower_F9002,Fanta Skirt,Fanta Skirt for female students.,6,4,128,1,0,0,2,0,0,0,0,0,0
1533,59006,foot_F9002,Fanta Shoes,Fanta Shoes for female students.,6,4,256,1,0,0,2,0,0,0,0,0,0
1534,59007,cap_M9002,Fanta Hat,Fanta Hat for male students.,6,4,1,2,0,0,1,0,0,0,0,0,0
1535,59008,cap_F9002,Fanta Hat,Fanta Hat for female students.,6,4,1,2,0,0,2,0,0,0,0,0,0
1536,59901,special_GMM0001,Disciplinary Committee Uniform,A custom-made outfit for a dashing male disciplinary committee member. Grants the wearer comfort and charisma.,12,7,196,1,0,0,1,0,0,0,0,0,0
1537,59902,foot_GMM0001,Disciplinary Committee Shoes,"Comfortable shoes made with the new material Ntixum, offering high elasticity and rigidity",13,7,256,1,0,0,1,0,0,0,0,0,0
1538,59903,special_GMF0001,Disciplinary Committee Uniform,A custom-made outfit for a beautiful female disciplinary committee member. Grants the wearer comfort and charisma.,12,7,196,1,0,0,2,0,0,0,0,0,0
1539,59904,foot_GMF0001,Disciplinary Committee Shoes,"Comfortable shoes made with the new material Ntixum, offering high elasticity and rigidity",13,7,256,1,0,0,2,0,0,0,0,0,0
1540,59905,cap_GMA0001,Disciplinary Committee Hat,Engraved with a windmill emblem in a harmonious blend of green and black,6,7,1,2,0,0,0,0,0,0,0,0,0
1541,59906,special_M9004,Class Representative Uniform,~Class Representative’s Three Rules~<br>1. Greet others.<br>2. Never forget your初心.<br>3. Never lose your individuality.,12,7,448,1,0,0,1,0,0,0,0,0,0
1542,59907,special_F9004,Class Representative Uniform,~Class Representative’s Three Rules~<br>1. Greet others.<br>2. Never forget your初心.<br>3. Never lose your individuality.,12,7,448,1,0,0,2,0,0,0,0,0,0
1543,51282,upper_M0022,Robotic Jacket,Estiva Academy Robotics Club uniform for male students.,6,7,64,1,0,0,1,1,0,0,0,0,0
1544,51283,lower_M0022,Robotic Pants,Estiva Academy Robotics Club pants for male students.,6,7,128,1,0,0,1,1,0,0,0,0,0
1545,51284,foot_M0022,Robotic Boots,Estiva Academy Robotics Club boots for male students.,6,7,256,1,0,0,1,1,0,0,0,0,0
1546,51285,hand_M0022,Robotic Gloves,Estiva Academy Robotics Club gloves for male students.,6,7,8,1,0,0,1,1,0,0,0,0,0
1547,51286,special_F0022,Robotic Suit,Estiva Academy Robotics Club uniform for female students.,6,7,192,1,0,0,2,1,0,0,0,0,0
1548,51287,foot_F0022,Robotic Boots,Estiva Academy Robotics Club boots for female students.,6,7,256,1,0,0,2,1,0,0,0,0,0
1549,51288,hand_F0022,Robotic Gloves,Estiva Academy Robotics Club gloves for female students.,6,7,8,1,0,0,2,1,0,0,0,0,0
1550,51299,upper_M1029,Spelunker Shirt,Sowol Academy Archaeology Club uniform for male students.,6,7,64,1,0,0,1,2,0,0,0,0,0
1551,51300,lower_M1029,Spelunker Pants,Sowol Academy Archaeology Club pants for male students.,6,7,128,1,0,0,1,2,0,0,0,0,0
1552,51301,foot_M1029,Spelunker Boots,Sowol Academy Archaeology Club boots for male students.,6,7,256,1,0,0,1,2,0,0,0,0,0
1553,51302,hand_M1029,Spelunker Gloves,Sowol Academy Archaeology Club gloves for male students.,6,7,8,1,0,0,1,2,0,0,0,0,0
1554,51303,cap_M1029,Spelunker Hat,Sowol Academy Archaeology Club hat for male students.,6,7,1,2,0,0,1,2,0,0,0,0,0
1555,51304,back_M1029,Spelunker Pouch,Sowol Academy Archaeology Club bag for male students.,6,7,4,2,0,0,1,2,0,0,0,0,0
1556,51305,upper_F1029,Spelunker Shirt,Sowol Academy Archaeology Club jacket for female students.,6,7,64,1,0,0,2,2,0,0,0,0,0
1557,51306,lower_F1029,Spelunker Skirt,Sowol Academy Archaeology Club skirt for female students.,6,7,128,1,0,0,2,2,0,0,0,0,0
1558,51307,foot_F1029,Spelunker Boots,Sowol Academy Archaeology Club boots for female students.,6,7,256,1,0,0,2,2,0,0,0,0,0
1559,51308,hand_F1029,Spelunker Gloves,Sowol Academy Archaeology Club gloves for female students.,6,7,8,1,0,0,2,2,0,0,0,0,0
1560,51309,cap_F1029,Spelunker Hat,Sowol Academy Archaeology Club hat for female students.,6,7,1,2,0,0,2,2,0,0,0,0,0
1561,51310,back_F1029,Spelunker Pouch,Sowol Academy Archaeology Club bag for female students.,6,7,4,2,0,0,2,2,0,0,0,0,0
1562,51217,upper_M1024,Dim Sum Outfit,Sowol Academy Dim Sum Club uniform for male students.,6,7,64,1,0,0,1,2,0,0,0,0,0
1563,51218,lower_M1024,Dim Sum Pants,Sowol Academy Dim Sum Club pants for male students.,6,7,128,1,0,0,1,2,0,0,0,0,0
1564,51219,cap_M1024,Dim Sum Hat,Sowol Academy Dim Sum Club hat for male students.,6,7,1,2,0,0,1,2,0,0,0,0,0
1565,51220,foot_M1024,Dim Sum Shoes,Sowol Academy Dim Sum Club shoes for male students.,6,7,256,1,0,0,1,2,0,0,0,0,0
1566,51221,special_F1024,Dim Sum Dress,Sowol Academy Dim Sum Club uniform for female students.,6,7,192,1,0,0,2,2,0,0,0,0,0
1567,51222,cap_F1024,Dim Sum Hair Buns,Sowol Academy Dim Sum Club hair accessory for female students.,6,7,1,2,0,0,2,2,0,0,0,0,0
1568,51223,foot_F1024,Dim Sum Shoes,Sowol Academy Dim Sum Club shoes for female students.,6,7,256,1,0,0,2,2,0,0,0,0,0
1569,51167,upper_M0024,Gentleman’s Suit,Estivar Academy Tea Time Club uniform for male students.,6,7,64,1,0,0,1,1,0,0,0,0,0
1570,51168,lower_M0024,Gentleman’s Pants,Estivar Academy Tea Time Club uniform for male students.,6,7,128,1,0,0,1,1,0,0,0,0,0
1571,51169,cap_M0024,Top Hat,Estivar Academy Tea Time Club hat for male students.,6,7,1,2,0,0,1,1,0,0,0,0,0
1572,51170,foot_M0024,Gentleman’s Shoes,Estivar Academy Tea Time Club shoes for male students.,6,7,256,1,0,0,1,1,0,0,0,0,0
1573,51171,special_F0024,Mademoiselle Dress,Estivar Academy Tea Time Club uniform for female students.,6,7,192,1,0,0,2,1,0,0,0,0,0
1574,51172,cap_F0024,Mademoiselle Hat,Estivar Academy Tea Time Club hat for female students.,6,7,1,2,0,0,2,1,0,0,0,0,0
1575,51173,foot_F0024,Mademoiselle Shoes,Estivar Academy Tea Time Club shoes for female students.,6,7,256,1,0,0,2,1,0,0,0,0,0
1576,51174,upper_M0034,Chorus Suit,Estiva Academy Chorus Club suit for male students.,6,7,64,1,0,0,1,1,0,0,0,0,0
1577,51175,lower_M0034,Chorus Pants,Estiva Academy Chorus Club pants for male students.,6,7,128,1,0,0,1,1,0,0,0,0,0
1578,51176,foot_M0034,Chorus Shoes,Estiva Academy Chorus Club shoes for male students.,6,7,256,1,0,0,1,1,0,0,0,0,0
1579,51177,upper_F0034,Chorus Dress,Estiva Academy Chorus Club dress for female students.,6,7,64,1,0,0,2,1,0,0,0,0,0
1580,51178,lower_F0034,Chorus Skirt,Estiva Academy Chorus Club skirt for female students.,6,7,128,1,0,0,2,1,0,0,0,0,0
1581,51179,foot_F0034,Chorus Shoes,Estiva Academy Chorus Club shoes for female students.,6,7,256,1,0,0,2,1,0,0,0,0,0
1582,51180,upper_M1034,Chorus Robe,Sowol Academy Chorus Club robe for male students.,6,7,64,1,0,0,1,2,0,0,0,0,0
1583,51181,lower_M1034,Chorus Pants,Sowol Academy Chorus Club pants for male students.,6,7,128,1,0,0,1,2,0,0,0,0,0
1584,51182,foot_M1034,Chorus Shoes,Sowol Academy Chorus Club shoes for male students.,6,7,256,1,0,0,1,2,0,0,0,0,0
1585,51183,upper_F1034,Chorus Robe,Sowol Academy Chorus Club robe for female students.,6,7,64,1,0,0,2,2,0,0,0,0,0
1586,51184,lower_F1034,Chorus Skirt,Sowol Academy Chorus Club skirt for female students.,6,7,128,1,0,0,2,2,0,0,0,0,0
1587,51185,foot_F1034,Chorus Shoes,Sowol Academy Chorus Club shoes for female students.,6,7,256,1,0,0,2,2,0,0,0,0,0
1588,51186,upper_M0026,Gambler Jacket,"Estiva Academy Gambling Club Uniform for Male Students<br>(Becomes untradeable on August 17, 2006, and disappears on August 24)",6,5,64,1,0,0,1,1,0,0,0,0,0
1589,51187,lower_M0026,Gambler Pants,"Estiva Academy Gambling Club Uniform for Male Students<br>(Becomes untradeable on August 17, 2006, and disappears on August 24)",6,5,128,1,0,0,1,1,0,0,0,0,0
1590,51188,foot_M0026,Gambler Shoes,"Estiva Academy Gambling Club Shoes for Male Students<br>(Becomes untradeable on August 17, 2006, and disappears on August 24)",6,5,256,1,0,0,1,1,0,0,0,0,0
1591,51189,upper_F0026,Gambler Jacket,"Estiva Academy Gambling Club Uniform for Female Students<br>(Becomes untradeable on August 17, 2006, and disappears on August 24)",6,5,64,1,0,0,2,1,0,0,0,0,0
1592,51190,lower_F0026,Gambler Skirt,"Estiva Academy Gambling Club Uniform for Female Students<br>(Becomes untradeable on August 17, 2006, and disappears on August 24)",6,5,128,1,0,0,2,1,0,0,0,0,0
1593,51191,foot_F0026,Gambler Shoes,"Estiva Academy Gambling Club Shoes for Female Students<br>(Becomes untradeable on August 17, 2006, and disappears on August 24)",6,5,256,1,0,0,2,1,0,0,0,0,0
1594,51192,special_M1019,Ninja Outfit,"Sowol Academy Ninja Club Outfit for Male Students<br>(Becomes untradeable on August 17, 2006, and disappears on August 24)",6,5,192,1,0,0,1,2,0,0,0,0,0
1595,51193,foot_M1019,Ninja Leg Wraps,"Sowol Academy Ninja Club Leg Wraps for Male Students<br>With enough training, the wearer can walk without making a sound.<br>(Becomes untradeable on August 17, 2006, and disappears on August 24)",6,5,256,1,0,0,1,2,0,0,0,0,0
1596,51194,hand_M1019,Ninja Arm Guards,"Sowol Academy Ninja Club Gloves for Male Students<br>(Becomes untradeable on August 17, 2006, and disappears on August 24)",6,5,8,1,0,0,1,2,0,0,0,0,0
1597,51195,cap_M1019,Ninja Face Mask,"Sowol Academy Ninja Club Face Guard for Male Students<br>(Becomes untradeable on August 17, 2006, and disappears on August 24)",6,5,1,2,0,0,1,2,0,0,0,0,0
1598,51196,special_F1019,Ninja Outfit,"Sowol Academy Ninja Club Outfit for Female Students<br>(Becomes untradeable on August 17, 2006, and disappears on August 24)",6,5,192,1,0,0,2,2,0,0,0,0,0
1599,51197,foot_F1019,Ninja Leg Wraps,"Sowol Academy Ninja Club Leg Wraps for Female Students<br>With enough training, the wearer can walk without making a sound.<br>(Becomes untradeable on August 17, 2006, and disappears on August 24)",6,5,256,1,0,0,2,2,0,0,0,0,0
1600,51198,hand_F1019,Ninja Arm Guards,"Sowol Academy Ninja Club Gloves for Female Students<br>(Becomes untradeable on August 17, 2006, and disappears on August 24)",6,5,8,1,0,0,2,2,0,0,0,0,0
1601,51199,upper_M0016,하복 상의,에스티바 학원의 남학생 여름용 교복<br>동호회 여러분께 선물로 드립니다~,6,5,64,1,0,0,1,1,0,0,0,0,0
1602,51200,lower_M0016,하복 하의,에스티바 학원의 남학생 여름용 교복<br>동호회 여러분께 선물로 드립니다~,6,5,128,1,0,0,1,1,0,0,0,0,0
1603,51201,upper_F0016,하복 상의,에스티바 학원의 여학생 여름용 교복<br>동호회 여러분께 선물로 드립니다~,6,5,64,1,0,0,2,1,0,0,0,0,0
1604,51202,lower_F0016,하복 하의,에스티바 학원의 여학생 여름용 교복<br>동호회 여러분께 선물로 드립니다~,6,5,128,1,0,0,2,1,0,0,0,0,0
1605,51203,upper_M1016,하복 상의,소월학원의 남학생 여름용 교복 <br>동호회 여러분께 선물로 드립니다~,6,5,64,1,0,0,1,2,0,0,0,0,0
1606,51204,lower_M1016,하복 하의,소월학원의 남학생 여름용 교복<br>동호회 여러분께 선물로 드립니다~,6,5,128,1,0,0,1,2,0,0,0,0,0
1607,51205,upper_F1016,하복 상의,소월학원의 여학생 여름용 교복<br>동호회 여러분께 선물로 드립니다~,6,5,64,1,0,0,2,2,0,0,0,0,0
1608,51206,lower_F1016,하복 하의,소월학원의 여학생 여름용 교복<br>동호회 여러분께 선물로 드립니다~,6,5,128,1,0,0,2,2,0,0,0,0,0
1609,59009,cap_M9008,Soccer Support Headband,Let’s all cheer for the World Cup! For Male Students,6,5,1,2,0,0,1,0,0,0,0,0,0
1610,59010,upper_M9008,Soccer Support Tank Top,Let’s all cheer for the World Cup! For Male Students,6,5,64,1,0,0,1,0,0,0,0,0,0
1611,59011,lower_M9008,Soccer Support Pants,Let’s all cheer for the World Cup! For Male Students,6,5,128,1,0,0,1,0,0,0,0,0,0
1612,59012,foot_M9008,Soccer Support Shoes,Let’s all cheer for the World Cup! For Male Students,6,5,256,1,0,0,1,0,0,0,0,0,0
1613,59013,cap_F9008,Soccer Support Headband,Let’s all cheer for the World Cup! For Female Students,6,5,1,2,0,0,2,0,0,0,0,0,0
1614,59014,upper_F9008,Soccer Support Tube Top,Let’s all cheer for the World Cup! For Female Students,6,5,64,1,0,0,2,0,0,0,0,0,0
1615,59015,lower_F9008,Soccer Support Pants,Let’s all cheer for the World Cup! For Female Students,6,5,128,1,0,0,2,0,0,0,0,0,0
1616,59016,foot_F9008,Soccer Support Boots,Let’s all cheer for the World Cup! For Female Students,6,5,256,1,0,0,2,0,0,0,0,0,0
1617,59017,cap_M9009,Soccer Support Headband,Let’s all cheer for Team Japan! For Male Students,6,7,1,2,0,0,1,0,0,0,0,0,0
1618,59018,upper_M9009,Soccer Support Tank Top,Let’s all cheer for Team Japan! For Male Students,6,7,64,1,0,0,1,0,0,0,0,0,0
1619,59019,lower_M9009,Soccer Support Pants,Let’s all cheer for Team Japan! For Male Students,6,7,128,1,0,0,1,0,0,0,0,0,0
1620,59020,foot_M9009,Soccer Support Shoes,Let’s all cheer for Team Japan! For Male Students,6,7,256,1,0,0,1,0,0,0,0,0,0
1621,59021,cap_F9009,Soccer Support Headband,Let’s all cheer for Team Japan! For Female Students,6,7,1,2,0,0,2,0,0,0,0,0,0
1622,59022,upper_F9009,Soccer Support Tube Top,Let’s all cheer for Team Japan! For Female Students,6,7,64,1,0,0,2,0,0,0,0,0,0
1623,59023,lower_F9009,Soccer Support Pants,Let’s all cheer for Team Japan! For Female Students,6,7,128,1,0,0,2,0,0,0,0,0,0
1624,59024,foot_F9009,Soccer Support Boots,Let’s all cheer for Team Japan! For Female Students,6,7,256,1,0,0,2,0,0,0,0,0,0
1625,59025,cap_M9010,Soccer Support Headband,Let’s all cheer for the World Cup! For Male Students,6,5,1,2,0,0,1,0,0,0,0,0,0
1626,59026,upper_M9010,Soccer Support Tank Top,Let’s all cheer for the World Cup! For Male Students,6,5,64,1,0,0,1,0,0,0,0,0,0
1627,59027,lower_M9010,Soccer Support Pants,Let’s all cheer for the World Cup! For Male Students,6,5,128,1,0,0,1,0,0,0,0,0,0
1628,59028,foot_M9010,Soccer Support Shoes,Let’s all cheer for the World Cup! For Male Students,6,5,256,1,0,0,1,0,0,0,0,0,0
1629,59029,cap_F9010,Soccer Support Headband,Let’s all cheer for the World Cup! For Female Students,6,5,1,2,0,0,2,0,0,0,0,0,0
1630,59030,upper_F9010,Soccer Support Tube Top,Let’s all cheer for the World Cup! For Female Students,6,5,64,1,0,0,2,0,0,0,0,0,0
1631,59031,lower_F9010,Soccer Support Pants,Let’s all cheer for the World Cup! For Female Students,6,5,128,1,0,0,2,0,0,0,0,0,0
1632,59032,foot_F9010,Soccer Support Boots,Let’s all cheer for the World Cup! For Female Students,6,5,256,1,0,0,2,0,0,0,0,0,0
1633,59033,upper_M9011,Soccer Uniform,Commemorative World Cup Uniform. Feel like a member of Team Japan! For Male Students,6,5,64,1,0,0,1,0,0,0,0,0,0
1634,59034,lower_M9011,Soccer Shorts,Commemorative World Cup Uniform. Feel like a member of Team Japan! For Male Students,6,5,128,1,0,0,1,0,0,0,0,0,0
1635,59035,foot_M9011,Soccer Shoes,Commemorative World Cup Uniform. Feel like a member of Team Japan! For Male Students,6,5,256,1,0,0,1,0,0,0,0,0,0
1636,59036,upper_F9011,Soccer Uniform,Commemorative World Cup Uniform. Feel like a member of Team Japan! For Female Students,6,5,64,1,0,0,2,0,0,0,0,0,0
1637,59037,lower_F9011,Soccer Shorts,Commemorative World Cup Uniform. Feel like a member of Team Japan! For Female Students,6,5,128,1,0,0,2,0,0,0,0,0,0
1638,59038,foot_F9011,Soccer Shoes,Commemorative World Cup Uniform. Feel like a member of Team Japan! For Female Students,6,5,256,1,0,0,2,0,0,0,0,0,0
1639,59039,upper_M9012,Soccer Uniform,Soccer Uniform. Feel like a member of Team Japan! For Male Students,6,7,64,1,0,0,1,0,0,0,0,0,0
1640,59040,lower_M9012,Soccer Shorts,Soccer Uniform. Feel like a member of Team Japan! For Male Students,6,7,128,1,0,0,1,0,0,0,0,0,0
1641,59041,foot_M9012,Soccer Shoes,Soccer Uniform. Feel like a member of Team Japan! For Male Students,6,7,256,1,0,0,1,0,0,0,0,0,0
1642,59042,upper_F9012,Soccer Uniform,Soccer Uniform. Feel like a member of Team Japan! For Female Students,6,7,64,1,0,0,2,0,0,0,0,0,0
1643,59043,lower_F9012,Soccer Shorts,Soccer Uniform. Feel like a member of Team Japan! For Female Students,6,7,128,1,0,0,2,0,0,0,0,0,0
1644,59044,foot_F9012,Soccer Shoes,Soccer Uniform. Feel like a member of Team Japan! For Female Students,6,7,256,1,0,0,2,0,0,0,0,0,0
1645,59045,upper_M9013,Soccer Uniform,Commemorative World Cup Uniform. Feel like a member of Team Japan! For Male Students,6,5,64,1,0,0,1,0,0,0,0,0,0
1646,59046,lower_M9013,Soccer Shorts,Commemorative World Cup Uniform. Feel like a member of Team Japan! For Male Students,6,5,128,1,0,0,1,0,0,0,0,0,0
1647,59047,foot_M9013,Soccer Shoes,Commemorative World Cup Uniform. Feel like a member of Team Japan! For Male Students,6,5,256,1,0,0,1,0,0,0,0,0,0
1648,59048,upper_F9013,Soccer Uniform,Commemorative World Cup Uniform. Feel like a member of Team Japan! For Female Students,6,5,64,1,0,0,2,0,0,0,0,0,0
1649,59049,lower_F9013,Soccer Shorts,Commemorative World Cup Uniform. Feel like a member of Team Japan! For Female Students,6,5,128,1,0,0,2,0,0,0,0,0,0
1650,59050,foot_F9013,Soccer Shoes,Commemorative World Cup Uniform. Feel like a member of Team Japan! For Female Students,6,5,256,1,0,0,2,0,0,0,0,0,0
1651,59051,cap_M9014,Headgear M,"A giant headpiece that completely hides your face. Even if you’re going for a cool image, this lets you cheer at the top of your lungs! For Male Use",6,5,1,2,0,0,1,0,0,0,0,0,0
1652,59052,cap_M9015,Headgear A,"A giant headpiece that completely hides your face. Even if you’re going for a cool image, this lets you cheer at the top of your lungs! For Male Use",6,5,1,2,0,0,1,0,0,0,0,0,0
1653,59053,cap_M9016,Headgear H,"A giant headpiece that completely hides your face. Even if you’re going for a cool image, this lets you cheer at the top of your lungs! For Male Use",6,5,1,2,0,0,1,0,0,0,0,0,0
1654,59054,cap_F9014,Headgear M,"A giant headpiece that completely hides your face. Even if you’re going for a refined image, this lets you cheer at the top of your lungs! For Female Use",6,5,1,2,0,0,2,0,0,0,0,0,0
1655,59055,cap_F9015,Headgear A,"A giant headpiece that completely hides your face. Even if you’re going for a refined image, this lets you cheer at the top of your lungs! For Female Use",6,5,1,2,0,0,2,0,0,0,0,0,0
1656,59056,cap_F9016,Headgear H,"A giant headpiece that completely hides your face. Even if you’re going for a refined image, this lets you cheer at the top of your lungs! For Female Use",6,5,1,2,0,0,2,0,0,0,0,0,0
1657,59057,special_M9017,Rainbow Swimsuit,"A flashy, vividly colored swimsuit.<br>Guaranteed to draw attention—from admiring looks to icy stares!",6,4,192,1,0,0,1,0,0,0,0,0,0
1658,59058,special_F9017,White School Swimsuit,"A pure white school swimsuit.<br>With its innocent look, it’s sure to capture all the boys’ attention!",6,4,192,1,0,0,2,0,0,0,0,0,0
1659,59059,special_M9018,Cyber Suit,A futuristic sci-fi style outfit. Will there ever come a day when this becomes everyday wear? For Male Students,6,5,192,1,0,0,1,0,0,0,0,0,0
1660,59060,hand_M9018,Cyber Gloves,A futuristic sci-fi style outfit. Will there ever come a day when this becomes everyday wear? For Male Students,6,5,8,1,0,0,1,0,0,0,0,0,0
1661,59061,foot_M9018,Cyber Boots,A futuristic sci-fi style outfit. Will there ever come a day when this becomes everyday wear? For Male Students,6,5,256,1,0,0,1,0,0,0,0,0,0
1662,59062,cap_M9018,Cyber Headgear,A futuristic sci-fi style outfit. Will there ever come a day when this becomes everyday wear? For Male Students,6,5,1,2,0,0,1,0,0,0,0,0,0
1663,59063,special_F9018,Cyber Suit,A futuristic sci-fi style outfit. Will there ever come a day when this becomes everyday wear? For Female Students,6,5,192,1,0,0,2,0,0,0,0,0,0
1664,59064,hand_F9018,Cyber Gloves,A futuristic sci-fi style outfit. Will there ever come a day when this becomes everyday wear? For Female Students,6,5,8,1,0,0,2,0,0,0,0,0,0
1665,59065,foot_F9018,Cyber Boots,A futuristic sci-fi style outfit. Will there ever come a day when this becomes everyday wear? For Female Students,6,5,256,1,0,0,2,0,0,0,0,0,0
1666,59066,cap_F9018,Cyber Headgear,A futuristic sci-fi style outfit. Will there ever come a day when this becomes everyday wear? For Female Students,6,5,1,2,0,0,2,0,0,0,0,0,0
1667,59067,upper_M9022,Male Film Uniform Consultation,"A uniform that doesn’t exist in this world. A “Uniform Consultation” that appeared with the line, “Because I love you… it’s okay.”",6,5,64,1,0,0,1,0,0,0,0,0,0
1668,59068,lower_M9022,Movie Uniform Bottom (Male),"A bottom piece of a uniform that doesn’t exist in this world. Appeared with the line, “Because I love you… it’s okay.”",6,5,128,1,0,0,1,0,0,0,0,0,0
1669,59069,foot_M9022,Movie Uniform Shoes (Male),"Footwear from a uniform that doesn’t exist in this world. Appeared with the line, “Because I love you… it’s okay.”",6,5,256,1,0,0,1,0,0,0,0,0,0
1670,59070,upper_F9022,Female Film Uniform Consultation,"A uniform that doesn’t exist in this world. A “Uniform Consultation” that appeared with the line, “Because I love you… it’s okay.”",6,5,64,1,0,0,2,0,0,0,0,0,0
1671,59071,lower_F9022,Movie Uniform Bottom (Female),"A bottom piece of a uniform that doesn’t exist in this world. Appeared with the line, “Because I love you… it’s okay.”",6,5,128,1,0,0,2,0,0,0,0,0,0
1672,59072,foot_F9022,Movie Uniform Shoes (Female),"Footwear from a uniform that doesn’t exist in this world. Appeared with the line, “Because I love you… it’s okay.”",6,5,256,1,0,0,2,0,0,0,0,0,0
1673,59073,upper_M9019,Orange Aloha Shirt,Orange Aloha Shirt for Male Students,6,5,64,1,0,0,1,0,0,0,0,0,0
1674,59074,lower_M9019,Blue Cropped Pants,Blue Cropped Pants for Male Students,6,5,128,1,0,0,1,0,0,0,0,0,0
1675,59075,foot_M9019,Brown Flip-Flops,Brown-Strap Flip-Flops for Male Students,6,5,256,1,0,0,1,0,0,0,0,0,0
1676,59076,cap_M9019,Orange Sunglasses,Orange-Lens Sunglasses for Male Students,6,5,1,2,0,0,1,0,0,0,0,0,0
1677,59077,upper_M9020,Red Aloha Shirt,Red Aloha Shirt for Male Students,6,5,64,1,0,0,1,0,0,0,0,0,0
1678,59078,lower_M9020,Green Cropped Pants,Green Cropped Pants for Male Students,6,5,128,1,0,0,1,0,0,0,0,0,0
1679,59079,foot_M9020,Blue Flip-Flops,Blue-Strap Flip-Flops for Male Students,6,5,256,1,0,0,1,0,0,0,0,0,0
1680,59080,cap_M9020,Blue Sunglasses,Blue-Lens Sunglasses for Male Students,6,5,1,2,0,0,1,0,0,0,0,0,0
1681,59081,upper_M9021,Blue Aloha Shirt,Blue Aloha Shirt for Male Students,6,5,64,1,0,0,1,0,0,0,0,0,0
1682,59082,lower_M9021,Gray Cropped Pants,Gray Cropped Pants for Male Students,6,5,128,1,0,0,1,0,0,0,0,0,0
1683,59083,foot_M9021,Red-Brown Flip-Flops,Reddish-Brown Strap Flip-Flops for Male Students,6,5,256,1,0,0,1,0,0,0,0,0,0
1684,59084,cap_M9021,Red Sunglasses,Red-Lens Sunglasses for Male Students,6,5,1,2,0,0,1,0,0,0,0,0,0
1685,59085,upper_F9019,Orange Blouse,Orange Sleeveless Blouse for Female Students,6,5,64,1,0,0,2,0,0,0,0,0,0
1686,59086,lower_F9019,Blue Pareo,Blue Pareo for Female Students,6,5,128,1,0,0,2,0,0,0,0,0,0
1687,59087,foot_F9019,Blue Sandals,Blue Sandals for Female Students,6,5,256,1,0,0,2,0,0,0,0,0,0
1688,59088,cap_F9019,Yellow Straw Hat,Yellow Straw Hat for Female Students,6,5,1,2,0,0,2,0,0,0,0,0,0
1689,59089,upper_F9020,Red Blouse,Red Sleeveless Blouse for Female Students,6,5,64,1,0,0,2,0,0,0,0,0,0
1690,59090,lower_F9020,Red Pareo,Red Pareo for Female Students,6,5,128,1,0,0,2,0,0,0,0,0,0
1691,59091,foot_F9020,Pink Sandals,Pink Sandals for Female Students,6,5,256,1,0,0,2,0,0,0,0,0,0
1692,59092,cap_F9020,Pink Straw Hat,Pink Straw Hat for Female Students,6,5,1,2,0,0,2,0,0,0,0,0,0
1693,59093,upper_F9021,Blue Blouse,Blue Sleeveless Blouse for Female Students,6,5,64,1,0,0,2,0,0,0,0,0,0
1694,59094,lower_F9021,White Pareo,Pure White Pareo for Female Students,6,5,128,1,0,0,2,0,0,0,0,0,0
1695,59095,foot_F9021,Aqua Sandals,Light Blue Sandals for Female Students,6,5,256,1,0,0,2,0,0,0,0,0,0
1696,59096,cap_F9021,Pastel Pink Straw Hat,Light Pink Straw Hat for Female Students,6,5,1,2,0,0,2,0,0,0,0,0,0
1697,59097,upper_M9027,Purple School Jacket,"Purple Jacket. Part of a newly designed uniform prototype by the Shopping District Association. If students respond well, it may be officially adopted.<br>(Cannot be traded)",6,5,64,1,0,0,1,0,0,0,0,0,0
1698,59098,lower_M9027,Purple School Pants,"Purple Pants. Part of a newly designed uniform prototype by the Shopping District Association. If students respond well, it may be officially adopted.<br>(Cannot be traded)",6,5,128,1,0,0,1,0,0,0,0,0,0
1699,59099,foot_M9027,White School Shoes,"White Shoes. Part of a newly designed uniform prototype by the Shopping District Association. If students respond well, it may be officially adopted.<br>(Cannot be traded)",6,5,256,1,0,0,1,0,0,0,0,0,0
1700,59100,cap_M9027,School Hat ???,"???-Colored Hat. Part of a newly designed uniform prototype by the Shopping District Association. If students respond well, it may be officially adopted.<br>(Cannot be traded)",6,5,1,2,0,0,1,0,0,0,0,0,0
1701,59101,upper_F9027,Purple School Jacket,"Purple Jacket. Part of a newly designed uniform prototype by the Shopping District Association. If students respond well, it may be officially adopted.<br>(Cannot be traded)",6,5,64,1,0,0,2,0,0,0,0,0,0
1702,59102,lower_F9027,Orange School Skirt,"Orange Skirt. Part of a newly designed uniform prototype by the Shopping District Association. If students respond well, it may be officially adopted.<br>(Cannot be traded)",6,5,128,1,0,0,2,0,0,0,0,0,0
1703,59103,foot_F9027,Purple School Shoes,"Purple Shoes. Part of a newly designed uniform prototype by the Shopping District Association. If students respond well, it may be officially adopted.<br>(Cannot be traded)",6,5,256,1,0,0,2,0,0,0,0,0,0
1704,59104,cap_F9027,Purple School Hat,"Purple Hat. Part of a newly designed uniform prototype by the Shopping District Association. If students respond well, it may be officially adopted.<br>(Cannot be traded)",6,5,1,2,0,0,2,0,0,0,0,0,0
1705,59105,upper_M9028,Pink School Jacket,"Pink Jacket. Part of a newly designed uniform prototype by the Shopping District Association. If students respond well, it may be officially adopted.<br>(Cannot be traded)",6,5,64,1,0,0,1,0,0,0,0,0,0
1706,59106,lower_M9028,Orange School Pants,"Orange Pants. Part of a newly designed uniform prototype by the Shopping District Association. If students respond well, it may be officially adopted.<br>(Cannot be traded)",6,5,128,1,0,0,1,0,0,0,0,0,0
1707,59107,foot_M9028,Orange School Shoes,"Orange Shoes. Part of a newly designed uniform prototype by the Shopping District Association. If students respond well, it may be officially adopted.<br>(Cannot be traded)",6,5,256,1,0,0,1,0,0,0,0,0,0
1708,59108,cap_M9028,School Hat ???,"???-Colored Hat. Part of a newly designed uniform prototype by the Shopping District Association. If students respond well, it may be officially adopted.<br>(Cannot be traded)",6,5,1,2,0,0,1,0,0,0,0,0,0
1709,59109,upper_F9028,Pink School Jacket,"Pink Jacket. Part of a newly designed uniform prototype by the Shopping District Association. If students respond well, it may be officially adopted.<br>(Cannot be traded)",6,5,64,1,0,0,2,0,0,0,0,0,0
1710,59110,lower_F9028,Purple School Skirt,"Purple Skirt. Part of a newly designed uniform prototype by the Shopping District Association. If students respond well, it may be officially adopted.<br>(Cannot be traded)",6,5,128,1,0,0,2,0,0,0,0,0,0
1711,59111,foot_F9028,Pink School Shoes,"Pink Shoes. Part of a newly designed uniform prototype by the Shopping District Association. If students respond well, it may be officially adopted.<br>(Cannot be traded)",6,5,256,1,0,0,2,0,0,0,0,0,0
1712,59112,cap_F9028,Pink School Hat,"Pink Hat. Part of a newly designed uniform prototype by the Shopping District Association. If students respond well, it may be officially adopted.<br>(Cannot be traded)",6,5,1,2,0,0,2,0,0,0,0,0,0
